timestamp,slave_address,function_code,function_name,address_unit_1,quantity_unit_1,count_unit_1,mininum_value_register,maximum_value_register,median_value_register,total_value_register,zeros_count_register,address_unit_2,quantity_unit_2,crc_calculated
2026-08-23 00:17:33.210,1,16,Write Multiple Registers,2835,3,6,109,255,247,611,28,-1,-1,30230
2026-08-23 00:17:33.233,1,3,Read Holding Registers,1200,5,-1,-1,-1,-1,-1,-1,-1,-1,7813
2026-08-23 00:17:33.254,1,3,Read Holding Registers,2560,0,-1,-1,-1,-1,-1,-1,-1,-1,46628
2026-08-23 00:17:33.697,1,1,Read Coils,25,3,-1,-1,-1,-1,-1,-1,-1,-1,52397
2026-08-23 00:17:33.708,1,1,Read Coils,256,20872,-1,-1,-1,-1,-1,-1,-1,-1,34897
2026-08-23 00:17:34.198,1,2,Read Discrete Inputs,4,12,-1,-1,-1,-1,-1,-1,-1,-1,52793
2026-08-23 00:17:34.210,1,2,Read Discrete Inputs,513,184,-1,-1,-1,-1,-1,-1,-1,-1,10424
2026-08-23 00:17:34.700,1,3,Read Holding Registers,1260,12,-1,-1,-1,-1,-1,-1,-1,-1,2693
2026-08-23 00:17:34.742,1,3,Read Holding Registers,6183,3840,-1,-1,-1,-1,-1,-1,-1,-1,38056
2026-08-23 00:17:35.201,1,4,Read Input Registers,86,3,-1,-1,-1,-1,-1,-1,-1,-1,6992
2026-08-23 00:17:35.212,1,4,Read Input Registers,1538,47616,-1,-1,-1,-1,-1,-1,-1,-1,43704
2026-08-23 00:17:35.702,1,5,Write Single Coil,9012,65280,-1,-1,-1,-1,-1,-1,-1,-1,28870
2026-08-23 00:17:35.714,1,5,Write Single Coil,9012,65280,-1,-1,-1,-1,-1,-1,-1,-1,28870
2026-08-23 00:17:36.153,1,6,Write Single Register,1276,-1,-1,1561,1561,1561,1561,11,-1,-1,41098
2026-08-23 00:17:36.165,1,6,Write Single Register,1276,-1,-1,1561,1561,1561,1561,11,-1,-1,41098
2026-08-23 00:17:36.707,1,16,Write Multiple Registers,2835,3,6,109,248,217,574,33,-1,-1,45759
2026-08-23 00:17:36.730,1,3,Read Holding Registers,1200,5,-1,-1,-1,-1,-1,-1,-1,-1,7813
2026-08-23 00:17:36.752,1,3,Read Holding Registers,2560,0,-1,-1,-1,-1,-1,-1,-1,-1,46628
2026-08-23 00:17:37.201,1,1,Read Coils,25,3,-1,-1,-1,-1,-1,-1,-1,-1,52397
2026-08-23 00:17:37.213,1,1,Read Coils,256,20872,-1,-1,-1,-1,-1,-1,-1,-1,34897
2026-08-23 00:17:37.703,1,2,Read Discrete Inputs,4,12,-1,-1,-1,-1,-1,-1,-1,-1,52793
2026-08-23 00:17:37.714,1,2,Read Discrete Inputs,512,185,-1,-1,-1,-1,-1,-1,-1,-1,47289
2026-08-23 00:17:38.195,1,3,Read Holding Registers,1260,12,-1,-1,-1,-1,-1,-1,-1,-1,2693
2026-08-23 00:17:38.237,1,3,Read Holding Registers,6183,3840,-1,-1,-1,-1,-1,-1,-1,-1,38056
2026-08-23 00:17:38.697,1,4,Read Input Registers,86,3,-1,-1,-1,-1,-1,-1,-1,-1,6992
2026-08-23 00:17:38.719,1,4,Read Input Registers,1538,59904,-1,-1,-1,-1,-1,-1,-1,-1,42616
2026-08-23 00:17:40.206,1,16,Write Multiple Registers,2835,3,6,107,247,245,599,30,-1,-1,28790
2026-08-23 00:17:40.229,1,3,Read Holding Registers,1200,5,-1,-1,-1,-1,-1,-1,-1,-1,7813
2026-08-23 00:17:40.261,1,3,Read Holding Registers,2560,0,-1,-1,-1,-1,-1,-1,-1,-1,46628
2026-08-23 00:17:40.699,1,1,Read Coils,25,3,-1,-1,-1,-1,-1,-1,-1,-1,52397
2026-08-23 00:17:40.710,1,1,Read Coils,256,20872,-1,-1,-1,-1,-1,-1,-1,-1,34897
2026-08-23 00:17:41.199,1,2,Read Discrete Inputs,4,12,-1,-1,-1,-1,-1,-1,-1,-1,52793
2026-08-23 00:17:41.210,1,2,Read Discrete Inputs,513,184,-1,-1,-1,-1,-1,-1,-1,-1,10424
2026-08-23 00:17:41.699,1,3,Read Holding Registers,1260,12,-1,-1,-1,-1,-1,-1,-1,-1,2693
2026-08-23 00:17:41.741,1,3,Read Holding Registers,6183,3840,-1,-1,-1,-1,-1,-1,-1,-1,38056
2026-08-23 00:17:42.200,1,4,Read Input Registers,86,3,-1,-1,-1,-1,-1,-1,-1,-1,6992
2026-08-23 00:17:42.212,1,4,Read Input Registers,1537,50176,-1,-1,-1,-1,-1,-1,-1,-1,37776
2026-08-23 00:17:43.707,1,16,Write Multiple Registers,2835,3,6,101,249,247,597,31,-1,-1,46615
2026-08-23 00:17:43.731,1,3,Read Holding Registers,1200,5,-1,-1,-1,-1,-1,-1,-1,-1,7813
2026-08-23 00:17:43.752,1,3,Read Holding Registers,2560,0,-1,-1,-1,-1,-1,-1,-1,-1,46628
2026-08-23 00:17:44.201,1,1,Read Coils,25,3,-1,-1,-1,-1,-1,-1,-1,-1,52397
2026-08-23 00:17:44.213,1,1,Read Coils,256,20872,-1,-1,-1,-1,-1,-1,-1,-1,34897
2026-08-23 00:17:44.703,1,2,Read Discrete Inputs,4,12,-1,-1,-1,-1,-1,-1,-1,-1,52793
2026-08-23 00:17:44.714,1,2,Read Discrete Inputs,513,184,-1,-1,-1,-1,-1,-1,-1,-1,10424
2026-08-23 00:17:45.203,1,3,Read Holding Registers,1260,12,-1,-1,-1,-1,-1,-1,-1,-1,2693
2026-08-23 00:17:45.235,1,3,Read Holding Registers,6183,3840,-1,-1,-1,-1,-1,-1,-1,-1,38056
2026-08-23 00:17:45.704,1,4,Read Input Registers,86,3,-1,-1,-1,-1,-1,-1,-1,-1,6992
2026-08-23 00:17:45.715,1,4,Read Input Registers,1536,64512,-1,-1,-1,-1,-1,-1,-1,-1,34608
2026-08-23 00:17:46.703,1,6,Write Single Register,321,-1,-1,36,36,36,36,14,-1,-1,14808
2026-08-23 00:17:46.715,1,6,Write Single Register,321,-1,-1,36,36,36,36,14,-1,-1,14808
2026-08-23 00:17:47.204,1,16,Write Multiple Registers,2835,3,6,100,247,246,593,32,-1,-1,29190
2026-08-23 00:17:47.237,1,3,Read Holding Registers,1200,5,-1,-1,-1,-1,-1,-1,-1,-1,7813
2026-08-23 00:17:47.259,1,3,Read Holding Registers,2560,0,-1,-1,-1,-1,-1,-1,-1,-1,46628
2026-08-23 00:17:47.697,1,1,Read Coils,25,3,-1,-1,-1,-1,-1,-1,-1,-1,52397
2026-08-23 00:17:47.709,1,1,Read Coils,256,20872,-1,-1,-1,-1,-1,-1,-1,-1,34897
2026-08-23 00:17:48.199,1,2,Read Discrete Inputs,4,12,-1,-1,-1,-1,-1,-1,-1,-1,52793
2026-08-23 00:17:48.210,1,2,Read Discrete Inputs,513,184,-1,-1,-1,-1,-1,-1,-1,-1,10424
2026-08-23 00:17:48.700,1,3,Read Holding Registers,1260,12,-1,-1,-1,-1,-1,-1,-1,-1,2693
2026-08-23 00:17:48.742,1,3,Read Holding Registers,6183,3840,-1,-1,-1,-1,-1,-1,-1,-1,38056
2026-08-23 00:17:49.201,1,4,Read Input Registers,86,3,-1,-1,-1,-1,-1,-1,-1,-1,6992
2026-08-23 00:17:49.213,1,4,Read Input Registers,1539,24832,-1,-1,-1,-1,-1,-1,-1,-1,26845
2026-08-23 00:17:50.710,1,16,Write Multiple Registers,2835,3,6,109,254,237,600,30,-1,-1,29838
2026-08-23 00:17:50.732,1,3,Read Holding Registers,1200,5,-1,-1,-1,-1,-1,-1,-1,-1,7813
2026-08-23 00:17:50.754,1,3,Read Holding Registers,2560,0,-1,-1,-1,-1,-1,-1,-1,-1,46628
2026-08-23 00:17:50.816,1,6,Write Single Register,1272,-1,-1,880,880,880,880,11,-1,-1,7944
2026-08-23 00:17:50.827,1,6,Write Single Register,1272,-1,-1,880,880,880,880,11,-1,-1,7944
2026-08-23 00:17:51.204,1,1,Read Coils,25,3,-1,-1,-1,-1,-1,-1,-1,-1,52397
2026-08-23 00:17:51.216,1,1,Read Coils,256,20872,-1,-1,-1,-1,-1,-1,-1,-1,34897
2026-08-23 00:17:51.696,1,2,Read Discrete Inputs,4,12,-1,-1,-1,-1,-1,-1,-1,-1,52793
2026-08-23 00:17:51.707,1,2,Read Discrete Inputs,513,184,-1,-1,-1,-1,-1,-1,-1,-1,10424
2026-08-23 00:17:52.197,1,3,Read Holding Registers,1260,12,-1,-1,-1,-1,-1,-1,-1,-1,2693
2026-08-23 00:17:52.240,1,3,Read Holding Registers,6183,3840,-1,-1,-1,-1,-1,-1,-1,-1,38056
2026-08-23 00:17:52.698,1,4,Read Input Registers,86,3,-1,-1,-1,-1,-1,-1,-1,-1,6992
2026-08-23 00:17:52.720,1,4,Read Input Registers,1537,56576,-1,-1,-1,-1,-1,-1,-1,-1,20877
2026-08-23 00:17:54.205,1,16,Write Multiple Registers,2835,3,6,116,258,235,609,36,-1,-1,25302
2026-08-23 00:17:54.239,1,3,Read Holding Registers,1200,5,-1,-1,-1,-1,-1,-1,-1,-1,7813
2026-08-23 00:17:54.261,1,3,Read Holding Registers,2560,0,-1,-1,-1,-1,-1,-1,-1,-1,46628
2026-08-23 00:17:54.699,1,1,Read Coils,25,3,-1,-1,-1,-1,-1,-1,-1,-1,52397
2026-08-23 00:17:54.710,1,1,Read Coils,256,20872,-1,-1,-1,-1,-1,-1,-1,-1,34897
2026-08-23 00:17:55.199,1,2,Read Discrete Inputs,4,12,-1,-1,-1,-1,-1,-1,-1,-1,52793
2026-08-23 00:17:55.211,1,2,Read Discrete Inputs,512,185,-1,-1,-1,-1,-1,-1,-1,-1,47289
2026-08-23 00:17:55.700,1,3,Read Holding Registers,1260,12,-1,-1,-1,-1,-1,-1,-1,-1,2693
2026-08-23 00:17:55.742,1,3,Read Holding Registers,6183,3840,-1,-1,-1,-1,-1,-1,-1,-1,38056
2026-08-23 00:17:56.200,1,4,Read Input Registers,86,3,-1,-1,-1,-1,-1,-1,-1,-1,6992
2026-08-23 00:17:56.212,1,4,Read Input Registers,1536,33792,-1,-1,-1,-1,-1,-1,-1,-1,36240
2026-08-23 00:17:57.707,1,16,Write Multiple Registers,2835,3,6,113,244,242,599,34,-1,-1,30554
2026-08-23 00:17:57.730,1,3,Read Holding Registers,1200,5,-1,-1,-1,-1,-1,-1,-1,-1,7813
2026-08-23 00:17:57.751,1,3,Read Holding Registers,2560,0,-1,-1,-1,-1,-1,-1,-1,-1,46628
2026-08-23 00:17:58.199,1,1,Read Coils,25,3,-1,-1,-1,-1,-1,-1,-1,-1,52397
2026-08-23 00:17:58.211,1,1,Read Coils,256,20872,-1,-1,-1,-1,-1,-1,-1,-1,34897
2026-08-23 00:17:58.700,1,2,Read Discrete Inputs,4,12,-1,-1,-1,-1,-1,-1,-1,-1,52793
2026-08-23 00:17:58.712,1,2,Read Discrete Inputs,512,185,-1,-1,-1,-1,-1,-1,-1,-1,47289
2026-08-23 00:17:59.201,1,3,Read Holding Registers,1260,12,-1,-1,-1,-1,-1,-1,-1,-1,2693
2026-08-23 00:17:59.243,1,3,Read Holding Registers,6183,3840,-1,-1,-1,-1,-1,-1,-1,-1,38056
2026-08-23 00:17:59.702,1,4,Read Input Registers,86,3,-1,-1,-1,-1,-1,-1,-1,-1,6992
2026-08-23 00:17:59.713,1,4,Read Input Registers,1539,44544,-1,-1,-1,-1,-1,-1,-1,-1,30857
2026-08-23 00:18:00.579,1,6,Write Single Register,1261,-1,-1,30,30,30,30,12,-1,-1,51096
2026-08-23 00:18:00.590,1,6,Write Single Register,1261,-1,-1,30,30,30,30,12,-1,-1,51096
2026-08-23 00:18:01.211,1,16,Write Multiple Registers,2835,3,6,107,245,219,571,31,-1,-1,46823
2026-08-23 00:18:01.234,1,3,Read Holding Registers,1200,5,-1,-1,-1,-1,-1,-1,-1,-1,7813
2026-08-23 00:18:01.255,1,3,Read Holding Registers,2560,0,-1,-1,-1,-1,-1,-1,-1,-1,46628
2026-08-23 00:18:01.704,1,1,Read Coils,25,3,-1,-1,-1,-1,-1,-1,-1,-1,52397
2026-08-23 00:18:01.715,1,1,Read Coils,256,20872,-1,-1,-1,-1,-1,-1,-1,-1,34897
2026-08-23 00:18:02.195,1,2,Read Discrete Inputs,4,12,-1,-1,-1,-1,-1,-1,-1,-1,52793
2026-08-23 00:18:02.217,1,2,Read Discrete Inputs,513,184,-1,-1,-1,-1,-1,-1,-1,-1,10424
2026-08-23 00:18:02.697,1,3,Read Holding Registers,1260,12,-1,-1,-1,-1,-1,-1,-1,-1,2693
2026-08-23 00:18:02.739,1,3,Read Holding Registers,6183,3840,-1,-1,-1,-1,-1,-1,-1,-1,3377
2026-08-23 00:18:03.197,1,4,Read Input Registers,86,3,-1,-1,-1,-1,-1,-1,-1,-1,6992
2026-08-23 00:18:03.219,1,4,Read Input Registers,1539,25600,-1,-1,-1,-1,-1,-1,-1,-1,26641
2026-08-23 00:18:04.707,1,16,Write Multiple Registers,2835,3,6,104,248,215,567,34,-1,-1,29382
2026-08-23 00:18:04.739,1,3,Read Holding Registers,1200,5,-1,-1,-1,-1,-1,-1,-1,-1,7813
2026-08-23 00:18:04.760,1,3,Read Holding Registers,2560,0,-1,-1,-1,-1,-1,-1,-1,-1,46628
2026-08-23 00:18:05.199,1,1,Read Coils,25,3,-1,-1,-1,-1,-1,-1,-1,-1,52397
2026-08-23 00:18:05.210,1,1,Read Coils,256,20872,-1,-1,-1,-1,-1,-1,-1,-1,34897
2026-08-23 00:18:05.702,1,2,Read Discrete Inputs,4,12,-1,-1,-1,-1,-1,-1,-1,-1,52793
2026-08-23 00:18:05.713,1,2,Read Discrete Inputs,513,184,-1,-1,-1,-1,-1,-1,-1,-1,10424
2026-08-23 00:18:06.196,1,3,Read Holding Registers,1260,12,-1,-1,-1,-1,-1,-1,-1,-1,2693
2026-08-23 00:18:06.238,1,3,Read Holding Registers,6183,3840,-1,-1,-1,-1,-1,-1,-1,-1,3377
2026-08-23 00:18:06.703,1,4,Read Input Registers,86,3,-1,-1,-1,-1,-1,-1,-1,-1,6992
2026-08-23 00:18:06.715,1,4,Read Input Registers,1538,57088,-1,-1,-1,-1,-1,-1,-1,-1,41716
2026-08-23 00:18:07.197,1,5,Write Single Coil,9012,0,-1,-1,-1,-1,-1,-1,-1,-1,32903
2026-08-23 00:18:07.208,1,5,Write Single Coil,9012,0,-1,-1,-1,-1,-1,-1,-1,-1,32903
2026-08-23 00:18:08.211,1,16,Write Multiple Registers,2835,3,6,107,243,208,558,34,-1,-1,30146
2026-08-23 00:18:08.234,1,3,Read Holding Registers,1200,5,-1,-1,-1,-1,-1,-1,-1,-1,7813
2026-08-23 00:18:08.256,1,3,Read Holding Registers,2560,0,-1,-1,-1,-1,-1,-1,-1,-1,46628
2026-08-23 00:18:08.698,1,1,Read Coils,25,3,-1,-1,-1,-1,-1,-1,-1,-1,52397
2026-08-23 00:18:08.710,1,1,Read Coils,256,20872,-1,-1,-1,-1,-1,-1,-1,-1,34897
2026-08-23 00:18:09.204,1,2,Read Discrete Inputs,4,12,-1,-1,-1,-1,-1,-1,-1,-1,52793
2026-08-23 00:18:09.215,1,2,Read Discrete Inputs,512,185,-1,-1,-1,-1,-1,-1,-1,-1,47289
2026-08-23 00:18:09.698,1,3,Read Holding Registers,1260,12,-1,-1,-1,-1,-1,-1,-1,-1,2693
2026-08-23 00:18:09.740,1,3,Read Holding Registers,6183,3840,-1,-1,-1,-1,-1,-1,-1,-1,3377
2026-08-23 00:18:10.200,1,4,Read Input Registers,86,3,-1,-1,-1,-1,-1,-1,-1,-1,6992
2026-08-23 00:18:10.221,1,4,Read Input Registers,1536,54016,-1,-1,-1,-1,-1,-1,-1,-1,16869
2026-08-23 00:18:11.705,1,16,Write Multiple Registers,2835,3,6,102,249,235,586,32,-1,-1,29750
2026-08-23 00:18:11.737,1,3,Read Holding Registers,1200,5,-1,-1,-1,-1,-1,-1,-1,-1,7813
2026-08-23 00:18:11.758,1,3,Read Holding Registers,2560,0,-1,-1,-1,-1,-1,-1,-1,-1,46628
2026-08-23 00:18:12.199,1,1,Read Coils,25,3,-1,-1,-1,-1,-1,-1,-1,-1,52397
2026-08-23 00:18:12.210,1,1,Read Coils,256,20872,-1,-1,-1,-1,-1,-1,-1,-1,34897
2026-08-23 00:18:12.701,1,2,Read Discrete Inputs,4,12,-1,-1,-1,-1,-1,-1,-1,-1,52793
2026-08-23 00:18:12.712,1,2,Read Discrete Inputs,513,184,-1,-1,-1,-1,-1,-1,-1,-1,10424
2026-08-23 00:18:13.203,1,3,Read Holding Registers,1260,12,-1,-1,-1,-1,-1,-1,-1,-1,2693
2026-08-23 00:18:13.234,1,3,Read Holding Registers,6183,3840,-1,-1,-1,-1,-1,-1,-1,-1,3377
2026-08-23 00:18:13.705,1,4,Read Input Registers,86,3,-1,-1,-1,-1,-1,-1,-1,-1,6992
2026-08-23 00:18:13.716,1,4,Read Input Registers,1539,25856,-1,-1,-1,-1,-1,-1,-1,-1,43052
2026-08-23 00:18:15.154,1,6,Write Single Register,1261,-1,-1,31,31,31,31,11,-1,-1,1881
2026-08-23 00:18:15.165,1,6,Write Single Register,1261,-1,-1,31,31,31,31,11,-1,-1,1881
2026-08-23 00:18:15.207,1,16,Write Multiple Registers,2835,3,6,114,241,206,561,34,-1,-1,28986
2026-08-23 00:18:15.230,1,3,Read Holding Registers,1200,5,-1,-1,-1,-1,-1,-1,-1,-1,7813
2026-08-23 00:18:15.252,1,3,Read Holding Registers,2560,0,-1,-1,-1,-1,-1,-1,-1,-1,46628
2026-08-23 00:18:15.701,1,1,Read Coils,25,3,-1,-1,-1,-1,-1,-1,-1,-1,52397
2026-08-23 00:18:15.712,1,1,Read Coils,256,20872,-1,-1,-1,-1,-1,-1,-1,-1,34897
2026-08-23 00:18:16.202,1,2,Read Discrete Inputs,4,12,-1,-1,-1,-1,-1,-1,-1,-1,52793
2026-08-23 00:18:16.213,1,2,Read Discrete Inputs,512,185,-1,-1,-1,-1,-1,-1,-1,-1,47289
2026-08-23 00:18:16.703,1,3,Read Holding Registers,1260,12,-1,-1,-1,-1,-1,-1,-1,-1,2693
2026-08-23 00:18:16.735,1,3,Read Holding Registers,6183,3840,-1,-1,-1,-1,-1,-1,-1,-1,56353
2026-08-23 00:18:17.203,1,4,Read Input Registers,86,3,-1,-1,-1,-1,-1,-1,-1,-1,6992
2026-08-23 00:18:17.215,1,4,Read Input Registers,1537,29440,-1,-1,-1,-1,-1,-1,-1,-1,35172
2026-08-23 00:18:18.710,1,16,Write Multiple Registers,2835,3,6,101,240,231,572,34,-1,-1,29462
2026-08-23 00:18:18.733,1,3,Read Holding Registers,1200,5,-1,-1,-1,-1,-1,-1,-1,-1,7813
2026-08-23 00:18:18.754,1,3,Read Holding Registers,2560,0,-1,-1,-1,-1,-1,-1,-1,-1,46628
2026-08-23 00:18:19.203,1,1,Read Coils,25,3,-1,-1,-1,-1,-1,-1,-1,-1,52397
2026-08-23 00:18:19.214,1,1,Read Coils,256,20872,-1,-1,-1,-1,-1,-1,-1,-1,34897
2026-08-23 00:18:19.704,1,2,Read Discrete Inputs,4,12,-1,-1,-1,-1,-1,-1,-1,-1,52793
2026-08-23 00:18:19.715,1,2,Read Discrete Inputs,513,184,-1,-1,-1,-1,-1,-1,-1,-1,10424
2026-08-23 00:18:20.204,1,3,Read Holding Registers,1260,12,-1,-1,-1,-1,-1,-1,-1,-1,2693
2026-08-23 00:18:20.236,1,3,Read Holding Registers,6183,3840,-1,-1,-1,-1,-1,-1,-1,-1,56353
2026-08-23 00:18:20.705,1,4,Read Input Registers,86,3,-1,-1,-1,-1,-1,-1,-1,-1,6992
2026-08-23 00:18:20.716,1,4,Read Input Registers,1538,7168,-1,-1,-1,-1,-1,-1,-1,-1,46000
2026-08-23 00:18:21.204,1,5,Write Single Coil,9012,65280,-1,-1,-1,-1,-1,-1,-1,-1,28870
2026-08-23 00:18:21.216,1,5,Write Single Coil,9012,65280,-1,-1,-1,-1,-1,-1,-1,-1,28870
2026-08-23 00:18:22.205,1,16,Write Multiple Registers,2835,3,6,103,258,200,561,38,-1,-1,24802
2026-08-23 00:18:22.238,1,3,Read Holding Registers,1200,5,-1,-1,-1,-1,-1,-1,-1,-1,7813
2026-08-23 00:18:22.259,1,3,Read Holding Registers,2560,0,-1,-1,-1,-1,-1,-1,-1,-1,46628
2026-08-23 00:18:22.699,1,1,Read Coils,25,3,-1,-1,-1,-1,-1,-1,-1,-1,52397
2026-08-23 00:18:22.711,1,1,Read Coils,256,20872,-1,-1,-1,-1,-1,-1,-1,-1,34897
2026-08-23 00:18:23.200,1,2,Read Discrete Inputs,4,12,-1,-1,-1,-1,-1,-1,-1,-1,52793
2026-08-23 00:18:23.212,1,2,Read Discrete Inputs,513,184,-1,-1,-1,-1,-1,-1,-1,-1,10424
2026-08-23 00:18:23.701,1,3,Read Holding Registers,1260,12,-1,-1,-1,-1,-1,-1,-1,-1,2693
2026-08-23 00:18:23.744,1,3,Read Holding Registers,6183,3840,-1,-1,-1,-1,-1,-1,-1,-1,56353
2026-08-23 00:18:24.203,1,4,Read Input Registers,86,3,-1,-1,-1,-1,-1,-1,-1,-1,6992
2026-08-23 00:18:24.215,1,4,Read Input Registers,1537,28416,-1,-1,-1,-1,-1,-1,-1,-1,19381
2026-08-23 00:18:25.203,1,6,Write Single Register,321,-1,-1,32,32,32,32,15,-1,-1,64217
2026-08-23 00:18:25.215,1,6,Write Single Register,321,-1,-1,32,32,32,32,15,-1,-1,64217
2026-08-23 00:18:25.707,1,16,Write Multiple Registers,2835,3,6,113,243,235,591,32,-1,-1,30470
2026-08-23 00:18:25.740,1,3,Read Holding Registers,1200,5,-1,-1,-1,-1,-1,-1,-1,-1,7813
2026-08-23 00:18:25.762,1,3,Read Holding Registers,2560,0,-1,-1,-1,-1,-1,-1,-1,-1,46628
2026-08-23 00:18:26.201,1,1,Read Coils,25,3,-1,-1,-1,-1,-1,-1,-1,-1,52397
2026-08-23 00:18:26.212,1,1,Read Coils,256,20872,-1,-1,-1,-1,-1,-1,-1,-1,34897
2026-08-23 00:18:26.702,1,2,Read Discrete Inputs,4,12,-1,-1,-1,-1,-1,-1,-1,-1,52793
2026-08-23 00:18:26.714,1,2,Read Discrete Inputs,512,185,-1,-1,-1,-1,-1,-1,-1,-1,47289
2026-08-23 00:18:27.203,1,3,Read Holding Registers,1260,12,-1,-1,-1,-1,-1,-1,-1,-1,2693
2026-08-23 00:18:27.235,1,3,Read Holding Registers,6183,3840,-1,-1,-1,-1,-1,-1,-1,-1,56353
2026-08-23 00:18:27.695,1,4,Read Input Registers,86,3,-1,-1,-1,-1,-1,-1,-1,-1,6992
2026-08-23 00:18:27.717,1,4,Read Input Registers,1539,35584,-1,-1,-1,-1,-1,-1,-1,-1,49092
2026-08-23 00:18:27.840,1,6,Write Single Register,1261,-1,-1,31,31,31,31,11,-1,-1,1881
2026-08-23 00:18:27.852,1,6,Write Single Register,1261,-1,-1,31,31,31,31,11,-1,-1,1881
2026-08-23 00:18:28.698,1,6,Write Single Register,321,-1,-1,31,31,31,31,11,-1,-1,60057
2026-08-23 00:18:28.719,1,6,Write Single Register,321,-1,-1,31,31,31,31,11,-1,-1,60057
2026-08-23 00:18:29.209,1,16,Write Multiple Registers,2835,3,6,110,253,205,568,31,-1,-1,45759
2026-08-23 00:18:29.232,1,3,Read Holding Registers,1200,5,-1,-1,-1,-1,-1,-1,-1,-1,7813
2026-08-23 00:18:29.254,1,3,Read Holding Registers,2560,0,-1,-1,-1,-1,-1,-1,-1,-1,46628
2026-08-23 00:18:29.702,1,1,Read Coils,25,3,-1,-1,-1,-1,-1,-1,-1,-1,52397
2026-08-23 00:18:29.713,1,1,Read Coils,256,20872,-1,-1,-1,-1,-1,-1,-1,-1,34897
2026-08-23 00:18:30.203,1,2,Read Discrete Inputs,4,12,-1,-1,-1,-1,-1,-1,-1,-1,52793
2026-08-23 00:18:30.214,1,2,Read Discrete Inputs,512,185,-1,-1,-1,-1,-1,-1,-1,-1,47289
2026-08-23 00:18:30.704,1,3,Read Holding Registers,1260,12,-1,-1,-1,-1,-1,-1,-1,-1,2693
2026-08-23 00:18:30.736,1,3,Read Holding Registers,6183,3840,-1,-1,-1,-1,-1,-1,-1,-1,56353
2026-08-23 00:18:31.196,1,4,Read Input Registers,86,3,-1,-1,-1,-1,-1,-1,-1,-1,6992
2026-08-23 00:18:31.218,1,4,Read Input Registers,1536,49408,-1,-1,-1,-1,-1,-1,-1,-1,16989
2026-08-23 00:18:31.698,1,5,Write Single Coil,9012,65280,-1,-1,-1,-1,-1,-1,-1,-1,28870
2026-08-23 00:18:31.719,1,5,Write Single Coil,9012,65280,-1,-1,-1,-1,-1,-1,-1,-1,28870
2026-08-23 00:18:32.707,1,16,Write Multiple Registers,2835,3,6,107,259,220,586,35,-1,-1,41171
2026-08-23 00:18:32.740,1,3,Read Holding Registers,1200,5,-1,-1,-1,-1,-1,-1,-1,-1,7813
2026-08-23 00:18:32.761,1,3,Read Holding Registers,2560,0,-1,-1,-1,-1,-1,-1,-1,-1,46628
2026-08-23 00:18:33.200,1,1,Read Coils,25,3,-1,-1,-1,-1,-1,-1,-1,-1,52397
2026-08-23 00:18:33.211,1,1,Read Coils,256,20872,-1,-1,-1,-1,-1,-1,-1,-1,34897
2026-08-23 00:18:33.702,1,2,Read Discrete Inputs,4,12,-1,-1,-1,-1,-1,-1,-1,-1,52793
2026-08-23 00:18:33.714,1,2,Read Discrete Inputs,512,185,-1,-1,-1,-1,-1,-1,-1,-1,47289
2026-08-23 00:18:34.204,1,3,Read Holding Registers,1260,12,-1,-1,-1,-1,-1,-1,-1,-1,2693
2026-08-23 00:18:34.236,1,3,Read Holding Registers,6183,3840,-1,-1,-1,-1,-1,-1,-1,-1,56353
2026-08-23 00:18:34.696,1,4,Read Input Registers,86,3,-1,-1,-1,-1,-1,-1,-1,-1,6992
2026-08-23 00:18:34.717,1,4,Read Input Registers,1537,57344,-1,-1,-1,-1,-1,-1,-1,-1,38112
2026-08-23 00:18:36.213,1,16,Write Multiple Registers,2835,3,6,100,244,211,555,35,-1,-1,46327
2026-08-23 00:18:36.235,1,3,Read Holding Registers,1200,5,-1,-1,-1,-1,-1,-1,-1,-1,7813
2026-08-23 00:18:36.257,1,3,Read Holding Registers,2560,0,-1,-1,-1,-1,-1,-1,-1,-1,46628
2026-08-23 00:18:36.705,1,1,Read Coils,25,3,-1,-1,-1,-1,-1,-1,-1,-1,52397
2026-08-23 00:18:36.716,1,1,Read Coils,256,20872,-1,-1,-1,-1,-1,-1,-1,-1,34897
2026-08-23 00:18:37.205,1,2,Read Discrete Inputs,4,12,-1,-1,-1,-1,-1,-1,-1,-1,52793
2026-08-23 00:18:37.217,1,2,Read Discrete Inputs,512,185,-1,-1,-1,-1,-1,-1,-1,-1,47289
2026-08-23 00:18:37.697,1,3,Read Holding Registers,1260,12,-1,-1,-1,-1,-1,-1,-1,-1,2693
2026-08-23 00:18:37.739,1,3,Read Holding Registers,6183,3840,-1,-1,-1,-1,-1,-1,-1,-1,56353
2026-08-23 00:18:37.862,1,6,Write Single Register,1278,-1,-1,1969,1969,1969,1969,9,-1,-1,20011
2026-08-23 00:18:37.884,1,6,Write Single Register,1278,-1,-1,1969,1969,1969,1969,9,-1,-1,20011
2026-08-23 00:18:38.200,1,4,Read Input Registers,86,3,-1,-1,-1,-1,-1,-1,-1,-1,6992
2026-08-23 00:18:38.221,1,4,Read Input Registers,1539,30720,-1,-1,-1,-1,-1,-1,-1,-1,43712
2026-08-23 00:18:38.700,1,5,Write Single Coil,9012,0,-1,-1,-1,-1,-1,-1,-1,-1,32903
2026-08-23 00:18:38.712,1,5,Write Single Coil,9012,0,-1,-1,-1,-1,-1,-1,-1,-1,32903
2026-08-23 00:18:39.710,1,16,Write Multiple Registers,2835,3,6,112,253,234,599,33,-1,-1,46059
2026-08-23 00:18:39.733,1,3,Read Holding Registers,1200,5,-1,-1,-1,-1,-1,-1,-1,-1,7813
2026-08-23 00:18:39.754,1,3,Read Holding Registers,2560,0,-1,-1,-1,-1,-1,-1,-1,-1,46628
2026-08-23 00:18:40.203,1,1,Read Coils,25,3,-1,-1,-1,-1,-1,-1,-1,-1,52397
2026-08-23 00:18:40.214,1,1,Read Coils,256,20872,-1,-1,-1,-1,-1,-1,-1,-1,34897
2026-08-23 00:18:40.704,1,2,Read Discrete Inputs,4,12,-1,-1,-1,-1,-1,-1,-1,-1,52793
2026-08-23 00:18:40.715,1,2,Read Discrete Inputs,513,184,-1,-1,-1,-1,-1,-1,-1,-1,10424
2026-08-23 00:18:41.204,1,3,Read Holding Registers,1260,12,-1,-1,-1,-1,-1,-1,-1,-1,2693
2026-08-23 00:18:41.236,1,3,Read Holding Registers,6183,3840,-1,-1,-1,-1,-1,-1,-1,-1,56353
2026-08-23 00:18:41.705,1,4,Read Input Registers,86,3,-1,-1,-1,-1,-1,-1,-1,-1,6992
2026-08-23 00:18:41.717,1,4,Read Input Registers,1537,14848,-1,-1,-1,-1,-1,-1,-1,-1,18361
2026-08-23 00:18:43.212,1,16,Write Multiple Registers,2835,3,6,119,244,217,580,32,-1,-1,28830
2026-08-23 00:18:43.235,1,3,Read Holding Registers,1200,5,-1,-1,-1,-1,-1,-1,-1,-1,7813
2026-08-23 00:18:43.256,1,3,Read Holding Registers,2560,0,-1,-1,-1,-1,-1,-1,-1,-1,46628
2026-08-23 00:18:43.705,1,1,Read Coils,25,3,-1,-1,-1,-1,-1,-1,-1,-1,52397
2026-08-23 00:18:43.716,1,1,Read Coils,256,20872,-1,-1,-1,-1,-1,-1,-1,-1,34897
2026-08-23 00:18:44.205,1,2,Read Discrete Inputs,4,12,-1,-1,-1,-1,-1,-1,-1,-1,52793
2026-08-23 00:18:44.216,1,2,Read Discrete Inputs,512,185,-1,-1,-1,-1,-1,-1,-1,-1,47289
2026-08-23 00:18:44.696,1,3,Read Holding Registers,1260,12,-1,-1,-1,-1,-1,-1,-1,-1,2693
2026-08-23 00:18:44.739,1,3,Read Holding Registers,6183,3840,-1,-1,-1,-1,-1,-1,-1,-1,56353
2026-08-23 00:18:45.198,1,4,Read Input Registers,86,3,-1,-1,-1,-1,-1,-1,-1,-1,6992
2026-08-23 00:18:45.220,1,4,Read Input Registers,1538,12544,-1,-1,-1,-1,-1,-1,-1,-1,46364
2026-08-23 00:18:46.707,1,16,Write Multiple Registers,2835,3,6,103,256,243,602,36,-1,-1,25734
2026-08-23 00:18:46.741,1,3,Read Holding Registers,1200,5,-1,-1,-1,-1,-1,-1,-1,-1,7813
2026-08-23 00:18:46.762,1,3,Read Holding Registers,2560,0,-1,-1,-1,-1,-1,-1,-1,-1,46628
2026-08-23 00:18:47.200,1,1,Read Coils,25,3,-1,-1,-1,-1,-1,-1,-1,-1,52397
2026-08-23 00:18:47.212,1,1,Read Coils,256,20872,-1,-1,-1,-1,-1,-1,-1,-1,34897
2026-08-23 00:18:47.702,1,2,Read Discrete Inputs,4,12,-1,-1,-1,-1,-1,-1,-1,-1,52793
2026-08-23 00:18:47.714,1,2,Read Discrete Inputs,512,185,-1,-1,-1,-1,-1,-1,-1,-1,47289
2026-08-23 00:18:48.203,1,3,Read Holding Registers,1260,12,-1,-1,-1,-1,-1,-1,-1,-1,2693
2026-08-23 00:18:48.234,1,3,Read Holding Registers,6183,3840,-1,-1,-1,-1,-1,-1,-1,-1,56353
2026-08-23 00:18:48.704,1,4,Read Input Registers,86,3,-1,-1,-1,-1,-1,-1,-1,-1,6992
2026-08-23 00:18:48.716,1,4,Read Input Registers,1536,40704,-1,-1,-1,-1,-1,-1,-1,-1,36852
2026-08-23 00:18:49.704,1,6,Write Single Register,321,-1,-1,42,42,42,42,13,-1,-1,64857
2026-08-23 00:18:49.716,1,6,Write Single Register,321,-1,-1,42,42,42,42,13,-1,-1,64857
2026-08-23 00:18:50.206,1,16,Write Multiple Registers,2835,3,6,116,255,215,586,30,-1,-1,30278
2026-08-23 00:18:50.239,1,3,Read Holding Registers,1200,5,-1,-1,-1,-1,-1,-1,-1,-1,7813
2026-08-23 00:18:50.261,1,3,Read Holding Registers,2560,0,-1,-1,-1,-1,-1,-1,-1,-1,46628
2026-08-23 00:18:50.700,1,1,Read Coils,25,3,-1,-1,-1,-1,-1,-1,-1,-1,52397
2026-08-23 00:18:50.712,1,1,Read Coils,256,20872,-1,-1,-1,-1,-1,-1,-1,-1,34897
2026-08-23 00:18:51.201,1,2,Read Discrete Inputs,4,12,-1,-1,-1,-1,-1,-1,-1,-1,52793
2026-08-23 00:18:51.213,1,2,Read Discrete Inputs,513,184,-1,-1,-1,-1,-1,-1,-1,-1,10424
2026-08-23 00:18:51.692,1,6,Write Single Register,1270,-1,-1,616,616,616,616,12,-1,-1,18024
2026-08-23 00:18:51.704,1,6,Write Single Register,1270,-1,-1,616,616,616,616,12,-1,-1,18024
2026-08-23 00:18:51.715,1,3,Read Holding Registers,1260,12,-1,-1,-1,-1,-1,-1,-1,-1,2693
2026-08-23 00:18:51.757,1,3,Read Holding Registers,6183,3840,-1,-1,-1,-1,-1,-1,-1,-1,7520
2026-08-23 00:18:52.217,1,4,Read Input Registers,86,3,-1,-1,-1,-1,-1,-1,-1,-1,6992
2026-08-23 00:18:52.239,1,4,Read Input Registers,1537,62720,-1,-1,-1,-1,-1,-1,-1,-1,22509
2026-08-23 00:18:53.725,1,16,Write Multiple Registers,2835,3,6,109,256,217,582,37,-1,-1,41151
2026-08-23 00:18:53.758,1,3,Read Holding Registers,1200,5,-1,-1,-1,-1,-1,-1,-1,-1,7813
2026-08-23 00:18:53.780,1,3,Read Holding Registers,2560,0,-1,-1,-1,-1,-1,-1,-1,-1,46628
2026-08-23 00:18:54.219,1,1,Read Coils,25,3,-1,-1,-1,-1,-1,-1,-1,-1,52397
2026-08-23 00:18:54.230,1,1,Read Coils,256,20872,-1,-1,-1,-1,-1,-1,-1,-1,34897
2026-08-23 00:18:54.720,1,2,Read Discrete Inputs,4,12,-1,-1,-1,-1,-1,-1,-1,-1,52793
2026-08-23 00:18:54.732,1,2,Read Discrete Inputs,512,185,-1,-1,-1,-1,-1,-1,-1,-1,47289
2026-08-23 00:18:55.221,1,3,Read Holding Registers,1260,12,-1,-1,-1,-1,-1,-1,-1,-1,2693
2026-08-23 00:18:55.253,1,3,Read Holding Registers,6183,3840,-1,-1,-1,-1,-1,-1,-1,-1,7520
2026-08-23 00:18:55.723,1,4,Read Input Registers,86,3,-1,-1,-1,-1,-1,-1,-1,-1,6992
2026-08-23 00:18:55.735,1,4,Read Input Registers,1539,30464,-1,-1,-1,-1,-1,-1,-1,-1,43924
2026-08-23 00:18:57.232,1,16,Write Multiple Registers,2835,3,6,115,248,216,579,34,-1,-1,29922
2026-08-23 00:18:57.255,1,3,Read Holding Registers,1200,5,-1,-1,-1,-1,-1,-1,-1,-1,7813
2026-08-23 00:18:57.276,1,3,Read Holding Registers,2560,0,-1,-1,-1,-1,-1,-1,-1,-1,46628
2026-08-23 00:18:57.716,1,1,Read Coils,25,3,-1,-1,-1,-1,-1,-1,-1,-1,52397
2026-08-23 00:18:57.728,1,1,Read Coils,256,20872,-1,-1,-1,-1,-1,-1,-1,-1,34897
2026-08-23 00:18:58.218,1,2,Read Discrete Inputs,4,12,-1,-1,-1,-1,-1,-1,-1,-1,52793
2026-08-23 00:18:58.230,1,2,Read Discrete Inputs,513,184,-1,-1,-1,-1,-1,-1,-1,-1,10424
2026-08-23 00:18:58.719,1,3,Read Holding Registers,1260,12,-1,-1,-1,-1,-1,-1,-1,-1,2693
2026-08-23 00:18:58.761,1,3,Read Holding Registers,6183,3840,-1,-1,-1,-1,-1,-1,-1,-1,7520
2026-08-23 00:18:59.219,1,4,Read Input Registers,86,3,-1,-1,-1,-1,-1,-1,-1,-1,6992
2026-08-23 00:18:59.231,1,4,Read Input Registers,1537,30464,-1,-1,-1,-1,-1,-1,-1,-1,18837
2026-08-23 00:19:00.726,1,16,Write Multiple Registers,2835,3,6,109,255,238,602,29,-1,-1,46091
2026-08-23 00:19:00.749,1,3,Read Holding Registers,1200,5,-1,-1,-1,-1,-1,-1,-1,-1,7813
2026-08-23 00:19:00.780,1,3,Read Holding Registers,2560,0,-1,-1,-1,-1,-1,-1,-1,-1,46628
2026-08-23 00:19:01.218,1,1,Read Coils,25,3,-1,-1,-1,-1,-1,-1,-1,-1,52397
2026-08-23 00:19:01.230,1,1,Read Coils,256,20872,-1,-1,-1,-1,-1,-1,-1,-1,34897
2026-08-23 00:19:01.719,1,2,Read Discrete Inputs,4,12,-1,-1,-1,-1,-1,-1,-1,-1,52793
2026-08-23 00:19:01.731,1,2,Read Discrete Inputs,513,184,-1,-1,-1,-1,-1,-1,-1,-1,10424
2026-08-23 00:19:02.220,1,3,Read Holding Registers,1260,12,-1,-1,-1,-1,-1,-1,-1,-1,2693
2026-08-23 00:19:02.262,1,3,Read Holding Registers,6183,3840,-1,-1,-1,-1,-1,-1,-1,-1,7520
2026-08-23 00:19:02.721,1,4,Read Input Registers,86,3,-1,-1,-1,-1,-1,-1,-1,-1,6992
2026-08-23 00:19:02.733,1,4,Read Input Registers,1536,25856,-1,-1,-1,-1,-1,-1,-1,-1,39724
2026-08-23 00:19:03.181,1,6,Write Single Register,1275,-1,-1,1372,1372,1372,1372,10,-1,-1,25338
2026-08-23 00:19:03.193,1,6,Write Single Register,1275,-1,-1,1372,1372,1372,1372,10,-1,-1,25338
2026-08-23 00:19:04.231,1,16,Write Multiple Registers,2835,3,6,104,258,230,592,38,-1,-1,25914
2026-08-23 00:19:04.254,1,3,Read Holding Registers,1200,5,-1,-1,-1,-1,-1,-1,-1,-1,7813
2026-08-23 00:19:04.275,1,3,Read Holding Registers,2560,0,-1,-1,-1,-1,-1,-1,-1,-1,46628
2026-08-23 00:19:04.724,1,1,Read Coils,25,3,-1,-1,-1,-1,-1,-1,-1,-1,52397
2026-08-23 00:19:04.735,1,1,Read Coils,256,20872,-1,-1,-1,-1,-1,-1,-1,-1,34897
2026-08-23 00:19:05.224,1,2,Read Discrete Inputs,4,12,-1,-1,-1,-1,-1,-1,-1,-1,52793
2026-08-23 00:19:05.235,1,2,Read Discrete Inputs,513,184,-1,-1,-1,-1,-1,-1,-1,-1,10424
2026-08-23 00:19:05.715,1,3,Read Holding Registers,1260,12,-1,-1,-1,-1,-1,-1,-1,-1,2693
2026-08-23 00:19:05.757,1,3,Read Holding Registers,6183,3840,-1,-1,-1,-1,-1,-1,-1,-1,7520
2026-08-23 00:19:06.216,1,4,Read Input Registers,86,3,-1,-1,-1,-1,-1,-1,-1,-1,6992
2026-08-23 00:19:06.238,1,4,Read Input Registers,1539,25856,-1,-1,-1,-1,-1,-1,-1,-1,43052
2026-08-23 00:19:07.216,1,6,Write Single Register,321,-1,-1,31,31,31,31,11,-1,-1,60057
2026-08-23 00:19:07.227,1,6,Write Single Register,321,-1,-1,31,31,31,31,11,-1,-1,60057
2026-08-23 00:19:07.727,1,16,Write Multiple Registers,2835,3,6,103,255,246,604,29,-1,-1,46091
2026-08-23 00:19:07.749,1,3,Read Holding Registers,1200,5,-1,-1,-1,-1,-1,-1,-1,-1,7813
2026-08-23 00:19:07.771,1,3,Read Holding Registers,2560,0,-1,-1,-1,-1,-1,-1,-1,-1,46628
2026-08-23 00:19:08.220,1,1,Read Coils,25,3,-1,-1,-1,-1,-1,-1,-1,-1,52397
2026-08-23 00:19:08.231,1,1,Read Coils,256,20872,-1,-1,-1,-1,-1,-1,-1,-1,34897
2026-08-23 00:19:08.721,1,2,Read Discrete Inputs,4,12,-1,-1,-1,-1,-1,-1,-1,-1,52793
2026-08-23 00:19:08.732,1,2,Read Discrete Inputs,513,184,-1,-1,-1,-1,-1,-1,-1,-1,10424
2026-08-23 00:19:09.221,1,3,Read Holding Registers,1260,12,-1,-1,-1,-1,-1,-1,-1,-1,2693
2026-08-23 00:19:09.253,1,3,Read Holding Registers,6183,3840,-1,-1,-1,-1,-1,-1,-1,-1,7520
2026-08-23 00:19:09.714,1,4,Read Input Registers,86,3,-1,-1,-1,-1,-1,-1,-1,-1,6992
2026-08-23 00:19:09.736,1,4,Read Input Registers,1538,6400,-1,-1,-1,-1,-1,-1,-1,-1,45948
2026-08-23 00:19:10.723,1,6,Write Single Register,321,-1,-1,43,43,43,43,12,-1,-1,15768
2026-08-23 00:19:10.734,1,6,Write Single Register,321,-1,-1,43,43,43,43,12,-1,-1,15768
2026-08-23 00:19:11.224,1,16,Write Multiple Registers,2835,3,6,100,242,210,552,36,-1,-1,30282
2026-08-23 00:19:11.257,1,3,Read Holding Registers,1200,5,-1,-1,-1,-1,-1,-1,-1,-1,7813
2026-08-23 00:19:11.279,1,3,Read Holding Registers,2560,0,-1,-1,-1,-1,-1,-1,-1,-1,46628
2026-08-23 00:19:11.718,1,1,Read Coils,25,3,-1,-1,-1,-1,-1,-1,-1,-1,52397
2026-08-23 00:19:11.730,1,1,Read Coils,256,20872,-1,-1,-1,-1,-1,-1,-1,-1,34897
2026-08-23 00:19:12.220,1,2,Read Discrete Inputs,4,12,-1,-1,-1,-1,-1,-1,-1,-1,52793
2026-08-23 00:19:12.232,1,2,Read Discrete Inputs,513,184,-1,-1,-1,-1,-1,-1,-1,-1,10424
2026-08-23 00:19:12.722,1,3,Read Holding Registers,1260,12,-1,-1,-1,-1,-1,-1,-1,-1,2693
2026-08-23 00:19:12.754,1,3,Read Holding Registers,6183,3840,-1,-1,-1,-1,-1,-1,-1,-1,7520
2026-08-23 00:19:13.224,1,4,Read Input Registers,86,3,-1,-1,-1,-1,-1,-1,-1,-1,6992
2026-08-23 00:19:13.236,1,4,Read Input Registers,1538,59136,-1,-1,-1,-1,-1,-1,-1,-1,26453
2026-08-23 00:19:13.399,1,6,Write Single Register,1268,-1,-1,403,403,403,403,11,-1,-1,62856
2026-08-23 00:19:13.411,1,6,Write Single Register,1268,-1,-1,403,403,403,403,11,-1,-1,62856
2026-08-23 00:19:14.724,1,16,Write Multiple Registers,2835,3,6,115,253,230,598,31,-1,-1,45579
2026-08-23 00:19:14.758,1,3,Read Holding Registers,1200,5,-1,-1,-1,-1,-1,-1,-1,-1,7813
2026-08-23 00:19:14.779,1,3,Read Holding Registers,2560,0,-1,-1,-1,-1,-1,-1,-1,-1,46628
2026-08-23 00:19:15.217,1,1,Read Coils,25,3,-1,-1,-1,-1,-1,-1,-1,-1,52397
2026-08-23 00:19:15.229,1,1,Read Coils,256,20872,-1,-1,-1,-1,-1,-1,-1,-1,34897
2026-08-23 00:19:15.719,1,2,Read Discrete Inputs,4,12,-1,-1,-1,-1,-1,-1,-1,-1,52793
2026-08-23 00:19:15.731,1,2,Read Discrete Inputs,513,184,-1,-1,-1,-1,-1,-1,-1,-1,10424
2026-08-23 00:19:16.220,1,3,Read Holding Registers,1260,12,-1,-1,-1,-1,-1,-1,-1,-1,2693
2026-08-23 00:19:16.263,1,3,Read Holding Registers,6183,3840,-1,-1,-1,-1,-1,-1,-1,-1,7520
2026-08-23 00:19:16.723,1,4,Read Input Registers,86,3,-1,-1,-1,-1,-1,-1,-1,-1,6992
2026-08-23 00:19:16.734,1,4,Read Input Registers,1539,15360,-1,-1,-1,-1,-1,-1,-1,-1,42288
2026-08-23 00:19:17.224,1,5,Write Single Coil,9012,65280,-1,-1,-1,-1,-1,-1,-1,-1,28870
2026-08-23 00:19:17.236,1,5,Write Single Coil,9012,65280,-1,-1,-1,-1,-1,-1,-1,-1,28870
2026-08-23 00:19:18.224,1,16,Write Multiple Registers,2835,3,6,116,247,240,603,33,-1,-1,46963
2026-08-23 00:19:18.257,1,3,Read Holding Registers,1200,5,-1,-1,-1,-1,-1,-1,-1,-1,7813
2026-08-23 00:19:18.279,1,3,Read Holding Registers,2560,0,-1,-1,-1,-1,-1,-1,-1,-1,46628
2026-08-23 00:19:18.717,1,1,Read Coils,25,3,-1,-1,-1,-1,-1,-1,-1,-1,52397
2026-08-23 00:19:18.729,1,1,Read Coils,256,20872,-1,-1,-1,-1,-1,-1,-1,-1,34897
2026-08-23 00:19:19.218,1,2,Read Discrete Inputs,4,12,-1,-1,-1,-1,-1,-1,-1,-1,52793
2026-08-23 00:19:19.230,1,2,Read Discrete Inputs,512,185,-1,-1,-1,-1,-1,-1,-1,-1,47289
2026-08-23 00:19:19.720,1,3,Read Holding Registers,1260,12,-1,-1,-1,-1,-1,-1,-1,-1,2693
2026-08-23 00:19:19.753,1,3,Read Holding Registers,6183,3840,-1,-1,-1,-1,-1,-1,-1,-1,7520
2026-08-23 00:19:20.222,1,4,Read Input Registers,86,3,-1,-1,-1,-1,-1,-1,-1,-1,6992
2026-08-23 00:19:20.234,1,4,Read Input Registers,1538,13056,-1,-1,-1,-1,-1,-1,-1,-1,30053
2026-08-23 00:19:20.714,1,5,Write Single Coil,9012,0,-1,-1,-1,-1,-1,-1,-1,-1,32903
2026-08-23 00:19:20.736,1,5,Write Single Coil,9012,0,-1,-1,-1,-1,-1,-1,-1,-1,32903
2026-08-23 00:19:21.733,1,16,Write Multiple Registers,2835,3,6,105,259,240,604,37,-1,-1,42723
2026-08-23 00:19:21.755,1,3,Read Holding Registers,1200,5,-1,-1,-1,-1,-1,-1,-1,-1,7813
2026-08-23 00:19:21.777,1,3,Read Holding Registers,2560,0,-1,-1,-1,-1,-1,-1,-1,-1,46628
2026-08-23 00:19:22.214,1,1,Read Coils,25,3,-1,-1,-1,-1,-1,-1,-1,-1,52397
2026-08-23 00:19:22.226,1,1,Read Coils,256,20872,-1,-1,-1,-1,-1,-1,-1,-1,34897
2026-08-23 00:19:22.716,1,2,Read Discrete Inputs,4,12,-1,-1,-1,-1,-1,-1,-1,-1,52793
2026-08-23 00:19:22.728,1,2,Read Discrete Inputs,513,184,-1,-1,-1,-1,-1,-1,-1,-1,10424
2026-08-23 00:19:23.217,1,3,Read Holding Registers,1260,12,-1,-1,-1,-1,-1,-1,-1,-1,2693
2026-08-23 00:19:23.259,1,3,Read Holding Registers,6183,3840,-1,-1,-1,-1,-1,-1,-1,-1,7520
2026-08-23 00:19:23.718,1,4,Read Input Registers,86,3,-1,-1,-1,-1,-1,-1,-1,-1,6992
2026-08-23 00:19:23.740,1,4,Read Input Registers,1538,32256,-1,-1,-1,-1,-1,-1,-1,-1,31561
2026-08-23 00:19:24.718,1,6,Write Single Register,321,-1,-1,21,21,21,21,13,-1,-1,60697
2026-08-23 00:19:24.729,1,6,Write Single Register,321,-1,-1,21,21,21,21,13,-1,-1,60697
2026-08-23 00:19:25.228,1,16,Write Multiple Registers,2835,3,6,108,255,213,576,31,-1,-1,45503
2026-08-23 00:19:25.251,1,3,Read Holding Registers,1200,5,-1,-1,-1,-1,-1,-1,-1,-1,7813
2026-08-23 00:19:25.272,1,3,Read Holding Registers,2560,0,-1,-1,-1,-1,-1,-1,-1,-1,46628
2026-08-23 00:19:25.720,1,1,Read Coils,25,3,-1,-1,-1,-1,-1,-1,-1,-1,52397
2026-08-23 00:19:25.732,1,1,Read Coils,256,20872,-1,-1,-1,-1,-1,-1,-1,-1,34897
2026-08-23 00:19:26.221,1,2,Read Discrete Inputs,4,12,-1,-1,-1,-1,-1,-1,-1,-1,52793
2026-08-23 00:19:26.232,1,2,Read Discrete Inputs,513,184,-1,-1,-1,-1,-1,-1,-1,-1,10424
2026-08-23 00:19:26.721,1,3,Read Holding Registers,1260,12,-1,-1,-1,-1,-1,-1,-1,-1,2693
2026-08-23 00:19:26.753,1,3,Read Holding Registers,6183,3840,-1,-1,-1,-1,-1,-1,-1,-1,7520
2026-08-23 00:19:27.222,1,4,Read Input Registers,86,3,-1,-1,-1,-1,-1,-1,-1,-1,6992
2026-08-23 00:19:27.234,1,4,Read Input Registers,1536,41984,-1,-1,-1,-1,-1,-1,-1,-1,18961
2026-08-23 00:19:27.367,1,6,Write Single Register,1270,-1,-1,623,623,623,623,9,-1,-1,33833
2026-08-23 00:19:27.378,1,6,Write Single Register,1270,-1,-1,623,623,623,623,9,-1,-1,33833
2026-08-23 00:19:28.222,1,6,Write Single Register,321,-1,-1,33,33,33,33,14,-1,-1,14872
2026-08-23 00:19:28.233,1,6,Write Single Register,321,-1,-1,33,33,33,33,14,-1,-1,14872
2026-08-23 00:19:28.723,1,16,Write Multiple Registers,2835,3,6,111,255,244,610,29,-1,-1,46835
2026-08-23 00:19:28.756,1,3,Read Holding Registers,1200,5,-1,-1,-1,-1,-1,-1,-1,-1,7813
2026-08-23 00:19:28.777,1,3,Read Holding Registers,2560,0,-1,-1,-1,-1,-1,-1,-1,-1,46628
2026-08-23 00:19:29.216,1,1,Read Coils,25,3,-1,-1,-1,-1,-1,-1,-1,-1,52397
2026-08-23 00:19:29.227,1,1,Read Coils,256,20872,-1,-1,-1,-1,-1,-1,-1,-1,34897
2026-08-23 00:19:29.717,1,2,Read Discrete Inputs,4,12,-1,-1,-1,-1,-1,-1,-1,-1,52793
2026-08-23 00:19:29.728,1,2,Read Discrete Inputs,512,185,-1,-1,-1,-1,-1,-1,-1,-1,47289
2026-08-23 00:19:30.218,1,3,Read Holding Registers,1260,12,-1,-1,-1,-1,-1,-1,-1,-1,2693
2026-08-23 00:19:30.260,1,3,Read Holding Registers,6183,3840,-1,-1,-1,-1,-1,-1,-1,-1,56529
2026-08-23 00:19:30.719,1,4,Read Input Registers,86,3,-1,-1,-1,-1,-1,-1,-1,-1,6992
2026-08-23 00:19:30.740,1,4,Read Input Registers,1538,7168,-1,-1,-1,-1,-1,-1,-1,-1,46000
2026-08-23 00:19:31.717,1,6,Write Single Register,321,-1,-1,27,27,27,27,12,-1,-1,10648
2026-08-23 00:19:31.729,1,6,Write Single Register,321,-1,-1,27,27,27,27,12,-1,-1,10648
2026-08-23 00:19:32.227,1,16,Write Multiple Registers,2835,3,6,115,243,203,561,32,-1,-1,28710
2026-08-23 00:19:32.260,1,3,Read Holding Registers,1200,5,-1,-1,-1,-1,-1,-1,-1,-1,7813
2026-08-23 00:19:32.281,1,3,Read Holding Registers,2560,0,-1,-1,-1,-1,-1,-1,-1,-1,46628
2026-08-23 00:19:32.720,1,1,Read Coils,25,3,-1,-1,-1,-1,-1,-1,-1,-1,52397
2026-08-23 00:19:32.731,1,1,Read Coils,256,20872,-1,-1,-1,-1,-1,-1,-1,-1,34897
2026-08-23 00:19:33.220,1,2,Read Discrete Inputs,4,12,-1,-1,-1,-1,-1,-1,-1,-1,52793
2026-08-23 00:19:33.232,1,2,Read Discrete Inputs,513,184,-1,-1,-1,-1,-1,-1,-1,-1,10424
2026-08-23 00:19:33.723,1,3,Read Holding Registers,1260,12,-1,-1,-1,-1,-1,-1,-1,-1,2693
2026-08-23 00:19:33.755,1,3,Read Holding Registers,6183,3840,-1,-1,-1,-1,-1,-1,-1,-1,56529
2026-08-23 00:19:34.215,1,4,Read Input Registers,86,3,-1,-1,-1,-1,-1,-1,-1,-1,6992
2026-08-23 00:19:34.237,1,4,Read Input Registers,1537,4352,-1,-1,-1,-1,-1,-1,-1,-1,16797
2026-08-23 00:19:35.732,1,16,Write Multiple Registers,2835,3,6,109,259,229,597,35,-1,-1,42159
2026-08-23 00:19:35.755,1,3,Read Holding Registers,1200,5,-1,-1,-1,-1,-1,-1,-1,-1,7813
2026-08-23 00:19:35.776,1,3,Read Holding Registers,2560,0,-1,-1,-1,-1,-1,-1,-1,-1,46628
2026-08-23 00:19:36.225,1,1,Read Coils,25,3,-1,-1,-1,-1,-1,-1,-1,-1,52397
2026-08-23 00:19:36.236,1,1,Read Coils,256,20872,-1,-1,-1,-1,-1,-1,-1,-1,34897
2026-08-23 00:19:36.715,1,2,Read Discrete Inputs,4,12,-1,-1,-1,-1,-1,-1,-1,-1,52793
2026-08-23 00:19:36.737,1,2,Read Discrete Inputs,512,185,-1,-1,-1,-1,-1,-1,-1,-1,47289
2026-08-23 00:19:37.216,1,3,Read Holding Registers,1260,12,-1,-1,-1,-1,-1,-1,-1,-1,2693
2026-08-23 00:19:37.258,1,3,Read Holding Registers,6183,3840,-1,-1,-1,-1,-1,-1,-1,-1,56529
2026-08-23 00:19:37.289,1,6,Write Single Register,1262,-1,-1,40,40,40,40,14,-1,-1,53736
2026-08-23 00:19:37.301,1,6,Write Single Register,1262,-1,-1,40,40,40,40,14,-1,-1,53736
2026-08-23 00:19:37.719,1,4,Read Input Registers,86,3,-1,-1,-1,-1,-1,-1,-1,-1,6992
2026-08-23 00:19:37.740,1,4,Read Input Registers,1536,25856,-1,-1,-1,-1,-1,-1,-1,-1,39724
2026-08-23 00:19:38.718,1,6,Write Single Register,321,-1,-1,17,17,17,17,14,-1,-1,11800
2026-08-23 00:19:38.729,1,6,Write Single Register,321,-1,-1,17,17,17,17,14,-1,-1,11800
2026-08-23 00:19:39.229,1,16,Write Multiple Registers,2835,3,6,116,245,205,566,33,-1,-1,45983
2026-08-23 00:19:39.252,1,3,Read Holding Registers,1200,5,-1,-1,-1,-1,-1,-1,-1,-1,7813
2026-08-23 00:19:39.273,1,3,Read Holding Registers,2560,0,-1,-1,-1,-1,-1,-1,-1,-1,46628
2026-08-23 00:19:39.722,1,1,Read Coils,25,3,-1,-1,-1,-1,-1,-1,-1,-1,52397
2026-08-23 00:19:39.733,1,1,Read Coils,256,20872,-1,-1,-1,-1,-1,-1,-1,-1,34897
2026-08-23 00:19:40.223,1,2,Read Discrete Inputs,4,12,-1,-1,-1,-1,-1,-1,-1,-1,52793
2026-08-23 00:19:40.235,1,2,Read Discrete Inputs,513,184,-1,-1,-1,-1,-1,-1,-1,-1,10424
2026-08-23 00:19:40.715,1,3,Read Holding Registers,1260,12,-1,-1,-1,-1,-1,-1,-1,-1,2693
2026-08-23 00:19:40.757,1,3,Read Holding Registers,6183,3840,-1,-1,-1,-1,-1,-1,-1,-1,56529
2026-08-23 00:19:41.216,1,4,Read Input Registers,86,3,-1,-1,-1,-1,-1,-1,-1,-1,6992
2026-08-23 00:19:41.238,1,4,Read Input Registers,1539,36352,-1,-1,-1,-1,-1,-1,-1,-1,48904
2026-08-23 00:19:42.216,1,6,Write Single Register,321,-1,-1,47,47,47,47,11,-1,-1,65177
2026-08-23 00:19:42.238,1,6,Write Single Register,321,-1,-1,47,47,47,47,11,-1,-1,65177
2026-08-23 00:19:42.727,1,16,Write Multiple Registers,2835,3,6,100,259,244,603,37,-1,-1,42371
2026-08-23 00:19:42.750,1,3,Read Holding Registers,1200,5,-1,-1,-1,-1,-1,-1,-1,-1,7813
2026-08-23 00:19:42.771,1,3,Read Holding Registers,2560,0,-1,-1,-1,-1,-1,-1,-1,-1,46628
2026-08-23 00:19:43.219,1,1,Read Coils,25,3,-1,-1,-1,-1,-1,-1,-1,-1,52397
2026-08-23 00:19:43.231,1,1,Read Coils,256,20872,-1,-1,-1,-1,-1,-1,-1,-1,34897
2026-08-23 00:19:43.721,1,2,Read Discrete Inputs,4,12,-1,-1,-1,-1,-1,-1,-1,-1,52793
2026-08-23 00:19:43.733,1,2,Read Discrete Inputs,513,184,-1,-1,-1,-1,-1,-1,-1,-1,10424
2026-08-23 00:19:44.222,1,3,Read Holding Registers,1260,12,-1,-1,-1,-1,-1,-1,-1,-1,2693
2026-08-23 00:19:44.254,1,3,Read Holding Registers,6183,3840,-1,-1,-1,-1,-1,-1,-1,-1,56529
2026-08-23 00:19:44.724,1,4,Read Input Registers,86,3,-1,-1,-1,-1,-1,-1,-1,-1,6992
2026-08-23 00:19:44.735,1,4,Read Input Registers,1539,45312,-1,-1,-1,-1,-1,-1,-1,-1,47644
2026-08-23 00:19:45.294,1,6,Write Single Register,1274,-1,-1,1196,1196,1196,1196,11,-1,-1,30378
2026-08-23 00:19:45.306,1,6,Write Single Register,1274,-1,-1,1196,1196,1196,1196,11,-1,-1,30378
2026-08-23 00:19:45.725,1,6,Write Single Register,321,-1,-1,33,33,33,33,14,-1,-1,14872
2026-08-23 00:19:45.736,1,6,Write Single Register,321,-1,-1,33,33,33,33,14,-1,-1,14872
2026-08-23 00:19:46.226,1,16,Write Multiple Registers,2835,3,6,103,249,248,600,32,-1,-1,30494
2026-08-23 00:19:46.259,1,3,Read Holding Registers,1200,5,-1,-1,-1,-1,-1,-1,-1,-1,7813
2026-08-23 00:19:46.280,1,3,Read Holding Registers,2560,0,-1,-1,-1,-1,-1,-1,-1,-1,46628
2026-08-23 00:19:46.719,1,1,Read Coils,25,3,-1,-1,-1,-1,-1,-1,-1,-1,52397
2026-08-23 00:19:46.730,1,1,Read Coils,256,20872,-1,-1,-1,-1,-1,-1,-1,-1,34897
2026-08-23 00:19:47.220,1,2,Read Discrete Inputs,4,12,-1,-1,-1,-1,-1,-1,-1,-1,52793
2026-08-23 00:19:47.232,1,2,Read Discrete Inputs,512,185,-1,-1,-1,-1,-1,-1,-1,-1,47289
2026-08-23 00:19:47.723,1,3,Read Holding Registers,1260,12,-1,-1,-1,-1,-1,-1,-1,-1,2693
2026-08-23 00:19:47.755,1,3,Read Holding Registers,6183,3840,-1,-1,-1,-1,-1,-1,-1,-1,56529
2026-08-23 00:19:48.225,1,4,Read Input Registers,86,3,-1,-1,-1,-1,-1,-1,-1,-1,6992
2026-08-23 00:19:48.236,1,4,Read Input Registers,1538,4608,-1,-1,-1,-1,-1,-1,-1,-1,29401
2026-08-23 00:19:48.716,1,5,Write Single Coil,9012,0,-1,-1,-1,-1,-1,-1,-1,-1,32903
2026-08-23 00:19:48.738,1,5,Write Single Coil,9012,0,-1,-1,-1,-1,-1,-1,-1,-1,32903
2026-08-23 00:19:49.729,1,16,Write Multiple Registers,2835,3,6,112,257,205,574,38,-1,-1,26078
2026-08-23 00:19:49.752,1,3,Read Holding Registers,1200,5,-1,-1,-1,-1,-1,-1,-1,-1,7813
2026-08-23 00:19:49.773,1,3,Read Holding Registers,2560,0,-1,-1,-1,-1,-1,-1,-1,-1,46628
2026-08-23 00:19:50.222,1,1,Read Coils,25,3,-1,-1,-1,-1,-1,-1,-1,-1,52397
2026-08-23 00:19:50.234,1,1,Read Coils,256,20872,-1,-1,-1,-1,-1,-1,-1,-1,34897
2026-08-23 00:19:50.725,1,2,Read Discrete Inputs,4,12,-1,-1,-1,-1,-1,-1,-1,-1,52793
2026-08-23 00:19:50.736,1,2,Read Discrete Inputs,513,184,-1,-1,-1,-1,-1,-1,-1,-1,10424
2026-08-23 00:19:51.225,1,3,Read Holding Registers,1260,12,-1,-1,-1,-1,-1,-1,-1,-1,2693
2026-08-23 00:19:51.257,1,3,Read Holding Registers,6183,3840,-1,-1,-1,-1,-1,-1,-1,-1,56529
2026-08-23 00:19:51.716,1,4,Read Input Registers,86,3,-1,-1,-1,-1,-1,-1,-1,-1,6992
2026-08-23 00:19:51.737,1,4,Read Input Registers,1536,35584,-1,-1,-1,-1,-1,-1,-1,-1,36036
2026-08-23 00:19:52.216,1,5,Write Single Coil,9012,0,-1,-1,-1,-1,-1,-1,-1,-1,32903
2026-08-23 00:19:52.237,1,5,Write Single Coil,9012,0,-1,-1,-1,-1,-1,-1,-1,-1,32903
2026-08-23 00:19:52.716,1,6,Write Single Register,321,-1,-1,24,24,24,24,14,-1,-1,10456
2026-08-23 00:19:52.738,1,6,Write Single Register,321,-1,-1,24,24,24,24,14,-1,-1,10456
2026-08-23 00:19:53.035,1,6,Write Single Register,1264,-1,-1,119,119,119,119,10,-1,-1,61384
2026-08-23 00:19:53.046,1,6,Write Single Register,1264,-1,-1,119,119,119,119,10,-1,-1,61384
2026-08-23 00:19:53.230,1,16,Write Multiple Registers,2835,3,6,110,254,209,573,32,-1,-1,28974
2026-08-23 00:19:53.254,1,3,Read Holding Registers,1200,5,-1,-1,-1,-1,-1,-1,-1,-1,7813
2026-08-23 00:19:53.276,1,3,Read Holding Registers,2560,0,-1,-1,-1,-1,-1,-1,-1,-1,46628
2026-08-23 00:19:53.725,1,1,Read Coils,25,3,-1,-1,-1,-1,-1,-1,-1,-1,52397
2026-08-23 00:19:53.737,1,1,Read Coils,256,20872,-1,-1,-1,-1,-1,-1,-1,-1,34897
2026-08-23 00:19:54.217,1,2,Read Discrete Inputs,4,12,-1,-1,-1,-1,-1,-1,-1,-1,52793
2026-08-23 00:19:54.229,1,2,Read Discrete Inputs,512,185,-1,-1,-1,-1,-1,-1,-1,-1,47289
2026-08-23 00:19:54.720,1,3,Read Holding Registers,1260,12,-1,-1,-1,-1,-1,-1,-1,-1,2693
2026-08-23 00:19:54.763,1,3,Read Holding Registers,6183,3840,-1,-1,-1,-1,-1,-1,-1,-1,57301
2026-08-23 00:19:55.221,1,4,Read Input Registers,86,3,-1,-1,-1,-1,-1,-1,-1,-1,6992
2026-08-23 00:19:55.233,1,4,Read Input Registers,1536,44800,-1,-1,-1,-1,-1,-1,-1,-1,35764
2026-08-23 00:19:56.220,1,6,Write Single Register,321,-1,-1,27,27,27,27,12,-1,-1,10648
2026-08-23 00:19:56.231,1,6,Write Single Register,321,-1,-1,27,27,27,27,12,-1,-1,10648
2026-08-23 00:19:56.730,1,16,Write Multiple Registers,2835,3,6,117,251,203,571,31,-1,-1,47047
2026-08-23 00:19:56.753,1,3,Read Holding Registers,1200,5,-1,-1,-1,-1,-1,-1,-1,-1,7813
2026-08-23 00:19:56.774,1,3,Read Holding Registers,2560,0,-1,-1,-1,-1,-1,-1,-1,-1,46628
2026-08-23 00:19:57.222,1,1,Read Coils,25,3,-1,-1,-1,-1,-1,-1,-1,-1,52397
2026-08-23 00:19:57.234,1,1,Read Coils,256,20872,-1,-1,-1,-1,-1,-1,-1,-1,34897
2026-08-23 00:19:57.723,1,2,Read Discrete Inputs,4,12,-1,-1,-1,-1,-1,-1,-1,-1,52793
2026-08-23 00:19:57.735,1,2,Read Discrete Inputs,512,185,-1,-1,-1,-1,-1,-1,-1,-1,47289
2026-08-23 00:19:58.223,1,3,Read Holding Registers,1260,12,-1,-1,-1,-1,-1,-1,-1,-1,2693
2026-08-23 00:19:58.255,1,3,Read Holding Registers,6183,3840,-1,-1,-1,-1,-1,-1,-1,-1,57301
2026-08-23 00:19:58.725,1,4,Read Input Registers,86,3,-1,-1,-1,-1,-1,-1,-1,-1,6992
2026-08-23 00:19:58.736,1,4,Read Input Registers,1539,29952,-1,-1,-1,-1,-1,-1,-1,-1,27629
2026-08-23 00:19:59.723,1,6,Write Single Register,321,-1,-1,18,18,18,18,14,-1,-1,12120
2026-08-23 00:19:59.734,1,6,Write Single Register,321,-1,-1,18,18,18,18,14,-1,-1,12120
2026-08-23 00:20:00.233,1,16,Write Multiple Registers,2835,3,6,101,254,218,573,32,-1,-1,29434
2026-08-23 00:20:00.256,1,3,Read Holding Registers,1200,5,-1,-1,-1,-1,-1,-1,-1,-1,7813
2026-08-23 00:20:00.277,1,3,Read Holding Registers,2560,0,-1,-1,-1,-1,-1,-1,-1,-1,46628
2026-08-23 00:20:00.715,1,1,Read Coils,25,3,-1,-1,-1,-1,-1,-1,-1,-1,52397
2026-08-23 00:20:00.727,1,1,Read Coils,256,20872,-1,-1,-1,-1,-1,-1,-1,-1,34897
2026-08-23 00:20:01.215,1,2,Read Discrete Inputs,4,12,-1,-1,-1,-1,-1,-1,-1,-1,52793
2026-08-23 00:20:01.237,1,2,Read Discrete Inputs,512,185,-1,-1,-1,-1,-1,-1,-1,-1,47289
2026-08-23 00:20:01.715,1,3,Read Holding Registers,1260,12,-1,-1,-1,-1,-1,-1,-1,-1,2693
2026-08-23 00:20:01.758,1,3,Read Holding Registers,6183,3840,-1,-1,-1,-1,-1,-1,-1,-1,57301
2026-08-23 00:20:02.216,1,4,Read Input Registers,86,3,-1,-1,-1,-1,-1,-1,-1,-1,6992
2026-08-23 00:20:02.238,1,4,Read Input Registers,1539,36864,-1,-1,-1,-1,-1,-1,-1,-1,48544
2026-08-23 00:20:03.732,1,16,Write Multiple Registers,2835,3,6,101,258,221,580,36,-1,-1,25422
2026-08-23 00:20:03.755,1,3,Read Holding Registers,1200,5,-1,-1,-1,-1,-1,-1,-1,-1,7813
2026-08-23 00:20:03.776,1,3,Read Holding Registers,2560,0,-1,-1,-1,-1,-1,-1,-1,-1,46628
2026-08-23 00:20:04.225,1,1,Read Coils,25,3,-1,-1,-1,-1,-1,-1,-1,-1,52397
2026-08-23 00:20:04.236,1,1,Read Coils,256,20872,-1,-1,-1,-1,-1,-1,-1,-1,34897
2026-08-23 00:20:04.716,1,2,Read Discrete Inputs,4,12,-1,-1,-1,-1,-1,-1,-1,-1,52793
2026-08-23 00:20:04.738,1,2,Read Discrete Inputs,512,185,-1,-1,-1,-1,-1,-1,-1,-1,47289
2026-08-23 00:20:04.911,1,6,Write Single Register,1272,-1,-1,881,881,881,881,10,-1,-1,57289
2026-08-23 00:20:04.923,1,6,Write Single Register,1272,-1,-1,881,881,881,881,10,-1,-1,57289
2026-08-23 00:20:05.221,1,3,Read Holding Registers,1260,12,-1,-1,-1,-1,-1,-1,-1,-1,2693
2026-08-23 00:20:05.253,1,3,Read Holding Registers,6183,3840,-1,-1,-1,-1,-1,-1,-1,-1,57301
2026-08-23 00:20:05.723,1,4,Read Input Registers,86,3,-1,-1,-1,-1,-1,-1,-1,-1,6992
2026-08-23 00:20:05.734,1,4,Read Input Registers,1539,11776,-1,-1,-1,-1,-1,-1,-1,-1,42632
2026-08-23 00:20:06.224,1,5,Write Single Coil,9012,65280,-1,-1,-1,-1,-1,-1,-1,-1,28870
2026-08-23 00:20:06.235,1,5,Write Single Coil,9012,65280,-1,-1,-1,-1,-1,-1,-1,-1,28870
2026-08-23 00:20:07.231,1,16,Write Multiple Registers,2835,3,6,108,257,236,601,37,-1,-1,42147
2026-08-23 00:20:07.254,1,3,Read Holding Registers,1200,5,-1,-1,-1,-1,-1,-1,-1,-1,7813
2026-08-23 00:20:07.275,1,3,Read Holding Registers,2560,0,-1,-1,-1,-1,-1,-1,-1,-1,46628
2026-08-23 00:20:07.724,1,1,Read Coils,25,3,-1,-1,-1,-1,-1,-1,-1,-1,52397
2026-08-23 00:20:07.736,1,1,Read Coils,256,20872,-1,-1,-1,-1,-1,-1,-1,-1,34897
2026-08-23 00:20:08.224,1,2,Read Discrete Inputs,4,12,-1,-1,-1,-1,-1,-1,-1,-1,52793
2026-08-23 00:20:08.236,1,2,Read Discrete Inputs,513,184,-1,-1,-1,-1,-1,-1,-1,-1,10424
2026-08-23 00:20:08.716,1,3,Read Holding Registers,1260,12,-1,-1,-1,-1,-1,-1,-1,-1,2693
2026-08-23 00:20:08.758,1,3,Read Holding Registers,6183,3840,-1,-1,-1,-1,-1,-1,-1,-1,57301
2026-08-23 00:20:09.216,1,4,Read Input Registers,86,3,-1,-1,-1,-1,-1,-1,-1,-1,6992
2026-08-23 00:20:09.238,1,4,Read Input Registers,1537,3328,-1,-1,-1,-1,-1,-1,-1,-1,33612
2026-08-23 00:20:09.719,1,5,Write Single Coil,9012,0,-1,-1,-1,-1,-1,-1,-1,-1,32903
2026-08-23 00:20:09.731,1,5,Write Single Coil,9012,0,-1,-1,-1,-1,-1,-1,-1,-1,32903
2026-08-23 00:20:10.728,1,16,Write Multiple Registers,2835,3,6,112,257,202,571,39,-1,-1,42347
2026-08-23 00:20:10.751,1,3,Read Holding Registers,1200,5,-1,-1,-1,-1,-1,-1,-1,-1,7813
2026-08-23 00:20:10.772,1,3,Read Holding Registers,2560,0,-1,-1,-1,-1,-1,-1,-1,-1,46628
2026-08-23 00:20:11.220,1,1,Read Coils,25,3,-1,-1,-1,-1,-1,-1,-1,-1,52397
2026-08-23 00:20:11.232,1,1,Read Coils,256,20872,-1,-1,-1,-1,-1,-1,-1,-1,34897
2026-08-23 00:20:11.722,1,2,Read Discrete Inputs,4,12,-1,-1,-1,-1,-1,-1,-1,-1,52793
2026-08-23 00:20:11.733,1,2,Read Discrete Inputs,513,184,-1,-1,-1,-1,-1,-1,-1,-1,10424
2026-08-23 00:20:12.223,1,3,Read Holding Registers,1260,12,-1,-1,-1,-1,-1,-1,-1,-1,2693
2026-08-23 00:20:12.255,1,3,Read Holding Registers,6183,3840,-1,-1,-1,-1,-1,-1,-1,-1,57301
2026-08-23 00:20:12.409,1,6,Write Single Register,1265,-1,-1,168,168,168,168,13,-1,-1,47064
2026-08-23 00:20:12.420,1,6,Write Single Register,1265,-1,-1,168,168,168,168,13,-1,-1,47064
2026-08-23 00:20:12.716,1,4,Read Input Registers,86,3,-1,-1,-1,-1,-1,-1,-1,-1,6992
2026-08-23 00:20:12.737,1,4,Read Input Registers,1537,13824,-1,-1,-1,-1,-1,-1,-1,-1,18089
2026-08-23 00:20:14.233,1,16,Write Multiple Registers,2835,3,6,113,240,224,577,37,-1,-1,47075
2026-08-23 00:20:14.256,1,3,Read Holding Registers,1200,5,-1,-1,-1,-1,-1,-1,-1,-1,7813
2026-08-23 00:20:14.278,1,3,Read Holding Registers,2560,0,-1,-1,-1,-1,-1,-1,-1,-1,46628
2026-08-23 00:20:14.718,1,1,Read Coils,25,3,-1,-1,-1,-1,-1,-1,-1,-1,52397
2026-08-23 00:20:14.729,1,1,Read Coils,256,20872,-1,-1,-1,-1,-1,-1,-1,-1,34897
2026-08-23 00:20:15.219,1,2,Read Discrete Inputs,4,12,-1,-1,-1,-1,-1,-1,-1,-1,52793
2026-08-23 00:20:15.231,1,2,Read Discrete Inputs,513,184,-1,-1,-1,-1,-1,-1,-1,-1,10424
2026-08-23 00:20:15.722,1,3,Read Holding Registers,1260,12,-1,-1,-1,-1,-1,-1,-1,-1,2693
2026-08-23 00:20:15.755,1,3,Read Holding Registers,6183,3840,-1,-1,-1,-1,-1,-1,-1,-1,39134
2026-08-23 00:20:16.224,1,4,Read Input Registers,86,3,-1,-1,-1,-1,-1,-1,-1,-1,6992
2026-08-23 00:20:16.235,1,4,Read Input Registers,1537,3840,-1,-1,-1,-1,-1,-1,-1,-1,17205
2026-08-23 00:20:17.732,1,16,Write Multiple Registers,2835,3,6,103,257,214,574,36,-1,-1,25354
2026-08-23 00:20:17.755,1,3,Read Holding Registers,1200,5,-1,-1,-1,-1,-1,-1,-1,-1,7813
2026-08-23 00:20:17.777,1,3,Read Holding Registers,2560,0,-1,-1,-1,-1,-1,-1,-1,-1,46628
2026-08-23 00:20:18.226,1,1,Read Coils,25,3,-1,-1,-1,-1,-1,-1,-1,-1,52397
2026-08-23 00:20:18.237,1,1,Read Coils,256,20872,-1,-1,-1,-1,-1,-1,-1,-1,34897
2026-08-23 00:20:18.717,1,2,Read Discrete Inputs,4,12,-1,-1,-1,-1,-1,-1,-1,-1,52793
2026-08-23 00:20:18.729,1,2,Read Discrete Inputs,513,184,-1,-1,-1,-1,-1,-1,-1,-1,10424
2026-08-23 00:20:19.219,1,3,Read Holding Registers,1260,12,-1,-1,-1,-1,-1,-1,-1,-1,2693
2026-08-23 00:20:19.261,1,3,Read Holding Registers,6183,3840,-1,-1,-1,-1,-1,-1,-1,-1,39134
2026-08-23 00:20:19.721,1,4,Read Input Registers,86,3,-1,-1,-1,-1,-1,-1,-1,-1,6992
2026-08-23 00:20:19.743,1,4,Read Input Registers,1538,12032,-1,-1,-1,-1,-1,-1,-1,-1,47028
2026-08-23 00:20:20.720,1,6,Write Single Register,321,-1,-1,25,25,25,25,13,-1,-1,59417
2026-08-23 00:20:20.731,1,6,Write Single Register,321,-1,-1,25,25,25,25,13,-1,-1,59417
2026-08-23 00:20:21.230,1,16,Write Multiple Registers,2835,3,6,108,249,221,578,32,-1,-1,29406
2026-08-23 00:20:21.252,1,3,Read Holding Registers,1200,5,-1,-1,-1,-1,-1,-1,-1,-1,7813
2026-08-23 00:20:21.274,1,3,Read Holding Registers,2560,0,-1,-1,-1,-1,-1,-1,-1,-1,46628
2026-08-23 00:20:21.722,1,1,Read Coils,25,3,-1,-1,-1,-1,-1,-1,-1,-1,52397
2026-08-23 00:20:21.734,1,1,Read Coils,256,20872,-1,-1,-1,-1,-1,-1,-1,-1,34897
2026-08-23 00:20:22.223,1,2,Read Discrete Inputs,4,12,-1,-1,-1,-1,-1,-1,-1,-1,52793
2026-08-23 00:20:22.235,1,2,Read Discrete Inputs,513,184,-1,-1,-1,-1,-1,-1,-1,-1,10424
2026-08-23 00:20:22.725,1,3,Read Holding Registers,1260,12,-1,-1,-1,-1,-1,-1,-1,-1,2693
2026-08-23 00:20:22.757,1,3,Read Holding Registers,6183,3840,-1,-1,-1,-1,-1,-1,-1,-1,39134
2026-08-23 00:20:23.216,1,4,Read Input Registers,86,3,-1,-1,-1,-1,-1,-1,-1,-1,6992
2026-08-23 00:20:23.238,1,4,Read Input Registers,1536,62208,-1,-1,-1,-1,-1,-1,-1,-1,34404
2026-08-23 00:20:23.523,1,6,Write Single Register,1266,-1,-1,240,240,240,240,12,-1,-1,19753
2026-08-23 00:20:23.545,1,6,Write Single Register,1266,-1,-1,240,240,240,240,12,-1,-1,19753
2026-08-23 00:20:23.719,1,5,Write Single Coil,9012,0,-1,-1,-1,-1,-1,-1,-1,-1,32903
2026-08-23 00:20:23.732,1,5,Write Single Coil,9012,0,-1,-1,-1,-1,-1,-1,-1,-1,32903
2026-08-23 00:20:24.222,1,6,Write Single Register,321,-1,-1,48,48,48,48,14,-1,-1,14040
2026-08-23 00:20:24.233,1,6,Write Single Register,321,-1,-1,48,48,48,48,14,-1,-1,14040
2026-08-23 00:20:24.732,1,16,Write Multiple Registers,2835,3,6,107,258,206,571,36,-1,-1,25514
2026-08-23 00:20:24.755,1,3,Read Holding Registers,1200,5,-1,-1,-1,-1,-1,-1,-1,-1,7813
2026-08-23 00:20:24.776,1,3,Read Holding Registers,2560,0,-1,-1,-1,-1,-1,-1,-1,-1,46628
2026-08-23 00:20:25.225,1,1,Read Coils,25,3,-1,-1,-1,-1,-1,-1,-1,-1,52397
2026-08-23 00:20:25.237,1,1,Read Coils,256,20872,-1,-1,-1,-1,-1,-1,-1,-1,34897
2026-08-23 00:20:25.716,1,2,Read Discrete Inputs,4,12,-1,-1,-1,-1,-1,-1,-1,-1,52793
2026-08-23 00:20:25.728,1,2,Read Discrete Inputs,513,184,-1,-1,-1,-1,-1,-1,-1,-1,10424
2026-08-23 00:20:26.218,1,3,Read Holding Registers,1260,12,-1,-1,-1,-1,-1,-1,-1,-1,2693
2026-08-23 00:20:26.260,1,3,Read Holding Registers,6183,3840,-1,-1,-1,-1,-1,-1,-1,-1,2229
2026-08-23 00:20:26.719,1,4,Read Input Registers,86,3,-1,-1,-1,-1,-1,-1,-1,-1,6992
2026-08-23 00:20:26.741,1,4,Read Input Registers,1538,4608,-1,-1,-1,-1,-1,-1,-1,-1,29401
2026-08-23 00:20:28.227,1,16,Write Multiple Registers,2835,3,6,102,257,227,586,37,-1,-1,42967
2026-08-23 00:20:28.260,1,3,Read Holding Registers,1200,5,-1,-1,-1,-1,-1,-1,-1,-1,7813
2026-08-23 00:20:28.281,1,3,Read Holding Registers,2560,0,-1,-1,-1,-1,-1,-1,-1,-1,46628
2026-08-23 00:20:28.719,1,1,Read Coils,25,3,-1,-1,-1,-1,-1,-1,-1,-1,52397
2026-08-23 00:20:28.730,1,1,Read Coils,256,20872,-1,-1,-1,-1,-1,-1,-1,-1,34897
2026-08-23 00:20:29.219,1,2,Read Discrete Inputs,4,12,-1,-1,-1,-1,-1,-1,-1,-1,52793
2026-08-23 00:20:29.230,1,2,Read Discrete Inputs,513,184,-1,-1,-1,-1,-1,-1,-1,-1,10424
2026-08-23 00:20:29.720,1,3,Read Holding Registers,1260,12,-1,-1,-1,-1,-1,-1,-1,-1,2693
2026-08-23 00:20:29.762,1,3,Read Holding Registers,6183,3840,-1,-1,-1,-1,-1,-1,-1,-1,2229
2026-08-23 00:20:30.221,1,4,Read Input Registers,86,3,-1,-1,-1,-1,-1,-1,-1,-1,6992
2026-08-23 00:20:30.233,1,4,Read Input Registers,1538,61440,-1,-1,-1,-1,-1,-1,-1,-1,25633
2026-08-23 00:20:30.723,1,5,Write Single Coil,9012,0,-1,-1,-1,-1,-1,-1,-1,-1,32903
2026-08-23 00:20:30.734,1,5,Write Single Coil,9012,0,-1,-1,-1,-1,-1,-1,-1,-1,32903
2026-08-23 00:20:31.731,1,16,Write Multiple Registers,2835,3,6,114,245,243,602,32,-1,-1,30550
2026-08-23 00:20:31.755,1,3,Read Holding Registers,1200,5,-1,-1,-1,-1,-1,-1,-1,-1,7813
2026-08-23 00:20:31.777,1,3,Read Holding Registers,2560,0,-1,-1,-1,-1,-1,-1,-1,-1,46628
2026-08-23 00:20:32.226,1,1,Read Coils,25,3,-1,-1,-1,-1,-1,-1,-1,-1,52397
2026-08-23 00:20:32.238,1,1,Read Coils,256,20872,-1,-1,-1,-1,-1,-1,-1,-1,34897
2026-08-23 00:20:32.717,1,2,Read Discrete Inputs,4,12,-1,-1,-1,-1,-1,-1,-1,-1,52793
2026-08-23 00:20:32.729,1,2,Read Discrete Inputs,512,185,-1,-1,-1,-1,-1,-1,-1,-1,47289
2026-08-23 00:20:33.117,1,6,Write Single Register,1276,-1,-1,1554,1554,1554,1554,12,-1,-1,26571
2026-08-23 00:20:33.129,1,6,Write Single Register,1276,-1,-1,1554,1554,1554,1554,12,-1,-1,26571
2026-08-23 00:20:33.222,1,3,Read Holding Registers,1260,12,-1,-1,-1,-1,-1,-1,-1,-1,2693
2026-08-23 00:20:33.254,1,3,Read Holding Registers,6183,3840,-1,-1,-1,-1,-1,-1,-1,-1,2229
2026-08-23 00:20:33.723,1,4,Read Input Registers,86,3,-1,-1,-1,-1,-1,-1,-1,-1,6992
2026-08-23 00:20:33.735,1,4,Read Input Registers,1539,29440,-1,-1,-1,-1,-1,-1,-1,-1,27493
2026-08-23 00:20:34.723,1,6,Write Single Register,321,-1,-1,15,15,15,15,12,-1,-1,9880
2026-08-23 00:20:34.735,1,6,Write Single Register,321,-1,-1,15,15,15,15,12,-1,-1,9880
2026-08-23 00:20:35.224,1,16,Write Multiple Registers,2835,3,6,109,250,201,560,33,-1,-1,45311
2026-08-23 00:20:35.258,1,3,Read Holding Registers,1200,5,-1,-1,-1,-1,-1,-1,-1,-1,7813
2026-08-23 00:20:35.279,1,3,Read Holding Registers,2560,0,-1,-1,-1,-1,-1,-1,-1,-1,46628
2026-08-23 00:20:35.717,1,1,Read Coils,25,3,-1,-1,-1,-1,-1,-1,-1,-1,52397
2026-08-23 00:20:35.729,1,1,Read Coils,256,20872,-1,-1,-1,-1,-1,-1,-1,-1,34897
2026-08-23 00:20:36.219,1,2,Read Discrete Inputs,4,12,-1,-1,-1,-1,-1,-1,-1,-1,52793
2026-08-23 00:20:36.230,1,2,Read Discrete Inputs,512,185,-1,-1,-1,-1,-1,-1,-1,-1,47289
2026-08-23 00:20:36.719,1,3,Read Holding Registers,1260,12,-1,-1,-1,-1,-1,-1,-1,-1,2693
2026-08-23 00:20:36.761,1,3,Read Holding Registers,6183,3840,-1,-1,-1,-1,-1,-1,-1,-1,2229
2026-08-23 00:20:37.220,1,4,Read Input Registers,86,3,-1,-1,-1,-1,-1,-1,-1,-1,6992
2026-08-23 00:20:37.241,1,4,Read Input Registers,1537,4352,-1,-1,-1,-1,-1,-1,-1,-1,16797
2026-08-23 00:20:38.727,1,16,Write Multiple Registers,2835,3,6,102,255,217,574,31,-1,-1,45711
2026-08-23 00:20:38.760,1,3,Read Holding Registers,1200,5,-1,-1,-1,-1,-1,-1,-1,-1,7813
2026-08-23 00:20:38.782,1,3,Read Holding Registers,2560,0,-1,-1,-1,-1,-1,-1,-1,-1,46628
2026-08-23 00:20:39.220,1,1,Read Coils,25,3,-1,-1,-1,-1,-1,-1,-1,-1,52397
2026-08-23 00:20:39.231,1,1,Read Coils,256,20872,-1,-1,-1,-1,-1,-1,-1,-1,34897
2026-08-23 00:20:39.721,1,2,Read Discrete Inputs,4,12,-1,-1,-1,-1,-1,-1,-1,-1,52793
2026-08-23 00:20:39.733,1,2,Read Discrete Inputs,513,184,-1,-1,-1,-1,-1,-1,-1,-1,10424
2026-08-23 00:20:40.222,1,3,Read Holding Registers,1260,12,-1,-1,-1,-1,-1,-1,-1,-1,2693
2026-08-23 00:20:40.254,1,3,Read Holding Registers,6183,3840,-1,-1,-1,-1,-1,-1,-1,-1,2229
2026-08-23 00:20:40.723,1,4,Read Input Registers,86,3,-1,-1,-1,-1,-1,-1,-1,-1,6992
2026-08-23 00:20:40.734,1,4,Read Input Registers,1539,29184,-1,-1,-1,-1,-1,-1,-1,-1,43864
2026-08-23 00:20:42.229,1,16,Write Multiple Registers,2835,3,6,114,249,248,611,33,-1,-1,45839
2026-08-23 00:20:42.251,1,3,Read Holding Registers,1200,5,-1,-1,-1,-1,-1,-1,-1,-1,7813
2026-08-23 00:20:42.273,1,3,Read Holding Registers,2560,0,-1,-1,-1,-1,-1,-1,-1,-1,46628
2026-08-23 00:20:42.721,1,1,Read Coils,25,3,-1,-1,-1,-1,-1,-1,-1,-1,52397
2026-08-23 00:20:42.733,1,1,Read Coils,256,20872,-1,-1,-1,-1,-1,-1,-1,-1,34897
2026-08-23 00:20:43.223,1,2,Read Discrete Inputs,4,12,-1,-1,-1,-1,-1,-1,-1,-1,52793
2026-08-23 00:20:43.235,1,2,Read Discrete Inputs,513,184,-1,-1,-1,-1,-1,-1,-1,-1,10424
2026-08-23 00:20:43.724,1,3,Read Holding Registers,1260,12,-1,-1,-1,-1,-1,-1,-1,-1,2693
2026-08-23 00:20:43.757,1,3,Read Holding Registers,6183,3840,-1,-1,-1,-1,-1,-1,-1,-1,2229
2026-08-23 00:20:44.084,1,6,Write Single Register,1273,-1,-1,1031,1031,1031,1031,12,-1,-1,51483
2026-08-23 00:20:44.105,1,6,Write Single Register,1273,-1,-1,1031,1031,1031,1031,12,-1,-1,51483
2026-08-23 00:20:44.218,1,4,Read Input Registers,86,3,-1,-1,-1,-1,-1,-1,-1,-1,6992
2026-08-23 00:20:44.240,1,4,Read Input Registers,1537,31488,-1,-1,-1,-1,-1,-1,-1,-1,18565
2026-08-23 00:20:45.733,1,16,Write Multiple Registers,2835,3,6,105,245,213,563,33,-1,-1,46895
2026-08-23 00:20:45.756,1,3,Read Holding Registers,1200,5,-1,-1,-1,-1,-1,-1,-1,-1,7813
2026-08-23 00:20:45.777,1,3,Read Holding Registers,2560,0,-1,-1,-1,-1,-1,-1,-1,-1,46628
2026-08-23 00:20:46.216,1,1,Read Coils,25,3,-1,-1,-1,-1,-1,-1,-1,-1,52397
2026-08-23 00:20:46.227,1,1,Read Coils,256,20872,-1,-1,-1,-1,-1,-1,-1,-1,34897
2026-08-23 00:20:46.717,1,2,Read Discrete Inputs,4,12,-1,-1,-1,-1,-1,-1,-1,-1,52793
2026-08-23 00:20:46.738,1,2,Read Discrete Inputs,512,185,-1,-1,-1,-1,-1,-1,-1,-1,47289
2026-08-23 00:20:47.218,1,3,Read Holding Registers,1260,12,-1,-1,-1,-1,-1,-1,-1,-1,2693
2026-08-23 00:20:47.260,1,3,Read Holding Registers,6183,3840,-1,-1,-1,-1,-1,-1,-1,-1,2229
2026-08-23 00:20:47.719,1,4,Read Input Registers,86,3,-1,-1,-1,-1,-1,-1,-1,-1,6992
2026-08-23 00:20:47.741,1,4,Read Input Registers,1537,26112,-1,-1,-1,-1,-1,-1,-1,-1,19049
2026-08-23 00:20:48.220,1,5,Write Single Coil,9012,65280,-1,-1,-1,-1,-1,-1,-1,-1,28870
2026-08-23 00:20:48.231,1,5,Write Single Coil,9012,65280,-1,-1,-1,-1,-1,-1,-1,-1,28870
2026-08-23 00:20:49.228,1,16,Write Multiple Registers,2835,3,6,112,245,234,591,34,-1,-1,30186
2026-08-23 00:20:49.260,1,3,Read Holding Registers,1200,5,-1,-1,-1,-1,-1,-1,-1,-1,7813
2026-08-23 00:20:49.282,1,3,Read Holding Registers,2560,0,-1,-1,-1,-1,-1,-1,-1,-1,46628
2026-08-23 00:20:49.720,1,1,Read Coils,25,3,-1,-1,-1,-1,-1,-1,-1,-1,52397
2026-08-23 00:20:49.731,1,1,Read Coils,256,20872,-1,-1,-1,-1,-1,-1,-1,-1,34897
2026-08-23 00:20:50.221,1,2,Read Discrete Inputs,4,12,-1,-1,-1,-1,-1,-1,-1,-1,52793
2026-08-23 00:20:50.233,1,2,Read Discrete Inputs,513,184,-1,-1,-1,-1,-1,-1,-1,-1,10424
2026-08-23 00:20:50.723,1,3,Read Holding Registers,1260,12,-1,-1,-1,-1,-1,-1,-1,-1,2693
2026-08-23 00:20:50.765,1,3,Read Holding Registers,6183,3840,-1,-1,-1,-1,-1,-1,-1,-1,2229
2026-08-23 00:20:51.224,1,4,Read Input Registers,86,3,-1,-1,-1,-1,-1,-1,-1,-1,6992
2026-08-23 00:20:51.235,1,4,Read Input Registers,1537,60928,-1,-1,-1,-1,-1,-1,-1,-1,21897
2026-08-23 00:20:52.223,1,6,Write Single Register,321,-1,-1,25,25,25,25,13,-1,-1,59417
2026-08-23 00:20:52.234,1,6,Write Single Register,321,-1,-1,25,25,25,25,13,-1,-1,59417
2026-08-23 00:20:52.734,1,16,Write Multiple Registers,2835,3,6,102,247,246,595,31,-1,-1,45735
2026-08-23 00:20:52.756,1,3,Read Holding Registers,1200,5,-1,-1,-1,-1,-1,-1,-1,-1,7813
2026-08-23 00:20:52.778,1,3,Read Holding Registers,2560,0,-1,-1,-1,-1,-1,-1,-1,-1,46628
2026-08-23 00:20:53.226,1,1,Read Coils,25,3,-1,-1,-1,-1,-1,-1,-1,-1,52397
2026-08-23 00:20:53.238,1,1,Read Coils,256,20872,-1,-1,-1,-1,-1,-1,-1,-1,34897
2026-08-23 00:20:53.718,1,2,Read Discrete Inputs,4,12,-1,-1,-1,-1,-1,-1,-1,-1,52793
2026-08-23 00:20:53.730,1,2,Read Discrete Inputs,512,185,-1,-1,-1,-1,-1,-1,-1,-1,47289
2026-08-23 00:20:54.220,1,3,Read Holding Registers,1260,12,-1,-1,-1,-1,-1,-1,-1,-1,2693
2026-08-23 00:20:54.262,1,3,Read Holding Registers,6183,3840,-1,-1,-1,-1,-1,-1,-1,-1,2229
2026-08-23 00:20:54.720,1,4,Read Input Registers,86,3,-1,-1,-1,-1,-1,-1,-1,-1,6992
2026-08-23 00:20:54.742,1,4,Read Input Registers,1539,40704,-1,-1,-1,-1,-1,-1,-1,-1,48372
2026-08-23 00:20:55.719,1,6,Write Single Register,321,-1,-1,18,18,18,18,14,-1,-1,12120
2026-08-23 00:20:55.730,1,6,Write Single Register,321,-1,-1,18,18,18,18,14,-1,-1,12120
2026-08-23 00:20:56.230,1,16,Write Multiple Registers,2835,3,6,116,258,246,620,36,-1,-1,24634
2026-08-23 00:20:56.252,1,3,Read Holding Registers,1200,5,-1,-1,-1,-1,-1,-1,-1,-1,7813
2026-08-23 00:20:56.274,1,3,Read Holding Registers,2560,0,-1,-1,-1,-1,-1,-1,-1,-1,46628
2026-08-23 00:20:56.692,1,6,Write Single Register,1279,-1,-1,2186,2186,2186,2186,12,-1,-1,44350
2026-08-23 00:20:56.703,1,6,Write Single Register,1279,-1,-1,2186,2186,2186,2186,12,-1,-1,44350
2026-08-23 00:20:56.724,1,1,Read Coils,25,3,-1,-1,-1,-1,-1,-1,-1,-1,52397
2026-08-23 00:20:56.735,1,1,Read Coils,256,20872,-1,-1,-1,-1,-1,-1,-1,-1,34897
2026-08-23 00:20:57.224,1,2,Read Discrete Inputs,4,12,-1,-1,-1,-1,-1,-1,-1,-1,52793
2026-08-23 00:20:57.236,1,2,Read Discrete Inputs,513,184,-1,-1,-1,-1,-1,-1,-1,-1,10424
2026-08-23 00:20:57.724,1,3,Read Holding Registers,1260,12,-1,-1,-1,-1,-1,-1,-1,-1,2693
2026-08-23 00:20:57.757,1,3,Read Holding Registers,6183,3840,-1,-1,-1,-1,-1,-1,-1,-1,2229
2026-08-23 00:20:58.226,1,4,Read Input Registers,86,3,-1,-1,-1,-1,-1,-1,-1,-1,6992
2026-08-23 00:20:58.237,1,4,Read Input Registers,1538,42240,-1,-1,-1,-1,-1,-1,-1,-1,26669
2026-08-23 00:20:59.732,1,16,Write Multiple Registers,2835,3,6,115,248,207,570,32,-1,-1,30614
2026-08-23 00:20:59.755,1,3,Read Holding Registers,1200,5,-1,-1,-1,-1,-1,-1,-1,-1,7813
2026-08-23 00:20:59.776,1,3,Read Holding Registers,2560,0,-1,-1,-1,-1,-1,-1,-1,-1,46628
2026-08-23 00:21:00.224,1,1,Read Coils,25,3,-1,-1,-1,-1,-1,-1,-1,-1,52397
2026-08-23 00:21:00.236,1,1,Read Coils,256,20872,-1,-1,-1,-1,-1,-1,-1,-1,34897
2026-08-23 00:21:00.726,1,2,Read Discrete Inputs,4,12,-1,-1,-1,-1,-1,-1,-1,-1,52793
2026-08-23 00:21:00.737,1,2,Read Discrete Inputs,512,185,-1,-1,-1,-1,-1,-1,-1,-1,47289
2026-08-23 00:21:01.217,1,3,Read Holding Registers,1260,12,-1,-1,-1,-1,-1,-1,-1,-1,2693
2026-08-23 00:21:01.259,1,3,Read Holding Registers,6183,3840,-1,-1,-1,-1,-1,-1,-1,-1,2229
2026-08-23 00:21:01.717,1,4,Read Input Registers,86,3,-1,-1,-1,-1,-1,-1,-1,-1,6992
2026-08-23 00:21:01.739,1,4,Read Input Registers,1539,7680,-1,-1,-1,-1,-1,-1,-1,-1,41672
2026-08-23 00:21:03.234,1,16,Write Multiple Registers,2835,3,6,107,245,219,571,31,-1,-1,46823
2026-08-23 00:21:03.257,1,3,Read Holding Registers,1200,5,-1,-1,-1,-1,-1,-1,-1,-1,7813
2026-08-23 00:21:03.278,1,3,Read Holding Registers,2560,0,-1,-1,-1,-1,-1,-1,-1,-1,46628
2026-08-23 00:21:03.716,1,1,Read Coils,25,3,-1,-1,-1,-1,-1,-1,-1,-1,52397
2026-08-23 00:21:03.727,1,1,Read Coils,256,20872,-1,-1,-1,-1,-1,-1,-1,-1,34897
2026-08-23 00:21:04.217,1,2,Read Discrete Inputs,4,12,-1,-1,-1,-1,-1,-1,-1,-1,52793
2026-08-23 00:21:04.228,1,2,Read Discrete Inputs,512,185,-1,-1,-1,-1,-1,-1,-1,-1,47289
2026-08-23 00:21:04.719,1,3,Read Holding Registers,1260,12,-1,-1,-1,-1,-1,-1,-1,-1,2693
2026-08-23 00:21:04.761,1,3,Read Holding Registers,6183,3840,-1,-1,-1,-1,-1,-1,-1,-1,2229
2026-08-23 00:21:05.221,1,4,Read Input Registers,86,3,-1,-1,-1,-1,-1,-1,-1,-1,6992
2026-08-23 00:21:05.242,1,4,Read Input Registers,1537,25088,-1,-1,-1,-1,-1,-1,-1,-1,35480
2026-08-23 00:21:06.220,1,6,Write Single Register,321,-1,-1,16,16,16,16,15,-1,-1,61145
2026-08-23 00:21:06.232,1,6,Write Single Register,321,-1,-1,16,16,16,16,15,-1,-1,61145
2026-08-23 00:21:06.732,1,16,Write Multiple Registers,2835,3,6,101,259,222,582,35,-1,-1,41931
2026-08-23 00:21:06.754,1,3,Read Holding Registers,1200,5,-1,-1,-1,-1,-1,-1,-1,-1,7813
2026-08-23 00:21:06.776,1,3,Read Holding Registers,2560,0,-1,-1,-1,-1,-1,-1,-1,-1,46628
2026-08-23 00:21:07.224,1,1,Read Coils,25,3,-1,-1,-1,-1,-1,-1,-1,-1,52397
2026-08-23 00:21:07.235,1,1,Read Coils,256,20872,-1,-1,-1,-1,-1,-1,-1,-1,34897
2026-08-23 00:21:07.726,1,2,Read Discrete Inputs,4,12,-1,-1,-1,-1,-1,-1,-1,-1,52793
2026-08-23 00:21:07.737,1,2,Read Discrete Inputs,513,184,-1,-1,-1,-1,-1,-1,-1,-1,10424
2026-08-23 00:21:08.218,1,3,Read Holding Registers,1260,12,-1,-1,-1,-1,-1,-1,-1,-1,2693
2026-08-23 00:21:08.260,1,3,Read Holding Registers,6183,3840,-1,-1,-1,-1,-1,-1,-1,-1,2229
2026-08-23 00:21:08.720,1,4,Read Input Registers,86,3,-1,-1,-1,-1,-1,-1,-1,-1,6992
2026-08-23 00:21:08.741,1,4,Read Input Registers,1537,31488,-1,-1,-1,-1,-1,-1,-1,-1,18565
2026-08-23 00:21:10.229,1,16,Write Multiple Registers,2835,3,6,107,247,208,562,33,-1,-1,46787
2026-08-23 00:21:10.252,1,3,Read Holding Registers,1200,5,-1,-1,-1,-1,-1,-1,-1,-1,7813
2026-08-23 00:21:10.274,1,3,Read Holding Registers,2560,0,-1,-1,-1,-1,-1,-1,-1,-1,46628
2026-08-23 00:21:10.295,1,6,Write Single Register,1261,-1,-1,24,24,24,24,14,-1,-1,50456
2026-08-23 00:21:10.307,1,6,Write Single Register,1261,-1,-1,24,24,24,24,14,-1,-1,50456
2026-08-23 00:21:10.721,1,1,Read Coils,25,3,-1,-1,-1,-1,-1,-1,-1,-1,52397
2026-08-23 00:21:10.732,1,1,Read Coils,256,20872,-1,-1,-1,-1,-1,-1,-1,-1,34897
2026-08-23 00:21:11.222,1,2,Read Discrete Inputs,4,12,-1,-1,-1,-1,-1,-1,-1,-1,52793
2026-08-23 00:21:11.234,1,2,Read Discrete Inputs,513,184,-1,-1,-1,-1,-1,-1,-1,-1,10424
2026-08-23 00:21:11.723,1,3,Read Holding Registers,1260,12,-1,-1,-1,-1,-1,-1,-1,-1,2693
2026-08-23 00:21:11.756,1,3,Read Holding Registers,6183,3840,-1,-1,-1,-1,-1,-1,-1,-1,49091
2026-08-23 00:21:12.225,1,4,Read Input Registers,86,3,-1,-1,-1,-1,-1,-1,-1,-1,6992
2026-08-23 00:21:12.237,1,4,Read Input Registers,1537,33280,-1,-1,-1,-1,-1,-1,-1,-1,23577
2026-08-23 00:21:13.730,1,16,Write Multiple Registers,2835,3,6,100,250,202,552,35,-1,-1,45675
2026-08-23 00:21:13.753,1,3,Read Holding Registers,1200,5,-1,-1,-1,-1,-1,-1,-1,-1,7813
2026-08-23 00:21:13.775,1,3,Read Holding Registers,2560,0,-1,-1,-1,-1,-1,-1,-1,-1,46628
2026-08-23 00:21:14.223,1,1,Read Coils,25,3,-1,-1,-1,-1,-1,-1,-1,-1,52397
2026-08-23 00:21:14.234,1,1,Read Coils,256,20872,-1,-1,-1,-1,-1,-1,-1,-1,34897
2026-08-23 00:21:14.724,1,2,Read Discrete Inputs,4,12,-1,-1,-1,-1,-1,-1,-1,-1,52793
2026-08-23 00:21:14.735,1,2,Read Discrete Inputs,513,184,-1,-1,-1,-1,-1,-1,-1,-1,10424
2026-08-23 00:21:15.224,1,3,Read Holding Registers,1260,12,-1,-1,-1,-1,-1,-1,-1,-1,2693
2026-08-23 00:21:15.256,1,3,Read Holding Registers,6183,3840,-1,-1,-1,-1,-1,-1,-1,-1,49091
2026-08-23 00:21:15.724,1,4,Read Input Registers,86,3,-1,-1,-1,-1,-1,-1,-1,-1,6992
2026-08-23 00:21:15.736,1,4,Read Input Registers,1538,60160,-1,-1,-1,-1,-1,-1,-1,-1,26181
2026-08-23 00:21:17.230,1,16,Write Multiple Registers,2835,3,6,117,259,222,598,34,-1,-1,26314
2026-08-23 00:21:17.252,1,3,Read Holding Registers,1200,5,-1,-1,-1,-1,-1,-1,-1,-1,7813
2026-08-23 00:21:17.274,1,3,Read Holding Registers,2560,0,-1,-1,-1,-1,-1,-1,-1,-1,46628
2026-08-23 00:21:17.723,1,1,Read Coils,25,3,-1,-1,-1,-1,-1,-1,-1,-1,52397
2026-08-23 00:21:17.734,1,1,Read Coils,256,20872,-1,-1,-1,-1,-1,-1,-1,-1,34897
2026-08-23 00:21:18.223,1,2,Read Discrete Inputs,4,12,-1,-1,-1,-1,-1,-1,-1,-1,52793
2026-08-23 00:21:18.235,1,2,Read Discrete Inputs,513,184,-1,-1,-1,-1,-1,-1,-1,-1,10424
2026-08-23 00:21:18.723,1,3,Read Holding Registers,1260,12,-1,-1,-1,-1,-1,-1,-1,-1,2693
2026-08-23 00:21:18.765,1,3,Read Holding Registers,6183,3840,-1,-1,-1,-1,-1,-1,-1,-1,49091
2026-08-23 00:21:19.224,1,4,Read Input Registers,86,3,-1,-1,-1,-1,-1,-1,-1,-1,6992
2026-08-23 00:21:19.235,1,4,Read Input Registers,1537,33024,-1,-1,-1,-1,-1,-1,-1,-1,23645
2026-08-23 00:21:19.724,1,5,Write Single Coil,9012,0,-1,-1,-1,-1,-1,-1,-1,-1,32903
2026-08-23 00:21:19.736,1,5,Write Single Coil,9012,0,-1,-1,-1,-1,-1,-1,-1,-1,32903
2026-08-23 00:21:20.732,1,16,Write Multiple Registers,2835,3,6,112,247,207,566,32,-1,-1,29478
2026-08-23 00:21:20.755,1,3,Read Holding Registers,1200,5,-1,-1,-1,-1,-1,-1,-1,-1,7813
2026-08-23 00:21:20.776,1,3,Read Holding Registers,2560,0,-1,-1,-1,-1,-1,-1,-1,-1,46628
2026-08-23 00:21:21.225,1,1,Read Coils,25,3,-1,-1,-1,-1,-1,-1,-1,-1,52397
2026-08-23 00:21:21.236,1,1,Read Coils,256,20872,-1,-1,-1,-1,-1,-1,-1,-1,34897
2026-08-23 00:21:21.726,1,2,Read Discrete Inputs,4,12,-1,-1,-1,-1,-1,-1,-1,-1,52793
2026-08-23 00:21:21.738,1,2,Read Discrete Inputs,513,184,-1,-1,-1,-1,-1,-1,-1,-1,10424
2026-08-23 00:21:22.218,1,3,Read Holding Registers,1260,12,-1,-1,-1,-1,-1,-1,-1,-1,2693
2026-08-23 00:21:22.260,1,3,Read Holding Registers,6183,3840,-1,-1,-1,-1,-1,-1,-1,-1,49091
2026-08-23 00:21:22.719,1,4,Read Input Registers,86,3,-1,-1,-1,-1,-1,-1,-1,-1,6992
2026-08-23 00:21:22.740,1,4,Read Input Registers,1538,61696,-1,-1,-1,-1,-1,-1,-1,-1,42012
2026-08-23 00:21:23.604,1,6,Write Single Register,1268,-1,-1,404,404,404,404,12,-1,-1,14281
2026-08-23 00:21:23.616,1,6,Write Single Register,1268,-1,-1,404,404,404,404,12,-1,-1,14281
2026-08-23 00:21:24.227,1,16,Write Multiple Registers,2835,3,6,118,259,237,614,34,-1,-1,25150
2026-08-23 00:21:24.260,1,3,Read Holding Registers,1200,5,-1,-1,-1,-1,-1,-1,-1,-1,7813
2026-08-23 00:21:24.281,1,3,Read Holding Registers,2560,0,-1,-1,-1,-1,-1,-1,-1,-1,46628
2026-08-23 00:21:24.719,1,1,Read Coils,25,3,-1,-1,-1,-1,-1,-1,-1,-1,52397
2026-08-23 00:21:24.731,1,1,Read Coils,256,20872,-1,-1,-1,-1,-1,-1,-1,-1,34897
2026-08-23 00:21:25.219,1,2,Read Discrete Inputs,4,12,-1,-1,-1,-1,-1,-1,-1,-1,52793
2026-08-23 00:21:25.231,1,2,Read Discrete Inputs,513,184,-1,-1,-1,-1,-1,-1,-1,-1,10424
2026-08-23 00:21:25.719,1,3,Read Holding Registers,1260,12,-1,-1,-1,-1,-1,-1,-1,-1,2693
2026-08-23 00:21:25.762,1,3,Read Holding Registers,6183,3840,-1,-1,-1,-1,-1,-1,-1,-1,32693
2026-08-23 00:21:26.221,1,4,Read Input Registers,86,3,-1,-1,-1,-1,-1,-1,-1,-1,6992
2026-08-23 00:21:26.242,1,4,Read Input Registers,1538,65280,-1,-1,-1,-1,-1,-1,-1,-1,25973
2026-08-23 00:21:27.727,1,16,Write Multiple Registers,2835,3,6,110,254,205,569,31,-1,-1,46079
2026-08-23 00:21:27.759,1,3,Read Holding Registers,1200,5,-1,-1,-1,-1,-1,-1,-1,-1,7813
2026-08-23 00:21:27.781,1,3,Read Holding Registers,2560,0,-1,-1,-1,-1,-1,-1,-1,-1,46628
2026-08-23 00:21:28.220,1,1,Read Coils,25,3,-1,-1,-1,-1,-1,-1,-1,-1,52397
2026-08-23 00:21:28.231,1,1,Read Coils,256,20872,-1,-1,-1,-1,-1,-1,-1,-1,34897
2026-08-23 00:21:28.720,1,2,Read Discrete Inputs,4,12,-1,-1,-1,-1,-1,-1,-1,-1,52793
2026-08-23 00:21:28.732,1,2,Read Discrete Inputs,512,185,-1,-1,-1,-1,-1,-1,-1,-1,47289
2026-08-23 00:21:29.221,1,3,Read Holding Registers,1260,12,-1,-1,-1,-1,-1,-1,-1,-1,2693
2026-08-23 00:21:29.263,1,3,Read Holding Registers,6183,3840,-1,-1,-1,-1,-1,-1,-1,-1,32693
2026-08-23 00:21:29.722,1,4,Read Input Registers,86,3,-1,-1,-1,-1,-1,-1,-1,-1,6992
2026-08-23 00:21:29.733,1,4,Read Input Registers,1537,8960,-1,-1,-1,-1,-1,-1,-1,-1,34212
2026-08-23 00:21:30.223,1,5,Write Single Coil,9012,65280,-1,-1,-1,-1,-1,-1,-1,-1,28870
2026-08-23 00:21:30.235,1,5,Write Single Coil,9012,65280,-1,-1,-1,-1,-1,-1,-1,-1,28870
2026-08-23 00:21:31.232,1,16,Write Multiple Registers,2835,3,6,117,243,214,574,32,-1,-1,29482
2026-08-23 00:21:31.255,1,3,Read Holding Registers,1200,5,-1,-1,-1,-1,-1,-1,-1,-1,7813
2026-08-23 00:21:31.276,1,3,Read Holding Registers,2560,0,-1,-1,-1,-1,-1,-1,-1,-1,46628
2026-08-23 00:21:31.724,1,1,Read Coils,25,3,-1,-1,-1,-1,-1,-1,-1,-1,52397
2026-08-23 00:21:31.736,1,1,Read Coils,256,20872,-1,-1,-1,-1,-1,-1,-1,-1,34897
2026-08-23 00:21:32.225,1,2,Read Discrete Inputs,4,12,-1,-1,-1,-1,-1,-1,-1,-1,52793
2026-08-23 00:21:32.237,1,2,Read Discrete Inputs,512,185,-1,-1,-1,-1,-1,-1,-1,-1,47289
2026-08-23 00:21:32.727,1,3,Read Holding Registers,1260,12,-1,-1,-1,-1,-1,-1,-1,-1,2693
2026-08-23 00:21:32.758,1,3,Read Holding Registers,6183,3840,-1,-1,-1,-1,-1,-1,-1,-1,32693
2026-08-23 00:21:33.217,1,4,Read Input Registers,86,3,-1,-1,-1,-1,-1,-1,-1,-1,6992
2026-08-23 00:21:33.239,1,4,Read Input Registers,1538,33536,-1,-1,-1,-1,-1,-1,-1,-1,44836
2026-08-23 00:21:34.734,1,16,Write Multiple Registers,2835,3,6,115,248,246,609,32,-1,-1,29194
2026-08-23 00:21:34.757,1,3,Read Holding Registers,1200,5,-1,-1,-1,-1,-1,-1,-1,-1,7813
2026-08-23 00:21:34.778,1,3,Read Holding Registers,2560,0,-1,-1,-1,-1,-1,-1,-1,-1,46628
2026-08-23 00:21:35.227,1,1,Read Coils,25,3,-1,-1,-1,-1,-1,-1,-1,-1,52397
2026-08-23 00:21:35.239,1,1,Read Coils,256,20872,-1,-1,-1,-1,-1,-1,-1,-1,34897
2026-08-23 00:21:35.718,1,2,Read Discrete Inputs,4,12,-1,-1,-1,-1,-1,-1,-1,-1,52793
2026-08-23 00:21:35.729,1,2,Read Discrete Inputs,513,184,-1,-1,-1,-1,-1,-1,-1,-1,10424
2026-08-23 00:21:36.220,1,3,Read Holding Registers,1260,12,-1,-1,-1,-1,-1,-1,-1,-1,2693
2026-08-23 00:21:36.262,1,3,Read Holding Registers,6183,3840,-1,-1,-1,-1,-1,-1,-1,-1,32693
2026-08-23 00:21:36.721,1,4,Read Input Registers,86,3,-1,-1,-1,-1,-1,-1,-1,-1,6992
2026-08-23 00:21:36.743,1,4,Read Input Registers,1539,40448,-1,-1,-1,-1,-1,-1,-1,-1,31945
2026-08-23 00:21:37.192,1,6,Write Single Register,1267,-1,-1,317,317,317,317,10,-1,-1,35000
2026-08-23 00:21:37.204,1,6,Write Single Register,1267,-1,-1,317,317,317,317,10,-1,-1,35000
2026-08-23 00:21:38.231,1,16,Write Multiple Registers,2835,3,6,104,249,227,580,34,-1,-1,30390
2026-08-23 00:21:38.254,1,3,Read Holding Registers,1200,5,-1,-1,-1,-1,-1,-1,-1,-1,7813
2026-08-23 00:21:38.275,1,3,Read Holding Registers,2560,0,-1,-1,-1,-1,-1,-1,-1,-1,46628
2026-08-23 00:21:38.724,1,1,Read Coils,25,3,-1,-1,-1,-1,-1,-1,-1,-1,52397
2026-08-23 00:21:38.736,1,1,Read Coils,256,20872,-1,-1,-1,-1,-1,-1,-1,-1,34897
2026-08-23 00:21:39.225,1,2,Read Discrete Inputs,4,12,-1,-1,-1,-1,-1,-1,-1,-1,52793
2026-08-23 00:21:39.237,1,2,Read Discrete Inputs,513,184,-1,-1,-1,-1,-1,-1,-1,-1,10424
2026-08-23 00:21:39.726,1,3,Read Holding Registers,1260,12,-1,-1,-1,-1,-1,-1,-1,-1,2693
2026-08-23 00:21:39.758,1,3,Read Holding Registers,6183,3840,-1,-1,-1,-1,-1,-1,-1,-1,61368
2026-08-23 00:21:40.227,1,4,Read Input Registers,86,3,-1,-1,-1,-1,-1,-1,-1,-1,6992
2026-08-23 00:21:40.239,1,4,Read Input Registers,1537,50944,-1,-1,-1,-1,-1,-1,-1,-1,37844
2026-08-23 00:21:41.226,1,6,Write Single Register,321,-1,-1,29,29,29,29,12,-1,-1,11032
2026-08-23 00:21:41.238,1,6,Write Single Register,321,-1,-1,29,29,29,29,12,-1,-1,11032
2026-08-23 00:21:41.727,1,16,Write Multiple Registers,2835,3,6,115,257,209,581,37,-1,-1,43007
2026-08-23 00:21:41.760,1,3,Read Holding Registers,1200,5,-1,-1,-1,-1,-1,-1,-1,-1,7813
2026-08-23 00:21:41.782,1,3,Read Holding Registers,2560,0,-1,-1,-1,-1,-1,-1,-1,-1,46628
2026-08-23 00:21:42.221,1,1,Read Coils,25,3,-1,-1,-1,-1,-1,-1,-1,-1,52397
2026-08-23 00:21:42.233,1,1,Read Coils,256,20872,-1,-1,-1,-1,-1,-1,-1,-1,34897
2026-08-23 00:21:42.723,1,2,Read Discrete Inputs,4,12,-1,-1,-1,-1,-1,-1,-1,-1,52793
2026-08-23 00:21:42.735,1,2,Read Discrete Inputs,513,184,-1,-1,-1,-1,-1,-1,-1,-1,10424
2026-08-23 00:21:43.223,1,3,Read Holding Registers,1260,12,-1,-1,-1,-1,-1,-1,-1,-1,2693
2026-08-23 00:21:43.265,1,3,Read Holding Registers,6183,3840,-1,-1,-1,-1,-1,-1,-1,-1,61368
2026-08-23 00:21:43.724,1,4,Read Input Registers,86,3,-1,-1,-1,-1,-1,-1,-1,-1,6992
2026-08-23 00:21:43.736,1,4,Read Input Registers,1538,41984,-1,-1,-1,-1,-1,-1,-1,-1,43024
2026-08-23 00:21:45.231,1,16,Write Multiple Registers,2835,3,6,112,247,243,602,32,-1,-1,30086
2026-08-23 00:21:45.253,1,3,Read Holding Registers,1200,5,-1,-1,-1,-1,-1,-1,-1,-1,7813
2026-08-23 00:21:45.275,1,3,Read Holding Registers,2560,0,-1,-1,-1,-1,-1,-1,-1,-1,46628
2026-08-23 00:21:45.723,1,1,Read Coils,25,3,-1,-1,-1,-1,-1,-1,-1,-1,52397
2026-08-23 00:21:45.735,1,1,Read Coils,256,20872,-1,-1,-1,-1,-1,-1,-1,-1,34897
2026-08-23 00:21:46.225,1,2,Read Discrete Inputs,4,12,-1,-1,-1,-1,-1,-1,-1,-1,52793
2026-08-23 00:21:46.237,1,2,Read Discrete Inputs,512,185,-1,-1,-1,-1,-1,-1,-1,-1,47289
2026-08-23 00:21:46.727,1,3,Read Holding Registers,1260,12,-1,-1,-1,-1,-1,-1,-1,-1,2693
2026-08-23 00:21:46.759,1,3,Read Holding Registers,6183,3840,-1,-1,-1,-1,-1,-1,-1,-1,61368
2026-08-23 00:21:47.219,1,4,Read Input Registers,86,3,-1,-1,-1,-1,-1,-1,-1,-1,6992
2026-08-23 00:21:47.241,1,4,Read Input Registers,1538,48640,-1,-1,-1,-1,-1,-1,-1,-1,27209
2026-08-23 00:21:47.720,1,5,Write Single Coil,9012,65280,-1,-1,-1,-1,-1,-1,-1,-1,28870
2026-08-23 00:21:47.732,1,5,Write Single Coil,9012,65280,-1,-1,-1,-1,-1,-1,-1,-1,28870
2026-08-23 00:21:48.202,1,6,Write Single Register,1280,-1,-1,2419,2419,2419,2419,9,-1,-1,46030
2026-08-23 00:21:48.214,1,6,Write Single Register,1280,-1,-1,2419,2419,2419,2419,9,-1,-1,46030
2026-08-23 00:21:48.735,1,16,Write Multiple Registers,2835,3,6,116,249,245,610,32,-1,-1,30510
2026-08-23 00:21:48.768,1,3,Read Holding Registers,1200,5,-1,-1,-1,-1,-1,-1,-1,-1,7813
2026-08-23 00:21:48.789,1,3,Read Holding Registers,2560,0,-1,-1,-1,-1,-1,-1,-1,-1,46628
2026-08-23 00:21:49.227,1,1,Read Coils,25,3,-1,-1,-1,-1,-1,-1,-1,-1,52397
2026-08-23 00:21:49.239,1,1,Read Coils,256,20872,-1,-1,-1,-1,-1,-1,-1,-1,34897
2026-08-23 00:21:49.728,1,2,Read Discrete Inputs,4,12,-1,-1,-1,-1,-1,-1,-1,-1,52793
2026-08-23 00:21:49.740,1,2,Read Discrete Inputs,513,184,-1,-1,-1,-1,-1,-1,-1,-1,10424
2026-08-23 00:21:50.230,1,3,Read Holding Registers,1260,12,-1,-1,-1,-1,-1,-1,-1,-1,2693
2026-08-23 00:21:50.272,1,3,Read Holding Registers,6183,3840,-1,-1,-1,-1,-1,-1,-1,-1,61368
2026-08-23 00:21:50.732,1,4,Read Input Registers,86,3,-1,-1,-1,-1,-1,-1,-1,-1,6992
2026-08-23 00:21:50.744,1,4,Read Input Registers,1537,512,-1,-1,-1,-1,-1,-1,-1,-1,33304
2026-08-23 00:21:52.238,1,16,Write Multiple Registers,2835,3,6,101,243,213,557,33,-1,-1,46703
2026-08-23 00:21:52.261,1,3,Read Holding Registers,1200,5,-1,-1,-1,-1,-1,-1,-1,-1,7813
2026-08-23 00:21:52.282,1,3,Read Holding Registers,2560,0,-1,-1,-1,-1,-1,-1,-1,-1,46628
2026-08-23 00:21:52.731,1,1,Read Coils,25,3,-1,-1,-1,-1,-1,-1,-1,-1,52397
2026-08-23 00:21:52.742,1,1,Read Coils,256,20872,-1,-1,-1,-1,-1,-1,-1,-1,34897
2026-08-23 00:21:53.232,1,2,Read Discrete Inputs,4,12,-1,-1,-1,-1,-1,-1,-1,-1,52793
2026-08-23 00:21:53.244,1,2,Read Discrete Inputs,513,184,-1,-1,-1,-1,-1,-1,-1,-1,10424
2026-08-23 00:21:53.733,1,3,Read Holding Registers,1260,12,-1,-1,-1,-1,-1,-1,-1,-1,2693
2026-08-23 00:21:53.765,1,3,Read Holding Registers,6183,3840,-1,-1,-1,-1,-1,-1,-1,-1,61368
2026-08-23 00:21:54.234,1,4,Read Input Registers,86,3,-1,-1,-1,-1,-1,-1,-1,-1,6992
2026-08-23 00:21:54.246,1,4,Read Input Registers,1537,44800,-1,-1,-1,-1,-1,-1,-1,-1,23221
2026-08-23 00:21:55.742,1,16,Write Multiple Registers,2835,3,6,119,257,239,615,33,-1,-1,41879
2026-08-23 00:21:55.765,1,3,Read Holding Registers,1200,5,-1,-1,-1,-1,-1,-1,-1,-1,7813
2026-08-23 00:21:55.786,1,3,Read Holding Registers,2560,0,-1,-1,-1,-1,-1,-1,-1,-1,46628
2026-08-23 00:21:56.235,1,1,Read Coils,25,3,-1,-1,-1,-1,-1,-1,-1,-1,52397
2026-08-23 00:21:56.246,1,1,Read Coils,256,20872,-1,-1,-1,-1,-1,-1,-1,-1,34897
2026-08-23 00:21:56.726,1,2,Read Discrete Inputs,4,12,-1,-1,-1,-1,-1,-1,-1,-1,52793
2026-08-23 00:21:56.737,1,2,Read Discrete Inputs,512,185,-1,-1,-1,-1,-1,-1,-1,-1,47289
2026-08-23 00:21:57.226,1,3,Read Holding Registers,1260,12,-1,-1,-1,-1,-1,-1,-1,-1,2693
2026-08-23 00:21:57.268,1,3,Read Holding Registers,6183,3840,-1,-1,-1,-1,-1,-1,-1,-1,61368
2026-08-23 00:21:57.290,1,6,Write Single Register,1264,-1,-1,118,118,118,118,11,-1,-1,12041
2026-08-23 00:21:57.301,1,6,Write Single Register,1264,-1,-1,118,118,118,118,11,-1,-1,12041
2026-08-23 00:21:57.729,1,4,Read Input Registers,86,3,-1,-1,-1,-1,-1,-1,-1,-1,6992
2026-08-23 00:21:57.750,1,4,Read Input Registers,1538,59392,-1,-1,-1,-1,-1,-1,-1,-1,26113
2026-08-23 00:21:59.235,1,16,Write Multiple Registers,2835,3,6,106,249,235,590,32,-1,-1,30710
2026-08-23 00:21:59.267,1,3,Read Holding Registers,1200,5,-1,-1,-1,-1,-1,-1,-1,-1,7813
2026-08-23 00:21:59.289,1,3,Read Holding Registers,2560,0,-1,-1,-1,-1,-1,-1,-1,-1,46628
2026-08-23 00:21:59.727,1,1,Read Coils,25,3,-1,-1,-1,-1,-1,-1,-1,-1,52397
2026-08-23 00:21:59.739,1,1,Read Coils,256,20872,-1,-1,-1,-1,-1,-1,-1,-1,34897
2026-08-23 00:22:00.228,1,2,Read Discrete Inputs,4,12,-1,-1,-1,-1,-1,-1,-1,-1,52793
2026-08-23 00:22:00.239,1,2,Read Discrete Inputs,512,185,-1,-1,-1,-1,-1,-1,-1,-1,47289
2026-08-23 00:22:00.728,1,3,Read Holding Registers,1260,12,-1,-1,-1,-1,-1,-1,-1,-1,2693
2026-08-23 00:22:00.770,1,3,Read Holding Registers,6183,3840,-1,-1,-1,-1,-1,-1,-1,-1,61305
2026-08-23 00:22:01.229,1,4,Read Input Registers,86,3,-1,-1,-1,-1,-1,-1,-1,-1,6992
2026-08-23 00:22:01.250,1,4,Read Input Registers,1538,58368,-1,-1,-1,-1,-1,-1,-1,-1,26385
2026-08-23 00:22:02.737,1,16,Write Multiple Registers,2835,3,6,101,258,217,576,37,-1,-1,41919
2026-08-23 00:22:02.770,1,3,Read Holding Registers,1200,5,-1,-1,-1,-1,-1,-1,-1,-1,7813
2026-08-23 00:22:02.792,1,3,Read Holding Registers,2560,0,-1,-1,-1,-1,-1,-1,-1,-1,46628
2026-08-23 00:22:03.230,1,1,Read Coils,25,3,-1,-1,-1,-1,-1,-1,-1,-1,52397
2026-08-23 00:22:03.242,1,1,Read Coils,256,20872,-1,-1,-1,-1,-1,-1,-1,-1,34897
2026-08-23 00:22:03.732,1,2,Read Discrete Inputs,4,12,-1,-1,-1,-1,-1,-1,-1,-1,52793
2026-08-23 00:22:03.744,1,2,Read Discrete Inputs,513,184,-1,-1,-1,-1,-1,-1,-1,-1,10424
2026-08-23 00:22:04.235,1,3,Read Holding Registers,1260,12,-1,-1,-1,-1,-1,-1,-1,-1,2693
2026-08-23 00:22:04.267,1,3,Read Holding Registers,6183,3840,-1,-1,-1,-1,-1,-1,-1,-1,61305
2026-08-23 00:22:04.727,1,4,Read Input Registers,86,3,-1,-1,-1,-1,-1,-1,-1,-1,6992
2026-08-23 00:22:04.749,1,4,Read Input Registers,1538,21248,-1,-1,-1,-1,-1,-1,-1,-1,32229
2026-08-23 00:22:05.227,1,5,Write Single Coil,9012,0,-1,-1,-1,-1,-1,-1,-1,-1,32903
2026-08-23 00:22:05.239,1,5,Write Single Coil,9012,0,-1,-1,-1,-1,-1,-1,-1,-1,32903
2026-08-23 00:22:06.185,1,6,Write Single Register,1276,-1,-1,1551,1551,1551,1551,10,-1,-1,28171
2026-08-23 00:22:06.197,1,6,Write Single Register,1276,-1,-1,1551,1551,1551,1551,10,-1,-1,28171
2026-08-23 00:22:06.239,1,16,Write Multiple Registers,2835,3,6,102,257,227,586,37,-1,-1,42967
2026-08-23 00:22:06.261,1,3,Read Holding Registers,1200,5,-1,-1,-1,-1,-1,-1,-1,-1,7813
2026-08-23 00:22:06.283,1,3,Read Holding Registers,2560,0,-1,-1,-1,-1,-1,-1,-1,-1,46628
2026-08-23 00:22:06.731,1,1,Read Coils,25,3,-1,-1,-1,-1,-1,-1,-1,-1,52397
2026-08-23 00:22:06.742,1,1,Read Coils,256,20872,-1,-1,-1,-1,-1,-1,-1,-1,34897
2026-08-23 00:22:07.231,1,2,Read Discrete Inputs,4,12,-1,-1,-1,-1,-1,-1,-1,-1,52793
2026-08-23 00:22:07.243,1,2,Read Discrete Inputs,512,185,-1,-1,-1,-1,-1,-1,-1,-1,47289
2026-08-23 00:22:07.732,1,3,Read Holding Registers,1260,12,-1,-1,-1,-1,-1,-1,-1,-1,2693
2026-08-23 00:22:07.765,1,3,Read Holding Registers,6183,3840,-1,-1,-1,-1,-1,-1,-1,-1,61305
2026-08-23 00:22:08.234,1,4,Read Input Registers,86,3,-1,-1,-1,-1,-1,-1,-1,-1,6992
2026-08-23 00:22:08.246,1,4,Read Input Registers,1538,52480,-1,-1,-1,-1,-1,-1,-1,-1,41292
2026-08-23 00:22:09.734,1,16,Write Multiple Registers,2835,3,6,106,257,248,611,37,-1,-1,42611
2026-08-23 00:22:09.767,1,3,Read Holding Registers,1200,5,-1,-1,-1,-1,-1,-1,-1,-1,7813
2026-08-23 00:22:09.788,1,3,Read Holding Registers,2560,0,-1,-1,-1,-1,-1,-1,-1,-1,46628
2026-08-23 00:22:10.227,1,1,Read Coils,25,3,-1,-1,-1,-1,-1,-1,-1,-1,52397
2026-08-23 00:22:10.239,1,1,Read Coils,256,20872,-1,-1,-1,-1,-1,-1,-1,-1,34897
2026-08-23 00:22:10.728,1,2,Read Discrete Inputs,4,12,-1,-1,-1,-1,-1,-1,-1,-1,52793
2026-08-23 00:22:10.740,1,2,Read Discrete Inputs,512,185,-1,-1,-1,-1,-1,-1,-1,-1,47289
2026-08-23 00:22:11.229,1,3,Read Holding Registers,1260,12,-1,-1,-1,-1,-1,-1,-1,-1,2693
2026-08-23 00:22:11.271,1,3,Read Holding Registers,6183,3840,-1,-1,-1,-1,-1,-1,-1,-1,61305
2026-08-23 00:22:11.730,1,4,Read Input Registers,86,3,-1,-1,-1,-1,-1,-1,-1,-1,6992
2026-08-23 00:22:11.752,1,4,Read Input Registers,1538,60160,-1,-1,-1,-1,-1,-1,-1,-1,26181
2026-08-23 00:22:12.232,1,5,Write Single Coil,9012,0,-1,-1,-1,-1,-1,-1,-1,-1,32903
2026-08-23 00:22:12.244,1,5,Write Single Coil,9012,0,-1,-1,-1,-1,-1,-1,-1,-1,32903
2026-08-23 00:22:13.241,1,16,Write Multiple Registers,2835,3,6,103,248,205,556,33,-1,-1,45999
2026-08-23 00:22:13.264,1,3,Read Holding Registers,1200,5,-1,-1,-1,-1,-1,-1,-1,-1,7813
2026-08-23 00:22:13.285,1,3,Read Holding Registers,2560,0,-1,-1,-1,-1,-1,-1,-1,-1,46628
2026-08-23 00:22:13.733,1,1,Read Coils,25,3,-1,-1,-1,-1,-1,-1,-1,-1,52397
2026-08-23 00:22:13.745,1,1,Read Coils,256,20872,-1,-1,-1,-1,-1,-1,-1,-1,34897
2026-08-23 00:22:14.235,1,2,Read Discrete Inputs,4,12,-1,-1,-1,-1,-1,-1,-1,-1,52793
2026-08-23 00:22:14.246,1,2,Read Discrete Inputs,513,184,-1,-1,-1,-1,-1,-1,-1,-1,10424
2026-08-23 00:22:14.726,1,3,Read Holding Registers,1260,12,-1,-1,-1,-1,-1,-1,-1,-1,2693
2026-08-23 00:22:14.768,1,3,Read Holding Registers,6183,3840,-1,-1,-1,-1,-1,-1,-1,-1,61305
2026-08-23 00:22:15.227,1,4,Read Input Registers,86,3,-1,-1,-1,-1,-1,-1,-1,-1,6992
2026-08-23 00:22:15.249,1,4,Read Input Registers,1538,43264,-1,-1,-1,-1,-1,-1,-1,-1,26941
2026-08-23 00:22:15.352,1,6,Write Single Register,1277,-1,-1,1756,1756,1756,1756,9,-1,-1,13083
2026-08-23 00:22:15.364,1,6,Write Single Register,1277,-1,-1,1756,1756,1756,1756,9,-1,-1,13083
2026-08-23 00:22:15.732,1,5,Write Single Coil,9012,0,-1,-1,-1,-1,-1,-1,-1,-1,32903
2026-08-23 00:22:15.743,1,5,Write Single Coil,9012,0,-1,-1,-1,-1,-1,-1,-1,-1,32903
2026-08-23 00:22:16.742,1,16,Write Multiple Registers,2835,3,6,111,240,223,574,31,-1,-1,46231
2026-08-23 00:22:16.764,1,3,Read Holding Registers,1200,5,-1,-1,-1,-1,-1,-1,-1,-1,7813
2026-08-23 00:22:16.786,1,3,Read Holding Registers,2560,0,-1,-1,-1,-1,-1,-1,-1,-1,46628
2026-08-23 00:22:17.233,1,1,Read Coils,25,3,-1,-1,-1,-1,-1,-1,-1,-1,52397
2026-08-23 00:22:17.245,1,1,Read Coils,256,20872,-1,-1,-1,-1,-1,-1,-1,-1,34897
2026-08-23 00:22:17.734,1,2,Read Discrete Inputs,4,12,-1,-1,-1,-1,-1,-1,-1,-1,52793
2026-08-23 00:22:17.745,1,2,Read Discrete Inputs,512,185,-1,-1,-1,-1,-1,-1,-1,-1,47289
2026-08-23 00:22:18.234,1,3,Read Holding Registers,1260,12,-1,-1,-1,-1,-1,-1,-1,-1,2693
2026-08-23 00:22:18.266,1,3,Read Holding Registers,6183,3840,-1,-1,-1,-1,-1,-1,-1,-1,61305
2026-08-23 00:22:18.735,1,4,Read Input Registers,86,3,-1,-1,-1,-1,-1,-1,-1,-1,6992
2026-08-23 00:22:18.747,1,4,Read Input Registers,1537,256,-1,-1,-1,-1,-1,-1,-1,-1,33372
2026-08-23 00:22:19.733,1,6,Write Single Register,321,-1,-1,22,22,22,22,13,-1,-1,60505
2026-08-23 00:22:19.745,1,6,Write Single Register,321,-1,-1,22,22,22,22,13,-1,-1,60505
2026-08-23 00:22:20.235,1,16,Write Multiple Registers,2835,3,6,104,248,225,577,36,-1,-1,30222
2026-08-23 00:22:20.268,1,3,Read Holding Registers,1200,5,-1,-1,-1,-1,-1,-1,-1,-1,7813
2026-08-23 00:22:20.290,1,3,Read Holding Registers,2560,0,-1,-1,-1,-1,-1,-1,-1,-1,46628
2026-08-23 00:22:20.728,1,1,Read Coils,25,3,-1,-1,-1,-1,-1,-1,-1,-1,52397
2026-08-23 00:22:20.739,1,1,Read Coils,256,20872,-1,-1,-1,-1,-1,-1,-1,-1,34897
2026-08-23 00:22:21.228,1,2,Read Discrete Inputs,4,12,-1,-1,-1,-1,-1,-1,-1,-1,52793
2026-08-23 00:22:21.239,1,2,Read Discrete Inputs,513,184,-1,-1,-1,-1,-1,-1,-1,-1,10424
2026-08-23 00:22:21.342,1,6,Write Single Register,1271,-1,-1,744,744,744,744,11,-1,-1,9784
2026-08-23 00:22:21.353,1,6,Write Single Register,1271,-1,-1,744,744,744,744,11,-1,-1,9784
2026-08-23 00:22:21.730,1,3,Read Holding Registers,1260,12,-1,-1,-1,-1,-1,-1,-1,-1,2693
2026-08-23 00:22:21.772,1,3,Read Holding Registers,6183,3840,-1,-1,-1,-1,-1,-1,-1,-1,11384
2026-08-23 00:22:22.231,1,4,Read Input Registers,86,3,-1,-1,-1,-1,-1,-1,-1,-1,6992
2026-08-23 00:22:22.252,1,4,Read Input Registers,1538,15360,-1,-1,-1,-1,-1,-1,-1,-1,29745
2026-08-23 00:22:23.739,1,16,Write Multiple Registers,2835,3,6,109,250,201,560,33,-1,-1,45311
2026-08-23 00:22:23.763,1,3,Read Holding Registers,1200,5,-1,-1,-1,-1,-1,-1,-1,-1,7813
2026-08-23 00:22:23.784,1,3,Read Holding Registers,2560,0,-1,-1,-1,-1,-1,-1,-1,-1,46628
2026-08-23 00:22:24.235,1,1,Read Coils,25,3,-1,-1,-1,-1,-1,-1,-1,-1,52397
2026-08-23 00:22:24.246,1,1,Read Coils,256,20872,-1,-1,-1,-1,-1,-1,-1,-1,34897
2026-08-23 00:22:24.727,1,2,Read Discrete Inputs,4,12,-1,-1,-1,-1,-1,-1,-1,-1,52793
2026-08-23 00:22:24.739,1,2,Read Discrete Inputs,513,184,-1,-1,-1,-1,-1,-1,-1,-1,10424
2026-08-23 00:22:25.228,1,3,Read Holding Registers,1260,12,-1,-1,-1,-1,-1,-1,-1,-1,2693
2026-08-23 00:22:25.270,1,3,Read Holding Registers,6183,3840,-1,-1,-1,-1,-1,-1,-1,-1,11384
2026-08-23 00:22:25.728,1,4,Read Input Registers,86,3,-1,-1,-1,-1,-1,-1,-1,-1,6992
2026-08-23 00:22:25.750,1,4,Read Input Registers,1537,12288,-1,-1,-1,-1,-1,-1,-1,-1,17953
2026-08-23 00:22:26.728,1,6,Write Single Register,321,-1,-1,14,14,14,14,13,-1,-1,58969
2026-08-23 00:22:26.739,1,6,Write Single Register,321,-1,-1,14,14,14,14,13,-1,-1,58969
2026-08-23 00:22:27.238,1,16,Write Multiple Registers,2835,3,6,100,246,240,586,35,-1,-1,45243
2026-08-23 00:22:27.261,1,3,Read Holding Registers,1200,5,-1,-1,-1,-1,-1,-1,-1,-1,7813
2026-08-23 00:22:27.282,1,3,Read Holding Registers,2560,0,-1,-1,-1,-1,-1,-1,-1,-1,46628
2026-08-23 00:22:27.734,1,1,Read Coils,25,3,-1,-1,-1,-1,-1,-1,-1,-1,52397
2026-08-23 00:22:27.746,1,1,Read Coils,256,20872,-1,-1,-1,-1,-1,-1,-1,-1,34897
2026-08-23 00:22:28.235,1,2,Read Discrete Inputs,4,12,-1,-1,-1,-1,-1,-1,-1,-1,52793
2026-08-23 00:22:28.247,1,2,Read Discrete Inputs,513,184,-1,-1,-1,-1,-1,-1,-1,-1,10424
2026-08-23 00:22:28.350,1,6,Write Single Register,1262,-1,-1,43,43,43,43,12,-1,-1,53416
2026-08-23 00:22:28.372,1,6,Write Single Register,1262,-1,-1,43,43,43,43,12,-1,-1,53416
2026-08-23 00:22:28.731,1,3,Read Holding Registers,1260,12,-1,-1,-1,-1,-1,-1,-1,-1,2693
2026-08-23 00:22:28.773,1,3,Read Holding Registers,6183,3840,-1,-1,-1,-1,-1,-1,-1,-1,26684
2026-08-23 00:22:29.232,1,4,Read Input Registers,86,3,-1,-1,-1,-1,-1,-1,-1,-1,6992
2026-08-23 00:22:29.244,1,4,Read Input Registers,1538,38400,-1,-1,-1,-1,-1,-1,-1,-1,27689
2026-08-23 00:22:30.235,1,6,Write Single Register,321,-1,-1,21,21,21,21,13,-1,-1,60697
2026-08-23 00:22:30.247,1,6,Write Single Register,321,-1,-1,21,21,21,21,13,-1,-1,60697
2026-08-23 00:22:30.738,1,16,Write Multiple Registers,2835,3,6,116,242,238,596,33,-1,-1,46619
2026-08-23 00:22:30.771,1,3,Read Holding Registers,1200,5,-1,-1,-1,-1,-1,-1,-1,-1,7813
2026-08-23 00:22:30.782,1,3,Read Holding Registers,2560,0,-1,-1,-1,-1,-1,-1,-1,-1,46628
2026-08-23 00:22:31.231,1,1,Read Coils,25,3,-1,-1,-1,-1,-1,-1,-1,-1,52397
2026-08-23 00:22:31.243,1,1,Read Coils,256,20872,-1,-1,-1,-1,-1,-1,-1,-1,34897
2026-08-23 00:22:31.732,1,2,Read Discrete Inputs,4,12,-1,-1,-1,-1,-1,-1,-1,-1,52793
2026-08-23 00:22:31.744,1,2,Read Discrete Inputs,512,185,-1,-1,-1,-1,-1,-1,-1,-1,47289
2026-08-23 00:22:32.235,1,3,Read Holding Registers,1260,12,-1,-1,-1,-1,-1,-1,-1,-1,2693
2026-08-23 00:22:32.267,1,3,Read Holding Registers,6183,3840,-1,-1,-1,-1,-1,-1,-1,-1,26684
2026-08-23 00:22:32.728,1,4,Read Input Registers,86,3,-1,-1,-1,-1,-1,-1,-1,-1,6992
2026-08-23 00:22:32.750,1,4,Read Input Registers,1536,31488,-1,-1,-1,-1,-1,-1,-1,-1,39300
2026-08-23 00:22:33.231,1,5,Write Single Coil,9012,65280,-1,-1,-1,-1,-1,-1,-1,-1,28870
2026-08-23 00:22:33.242,1,5,Write Single Coil,9012,65280,-1,-1,-1,-1,-1,-1,-1,-1,28870
2026-08-23 00:22:34.240,1,16,Write Multiple Registers,2835,3,6,107,246,206,559,32,-1,-1,29866
2026-08-23 00:22:34.262,1,3,Read Holding Registers,1200,5,-1,-1,-1,-1,-1,-1,-1,-1,7813
2026-08-23 00:22:34.284,1,3,Read Holding Registers,2560,0,-1,-1,-1,-1,-1,-1,-1,-1,46628
2026-08-23 00:22:34.733,1,1,Read Coils,25,3,-1,-1,-1,-1,-1,-1,-1,-1,52397
2026-08-23 00:22:34.744,1,1,Read Coils,256,20872,-1,-1,-1,-1,-1,-1,-1,-1,34897
2026-08-23 00:22:35.234,1,2,Read Discrete Inputs,4,12,-1,-1,-1,-1,-1,-1,-1,-1,52793
2026-08-23 00:22:35.245,1,2,Read Discrete Inputs,513,184,-1,-1,-1,-1,-1,-1,-1,-1,10424
2026-08-23 00:22:35.735,1,3,Read Holding Registers,1260,12,-1,-1,-1,-1,-1,-1,-1,-1,2693
2026-08-23 00:22:35.767,1,3,Read Holding Registers,6183,3840,-1,-1,-1,-1,-1,-1,-1,-1,26684
2026-08-23 00:22:36.229,1,4,Read Input Registers,86,3,-1,-1,-1,-1,-1,-1,-1,-1,6992
2026-08-23 00:22:36.251,1,4,Read Input Registers,1536,45312,-1,-1,-1,-1,-1,-1,-1,-1,35100
2026-08-23 00:22:37.229,1,6,Write Single Register,321,-1,-1,14,14,14,14,13,-1,-1,58969
2026-08-23 00:22:37.240,1,6,Write Single Register,321,-1,-1,14,14,14,14,13,-1,-1,58969
2026-08-23 00:22:37.740,1,16,Write Multiple Registers,2835,3,6,105,253,239,597,30,-1,-1,29942
2026-08-23 00:22:37.763,1,3,Read Holding Registers,1200,5,-1,-1,-1,-1,-1,-1,-1,-1,7813
2026-08-23 00:22:37.785,1,3,Read Holding Registers,2560,0,-1,-1,-1,-1,-1,-1,-1,-1,46628
2026-08-23 00:22:38.234,1,1,Read Coils,25,3,-1,-1,-1,-1,-1,-1,-1,-1,52397
2026-08-23 00:22:38.246,1,1,Read Coils,256,20872,-1,-1,-1,-1,-1,-1,-1,-1,34897
2026-08-23 00:22:38.726,1,2,Read Discrete Inputs,4,12,-1,-1,-1,-1,-1,-1,-1,-1,52793
2026-08-23 00:22:38.748,1,2,Read Discrete Inputs,512,185,-1,-1,-1,-1,-1,-1,-1,-1,47289
2026-08-23 00:22:39.228,1,3,Read Holding Registers,1260,12,-1,-1,-1,-1,-1,-1,-1,-1,2693
2026-08-23 00:22:39.270,1,3,Read Holding Registers,6183,3840,-1,-1,-1,-1,-1,-1,-1,-1,26684
2026-08-23 00:22:39.730,1,4,Read Input Registers,86,3,-1,-1,-1,-1,-1,-1,-1,-1,6992
2026-08-23 00:22:39.752,1,4,Read Input Registers,1539,25600,-1,-1,-1,-1,-1,-1,-1,-1,26641
2026-08-23 00:22:40.232,1,5,Write Single Coil,9012,65280,-1,-1,-1,-1,-1,-1,-1,-1,28870
2026-08-23 00:22:40.243,1,5,Write Single Coil,9012,65280,-1,-1,-1,-1,-1,-1,-1,-1,28870
2026-08-23 00:22:41.241,1,16,Write Multiple Registers,2835,3,6,102,252,248,602,33,-1,-1,46195
2026-08-23 00:22:41.264,1,3,Read Holding Registers,1200,5,-1,-1,-1,-1,-1,-1,-1,-1,7813
2026-08-23 00:22:41.285,1,3,Read Holding Registers,2560,0,-1,-1,-1,-1,-1,-1,-1,-1,46628
2026-08-23 00:22:41.734,1,1,Read Coils,25,3,-1,-1,-1,-1,-1,-1,-1,-1,52397
2026-08-23 00:22:41.746,1,1,Read Coils,256,20872,-1,-1,-1,-1,-1,-1,-1,-1,34897
2026-08-23 00:22:42.227,1,2,Read Discrete Inputs,4,12,-1,-1,-1,-1,-1,-1,-1,-1,52793
2026-08-23 00:22:42.249,1,2,Read Discrete Inputs,513,184,-1,-1,-1,-1,-1,-1,-1,-1,10424
2026-08-23 00:22:42.729,1,3,Read Holding Registers,1260,12,-1,-1,-1,-1,-1,-1,-1,-1,2693
2026-08-23 00:22:42.772,1,3,Read Holding Registers,6183,3840,-1,-1,-1,-1,-1,-1,-1,-1,26684
2026-08-23 00:22:42.793,1,6,Write Single Register,1267,-1,-1,311,311,311,311,10,-1,-1,36664
2026-08-23 00:22:42.805,1,6,Write Single Register,1267,-1,-1,311,311,311,311,10,-1,-1,36664
2026-08-23 00:22:43.234,1,4,Read Input Registers,86,3,-1,-1,-1,-1,-1,-1,-1,-1,6992
2026-08-23 00:22:43.245,1,4,Read Input Registers,1537,20224,-1,-1,-1,-1,-1,-1,-1,-1,35892
2026-08-23 00:22:44.742,1,16,Write Multiple Registers,2835,3,6,110,253,242,605,31,-1,-1,47019
2026-08-23 00:22:44.765,1,3,Read Holding Registers,1200,5,-1,-1,-1,-1,-1,-1,-1,-1,7813
2026-08-23 00:22:44.786,1,3,Read Holding Registers,2560,0,-1,-1,-1,-1,-1,-1,-1,-1,46628
2026-08-23 00:22:45.235,1,1,Read Coils,25,3,-1,-1,-1,-1,-1,-1,-1,-1,52397
2026-08-23 00:22:45.247,1,1,Read Coils,256,20872,-1,-1,-1,-1,-1,-1,-1,-1,34897
2026-08-23 00:22:45.727,1,2,Read Discrete Inputs,4,12,-1,-1,-1,-1,-1,-1,-1,-1,52793
2026-08-23 00:22:45.738,1,2,Read Discrete Inputs,513,184,-1,-1,-1,-1,-1,-1,-1,-1,10424
2026-08-23 00:22:46.228,1,3,Read Holding Registers,1260,12,-1,-1,-1,-1,-1,-1,-1,-1,2693
2026-08-23 00:22:46.271,1,3,Read Holding Registers,6183,3840,-1,-1,-1,-1,-1,-1,-1,-1,51266
2026-08-23 00:22:46.731,1,4,Read Input Registers,86,3,-1,-1,-1,-1,-1,-1,-1,-1,6992
2026-08-23 00:22:46.753,1,4,Read Input Registers,1538,33024,-1,-1,-1,-1,-1,-1,-1,-1,28509
2026-08-23 00:22:48.238,1,16,Write Multiple Registers,2835,3,6,100,247,243,590,32,-1,-1,29126
2026-08-23 00:22:48.271,1,3,Read Holding Registers,1200,5,-1,-1,-1,-1,-1,-1,-1,-1,7813
2026-08-23 00:22:48.293,1,3,Read Holding Registers,2560,0,-1,-1,-1,-1,-1,-1,-1,-1,46628
2026-08-23 00:22:48.732,1,1,Read Coils,25,3,-1,-1,-1,-1,-1,-1,-1,-1,52397
2026-08-23 00:22:48.744,1,1,Read Coils,256,20872,-1,-1,-1,-1,-1,-1,-1,-1,34897
2026-08-23 00:22:49.233,1,2,Read Discrete Inputs,4,12,-1,-1,-1,-1,-1,-1,-1,-1,52793
2026-08-23 00:22:49.245,1,2,Read Discrete Inputs,512,185,-1,-1,-1,-1,-1,-1,-1,-1,47289
2026-08-23 00:22:49.735,1,3,Read Holding Registers,1260,12,-1,-1,-1,-1,-1,-1,-1,-1,2693
2026-08-23 00:22:49.767,1,3,Read Holding Registers,6183,3840,-1,-1,-1,-1,-1,-1,-1,-1,51266
2026-08-23 00:22:49.932,1,6,Write Single Register,1276,-1,-1,1552,1552,1552,1552,13,-1,-1,42570
2026-08-23 00:22:49.953,1,6,Write Single Register,1276,-1,-1,1552,1552,1552,1552,13,-1,-1,42570
2026-08-23 00:22:50.230,1,4,Read Input Registers,86,3,-1,-1,-1,-1,-1,-1,-1,-1,6992
2026-08-23 00:22:50.252,1,4,Read Input Registers,1538,21760,-1,-1,-1,-1,-1,-1,-1,-1,32109
2026-08-23 00:22:51.229,1,6,Write Single Register,321,-1,-1,31,31,31,31,11,-1,-1,60057
2026-08-23 00:22:51.241,1,6,Write Single Register,321,-1,-1,31,31,31,31,11,-1,-1,60057
2026-08-23 00:22:51.741,1,16,Write Multiple Registers,2835,3,6,107,242,201,550,34,-1,-1,30494
2026-08-23 00:22:51.764,1,3,Read Holding Registers,1200,5,-1,-1,-1,-1,-1,-1,-1,-1,7813
2026-08-23 00:22:51.785,1,3,Read Holding Registers,2560,0,-1,-1,-1,-1,-1,-1,-1,-1,46628
2026-08-23 00:22:52.235,1,1,Read Coils,25,3,-1,-1,-1,-1,-1,-1,-1,-1,52397
2026-08-23 00:22:52.247,1,1,Read Coils,256,20872,-1,-1,-1,-1,-1,-1,-1,-1,34897
2026-08-23 00:22:52.727,1,2,Read Discrete Inputs,4,12,-1,-1,-1,-1,-1,-1,-1,-1,52793
2026-08-23 00:22:52.748,1,2,Read Discrete Inputs,512,185,-1,-1,-1,-1,-1,-1,-1,-1,47289
2026-08-23 00:22:53.228,1,3,Read Holding Registers,1260,12,-1,-1,-1,-1,-1,-1,-1,-1,2693
2026-08-23 00:22:53.270,1,3,Read Holding Registers,6183,3840,-1,-1,-1,-1,-1,-1,-1,-1,51266
2026-08-23 00:22:53.729,1,4,Read Input Registers,86,3,-1,-1,-1,-1,-1,-1,-1,-1,6992
2026-08-23 00:22:53.750,1,4,Read Input Registers,1538,52992,-1,-1,-1,-1,-1,-1,-1,-1,24885
2026-08-23 00:22:54.728,1,6,Write Single Register,321,-1,-1,31,31,31,31,11,-1,-1,60057
2026-08-23 00:22:54.750,1,6,Write Single Register,321,-1,-1,31,31,31,31,11,-1,-1,60057
2026-08-23 00:22:55.239,1,16,Write Multiple Registers,2835,3,6,118,256,243,617,36,-1,-1,25046
2026-08-23 00:22:55.262,1,3,Read Holding Registers,1200,5,-1,-1,-1,-1,-1,-1,-1,-1,7813
2026-08-23 00:22:55.283,1,3,Read Holding Registers,2560,0,-1,-1,-1,-1,-1,-1,-1,-1,46628
2026-08-23 00:22:55.732,1,1,Read Coils,25,3,-1,-1,-1,-1,-1,-1,-1,-1,52397
2026-08-23 00:22:55.743,1,1,Read Coils,256,20872,-1,-1,-1,-1,-1,-1,-1,-1,34897
2026-08-23 00:22:56.232,1,2,Read Discrete Inputs,4,12,-1,-1,-1,-1,-1,-1,-1,-1,52793
2026-08-23 00:22:56.244,1,2,Read Discrete Inputs,512,185,-1,-1,-1,-1,-1,-1,-1,-1,47289
2026-08-23 00:22:56.735,1,3,Read Holding Registers,1260,12,-1,-1,-1,-1,-1,-1,-1,-1,2693
2026-08-23 00:22:56.767,1,3,Read Holding Registers,6183,3840,-1,-1,-1,-1,-1,-1,-1,-1,51266
2026-08-23 00:22:57.235,1,4,Read Input Registers,86,3,-1,-1,-1,-1,-1,-1,-1,-1,6992
2026-08-23 00:22:57.246,1,4,Read Input Registers,1538,24064,-1,-1,-1,-1,-1,-1,-1,-1,48328
2026-08-23 00:22:58.740,1,16,Write Multiple Registers,2835,3,6,112,243,242,597,34,-1,-1,30134
2026-08-23 00:22:58.763,1,3,Read Holding Registers,1200,5,-1,-1,-1,-1,-1,-1,-1,-1,7813
2026-08-23 00:22:58.784,1,3,Read Holding Registers,2560,0,-1,-1,-1,-1,-1,-1,-1,-1,46628
2026-08-23 00:22:59.232,1,1,Read Coils,25,3,-1,-1,-1,-1,-1,-1,-1,-1,52397
2026-08-23 00:22:59.243,1,1,Read Coils,256,20872,-1,-1,-1,-1,-1,-1,-1,-1,34897
2026-08-23 00:22:59.732,1,2,Read Discrete Inputs,4,12,-1,-1,-1,-1,-1,-1,-1,-1,52793
2026-08-23 00:22:59.744,1,2,Read Discrete Inputs,512,185,-1,-1,-1,-1,-1,-1,-1,-1,47289
2026-08-23 00:23:00.233,1,3,Read Holding Registers,1260,12,-1,-1,-1,-1,-1,-1,-1,-1,2693
2026-08-23 00:23:00.276,1,3,Read Holding Registers,6183,3840,-1,-1,-1,-1,-1,-1,-1,-1,51266
2026-08-23 00:23:00.735,1,4,Read Input Registers,86,3,-1,-1,-1,-1,-1,-1,-1,-1,6992
2026-08-23 00:23:00.747,1,4,Read Input Registers,1539,40448,-1,-1,-1,-1,-1,-1,-1,-1,31945
2026-08-23 00:23:01.226,1,5,Write Single Coil,9012,0,-1,-1,-1,-1,-1,-1,-1,-1,32903
2026-08-23 00:23:01.248,1,5,Write Single Coil,9012,0,-1,-1,-1,-1,-1,-1,-1,-1,32903
2026-08-23 00:23:02.236,1,16,Write Multiple Registers,2835,3,6,112,249,221,582,33,-1,-1,46111
2026-08-23 00:23:02.269,1,3,Read Holding Registers,1200,5,-1,-1,-1,-1,-1,-1,-1,-1,7813
2026-08-23 00:23:02.291,1,3,Read Holding Registers,2560,0,-1,-1,-1,-1,-1,-1,-1,-1,46628
2026-08-23 00:23:02.729,1,1,Read Coils,25,3,-1,-1,-1,-1,-1,-1,-1,-1,52397
2026-08-23 00:23:02.740,1,1,Read Coils,256,20872,-1,-1,-1,-1,-1,-1,-1,-1,34897
2026-08-23 00:23:03.230,1,2,Read Discrete Inputs,4,12,-1,-1,-1,-1,-1,-1,-1,-1,52793
2026-08-23 00:23:03.241,1,2,Read Discrete Inputs,513,184,-1,-1,-1,-1,-1,-1,-1,-1,10424
2026-08-23 00:23:03.631,1,6,Write Single Register,1262,-1,-1,49,49,49,49,13,-1,-1,6953
2026-08-23 00:23:03.642,1,6,Write Single Register,1262,-1,-1,49,49,49,49,13,-1,-1,6953
2026-08-23 00:23:03.735,1,3,Read Holding Registers,1260,12,-1,-1,-1,-1,-1,-1,-1,-1,2693
2026-08-23 00:23:03.767,1,3,Read Holding Registers,6183,3840,-1,-1,-1,-1,-1,-1,-1,-1,53789
2026-08-23 00:23:04.236,1,4,Read Input Registers,86,3,-1,-1,-1,-1,-1,-1,-1,-1,6992
2026-08-23 00:23:04.247,1,4,Read Input Registers,1537,35840,-1,-1,-1,-1,-1,-1,-1,-1,40304
2026-08-23 00:23:04.727,1,5,Write Single Coil,9012,0,-1,-1,-1,-1,-1,-1,-1,-1,32903
2026-08-23 00:23:04.749,1,5,Write Single Coil,9012,0,-1,-1,-1,-1,-1,-1,-1,-1,32903
2026-08-23 00:23:05.735,1,16,Write Multiple Registers,2835,3,6,119,253,207,579,29,-1,-1,46359
2026-08-23 00:23:05.768,1,3,Read Holding Registers,1200,5,-1,-1,-1,-1,-1,-1,-1,-1,7813
2026-08-23 00:23:05.789,1,3,Read Holding Registers,2560,0,-1,-1,-1,-1,-1,-1,-1,-1,46628
2026-08-23 00:23:06.229,1,1,Read Coils,25,3,-1,-1,-1,-1,-1,-1,-1,-1,52397
2026-08-23 00:23:06.240,1,1,Read Coils,256,20872,-1,-1,-1,-1,-1,-1,-1,-1,34897
2026-08-23 00:23:06.731,1,2,Read Discrete Inputs,4,12,-1,-1,-1,-1,-1,-1,-1,-1,52793
2026-08-23 00:23:06.742,1,2,Read Discrete Inputs,513,184,-1,-1,-1,-1,-1,-1,-1,-1,10424
2026-08-23 00:23:07.232,1,3,Read Holding Registers,1260,12,-1,-1,-1,-1,-1,-1,-1,-1,2693
2026-08-23 00:23:07.274,1,3,Read Holding Registers,6183,3840,-1,-1,-1,-1,-1,-1,-1,-1,53789
2026-08-23 00:23:07.732,1,4,Read Input Registers,86,3,-1,-1,-1,-1,-1,-1,-1,-1,6992
2026-08-23 00:23:07.744,1,4,Read Input Registers,1538,44800,-1,-1,-1,-1,-1,-1,-1,-1,27061
2026-08-23 00:23:08.233,1,5,Write Single Coil,9012,0,-1,-1,-1,-1,-1,-1,-1,-1,32903
2026-08-23 00:23:08.245,1,5,Write Single Coil,9012,0,-1,-1,-1,-1,-1,-1,-1,-1,32903
2026-08-23 00:23:09.242,1,16,Write Multiple Registers,2835,3,6,104,243,235,582,33,-1,-1,45271
2026-08-23 00:23:09.265,1,3,Read Holding Registers,1200,5,-1,-1,-1,-1,-1,-1,-1,-1,7813
2026-08-23 00:23:09.286,1,3,Read Holding Registers,2560,0,-1,-1,-1,-1,-1,-1,-1,-1,46628
2026-08-23 00:23:09.734,1,1,Read Coils,25,3,-1,-1,-1,-1,-1,-1,-1,-1,52397
2026-08-23 00:23:09.746,1,1,Read Coils,256,20872,-1,-1,-1,-1,-1,-1,-1,-1,34897
2026-08-23 00:23:10.235,1,2,Read Discrete Inputs,4,12,-1,-1,-1,-1,-1,-1,-1,-1,52793
2026-08-23 00:23:10.247,1,2,Read Discrete Inputs,513,184,-1,-1,-1,-1,-1,-1,-1,-1,10424
2026-08-23 00:23:10.735,1,3,Read Holding Registers,1260,12,-1,-1,-1,-1,-1,-1,-1,-1,2693
2026-08-23 00:23:10.767,1,3,Read Holding Registers,6183,3840,-1,-1,-1,-1,-1,-1,-1,-1,53789
2026-08-23 00:23:11.237,1,4,Read Input Registers,86,3,-1,-1,-1,-1,-1,-1,-1,-1,6992
2026-08-23 00:23:11.248,1,4,Read Input Registers,1536,41984,-1,-1,-1,-1,-1,-1,-1,-1,18961
2026-08-23 00:23:12.235,1,6,Write Single Register,321,-1,-1,10,10,10,10,14,-1,-1,9560
2026-08-23 00:23:12.247,1,6,Write Single Register,321,-1,-1,10,10,10,10,14,-1,-1,9560
2026-08-23 00:23:12.736,1,16,Write Multiple Registers,2835,3,6,105,255,220,580,31,-1,-1,45427
2026-08-23 00:23:12.770,1,3,Read Holding Registers,1200,5,-1,-1,-1,-1,-1,-1,-1,-1,7813
2026-08-23 00:23:12.791,1,3,Read Holding Registers,2560,0,-1,-1,-1,-1,-1,-1,-1,-1,46628
2026-08-23 00:23:12.802,1,6,Write Single Register,1262,-1,-1,48,48,48,48,14,-1,-1,56296
2026-08-23 00:23:12.814,1,6,Write Single Register,1262,-1,-1,48,48,48,48,14,-1,-1,56296
2026-08-23 00:23:13.232,1,1,Read Coils,25,3,-1,-1,-1,-1,-1,-1,-1,-1,52397
2026-08-23 00:23:13.243,1,1,Read Coils,256,20872,-1,-1,-1,-1,-1,-1,-1,-1,34897
2026-08-23 00:23:13.733,1,2,Read Discrete Inputs,4,12,-1,-1,-1,-1,-1,-1,-1,-1,52793
2026-08-23 00:23:13.745,1,2,Read Discrete Inputs,513,184,-1,-1,-1,-1,-1,-1,-1,-1,10424
2026-08-23 00:23:14.235,1,3,Read Holding Registers,1260,12,-1,-1,-1,-1,-1,-1,-1,-1,2693
2026-08-23 00:23:14.267,1,3,Read Holding Registers,6183,3840,-1,-1,-1,-1,-1,-1,-1,-1,11808
2026-08-23 00:23:14.736,1,4,Read Input Registers,86,3,-1,-1,-1,-1,-1,-1,-1,-1,6992
2026-08-23 00:23:14.748,1,4,Read Input Registers,1536,41216,-1,-1,-1,-1,-1,-1,-1,-1,19165
2026-08-23 00:23:15.236,1,5,Write Single Coil,9012,0,-1,-1,-1,-1,-1,-1,-1,-1,32903
2026-08-23 00:23:15.248,1,5,Write Single Coil,9012,0,-1,-1,-1,-1,-1,-1,-1,-1,32903
2026-08-23 00:23:16.244,1,16,Write Multiple Registers,2835,3,6,100,253,249,602,32,-1,-1,29742
2026-08-23 00:23:16.267,1,3,Read Holding Registers,1200,5,-1,-1,-1,-1,-1,-1,-1,-1,7813
2026-08-23 00:23:16.288,1,3,Read Holding Registers,2560,0,-1,-1,-1,-1,-1,-1,-1,-1,46628
2026-08-23 00:23:16.737,1,1,Read Coils,25,3,-1,-1,-1,-1,-1,-1,-1,-1,52397
2026-08-23 00:23:16.748,1,1,Read Coils,256,20872,-1,-1,-1,-1,-1,-1,-1,-1,34897
2026-08-23 00:23:17.228,1,2,Read Discrete Inputs,4,12,-1,-1,-1,-1,-1,-1,-1,-1,52793
2026-08-23 00:23:17.239,1,2,Read Discrete Inputs,512,185,-1,-1,-1,-1,-1,-1,-1,-1,47289
2026-08-23 00:23:17.731,1,3,Read Holding Registers,1260,12,-1,-1,-1,-1,-1,-1,-1,-1,2693
2026-08-23 00:23:17.773,1,3,Read Holding Registers,6183,3840,-1,-1,-1,-1,-1,-1,-1,-1,11808
2026-08-23 00:23:18.233,1,4,Read Input Registers,86,3,-1,-1,-1,-1,-1,-1,-1,-1,6992
2026-08-23 00:23:18.245,1,4,Read Input Registers,1538,30208,-1,-1,-1,-1,-1,-1,-1,-1,47784
2026-08-23 00:23:18.736,1,5,Write Single Coil,9012,0,-1,-1,-1,-1,-1,-1,-1,-1,32903
2026-08-23 00:23:18.747,1,5,Write Single Coil,9012,0,-1,-1,-1,-1,-1,-1,-1,-1,32903
2026-08-23 00:23:19.735,1,16,Write Multiple Registers,2835,3,6,103,246,237,586,31,-1,-1,45231
2026-08-23 00:23:19.768,1,3,Read Holding Registers,1200,5,-1,-1,-1,-1,-1,-1,-1,-1,7813
2026-08-23 00:23:19.789,1,3,Read Holding Registers,2560,0,-1,-1,-1,-1,-1,-1,-1,-1,46628
2026-08-23 00:23:20.228,1,1,Read Coils,25,3,-1,-1,-1,-1,-1,-1,-1,-1,52397
2026-08-23 00:23:20.239,1,1,Read Coils,256,20872,-1,-1,-1,-1,-1,-1,-1,-1,34897
2026-08-23 00:23:20.730,1,2,Read Discrete Inputs,4,12,-1,-1,-1,-1,-1,-1,-1,-1,52793
2026-08-23 00:23:20.741,1,2,Read Discrete Inputs,512,185,-1,-1,-1,-1,-1,-1,-1,-1,47289
2026-08-23 00:23:21.230,1,3,Read Holding Registers,1260,12,-1,-1,-1,-1,-1,-1,-1,-1,2693
2026-08-23 00:23:21.273,1,3,Read Holding Registers,6183,3840,-1,-1,-1,-1,-1,-1,-1,-1,11808
2026-08-23 00:23:21.731,1,4,Read Input Registers,86,3,-1,-1,-1,-1,-1,-1,-1,-1,6992
2026-08-23 00:23:21.752,1,4,Read Input Registers,1537,11008,-1,-1,-1,-1,-1,-1,-1,-1,17477
2026-08-23 00:23:23.236,1,16,Write Multiple Registers,2835,3,6,113,255,213,581,31,-1,-1,46895
2026-08-23 00:23:23.269,1,3,Read Holding Registers,1200,5,-1,-1,-1,-1,-1,-1,-1,-1,7813
2026-08-23 00:23:23.290,1,3,Read Holding Registers,2560,0,-1,-1,-1,-1,-1,-1,-1,-1,46628
2026-08-23 00:23:23.728,1,1,Read Coils,25,3,-1,-1,-1,-1,-1,-1,-1,-1,52397
2026-08-23 00:23:23.740,1,1,Read Coils,256,20872,-1,-1,-1,-1,-1,-1,-1,-1,34897
2026-08-23 00:23:24.228,1,2,Read Discrete Inputs,4,12,-1,-1,-1,-1,-1,-1,-1,-1,52793
2026-08-23 00:23:24.240,1,2,Read Discrete Inputs,513,184,-1,-1,-1,-1,-1,-1,-1,-1,10424
2026-08-23 00:23:24.729,1,3,Read Holding Registers,1260,12,-1,-1,-1,-1,-1,-1,-1,-1,2693
2026-08-23 00:23:24.772,1,3,Read Holding Registers,6183,3840,-1,-1,-1,-1,-1,-1,-1,-1,11808
2026-08-23 00:23:25.149,1,6,Write Single Register,1270,-1,-1,624,624,624,624,12,-1,-1,19560
2026-08-23 00:23:25.160,1,6,Write Single Register,1270,-1,-1,624,624,624,624,12,-1,-1,19560
2026-08-23 00:23:25.232,1,4,Read Input Registers,86,3,-1,-1,-1,-1,-1,-1,-1,-1,6992
2026-08-23 00:23:25.254,1,4,Read Input Registers,1538,10496,-1,-1,-1,-1,-1,-1,-1,-1,46908
2026-08-23 00:23:25.732,1,5,Write Single Coil,9012,0,-1,-1,-1,-1,-1,-1,-1,-1,32903
2026-08-23 00:23:25.744,1,5,Write Single Coil,9012,0,-1,-1,-1,-1,-1,-1,-1,-1,32903
2026-08-23 00:23:26.741,1,16,Write Multiple Registers,2835,3,6,102,256,243,601,37,-1,-1,42199
2026-08-23 00:23:26.763,1,3,Read Holding Registers,1200,5,-1,-1,-1,-1,-1,-1,-1,-1,7813
2026-08-23 00:23:26.785,1,3,Read Holding Registers,2560,0,-1,-1,-1,-1,-1,-1,-1,-1,46628
2026-08-23 00:23:27.232,1,1,Read Coils,25,3,-1,-1,-1,-1,-1,-1,-1,-1,52397
2026-08-23 00:23:27.244,1,1,Read Coils,256,20872,-1,-1,-1,-1,-1,-1,-1,-1,34897
2026-08-23 00:23:27.732,1,2,Read Discrete Inputs,4,12,-1,-1,-1,-1,-1,-1,-1,-1,52793
2026-08-23 00:23:27.744,1,2,Read Discrete Inputs,513,184,-1,-1,-1,-1,-1,-1,-1,-1,10424
2026-08-23 00:23:28.233,1,3,Read Holding Registers,1260,12,-1,-1,-1,-1,-1,-1,-1,-1,2693
2026-08-23 00:23:28.265,1,3,Read Holding Registers,6183,3840,-1,-1,-1,-1,-1,-1,-1,-1,59409
2026-08-23 00:23:28.734,1,4,Read Input Registers,86,3,-1,-1,-1,-1,-1,-1,-1,-1,6992
2026-08-23 00:23:28.746,1,4,Read Input Registers,1539,4608,-1,-1,-1,-1,-1,-1,-1,-1,41944
2026-08-23 00:23:29.234,1,5,Write Single Coil,9012,65280,-1,-1,-1,-1,-1,-1,-1,-1,28870
2026-08-23 00:23:29.246,1,5,Write Single Coil,9012,65280,-1,-1,-1,-1,-1,-1,-1,-1,28870
2026-08-23 00:23:30.242,1,16,Write Multiple Registers,2835,3,6,116,246,231,593,32,-1,-1,29894
2026-08-23 00:23:30.265,1,3,Read Holding Registers,1200,5,-1,-1,-1,-1,-1,-1,-1,-1,7813
2026-08-23 00:23:30.286,1,3,Read Holding Registers,2560,0,-1,-1,-1,-1,-1,-1,-1,-1,46628
2026-08-23 00:23:30.734,1,1,Read Coils,25,3,-1,-1,-1,-1,-1,-1,-1,-1,52397
2026-08-23 00:23:30.746,1,1,Read Coils,256,20872,-1,-1,-1,-1,-1,-1,-1,-1,34897
2026-08-23 00:23:31.234,1,2,Read Discrete Inputs,4,12,-1,-1,-1,-1,-1,-1,-1,-1,52793
2026-08-23 00:23:31.246,1,2,Read Discrete Inputs,512,185,-1,-1,-1,-1,-1,-1,-1,-1,47289
2026-08-23 00:23:31.440,1,6,Write Single Register,1264,-1,-1,112,112,112,112,13,-1,-1,11657
2026-08-23 00:23:31.452,1,6,Write Single Register,1264,-1,-1,112,112,112,112,13,-1,-1,11657
2026-08-23 00:23:31.729,1,3,Read Holding Registers,1260,12,-1,-1,-1,-1,-1,-1,-1,-1,2693
2026-08-23 00:23:31.771,1,3,Read Holding Registers,6183,3840,-1,-1,-1,-1,-1,-1,-1,-1,60055
2026-08-23 00:23:32.230,1,4,Read Input Registers,86,3,-1,-1,-1,-1,-1,-1,-1,-1,6992
2026-08-23 00:23:32.252,1,4,Read Input Registers,1537,8192,-1,-1,-1,-1,-1,-1,-1,-1,34272
2026-08-23 00:23:32.731,1,5,Write Single Coil,9012,0,-1,-1,-1,-1,-1,-1,-1,-1,32903
2026-08-23 00:23:32.742,1,5,Write Single Coil,9012,0,-1,-1,-1,-1,-1,-1,-1,-1,32903
2026-08-23 00:23:33.738,1,16,Write Multiple Registers,2835,3,6,118,245,203,566,32,-1,-1,29622
2026-08-23 00:23:33.771,1,3,Read Holding Registers,1200,5,-1,-1,-1,-1,-1,-1,-1,-1,7813
2026-08-23 00:23:33.793,1,3,Read Holding Registers,2560,0,-1,-1,-1,-1,-1,-1,-1,-1,46628
2026-08-23 00:23:34.231,1,1,Read Coils,25,3,-1,-1,-1,-1,-1,-1,-1,-1,52397
2026-08-23 00:23:34.243,1,1,Read Coils,256,20872,-1,-1,-1,-1,-1,-1,-1,-1,34897
2026-08-23 00:23:34.733,1,2,Read Discrete Inputs,4,12,-1,-1,-1,-1,-1,-1,-1,-1,52793
2026-08-23 00:23:34.744,1,2,Read Discrete Inputs,513,184,-1,-1,-1,-1,-1,-1,-1,-1,10424
2026-08-23 00:23:35.233,1,3,Read Holding Registers,1260,12,-1,-1,-1,-1,-1,-1,-1,-1,2693
2026-08-23 00:23:35.276,1,3,Read Holding Registers,6183,3840,-1,-1,-1,-1,-1,-1,-1,-1,60055
2026-08-23 00:23:35.734,1,4,Read Input Registers,86,3,-1,-1,-1,-1,-1,-1,-1,-1,6992
2026-08-23 00:23:35.745,1,4,Read Input Registers,1538,16640,-1,-1,-1,-1,-1,-1,-1,-1,32349
2026-08-23 00:23:37.240,1,16,Write Multiple Registers,2835,3,6,112,253,246,611,32,-1,-1,28986
2026-08-23 00:23:37.263,1,3,Read Holding Registers,1200,5,-1,-1,-1,-1,-1,-1,-1,-1,7813
2026-08-23 00:23:37.285,1,3,Read Holding Registers,2560,0,-1,-1,-1,-1,-1,-1,-1,-1,46628
2026-08-23 00:23:37.357,1,6,Write Single Register,1276,-1,-1,1561,1561,1561,1561,11,-1,-1,41098
2026-08-23 00:23:37.368,1,6,Write Single Register,1276,-1,-1,1561,1561,1561,1561,11,-1,-1,41098
2026-08-23 00:23:37.735,1,1,Read Coils,25,3,-1,-1,-1,-1,-1,-1,-1,-1,52397
2026-08-23 00:23:37.746,1,1,Read Coils,256,20872,-1,-1,-1,-1,-1,-1,-1,-1,34897
2026-08-23 00:23:38.235,1,2,Read Discrete Inputs,4,12,-1,-1,-1,-1,-1,-1,-1,-1,52793
2026-08-23 00:23:38.247,1,2,Read Discrete Inputs,512,185,-1,-1,-1,-1,-1,-1,-1,-1,47289
2026-08-23 00:23:38.737,1,3,Read Holding Registers,1260,12,-1,-1,-1,-1,-1,-1,-1,-1,2693
2026-08-23 00:23:38.770,1,3,Read Holding Registers,6183,3840,-1,-1,-1,-1,-1,-1,-1,-1,60055
2026-08-23 00:23:39.228,1,4,Read Input Registers,86,3,-1,-1,-1,-1,-1,-1,-1,-1,6992
2026-08-23 00:23:39.250,1,4,Read Input Registers,1537,6144,-1,-1,-1,-1,-1,-1,-1,-1,16449
2026-08-23 00:23:40.745,1,16,Write Multiple Registers,2835,3,6,113,257,244,614,37,-1,-1,40979
2026-08-23 00:23:40.768,1,3,Read Holding Registers,1200,5,-1,-1,-1,-1,-1,-1,-1,-1,7813
2026-08-23 00:23:40.789,1,3,Read Holding Registers,2560,0,-1,-1,-1,-1,-1,-1,-1,-1,46628
2026-08-23 00:23:41.227,1,1,Read Coils,25,3,-1,-1,-1,-1,-1,-1,-1,-1,52397
2026-08-23 00:23:41.239,1,1,Read Coils,256,20872,-1,-1,-1,-1,-1,-1,-1,-1,34897
2026-08-23 00:23:41.728,1,2,Read Discrete Inputs,4,12,-1,-1,-1,-1,-1,-1,-1,-1,52793
2026-08-23 00:23:41.749,1,2,Read Discrete Inputs,513,184,-1,-1,-1,-1,-1,-1,-1,-1,10424
2026-08-23 00:23:42.238,1,3,Read Holding Registers,1260,12,-1,-1,-1,-1,-1,-1,-1,-1,2693
2026-08-23 00:23:42.270,1,3,Read Holding Registers,6183,3840,-1,-1,-1,-1,-1,-1,-1,-1,60055
2026-08-23 00:23:42.728,1,4,Read Input Registers,86,3,-1,-1,-1,-1,-1,-1,-1,-1,6992
2026-08-23 00:23:42.750,1,4,Read Input Registers,1536,48384,-1,-1,-1,-1,-1,-1,-1,-1,34828
2026-08-23 00:23:43.229,1,5,Write Single Coil,9012,65280,-1,-1,-1,-1,-1,-1,-1,-1,28870
2026-08-23 00:23:43.251,1,5,Write Single Coil,9012,65280,-1,-1,-1,-1,-1,-1,-1,-1,28870
2026-08-23 00:23:44.237,1,16,Write Multiple Registers,2835,3,6,111,254,249,614,29,-1,-1,46879
2026-08-23 00:23:44.270,1,3,Read Holding Registers,1200,5,-1,-1,-1,-1,-1,-1,-1,-1,7813
2026-08-23 00:23:44.292,1,3,Read Holding Registers,2560,0,-1,-1,-1,-1,-1,-1,-1,-1,46628
2026-08-23 00:23:44.679,1,6,Write Single Register,1270,-1,-1,615,615,615,615,10,-1,-1,16936
2026-08-23 00:23:44.690,1,6,Write Single Register,1270,-1,-1,615,615,615,615,10,-1,-1,16936
2026-08-23 00:23:44.732,1,1,Read Coils,25,3,-1,-1,-1,-1,-1,-1,-1,-1,52397
2026-08-23 00:23:44.744,1,1,Read Coils,256,20872,-1,-1,-1,-1,-1,-1,-1,-1,34897
2026-08-23 00:23:45.232,1,2,Read Discrete Inputs,4,12,-1,-1,-1,-1,-1,-1,-1,-1,52793
2026-08-23 00:23:45.244,1,2,Read Discrete Inputs,512,185,-1,-1,-1,-1,-1,-1,-1,-1,47289
2026-08-23 00:23:45.732,1,3,Read Holding Registers,1260,12,-1,-1,-1,-1,-1,-1,-1,-1,2693
2026-08-23 00:23:45.775,1,3,Read Holding Registers,6183,3840,-1,-1,-1,-1,-1,-1,-1,-1,60967
2026-08-23 00:23:46.234,1,4,Read Input Registers,86,3,-1,-1,-1,-1,-1,-1,-1,-1,6992
2026-08-23 00:23:46.246,1,4,Read Input Registers,1539,4096,-1,-1,-1,-1,-1,-1,-1,-1,25505
2026-08-23 00:23:47.741,1,16,Write Multiple Registers,2835,3,6,119,240,223,582,31,-1,-1,45847
2026-08-23 00:23:47.763,1,3,Read Holding Registers,1200,5,-1,-1,-1,-1,-1,-1,-1,-1,7813
2026-08-23 00:23:47.784,1,3,Read Holding Registers,2560,0,-1,-1,-1,-1,-1,-1,-1,-1,46628
2026-08-23 00:23:48.234,1,1,Read Coils,25,3,-1,-1,-1,-1,-1,-1,-1,-1,52397
2026-08-23 00:23:48.245,1,1,Read Coils,256,20872,-1,-1,-1,-1,-1,-1,-1,-1,34897
2026-08-23 00:23:48.734,1,2,Read Discrete Inputs,4,12,-1,-1,-1,-1,-1,-1,-1,-1,52793
2026-08-23 00:23:48.746,1,2,Read Discrete Inputs,512,185,-1,-1,-1,-1,-1,-1,-1,-1,47289
2026-08-23 00:23:49.235,1,3,Read Holding Registers,1260,12,-1,-1,-1,-1,-1,-1,-1,-1,2693
2026-08-23 00:23:49.268,1,3,Read Holding Registers,6183,3840,-1,-1,-1,-1,-1,-1,-1,-1,60967
2026-08-23 00:23:49.736,1,4,Read Input Registers,86,3,-1,-1,-1,-1,-1,-1,-1,-1,6992
2026-08-23 00:23:49.748,1,4,Read Input Registers,1536,27648,-1,-1,-1,-1,-1,-1,-1,-1,39664
2026-08-23 00:23:50.227,1,5,Write Single Coil,9012,0,-1,-1,-1,-1,-1,-1,-1,-1,32903
2026-08-23 00:23:50.249,1,5,Write Single Coil,9012,0,-1,-1,-1,-1,-1,-1,-1,-1,32903
2026-08-23 00:23:51.237,1,16,Write Multiple Registers,2835,3,6,104,253,217,574,33,-1,-1,45167
2026-08-23 00:23:51.270,1,3,Read Holding Registers,1200,5,-1,-1,-1,-1,-1,-1,-1,-1,7813
2026-08-23 00:23:51.292,1,3,Read Holding Registers,2560,0,-1,-1,-1,-1,-1,-1,-1,-1,46628
2026-08-23 00:23:51.731,1,1,Read Coils,25,3,-1,-1,-1,-1,-1,-1,-1,-1,52397
2026-08-23 00:23:51.742,1,1,Read Coils,256,20872,-1,-1,-1,-1,-1,-1,-1,-1,34897
2026-08-23 00:23:52.233,1,2,Read Discrete Inputs,4,12,-1,-1,-1,-1,-1,-1,-1,-1,52793
2026-08-23 00:23:52.245,1,2,Read Discrete Inputs,513,184,-1,-1,-1,-1,-1,-1,-1,-1,10424
2026-08-23 00:23:52.734,1,3,Read Holding Registers,1260,12,-1,-1,-1,-1,-1,-1,-1,-1,2693
2026-08-23 00:23:52.767,1,3,Read Holding Registers,6183,3840,-1,-1,-1,-1,-1,-1,-1,-1,60967
2026-08-23 00:23:53.236,1,4,Read Input Registers,86,3,-1,-1,-1,-1,-1,-1,-1,-1,6992
2026-08-23 00:23:53.248,1,4,Read Input Registers,1536,55552,-1,-1,-1,-1,-1,-1,-1,-1,16509
2026-08-23 00:23:53.728,1,5,Write Single Coil,9012,0,-1,-1,-1,-1,-1,-1,-1,-1,32903
2026-08-23 00:23:53.749,1,5,Write Single Coil,9012,0,-1,-1,-1,-1,-1,-1,-1,-1,32903
2026-08-23 00:23:54.737,1,16,Write Multiple Registers,2835,3,6,100,258,218,576,38,-1,-1,25514
2026-08-23 00:23:54.770,1,3,Read Holding Registers,1200,5,-1,-1,-1,-1,-1,-1,-1,-1,7813
2026-08-23 00:23:54.791,1,3,Read Holding Registers,2560,0,-1,-1,-1,-1,-1,-1,-1,-1,46628
2026-08-23 00:23:55.229,1,1,Read Coils,25,3,-1,-1,-1,-1,-1,-1,-1,-1,52397
2026-08-23 00:23:55.240,1,1,Read Coils,256,20872,-1,-1,-1,-1,-1,-1,-1,-1,34897
2026-08-23 00:23:55.729,1,2,Read Discrete Inputs,4,12,-1,-1,-1,-1,-1,-1,-1,-1,52793
2026-08-23 00:23:55.740,1,2,Read Discrete Inputs,512,185,-1,-1,-1,-1,-1,-1,-1,-1,47289
2026-08-23 00:23:56.229,1,3,Read Holding Registers,1260,12,-1,-1,-1,-1,-1,-1,-1,-1,2693
2026-08-23 00:23:56.272,1,3,Read Holding Registers,6183,3840,-1,-1,-1,-1,-1,-1,-1,-1,60967
2026-08-23 00:23:56.730,1,4,Read Input Registers,86,3,-1,-1,-1,-1,-1,-1,-1,-1,6992
2026-08-23 00:23:56.752,1,4,Read Input Registers,1538,26624,-1,-1,-1,-1,-1,-1,-1,-1,47104
2026-08-23 00:23:56.946,1,6,Write Single Register,1269,-1,-1,510,510,510,510,8,-1,-1,55320
2026-08-23 00:23:56.958,1,6,Write Single Register,1269,-1,-1,510,510,510,510,8,-1,-1,55320
2026-08-23 00:23:58.239,1,16,Write Multiple Registers,2835,3,6,106,247,203,556,32,-1,-1,29942
2026-08-23 00:23:58.271,1,3,Read Holding Registers,1200,5,-1,-1,-1,-1,-1,-1,-1,-1,7813
2026-08-23 00:23:58.293,1,3,Read Holding Registers,2560,0,-1,-1,-1,-1,-1,-1,-1,-1,46628
2026-08-23 00:23:58.731,1,1,Read Coils,25,3,-1,-1,-1,-1,-1,-1,-1,-1,52397
2026-08-23 00:23:58.743,1,1,Read Coils,256,20872,-1,-1,-1,-1,-1,-1,-1,-1,34897
2026-08-23 00:23:59.231,1,2,Read Discrete Inputs,4,12,-1,-1,-1,-1,-1,-1,-1,-1,52793
2026-08-23 00:23:59.243,1,2,Read Discrete Inputs,513,184,-1,-1,-1,-1,-1,-1,-1,-1,10424
2026-08-23 00:23:59.732,1,3,Read Holding Registers,1260,12,-1,-1,-1,-1,-1,-1,-1,-1,2693
2026-08-23 00:23:59.774,1,3,Read Holding Registers,6183,3840,-1,-1,-1,-1,-1,-1,-1,-1,11990
2026-08-23 00:24:00.232,1,4,Read Input Registers,86,3,-1,-1,-1,-1,-1,-1,-1,-1,6992
2026-08-23 00:24:00.254,1,4,Read Input Registers,1537,3840,-1,-1,-1,-1,-1,-1,-1,-1,17205
2026-08-23 00:24:00.733,1,5,Write Single Coil,9012,0,-1,-1,-1,-1,-1,-1,-1,-1,32903
2026-08-23 00:24:00.745,1,5,Write Single Coil,9012,0,-1,-1,-1,-1,-1,-1,-1,-1,32903
2026-08-23 00:24:01.234,1,6,Write Single Register,321,-1,-1,22,22,22,22,13,-1,-1,60505
2026-08-23 00:24:01.245,1,6,Write Single Register,321,-1,-1,22,22,22,22,13,-1,-1,60505
2026-08-23 00:24:01.744,1,16,Write Multiple Registers,2835,3,6,119,254,205,578,30,-1,-1,29742
2026-08-23 00:24:01.767,1,3,Read Holding Registers,1200,5,-1,-1,-1,-1,-1,-1,-1,-1,7813
2026-08-23 00:24:01.788,1,3,Read Holding Registers,2560,0,-1,-1,-1,-1,-1,-1,-1,-1,46628
2026-08-23 00:24:02.236,1,1,Read Coils,25,3,-1,-1,-1,-1,-1,-1,-1,-1,52397
2026-08-23 00:24:02.248,1,1,Read Coils,256,20872,-1,-1,-1,-1,-1,-1,-1,-1,34897
2026-08-23 00:24:02.738,1,2,Read Discrete Inputs,4,12,-1,-1,-1,-1,-1,-1,-1,-1,52793
2026-08-23 00:24:02.749,1,2,Read Discrete Inputs,512,185,-1,-1,-1,-1,-1,-1,-1,-1,47289
2026-08-23 00:24:03.228,1,3,Read Holding Registers,1260,12,-1,-1,-1,-1,-1,-1,-1,-1,2693
2026-08-23 00:24:03.271,1,3,Read Holding Registers,6183,3840,-1,-1,-1,-1,-1,-1,-1,-1,11990
2026-08-23 00:24:03.729,1,4,Read Input Registers,86,3,-1,-1,-1,-1,-1,-1,-1,-1,6992
2026-08-23 00:24:03.751,1,4,Read Input Registers,1536,30464,-1,-1,-1,-1,-1,-1,-1,-1,39060
2026-08-23 00:24:04.737,1,6,Write Single Register,321,-1,-1,37,37,37,37,13,-1,-1,63769
2026-08-23 00:24:04.749,1,6,Write Single Register,321,-1,-1,37,37,37,37,13,-1,-1,63769
2026-08-23 00:24:05.238,1,16,Write Multiple Registers,2835,3,6,105,240,201,546,36,-1,-1,30270
2026-08-23 00:24:05.271,1,3,Read Holding Registers,1200,5,-1,-1,-1,-1,-1,-1,-1,-1,7813
2026-08-23 00:24:05.292,1,3,Read Holding Registers,2560,0,-1,-1,-1,-1,-1,-1,-1,-1,46628
2026-08-23 00:24:05.730,1,1,Read Coils,25,3,-1,-1,-1,-1,-1,-1,-1,-1,52397
2026-08-23 00:24:05.742,1,1,Read Coils,256,20872,-1,-1,-1,-1,-1,-1,-1,-1,34897
2026-08-23 00:24:06.231,1,2,Read Discrete Inputs,4,12,-1,-1,-1,-1,-1,-1,-1,-1,52793
2026-08-23 00:24:06.243,1,2,Read Discrete Inputs,512,185,-1,-1,-1,-1,-1,-1,-1,-1,47289
2026-08-23 00:24:06.732,1,3,Read Holding Registers,1260,12,-1,-1,-1,-1,-1,-1,-1,-1,2693
2026-08-23 00:24:06.774,1,3,Read Holding Registers,6183,3840,-1,-1,-1,-1,-1,-1,-1,-1,11990
2026-08-23 00:24:07.233,1,4,Read Input Registers,86,3,-1,-1,-1,-1,-1,-1,-1,-1,6992
2026-08-23 00:24:07.255,1,4,Read Input Registers,1537,52480,-1,-1,-1,-1,-1,-1,-1,-1,37452
2026-08-23 00:24:07.733,1,5,Write Single Coil,9012,0,-1,-1,-1,-1,-1,-1,-1,-1,32903
2026-08-23 00:24:07.745,1,5,Write Single Coil,9012,0,-1,-1,-1,-1,-1,-1,-1,-1,32903
2026-08-23 00:24:08.743,1,16,Write Multiple Registers,2835,3,6,118,250,204,572,33,-1,-1,46915
2026-08-23 00:24:08.765,1,3,Read Holding Registers,1200,5,-1,-1,-1,-1,-1,-1,-1,-1,7813
2026-08-23 00:24:08.787,1,3,Read Holding Registers,2560,0,-1,-1,-1,-1,-1,-1,-1,-1,46628
2026-08-23 00:24:09.235,1,1,Read Coils,25,3,-1,-1,-1,-1,-1,-1,-1,-1,52397
2026-08-23 00:24:09.247,1,1,Read Coils,256,20872,-1,-1,-1,-1,-1,-1,-1,-1,34897
2026-08-23 00:24:09.737,1,2,Read Discrete Inputs,4,12,-1,-1,-1,-1,-1,-1,-1,-1,52793
2026-08-23 00:24:09.749,1,2,Read Discrete Inputs,512,185,-1,-1,-1,-1,-1,-1,-1,-1,47289
2026-08-23 00:24:10.229,1,3,Read Holding Registers,1260,12,-1,-1,-1,-1,-1,-1,-1,-1,2693
2026-08-23 00:24:10.271,1,3,Read Holding Registers,6183,3840,-1,-1,-1,-1,-1,-1,-1,-1,11990
2026-08-23 00:24:10.730,1,4,Read Input Registers,86,3,-1,-1,-1,-1,-1,-1,-1,-1,6992
2026-08-23 00:24:10.752,1,4,Read Input Registers,1537,47872,-1,-1,-1,-1,-1,-1,-1,-1,22917
2026-08-23 00:24:10.947,1,6,Write Single Register,1263,-1,-1,78,78,78,78,12,-1,-1,15161
2026-08-23 00:24:10.958,1,6,Write Single Register,1263,-1,-1,78,78,78,78,12,-1,-1,15161
2026-08-23 00:24:12.240,1,16,Write Multiple Registers,2835,3,6,119,243,241,603,31,-1,-1,46271
2026-08-23 00:24:12.272,1,3,Read Holding Registers,1200,5,-1,-1,-1,-1,-1,-1,-1,-1,7813
2026-08-23 00:24:12.294,1,3,Read Holding Registers,2560,0,-1,-1,-1,-1,-1,-1,-1,-1,46628
2026-08-23 00:24:12.733,1,1,Read Coils,25,3,-1,-1,-1,-1,-1,-1,-1,-1,52397
2026-08-23 00:24:12.744,1,1,Read Coils,256,20872,-1,-1,-1,-1,-1,-1,-1,-1,34897
2026-08-23 00:24:13.234,1,2,Read Discrete Inputs,4,12,-1,-1,-1,-1,-1,-1,-1,-1,52793
2026-08-23 00:24:13.246,1,2,Read Discrete Inputs,513,184,-1,-1,-1,-1,-1,-1,-1,-1,10424
2026-08-23 00:24:13.735,1,3,Read Holding Registers,1260,12,-1,-1,-1,-1,-1,-1,-1,-1,2693
2026-08-23 00:24:13.767,1,3,Read Holding Registers,6183,3840,-1,-1,-1,-1,-1,-1,-1,-1,7329
2026-08-23 00:24:14.236,1,4,Read Input Registers,86,3,-1,-1,-1,-1,-1,-1,-1,-1,6992
2026-08-23 00:24:14.247,1,4,Read Input Registers,1537,53760,-1,-1,-1,-1,-1,-1,-1,-1,20697
2026-08-23 00:24:15.235,1,6,Write Single Register,321,-1,-1,16,16,16,16,15,-1,-1,61145
2026-08-23 00:24:15.246,1,6,Write Single Register,321,-1,-1,16,16,16,16,15,-1,-1,61145
2026-08-23 00:24:15.746,1,16,Write Multiple Registers,2835,3,6,118,241,214,573,33,-1,-1,45659
2026-08-23 00:24:15.768,1,3,Read Holding Registers,1200,5,-1,-1,-1,-1,-1,-1,-1,-1,7813
2026-08-23 00:24:15.790,1,3,Read Holding Registers,2560,0,-1,-1,-1,-1,-1,-1,-1,-1,46628
2026-08-23 00:24:16.238,1,1,Read Coils,25,3,-1,-1,-1,-1,-1,-1,-1,-1,52397
2026-08-23 00:24:16.249,1,1,Read Coils,256,20872,-1,-1,-1,-1,-1,-1,-1,-1,34897
2026-08-23 00:24:16.729,1,2,Read Discrete Inputs,4,12,-1,-1,-1,-1,-1,-1,-1,-1,52793
2026-08-23 00:24:16.751,1,2,Read Discrete Inputs,513,184,-1,-1,-1,-1,-1,-1,-1,-1,10424
2026-08-23 00:24:17.230,1,3,Read Holding Registers,1260,12,-1,-1,-1,-1,-1,-1,-1,-1,2693
2026-08-23 00:24:17.272,1,3,Read Holding Registers,6183,3840,-1,-1,-1,-1,-1,-1,-1,-1,7329
2026-08-23 00:24:17.731,1,4,Read Input Registers,86,3,-1,-1,-1,-1,-1,-1,-1,-1,6992
2026-08-23 00:24:17.753,1,4,Read Input Registers,1537,23808,-1,-1,-1,-1,-1,-1,-1,-1,36748
2026-08-23 00:24:18.232,1,5,Write Single Coil,9012,65280,-1,-1,-1,-1,-1,-1,-1,-1,28870
2026-08-23 00:24:18.244,1,5,Write Single Coil,9012,65280,-1,-1,-1,-1,-1,-1,-1,-1,28870
2026-08-23 00:24:19.241,1,16,Write Multiple Registers,2835,3,6,110,257,231,598,35,-1,-1,42407
2026-08-23 00:24:19.264,1,3,Read Holding Registers,1200,5,-1,-1,-1,-1,-1,-1,-1,-1,7813
2026-08-23 00:24:19.285,1,3,Read Holding Registers,2560,0,-1,-1,-1,-1,-1,-1,-1,-1,46628
2026-08-23 00:24:19.733,1,1,Read Coils,25,3,-1,-1,-1,-1,-1,-1,-1,-1,52397
2026-08-23 00:24:19.744,1,1,Read Coils,256,20872,-1,-1,-1,-1,-1,-1,-1,-1,34897
2026-08-23 00:24:20.233,1,2,Read Discrete Inputs,4,12,-1,-1,-1,-1,-1,-1,-1,-1,52793
2026-08-23 00:24:20.245,1,2,Read Discrete Inputs,513,184,-1,-1,-1,-1,-1,-1,-1,-1,10424
2026-08-23 00:24:20.734,1,3,Read Holding Registers,1260,12,-1,-1,-1,-1,-1,-1,-1,-1,2693
2026-08-23 00:24:20.776,1,3,Read Holding Registers,6183,3840,-1,-1,-1,-1,-1,-1,-1,-1,7329
2026-08-23 00:24:21.235,1,4,Read Input Registers,86,3,-1,-1,-1,-1,-1,-1,-1,-1,6992
2026-08-23 00:24:21.246,1,4,Read Input Registers,1538,51968,-1,-1,-1,-1,-1,-1,-1,-1,41412
2026-08-23 00:24:22.741,1,16,Write Multiple Registers,2835,3,6,114,246,212,572,34,-1,-1,28962
2026-08-23 00:24:22.764,1,3,Read Holding Registers,1200,5,-1,-1,-1,-1,-1,-1,-1,-1,7813
2026-08-23 00:24:22.785,1,3,Read Holding Registers,2560,0,-1,-1,-1,-1,-1,-1,-1,-1,46628
2026-08-23 00:24:23.233,1,1,Read Coils,25,3,-1,-1,-1,-1,-1,-1,-1,-1,52397
2026-08-23 00:24:23.245,1,1,Read Coils,256,20872,-1,-1,-1,-1,-1,-1,-1,-1,34897
2026-08-23 00:24:23.734,1,2,Read Discrete Inputs,4,12,-1,-1,-1,-1,-1,-1,-1,-1,52793
2026-08-23 00:24:23.746,1,2,Read Discrete Inputs,512,185,-1,-1,-1,-1,-1,-1,-1,-1,47289
2026-08-23 00:24:24.236,1,3,Read Holding Registers,1260,12,-1,-1,-1,-1,-1,-1,-1,-1,2693
2026-08-23 00:24:24.268,1,3,Read Holding Registers,6183,3840,-1,-1,-1,-1,-1,-1,-1,-1,7329
2026-08-23 00:24:24.737,1,4,Read Input Registers,86,3,-1,-1,-1,-1,-1,-1,-1,-1,6992
2026-08-23 00:24:24.749,1,4,Read Input Registers,1538,49920,-1,-1,-1,-1,-1,-1,-1,-1,24613
2026-08-23 00:24:25.238,1,5,Write Single Coil,9012,0,-1,-1,-1,-1,-1,-1,-1,-1,32903
2026-08-23 00:24:25.250,1,5,Write Single Coil,9012,0,-1,-1,-1,-1,-1,-1,-1,-1,32903
2026-08-23 00:24:25.678,1,6,Write Single Register,1273,-1,-1,1030,1030,1030,1030,13,-1,-1,2522
2026-08-23 00:24:25.690,1,6,Write Single Register,1273,-1,-1,1030,1030,1030,1030,13,-1,-1,2522
2026-08-23 00:24:26.240,1,16,Write Multiple Registers,2835,3,6,115,247,244,606,31,-1,-1,46903
2026-08-23 00:24:26.273,1,3,Read Holding Registers,1200,5,-1,-1,-1,-1,-1,-1,-1,-1,7813
2026-08-23 00:24:26.294,1,3,Read Holding Registers,2560,0,-1,-1,-1,-1,-1,-1,-1,-1,46628
2026-08-23 00:24:26.732,1,1,Read Coils,25,3,-1,-1,-1,-1,-1,-1,-1,-1,52397
2026-08-23 00:24:26.743,1,1,Read Coils,256,20872,-1,-1,-1,-1,-1,-1,-1,-1,34897
2026-08-23 00:24:27.232,1,2,Read Discrete Inputs,4,12,-1,-1,-1,-1,-1,-1,-1,-1,52793
2026-08-23 00:24:27.244,1,2,Read Discrete Inputs,513,184,-1,-1,-1,-1,-1,-1,-1,-1,10424
2026-08-23 00:24:27.732,1,3,Read Holding Registers,1260,12,-1,-1,-1,-1,-1,-1,-1,-1,2693
2026-08-23 00:24:27.774,1,3,Read Holding Registers,6183,3840,-1,-1,-1,-1,-1,-1,-1,-1,7329
2026-08-23 00:24:28.233,1,4,Read Input Registers,86,3,-1,-1,-1,-1,-1,-1,-1,-1,6992
2026-08-23 00:24:28.254,1,4,Read Input Registers,1537,55296,-1,-1,-1,-1,-1,-1,-1,-1,20801
2026-08-23 00:24:29.739,1,16,Write Multiple Registers,2835,3,6,101,245,242,588,33,-1,-1,46043
2026-08-23 00:24:29.772,1,3,Read Holding Registers,1200,5,-1,-1,-1,-1,-1,-1,-1,-1,7813
2026-08-23 00:24:29.794,1,3,Read Holding Registers,2560,0,-1,-1,-1,-1,-1,-1,-1,-1,46628
2026-08-23 00:24:30.232,1,1,Read Coils,25,3,-1,-1,-1,-1,-1,-1,-1,-1,52397
2026-08-23 00:24:30.244,1,1,Read Coils,256,20872,-1,-1,-1,-1,-1,-1,-1,-1,34897
2026-08-23 00:24:30.733,1,2,Read Discrete Inputs,4,12,-1,-1,-1,-1,-1,-1,-1,-1,52793
2026-08-23 00:24:30.745,1,2,Read Discrete Inputs,512,185,-1,-1,-1,-1,-1,-1,-1,-1,47289
2026-08-23 00:24:31.234,1,3,Read Holding Registers,1260,12,-1,-1,-1,-1,-1,-1,-1,-1,2693
2026-08-23 00:24:31.276,1,3,Read Holding Registers,6183,3840,-1,-1,-1,-1,-1,-1,-1,-1,7329
2026-08-23 00:24:31.735,1,4,Read Input Registers,86,3,-1,-1,-1,-1,-1,-1,-1,-1,6992
2026-08-23 00:24:31.746,1,4,Read Input Registers,1538,8192,-1,-1,-1,-1,-1,-1,-1,-1,46816
2026-08-23 00:24:33.241,1,16,Write Multiple Registers,2835,3,6,118,244,212,574,34,-1,-1,29154
2026-08-23 00:24:33.264,1,3,Read Holding Registers,1200,5,-1,-1,-1,-1,-1,-1,-1,-1,7813
2026-08-23 00:24:33.285,1,3,Read Holding Registers,2560,0,-1,-1,-1,-1,-1,-1,-1,-1,46628
2026-08-23 00:24:33.734,1,1,Read Coils,25,3,-1,-1,-1,-1,-1,-1,-1,-1,52397
2026-08-23 00:24:33.746,1,1,Read Coils,256,20872,-1,-1,-1,-1,-1,-1,-1,-1,34897
2026-08-23 00:24:34.236,1,2,Read Discrete Inputs,4,12,-1,-1,-1,-1,-1,-1,-1,-1,52793
2026-08-23 00:24:34.248,1,2,Read Discrete Inputs,513,184,-1,-1,-1,-1,-1,-1,-1,-1,10424
2026-08-23 00:24:34.421,1,6,Write Single Register,1275,-1,-1,1375,1375,1375,1375,8,-1,-1,25530
2026-08-23 00:24:34.433,1,6,Write Single Register,1275,-1,-1,1375,1375,1375,1375,8,-1,-1,25530
2026-08-23 00:24:34.729,1,3,Read Holding Registers,1260,12,-1,-1,-1,-1,-1,-1,-1,-1,2693
2026-08-23 00:24:34.772,1,3,Read Holding Registers,6183,3840,-1,-1,-1,-1,-1,-1,-1,-1,7329
2026-08-23 00:24:35.233,1,4,Read Input Registers,86,3,-1,-1,-1,-1,-1,-1,-1,-1,6992
2026-08-23 00:24:35.255,1,4,Read Input Registers,1537,11008,-1,-1,-1,-1,-1,-1,-1,-1,17477
2026-08-23 00:24:36.739,1,16,Write Multiple Registers,2835,3,6,118,245,236,599,32,-1,-1,29826
2026-08-23 00:24:36.772,1,3,Read Holding Registers,1200,5,-1,-1,-1,-1,-1,-1,-1,-1,7813
2026-08-23 00:24:36.794,1,3,Read Holding Registers,2560,0,-1,-1,-1,-1,-1,-1,-1,-1,46628
2026-08-23 00:24:37.232,1,1,Read Coils,25,3,-1,-1,-1,-1,-1,-1,-1,-1,52397
2026-08-23 00:24:37.243,1,1,Read Coils,256,20872,-1,-1,-1,-1,-1,-1,-1,-1,34897
2026-08-23 00:24:37.733,1,2,Read Discrete Inputs,4,12,-1,-1,-1,-1,-1,-1,-1,-1,52793
2026-08-23 00:24:37.745,1,2,Read Discrete Inputs,513,184,-1,-1,-1,-1,-1,-1,-1,-1,10424
2026-08-23 00:24:38.235,1,3,Read Holding Registers,1260,12,-1,-1,-1,-1,-1,-1,-1,-1,2693
2026-08-23 00:24:38.267,1,3,Read Holding Registers,6183,3840,-1,-1,-1,-1,-1,-1,-1,-1,7329
2026-08-23 00:24:38.736,1,4,Read Input Registers,86,3,-1,-1,-1,-1,-1,-1,-1,-1,6992
2026-08-23 00:24:38.747,1,4,Read Input Registers,1536,49920,-1,-1,-1,-1,-1,-1,-1,-1,33316
2026-08-23 00:24:40.244,1,16,Write Multiple Registers,2835,3,6,101,240,209,550,36,-1,-1,30686
2026-08-23 00:24:40.267,1,3,Read Holding Registers,1200,5,-1,-1,-1,-1,-1,-1,-1,-1,7813
2026-08-23 00:24:40.288,1,3,Read Holding Registers,2560,0,-1,-1,-1,-1,-1,-1,-1,-1,46628
2026-08-23 00:24:40.730,1,1,Read Coils,25,3,-1,-1,-1,-1,-1,-1,-1,-1,52397
2026-08-23 00:24:40.741,1,1,Read Coils,256,20872,-1,-1,-1,-1,-1,-1,-1,-1,34897
2026-08-23 00:24:41.231,1,2,Read Discrete Inputs,4,12,-1,-1,-1,-1,-1,-1,-1,-1,52793
2026-08-23 00:24:41.242,1,2,Read Discrete Inputs,513,184,-1,-1,-1,-1,-1,-1,-1,-1,10424
2026-08-23 00:24:41.732,1,3,Read Holding Registers,1260,12,-1,-1,-1,-1,-1,-1,-1,-1,2693
2026-08-23 00:24:41.775,1,3,Read Holding Registers,6183,3840,-1,-1,-1,-1,-1,-1,-1,-1,7329
2026-08-23 00:24:42.234,1,4,Read Input Registers,86,3,-1,-1,-1,-1,-1,-1,-1,-1,6992
2026-08-23 00:24:42.246,1,4,Read Input Registers,1536,29184,-1,-1,-1,-1,-1,-1,-1,-1,39000
2026-08-23 00:24:42.735,1,5,Write Single Coil,9012,0,-1,-1,-1,-1,-1,-1,-1,-1,32903
2026-08-23 00:24:42.746,1,5,Write Single Coil,9012,0,-1,-1,-1,-1,-1,-1,-1,-1,32903
2026-08-23 00:24:43.237,1,6,Write Single Register,321,-1,-1,34,34,34,34,14,-1,-1,15192
2026-08-23 00:24:43.253,1,6,Write Single Register,321,-1,-1,34,34,34,34,14,-1,-1,15192
2026-08-23 00:24:43.739,1,16,Write Multiple Registers,2835,3,6,111,241,225,577,33,-1,-1,45439
2026-08-23 00:24:43.772,1,3,Read Holding Registers,1200,5,-1,-1,-1,-1,-1,-1,-1,-1,7813
2026-08-23 00:24:43.793,1,3,Read Holding Registers,2560,0,-1,-1,-1,-1,-1,-1,-1,-1,46628
2026-08-23 00:24:44.231,1,1,Read Coils,25,3,-1,-1,-1,-1,-1,-1,-1,-1,52397
2026-08-23 00:24:44.243,1,1,Read Coils,256,20872,-1,-1,-1,-1,-1,-1,-1,-1,34897
2026-08-23 00:24:44.732,1,2,Read Discrete Inputs,4,12,-1,-1,-1,-1,-1,-1,-1,-1,52793
2026-08-23 00:24:44.743,1,2,Read Discrete Inputs,513,184,-1,-1,-1,-1,-1,-1,-1,-1,10424
2026-08-23 00:24:45.232,1,3,Read Holding Registers,1260,12,-1,-1,-1,-1,-1,-1,-1,-1,2693
2026-08-23 00:24:45.274,1,3,Read Holding Registers,6183,3840,-1,-1,-1,-1,-1,-1,-1,-1,7329
2026-08-23 00:24:45.733,1,4,Read Input Registers,86,3,-1,-1,-1,-1,-1,-1,-1,-1,6992
2026-08-23 00:24:45.755,1,4,Read Input Registers,1537,16896,-1,-1,-1,-1,-1,-1,-1,-1,19737
2026-08-23 00:24:47.239,1,16,Write Multiple Registers,2835,3,6,118,254,216,588,32,-1,-1,30578
2026-08-23 00:24:47.272,1,3,Read Holding Registers,1200,5,-1,-1,-1,-1,-1,-1,-1,-1,7813
2026-08-23 00:24:47.294,1,3,Read Holding Registers,2560,0,-1,-1,-1,-1,-1,-1,-1,-1,46628
2026-08-23 00:24:47.731,1,1,Read Coils,25,3,-1,-1,-1,-1,-1,-1,-1,-1,52397
2026-08-23 00:24:47.743,1,1,Read Coils,256,20872,-1,-1,-1,-1,-1,-1,-1,-1,34897
2026-08-23 00:24:48.232,1,2,Read Discrete Inputs,4,12,-1,-1,-1,-1,-1,-1,-1,-1,52793
2026-08-23 00:24:48.243,1,2,Read Discrete Inputs,512,185,-1,-1,-1,-1,-1,-1,-1,-1,47289
2026-08-23 00:24:48.733,1,3,Read Holding Registers,1260,12,-1,-1,-1,-1,-1,-1,-1,-1,2693
2026-08-23 00:24:48.775,1,3,Read Holding Registers,6183,3840,-1,-1,-1,-1,-1,-1,-1,-1,7329
2026-08-23 00:24:48.888,1,6,Write Single Register,1265,-1,-1,175,175,175,175,10,-1,-1,30105
2026-08-23 00:24:48.900,1,6,Write Single Register,1265,-1,-1,175,175,175,175,10,-1,-1,30105
2026-08-23 00:24:49.236,1,4,Read Input Registers,86,3,-1,-1,-1,-1,-1,-1,-1,-1,6992
2026-08-23 00:24:49.248,1,4,Read Input Registers,1537,45824,-1,-1,-1,-1,-1,-1,-1,-1,39012
2026-08-23 00:24:49.737,1,5,Write Single Coil,9012,65280,-1,-1,-1,-1,-1,-1,-1,-1,28870
2026-08-23 00:24:49.748,1,5,Write Single Coil,9012,65280,-1,-1,-1,-1,-1,-1,-1,-1,28870
2026-08-23 00:24:50.238,1,6,Write Single Register,321,-1,-1,30,30,30,30,12,-1,-1,10840
2026-08-23 00:24:50.249,1,6,Write Single Register,321,-1,-1,30,30,30,30,12,-1,-1,10840
2026-08-23 00:24:50.739,1,16,Write Multiple Registers,2835,3,6,114,256,240,610,39,-1,-1,41171
2026-08-23 00:24:50.772,1,3,Read Holding Registers,1200,5,-1,-1,-1,-1,-1,-1,-1,-1,7813
2026-08-23 00:24:50.793,1,3,Read Holding Registers,2560,0,-1,-1,-1,-1,-1,-1,-1,-1,46628
2026-08-23 00:24:51.232,1,1,Read Coils,25,3,-1,-1,-1,-1,-1,-1,-1,-1,52397
2026-08-23 00:24:51.243,1,1,Read Coils,256,20872,-1,-1,-1,-1,-1,-1,-1,-1,34897
2026-08-23 00:24:51.732,1,2,Read Discrete Inputs,4,12,-1,-1,-1,-1,-1,-1,-1,-1,52793
2026-08-23 00:24:51.744,1,2,Read Discrete Inputs,512,185,-1,-1,-1,-1,-1,-1,-1,-1,47289
2026-08-23 00:24:52.233,1,3,Read Holding Registers,1260,12,-1,-1,-1,-1,-1,-1,-1,-1,2693
2026-08-23 00:24:52.275,1,3,Read Holding Registers,6183,3840,-1,-1,-1,-1,-1,-1,-1,-1,23466
2026-08-23 00:24:52.735,1,4,Read Input Registers,86,3,-1,-1,-1,-1,-1,-1,-1,-1,6992
2026-08-23 00:24:52.747,1,4,Read Input Registers,1539,17920,-1,-1,-1,-1,-1,-1,-1,-1,28649
2026-08-23 00:24:54.243,1,16,Write Multiple Registers,2835,3,6,118,242,220,580,33,-1,-1,45699
2026-08-23 00:24:54.265,1,3,Read Holding Registers,1200,5,-1,-1,-1,-1,-1,-1,-1,-1,7813
2026-08-23 00:24:54.287,1,3,Read Holding Registers,2560,0,-1,-1,-1,-1,-1,-1,-1,-1,46628
2026-08-23 00:24:54.735,1,1,Read Coils,25,3,-1,-1,-1,-1,-1,-1,-1,-1,52397
2026-08-23 00:24:54.746,1,1,Read Coils,256,20872,-1,-1,-1,-1,-1,-1,-1,-1,34897
2026-08-23 00:24:55.235,1,2,Read Discrete Inputs,4,12,-1,-1,-1,-1,-1,-1,-1,-1,52793
2026-08-23 00:24:55.247,1,2,Read Discrete Inputs,512,185,-1,-1,-1,-1,-1,-1,-1,-1,47289
2026-08-23 00:24:55.735,1,3,Read Holding Registers,1260,12,-1,-1,-1,-1,-1,-1,-1,-1,2693
2026-08-23 00:24:55.777,1,3,Read Holding Registers,6183,3840,-1,-1,-1,-1,-1,-1,-1,-1,23466
2026-08-23 00:24:56.236,1,4,Read Input Registers,86,3,-1,-1,-1,-1,-1,-1,-1,-1,6992
2026-08-23 00:24:56.248,1,4,Read Input Registers,1538,26368,-1,-1,-1,-1,-1,-1,-1,-1,47444
2026-08-23 00:24:56.738,1,5,Write Single Coil,9012,65280,-1,-1,-1,-1,-1,-1,-1,-1,28870
2026-08-23 00:24:56.749,1,5,Write Single Coil,9012,65280,-1,-1,-1,-1,-1,-1,-1,-1,28870
2026-08-23 00:24:57.745,1,16,Write Multiple Registers,2835,3,6,119,246,235,600,30,-1,-1,29990
2026-08-23 00:24:57.768,1,3,Read Holding Registers,1200,5,-1,-1,-1,-1,-1,-1,-1,-1,7813
2026-08-23 00:24:57.789,1,3,Read Holding Registers,2560,0,-1,-1,-1,-1,-1,-1,-1,-1,46628
2026-08-23 00:24:58.238,1,1,Read Coils,25,3,-1,-1,-1,-1,-1,-1,-1,-1,52397
2026-08-23 00:24:58.249,1,1,Read Coils,256,20872,-1,-1,-1,-1,-1,-1,-1,-1,34897
2026-08-23 00:24:58.738,1,2,Read Discrete Inputs,4,12,-1,-1,-1,-1,-1,-1,-1,-1,52793
2026-08-23 00:24:58.750,1,2,Read Discrete Inputs,513,184,-1,-1,-1,-1,-1,-1,-1,-1,10424
2026-08-23 00:24:59.239,1,3,Read Holding Registers,1260,12,-1,-1,-1,-1,-1,-1,-1,-1,2693
2026-08-23 00:24:59.270,1,3,Read Holding Registers,6183,3840,-1,-1,-1,-1,-1,-1,-1,-1,23466
2026-08-23 00:24:59.729,1,4,Read Input Registers,86,3,-1,-1,-1,-1,-1,-1,-1,-1,6992
2026-08-23 00:24:59.751,1,4,Read Input Registers,1538,54272,-1,-1,-1,-1,-1,-1,-1,-1,25425
2026-08-23 00:25:00.230,1,5,Write Single Coil,9012,65280,-1,-1,-1,-1,-1,-1,-1,-1,28870
2026-08-23 00:25:00.251,1,5,Write Single Coil,9012,65280,-1,-1,-1,-1,-1,-1,-1,-1,28870
2026-08-23 00:25:01.238,1,16,Write Multiple Registers,2835,3,6,100,255,206,561,32,-1,-1,29018
2026-08-23 00:25:01.271,1,3,Read Holding Registers,1200,5,-1,-1,-1,-1,-1,-1,-1,-1,7813
2026-08-23 00:25:01.292,1,3,Read Holding Registers,2560,0,-1,-1,-1,-1,-1,-1,-1,-1,46628
2026-08-23 00:25:01.730,1,1,Read Coils,25,3,-1,-1,-1,-1,-1,-1,-1,-1,52397
2026-08-23 00:25:01.741,1,1,Read Coils,256,20872,-1,-1,-1,-1,-1,-1,-1,-1,34897
2026-08-23 00:25:02.231,1,2,Read Discrete Inputs,4,12,-1,-1,-1,-1,-1,-1,-1,-1,52793
2026-08-23 00:25:02.242,1,2,Read Discrete Inputs,512,185,-1,-1,-1,-1,-1,-1,-1,-1,47289
2026-08-23 00:25:02.731,1,3,Read Holding Registers,1260,12,-1,-1,-1,-1,-1,-1,-1,-1,2693
2026-08-23 00:25:02.773,1,3,Read Holding Registers,6183,3840,-1,-1,-1,-1,-1,-1,-1,-1,23466
2026-08-23 00:25:03.059,1,6,Write Single Register,1275,-1,-1,1374,1374,1374,1374,9,-1,-1,41851
2026-08-23 00:25:03.081,1,6,Write Single Register,1275,-1,-1,1374,1374,1374,1374,9,-1,-1,41851
2026-08-23 00:25:03.234,1,4,Read Input Registers,86,3,-1,-1,-1,-1,-1,-1,-1,-1,6992
2026-08-23 00:25:03.256,1,4,Read Input Registers,1538,19456,-1,-1,-1,-1,-1,-1,-1,-1,49008
2026-08-23 00:25:03.734,1,5,Write Single Coil,9012,0,-1,-1,-1,-1,-1,-1,-1,-1,32903
2026-08-23 00:25:03.745,1,5,Write Single Coil,9012,0,-1,-1,-1,-1,-1,-1,-1,-1,32903
2026-08-23 00:25:04.742,1,16,Write Multiple Registers,2835,3,6,108,253,238,599,31,-1,-1,46555
2026-08-23 00:25:04.765,1,3,Read Holding Registers,1200,5,-1,-1,-1,-1,-1,-1,-1,-1,7813
2026-08-23 00:25:04.786,1,3,Read Holding Registers,2560,0,-1,-1,-1,-1,-1,-1,-1,-1,46628
2026-08-23 00:25:05.235,1,1,Read Coils,25,3,-1,-1,-1,-1,-1,-1,-1,-1,52397
2026-08-23 00:25:05.246,1,1,Read Coils,256,20872,-1,-1,-1,-1,-1,-1,-1,-1,34897
2026-08-23 00:25:05.736,1,2,Read Discrete Inputs,4,12,-1,-1,-1,-1,-1,-1,-1,-1,52793
2026-08-23 00:25:05.747,1,2,Read Discrete Inputs,513,184,-1,-1,-1,-1,-1,-1,-1,-1,10424
2026-08-23 00:25:06.237,1,3,Read Holding Registers,1260,12,-1,-1,-1,-1,-1,-1,-1,-1,2693
2026-08-23 00:25:06.269,1,3,Read Holding Registers,6183,3840,-1,-1,-1,-1,-1,-1,-1,-1,23466
2026-08-23 00:25:06.738,1,4,Read Input Registers,86,3,-1,-1,-1,-1,-1,-1,-1,-1,6992
2026-08-23 00:25:06.749,1,4,Read Input Registers,1538,23296,-1,-1,-1,-1,-1,-1,-1,-1,48132
2026-08-23 00:25:07.736,1,6,Write Single Register,321,-1,-1,42,42,42,42,13,-1,-1,64857
2026-08-23 00:25:07.747,1,6,Write Single Register,321,-1,-1,42,42,42,42,13,-1,-1,64857
2026-08-23 00:25:08.246,1,16,Write Multiple Registers,2835,3,6,105,251,218,574,32,-1,-1,29434
2026-08-23 00:25:08.269,1,3,Read Holding Registers,1200,5,-1,-1,-1,-1,-1,-1,-1,-1,7813
2026-08-23 00:25:08.290,1,3,Read Holding Registers,2560,0,-1,-1,-1,-1,-1,-1,-1,-1,46628
2026-08-23 00:25:08.739,1,1,Read Coils,25,3,-1,-1,-1,-1,-1,-1,-1,-1,52397
2026-08-23 00:25:08.750,1,1,Read Coils,256,20872,-1,-1,-1,-1,-1,-1,-1,-1,34897
2026-08-23 00:25:09.229,1,2,Read Discrete Inputs,4,12,-1,-1,-1,-1,-1,-1,-1,-1,52793
2026-08-23 00:25:09.241,1,2,Read Discrete Inputs,512,185,-1,-1,-1,-1,-1,-1,-1,-1,47289
2026-08-23 00:25:09.731,1,3,Read Holding Registers,1260,12,-1,-1,-1,-1,-1,-1,-1,-1,2693
2026-08-23 00:25:09.774,1,3,Read Holding Registers,6183,3840,-1,-1,-1,-1,-1,-1,-1,-1,23466
2026-08-23 00:25:10.233,1,4,Read Input Registers,86,3,-1,-1,-1,-1,-1,-1,-1,-1,6992
2026-08-23 00:25:10.255,1,4,Read Input Registers,1538,37120,-1,-1,-1,-1,-1,-1,-1,-1,44188
2026-08-23 00:25:11.741,1,16,Write Multiple Registers,2835,3,6,102,255,213,570,31,-1,-1,45983
2026-08-23 00:25:11.774,1,3,Read Holding Registers,1200,5,-1,-1,-1,-1,-1,-1,-1,-1,7813
2026-08-23 00:25:11.795,1,3,Read Holding Registers,2560,0,-1,-1,-1,-1,-1,-1,-1,-1,46628
2026-08-23 00:25:12.233,1,1,Read Coils,25,3,-1,-1,-1,-1,-1,-1,-1,-1,52397
2026-08-23 00:25:12.245,1,1,Read Coils,256,20872,-1,-1,-1,-1,-1,-1,-1,-1,34897
2026-08-23 00:25:12.734,1,2,Read Discrete Inputs,4,12,-1,-1,-1,-1,-1,-1,-1,-1,52793
2026-08-23 00:25:12.745,1,2,Read Discrete Inputs,513,184,-1,-1,-1,-1,-1,-1,-1,-1,10424
2026-08-23 00:25:13.235,1,3,Read Holding Registers,1260,12,-1,-1,-1,-1,-1,-1,-1,-1,2693
2026-08-23 00:25:13.277,1,3,Read Holding Registers,6183,3840,-1,-1,-1,-1,-1,-1,-1,-1,23466
2026-08-23 00:25:13.737,1,4,Read Input Registers,86,3,-1,-1,-1,-1,-1,-1,-1,-1,6992
2026-08-23 00:25:13.749,1,4,Read Input Registers,1537,47360,-1,-1,-1,-1,-1,-1,-1,-1,39420
2026-08-23 00:25:15.245,1,16,Write Multiple Registers,2835,3,6,111,246,240,597,32,-1,-1,28866
2026-08-23 00:25:15.267,1,3,Read Holding Registers,1200,5,-1,-1,-1,-1,-1,-1,-1,-1,7813
2026-08-23 00:25:15.289,1,3,Read Holding Registers,2560,0,-1,-1,-1,-1,-1,-1,-1,-1,46628
2026-08-23 00:25:15.737,1,1,Read Coils,25,3,-1,-1,-1,-1,-1,-1,-1,-1,52397
2026-08-23 00:25:15.748,1,1,Read Coils,256,20872,-1,-1,-1,-1,-1,-1,-1,-1,34897
2026-08-23 00:25:16.024,1,6,Write Single Register,1268,-1,-1,401,401,401,401,12,-1,-1,13321
2026-08-23 00:25:16.036,1,6,Write Single Register,1268,-1,-1,401,401,401,401,12,-1,-1,13321
2026-08-23 00:25:16.230,1,2,Read Discrete Inputs,4,12,-1,-1,-1,-1,-1,-1,-1,-1,52793
2026-08-23 00:25:16.242,1,2,Read Discrete Inputs,512,185,-1,-1,-1,-1,-1,-1,-1,-1,47289
2026-08-23 00:25:16.733,1,3,Read Holding Registers,1260,12,-1,-1,-1,-1,-1,-1,-1,-1,2693
2026-08-23 00:25:16.775,1,3,Read Holding Registers,6183,3840,-1,-1,-1,-1,-1,-1,-1,-1,23551
2026-08-23 00:25:17.235,1,4,Read Input Registers,86,3,-1,-1,-1,-1,-1,-1,-1,-1,6992
2026-08-23 00:25:17.247,1,4,Read Input Registers,1537,19456,-1,-1,-1,-1,-1,-1,-1,-1,35952
2026-08-23 00:25:18.743,1,16,Write Multiple Registers,2835,3,6,112,250,247,609,32,-1,-1,29510
2026-08-23 00:25:18.766,1,3,Read Holding Registers,1200,5,-1,-1,-1,-1,-1,-1,-1,-1,7813
2026-08-23 00:25:18.787,1,3,Read Holding Registers,2560,0,-1,-1,-1,-1,-1,-1,-1,-1,46628
2026-08-23 00:25:19.236,1,1,Read Coils,25,3,-1,-1,-1,-1,-1,-1,-1,-1,52397
2026-08-23 00:25:19.248,1,1,Read Coils,256,20872,-1,-1,-1,-1,-1,-1,-1,-1,34897
2026-08-23 00:25:19.737,1,2,Read Discrete Inputs,4,12,-1,-1,-1,-1,-1,-1,-1,-1,52793
2026-08-23 00:25:19.749,1,2,Read Discrete Inputs,512,185,-1,-1,-1,-1,-1,-1,-1,-1,47289
2026-08-23 00:25:20.238,1,3,Read Holding Registers,1260,12,-1,-1,-1,-1,-1,-1,-1,-1,2693
2026-08-23 00:25:20.270,1,3,Read Holding Registers,6183,3840,-1,-1,-1,-1,-1,-1,-1,-1,23551
2026-08-23 00:25:20.739,1,4,Read Input Registers,86,3,-1,-1,-1,-1,-1,-1,-1,-1,6992
2026-08-23 00:25:20.750,1,4,Read Input Registers,1537,11264,-1,-1,-1,-1,-1,-1,-1,-1,34032
2026-08-23 00:25:21.239,1,5,Write Single Coil,9012,65280,-1,-1,-1,-1,-1,-1,-1,-1,28870
2026-08-23 00:25:21.251,1,5,Write Single Coil,9012,65280,-1,-1,-1,-1,-1,-1,-1,-1,28870
2026-08-23 00:25:22.247,1,16,Write Multiple Registers,2835,3,6,100,252,207,559,33,-1,-1,45095
2026-08-23 00:25:22.270,1,3,Read Holding Registers,1200,5,-1,-1,-1,-1,-1,-1,-1,-1,7813
2026-08-23 00:25:22.291,1,3,Read Holding Registers,2560,0,-1,-1,-1,-1,-1,-1,-1,-1,46628
2026-08-23 00:25:22.739,1,1,Read Coils,25,3,-1,-1,-1,-1,-1,-1,-1,-1,52397
2026-08-23 00:25:22.751,1,1,Read Coils,256,20872,-1,-1,-1,-1,-1,-1,-1,-1,34897
2026-08-23 00:25:23.229,1,2,Read Discrete Inputs,4,12,-1,-1,-1,-1,-1,-1,-1,-1,52793
2026-08-23 00:25:23.251,1,2,Read Discrete Inputs,512,185,-1,-1,-1,-1,-1,-1,-1,-1,47289
2026-08-23 00:25:23.729,1,3,Read Holding Registers,1260,12,-1,-1,-1,-1,-1,-1,-1,-1,2693
2026-08-23 00:25:23.772,1,3,Read Holding Registers,6183,3840,-1,-1,-1,-1,-1,-1,-1,-1,23551
2026-08-23 00:25:24.230,1,4,Read Input Registers,86,3,-1,-1,-1,-1,-1,-1,-1,-1,6992
2026-08-23 00:25:24.252,1,4,Read Input Registers,1537,26112,-1,-1,-1,-1,-1,-1,-1,-1,19049
2026-08-23 00:25:24.731,1,5,Write Single Coil,9012,65280,-1,-1,-1,-1,-1,-1,-1,-1,28870
2026-08-23 00:25:24.752,1,5,Write Single Coil,9012,65280,-1,-1,-1,-1,-1,-1,-1,-1,28870
2026-08-23 00:25:25.231,1,6,Write Single Register,321,-1,-1,30,30,30,30,12,-1,-1,10840
2026-08-23 00:25:25.252,1,6,Write Single Register,321,-1,-1,30,30,30,30,12,-1,-1,10840
2026-08-23 00:25:25.741,1,16,Write Multiple Registers,2835,3,6,117,249,218,584,32,-1,-1,30138
2026-08-23 00:25:25.774,1,3,Read Holding Registers,1200,5,-1,-1,-1,-1,-1,-1,-1,-1,7813
2026-08-23 00:25:25.795,1,3,Read Holding Registers,2560,0,-1,-1,-1,-1,-1,-1,-1,-1,46628
2026-08-23 00:25:26.233,1,1,Read Coils,25,3,-1,-1,-1,-1,-1,-1,-1,-1,52397
2026-08-23 00:25:26.245,1,1,Read Coils,256,20872,-1,-1,-1,-1,-1,-1,-1,-1,34897
2026-08-23 00:25:26.734,1,2,Read Discrete Inputs,4,12,-1,-1,-1,-1,-1,-1,-1,-1,52793
2026-08-23 00:25:26.746,1,2,Read Discrete Inputs,512,185,-1,-1,-1,-1,-1,-1,-1,-1,47289
2026-08-23 00:25:26.991,1,6,Write Single Register,1264,-1,-1,113,113,113,113,12,-1,-1,60744
2026-08-23 00:25:27.002,1,6,Write Single Register,1264,-1,-1,113,113,113,113,12,-1,-1,60744
2026-08-23 00:25:27.237,1,3,Read Holding Registers,1260,12,-1,-1,-1,-1,-1,-1,-1,-1,2693
2026-08-23 00:25:27.269,1,3,Read Holding Registers,6183,3840,-1,-1,-1,-1,-1,-1,-1,-1,23358
2026-08-23 00:25:27.738,1,4,Read Input Registers,86,3,-1,-1,-1,-1,-1,-1,-1,-1,6992
2026-08-23 00:25:27.749,1,4,Read Input Registers,1537,33024,-1,-1,-1,-1,-1,-1,-1,-1,23645
2026-08-23 00:25:28.238,1,5,Write Single Coil,9012,65280,-1,-1,-1,-1,-1,-1,-1,-1,28870
2026-08-23 00:25:28.250,1,5,Write Single Coil,9012,65280,-1,-1,-1,-1,-1,-1,-1,-1,28870
2026-08-23 00:25:29.246,1,16,Write Multiple Registers,2835,3,6,100,257,212,569,39,-1,-1,41859
2026-08-23 00:25:29.269,1,3,Read Holding Registers,1200,5,-1,-1,-1,-1,-1,-1,-1,-1,7813
2026-08-23 00:25:29.290,1,3,Read Holding Registers,2560,0,-1,-1,-1,-1,-1,-1,-1,-1,46628
2026-08-23 00:25:29.738,1,1,Read Coils,25,3,-1,-1,-1,-1,-1,-1,-1,-1,52397
2026-08-23 00:25:29.749,1,1,Read Coils,256,20872,-1,-1,-1,-1,-1,-1,-1,-1,34897
2026-08-23 00:25:30.238,1,2,Read Discrete Inputs,4,12,-1,-1,-1,-1,-1,-1,-1,-1,52793
2026-08-23 00:25:30.250,1,2,Read Discrete Inputs,513,184,-1,-1,-1,-1,-1,-1,-1,-1,10424
2026-08-23 00:25:30.739,1,3,Read Holding Registers,1260,12,-1,-1,-1,-1,-1,-1,-1,-1,2693
2026-08-23 00:25:30.771,1,3,Read Holding Registers,6183,3840,-1,-1,-1,-1,-1,-1,-1,-1,23358
2026-08-23 00:25:31.230,1,4,Read Input Registers,86,3,-1,-1,-1,-1,-1,-1,-1,-1,6992
2026-08-23 00:25:31.251,1,4,Read Input Registers,1539,21504,-1,-1,-1,-1,-1,-1,-1,-1,27729
2026-08-23 00:25:31.730,1,5,Write Single Coil,9012,0,-1,-1,-1,-1,-1,-1,-1,-1,32903
2026-08-23 00:25:31.752,1,5,Write Single Coil,9012,0,-1,-1,-1,-1,-1,-1,-1,-1,32903
2026-08-23 00:25:32.738,1,16,Write Multiple Registers,2835,3,6,109,243,228,580,33,-1,-1,45203
2026-08-23 00:25:32.771,1,3,Read Holding Registers,1200,5,-1,-1,-1,-1,-1,-1,-1,-1,7813
2026-08-23 00:25:32.792,1,3,Read Holding Registers,2560,0,-1,-1,-1,-1,-1,-1,-1,-1,46628
2026-08-23 00:25:33.231,1,1,Read Coils,25,3,-1,-1,-1,-1,-1,-1,-1,-1,52397
2026-08-23 00:25:33.242,1,1,Read Coils,256,20872,-1,-1,-1,-1,-1,-1,-1,-1,34897
2026-08-23 00:25:33.731,1,2,Read Discrete Inputs,4,12,-1,-1,-1,-1,-1,-1,-1,-1,52793
2026-08-23 00:25:33.742,1,2,Read Discrete Inputs,512,185,-1,-1,-1,-1,-1,-1,-1,-1,47289
2026-08-23 00:25:34.232,1,3,Read Holding Registers,1260,12,-1,-1,-1,-1,-1,-1,-1,-1,2693
2026-08-23 00:25:34.274,1,3,Read Holding Registers,6183,3840,-1,-1,-1,-1,-1,-1,-1,-1,23358
2026-08-23 00:25:34.733,1,4,Read Input Registers,86,3,-1,-1,-1,-1,-1,-1,-1,-1,6992
2026-08-23 00:25:34.755,1,4,Read Input Registers,1538,48640,-1,-1,-1,-1,-1,-1,-1,-1,27209
2026-08-23 00:25:36.241,1,16,Write Multiple Registers,2835,3,6,113,248,242,603,34,-1,-1,29762
2026-08-23 00:25:36.274,1,3,Read Holding Registers,1200,5,-1,-1,-1,-1,-1,-1,-1,-1,7813
2026-08-23 00:25:36.295,1,3,Read Holding Registers,2560,0,-1,-1,-1,-1,-1,-1,-1,-1,46628
2026-08-23 00:25:36.733,1,1,Read Coils,25,3,-1,-1,-1,-1,-1,-1,-1,-1,52397
2026-08-23 00:25:36.745,1,1,Read Coils,256,20872,-1,-1,-1,-1,-1,-1,-1,-1,34897
2026-08-23 00:25:36.888,1,6,Write Single Register,1271,-1,-1,746,746,746,746,10,-1,-1,59321
2026-08-23 00:25:36.900,1,6,Write Single Register,1271,-1,-1,746,746,746,746,10,-1,-1,59321
2026-08-23 00:25:37.236,1,2,Read Discrete Inputs,4,12,-1,-1,-1,-1,-1,-1,-1,-1,52793
2026-08-23 00:25:37.248,1,2,Read Discrete Inputs,512,185,-1,-1,-1,-1,-1,-1,-1,-1,47289
2026-08-23 00:25:37.737,1,3,Read Holding Registers,1260,12,-1,-1,-1,-1,-1,-1,-1,-1,2693
2026-08-23 00:25:37.769,1,3,Read Holding Registers,6183,3840,-1,-1,-1,-1,-1,-1,-1,-1,39615
2026-08-23 00:25:38.238,1,4,Read Input Registers,86,3,-1,-1,-1,-1,-1,-1,-1,-1,6992
2026-08-23 00:25:38.249,1,4,Read Input Registers,1536,40960,-1,-1,-1,-1,-1,-1,-1,-1,35552
2026-08-23 00:25:38.739,1,5,Write Single Coil,9012,0,-1,-1,-1,-1,-1,-1,-1,-1,32903
2026-08-23 00:25:38.750,1,5,Write Single Coil,9012,0,-1,-1,-1,-1,-1,-1,-1,-1,32903
2026-08-23 00:25:39.747,1,16,Write Multiple Registers,2835,3,6,116,259,201,576,37,-1,-1,42479
2026-08-23 00:25:39.769,1,3,Read Holding Registers,1200,5,-1,-1,-1,-1,-1,-1,-1,-1,7813
2026-08-23 00:25:39.791,1,3,Read Holding Registers,2560,0,-1,-1,-1,-1,-1,-1,-1,-1,46628
2026-08-23 00:25:40.239,1,1,Read Coils,25,3,-1,-1,-1,-1,-1,-1,-1,-1,52397
2026-08-23 00:25:40.250,1,1,Read Coils,256,20872,-1,-1,-1,-1,-1,-1,-1,-1,34897
2026-08-23 00:25:40.729,1,2,Read Discrete Inputs,4,12,-1,-1,-1,-1,-1,-1,-1,-1,52793
2026-08-23 00:25:40.751,1,2,Read Discrete Inputs,513,184,-1,-1,-1,-1,-1,-1,-1,-1,10424
2026-08-23 00:25:41.230,1,3,Read Holding Registers,1260,12,-1,-1,-1,-1,-1,-1,-1,-1,2693
2026-08-23 00:25:41.272,1,3,Read Holding Registers,6183,3840,-1,-1,-1,-1,-1,-1,-1,-1,39615
2026-08-23 00:25:41.731,1,4,Read Input Registers,86,3,-1,-1,-1,-1,-1,-1,-1,-1,6992
2026-08-23 00:25:41.752,1,4,Read Input Registers,1539,6656,-1,-1,-1,-1,-1,-1,-1,-1,25145
2026-08-23 00:25:43.246,1,16,Write Multiple Registers,2835,3,6,110,246,242,598,32,-1,-1,28906
2026-08-23 00:25:43.269,1,3,Read Holding Registers,1200,5,-1,-1,-1,-1,-1,-1,-1,-1,7813
2026-08-23 00:25:43.290,1,3,Read Holding Registers,2560,0,-1,-1,-1,-1,-1,-1,-1,-1,46628
2026-08-23 00:25:43.739,1,1,Read Coils,25,3,-1,-1,-1,-1,-1,-1,-1,-1,52397
2026-08-23 00:25:43.750,1,1,Read Coils,256,20872,-1,-1,-1,-1,-1,-1,-1,-1,34897
2026-08-23 00:25:43.893,1,6,Write Single Register,1266,-1,-1,232,232,232,232,12,-1,-1,18217
2026-08-23 00:25:43.904,1,6,Write Single Register,1266,-1,-1,232,232,232,232,12,-1,-1,18217
2026-08-23 00:25:44.231,1,2,Read Discrete Inputs,4,12,-1,-1,-1,-1,-1,-1,-1,-1,52793
2026-08-23 00:25:44.242,1,2,Read Discrete Inputs,512,185,-1,-1,-1,-1,-1,-1,-1,-1,47289
2026-08-23 00:25:44.731,1,3,Read Holding Registers,1260,12,-1,-1,-1,-1,-1,-1,-1,-1,2693
2026-08-23 00:25:44.773,1,3,Read Holding Registers,6183,3840,-1,-1,-1,-1,-1,-1,-1,-1,15041
2026-08-23 00:25:45.231,1,4,Read Input Registers,86,3,-1,-1,-1,-1,-1,-1,-1,-1,6992
2026-08-23 00:25:45.253,1,4,Read Input Registers,1537,57088,-1,-1,-1,-1,-1,-1,-1,-1,37364
2026-08-23 00:25:46.747,1,16,Write Multiple Registers,2835,3,6,109,240,233,582,34,-1,-1,28926
2026-08-23 00:25:46.770,1,3,Read Holding Registers,1200,5,-1,-1,-1,-1,-1,-1,-1,-1,7813
2026-08-23 00:25:46.791,1,3,Read Holding Registers,2560,0,-1,-1,-1,-1,-1,-1,-1,-1,46628
2026-08-23 00:25:47.230,1,1,Read Coils,25,3,-1,-1,-1,-1,-1,-1,-1,-1,52397
2026-08-23 00:25:47.242,1,1,Read Coils,256,20872,-1,-1,-1,-1,-1,-1,-1,-1,34897
2026-08-23 00:25:47.731,1,2,Read Discrete Inputs,4,12,-1,-1,-1,-1,-1,-1,-1,-1,52793
2026-08-23 00:25:47.743,1,2,Read Discrete Inputs,512,185,-1,-1,-1,-1,-1,-1,-1,-1,47289
2026-08-23 00:25:48.233,1,3,Read Holding Registers,1260,12,-1,-1,-1,-1,-1,-1,-1,-1,2693
2026-08-23 00:25:48.275,1,3,Read Holding Registers,6183,3840,-1,-1,-1,-1,-1,-1,-1,-1,15041
2026-08-23 00:25:48.734,1,4,Read Input Registers,86,3,-1,-1,-1,-1,-1,-1,-1,-1,6992
2026-08-23 00:25:48.756,1,4,Read Input Registers,1538,9472,-1,-1,-1,-1,-1,-1,-1,-1,46636
2026-08-23 00:25:49.734,1,6,Write Single Register,321,-1,-1,40,40,40,40,14,-1,-1,15576
2026-08-23 00:25:49.745,1,6,Write Single Register,321,-1,-1,40,40,40,40,14,-1,-1,15576
2026-08-23 00:25:50.246,1,16,Write Multiple Registers,2835,3,6,113,247,223,583,30,-1,-1,28854
2026-08-23 00:25:50.269,1,3,Read Holding Registers,1200,5,-1,-1,-1,-1,-1,-1,-1,-1,7813
2026-08-23 00:25:50.291,1,3,Read Holding Registers,2560,0,-1,-1,-1,-1,-1,-1,-1,-1,46628
2026-08-23 00:25:50.730,1,1,Read Coils,25,3,-1,-1,-1,-1,-1,-1,-1,-1,52397
2026-08-23 00:25:50.742,1,1,Read Coils,256,20872,-1,-1,-1,-1,-1,-1,-1,-1,34897
2026-08-23 00:25:51.232,1,2,Read Discrete Inputs,4,12,-1,-1,-1,-1,-1,-1,-1,-1,52793
2026-08-23 00:25:51.243,1,2,Read Discrete Inputs,512,185,-1,-1,-1,-1,-1,-1,-1,-1,47289
2026-08-23 00:25:51.732,1,3,Read Holding Registers,1260,12,-1,-1,-1,-1,-1,-1,-1,-1,2693
2026-08-23 00:25:51.775,1,3,Read Holding Registers,6183,3840,-1,-1,-1,-1,-1,-1,-1,-1,15041
2026-08-23 00:25:52.235,1,4,Read Input Registers,86,3,-1,-1,-1,-1,-1,-1,-1,-1,6992
2026-08-23 00:25:52.257,1,4,Read Input Registers,1537,21504,-1,-1,-1,-1,-1,-1,-1,-1,36432
2026-08-23 00:25:53.236,1,6,Write Single Register,321,-1,-1,27,27,27,27,12,-1,-1,10648
2026-08-23 00:25:53.247,1,6,Write Single Register,321,-1,-1,27,27,27,27,12,-1,-1,10648
2026-08-23 00:25:53.748,1,16,Write Multiple Registers,2835,3,6,108,241,223,572,32,-1,-1,29862
2026-08-23 00:25:53.771,1,3,Read Holding Registers,1200,5,-1,-1,-1,-1,-1,-1,-1,-1,7813
2026-08-23 00:25:53.792,1,3,Read Holding Registers,2560,0,-1,-1,-1,-1,-1,-1,-1,-1,46628
2026-08-23 00:25:54.231,1,1,Read Coils,25,3,-1,-1,-1,-1,-1,-1,-1,-1,52397
2026-08-23 00:25:54.243,1,1,Read Coils,256,20872,-1,-1,-1,-1,-1,-1,-1,-1,34897
2026-08-23 00:25:54.732,1,2,Read Discrete Inputs,4,12,-1,-1,-1,-1,-1,-1,-1,-1,52793
2026-08-23 00:25:54.743,1,2,Read Discrete Inputs,512,185,-1,-1,-1,-1,-1,-1,-1,-1,47289
2026-08-23 00:25:55.233,1,3,Read Holding Registers,1260,12,-1,-1,-1,-1,-1,-1,-1,-1,2693
2026-08-23 00:25:55.275,1,3,Read Holding Registers,6183,3840,-1,-1,-1,-1,-1,-1,-1,-1,15041
2026-08-23 00:25:55.734,1,4,Read Input Registers,86,3,-1,-1,-1,-1,-1,-1,-1,-1,6992
2026-08-23 00:25:55.755,1,4,Read Input Registers,1537,8448,-1,-1,-1,-1,-1,-1,-1,-1,17885
2026-08-23 00:25:56.583,1,6,Write Single Register,1276,-1,-1,1552,1552,1552,1552,13,-1,-1,42570
2026-08-23 00:25:56.595,1,6,Write Single Register,1276,-1,-1,1552,1552,1552,1552,13,-1,-1,42570
2026-08-23 00:25:57.246,1,16,Write Multiple Registers,2835,3,6,110,246,211,567,32,-1,-1,30550
2026-08-23 00:25:57.269,1,3,Read Holding Registers,1200,5,-1,-1,-1,-1,-1,-1,-1,-1,7813
2026-08-23 00:25:57.290,1,3,Read Holding Registers,2560,0,-1,-1,-1,-1,-1,-1,-1,-1,46628
2026-08-23 00:25:57.738,1,1,Read Coils,25,3,-1,-1,-1,-1,-1,-1,-1,-1,52397
2026-08-23 00:25:57.750,1,1,Read Coils,256,20872,-1,-1,-1,-1,-1,-1,-1,-1,34897
2026-08-23 00:25:58.239,1,2,Read Discrete Inputs,4,12,-1,-1,-1,-1,-1,-1,-1,-1,52793
2026-08-23 00:25:58.251,1,2,Read Discrete Inputs,512,185,-1,-1,-1,-1,-1,-1,-1,-1,47289
2026-08-23 00:25:58.740,1,3,Read Holding Registers,1260,12,-1,-1,-1,-1,-1,-1,-1,-1,2693
2026-08-23 00:25:58.772,1,3,Read Holding Registers,6183,3840,-1,-1,-1,-1,-1,-1,-1,-1,15041
2026-08-23 00:25:59.230,1,4,Read Input Registers,86,3,-1,-1,-1,-1,-1,-1,-1,-1,6992
2026-08-23 00:25:59.252,1,4,Read Input Registers,1537,9216,-1,-1,-1,-1,-1,-1,-1,-1,17681
2026-08-23 00:26:00.746,1,16,Write Multiple Registers,2835,3,6,116,248,206,570,34,-1,-1,30234
2026-08-23 00:26:00.769,1,3,Read Holding Registers,1200,5,-1,-1,-1,-1,-1,-1,-1,-1,7813
2026-08-23 00:26:00.790,1,3,Read Holding Registers,2560,0,-1,-1,-1,-1,-1,-1,-1,-1,46628
2026-08-23 00:26:01.238,1,1,Read Coils,25,3,-1,-1,-1,-1,-1,-1,-1,-1,52397
2026-08-23 00:26:01.250,1,1,Read Coils,256,20872,-1,-1,-1,-1,-1,-1,-1,-1,34897
2026-08-23 00:26:01.738,1,2,Read Discrete Inputs,4,12,-1,-1,-1,-1,-1,-1,-1,-1,52793
2026-08-23 00:26:01.750,1,2,Read Discrete Inputs,513,184,-1,-1,-1,-1,-1,-1,-1,-1,10424
2026-08-23 00:26:02.239,1,3,Read Holding Registers,1260,12,-1,-1,-1,-1,-1,-1,-1,-1,2693
2026-08-23 00:26:02.271,1,3,Read Holding Registers,6183,3840,-1,-1,-1,-1,-1,-1,-1,-1,15041
2026-08-23 00:26:02.739,1,4,Read Input Registers,86,3,-1,-1,-1,-1,-1,-1,-1,-1,6992
2026-08-23 00:26:02.750,1,4,Read Input Registers,1539,1536,-1,-1,-1,-1,-1,-1,-1,-1,41192
2026-08-23 00:26:04.244,1,16,Write Multiple Registers,2835,3,6,107,246,239,592,30,-1,-1,29462
2026-08-23 00:26:04.267,1,3,Read Holding Registers,1200,5,-1,-1,-1,-1,-1,-1,-1,-1,7813
2026-08-23 00:26:04.288,1,3,Read Holding Registers,2560,0,-1,-1,-1,-1,-1,-1,-1,-1,46628
2026-08-23 00:26:04.737,1,1,Read Coils,25,3,-1,-1,-1,-1,-1,-1,-1,-1,52397
2026-08-23 00:26:04.748,1,1,Read Coils,256,20872,-1,-1,-1,-1,-1,-1,-1,-1,34897
2026-08-23 00:26:05.237,1,2,Read Discrete Inputs,4,12,-1,-1,-1,-1,-1,-1,-1,-1,52793
2026-08-23 00:26:05.249,1,2,Read Discrete Inputs,512,185,-1,-1,-1,-1,-1,-1,-1,-1,47289
2026-08-23 00:26:05.737,1,3,Read Holding Registers,1260,12,-1,-1,-1,-1,-1,-1,-1,-1,2693
2026-08-23 00:26:05.769,1,3,Read Holding Registers,6183,3840,-1,-1,-1,-1,-1,-1,-1,-1,15041
2026-08-23 00:26:06.238,1,4,Read Input Registers,86,3,-1,-1,-1,-1,-1,-1,-1,-1,6992
2026-08-23 00:26:06.250,1,4,Read Input Registers,1536,31232,-1,-1,-1,-1,-1,-1,-1,-1,22969
2026-08-23 00:26:07.743,1,16,Write Multiple Registers,2835,3,6,118,251,248,617,31,-1,-1,45875
2026-08-23 00:26:07.766,1,3,Read Holding Registers,1200,5,-1,-1,-1,-1,-1,-1,-1,-1,7813
2026-08-23 00:26:07.788,1,3,Read Holding Registers,2560,0,-1,-1,-1,-1,-1,-1,-1,-1,46628
2026-08-23 00:26:08.236,1,1,Read Coils,25,3,-1,-1,-1,-1,-1,-1,-1,-1,52397
2026-08-23 00:26:08.247,1,1,Read Coils,256,20872,-1,-1,-1,-1,-1,-1,-1,-1,34897
2026-08-23 00:26:08.736,1,2,Read Discrete Inputs,4,12,-1,-1,-1,-1,-1,-1,-1,-1,52793
2026-08-23 00:26:08.748,1,2,Read Discrete Inputs,512,185,-1,-1,-1,-1,-1,-1,-1,-1,47289
2026-08-23 00:26:09.236,1,3,Read Holding Registers,1260,12,-1,-1,-1,-1,-1,-1,-1,-1,2693
2026-08-23 00:26:09.278,1,3,Read Holding Registers,6183,3840,-1,-1,-1,-1,-1,-1,-1,-1,15041
2026-08-23 00:26:09.737,1,4,Read Input Registers,86,3,-1,-1,-1,-1,-1,-1,-1,-1,6992
2026-08-23 00:26:09.749,1,4,Read Input Registers,1537,28928,-1,-1,-1,-1,-1,-1,-1,-1,18717
2026-08-23 00:26:11.242,1,16,Write Multiple Registers,2835,3,6,118,250,243,611,31,-1,-1,45655
2026-08-23 00:26:11.265,1,3,Read Holding Registers,1200,5,-1,-1,-1,-1,-1,-1,-1,-1,7813
2026-08-23 00:26:11.286,1,3,Read Holding Registers,2560,0,-1,-1,-1,-1,-1,-1,-1,-1,46628
2026-08-23 00:26:11.480,1,6,Write Single Register,1263,-1,-1,75,75,75,75,12,-1,-1,14585
2026-08-23 00:26:11.502,1,6,Write Single Register,1263,-1,-1,75,75,75,75,12,-1,-1,14585
2026-08-23 00:26:11.738,1,1,Read Coils,25,3,-1,-1,-1,-1,-1,-1,-1,-1,52397
2026-08-23 00:26:11.749,1,1,Read Coils,256,20872,-1,-1,-1,-1,-1,-1,-1,-1,34897
2026-08-23 00:26:12.238,1,2,Read Discrete Inputs,4,12,-1,-1,-1,-1,-1,-1,-1,-1,52793
2026-08-23 00:26:12.250,1,2,Read Discrete Inputs,512,185,-1,-1,-1,-1,-1,-1,-1,-1,47289
2026-08-23 00:26:12.738,1,3,Read Holding Registers,1260,12,-1,-1,-1,-1,-1,-1,-1,-1,2693
2026-08-23 00:26:12.772,1,3,Read Holding Registers,6183,3840,-1,-1,-1,-1,-1,-1,-1,-1,27602
2026-08-23 00:26:13.240,1,4,Read Input Registers,86,3,-1,-1,-1,-1,-1,-1,-1,-1,6992
2026-08-23 00:26:13.252,1,4,Read Input Registers,1538,19200,-1,-1,-1,-1,-1,-1,-1,-1,32709
2026-08-23 00:26:14.746,1,16,Write Multiple Registers,2835,3,6,118,252,230,600,32,-1,-1,29658
2026-08-23 00:26:14.769,1,3,Read Holding Registers,1200,5,-1,-1,-1,-1,-1,-1,-1,-1,7813
2026-08-23 00:26:14.790,1,3,Read Holding Registers,2560,0,-1,-1,-1,-1,-1,-1,-1,-1,46628
2026-08-23 00:26:15.239,1,1,Read Coils,25,3,-1,-1,-1,-1,-1,-1,-1,-1,52397
2026-08-23 00:26:15.250,1,1,Read Coils,256,20872,-1,-1,-1,-1,-1,-1,-1,-1,34897
2026-08-23 00:26:15.739,1,2,Read Discrete Inputs,4,12,-1,-1,-1,-1,-1,-1,-1,-1,52793
2026-08-23 00:26:15.750,1,2,Read Discrete Inputs,513,184,-1,-1,-1,-1,-1,-1,-1,-1,10424
2026-08-23 00:26:16.239,1,3,Read Holding Registers,1260,12,-1,-1,-1,-1,-1,-1,-1,-1,2693
2026-08-23 00:26:16.271,1,3,Read Holding Registers,6183,3840,-1,-1,-1,-1,-1,-1,-1,-1,27602
2026-08-23 00:26:16.648,1,6,Write Single Register,1266,-1,-1,239,239,239,239,9,-1,-1,34152
2026-08-23 00:26:16.660,1,6,Write Single Register,1266,-1,-1,239,239,239,239,9,-1,-1,34152
2026-08-23 00:26:16.732,1,4,Read Input Registers,86,3,-1,-1,-1,-1,-1,-1,-1,-1,6992
2026-08-23 00:26:16.754,1,4,Read Input Registers,1538,2304,-1,-1,-1,-1,-1,-1,-1,-1,28861
2026-08-23 00:26:18.239,1,16,Write Multiple Registers,2835,3,6,106,253,247,606,30,-1,-1,30246
2026-08-23 00:26:18.272,1,3,Read Holding Registers,1200,5,-1,-1,-1,-1,-1,-1,-1,-1,7813
2026-08-23 00:26:18.294,1,3,Read Holding Registers,2560,0,-1,-1,-1,-1,-1,-1,-1,-1,46628
2026-08-23 00:26:18.733,1,1,Read Coils,25,3,-1,-1,-1,-1,-1,-1,-1,-1,52397
2026-08-23 00:26:18.745,1,1,Read Coils,256,20872,-1,-1,-1,-1,-1,-1,-1,-1,34897
2026-08-23 00:26:19.235,1,2,Read Discrete Inputs,4,12,-1,-1,-1,-1,-1,-1,-1,-1,52793
2026-08-23 00:26:19.247,1,2,Read Discrete Inputs,512,185,-1,-1,-1,-1,-1,-1,-1,-1,47289
2026-08-23 00:26:19.736,1,3,Read Holding Registers,1260,12,-1,-1,-1,-1,-1,-1,-1,-1,2693
2026-08-23 00:26:19.778,1,3,Read Holding Registers,6183,3840,-1,-1,-1,-1,-1,-1,-1,-1,8136
2026-08-23 00:26:20.237,1,4,Read Input Registers,86,3,-1,-1,-1,-1,-1,-1,-1,-1,6992
2026-08-23 00:26:20.248,1,4,Read Input Registers,1538,21504,-1,-1,-1,-1,-1,-1,-1,-1,48464
2026-08-23 00:26:21.743,1,16,Write Multiple Registers,2835,3,6,115,258,205,578,36,-1,-1,25710
2026-08-23 00:26:21.766,1,3,Read Holding Registers,1200,5,-1,-1,-1,-1,-1,-1,-1,-1,7813
2026-08-23 00:26:21.787,1,3,Read Holding Registers,2560,0,-1,-1,-1,-1,-1,-1,-1,-1,46628
2026-08-23 00:26:22.236,1,1,Read Coils,25,3,-1,-1,-1,-1,-1,-1,-1,-1,52397
2026-08-23 00:26:22.247,1,1,Read Coils,256,20872,-1,-1,-1,-1,-1,-1,-1,-1,34897
2026-08-23 00:26:22.737,1,2,Read Discrete Inputs,4,12,-1,-1,-1,-1,-1,-1,-1,-1,52793
2026-08-23 00:26:22.749,1,2,Read Discrete Inputs,513,184,-1,-1,-1,-1,-1,-1,-1,-1,10424
2026-08-23 00:26:23.237,1,3,Read Holding Registers,1260,12,-1,-1,-1,-1,-1,-1,-1,-1,2693
2026-08-23 00:26:23.270,1,3,Read Holding Registers,6183,3840,-1,-1,-1,-1,-1,-1,-1,-1,8136
2026-08-23 00:26:23.738,1,4,Read Input Registers,86,3,-1,-1,-1,-1,-1,-1,-1,-1,6992
2026-08-23 00:26:23.750,1,4,Read Input Registers,1537,49664,-1,-1,-1,-1,-1,-1,-1,-1,37656
2026-08-23 00:26:25.244,1,16,Write Multiple Registers,2835,3,6,119,250,231,600,30,-1,-1,28982
2026-08-23 00:26:25.267,1,3,Read Holding Registers,1200,5,-1,-1,-1,-1,-1,-1,-1,-1,7813
2026-08-23 00:26:25.289,1,3,Read Holding Registers,2560,0,-1,-1,-1,-1,-1,-1,-1,-1,46628
2026-08-23 00:26:25.738,1,1,Read Coils,25,3,-1,-1,-1,-1,-1,-1,-1,-1,52397
2026-08-23 00:26:25.750,1,1,Read Coils,256,20872,-1,-1,-1,-1,-1,-1,-1,-1,34897
2026-08-23 00:26:26.240,1,2,Read Discrete Inputs,4,12,-1,-1,-1,-1,-1,-1,-1,-1,52793
2026-08-23 00:26:26.251,1,2,Read Discrete Inputs,512,185,-1,-1,-1,-1,-1,-1,-1,-1,47289
2026-08-23 00:26:26.730,1,3,Read Holding Registers,1260,12,-1,-1,-1,-1,-1,-1,-1,-1,2693
2026-08-23 00:26:26.773,1,3,Read Holding Registers,6183,3840,-1,-1,-1,-1,-1,-1,-1,-1,8136
2026-08-23 00:26:27.231,1,4,Read Input Registers,86,3,-1,-1,-1,-1,-1,-1,-1,-1,6992
2026-08-23 00:26:27.253,1,4,Read Input Registers,1538,24576,-1,-1,-1,-1,-1,-1,-1,-1,31201
2026-08-23 00:26:28.747,1,16,Write Multiple Registers,2835,3,6,112,250,235,597,33,-1,-1,45463
2026-08-23 00:26:28.770,1,3,Read Holding Registers,1200,5,-1,-1,-1,-1,-1,-1,-1,-1,7813
2026-08-23 00:26:28.791,1,3,Read Holding Registers,2560,0,-1,-1,-1,-1,-1,-1,-1,-1,46628
2026-08-23 00:26:29.239,1,1,Read Coils,25,3,-1,-1,-1,-1,-1,-1,-1,-1,52397
2026-08-23 00:26:29.251,1,1,Read Coils,256,20872,-1,-1,-1,-1,-1,-1,-1,-1,34897
2026-08-23 00:26:29.740,1,2,Read Discrete Inputs,4,12,-1,-1,-1,-1,-1,-1,-1,-1,52793
2026-08-23 00:26:29.751,1,2,Read Discrete Inputs,513,184,-1,-1,-1,-1,-1,-1,-1,-1,10424
2026-08-23 00:26:30.230,1,3,Read Holding Registers,1260,12,-1,-1,-1,-1,-1,-1,-1,-1,2693
2026-08-23 00:26:30.273,1,3,Read Holding Registers,6183,3840,-1,-1,-1,-1,-1,-1,-1,-1,8136
2026-08-23 00:26:30.436,1,6,Write Single Register,1268,-1,-1,407,407,407,407,10,-1,-1,13961
2026-08-23 00:26:30.448,1,6,Write Single Register,1268,-1,-1,407,407,407,407,10,-1,-1,13961
2026-08-23 00:26:30.736,1,4,Read Input Registers,86,3,-1,-1,-1,-1,-1,-1,-1,-1,6992
2026-08-23 00:26:30.757,1,4,Read Input Registers,1538,28416,-1,-1,-1,-1,-1,-1,-1,-1,30901
2026-08-23 00:26:31.734,1,6,Write Single Register,321,-1,-1,34,34,34,34,14,-1,-1,15192
2026-08-23 00:26:31.746,1,6,Write Single Register,321,-1,-1,34,34,34,34,14,-1,-1,15192
2026-08-23 00:26:32.246,1,16,Write Multiple Registers,2835,3,6,118,258,237,613,35,-1,-1,41727
2026-08-23 00:26:32.269,1,3,Read Holding Registers,1200,5,-1,-1,-1,-1,-1,-1,-1,-1,7813
2026-08-23 00:26:32.290,1,3,Read Holding Registers,2560,0,-1,-1,-1,-1,-1,-1,-1,-1,46628
2026-08-23 00:26:32.740,1,1,Read Coils,25,3,-1,-1,-1,-1,-1,-1,-1,-1,52397
2026-08-23 00:26:32.751,1,1,Read Coils,256,20872,-1,-1,-1,-1,-1,-1,-1,-1,34897
2026-08-23 00:26:33.241,1,2,Read Discrete Inputs,4,12,-1,-1,-1,-1,-1,-1,-1,-1,52793
2026-08-23 00:26:33.252,1,2,Read Discrete Inputs,512,185,-1,-1,-1,-1,-1,-1,-1,-1,47289
2026-08-23 00:26:33.741,1,3,Read Holding Registers,1260,12,-1,-1,-1,-1,-1,-1,-1,-1,2693
2026-08-23 00:26:33.773,1,3,Read Holding Registers,6183,3840,-1,-1,-1,-1,-1,-1,-1,-1,8110
2026-08-23 00:26:34.232,1,4,Read Input Registers,86,3,-1,-1,-1,-1,-1,-1,-1,-1,6992
2026-08-23 00:26:34.254,1,4,Read Input Registers,1537,27392,-1,-1,-1,-1,-1,-1,-1,-1,35652
2026-08-23 00:26:34.735,1,5,Write Single Coil,9012,0,-1,-1,-1,-1,-1,-1,-1,-1,32903
2026-08-23 00:26:34.746,1,5,Write Single Coil,9012,0,-1,-1,-1,-1,-1,-1,-1,-1,32903
2026-08-23 00:26:35.236,1,6,Write Single Register,321,-1,-1,38,38,38,38,13,-1,-1,63577
2026-08-23 00:26:35.248,1,6,Write Single Register,321,-1,-1,38,38,38,38,13,-1,-1,63577
2026-08-23 00:26:35.748,1,16,Write Multiple Registers,2835,3,6,105,255,200,560,33,-1,-1,45635
2026-08-23 00:26:35.771,1,3,Read Holding Registers,1200,5,-1,-1,-1,-1,-1,-1,-1,-1,7813
2026-08-23 00:26:35.793,1,3,Read Holding Registers,2560,0,-1,-1,-1,-1,-1,-1,-1,-1,46628
2026-08-23 00:26:36.232,1,1,Read Coils,25,3,-1,-1,-1,-1,-1,-1,-1,-1,52397
2026-08-23 00:26:36.243,1,1,Read Coils,256,20872,-1,-1,-1,-1,-1,-1,-1,-1,34897
2026-08-23 00:26:36.732,1,2,Read Discrete Inputs,4,12,-1,-1,-1,-1,-1,-1,-1,-1,52793
2026-08-23 00:26:36.744,1,2,Read Discrete Inputs,512,185,-1,-1,-1,-1,-1,-1,-1,-1,47289
2026-08-23 00:26:37.233,1,3,Read Holding Registers,1260,12,-1,-1,-1,-1,-1,-1,-1,-1,2693
2026-08-23 00:26:37.275,1,3,Read Holding Registers,6183,3840,-1,-1,-1,-1,-1,-1,-1,-1,8110
2026-08-23 00:26:37.733,1,4,Read Input Registers,86,3,-1,-1,-1,-1,-1,-1,-1,-1,6992
2026-08-23 00:26:37.755,1,4,Read Input Registers,1536,54016,-1,-1,-1,-1,-1,-1,-1,-1,16869
2026-08-23 00:26:38.234,1,5,Write Single Coil,9012,0,-1,-1,-1,-1,-1,-1,-1,-1,32903
2026-08-23 00:26:38.245,1,5,Write Single Coil,9012,0,-1,-1,-1,-1,-1,-1,-1,-1,32903
2026-08-23 00:26:38.735,1,6,Write Single Register,321,-1,-1,46,46,46,46,12,-1,-1,15960
2026-08-23 00:26:38.747,1,6,Write Single Register,321,-1,-1,46,46,46,46,12,-1,-1,15960
2026-08-23 00:26:39.246,1,16,Write Multiple Registers,2835,3,6,113,246,240,599,34,-1,-1,29866
2026-08-23 00:26:39.269,1,3,Read Holding Registers,1200,5,-1,-1,-1,-1,-1,-1,-1,-1,7813
2026-08-23 00:26:39.290,1,3,Read Holding Registers,2560,0,-1,-1,-1,-1,-1,-1,-1,-1,46628
2026-08-23 00:26:39.738,1,1,Read Coils,25,3,-1,-1,-1,-1,-1,-1,-1,-1,52397
2026-08-23 00:26:39.749,1,1,Read Coils,256,20872,-1,-1,-1,-1,-1,-1,-1,-1,34897
2026-08-23 00:26:40.239,1,2,Read Discrete Inputs,4,12,-1,-1,-1,-1,-1,-1,-1,-1,52793
2026-08-23 00:26:40.250,1,2,Read Discrete Inputs,513,184,-1,-1,-1,-1,-1,-1,-1,-1,10424
2026-08-23 00:26:40.740,1,3,Read Holding Registers,1260,12,-1,-1,-1,-1,-1,-1,-1,-1,2693
2026-08-23 00:26:40.772,1,3,Read Holding Registers,6183,3840,-1,-1,-1,-1,-1,-1,-1,-1,8110
2026-08-23 00:26:41.240,1,4,Read Input Registers,86,3,-1,-1,-1,-1,-1,-1,-1,-1,6992
2026-08-23 00:26:41.251,1,4,Read Input Registers,1537,63744,-1,-1,-1,-1,-1,-1,-1,-1,22269
2026-08-23 00:26:41.456,1,6,Write Single Register,1271,-1,-1,746,746,746,746,10,-1,-1,59321
2026-08-23 00:26:41.467,1,6,Write Single Register,1271,-1,-1,746,746,746,746,10,-1,-1,59321
2026-08-23 00:26:42.739,1,16,Write Multiple Registers,2835,3,6,115,246,221,582,31,-1,-1,45231
2026-08-23 00:26:42.772,1,3,Read Holding Registers,1200,5,-1,-1,-1,-1,-1,-1,-1,-1,7813
2026-08-23 00:26:42.794,1,3,Read Holding Registers,2560,0,-1,-1,-1,-1,-1,-1,-1,-1,46628
2026-08-23 00:26:43.232,1,1,Read Coils,25,3,-1,-1,-1,-1,-1,-1,-1,-1,52397
2026-08-23 00:26:43.243,1,1,Read Coils,256,20872,-1,-1,-1,-1,-1,-1,-1,-1,34897
2026-08-23 00:26:43.732,1,2,Read Discrete Inputs,4,12,-1,-1,-1,-1,-1,-1,-1,-1,52793
2026-08-23 00:26:43.743,1,2,Read Discrete Inputs,513,184,-1,-1,-1,-1,-1,-1,-1,-1,10424
2026-08-23 00:26:44.232,1,3,Read Holding Registers,1260,12,-1,-1,-1,-1,-1,-1,-1,-1,2693
2026-08-23 00:26:44.274,1,3,Read Holding Registers,6183,3840,-1,-1,-1,-1,-1,-1,-1,-1,8110
2026-08-23 00:26:44.733,1,4,Read Input Registers,86,3,-1,-1,-1,-1,-1,-1,-1,-1,6992
2026-08-23 00:26:44.755,1,4,Read Input Registers,1539,38656,-1,-1,-1,-1,-1,-1,-1,-1,32021
2026-08-23 00:26:45.234,1,5,Write Single Coil,9012,65280,-1,-1,-1,-1,-1,-1,-1,-1,28870
2026-08-23 00:26:45.245,1,5,Write Single Coil,9012,65280,-1,-1,-1,-1,-1,-1,-1,-1,28870
2026-08-23 00:26:46.243,1,16,Write Multiple Registers,2835,3,6,100,255,246,601,31,-1,-1,46331
2026-08-23 00:26:46.265,1,3,Read Holding Registers,1200,5,-1,-1,-1,-1,-1,-1,-1,-1,7813
2026-08-23 00:26:46.297,1,3,Read Holding Registers,2560,0,-1,-1,-1,-1,-1,-1,-1,-1,46628
2026-08-23 00:26:46.735,1,1,Read Coils,25,3,-1,-1,-1,-1,-1,-1,-1,-1,52397
2026-08-23 00:26:46.747,1,1,Read Coils,256,20872,-1,-1,-1,-1,-1,-1,-1,-1,34897
2026-08-23 00:26:47.235,1,2,Read Discrete Inputs,4,12,-1,-1,-1,-1,-1,-1,-1,-1,52793
2026-08-23 00:26:47.247,1,2,Read Discrete Inputs,512,185,-1,-1,-1,-1,-1,-1,-1,-1,47289
2026-08-23 00:26:47.736,1,3,Read Holding Registers,1260,12,-1,-1,-1,-1,-1,-1,-1,-1,2693
2026-08-23 00:26:47.778,1,3,Read Holding Registers,6183,3840,-1,-1,-1,-1,-1,-1,-1,-1,8110
2026-08-23 00:26:48.238,1,4,Read Input Registers,86,3,-1,-1,-1,-1,-1,-1,-1,-1,6992
2026-08-23 00:26:48.249,1,4,Read Input Registers,1538,48896,-1,-1,-1,-1,-1,-1,-1,-1,43636
2026-08-23 00:26:48.433,1,6,Write Single Register,1277,-1,-1,1757,1757,1757,1757,8,-1,-1,62426
2026-08-23 00:26:48.445,1,6,Write Single Register,1277,-1,-1,1757,1757,1757,1757,8,-1,-1,62426
2026-08-23 00:26:49.749,1,16,Write Multiple Registers,2835,3,6,103,249,213,565,32,-1,-1,29006
2026-08-23 00:26:49.771,1,3,Read Holding Registers,1200,5,-1,-1,-1,-1,-1,-1,-1,-1,7813
2026-08-23 00:26:49.793,1,3,Read Holding Registers,2560,0,-1,-1,-1,-1,-1,-1,-1,-1,46628
2026-08-23 00:26:50.241,1,1,Read Coils,25,3,-1,-1,-1,-1,-1,-1,-1,-1,52397
2026-08-23 00:26:50.253,1,1,Read Coils,256,20872,-1,-1,-1,-1,-1,-1,-1,-1,34897
2026-08-23 00:26:50.732,1,2,Read Discrete Inputs,4,12,-1,-1,-1,-1,-1,-1,-1,-1,52793
2026-08-23 00:26:50.743,1,2,Read Discrete Inputs,512,185,-1,-1,-1,-1,-1,-1,-1,-1,47289
2026-08-23 00:26:51.233,1,3,Read Holding Registers,1260,12,-1,-1,-1,-1,-1,-1,-1,-1,2693
2026-08-23 00:26:51.275,1,3,Read Holding Registers,6183,3840,-1,-1,-1,-1,-1,-1,-1,-1,8110
2026-08-23 00:26:51.733,1,4,Read Input Registers,86,3,-1,-1,-1,-1,-1,-1,-1,-1,6992
2026-08-23 00:26:51.755,1,4,Read Input Registers,1537,58112,-1,-1,-1,-1,-1,-1,-1,-1,38052
2026-08-23 00:26:53.242,1,16,Write Multiple Registers,2835,3,6,100,258,237,595,37,-1,-1,42847
2026-08-23 00:26:53.275,1,3,Read Holding Registers,1200,5,-1,-1,-1,-1,-1,-1,-1,-1,7813
2026-08-23 00:26:53.297,1,3,Read Holding Registers,2560,0,-1,-1,-1,-1,-1,-1,-1,-1,46628
2026-08-23 00:26:53.736,1,1,Read Coils,25,3,-1,-1,-1,-1,-1,-1,-1,-1,52397
2026-08-23 00:26:53.747,1,1,Read Coils,256,20872,-1,-1,-1,-1,-1,-1,-1,-1,34897
2026-08-23 00:26:54.237,1,2,Read Discrete Inputs,4,12,-1,-1,-1,-1,-1,-1,-1,-1,52793
2026-08-23 00:26:54.249,1,2,Read Discrete Inputs,513,184,-1,-1,-1,-1,-1,-1,-1,-1,10424
2026-08-23 00:26:54.739,1,3,Read Holding Registers,1260,12,-1,-1,-1,-1,-1,-1,-1,-1,2693
2026-08-23 00:26:54.771,1,3,Read Holding Registers,6183,3840,-1,-1,-1,-1,-1,-1,-1,-1,8110
2026-08-23 00:26:55.241,1,4,Read Input Registers,86,3,-1,-1,-1,-1,-1,-1,-1,-1,6992
2026-08-23 00:26:55.252,1,4,Read Input Registers,1538,1024,-1,-1,-1,-1,-1,-1,-1,-1,45456
2026-08-23 00:26:56.239,1,6,Write Single Register,321,-1,-1,45,45,45,45,12,-1,-1,16152
2026-08-23 00:26:56.251,1,6,Write Single Register,321,-1,-1,45,45,45,45,12,-1,-1,16152
2026-08-23 00:26:56.740,1,16,Write Multiple Registers,2835,3,6,110,244,226,580,34,-1,-1,29354
2026-08-23 00:26:56.773,1,3,Read Holding Registers,1200,5,-1,-1,-1,-1,-1,-1,-1,-1,7813
2026-08-23 00:26:56.794,1,3,Read Holding Registers,2560,0,-1,-1,-1,-1,-1,-1,-1,-1,46628
2026-08-23 00:26:57.232,1,1,Read Coils,25,3,-1,-1,-1,-1,-1,-1,-1,-1,52397
2026-08-23 00:26:57.244,1,1,Read Coils,256,20872,-1,-1,-1,-1,-1,-1,-1,-1,34897
2026-08-23 00:26:57.733,1,2,Read Discrete Inputs,4,12,-1,-1,-1,-1,-1,-1,-1,-1,52793
2026-08-23 00:26:57.745,1,2,Read Discrete Inputs,513,184,-1,-1,-1,-1,-1,-1,-1,-1,10424
2026-08-23 00:26:58.235,1,3,Read Holding Registers,1260,12,-1,-1,-1,-1,-1,-1,-1,-1,2693
2026-08-23 00:26:58.277,1,3,Read Holding Registers,6183,3840,-1,-1,-1,-1,-1,-1,-1,-1,8110
2026-08-23 00:26:58.736,1,4,Read Input Registers,86,3,-1,-1,-1,-1,-1,-1,-1,-1,6992
2026-08-23 00:26:58.758,1,4,Read Input Registers,1536,60416,-1,-1,-1,-1,-1,-1,-1,-1,17649
2026-08-23 00:26:59.543,1,6,Write Single Register,1274,-1,-1,1194,1194,1194,1194,11,-1,-1,29738
2026-08-23 00:26:59.554,1,6,Write Single Register,1274,-1,-1,1194,1194,1194,1194,11,-1,-1,29738
2026-08-23 00:27:00.248,1,16,Write Multiple Registers,2835,3,6,103,244,206,553,33,-1,-1,46827
2026-08-23 00:27:00.271,1,3,Read Holding Registers,1200,5,-1,-1,-1,-1,-1,-1,-1,-1,7813
2026-08-23 00:27:00.293,1,3,Read Holding Registers,2560,0,-1,-1,-1,-1,-1,-1,-1,-1,46628
2026-08-23 00:27:00.741,1,1,Read Coils,25,3,-1,-1,-1,-1,-1,-1,-1,-1,52397
2026-08-23 00:27:00.753,1,1,Read Coils,256,20872,-1,-1,-1,-1,-1,-1,-1,-1,34897
2026-08-23 00:27:01.233,1,2,Read Discrete Inputs,4,12,-1,-1,-1,-1,-1,-1,-1,-1,52793
2026-08-23 00:27:01.245,1,2,Read Discrete Inputs,513,184,-1,-1,-1,-1,-1,-1,-1,-1,10424
2026-08-23 00:27:01.735,1,3,Read Holding Registers,1260,12,-1,-1,-1,-1,-1,-1,-1,-1,2693
2026-08-23 00:27:01.777,1,3,Read Holding Registers,6183,3840,-1,-1,-1,-1,-1,-1,-1,-1,8110
2026-08-23 00:27:02.236,1,4,Read Input Registers,86,3,-1,-1,-1,-1,-1,-1,-1,-1,6992
2026-08-23 00:27:02.257,1,4,Read Input Registers,1537,39936,-1,-1,-1,-1,-1,-1,-1,-1,24241
2026-08-23 00:27:02.738,1,5,Write Single Coil,9012,65280,-1,-1,-1,-1,-1,-1,-1,-1,28870
2026-08-23 00:27:02.750,1,5,Write Single Coil,9012,65280,-1,-1,-1,-1,-1,-1,-1,-1,28870
2026-08-23 00:27:03.747,1,16,Write Multiple Registers,2835,3,6,115,243,223,581,30,-1,-1,29462
2026-08-23 00:27:03.770,1,3,Read Holding Registers,1200,5,-1,-1,-1,-1,-1,-1,-1,-1,7813
2026-08-23 00:27:03.791,1,3,Read Holding Registers,2560,0,-1,-1,-1,-1,-1,-1,-1,-1,46628
2026-08-23 00:27:04.240,1,1,Read Coils,25,3,-1,-1,-1,-1,-1,-1,-1,-1,52397
2026-08-23 00:27:04.252,1,1,Read Coils,256,20872,-1,-1,-1,-1,-1,-1,-1,-1,34897
2026-08-23 00:27:04.731,1,2,Read Discrete Inputs,4,12,-1,-1,-1,-1,-1,-1,-1,-1,52793
2026-08-23 00:27:04.753,1,2,Read Discrete Inputs,513,184,-1,-1,-1,-1,-1,-1,-1,-1,10424
2026-08-23 00:27:05.242,1,3,Read Holding Registers,1260,12,-1,-1,-1,-1,-1,-1,-1,-1,2693
2026-08-23 00:27:05.274,1,3,Read Holding Registers,6183,3840,-1,-1,-1,-1,-1,-1,-1,-1,8110
2026-08-23 00:27:05.733,1,4,Read Input Registers,86,3,-1,-1,-1,-1,-1,-1,-1,-1,6992
2026-08-23 00:27:05.755,1,4,Read Input Registers,1536,48128,-1,-1,-1,-1,-1,-1,-1,-1,18481
2026-08-23 00:27:07.139,1,6,Write Single Register,1276,-1,-1,1560,1560,1560,1560,12,-1,-1,24651
2026-08-23 00:27:07.150,1,6,Write Single Register,1276,-1,-1,1560,1560,1560,1560,12,-1,-1,24651
2026-08-23 00:27:07.243,1,16,Write Multiple Registers,2835,3,6,108,253,220,581,32,-1,-1,29154
2026-08-23 00:27:07.275,1,3,Read Holding Registers,1200,5,-1,-1,-1,-1,-1,-1,-1,-1,7813
2026-08-23 00:27:07.297,1,3,Read Holding Registers,2560,0,-1,-1,-1,-1,-1,-1,-1,-1,46628
2026-08-23 00:27:07.735,1,1,Read Coils,25,3,-1,-1,-1,-1,-1,-1,-1,-1,52397
2026-08-23 00:27:07.746,1,1,Read Coils,256,20872,-1,-1,-1,-1,-1,-1,-1,-1,34897
2026-08-23 00:27:08.236,1,2,Read Discrete Inputs,4,12,-1,-1,-1,-1,-1,-1,-1,-1,52793
2026-08-23 00:27:08.247,1,2,Read Discrete Inputs,513,184,-1,-1,-1,-1,-1,-1,-1,-1,10424
2026-08-23 00:27:08.737,1,3,Read Holding Registers,1260,12,-1,-1,-1,-1,-1,-1,-1,-1,2693
2026-08-23 00:27:08.779,1,3,Read Holding Registers,6183,3840,-1,-1,-1,-1,-1,-1,-1,-1,8110
2026-08-23 00:27:09.237,1,4,Read Input Registers,86,3,-1,-1,-1,-1,-1,-1,-1,-1,6992
2026-08-23 00:27:09.249,1,4,Read Input Registers,1536,53248,-1,-1,-1,-1,-1,-1,-1,-1,16801
2026-08-23 00:27:10.744,1,16,Write Multiple Registers,2835,3,6,113,247,246,606,31,-1,-1,46827
2026-08-23 00:27:10.767,1,3,Read Holding Registers,1200,5,-1,-1,-1,-1,-1,-1,-1,-1,7813
2026-08-23 00:27:10.788,1,3,Read Holding Registers,2560,0,-1,-1,-1,-1,-1,-1,-1,-1,46628
2026-08-23 00:27:11.236,1,1,Read Coils,25,3,-1,-1,-1,-1,-1,-1,-1,-1,52397
2026-08-23 00:27:11.248,1,1,Read Coils,256,20872,-1,-1,-1,-1,-1,-1,-1,-1,34897
2026-08-23 00:27:11.737,1,2,Read Discrete Inputs,4,12,-1,-1,-1,-1,-1,-1,-1,-1,52793
2026-08-23 00:27:11.748,1,2,Read Discrete Inputs,513,184,-1,-1,-1,-1,-1,-1,-1,-1,10424
2026-08-23 00:27:12.238,1,3,Read Holding Registers,1260,12,-1,-1,-1,-1,-1,-1,-1,-1,2693
2026-08-23 00:27:12.280,1,3,Read Holding Registers,6183,3840,-1,-1,-1,-1,-1,-1,-1,-1,8110
2026-08-23 00:27:12.738,1,4,Read Input Registers,86,3,-1,-1,-1,-1,-1,-1,-1,-1,6992
2026-08-23 00:27:12.750,1,4,Read Input Registers,1537,63744,-1,-1,-1,-1,-1,-1,-1,-1,22269
2026-08-23 00:27:13.736,1,6,Write Single Register,321,-1,-1,13,13,13,13,13,-1,-1,59161
2026-08-23 00:27:13.747,1,6,Write Single Register,321,-1,-1,13,13,13,13,13,-1,-1,59161
2026-08-23 00:27:14.226,1,6,Write Single Register,1266,-1,-1,239,239,239,239,9,-1,-1,34152
2026-08-23 00:27:14.238,1,6,Write Single Register,1266,-1,-1,239,239,239,239,9,-1,-1,34152
2026-08-23 00:27:14.269,1,16,Write Multiple Registers,2835,3,6,103,240,222,565,33,-1,-1,46635
2026-08-23 00:27:14.302,1,3,Read Holding Registers,1200,5,-1,-1,-1,-1,-1,-1,-1,-1,7813
2026-08-23 00:27:14.323,1,3,Read Holding Registers,2560,0,-1,-1,-1,-1,-1,-1,-1,-1,46628
2026-08-23 00:27:14.751,1,1,Read Coils,25,3,-1,-1,-1,-1,-1,-1,-1,-1,52397
2026-08-23 00:27:14.762,1,1,Read Coils,256,20872,-1,-1,-1,-1,-1,-1,-1,-1,34897
2026-08-23 00:27:15.251,1,2,Read Discrete Inputs,4,12,-1,-1,-1,-1,-1,-1,-1,-1,52793
2026-08-23 00:27:15.263,1,2,Read Discrete Inputs,513,184,-1,-1,-1,-1,-1,-1,-1,-1,10424
2026-08-23 00:27:15.751,1,3,Read Holding Registers,1260,12,-1,-1,-1,-1,-1,-1,-1,-1,2693
2026-08-23 00:27:15.793,1,3,Read Holding Registers,6183,3840,-1,-1,-1,-1,-1,-1,-1,-1,8110
2026-08-23 00:27:16.253,1,4,Read Input Registers,86,3,-1,-1,-1,-1,-1,-1,-1,-1,6992
2026-08-23 00:27:16.274,1,4,Read Input Registers,1537,38656,-1,-1,-1,-1,-1,-1,-1,-1,40724
2026-08-23 00:27:16.754,1,5,Write Single Coil,9012,65280,-1,-1,-1,-1,-1,-1,-1,-1,28870
2026-08-23 00:27:16.766,1,5,Write Single Coil,9012,65280,-1,-1,-1,-1,-1,-1,-1,-1,28870
2026-08-23 00:27:17.763,1,16,Write Multiple Registers,2835,3,6,108,246,218,572,33,-1,-1,46635
2026-08-23 00:27:17.785,1,3,Read Holding Registers,1200,5,-1,-1,-1,-1,-1,-1,-1,-1,7813
2026-08-23 00:27:17.807,1,3,Read Holding Registers,2560,0,-1,-1,-1,-1,-1,-1,-1,-1,46628
2026-08-23 00:27:18.255,1,1,Read Coils,25,3,-1,-1,-1,-1,-1,-1,-1,-1,52397
2026-08-23 00:27:18.266,1,1,Read Coils,256,20872,-1,-1,-1,-1,-1,-1,-1,-1,34897
2026-08-23 00:27:18.756,1,2,Read Discrete Inputs,4,12,-1,-1,-1,-1,-1,-1,-1,-1,52793
2026-08-23 00:27:18.767,1,2,Read Discrete Inputs,512,185,-1,-1,-1,-1,-1,-1,-1,-1,47289
2026-08-23 00:27:19.257,1,3,Read Holding Registers,1260,12,-1,-1,-1,-1,-1,-1,-1,-1,2693
2026-08-23 00:27:19.290,1,3,Read Holding Registers,6183,3840,-1,-1,-1,-1,-1,-1,-1,-1,8110
2026-08-23 00:27:19.759,1,4,Read Input Registers,86,3,-1,-1,-1,-1,-1,-1,-1,-1,6992
2026-08-23 00:27:19.771,1,4,Read Input Registers,1538,28416,-1,-1,-1,-1,-1,-1,-1,-1,30901
2026-08-23 00:27:21.258,1,16,Write Multiple Registers,2835,3,6,119,257,242,618,35,-1,-1,41339
2026-08-23 00:27:21.292,1,3,Read Holding Registers,1200,5,-1,-1,-1,-1,-1,-1,-1,-1,7813
2026-08-23 00:27:21.313,1,3,Read Holding Registers,2560,0,-1,-1,-1,-1,-1,-1,-1,-1,46628
2026-08-23 00:27:21.752,1,1,Read Coils,25,3,-1,-1,-1,-1,-1,-1,-1,-1,52397
2026-08-23 00:27:21.763,1,1,Read Coils,256,20872,-1,-1,-1,-1,-1,-1,-1,-1,34897
2026-08-23 00:27:22.253,1,2,Read Discrete Inputs,4,12,-1,-1,-1,-1,-1,-1,-1,-1,52793
2026-08-23 00:27:22.264,1,2,Read Discrete Inputs,512,185,-1,-1,-1,-1,-1,-1,-1,-1,47289
2026-08-23 00:27:22.753,1,3,Read Holding Registers,1260,12,-1,-1,-1,-1,-1,-1,-1,-1,2693
2026-08-23 00:27:22.795,1,3,Read Holding Registers,6183,3840,-1,-1,-1,-1,-1,-1,-1,-1,8110
2026-08-23 00:27:23.254,1,4,Read Input Registers,86,3,-1,-1,-1,-1,-1,-1,-1,-1,6992
2026-08-23 00:27:23.275,1,4,Read Input Registers,1539,6656,-1,-1,-1,-1,-1,-1,-1,-1,25145
2026-08-23 00:27:24.413,1,6,Write Single Register,1265,-1,-1,169,169,169,169,12,-1,-1,30489
2026-08-23 00:27:24.425,1,6,Write Single Register,1265,-1,-1,169,169,169,169,12,-1,-1,30489
2026-08-23 00:27:24.762,1,16,Write Multiple Registers,2835,3,6,101,243,213,557,33,-1,-1,46703
2026-08-23 00:27:24.795,1,3,Read Holding Registers,1200,5,-1,-1,-1,-1,-1,-1,-1,-1,7813
2026-08-23 00:27:24.806,1,3,Read Holding Registers,2560,0,-1,-1,-1,-1,-1,-1,-1,-1,46628
2026-08-23 00:27:25.254,1,1,Read Coils,25,3,-1,-1,-1,-1,-1,-1,-1,-1,52397
2026-08-23 00:27:25.266,1,1,Read Coils,256,20872,-1,-1,-1,-1,-1,-1,-1,-1,34897
2026-08-23 00:27:25.756,1,2,Read Discrete Inputs,4,12,-1,-1,-1,-1,-1,-1,-1,-1,52793
2026-08-23 00:27:25.767,1,2,Read Discrete Inputs,513,184,-1,-1,-1,-1,-1,-1,-1,-1,10424
2026-08-23 00:27:26.256,1,3,Read Holding Registers,1260,12,-1,-1,-1,-1,-1,-1,-1,-1,2693
2026-08-23 00:27:26.288,1,3,Read Holding Registers,6183,3840,-1,-1,-1,-1,-1,-1,-1,-1,55719
2026-08-23 00:27:26.758,1,4,Read Input Registers,86,3,-1,-1,-1,-1,-1,-1,-1,-1,6992
2026-08-23 00:27:26.769,1,4,Read Input Registers,1538,46592,-1,-1,-1,-1,-1,-1,-1,-1,43944
2026-08-23 00:27:27.756,1,6,Write Single Register,321,-1,-1,47,47,47,47,11,-1,-1,65177
2026-08-23 00:27:27.767,1,6,Write Single Register,321,-1,-1,47,47,47,47,11,-1,-1,65177
2026-08-23 00:27:28.266,1,16,Write Multiple Registers,2835,3,6,116,250,202,568,34,-1,-1,30570
2026-08-23 00:27:28.289,1,3,Read Holding Registers,1200,5,-1,-1,-1,-1,-1,-1,-1,-1,7813
2026-08-23 00:27:28.311,1,3,Read Holding Registers,2560,0,-1,-1,-1,-1,-1,-1,-1,-1,46628
2026-08-23 00:27:28.759,1,1,Read Coils,25,3,-1,-1,-1,-1,-1,-1,-1,-1,52397
2026-08-23 00:27:28.771,1,1,Read Coils,256,20872,-1,-1,-1,-1,-1,-1,-1,-1,34897
2026-08-23 00:27:29.250,1,2,Read Discrete Inputs,4,12,-1,-1,-1,-1,-1,-1,-1,-1,52793
2026-08-23 00:27:29.272,1,2,Read Discrete Inputs,513,184,-1,-1,-1,-1,-1,-1,-1,-1,10424
2026-08-23 00:27:29.751,1,3,Read Holding Registers,1260,12,-1,-1,-1,-1,-1,-1,-1,-1,2693
2026-08-23 00:27:29.793,1,3,Read Holding Registers,6183,3840,-1,-1,-1,-1,-1,-1,-1,-1,55719
2026-08-23 00:27:30.252,1,4,Read Input Registers,86,3,-1,-1,-1,-1,-1,-1,-1,-1,6992
2026-08-23 00:27:30.274,1,4,Read Input Registers,1539,43520,-1,-1,-1,-1,-1,-1,-1,-1,47224
2026-08-23 00:27:31.251,1,6,Write Single Register,321,-1,-1,11,11,11,11,13,-1,-1,58777
2026-08-23 00:27:31.263,1,6,Write Single Register,321,-1,-1,11,11,11,11,13,-1,-1,58777
2026-08-23 00:27:31.763,1,16,Write Multiple Registers,2835,3,6,111,244,241,596,32,-1,-1,29298
2026-08-23 00:27:31.786,1,3,Read Holding Registers,1200,5,-1,-1,-1,-1,-1,-1,-1,-1,7813
2026-08-23 00:27:31.807,1,3,Read Holding Registers,2560,0,-1,-1,-1,-1,-1,-1,-1,-1,46628
2026-08-23 00:27:32.257,1,1,Read Coils,25,3,-1,-1,-1,-1,-1,-1,-1,-1,52397
2026-08-23 00:27:32.269,1,1,Read Coils,256,20872,-1,-1,-1,-1,-1,-1,-1,-1,34897
2026-08-23 00:27:32.759,1,2,Read Discrete Inputs,4,12,-1,-1,-1,-1,-1,-1,-1,-1,52793
2026-08-23 00:27:32.770,1,2,Read Discrete Inputs,512,185,-1,-1,-1,-1,-1,-1,-1,-1,47289
2026-08-23 00:27:32.944,1,6,Write Single Register,1262,-1,-1,39,39,39,39,12,-1,-1,54696
2026-08-23 00:27:32.966,1,6,Write Single Register,1262,-1,-1,39,39,39,39,12,-1,-1,54696
2026-08-23 00:27:33.253,1,3,Read Holding Registers,1260,12,-1,-1,-1,-1,-1,-1,-1,-1,2693
2026-08-23 00:27:33.296,1,3,Read Holding Registers,6183,3840,-1,-1,-1,-1,-1,-1,-1,-1,28374
2026-08-23 00:27:33.755,1,4,Read Input Registers,86,3,-1,-1,-1,-1,-1,-1,-1,-1,6992
2026-08-23 00:27:33.776,1,4,Read Input Registers,1536,53248,-1,-1,-1,-1,-1,-1,-1,-1,16801
2026-08-23 00:27:34.255,1,5,Write Single Coil,9012,65280,-1,-1,-1,-1,-1,-1,-1,-1,28870
2026-08-23 00:27:34.267,1,5,Write Single Coil,9012,65280,-1,-1,-1,-1,-1,-1,-1,-1,28870
2026-08-23 00:27:35.264,1,16,Write Multiple Registers,2835,3,6,101,258,205,564,37,-1,-1,41103
2026-08-23 00:27:35.287,1,3,Read Holding Registers,1200,5,-1,-1,-1,-1,-1,-1,-1,-1,7813
2026-08-23 00:27:35.308,1,3,Read Holding Registers,2560,0,-1,-1,-1,-1,-1,-1,-1,-1,46628
2026-08-23 00:27:35.756,1,1,Read Coils,25,3,-1,-1,-1,-1,-1,-1,-1,-1,52397
2026-08-23 00:27:35.768,1,1,Read Coils,256,20872,-1,-1,-1,-1,-1,-1,-1,-1,34897
2026-08-23 00:27:36.257,1,2,Read Discrete Inputs,4,12,-1,-1,-1,-1,-1,-1,-1,-1,52793
2026-08-23 00:27:36.269,1,2,Read Discrete Inputs,513,184,-1,-1,-1,-1,-1,-1,-1,-1,10424
2026-08-23 00:27:36.758,1,3,Read Holding Registers,1260,12,-1,-1,-1,-1,-1,-1,-1,-1,2693
2026-08-23 00:27:36.790,1,3,Read Holding Registers,6183,3840,-1,-1,-1,-1,-1,-1,-1,-1,28374
2026-08-23 00:27:37.250,1,4,Read Input Registers,86,3,-1,-1,-1,-1,-1,-1,-1,-1,6992
2026-08-23 00:27:37.272,1,4,Read Input Registers,1537,4608,-1,-1,-1,-1,-1,-1,-1,-1,16857
2026-08-23 00:27:37.752,1,5,Write Single Coil,9012,0,-1,-1,-1,-1,-1,-1,-1,-1,32903
2026-08-23 00:27:37.763,1,5,Write Single Coil,9012,0,-1,-1,-1,-1,-1,-1,-1,-1,32903
2026-08-23 00:27:38.253,1,6,Write Single Register,321,-1,-1,11,11,11,11,13,-1,-1,58777
2026-08-23 00:27:38.265,1,6,Write Single Register,321,-1,-1,11,11,11,11,13,-1,-1,58777
2026-08-23 00:27:38.765,1,16,Write Multiple Registers,2835,3,6,103,246,216,565,33,-1,-1,46115
2026-08-23 00:27:38.787,1,3,Read Holding Registers,1200,5,-1,-1,-1,-1,-1,-1,-1,-1,7813
2026-08-23 00:27:38.809,1,3,Read Holding Registers,2560,0,-1,-1,-1,-1,-1,-1,-1,-1,46628
2026-08-23 00:27:39.258,1,1,Read Coils,25,3,-1,-1,-1,-1,-1,-1,-1,-1,52397
2026-08-23 00:27:39.269,1,1,Read Coils,256,20872,-1,-1,-1,-1,-1,-1,-1,-1,34897
2026-08-23 00:27:39.758,1,2,Read Discrete Inputs,4,12,-1,-1,-1,-1,-1,-1,-1,-1,52793
2026-08-23 00:27:39.770,1,2,Read Discrete Inputs,513,184,-1,-1,-1,-1,-1,-1,-1,-1,10424
2026-08-23 00:27:40.259,1,3,Read Holding Registers,1260,12,-1,-1,-1,-1,-1,-1,-1,-1,2693
2026-08-23 00:27:40.290,1,3,Read Holding Registers,6183,3840,-1,-1,-1,-1,-1,-1,-1,-1,28374
2026-08-23 00:27:40.759,1,4,Read Input Registers,86,3,-1,-1,-1,-1,-1,-1,-1,-1,6992
2026-08-23 00:27:40.771,1,4,Read Input Registers,1536,42496,-1,-1,-1,-1,-1,-1,-1,-1,35432
2026-08-23 00:27:41.756,1,6,Write Single Register,321,-1,-1,49,49,49,49,13,-1,-1,63001
2026-08-23 00:27:41.768,1,6,Write Single Register,321,-1,-1,49,49,49,49,13,-1,-1,63001
2026-08-23 00:27:42.268,1,16,Write Multiple Registers,2835,3,6,106,255,202,563,32,-1,-1,29386
2026-08-23 00:27:42.291,1,3,Read Holding Registers,1200,5,-1,-1,-1,-1,-1,-1,-1,-1,7813
2026-08-23 00:27:42.313,1,3,Read Holding Registers,2560,0,-1,-1,-1,-1,-1,-1,-1,-1,46628
2026-08-23 00:27:42.751,1,1,Read Coils,25,3,-1,-1,-1,-1,-1,-1,-1,-1,52397
2026-08-23 00:27:42.763,1,1,Read Coils,256,20872,-1,-1,-1,-1,-1,-1,-1,-1,34897
2026-08-23 00:27:43.253,1,2,Read Discrete Inputs,4,12,-1,-1,-1,-1,-1,-1,-1,-1,52793
2026-08-23 00:27:43.265,1,2,Read Discrete Inputs,513,184,-1,-1,-1,-1,-1,-1,-1,-1,10424
2026-08-23 00:27:43.754,1,3,Read Holding Registers,1260,12,-1,-1,-1,-1,-1,-1,-1,-1,2693
2026-08-23 00:27:43.796,1,3,Read Holding Registers,6183,3840,-1,-1,-1,-1,-1,-1,-1,-1,28374
2026-08-23 00:27:44.215,1,6,Write Single Register,1262,-1,-1,41,41,41,41,13,-1,-1,4393
2026-08-23 00:27:44.226,1,6,Write Single Register,1262,-1,-1,41,41,41,41,13,-1,-1,4393
2026-08-23 00:27:44.258,1,4,Read Input Registers,86,3,-1,-1,-1,-1,-1,-1,-1,-1,6992
2026-08-23 00:27:44.269,1,4,Read Input Registers,1539,10496,-1,-1,-1,-1,-1,-1,-1,-1,26173
2026-08-23 00:27:45.257,1,6,Write Single Register,321,-1,-1,40,40,40,40,14,-1,-1,15576
2026-08-23 00:27:45.268,1,6,Write Single Register,321,-1,-1,40,40,40,40,14,-1,-1,15576
2026-08-23 00:27:45.759,1,16,Write Multiple Registers,2835,3,6,113,240,212,565,36,-1,-1,29522
2026-08-23 00:27:45.792,1,3,Read Holding Registers,1200,5,-1,-1,-1,-1,-1,-1,-1,-1,7813
2026-08-23 00:27:45.813,1,3,Read Holding Registers,2560,0,-1,-1,-1,-1,-1,-1,-1,-1,46628
2026-08-23 00:27:46.252,1,1,Read Coils,25,3,-1,-1,-1,-1,-1,-1,-1,-1,52397
2026-08-23 00:27:46.263,1,1,Read Coils,256,20872,-1,-1,-1,-1,-1,-1,-1,-1,34897
2026-08-23 00:27:46.753,1,2,Read Discrete Inputs,4,12,-1,-1,-1,-1,-1,-1,-1,-1,52793
2026-08-23 00:27:46.764,1,2,Read Discrete Inputs,512,185,-1,-1,-1,-1,-1,-1,-1,-1,47289
2026-08-23 00:27:47.254,1,3,Read Holding Registers,1260,12,-1,-1,-1,-1,-1,-1,-1,-1,2693
2026-08-23 00:27:47.296,1,3,Read Holding Registers,6183,3840,-1,-1,-1,-1,-1,-1,-1,-1,34748
2026-08-23 00:27:47.755,1,4,Read Input Registers,86,3,-1,-1,-1,-1,-1,-1,-1,-1,6992
2026-08-23 00:27:47.777,1,4,Read Input Registers,1538,61440,-1,-1,-1,-1,-1,-1,-1,-1,25633
2026-08-23 00:27:48.258,1,5,Write Single Coil,9012,65280,-1,-1,-1,-1,-1,-1,-1,-1,28870
2026-08-23 00:27:48.270,1,5,Write Single Coil,9012,65280,-1,-1,-1,-1,-1,-1,-1,-1,28870
2026-08-23 00:27:48.761,1,6,Write Single Register,321,-1,-1,46,46,46,46,12,-1,-1,15960
2026-08-23 00:27:48.772,1,6,Write Single Register,321,-1,-1,46,46,46,46,12,-1,-1,15960
2026-08-23 00:27:49.262,1,16,Write Multiple Registers,2835,3,6,111,257,206,574,35,-1,-1,41899
2026-08-23 00:27:49.296,1,3,Read Holding Registers,1200,5,-1,-1,-1,-1,-1,-1,-1,-1,7813
2026-08-23 00:27:49.307,1,3,Read Holding Registers,2560,0,-1,-1,-1,-1,-1,-1,-1,-1,46628
2026-08-23 00:27:49.756,1,1,Read Coils,25,3,-1,-1,-1,-1,-1,-1,-1,-1,52397
2026-08-23 00:27:49.768,1,1,Read Coils,256,20872,-1,-1,-1,-1,-1,-1,-1,-1,34897
2026-08-23 00:27:50.259,1,2,Read Discrete Inputs,4,12,-1,-1,-1,-1,-1,-1,-1,-1,52793
2026-08-23 00:27:50.270,1,2,Read Discrete Inputs,513,184,-1,-1,-1,-1,-1,-1,-1,-1,10424
2026-08-23 00:27:50.759,1,3,Read Holding Registers,1260,12,-1,-1,-1,-1,-1,-1,-1,-1,2693
2026-08-23 00:27:50.791,1,3,Read Holding Registers,6183,3840,-1,-1,-1,-1,-1,-1,-1,-1,34748
2026-08-23 00:27:51.250,1,4,Read Input Registers,86,3,-1,-1,-1,-1,-1,-1,-1,-1,6992
2026-08-23 00:27:51.272,1,4,Read Input Registers,1538,22272,-1,-1,-1,-1,-1,-1,-1,-1,48404
2026-08-23 00:27:52.259,1,6,Write Single Register,321,-1,-1,11,11,11,11,13,-1,-1,58777
2026-08-23 00:27:52.271,1,6,Write Single Register,321,-1,-1,11,11,11,11,13,-1,-1,58777
2026-08-23 00:27:52.761,1,16,Write Multiple Registers,2835,3,6,116,246,219,581,32,-1,-1,29078
2026-08-23 00:27:52.794,1,3,Read Holding Registers,1200,5,-1,-1,-1,-1,-1,-1,-1,-1,7813
2026-08-23 00:27:52.815,1,3,Read Holding Registers,2560,0,-1,-1,-1,-1,-1,-1,-1,-1,46628
2026-08-23 00:27:53.253,1,1,Read Coils,25,3,-1,-1,-1,-1,-1,-1,-1,-1,52397
2026-08-23 00:27:53.265,1,1,Read Coils,256,20872,-1,-1,-1,-1,-1,-1,-1,-1,34897
2026-08-23 00:27:53.753,1,2,Read Discrete Inputs,4,12,-1,-1,-1,-1,-1,-1,-1,-1,52793
2026-08-23 00:27:53.765,1,2,Read Discrete Inputs,512,185,-1,-1,-1,-1,-1,-1,-1,-1,47289
2026-08-23 00:27:54.254,1,3,Read Holding Registers,1260,12,-1,-1,-1,-1,-1,-1,-1,-1,2693
2026-08-23 00:27:54.296,1,3,Read Holding Registers,6183,3840,-1,-1,-1,-1,-1,-1,-1,-1,34748
2026-08-23 00:27:54.756,1,4,Read Input Registers,86,3,-1,-1,-1,-1,-1,-1,-1,-1,6992
2026-08-23 00:27:54.767,1,4,Read Input Registers,1537,33536,-1,-1,-1,-1,-1,-1,-1,-1,39972
2026-08-23 00:27:56.163,1,6,Write Single Register,1276,-1,-1,1554,1554,1554,1554,12,-1,-1,26571
2026-08-23 00:27:56.174,1,6,Write Single Register,1276,-1,-1,1554,1554,1554,1554,12,-1,-1,26571
2026-08-23 00:27:56.267,1,16,Write Multiple Registers,2835,3,6,115,252,228,595,33,-1,-1,45747
2026-08-23 00:27:56.290,1,3,Read Holding Registers,1200,5,-1,-1,-1,-1,-1,-1,-1,-1,7813
2026-08-23 00:27:56.311,1,3,Read Holding Registers,2560,0,-1,-1,-1,-1,-1,-1,-1,-1,46628
2026-08-23 00:27:56.750,1,1,Read Coils,25,3,-1,-1,-1,-1,-1,-1,-1,-1,52397
2026-08-23 00:27:56.762,1,1,Read Coils,256,20872,-1,-1,-1,-1,-1,-1,-1,-1,34897
2026-08-23 00:27:57.251,1,2,Read Discrete Inputs,4,12,-1,-1,-1,-1,-1,-1,-1,-1,52793
2026-08-23 00:27:57.272,1,2,Read Discrete Inputs,512,185,-1,-1,-1,-1,-1,-1,-1,-1,47289
2026-08-23 00:27:57.752,1,3,Read Holding Registers,1260,12,-1,-1,-1,-1,-1,-1,-1,-1,2693
2026-08-23 00:27:57.794,1,3,Read Holding Registers,6183,3840,-1,-1,-1,-1,-1,-1,-1,-1,34748
2026-08-23 00:27:58.253,1,4,Read Input Registers,86,3,-1,-1,-1,-1,-1,-1,-1,-1,6992
2026-08-23 00:27:58.275,1,4,Read Input Registers,1538,46080,-1,-1,-1,-1,-1,-1,-1,-1,27601
2026-08-23 00:27:59.252,1,6,Write Single Register,321,-1,-1,16,16,16,16,15,-1,-1,61145
2026-08-23 00:27:59.264,1,6,Write Single Register,321,-1,-1,16,16,16,16,15,-1,-1,61145
2026-08-23 00:27:59.764,1,16,Write Multiple Registers,2835,3,6,108,249,211,568,33,-1,-1,46007
2026-08-23 00:27:59.787,1,3,Read Holding Registers,1200,5,-1,-1,-1,-1,-1,-1,-1,-1,7813
2026-08-23 00:27:59.808,1,3,Read Holding Registers,2560,0,-1,-1,-1,-1,-1,-1,-1,-1,46628
2026-08-23 00:28:00.257,1,1,Read Coils,25,3,-1,-1,-1,-1,-1,-1,-1,-1,52397
2026-08-23 00:28:00.269,1,1,Read Coils,256,20872,-1,-1,-1,-1,-1,-1,-1,-1,34897
2026-08-23 00:28:00.758,1,2,Read Discrete Inputs,4,12,-1,-1,-1,-1,-1,-1,-1,-1,52793
2026-08-23 00:28:00.769,1,2,Read Discrete Inputs,513,184,-1,-1,-1,-1,-1,-1,-1,-1,10424
2026-08-23 00:28:01.258,1,3,Read Holding Registers,1260,12,-1,-1,-1,-1,-1,-1,-1,-1,2693
2026-08-23 00:28:01.290,1,3,Read Holding Registers,6183,3840,-1,-1,-1,-1,-1,-1,-1,-1,34748
2026-08-23 00:28:01.760,1,4,Read Input Registers,86,3,-1,-1,-1,-1,-1,-1,-1,-1,6992
2026-08-23 00:28:01.771,1,4,Read Input Registers,1539,45312,-1,-1,-1,-1,-1,-1,-1,-1,47644
2026-08-23 00:28:03.268,1,16,Write Multiple Registers,2835,3,6,111,241,228,580,33,-1,-1,45491
2026-08-23 00:28:03.291,1,3,Read Holding Registers,1200,5,-1,-1,-1,-1,-1,-1,-1,-1,7813
2026-08-23 00:28:03.313,1,3,Read Holding Registers,2560,0,-1,-1,-1,-1,-1,-1,-1,-1,46628
2026-08-23 00:28:03.752,1,1,Read Coils,25,3,-1,-1,-1,-1,-1,-1,-1,-1,52397
2026-08-23 00:28:03.763,1,1,Read Coils,256,20872,-1,-1,-1,-1,-1,-1,-1,-1,34897
2026-08-23 00:28:03.917,1,6,Write Single Register,1264,-1,-1,116,116,116,116,12,-1,-1,61064
2026-08-23 00:28:03.928,1,6,Write Single Register,1264,-1,-1,116,116,116,116,12,-1,-1,61064
2026-08-23 00:28:04.256,1,2,Read Discrete Inputs,4,12,-1,-1,-1,-1,-1,-1,-1,-1,52793
2026-08-23 00:28:04.267,1,2,Read Discrete Inputs,513,184,-1,-1,-1,-1,-1,-1,-1,-1,10424
2026-08-23 00:28:04.760,1,3,Read Holding Registers,1260,12,-1,-1,-1,-1,-1,-1,-1,-1,2693
2026-08-23 00:28:04.792,1,3,Read Holding Registers,6183,3840,-1,-1,-1,-1,-1,-1,-1,-1,33913
2026-08-23 00:28:05.260,1,4,Read Input Registers,86,3,-1,-1,-1,-1,-1,-1,-1,-1,6992
2026-08-23 00:28:05.271,1,4,Read Input Registers,1539,4864,-1,-1,-1,-1,-1,-1,-1,-1,25573
2026-08-23 00:28:05.751,1,5,Write Single Coil,9012,0,-1,-1,-1,-1,-1,-1,-1,-1,32903
2026-08-23 00:28:05.772,1,5,Write Single Coil,9012,0,-1,-1,-1,-1,-1,-1,-1,-1,32903
2026-08-23 00:28:06.253,1,6,Write Single Register,321,-1,-1,42,42,42,42,13,-1,-1,64857
2026-08-23 00:28:06.275,1,6,Write Single Register,321,-1,-1,42,42,42,42,13,-1,-1,64857
2026-08-23 00:28:06.766,1,16,Write Multiple Registers,2835,3,6,100,245,227,572,34,-1,-1,28790
2026-08-23 00:28:06.789,1,3,Read Holding Registers,1200,5,-1,-1,-1,-1,-1,-1,-1,-1,7813
2026-08-23 00:28:06.811,1,3,Read Holding Registers,2560,0,-1,-1,-1,-1,-1,-1,-1,-1,46628
2026-08-23 00:28:07.260,1,1,Read Coils,25,3,-1,-1,-1,-1,-1,-1,-1,-1,52397
2026-08-23 00:28:07.272,1,1,Read Coils,256,20872,-1,-1,-1,-1,-1,-1,-1,-1,34897
2026-08-23 00:28:07.751,1,2,Read Discrete Inputs,4,12,-1,-1,-1,-1,-1,-1,-1,-1,52793
2026-08-23 00:28:07.763,1,2,Read Discrete Inputs,513,184,-1,-1,-1,-1,-1,-1,-1,-1,10424
2026-08-23 00:28:08.252,1,3,Read Holding Registers,1260,12,-1,-1,-1,-1,-1,-1,-1,-1,2693
2026-08-23 00:28:08.294,1,3,Read Holding Registers,6183,3840,-1,-1,-1,-1,-1,-1,-1,-1,33913
2026-08-23 00:28:08.755,1,4,Read Input Registers,86,3,-1,-1,-1,-1,-1,-1,-1,-1,6992
2026-08-23 00:28:08.777,1,4,Read Input Registers,1537,7168,-1,-1,-1,-1,-1,-1,-1,-1,32944
2026-08-23 00:28:10.264,1,16,Write Multiple Registers,2835,3,6,107,246,241,594,32,-1,-1,29118
2026-08-23 00:28:10.287,1,3,Read Holding Registers,1200,5,-1,-1,-1,-1,-1,-1,-1,-1,7813
2026-08-23 00:28:10.308,1,3,Read Holding Registers,2560,0,-1,-1,-1,-1,-1,-1,-1,-1,46628
2026-08-23 00:28:10.757,1,1,Read Coils,25,3,-1,-1,-1,-1,-1,-1,-1,-1,52397
2026-08-23 00:28:10.768,1,1,Read Coils,256,20872,-1,-1,-1,-1,-1,-1,-1,-1,34897
2026-08-23 00:28:11.258,1,2,Read Discrete Inputs,4,12,-1,-1,-1,-1,-1,-1,-1,-1,52793
2026-08-23 00:28:11.270,1,2,Read Discrete Inputs,513,184,-1,-1,-1,-1,-1,-1,-1,-1,10424
2026-08-23 00:28:11.759,1,3,Read Holding Registers,1260,12,-1,-1,-1,-1,-1,-1,-1,-1,2693
2026-08-23 00:28:11.791,1,3,Read Holding Registers,6183,3840,-1,-1,-1,-1,-1,-1,-1,-1,33913
2026-08-23 00:28:12.251,1,4,Read Input Registers,86,3,-1,-1,-1,-1,-1,-1,-1,-1,6992
2026-08-23 00:28:12.273,1,4,Read Input Registers,1537,58880,-1,-1,-1,-1,-1,-1,-1,-1,37992
2026-08-23 00:28:12.752,1,5,Write Single Coil,9012,0,-1,-1,-1,-1,-1,-1,-1,-1,32903
2026-08-23 00:28:12.773,1,5,Write Single Coil,9012,0,-1,-1,-1,-1,-1,-1,-1,-1,32903
2026-08-23 00:28:13.252,1,6,Write Single Register,321,-1,-1,46,46,46,46,12,-1,-1,15960
2026-08-23 00:28:13.274,1,6,Write Single Register,321,-1,-1,46,46,46,46,12,-1,-1,15960
2026-08-23 00:28:13.763,1,16,Write Multiple Registers,2835,3,6,116,247,241,604,32,-1,-1,30542
2026-08-23 00:28:13.785,1,3,Read Holding Registers,1200,5,-1,-1,-1,-1,-1,-1,-1,-1,7813
2026-08-23 00:28:13.817,1,3,Read Holding Registers,2560,0,-1,-1,-1,-1,-1,-1,-1,-1,46628
2026-08-23 00:28:14.255,1,1,Read Coils,25,3,-1,-1,-1,-1,-1,-1,-1,-1,52397
2026-08-23 00:28:14.267,1,1,Read Coils,256,20872,-1,-1,-1,-1,-1,-1,-1,-1,34897
2026-08-23 00:28:14.757,1,2,Read Discrete Inputs,4,12,-1,-1,-1,-1,-1,-1,-1,-1,52793
2026-08-23 00:28:14.769,1,2,Read Discrete Inputs,513,184,-1,-1,-1,-1,-1,-1,-1,-1,10424
2026-08-23 00:28:15.259,1,3,Read Holding Registers,1260,12,-1,-1,-1,-1,-1,-1,-1,-1,2693
2026-08-23 00:28:15.292,1,3,Read Holding Registers,6183,3840,-1,-1,-1,-1,-1,-1,-1,-1,33913
2026-08-23 00:28:15.753,1,4,Read Input Registers,86,3,-1,-1,-1,-1,-1,-1,-1,-1,6992
2026-08-23 00:28:15.774,1,4,Read Input Registers,1539,15872,-1,-1,-1,-1,-1,-1,-1,-1,25929
2026-08-23 00:28:16.254,1,5,Write Single Coil,9012,0,-1,-1,-1,-1,-1,-1,-1,-1,32903
2026-08-23 00:28:16.266,1,5,Write Single Coil,9012,0,-1,-1,-1,-1,-1,-1,-1,-1,32903
2026-08-23 00:28:17.265,1,16,Write Multiple Registers,2835,3,6,106,249,213,568,33,-1,-1,45791
2026-08-23 00:28:17.287,1,3,Read Holding Registers,1200,5,-1,-1,-1,-1,-1,-1,-1,-1,7813
2026-08-23 00:28:17.309,1,3,Read Holding Registers,2560,0,-1,-1,-1,-1,-1,-1,-1,-1,46628
2026-08-23 00:28:17.756,1,1,Read Coils,25,3,-1,-1,-1,-1,-1,-1,-1,-1,52397
2026-08-23 00:28:17.768,1,1,Read Coils,256,20872,-1,-1,-1,-1,-1,-1,-1,-1,34897
2026-08-23 00:28:18.257,1,2,Read Discrete Inputs,4,12,-1,-1,-1,-1,-1,-1,-1,-1,52793
2026-08-23 00:28:18.268,1,2,Read Discrete Inputs,513,184,-1,-1,-1,-1,-1,-1,-1,-1,10424
2026-08-23 00:28:18.686,1,6,Write Single Register,1263,-1,-1,74,74,74,74,13,-1,-1,63544
2026-08-23 00:28:18.697,1,6,Write Single Register,1263,-1,-1,74,74,74,74,13,-1,-1,63544
2026-08-23 00:28:18.759,1,3,Read Holding Registers,1260,12,-1,-1,-1,-1,-1,-1,-1,-1,2693
2026-08-23 00:28:18.791,1,3,Read Holding Registers,6183,3840,-1,-1,-1,-1,-1,-1,-1,-1,5160
2026-08-23 00:28:19.260,1,4,Read Input Registers,86,3,-1,-1,-1,-1,-1,-1,-1,-1,6992
2026-08-23 00:28:19.271,1,4,Read Input Registers,1539,15872,-1,-1,-1,-1,-1,-1,-1,-1,25929
2026-08-23 00:28:19.761,1,5,Write Single Coil,9012,65280,-1,-1,-1,-1,-1,-1,-1,-1,28870
2026-08-23 00:28:19.773,1,5,Write Single Coil,9012,65280,-1,-1,-1,-1,-1,-1,-1,-1,28870
2026-08-23 00:28:20.762,1,16,Write Multiple Registers,2835,3,6,111,250,218,579,31,-1,-1,46043
2026-08-23 00:28:20.795,1,3,Read Holding Registers,1200,5,-1,-1,-1,-1,-1,-1,-1,-1,7813
2026-08-23 00:28:20.816,1,3,Read Holding Registers,2560,0,-1,-1,-1,-1,-1,-1,-1,-1,46628
2026-08-23 00:28:21.255,1,1,Read Coils,25,3,-1,-1,-1,-1,-1,-1,-1,-1,52397
2026-08-23 00:28:21.267,1,1,Read Coils,256,20872,-1,-1,-1,-1,-1,-1,-1,-1,34897
2026-08-23 00:28:21.757,1,2,Read Discrete Inputs,4,12,-1,-1,-1,-1,-1,-1,-1,-1,52793
2026-08-23 00:28:21.769,1,2,Read Discrete Inputs,512,185,-1,-1,-1,-1,-1,-1,-1,-1,47289
2026-08-23 00:28:22.259,1,3,Read Holding Registers,1260,12,-1,-1,-1,-1,-1,-1,-1,-1,2693
2026-08-23 00:28:22.291,1,3,Read Holding Registers,6183,3840,-1,-1,-1,-1,-1,-1,-1,-1,5160
2026-08-23 00:28:22.761,1,4,Read Input Registers,86,3,-1,-1,-1,-1,-1,-1,-1,-1,6992
2026-08-23 00:28:22.772,1,4,Read Input Registers,1539,1536,-1,-1,-1,-1,-1,-1,-1,-1,41192
2026-08-23 00:28:24.259,1,16,Write Multiple Registers,2835,3,6,117,246,217,580,32,-1,-1,29118
2026-08-23 00:28:24.292,1,3,Read Holding Registers,1200,5,-1,-1,-1,-1,-1,-1,-1,-1,7813
2026-08-23 00:28:24.314,1,3,Read Holding Registers,2560,0,-1,-1,-1,-1,-1,-1,-1,-1,46628
2026-08-23 00:28:24.753,1,1,Read Coils,25,3,-1,-1,-1,-1,-1,-1,-1,-1,52397
2026-08-23 00:28:24.764,1,1,Read Coils,256,20872,-1,-1,-1,-1,-1,-1,-1,-1,34897
2026-08-23 00:28:25.254,1,2,Read Discrete Inputs,4,12,-1,-1,-1,-1,-1,-1,-1,-1,52793
2026-08-23 00:28:25.266,1,2,Read Discrete Inputs,513,184,-1,-1,-1,-1,-1,-1,-1,-1,10424
2026-08-23 00:28:25.755,1,3,Read Holding Registers,1260,12,-1,-1,-1,-1,-1,-1,-1,-1,2693
2026-08-23 00:28:25.798,1,3,Read Holding Registers,6183,3840,-1,-1,-1,-1,-1,-1,-1,-1,5160
2026-08-23 00:28:26.257,1,4,Read Input Registers,86,3,-1,-1,-1,-1,-1,-1,-1,-1,6992
2026-08-23 00:28:26.269,1,4,Read Input Registers,1537,48384,-1,-1,-1,-1,-1,-1,-1,-1,22797
2026-08-23 00:28:27.764,1,16,Write Multiple Registers,2835,3,6,113,242,240,595,35,-1,-1,46171
2026-08-23 00:28:27.787,1,3,Read Holding Registers,1200,5,-1,-1,-1,-1,-1,-1,-1,-1,7813
2026-08-23 00:28:27.808,1,3,Read Holding Registers,2560,0,-1,-1,-1,-1,-1,-1,-1,-1,46628
2026-08-23 00:28:28.257,1,1,Read Coils,25,3,-1,-1,-1,-1,-1,-1,-1,-1,52397
2026-08-23 00:28:28.268,1,1,Read Coils,256,20872,-1,-1,-1,-1,-1,-1,-1,-1,34897
2026-08-23 00:28:28.757,1,2,Read Discrete Inputs,4,12,-1,-1,-1,-1,-1,-1,-1,-1,52793
2026-08-23 00:28:28.769,1,2,Read Discrete Inputs,513,184,-1,-1,-1,-1,-1,-1,-1,-1,10424
2026-08-23 00:28:29.258,1,3,Read Holding Registers,1260,12,-1,-1,-1,-1,-1,-1,-1,-1,2693
2026-08-23 00:28:29.300,1,3,Read Holding Registers,6183,3840,-1,-1,-1,-1,-1,-1,-1,-1,5160
2026-08-23 00:28:29.758,1,4,Read Input Registers,86,3,-1,-1,-1,-1,-1,-1,-1,-1,6992
2026-08-23 00:28:29.770,1,4,Read Input Registers,1538,61440,-1,-1,-1,-1,-1,-1,-1,-1,25633
2026-08-23 00:28:30.391,1,6,Write Single Register,1275,-1,-1,1373,1373,1373,1373,9,-1,-1,41531
2026-08-23 00:28:30.403,1,6,Write Single Register,1275,-1,-1,1373,1373,1373,1373,9,-1,-1,41531
2026-08-23 00:28:31.268,1,16,Write Multiple Registers,2835,3,6,101,242,212,555,35,-1,-1,46739
2026-08-23 00:28:31.290,1,3,Read Holding Registers,1200,5,-1,-1,-1,-1,-1,-1,-1,-1,7813
2026-08-23 00:28:31.312,1,3,Read Holding Registers,2560,0,-1,-1,-1,-1,-1,-1,-1,-1,46628
2026-08-23 00:28:31.760,1,1,Read Coils,25,3,-1,-1,-1,-1,-1,-1,-1,-1,52397
2026-08-23 00:28:31.772,1,1,Read Coils,256,20872,-1,-1,-1,-1,-1,-1,-1,-1,34897
2026-08-23 00:28:32.251,1,2,Read Discrete Inputs,4,12,-1,-1,-1,-1,-1,-1,-1,-1,52793
2026-08-23 00:28:32.263,1,2,Read Discrete Inputs,513,184,-1,-1,-1,-1,-1,-1,-1,-1,10424
2026-08-23 00:28:32.752,1,3,Read Holding Registers,1260,12,-1,-1,-1,-1,-1,-1,-1,-1,2693
2026-08-23 00:28:32.795,1,3,Read Holding Registers,6183,3840,-1,-1,-1,-1,-1,-1,-1,-1,5160
2026-08-23 00:28:33.254,1,4,Read Input Registers,86,3,-1,-1,-1,-1,-1,-1,-1,-1,6992
2026-08-23 00:28:33.276,1,4,Read Input Registers,1536,62464,-1,-1,-1,-1,-1,-1,-1,-1,18129
2026-08-23 00:28:33.755,1,5,Write Single Coil,9012,0,-1,-1,-1,-1,-1,-1,-1,-1,32903
2026-08-23 00:28:33.766,1,5,Write Single Coil,9012,0,-1,-1,-1,-1,-1,-1,-1,-1,32903
2026-08-23 00:28:34.764,1,16,Write Multiple Registers,2835,3,6,115,243,241,599,32,-1,-1,29702
2026-08-23 00:28:34.787,1,3,Read Holding Registers,1200,5,-1,-1,-1,-1,-1,-1,-1,-1,7813
2026-08-23 00:28:34.809,1,3,Read Holding Registers,2560,0,-1,-1,-1,-1,-1,-1,-1,-1,46628
2026-08-23 00:28:35.258,1,1,Read Coils,25,3,-1,-1,-1,-1,-1,-1,-1,-1,52397
2026-08-23 00:28:35.269,1,1,Read Coils,256,20872,-1,-1,-1,-1,-1,-1,-1,-1,34897
2026-08-23 00:28:35.759,1,2,Read Discrete Inputs,4,12,-1,-1,-1,-1,-1,-1,-1,-1,52793
2026-08-23 00:28:35.770,1,2,Read Discrete Inputs,513,184,-1,-1,-1,-1,-1,-1,-1,-1,10424
2026-08-23 00:28:36.260,1,3,Read Holding Registers,1260,12,-1,-1,-1,-1,-1,-1,-1,-1,2693
2026-08-23 00:28:36.292,1,3,Read Holding Registers,6183,3840,-1,-1,-1,-1,-1,-1,-1,-1,5160
2026-08-23 00:28:36.760,1,4,Read Input Registers,86,3,-1,-1,-1,-1,-1,-1,-1,-1,6992
2026-08-23 00:28:36.772,1,4,Read Input Registers,1537,30208,-1,-1,-1,-1,-1,-1,-1,-1,35240
2026-08-23 00:28:37.251,1,5,Write Single Coil,9012,65280,-1,-1,-1,-1,-1,-1,-1,-1,28870
2026-08-23 00:28:37.273,1,5,Write Single Coil,9012,65280,-1,-1,-1,-1,-1,-1,-1,-1,28870
2026-08-23 00:28:37.752,1,6,Write Single Register,321,-1,-1,43,43,43,43,12,-1,-1,15768
2026-08-23 00:28:37.773,1,6,Write Single Register,321,-1,-1,43,43,43,43,12,-1,-1,15768
2026-08-23 00:28:38.262,1,16,Write Multiple Registers,2835,3,6,112,241,237,590,34,-1,-1,30302
2026-08-23 00:28:38.295,1,3,Read Holding Registers,1200,5,-1,-1,-1,-1,-1,-1,-1,-1,7813
2026-08-23 00:28:38.316,1,3,Read Holding Registers,2560,0,-1,-1,-1,-1,-1,-1,-1,-1,46628
2026-08-23 00:28:38.755,1,1,Read Coils,25,3,-1,-1,-1,-1,-1,-1,-1,-1,52397
2026-08-23 00:28:38.766,1,1,Read Coils,256,20872,-1,-1,-1,-1,-1,-1,-1,-1,34897
2026-08-23 00:28:39.255,1,2,Read Discrete Inputs,4,12,-1,-1,-1,-1,-1,-1,-1,-1,52793
2026-08-23 00:28:39.267,1,2,Read Discrete Inputs,512,185,-1,-1,-1,-1,-1,-1,-1,-1,47289
2026-08-23 00:28:39.573,1,6,Write Single Register,1272,-1,-1,883,883,883,883,9,-1,-1,7752
2026-08-23 00:28:39.585,1,6,Write Single Register,1272,-1,-1,883,883,883,883,9,-1,-1,7752
2026-08-23 00:28:39.758,1,3,Read Holding Registers,1260,12,-1,-1,-1,-1,-1,-1,-1,-1,2693
2026-08-23 00:28:39.790,1,3,Read Holding Registers,6183,3840,-1,-1,-1,-1,-1,-1,-1,-1,5160
2026-08-23 00:28:40.260,1,4,Read Input Registers,86,3,-1,-1,-1,-1,-1,-1,-1,-1,6992
2026-08-23 00:28:40.272,1,4,Read Input Registers,1538,1024,-1,-1,-1,-1,-1,-1,-1,-1,45456
2026-08-23 00:28:41.260,1,6,Write Single Register,321,-1,-1,26,26,26,26,13,-1,-1,59737
2026-08-23 00:28:41.271,1,6,Write Single Register,321,-1,-1,26,26,26,26,13,-1,-1,59737
2026-08-23 00:28:41.760,1,16,Write Multiple Registers,2835,3,6,117,248,206,571,33,-1,-1,46667
2026-08-23 00:28:41.793,1,3,Read Holding Registers,1200,5,-1,-1,-1,-1,-1,-1,-1,-1,7813
2026-08-23 00:28:41.814,1,3,Read Holding Registers,2560,0,-1,-1,-1,-1,-1,-1,-1,-1,46628
2026-08-23 00:28:42.253,1,1,Read Coils,25,3,-1,-1,-1,-1,-1,-1,-1,-1,52397
2026-08-23 00:28:42.264,1,1,Read Coils,256,20872,-1,-1,-1,-1,-1,-1,-1,-1,34897
2026-08-23 00:28:42.753,1,2,Read Discrete Inputs,4,12,-1,-1,-1,-1,-1,-1,-1,-1,52793
2026-08-23 00:28:42.765,1,2,Read Discrete Inputs,512,185,-1,-1,-1,-1,-1,-1,-1,-1,47289
2026-08-23 00:28:43.254,1,3,Read Holding Registers,1260,12,-1,-1,-1,-1,-1,-1,-1,-1,2693
2026-08-23 00:28:43.296,1,3,Read Holding Registers,6183,3840,-1,-1,-1,-1,-1,-1,-1,-1,5160
2026-08-23 00:28:43.757,1,4,Read Input Registers,86,3,-1,-1,-1,-1,-1,-1,-1,-1,6992
2026-08-23 00:28:43.768,1,4,Read Input Registers,1536,36608,-1,-1,-1,-1,-1,-1,-1,-1,19509
2026-08-23 00:28:45.262,1,16,Write Multiple Registers,2835,3,6,113,256,220,589,38,-1,-1,26290
2026-08-23 00:28:45.294,1,3,Read Holding Registers,1200,5,-1,-1,-1,-1,-1,-1,-1,-1,7813
2026-08-23 00:28:45.316,1,3,Read Holding Registers,2560,0,-1,-1,-1,-1,-1,-1,-1,-1,46628
2026-08-23 00:28:45.754,1,1,Read Coils,25,3,-1,-1,-1,-1,-1,-1,-1,-1,52397
2026-08-23 00:28:45.766,1,1,Read Coils,256,20872,-1,-1,-1,-1,-1,-1,-1,-1,34897
2026-08-23 00:28:46.255,1,2,Read Discrete Inputs,4,12,-1,-1,-1,-1,-1,-1,-1,-1,52793
2026-08-23 00:28:46.267,1,2,Read Discrete Inputs,512,185,-1,-1,-1,-1,-1,-1,-1,-1,47289
2026-08-23 00:28:46.756,1,3,Read Holding Registers,1260,12,-1,-1,-1,-1,-1,-1,-1,-1,2693
2026-08-23 00:28:46.798,1,3,Read Holding Registers,6183,3840,-1,-1,-1,-1,-1,-1,-1,-1,5160
2026-08-23 00:28:47.065,1,6,Write Single Register,1262,-1,-1,43,43,43,43,12,-1,-1,53416
2026-08-23 00:28:47.077,1,6,Write Single Register,1262,-1,-1,43,43,43,43,12,-1,-1,53416
2026-08-23 00:28:47.260,1,4,Read Input Registers,86,3,-1,-1,-1,-1,-1,-1,-1,-1,6992
2026-08-23 00:28:47.273,1,4,Read Input Registers,1539,38144,-1,-1,-1,-1,-1,-1,-1,-1,48492
2026-08-23 00:28:48.261,1,6,Write Single Register,321,-1,-1,46,46,46,46,12,-1,-1,15960
2026-08-23 00:28:48.273,1,6,Write Single Register,321,-1,-1,46,46,46,46,12,-1,-1,15960
2026-08-23 00:28:48.763,1,16,Write Multiple Registers,2835,3,6,111,256,215,582,35,-1,-1,41335
2026-08-23 00:28:48.795,1,3,Read Holding Registers,1200,5,-1,-1,-1,-1,-1,-1,-1,-1,7813
2026-08-23 00:28:48.817,1,3,Read Holding Registers,2560,0,-1,-1,-1,-1,-1,-1,-1,-1,46628
2026-08-23 00:28:49.255,1,1,Read Coils,25,3,-1,-1,-1,-1,-1,-1,-1,-1,52397
2026-08-23 00:28:49.266,1,1,Read Coils,256,20872,-1,-1,-1,-1,-1,-1,-1,-1,34897
2026-08-23 00:28:49.755,1,2,Read Discrete Inputs,4,12,-1,-1,-1,-1,-1,-1,-1,-1,52793
2026-08-23 00:28:49.767,1,2,Read Discrete Inputs,512,185,-1,-1,-1,-1,-1,-1,-1,-1,47289
2026-08-23 00:28:50.257,1,3,Read Holding Registers,1260,12,-1,-1,-1,-1,-1,-1,-1,-1,2693
2026-08-23 00:28:50.299,1,3,Read Holding Registers,6183,3840,-1,-1,-1,-1,-1,-1,-1,-1,44113
2026-08-23 00:28:50.757,1,4,Read Input Registers,86,3,-1,-1,-1,-1,-1,-1,-1,-1,6992
2026-08-23 00:28:50.769,1,4,Read Input Registers,1539,24064,-1,-1,-1,-1,-1,-1,-1,-1,28105
2026-08-23 00:28:52.264,1,16,Write Multiple Registers,2835,3,6,116,257,248,621,37,-1,-1,40979
2026-08-23 00:28:52.296,1,3,Read Holding Registers,1200,5,-1,-1,-1,-1,-1,-1,-1,-1,7813
2026-08-23 00:28:52.318,1,3,Read Holding Registers,2560,0,-1,-1,-1,-1,-1,-1,-1,-1,46628
2026-08-23 00:28:52.756,1,1,Read Coils,25,3,-1,-1,-1,-1,-1,-1,-1,-1,52397
2026-08-23 00:28:52.767,1,1,Read Coils,256,20872,-1,-1,-1,-1,-1,-1,-1,-1,34897
2026-08-23 00:28:53.256,1,2,Read Discrete Inputs,4,12,-1,-1,-1,-1,-1,-1,-1,-1,52793
2026-08-23 00:28:53.267,1,2,Read Discrete Inputs,512,185,-1,-1,-1,-1,-1,-1,-1,-1,47289
2026-08-23 00:28:53.756,1,3,Read Holding Registers,1260,12,-1,-1,-1,-1,-1,-1,-1,-1,2693
2026-08-23 00:28:53.799,1,3,Read Holding Registers,6183,3840,-1,-1,-1,-1,-1,-1,-1,-1,44113
2026-08-23 00:28:54.257,1,4,Read Input Registers,86,3,-1,-1,-1,-1,-1,-1,-1,-1,6992
2026-08-23 00:28:54.269,1,4,Read Input Registers,1536,57344,-1,-1,-1,-1,-1,-1,-1,-1,17889
2026-08-23 00:28:55.255,1,6,Write Single Register,321,-1,-1,15,15,15,15,12,-1,-1,9880
2026-08-23 00:28:55.266,1,6,Write Single Register,321,-1,-1,15,15,15,15,12,-1,-1,9880
2026-08-23 00:28:55.765,1,16,Write Multiple Registers,2835,3,6,113,250,214,577,33,-1,-1,46251
2026-08-23 00:28:55.788,1,3,Read Holding Registers,1200,5,-1,-1,-1,-1,-1,-1,-1,-1,7813
2026-08-23 00:28:55.809,1,3,Read Holding Registers,2560,0,-1,-1,-1,-1,-1,-1,-1,-1,46628
2026-08-23 00:28:56.258,1,1,Read Coils,25,3,-1,-1,-1,-1,-1,-1,-1,-1,52397
2026-08-23 00:28:56.269,1,1,Read Coils,256,20872,-1,-1,-1,-1,-1,-1,-1,-1,34897
2026-08-23 00:28:56.758,1,2,Read Discrete Inputs,4,12,-1,-1,-1,-1,-1,-1,-1,-1,52793
2026-08-23 00:28:56.770,1,2,Read Discrete Inputs,513,184,-1,-1,-1,-1,-1,-1,-1,-1,10424
2026-08-23 00:28:57.259,1,3,Read Holding Registers,1260,12,-1,-1,-1,-1,-1,-1,-1,-1,2693
2026-08-23 00:28:57.291,1,3,Read Holding Registers,6183,3840,-1,-1,-1,-1,-1,-1,-1,-1,44113
2026-08-23 00:28:57.761,1,4,Read Input Registers,86,3,-1,-1,-1,-1,-1,-1,-1,-1,6992
2026-08-23 00:28:57.772,1,4,Read Input Registers,1539,32256,-1,-1,-1,-1,-1,-1,-1,-1,43592
2026-08-23 00:28:58.760,1,6,Write Single Register,321,-1,-1,18,18,18,18,14,-1,-1,12120
2026-08-23 00:28:58.771,1,6,Write Single Register,321,-1,-1,18,18,18,18,14,-1,-1,12120
2026-08-23 00:28:59.260,1,16,Write Multiple Registers,2835,3,6,103,251,234,588,31,-1,-1,46555
2026-08-23 00:28:59.292,1,3,Read Holding Registers,1200,5,-1,-1,-1,-1,-1,-1,-1,-1,7813
2026-08-23 00:28:59.314,1,3,Read Holding Registers,2560,0,-1,-1,-1,-1,-1,-1,-1,-1,46628
2026-08-23 00:28:59.752,1,1,Read Coils,25,3,-1,-1,-1,-1,-1,-1,-1,-1,52397
2026-08-23 00:28:59.764,1,1,Read Coils,256,20872,-1,-1,-1,-1,-1,-1,-1,-1,34897
2026-08-23 00:29:00.254,1,2,Read Discrete Inputs,4,12,-1,-1,-1,-1,-1,-1,-1,-1,52793
2026-08-23 00:29:00.265,1,2,Read Discrete Inputs,513,184,-1,-1,-1,-1,-1,-1,-1,-1,10424
2026-08-23 00:29:00.439,1,6,Write Single Register,1261,-1,-1,22,22,22,22,13,-1,-1,409
2026-08-23 00:29:00.450,1,6,Write Single Register,1261,-1,-1,22,22,22,22,13,-1,-1,409
2026-08-23 00:29:00.756,1,3,Read Holding Registers,1260,12,-1,-1,-1,-1,-1,-1,-1,-1,2693
2026-08-23 00:29:00.798,1,3,Read Holding Registers,6183,3840,-1,-1,-1,-1,-1,-1,-1,-1,33470
2026-08-23 00:29:01.258,1,4,Read Input Registers,86,3,-1,-1,-1,-1,-1,-1,-1,-1,6992
2026-08-23 00:29:01.270,1,4,Read Input Registers,1537,51456,-1,-1,-1,-1,-1,-1,-1,-1,21181
2026-08-23 00:29:01.759,1,5,Write Single Coil,9012,0,-1,-1,-1,-1,-1,-1,-1,-1,32903
2026-08-23 00:29:01.770,1,5,Write Single Coil,9012,0,-1,-1,-1,-1,-1,-1,-1,-1,32903
2026-08-23 00:29:02.260,1,6,Write Single Register,321,-1,-1,37,37,37,37,13,-1,-1,63769
2026-08-23 00:29:02.272,1,6,Write Single Register,321,-1,-1,37,37,37,37,13,-1,-1,63769
2026-08-23 00:29:02.762,1,16,Write Multiple Registers,2835,3,6,112,250,207,569,33,-1,-1,46823
2026-08-23 00:29:02.795,1,3,Read Holding Registers,1200,5,-1,-1,-1,-1,-1,-1,-1,-1,7813
2026-08-23 00:29:02.816,1,3,Read Holding Registers,2560,0,-1,-1,-1,-1,-1,-1,-1,-1,46628
2026-08-23 00:29:03.256,1,1,Read Coils,25,3,-1,-1,-1,-1,-1,-1,-1,-1,52397
2026-08-23 00:29:03.267,1,1,Read Coils,256,20872,-1,-1,-1,-1,-1,-1,-1,-1,34897
2026-08-23 00:29:03.756,1,2,Read Discrete Inputs,4,12,-1,-1,-1,-1,-1,-1,-1,-1,52793
2026-08-23 00:29:03.768,1,2,Read Discrete Inputs,512,185,-1,-1,-1,-1,-1,-1,-1,-1,47289
2026-08-23 00:29:04.257,1,3,Read Holding Registers,1260,12,-1,-1,-1,-1,-1,-1,-1,-1,2693
2026-08-23 00:29:04.290,1,3,Read Holding Registers,6183,3840,-1,-1,-1,-1,-1,-1,-1,-1,33470
2026-08-23 00:29:04.760,1,4,Read Input Registers,86,3,-1,-1,-1,-1,-1,-1,-1,-1,6992
2026-08-23 00:29:04.772,1,4,Read Input Registers,1536,51200,-1,-1,-1,-1,-1,-1,-1,-1,17281
2026-08-23 00:29:05.760,1,6,Write Single Register,321,-1,-1,31,31,31,31,11,-1,-1,60057
2026-08-23 00:29:05.772,1,6,Write Single Register,321,-1,-1,31,31,31,31,11,-1,-1,60057
2026-08-23 00:29:06.262,1,16,Write Multiple Registers,2835,3,6,104,245,233,582,34,-1,-1,29230
2026-08-23 00:29:06.295,1,3,Read Holding Registers,1200,5,-1,-1,-1,-1,-1,-1,-1,-1,7813
2026-08-23 00:29:06.316,1,3,Read Holding Registers,2560,0,-1,-1,-1,-1,-1,-1,-1,-1,46628
2026-08-23 00:29:06.755,1,1,Read Coils,25,3,-1,-1,-1,-1,-1,-1,-1,-1,52397
2026-08-23 00:29:06.767,1,1,Read Coils,256,20872,-1,-1,-1,-1,-1,-1,-1,-1,34897
2026-08-23 00:29:07.257,1,2,Read Discrete Inputs,4,12,-1,-1,-1,-1,-1,-1,-1,-1,52793
2026-08-23 00:29:07.269,1,2,Read Discrete Inputs,512,185,-1,-1,-1,-1,-1,-1,-1,-1,47289
2026-08-23 00:29:07.758,1,3,Read Holding Registers,1260,12,-1,-1,-1,-1,-1,-1,-1,-1,2693
2026-08-23 00:29:07.790,1,3,Read Holding Registers,6183,3840,-1,-1,-1,-1,-1,-1,-1,-1,33470
2026-08-23 00:29:07.883,1,6,Write Single Register,1279,-1,-1,2191,2191,2191,2191,10,-1,-1,44798
2026-08-23 00:29:07.894,1,6,Write Single Register,1279,-1,-1,2191,2191,2191,2191,10,-1,-1,44798
2026-08-23 00:29:08.252,1,4,Read Input Registers,86,3,-1,-1,-1,-1,-1,-1,-1,-1,6992
2026-08-23 00:29:08.274,1,4,Read Input Registers,1537,46592,-1,-1,-1,-1,-1,-1,-1,-1,39080
2026-08-23 00:29:08.754,1,5,Write Single Coil,9012,65280,-1,-1,-1,-1,-1,-1,-1,-1,28870
2026-08-23 00:29:08.766,1,5,Write Single Coil,9012,65280,-1,-1,-1,-1,-1,-1,-1,-1,28870
2026-08-23 00:29:09.763,1,16,Write Multiple Registers,2835,3,6,114,248,241,603,34,-1,-1,30194
2026-08-23 00:29:09.796,1,3,Read Holding Registers,1200,5,-1,-1,-1,-1,-1,-1,-1,-1,7813
2026-08-23 00:29:09.817,1,3,Read Holding Registers,2560,0,-1,-1,-1,-1,-1,-1,-1,-1,46628
2026-08-23 00:29:10.256,1,1,Read Coils,25,3,-1,-1,-1,-1,-1,-1,-1,-1,52397
2026-08-23 00:29:10.268,1,1,Read Coils,256,20872,-1,-1,-1,-1,-1,-1,-1,-1,34897
2026-08-23 00:29:10.757,1,2,Read Discrete Inputs,4,12,-1,-1,-1,-1,-1,-1,-1,-1,52793
2026-08-23 00:29:10.769,1,2,Read Discrete Inputs,512,185,-1,-1,-1,-1,-1,-1,-1,-1,47289
2026-08-23 00:29:11.258,1,3,Read Holding Registers,1260,12,-1,-1,-1,-1,-1,-1,-1,-1,2693
2026-08-23 00:29:11.290,1,3,Read Holding Registers,6183,3840,-1,-1,-1,-1,-1,-1,-1,-1,33470
2026-08-23 00:29:11.759,1,4,Read Input Registers,86,3,-1,-1,-1,-1,-1,-1,-1,-1,6992
2026-08-23 00:29:11.771,1,4,Read Input Registers,1539,16640,-1,-1,-1,-1,-1,-1,-1,-1,44892
2026-08-23 00:29:12.759,1,6,Write Single Register,321,-1,-1,13,13,13,13,13,-1,-1,59161
2026-08-23 00:29:12.770,1,6,Write Single Register,321,-1,-1,13,13,13,13,13,-1,-1,59161
2026-08-23 00:29:13.270,1,16,Write Multiple Registers,2835,3,6,106,258,225,589,38,-1,-1,25902
2026-08-23 00:29:13.292,1,3,Read Holding Registers,1200,5,-1,-1,-1,-1,-1,-1,-1,-1,7813
2026-08-23 00:29:13.314,1,3,Read Holding Registers,2560,0,-1,-1,-1,-1,-1,-1,-1,-1,46628
2026-08-23 00:29:13.752,1,1,Read Coils,25,3,-1,-1,-1,-1,-1,-1,-1,-1,52397
2026-08-23 00:29:13.763,1,1,Read Coils,256,20872,-1,-1,-1,-1,-1,-1,-1,-1,34897
2026-08-23 00:29:14.252,1,2,Read Discrete Inputs,4,12,-1,-1,-1,-1,-1,-1,-1,-1,52793
2026-08-23 00:29:14.274,1,2,Read Discrete Inputs,513,184,-1,-1,-1,-1,-1,-1,-1,-1,10424
2026-08-23 00:29:14.754,1,3,Read Holding Registers,1260,12,-1,-1,-1,-1,-1,-1,-1,-1,2693
2026-08-23 00:29:14.796,1,3,Read Holding Registers,6183,3840,-1,-1,-1,-1,-1,-1,-1,-1,33470
2026-08-23 00:29:15.255,1,4,Read Input Registers,86,3,-1,-1,-1,-1,-1,-1,-1,-1,6992
2026-08-23 00:29:15.276,1,4,Read Input Registers,1538,29440,-1,-1,-1,-1,-1,-1,-1,-1,47716
2026-08-23 00:29:15.471,1,6,Write Single Register,1268,-1,-1,400,400,400,400,13,-1,-1,62664
2026-08-23 00:29:15.493,1,6,Write Single Register,1268,-1,-1,400,400,400,400,13,-1,-1,62664
2026-08-23 00:29:15.759,1,5,Write Single Coil,9012,0,-1,-1,-1,-1,-1,-1,-1,-1,32903
2026-08-23 00:29:15.771,1,5,Write Single Coil,9012,0,-1,-1,-1,-1,-1,-1,-1,-1,32903
2026-08-23 00:29:16.760,1,16,Write Multiple Registers,2835,3,6,118,240,228,586,35,-1,-1,46755
2026-08-23 00:29:16.794,1,3,Read Holding Registers,1200,5,-1,-1,-1,-1,-1,-1,-1,-1,7813
2026-08-23 00:29:16.815,1,3,Read Holding Registers,2560,0,-1,-1,-1,-1,-1,-1,-1,-1,46628
2026-08-23 00:29:17.254,1,1,Read Coils,25,3,-1,-1,-1,-1,-1,-1,-1,-1,52397
2026-08-23 00:29:17.266,1,1,Read Coils,256,20872,-1,-1,-1,-1,-1,-1,-1,-1,34897
2026-08-23 00:29:17.756,1,2,Read Discrete Inputs,4,12,-1,-1,-1,-1,-1,-1,-1,-1,52793
2026-08-23 00:29:17.767,1,2,Read Discrete Inputs,513,184,-1,-1,-1,-1,-1,-1,-1,-1,10424
2026-08-23 00:29:18.258,1,3,Read Holding Registers,1260,12,-1,-1,-1,-1,-1,-1,-1,-1,2693
2026-08-23 00:29:18.300,1,3,Read Holding Registers,6183,3840,-1,-1,-1,-1,-1,-1,-1,-1,17096
2026-08-23 00:29:18.760,1,4,Read Input Registers,86,3,-1,-1,-1,-1,-1,-1,-1,-1,6992
2026-08-23 00:29:18.772,1,4,Read Input Registers,1536,36096,-1,-1,-1,-1,-1,-1,-1,-1,35916
2026-08-23 00:29:20.266,1,16,Write Multiple Registers,2835,3,6,119,241,234,594,32,-1,-1,30554
2026-08-23 00:29:20.289,1,3,Read Holding Registers,1200,5,-1,-1,-1,-1,-1,-1,-1,-1,7813
2026-08-23 00:29:20.310,1,3,Read Holding Registers,2560,0,-1,-1,-1,-1,-1,-1,-1,-1,46628
2026-08-23 00:29:20.738,1,6,Write Single Register,1267,-1,-1,319,319,319,319,9,-1,-1,18745
2026-08-23 00:29:20.749,1,6,Write Single Register,1267,-1,-1,319,319,319,319,9,-1,-1,18745
2026-08-23 00:29:20.771,1,1,Read Coils,25,3,-1,-1,-1,-1,-1,-1,-1,-1,52397
2026-08-23 00:29:20.782,1,1,Read Coils,256,20872,-1,-1,-1,-1,-1,-1,-1,-1,34897
2026-08-23 00:29:21.271,1,2,Read Discrete Inputs,4,12,-1,-1,-1,-1,-1,-1,-1,-1,52793
2026-08-23 00:29:21.282,1,2,Read Discrete Inputs,512,185,-1,-1,-1,-1,-1,-1,-1,-1,47289
2026-08-23 00:29:21.771,1,3,Read Holding Registers,1260,12,-1,-1,-1,-1,-1,-1,-1,-1,2693
2026-08-23 00:29:21.803,1,3,Read Holding Registers,6183,3840,-1,-1,-1,-1,-1,-1,-1,-1,33455
2026-08-23 00:29:22.261,1,4,Read Input Registers,86,3,-1,-1,-1,-1,-1,-1,-1,-1,6992
2026-08-23 00:29:22.283,1,4,Read Input Registers,1538,44288,-1,-1,-1,-1,-1,-1,-1,-1,43468
2026-08-23 00:29:23.769,1,16,Write Multiple Registers,2835,3,6,115,256,218,589,37,-1,-1,42651
2026-08-23 00:29:23.803,1,3,Read Holding Registers,1200,5,-1,-1,-1,-1,-1,-1,-1,-1,7813
2026-08-23 00:29:23.824,1,3,Read Holding Registers,2560,0,-1,-1,-1,-1,-1,-1,-1,-1,46628
2026-08-23 00:29:24.262,1,1,Read Coils,25,3,-1,-1,-1,-1,-1,-1,-1,-1,52397
2026-08-23 00:29:24.273,1,1,Read Coils,256,20872,-1,-1,-1,-1,-1,-1,-1,-1,34897
2026-08-23 00:29:24.763,1,2,Read Discrete Inputs,4,12,-1,-1,-1,-1,-1,-1,-1,-1,52793
2026-08-23 00:29:24.774,1,2,Read Discrete Inputs,512,185,-1,-1,-1,-1,-1,-1,-1,-1,47289
2026-08-23 00:29:25.264,1,3,Read Holding Registers,1260,12,-1,-1,-1,-1,-1,-1,-1,-1,2693
2026-08-23 00:29:25.306,1,3,Read Holding Registers,6183,3840,-1,-1,-1,-1,-1,-1,-1,-1,33455
2026-08-23 00:29:25.764,1,4,Read Input Registers,86,3,-1,-1,-1,-1,-1,-1,-1,-1,6992
2026-08-23 00:29:25.786,1,4,Read Input Registers,1537,41728,-1,-1,-1,-1,-1,-1,-1,-1,23461
2026-08-23 00:29:27.279,1,16,Write Multiple Registers,2835,3,6,113,244,219,576,33,-1,-1,45319
2026-08-23 00:29:27.302,1,3,Read Holding Registers,1200,5,-1,-1,-1,-1,-1,-1,-1,-1,7813
2026-08-23 00:29:27.323,1,3,Read Holding Registers,2560,0,-1,-1,-1,-1,-1,-1,-1,-1,46628
2026-08-23 00:29:27.761,1,1,Read Coils,25,3,-1,-1,-1,-1,-1,-1,-1,-1,52397
2026-08-23 00:29:27.773,1,1,Read Coils,256,20872,-1,-1,-1,-1,-1,-1,-1,-1,34897
2026-08-23 00:29:28.262,1,2,Read Discrete Inputs,4,12,-1,-1,-1,-1,-1,-1,-1,-1,52793
2026-08-23 00:29:28.283,1,2,Read Discrete Inputs,513,184,-1,-1,-1,-1,-1,-1,-1,-1,10424
2026-08-23 00:29:28.691,1,6,Write Single Register,1274,-1,-1,1195,1195,1195,1195,10,-1,-1,46315
2026-08-23 00:29:28.703,1,6,Write Single Register,1274,-1,-1,1195,1195,1195,1195,10,-1,-1,46315
2026-08-23 00:29:28.765,1,3,Read Holding Registers,1260,12,-1,-1,-1,-1,-1,-1,-1,-1,2693
2026-08-23 00:29:28.807,1,3,Read Holding Registers,6183,3840,-1,-1,-1,-1,-1,-1,-1,-1,33455
2026-08-23 00:29:29.265,1,4,Read Input Registers,86,3,-1,-1,-1,-1,-1,-1,-1,-1,6992
2026-08-23 00:29:29.287,1,4,Read Input Registers,1537,12800,-1,-1,-1,-1,-1,-1,-1,-1,34392
2026-08-23 00:29:30.771,1,16,Write Multiple Registers,2835,3,6,109,249,215,573,31,-1,-1,45847
2026-08-23 00:29:30.804,1,3,Read Holding Registers,1200,5,-1,-1,-1,-1,-1,-1,-1,-1,7813
2026-08-23 00:29:30.825,1,3,Read Holding Registers,2560,0,-1,-1,-1,-1,-1,-1,-1,-1,46628
2026-08-23 00:29:31.263,1,1,Read Coils,25,3,-1,-1,-1,-1,-1,-1,-1,-1,52397
2026-08-23 00:29:31.275,1,1,Read Coils,256,20872,-1,-1,-1,-1,-1,-1,-1,-1,34897
2026-08-23 00:29:31.764,1,2,Read Discrete Inputs,4,12,-1,-1,-1,-1,-1,-1,-1,-1,52793
2026-08-23 00:29:31.775,1,2,Read Discrete Inputs,512,185,-1,-1,-1,-1,-1,-1,-1,-1,47289
2026-08-23 00:29:32.265,1,3,Read Holding Registers,1260,12,-1,-1,-1,-1,-1,-1,-1,-1,2693
2026-08-23 00:29:32.307,1,3,Read Holding Registers,6183,3840,-1,-1,-1,-1,-1,-1,-1,-1,33455
2026-08-23 00:29:32.766,1,4,Read Input Registers,86,3,-1,-1,-1,-1,-1,-1,-1,-1,6992
2026-08-23 00:29:32.777,1,4,Read Input Registers,1538,12544,-1,-1,-1,-1,-1,-1,-1,-1,46364
2026-08-23 00:29:33.764,1,6,Write Single Register,321,-1,-1,25,25,25,25,13,-1,-1,59417
2026-08-23 00:29:33.775,1,6,Write Single Register,321,-1,-1,25,25,25,25,13,-1,-1,59417
2026-08-23 00:29:34.275,1,16,Write Multiple Registers,2835,3,6,102,254,233,589,32,-1,-1,30222
2026-08-23 00:29:34.297,1,3,Read Holding Registers,1200,5,-1,-1,-1,-1,-1,-1,-1,-1,7813
2026-08-23 00:29:34.319,1,3,Read Holding Registers,2560,0,-1,-1,-1,-1,-1,-1,-1,-1,46628
2026-08-23 00:29:34.767,1,1,Read Coils,25,3,-1,-1,-1,-1,-1,-1,-1,-1,52397
2026-08-23 00:29:34.779,1,1,Read Coils,256,20872,-1,-1,-1,-1,-1,-1,-1,-1,34897
2026-08-23 00:29:35.267,1,2,Read Discrete Inputs,4,12,-1,-1,-1,-1,-1,-1,-1,-1,52793
2026-08-23 00:29:35.279,1,2,Read Discrete Inputs,512,185,-1,-1,-1,-1,-1,-1,-1,-1,47289
2026-08-23 00:29:35.768,1,3,Read Holding Registers,1260,12,-1,-1,-1,-1,-1,-1,-1,-1,2693
2026-08-23 00:29:35.799,1,3,Read Holding Registers,6183,3840,-1,-1,-1,-1,-1,-1,-1,-1,33455
2026-08-23 00:29:35.851,1,6,Write Single Register,1271,-1,-1,746,746,746,746,10,-1,-1,59321
2026-08-23 00:29:35.873,1,6,Write Single Register,1271,-1,-1,746,746,746,746,10,-1,-1,59321
2026-08-23 00:29:36.270,1,4,Read Input Registers,86,3,-1,-1,-1,-1,-1,-1,-1,-1,6992
2026-08-23 00:29:36.282,1,4,Read Input Registers,1536,48384,-1,-1,-1,-1,-1,-1,-1,-1,34828
2026-08-23 00:29:37.777,1,16,Write Multiple Registers,2835,3,6,111,256,205,572,36,-1,-1,25390
2026-08-23 00:29:37.799,1,3,Read Holding Registers,1200,5,-1,-1,-1,-1,-1,-1,-1,-1,7813
2026-08-23 00:29:37.821,1,3,Read Holding Registers,2560,0,-1,-1,-1,-1,-1,-1,-1,-1,46628
2026-08-23 00:29:38.270,1,1,Read Coils,25,3,-1,-1,-1,-1,-1,-1,-1,-1,52397
2026-08-23 00:29:38.282,1,1,Read Coils,256,20872,-1,-1,-1,-1,-1,-1,-1,-1,34897
2026-08-23 00:29:38.762,1,2,Read Discrete Inputs,4,12,-1,-1,-1,-1,-1,-1,-1,-1,52793
2026-08-23 00:29:38.773,1,2,Read Discrete Inputs,513,184,-1,-1,-1,-1,-1,-1,-1,-1,10424
2026-08-23 00:29:39.262,1,3,Read Holding Registers,1260,12,-1,-1,-1,-1,-1,-1,-1,-1,2693
2026-08-23 00:29:39.304,1,3,Read Holding Registers,6183,3840,-1,-1,-1,-1,-1,-1,-1,-1,33455
2026-08-23 00:29:39.763,1,4,Read Input Registers,86,3,-1,-1,-1,-1,-1,-1,-1,-1,6992
2026-08-23 00:29:39.785,1,4,Read Input Registers,1537,35072,-1,-1,-1,-1,-1,-1,-1,-1,40380
2026-08-23 00:29:41.271,1,16,Write Multiple Registers,2835,3,6,108,250,205,563,33,-1,-1,45151
2026-08-23 00:29:41.304,1,3,Read Holding Registers,1200,5,-1,-1,-1,-1,-1,-1,-1,-1,7813
2026-08-23 00:29:41.325,1,3,Read Holding Registers,2560,0,-1,-1,-1,-1,-1,-1,-1,-1,46628
2026-08-23 00:29:41.763,1,1,Read Coils,25,3,-1,-1,-1,-1,-1,-1,-1,-1,52397
2026-08-23 00:29:41.774,1,1,Read Coils,256,20872,-1,-1,-1,-1,-1,-1,-1,-1,34897
2026-08-23 00:29:42.263,1,2,Read Discrete Inputs,4,12,-1,-1,-1,-1,-1,-1,-1,-1,52793
2026-08-23 00:29:42.275,1,2,Read Discrete Inputs,513,184,-1,-1,-1,-1,-1,-1,-1,-1,10424
2026-08-23 00:29:42.764,1,3,Read Holding Registers,1260,12,-1,-1,-1,-1,-1,-1,-1,-1,2693
2026-08-23 00:29:42.806,1,3,Read Holding Registers,6183,3840,-1,-1,-1,-1,-1,-1,-1,-1,33455
2026-08-23 00:29:43.264,1,4,Read Input Registers,86,3,-1,-1,-1,-1,-1,-1,-1,-1,6992
2026-08-23 00:29:43.286,1,4,Read Input Registers,1536,39168,-1,-1,-1,-1,-1,-1,-1,-1,36732
2026-08-23 00:29:44.262,1,6,Write Single Register,321,-1,-1,34,34,34,34,14,-1,-1,15192
2026-08-23 00:29:44.284,1,6,Write Single Register,321,-1,-1,34,34,34,34,14,-1,-1,15192
2026-08-23 00:29:44.774,1,16,Write Multiple Registers,2835,3,6,102,253,221,576,31,-1,-1,46079
2026-08-23 00:29:44.797,1,3,Read Holding Registers,1200,5,-1,-1,-1,-1,-1,-1,-1,-1,7813
2026-08-23 00:29:44.818,1,3,Read Holding Registers,2560,0,-1,-1,-1,-1,-1,-1,-1,-1,46628
2026-08-23 00:29:45.267,1,1,Read Coils,25,3,-1,-1,-1,-1,-1,-1,-1,-1,52397
2026-08-23 00:29:45.279,1,1,Read Coils,256,20872,-1,-1,-1,-1,-1,-1,-1,-1,34897
2026-08-23 00:29:45.769,1,2,Read Discrete Inputs,4,12,-1,-1,-1,-1,-1,-1,-1,-1,52793
2026-08-23 00:29:45.781,1,2,Read Discrete Inputs,512,185,-1,-1,-1,-1,-1,-1,-1,-1,47289
2026-08-23 00:29:46.270,1,3,Read Holding Registers,1260,12,-1,-1,-1,-1,-1,-1,-1,-1,2693
2026-08-23 00:29:46.302,1,3,Read Holding Registers,6183,3840,-1,-1,-1,-1,-1,-1,-1,-1,33455
2026-08-23 00:29:46.761,1,4,Read Input Registers,86,3,-1,-1,-1,-1,-1,-1,-1,-1,6992
2026-08-23 00:29:46.783,1,4,Read Input Registers,1539,22272,-1,-1,-1,-1,-1,-1,-1,-1,27669
2026-08-23 00:29:47.263,1,5,Write Single Coil,9012,0,-1,-1,-1,-1,-1,-1,-1,-1,32903
2026-08-23 00:29:47.275,1,5,Write Single Coil,9012,0,-1,-1,-1,-1,-1,-1,-1,-1,32903
2026-08-23 00:29:48.273,1,16,Write Multiple Registers,2835,3,6,103,257,222,582,35,-1,-1,41707
2026-08-23 00:29:48.296,1,3,Read Holding Registers,1200,5,-1,-1,-1,-1,-1,-1,-1,-1,7813
2026-08-23 00:29:48.318,1,3,Read Holding Registers,2560,0,-1,-1,-1,-1,-1,-1,-1,-1,46628
2026-08-23 00:29:48.767,1,1,Read Coils,25,3,-1,-1,-1,-1,-1,-1,-1,-1,52397
2026-08-23 00:29:48.778,1,1,Read Coils,256,20872,-1,-1,-1,-1,-1,-1,-1,-1,34897
2026-08-23 00:29:49.035,1,6,Write Single Register,1276,-1,-1,1556,1556,1556,1556,12,-1,-1,25931
2026-08-23 00:29:49.046,1,6,Write Single Register,1276,-1,-1,1556,1556,1556,1556,12,-1,-1,25931
2026-08-23 00:29:49.262,1,2,Read Discrete Inputs,4,12,-1,-1,-1,-1,-1,-1,-1,-1,52793
2026-08-23 00:29:49.284,1,2,Read Discrete Inputs,513,184,-1,-1,-1,-1,-1,-1,-1,-1,10424
2026-08-23 00:29:49.763,1,3,Read Holding Registers,1260,12,-1,-1,-1,-1,-1,-1,-1,-1,2693
2026-08-23 00:29:49.805,1,3,Read Holding Registers,6183,3840,-1,-1,-1,-1,-1,-1,-1,-1,33455
2026-08-23 00:29:50.263,1,4,Read Input Registers,86,3,-1,-1,-1,-1,-1,-1,-1,-1,6992
2026-08-23 00:29:50.284,1,4,Read Input Registers,1538,50432,-1,-1,-1,-1,-1,-1,-1,-1,24749
2026-08-23 00:29:51.779,1,16,Write Multiple Registers,2835,3,6,108,242,236,586,34,-1,-1,29154
2026-08-23 00:29:51.801,1,3,Read Holding Registers,1200,5,-1,-1,-1,-1,-1,-1,-1,-1,7813
2026-08-23 00:29:51.823,1,3,Read Holding Registers,2560,0,-1,-1,-1,-1,-1,-1,-1,-1,46628
2026-08-23 00:29:52.271,1,1,Read Coils,25,3,-1,-1,-1,-1,-1,-1,-1,-1,52397
2026-08-23 00:29:52.282,1,1,Read Coils,256,20872,-1,-1,-1,-1,-1,-1,-1,-1,34897
2026-08-23 00:29:52.772,1,2,Read Discrete Inputs,4,12,-1,-1,-1,-1,-1,-1,-1,-1,52793
2026-08-23 00:29:52.783,1,2,Read Discrete Inputs,513,184,-1,-1,-1,-1,-1,-1,-1,-1,10424
2026-08-23 00:29:53.263,1,3,Read Holding Registers,1260,12,-1,-1,-1,-1,-1,-1,-1,-1,2693
2026-08-23 00:29:53.305,1,3,Read Holding Registers,6183,3840,-1,-1,-1,-1,-1,-1,-1,-1,33455
2026-08-23 00:29:53.764,1,4,Read Input Registers,86,3,-1,-1,-1,-1,-1,-1,-1,-1,6992
2026-08-23 00:29:53.785,1,4,Read Input Registers,1538,39424,-1,-1,-1,-1,-1,-1,-1,-1,27961
2026-08-23 00:29:54.763,1,6,Write Single Register,321,-1,-1,47,47,47,47,11,-1,-1,65177
2026-08-23 00:29:54.785,1,6,Write Single Register,321,-1,-1,47,47,47,47,11,-1,-1,65177
2026-08-23 00:29:55.224,1,6,Write Single Register,1279,-1,-1,2182,2182,2182,2182,12,-1,-1,43070
2026-08-23 00:29:55.235,1,6,Write Single Register,1279,-1,-1,2182,2182,2182,2182,12,-1,-1,43070
2026-08-23 00:29:55.277,1,16,Write Multiple Registers,2835,3,6,105,254,211,570,32,-1,-1,28902
2026-08-23 00:29:55.299,1,3,Read Holding Registers,1200,5,-1,-1,-1,-1,-1,-1,-1,-1,7813
2026-08-23 00:29:55.321,1,3,Read Holding Registers,2560,0,-1,-1,-1,-1,-1,-1,-1,-1,46628
2026-08-23 00:29:55.771,1,1,Read Coils,25,3,-1,-1,-1,-1,-1,-1,-1,-1,52397
2026-08-23 00:29:55.782,1,1,Read Coils,256,20872,-1,-1,-1,-1,-1,-1,-1,-1,34897
2026-08-23 00:29:56.271,1,2,Read Discrete Inputs,4,12,-1,-1,-1,-1,-1,-1,-1,-1,52793
2026-08-23 00:29:56.282,1,2,Read Discrete Inputs,513,184,-1,-1,-1,-1,-1,-1,-1,-1,10424
2026-08-23 00:29:56.771,1,3,Read Holding Registers,1260,12,-1,-1,-1,-1,-1,-1,-1,-1,2693
2026-08-23 00:29:56.803,1,3,Read Holding Registers,6183,3840,-1,-1,-1,-1,-1,-1,-1,-1,33455
2026-08-23 00:29:57.262,1,4,Read Input Registers,86,3,-1,-1,-1,-1,-1,-1,-1,-1,6992
2026-08-23 00:29:57.283,1,4,Read Input Registers,1536,37888,-1,-1,-1,-1,-1,-1,-1,-1,20049
2026-08-23 00:29:58.777,1,16,Write Multiple Registers,2835,3,6,115,242,233,590,33,-1,-1,46879
2026-08-23 00:29:58.800,1,3,Read Holding Registers,1200,5,-1,-1,-1,-1,-1,-1,-1,-1,7813
2026-08-23 00:29:58.821,1,3,Read Holding Registers,2560,0,-1,-1,-1,-1,-1,-1,-1,-1,46628
2026-08-23 00:29:59.269,1,1,Read Coils,25,3,-1,-1,-1,-1,-1,-1,-1,-1,52397
2026-08-23 00:29:59.281,1,1,Read Coils,256,20872,-1,-1,-1,-1,-1,-1,-1,-1,34897
2026-08-23 00:29:59.771,1,2,Read Discrete Inputs,4,12,-1,-1,-1,-1,-1,-1,-1,-1,52793
2026-08-23 00:29:59.782,1,2,Read Discrete Inputs,513,184,-1,-1,-1,-1,-1,-1,-1,-1,10424
2026-08-23 00:30:00.272,1,3,Read Holding Registers,1260,12,-1,-1,-1,-1,-1,-1,-1,-1,2693
2026-08-23 00:30:00.304,1,3,Read Holding Registers,6183,3840,-1,-1,-1,-1,-1,-1,-1,-1,33455
2026-08-23 00:30:00.762,1,4,Read Input Registers,86,3,-1,-1,-1,-1,-1,-1,-1,-1,6992
2026-08-23 00:30:00.784,1,4,Read Input Registers,1539,34304,-1,-1,-1,-1,-1,-1,-1,-1,32489
2026-08-23 00:30:02.277,1,16,Write Multiple Registers,2835,3,6,117,253,234,604,31,-1,-1,45819
2026-08-23 00:30:02.300,1,3,Read Holding Registers,1200,5,-1,-1,-1,-1,-1,-1,-1,-1,7813
2026-08-23 00:30:02.321,1,3,Read Holding Registers,2560,0,-1,-1,-1,-1,-1,-1,-1,-1,46628
2026-08-23 00:30:02.769,1,1,Read Coils,25,3,-1,-1,-1,-1,-1,-1,-1,-1,52397
2026-08-23 00:30:02.781,1,1,Read Coils,256,20872,-1,-1,-1,-1,-1,-1,-1,-1,34897
2026-08-23 00:30:03.271,1,2,Read Discrete Inputs,4,12,-1,-1,-1,-1,-1,-1,-1,-1,52793
2026-08-23 00:30:03.283,1,2,Read Discrete Inputs,513,184,-1,-1,-1,-1,-1,-1,-1,-1,10424
2026-08-23 00:30:03.763,1,3,Read Holding Registers,1260,12,-1,-1,-1,-1,-1,-1,-1,-1,2693
2026-08-23 00:30:03.805,1,3,Read Holding Registers,6183,3840,-1,-1,-1,-1,-1,-1,-1,-1,33455
2026-08-23 00:30:04.263,1,4,Read Input Registers,86,3,-1,-1,-1,-1,-1,-1,-1,-1,6992
2026-08-23 00:30:04.285,1,4,Read Input Registers,1539,11264,-1,-1,-1,-1,-1,-1,-1,-1,26353
2026-08-23 00:30:04.764,1,5,Write Single Coil,9012,0,-1,-1,-1,-1,-1,-1,-1,-1,32903
2026-08-23 00:30:04.775,1,5,Write Single Coil,9012,0,-1,-1,-1,-1,-1,-1,-1,-1,32903
2026-08-23 00:30:05.772,1,16,Write Multiple Registers,2835,3,6,118,250,227,595,32,-1,-1,29078
2026-08-23 00:30:05.805,1,3,Read Holding Registers,1200,5,-1,-1,-1,-1,-1,-1,-1,-1,7813
2026-08-23 00:30:05.826,1,3,Read Holding Registers,2560,0,-1,-1,-1,-1,-1,-1,-1,-1,46628
2026-08-23 00:30:06.264,1,1,Read Coils,25,3,-1,-1,-1,-1,-1,-1,-1,-1,52397
2026-08-23 00:30:06.275,1,1,Read Coils,256,20872,-1,-1,-1,-1,-1,-1,-1,-1,34897
2026-08-23 00:30:06.765,1,2,Read Discrete Inputs,4,12,-1,-1,-1,-1,-1,-1,-1,-1,52793
2026-08-23 00:30:06.777,1,2,Read Discrete Inputs,513,184,-1,-1,-1,-1,-1,-1,-1,-1,10424
2026-08-23 00:30:06.819,1,6,Write Single Register,1280,-1,-1,2420,2420,2420,2420,10,-1,-1,29071
2026-08-23 00:30:06.830,1,6,Write Single Register,1280,-1,-1,2420,2420,2420,2420,10,-1,-1,29071
2026-08-23 00:30:07.268,1,3,Read Holding Registers,1260,12,-1,-1,-1,-1,-1,-1,-1,-1,2693
2026-08-23 00:30:07.300,1,3,Read Holding Registers,6183,3840,-1,-1,-1,-1,-1,-1,-1,-1,33455
2026-08-23 00:30:07.768,1,4,Read Input Registers,86,3,-1,-1,-1,-1,-1,-1,-1,-1,6992
2026-08-23 00:30:07.779,1,4,Read Input Registers,1536,29184,-1,-1,-1,-1,-1,-1,-1,-1,39000
2026-08-23 00:30:09.275,1,16,Write Multiple Registers,2835,3,6,112,242,223,577,33,-1,-1,45863
2026-08-23 00:30:09.298,1,3,Read Holding Registers,1200,5,-1,-1,-1,-1,-1,-1,-1,-1,7813
2026-08-23 00:30:09.320,1,3,Read Holding Registers,2560,0,-1,-1,-1,-1,-1,-1,-1,-1,46628
2026-08-23 00:30:09.769,1,1,Read Coils,25,3,-1,-1,-1,-1,-1,-1,-1,-1,52397
2026-08-23 00:30:09.780,1,1,Read Coils,256,20872,-1,-1,-1,-1,-1,-1,-1,-1,34897
2026-08-23 00:30:10.270,1,2,Read Discrete Inputs,4,12,-1,-1,-1,-1,-1,-1,-1,-1,52793
2026-08-23 00:30:10.282,1,2,Read Discrete Inputs,513,184,-1,-1,-1,-1,-1,-1,-1,-1,10424
2026-08-23 00:30:10.771,1,3,Read Holding Registers,1260,12,-1,-1,-1,-1,-1,-1,-1,-1,2693
2026-08-23 00:30:10.803,1,3,Read Holding Registers,6183,3840,-1,-1,-1,-1,-1,-1,-1,-1,33455
2026-08-23 00:30:11.263,1,4,Read Input Registers,86,3,-1,-1,-1,-1,-1,-1,-1,-1,6992
2026-08-23 00:30:11.284,1,4,Read Input Registers,1537,11008,-1,-1,-1,-1,-1,-1,-1,-1,17477
2026-08-23 00:30:12.271,1,6,Write Single Register,321,-1,-1,49,49,49,49,13,-1,-1,63001
2026-08-23 00:30:12.282,1,6,Write Single Register,321,-1,-1,49,49,49,49,13,-1,-1,63001
2026-08-23 00:30:12.773,1,16,Write Multiple Registers,2835,3,6,113,249,233,595,33,-1,-1,45311
2026-08-23 00:30:12.806,1,3,Read Holding Registers,1200,5,-1,-1,-1,-1,-1,-1,-1,-1,7813
2026-08-23 00:30:12.828,1,3,Read Holding Registers,2560,0,-1,-1,-1,-1,-1,-1,-1,-1,46628
2026-08-23 00:30:13.266,1,1,Read Coils,25,3,-1,-1,-1,-1,-1,-1,-1,-1,52397
2026-08-23 00:30:13.278,1,1,Read Coils,256,20872,-1,-1,-1,-1,-1,-1,-1,-1,34897
2026-08-23 00:30:13.766,1,2,Read Discrete Inputs,4,12,-1,-1,-1,-1,-1,-1,-1,-1,52793
2026-08-23 00:30:13.778,1,2,Read Discrete Inputs,512,185,-1,-1,-1,-1,-1,-1,-1,-1,47289
2026-08-23 00:30:14.267,1,3,Read Holding Registers,1260,12,-1,-1,-1,-1,-1,-1,-1,-1,2693
2026-08-23 00:30:14.309,1,3,Read Holding Registers,6183,3840,-1,-1,-1,-1,-1,-1,-1,-1,33455
2026-08-23 00:30:14.768,1,4,Read Input Registers,86,3,-1,-1,-1,-1,-1,-1,-1,-1,6992
2026-08-23 00:30:14.780,1,4,Read Input Registers,1538,13056,-1,-1,-1,-1,-1,-1,-1,-1,30053
2026-08-23 00:30:15.270,1,5,Write Single Coil,9012,0,-1,-1,-1,-1,-1,-1,-1,-1,32903
2026-08-23 00:30:15.282,1,5,Write Single Coil,9012,0,-1,-1,-1,-1,-1,-1,-1,-1,32903
2026-08-23 00:30:16.279,1,16,Write Multiple Registers,2835,3,6,106,247,236,589,32,-1,-1,29634
2026-08-23 00:30:16.302,1,3,Read Holding Registers,1200,5,-1,-1,-1,-1,-1,-1,-1,-1,7813
2026-08-23 00:30:16.324,1,3,Read Holding Registers,2560,0,-1,-1,-1,-1,-1,-1,-1,-1,46628
2026-08-23 00:30:16.763,1,1,Read Coils,25,3,-1,-1,-1,-1,-1,-1,-1,-1,52397
2026-08-23 00:30:16.775,1,1,Read Coils,256,20872,-1,-1,-1,-1,-1,-1,-1,-1,34897
2026-08-23 00:30:17.265,1,2,Read Discrete Inputs,4,12,-1,-1,-1,-1,-1,-1,-1,-1,52793
2026-08-23 00:30:17.277,1,2,Read Discrete Inputs,512,185,-1,-1,-1,-1,-1,-1,-1,-1,47289
2026-08-23 00:30:17.766,1,3,Read Holding Registers,1260,12,-1,-1,-1,-1,-1,-1,-1,-1,2693
2026-08-23 00:30:17.809,1,3,Read Holding Registers,6183,3840,-1,-1,-1,-1,-1,-1,-1,-1,33455
2026-08-23 00:30:18.268,1,4,Read Input Registers,86,3,-1,-1,-1,-1,-1,-1,-1,-1,6992
2026-08-23 00:30:18.279,1,4,Read Input Registers,1537,28928,-1,-1,-1,-1,-1,-1,-1,-1,18717
2026-08-23 00:30:19.776,1,16,Write Multiple Registers,2835,3,6,116,256,216,588,39,-1,-1,42835
2026-08-23 00:30:19.799,1,3,Read Holding Registers,1200,5,-1,-1,-1,-1,-1,-1,-1,-1,7813
2026-08-23 00:30:19.821,1,3,Read Holding Registers,2560,0,-1,-1,-1,-1,-1,-1,-1,-1,46628
2026-08-23 00:30:19.842,1,6,Write Single Register,1261,-1,-1,26,26,26,26,13,-1,-1,1177
2026-08-23 00:30:19.854,1,6,Write Single Register,1261,-1,-1,26,26,26,26,13,-1,-1,1177
2026-08-23 00:30:20.262,1,1,Read Coils,25,3,-1,-1,-1,-1,-1,-1,-1,-1,52397
2026-08-23 00:30:20.274,1,1,Read Coils,256,20872,-1,-1,-1,-1,-1,-1,-1,-1,34897
2026-08-23 00:30:20.764,1,2,Read Discrete Inputs,4,12,-1,-1,-1,-1,-1,-1,-1,-1,52793
2026-08-23 00:30:20.776,1,2,Read Discrete Inputs,513,184,-1,-1,-1,-1,-1,-1,-1,-1,10424
2026-08-23 00:30:21.265,1,3,Read Holding Registers,1260,12,-1,-1,-1,-1,-1,-1,-1,-1,2693
2026-08-23 00:30:21.307,1,3,Read Holding Registers,6183,3840,-1,-1,-1,-1,-1,-1,-1,-1,20067
2026-08-23 00:30:21.766,1,4,Read Input Registers,86,3,-1,-1,-1,-1,-1,-1,-1,-1,6992
2026-08-23 00:30:21.787,1,4,Read Input Registers,1539,30720,-1,-1,-1,-1,-1,-1,-1,-1,43712
2026-08-23 00:30:22.266,1,5,Write Single Coil,9012,0,-1,-1,-1,-1,-1,-1,-1,-1,32903
2026-08-23 00:30:22.277,1,5,Write Single Coil,9012,0,-1,-1,-1,-1,-1,-1,-1,-1,32903
2026-08-23 00:30:23.274,1,16,Write Multiple Registers,2835,3,6,111,246,208,565,33,-1,-1,46915
2026-08-23 00:30:23.297,1,3,Read Holding Registers,1200,5,-1,-1,-1,-1,-1,-1,-1,-1,7813
2026-08-23 00:30:23.328,1,3,Read Holding Registers,2560,0,-1,-1,-1,-1,-1,-1,-1,-1,46628
2026-08-23 00:30:23.766,1,1,Read Coils,25,3,-1,-1,-1,-1,-1,-1,-1,-1,52397
2026-08-23 00:30:23.778,1,1,Read Coils,256,20872,-1,-1,-1,-1,-1,-1,-1,-1,34897
2026-08-23 00:30:24.267,1,2,Read Discrete Inputs,4,12,-1,-1,-1,-1,-1,-1,-1,-1,52793
2026-08-23 00:30:24.279,1,2,Read Discrete Inputs,513,184,-1,-1,-1,-1,-1,-1,-1,-1,10424
2026-08-23 00:30:24.768,1,3,Read Holding Registers,1260,12,-1,-1,-1,-1,-1,-1,-1,-1,2693
2026-08-23 00:30:24.810,1,3,Read Holding Registers,6183,3840,-1,-1,-1,-1,-1,-1,-1,-1,20067
2026-08-23 00:30:25.269,1,4,Read Input Registers,86,3,-1,-1,-1,-1,-1,-1,-1,-1,6992
2026-08-23 00:30:25.280,1,4,Read Input Registers,1537,9728,-1,-1,-1,-1,-1,-1,-1,-1,34152
2026-08-23 00:30:26.775,1,16,Write Multiple Registers,2835,3,6,110,240,218,568,34,-1,-1,29706
2026-08-23 00:30:26.798,1,3,Read Holding Registers,1200,5,-1,-1,-1,-1,-1,-1,-1,-1,7813
2026-08-23 00:30:26.820,1,3,Read Holding Registers,2560,0,-1,-1,-1,-1,-1,-1,-1,-1,46628
2026-08-23 00:30:27.268,1,1,Read Coils,25,3,-1,-1,-1,-1,-1,-1,-1,-1,52397
2026-08-23 00:30:27.279,1,1,Read Coils,256,20872,-1,-1,-1,-1,-1,-1,-1,-1,34897
2026-08-23 00:30:27.769,1,2,Read Discrete Inputs,4,12,-1,-1,-1,-1,-1,-1,-1,-1,52793
2026-08-23 00:30:27.780,1,2,Read Discrete Inputs,513,184,-1,-1,-1,-1,-1,-1,-1,-1,10424
2026-08-23 00:30:28.270,1,3,Read Holding Registers,1260,12,-1,-1,-1,-1,-1,-1,-1,-1,2693
2026-08-23 00:30:28.302,1,3,Read Holding Registers,6183,3840,-1,-1,-1,-1,-1,-1,-1,-1,20067
2026-08-23 00:30:28.771,1,4,Read Input Registers,86,3,-1,-1,-1,-1,-1,-1,-1,-1,6992
2026-08-23 00:30:28.783,1,4,Read Input Registers,1536,31744,-1,-1,-1,-1,-1,-1,-1,-1,22833
2026-08-23 00:30:30.277,1,16,Write Multiple Registers,2835,3,6,118,248,242,608,33,-1,-1,46059
2026-08-23 00:30:30.300,1,3,Read Holding Registers,1200,5,-1,-1,-1,-1,-1,-1,-1,-1,7813
2026-08-23 00:30:30.321,1,3,Read Holding Registers,2560,0,-1,-1,-1,-1,-1,-1,-1,-1,46628
2026-08-23 00:30:30.769,1,1,Read Coils,25,3,-1,-1,-1,-1,-1,-1,-1,-1,52397
2026-08-23 00:30:30.781,1,1,Read Coils,256,20872,-1,-1,-1,-1,-1,-1,-1,-1,34897
2026-08-23 00:30:31.271,1,2,Read Discrete Inputs,4,12,-1,-1,-1,-1,-1,-1,-1,-1,52793
2026-08-23 00:30:31.282,1,2,Read Discrete Inputs,513,184,-1,-1,-1,-1,-1,-1,-1,-1,10424
2026-08-23 00:30:31.771,1,3,Read Holding Registers,1260,12,-1,-1,-1,-1,-1,-1,-1,-1,2693
2026-08-23 00:30:31.803,1,3,Read Holding Registers,6183,3840,-1,-1,-1,-1,-1,-1,-1,-1,20067
2026-08-23 00:30:32.271,1,4,Read Input Registers,86,3,-1,-1,-1,-1,-1,-1,-1,-1,6992
2026-08-23 00:30:32.283,1,4,Read Input Registers,1537,12800,-1,-1,-1,-1,-1,-1,-1,-1,34392
2026-08-23 00:30:33.271,1,6,Write Single Register,321,-1,-1,13,13,13,13,13,-1,-1,59161
2026-08-23 00:30:33.282,1,6,Write Single Register,321,-1,-1,13,13,13,13,13,-1,-1,59161
2026-08-23 00:30:33.771,1,16,Write Multiple Registers,2835,3,6,118,249,230,597,32,-1,-1,28698
2026-08-23 00:30:33.804,1,3,Read Holding Registers,1200,5,-1,-1,-1,-1,-1,-1,-1,-1,7813
2026-08-23 00:30:33.825,1,3,Read Holding Registers,2560,0,-1,-1,-1,-1,-1,-1,-1,-1,46628
2026-08-23 00:30:34.090,1,6,Write Single Register,1273,-1,-1,1039,1039,1039,1039,11,-1,-1,3866
2026-08-23 00:30:34.112,1,6,Write Single Register,1273,-1,-1,1039,1039,1039,1039,11,-1,-1,3866
2026-08-23 00:30:34.265,1,1,Read Coils,25,3,-1,-1,-1,-1,-1,-1,-1,-1,52397
2026-08-23 00:30:34.276,1,1,Read Coils,256,20872,-1,-1,-1,-1,-1,-1,-1,-1,34897
2026-08-23 00:30:34.765,1,2,Read Discrete Inputs,4,12,-1,-1,-1,-1,-1,-1,-1,-1,52793
2026-08-23 00:30:34.777,1,2,Read Discrete Inputs,512,185,-1,-1,-1,-1,-1,-1,-1,-1,47289
2026-08-23 00:30:35.267,1,3,Read Holding Registers,1260,12,-1,-1,-1,-1,-1,-1,-1,-1,2693
2026-08-23 00:30:35.309,1,3,Read Holding Registers,6183,3840,-1,-1,-1,-1,-1,-1,-1,-1,20067
2026-08-23 00:30:35.768,1,4,Read Input Registers,86,3,-1,-1,-1,-1,-1,-1,-1,-1,6992
2026-08-23 00:30:35.779,1,4,Read Input Registers,1536,49408,-1,-1,-1,-1,-1,-1,-1,-1,16989
2026-08-23 00:30:37.274,1,16,Write Multiple Registers,2835,3,6,116,240,234,590,35,-1,-1,46955
2026-08-23 00:30:37.307,1,3,Read Holding Registers,1200,5,-1,-1,-1,-1,-1,-1,-1,-1,7813
2026-08-23 00:30:37.328,1,3,Read Holding Registers,2560,0,-1,-1,-1,-1,-1,-1,-1,-1,46628
2026-08-23 00:30:37.766,1,1,Read Coils,25,3,-1,-1,-1,-1,-1,-1,-1,-1,52397
2026-08-23 00:30:37.777,1,1,Read Coils,256,20872,-1,-1,-1,-1,-1,-1,-1,-1,34897
2026-08-23 00:30:38.267,1,2,Read Discrete Inputs,4,12,-1,-1,-1,-1,-1,-1,-1,-1,52793
2026-08-23 00:30:38.278,1,2,Read Discrete Inputs,513,184,-1,-1,-1,-1,-1,-1,-1,-1,10424
2026-08-23 00:30:38.767,1,3,Read Holding Registers,1260,12,-1,-1,-1,-1,-1,-1,-1,-1,2693
2026-08-23 00:30:38.810,1,3,Read Holding Registers,6183,3840,-1,-1,-1,-1,-1,-1,-1,-1,20067
2026-08-23 00:30:39.269,1,4,Read Input Registers,86,3,-1,-1,-1,-1,-1,-1,-1,-1,6992
2026-08-23 00:30:39.280,1,4,Read Input Registers,1536,30208,-1,-1,-1,-1,-1,-1,-1,-1,22697
2026-08-23 00:30:40.775,1,16,Write Multiple Registers,2835,3,6,115,244,229,588,33,-1,-1,46223
2026-08-23 00:30:40.798,1,3,Read Holding Registers,1200,5,-1,-1,-1,-1,-1,-1,-1,-1,7813
2026-08-23 00:30:40.819,1,3,Read Holding Registers,2560,0,-1,-1,-1,-1,-1,-1,-1,-1,46628
2026-08-23 00:30:41.267,1,1,Read Coils,25,3,-1,-1,-1,-1,-1,-1,-1,-1,52397
2026-08-23 00:30:41.279,1,1,Read Coils,256,20872,-1,-1,-1,-1,-1,-1,-1,-1,34897
2026-08-23 00:30:41.768,1,2,Read Discrete Inputs,4,12,-1,-1,-1,-1,-1,-1,-1,-1,52793
2026-08-23 00:30:41.780,1,2,Read Discrete Inputs,512,185,-1,-1,-1,-1,-1,-1,-1,-1,47289
2026-08-23 00:30:42.269,1,3,Read Holding Registers,1260,12,-1,-1,-1,-1,-1,-1,-1,-1,2693
2026-08-23 00:30:42.301,1,3,Read Holding Registers,6183,3840,-1,-1,-1,-1,-1,-1,-1,-1,20067
2026-08-23 00:30:42.770,1,4,Read Input Registers,86,3,-1,-1,-1,-1,-1,-1,-1,-1,6992
2026-08-23 00:30:42.781,1,4,Read Input Registers,1537,50944,-1,-1,-1,-1,-1,-1,-1,-1,37844
2026-08-23 00:30:43.769,1,6,Write Single Register,321,-1,-1,21,21,21,21,13,-1,-1,60697
2026-08-23 00:30:43.781,1,6,Write Single Register,321,-1,-1,21,21,21,21,13,-1,-1,60697
2026-08-23 00:30:44.270,1,16,Write Multiple Registers,2835,3,6,116,250,213,579,33,-1,-1,46591
2026-08-23 00:30:44.303,1,3,Read Holding Registers,1200,5,-1,-1,-1,-1,-1,-1,-1,-1,7813
2026-08-23 00:30:44.325,1,3,Read Holding Registers,2560,0,-1,-1,-1,-1,-1,-1,-1,-1,46628
2026-08-23 00:30:44.765,1,1,Read Coils,25,3,-1,-1,-1,-1,-1,-1,-1,-1,52397
2026-08-23 00:30:44.776,1,1,Read Coils,256,20872,-1,-1,-1,-1,-1,-1,-1,-1,34897
2026-08-23 00:30:45.266,1,2,Read Discrete Inputs,4,12,-1,-1,-1,-1,-1,-1,-1,-1,52793
2026-08-23 00:30:45.278,1,2,Read Discrete Inputs,513,184,-1,-1,-1,-1,-1,-1,-1,-1,10424
2026-08-23 00:30:45.767,1,3,Read Holding Registers,1260,12,-1,-1,-1,-1,-1,-1,-1,-1,2693
2026-08-23 00:30:45.809,1,3,Read Holding Registers,6183,3840,-1,-1,-1,-1,-1,-1,-1,-1,20067
2026-08-23 00:30:46.268,1,4,Read Input Registers,86,3,-1,-1,-1,-1,-1,-1,-1,-1,6992
2026-08-23 00:30:46.279,1,4,Read Input Registers,1538,32256,-1,-1,-1,-1,-1,-1,-1,-1,31561
2026-08-23 00:30:47.268,1,6,Write Single Register,321,-1,-1,21,21,21,21,13,-1,-1,60697
2026-08-23 00:30:47.280,1,6,Write Single Register,321,-1,-1,21,21,21,21,13,-1,-1,60697
2026-08-23 00:30:47.495,1,6,Write Single Register,1268,-1,-1,408,408,408,408,12,-1,-1,13001
2026-08-23 00:30:47.506,1,6,Write Single Register,1268,-1,-1,408,408,408,408,12,-1,-1,13001
2026-08-23 00:30:47.773,1,16,Write Multiple Registers,2835,3,6,106,257,226,589,38,-1,-1,25642
2026-08-23 00:30:47.806,1,3,Read Holding Registers,1200,5,-1,-1,-1,-1,-1,-1,-1,-1,7813
2026-08-23 00:30:47.828,1,3,Read Holding Registers,2560,0,-1,-1,-1,-1,-1,-1,-1,-1,46628
2026-08-23 00:30:48.266,1,1,Read Coils,25,3,-1,-1,-1,-1,-1,-1,-1,-1,52397
2026-08-23 00:30:48.277,1,1,Read Coils,256,20872,-1,-1,-1,-1,-1,-1,-1,-1,34897
2026-08-23 00:30:48.767,1,2,Read Discrete Inputs,4,12,-1,-1,-1,-1,-1,-1,-1,-1,52793
2026-08-23 00:30:48.779,1,2,Read Discrete Inputs,513,184,-1,-1,-1,-1,-1,-1,-1,-1,10424
2026-08-23 00:30:49.268,1,3,Read Holding Registers,1260,12,-1,-1,-1,-1,-1,-1,-1,-1,2693
2026-08-23 00:30:49.310,1,3,Read Holding Registers,6183,3840,-1,-1,-1,-1,-1,-1,-1,-1,36586
2026-08-23 00:30:49.768,1,4,Read Input Registers,86,3,-1,-1,-1,-1,-1,-1,-1,-1,6992
2026-08-23 00:30:49.780,1,4,Read Input Registers,1538,62208,-1,-1,-1,-1,-1,-1,-1,-1,25701
2026-08-23 00:30:51.276,1,16,Write Multiple Registers,2835,3,6,103,240,232,575,35,-1,-1,45795
2026-08-23 00:30:51.299,1,3,Read Holding Registers,1200,5,-1,-1,-1,-1,-1,-1,-1,-1,7813
2026-08-23 00:30:51.320,1,3,Read Holding Registers,2560,0,-1,-1,-1,-1,-1,-1,-1,-1,46628
2026-08-23 00:30:51.768,1,1,Read Coils,25,3,-1,-1,-1,-1,-1,-1,-1,-1,52397
2026-08-23 00:30:51.780,1,1,Read Coils,256,20872,-1,-1,-1,-1,-1,-1,-1,-1,34897
2026-08-23 00:30:52.269,1,2,Read Discrete Inputs,4,12,-1,-1,-1,-1,-1,-1,-1,-1,52793
2026-08-23 00:30:52.281,1,2,Read Discrete Inputs,513,184,-1,-1,-1,-1,-1,-1,-1,-1,10424
2026-08-23 00:30:52.770,1,3,Read Holding Registers,1260,12,-1,-1,-1,-1,-1,-1,-1,-1,2693
2026-08-23 00:30:52.802,1,3,Read Holding Registers,6183,3840,-1,-1,-1,-1,-1,-1,-1,-1,36586
2026-08-23 00:30:53.271,1,4,Read Input Registers,86,3,-1,-1,-1,-1,-1,-1,-1,-1,6992
2026-08-23 00:30:53.283,1,4,Read Input Registers,1539,37376,-1,-1,-1,-1,-1,-1,-1,-1,32217
2026-08-23 00:30:53.772,1,5,Write Single Coil,9012,0,-1,-1,-1,-1,-1,-1,-1,-1,32903
2026-08-23 00:30:53.783,1,5,Write Single Coil,9012,0,-1,-1,-1,-1,-1,-1,-1,-1,32903
2026-08-23 00:30:54.262,1,6,Write Single Register,321,-1,-1,33,33,33,33,14,-1,-1,14872
2026-08-23 00:30:54.284,1,6,Write Single Register,321,-1,-1,33,33,33,33,14,-1,-1,14872
2026-08-23 00:30:54.774,1,16,Write Multiple Registers,2835,3,6,111,253,240,604,31,-1,-1,46979
2026-08-23 00:30:54.798,1,3,Read Holding Registers,1200,5,-1,-1,-1,-1,-1,-1,-1,-1,7813
2026-08-23 00:30:54.819,1,3,Read Holding Registers,2560,0,-1,-1,-1,-1,-1,-1,-1,-1,46628
2026-08-23 00:30:55.166,1,6,Write Single Register,1274,-1,-1,1196,1196,1196,1196,11,-1,-1,30378
2026-08-23 00:30:55.179,1,6,Write Single Register,1274,-1,-1,1196,1196,1196,1196,11,-1,-1,30378
2026-08-23 00:30:55.271,1,1,Read Coils,25,3,-1,-1,-1,-1,-1,-1,-1,-1,52397
2026-08-23 00:30:55.283,1,1,Read Coils,256,20872,-1,-1,-1,-1,-1,-1,-1,-1,34897
2026-08-23 00:30:55.772,1,2,Read Discrete Inputs,4,12,-1,-1,-1,-1,-1,-1,-1,-1,52793
2026-08-23 00:30:55.784,1,2,Read Discrete Inputs,513,184,-1,-1,-1,-1,-1,-1,-1,-1,10424
2026-08-23 00:30:56.264,1,3,Read Holding Registers,1260,12,-1,-1,-1,-1,-1,-1,-1,-1,2693
2026-08-23 00:30:56.306,1,3,Read Holding Registers,6183,3840,-1,-1,-1,-1,-1,-1,-1,-1,36586
2026-08-23 00:30:56.767,1,4,Read Input Registers,86,3,-1,-1,-1,-1,-1,-1,-1,-1,6992
2026-08-23 00:30:56.789,1,4,Read Input Registers,1536,47616,-1,-1,-1,-1,-1,-1,-1,-1,18617
2026-08-23 00:30:57.269,1,5,Write Single Coil,9012,65280,-1,-1,-1,-1,-1,-1,-1,-1,28870
2026-08-23 00:30:57.281,1,5,Write Single Coil,9012,65280,-1,-1,-1,-1,-1,-1,-1,-1,28870
2026-08-23 00:30:58.279,1,16,Write Multiple Registers,2835,3,6,109,250,241,600,32,-1,-1,30046
2026-08-23 00:30:58.302,1,3,Read Holding Registers,1200,5,-1,-1,-1,-1,-1,-1,-1,-1,7813
2026-08-23 00:30:58.323,1,3,Read Holding Registers,2560,0,-1,-1,-1,-1,-1,-1,-1,-1,46628
2026-08-23 00:30:58.773,1,1,Read Coils,25,3,-1,-1,-1,-1,-1,-1,-1,-1,52397
2026-08-23 00:30:58.785,1,1,Read Coils,256,20872,-1,-1,-1,-1,-1,-1,-1,-1,34897
2026-08-23 00:30:59.266,1,2,Read Discrete Inputs,4,12,-1,-1,-1,-1,-1,-1,-1,-1,52793
2026-08-23 00:30:59.277,1,2,Read Discrete Inputs,513,184,-1,-1,-1,-1,-1,-1,-1,-1,10424
2026-08-23 00:30:59.767,1,3,Read Holding Registers,1260,12,-1,-1,-1,-1,-1,-1,-1,-1,2693
2026-08-23 00:30:59.809,1,3,Read Holding Registers,6183,3840,-1,-1,-1,-1,-1,-1,-1,-1,36586
2026-08-23 00:31:00.268,1,4,Read Input Registers,86,3,-1,-1,-1,-1,-1,-1,-1,-1,6992
2026-08-23 00:31:00.280,1,4,Read Input Registers,1537,27648,-1,-1,-1,-1,-1,-1,-1,-1,19441
2026-08-23 00:31:01.776,1,16,Write Multiple Registers,2835,3,6,107,245,243,595,31,-1,-1,45711
2026-08-23 00:31:01.799,1,3,Read Holding Registers,1200,5,-1,-1,-1,-1,-1,-1,-1,-1,7813
2026-08-23 00:31:01.821,1,3,Read Holding Registers,2560,0,-1,-1,-1,-1,-1,-1,-1,-1,46628
2026-08-23 00:31:02.269,1,1,Read Coils,25,3,-1,-1,-1,-1,-1,-1,-1,-1,52397
2026-08-23 00:31:02.281,1,1,Read Coils,256,20872,-1,-1,-1,-1,-1,-1,-1,-1,34897
2026-08-23 00:31:02.771,1,2,Read Discrete Inputs,4,12,-1,-1,-1,-1,-1,-1,-1,-1,52793
2026-08-23 00:31:02.783,1,2,Read Discrete Inputs,512,185,-1,-1,-1,-1,-1,-1,-1,-1,47289
2026-08-23 00:31:03.263,1,3,Read Holding Registers,1260,12,-1,-1,-1,-1,-1,-1,-1,-1,2693
2026-08-23 00:31:03.305,1,3,Read Holding Registers,6183,3840,-1,-1,-1,-1,-1,-1,-1,-1,36586
2026-08-23 00:31:03.763,1,4,Read Input Registers,86,3,-1,-1,-1,-1,-1,-1,-1,-1,6992
2026-08-23 00:31:03.785,1,4,Read Input Registers,1539,22016,-1,-1,-1,-1,-1,-1,-1,-1,44072
2026-08-23 00:31:05.280,1,16,Write Multiple Registers,2835,3,6,102,254,212,568,33,-1,-1,45923
2026-08-23 00:31:05.302,1,3,Read Holding Registers,1200,5,-1,-1,-1,-1,-1,-1,-1,-1,7813
2026-08-23 00:31:05.323,1,3,Read Holding Registers,2560,0,-1,-1,-1,-1,-1,-1,-1,-1,46628
2026-08-23 00:31:05.467,1,6,Write Single Register,1267,-1,-1,316,316,316,316,11,-1,-1,18553
2026-08-23 00:31:05.478,1,6,Write Single Register,1267,-1,-1,316,316,316,316,11,-1,-1,18553
2026-08-23 00:31:05.773,1,1,Read Coils,25,3,-1,-1,-1,-1,-1,-1,-1,-1,52397
2026-08-23 00:31:05.785,1,1,Read Coils,256,20872,-1,-1,-1,-1,-1,-1,-1,-1,34897
2026-08-23 00:31:06.264,1,2,Read Discrete Inputs,4,12,-1,-1,-1,-1,-1,-1,-1,-1,52793
2026-08-23 00:31:06.275,1,2,Read Discrete Inputs,512,185,-1,-1,-1,-1,-1,-1,-1,-1,47289
2026-08-23 00:31:06.764,1,3,Read Holding Registers,1260,12,-1,-1,-1,-1,-1,-1,-1,-1,2693
2026-08-23 00:31:06.806,1,3,Read Holding Registers,6183,3840,-1,-1,-1,-1,-1,-1,-1,-1,32510
2026-08-23 00:31:07.265,1,4,Read Input Registers,86,3,-1,-1,-1,-1,-1,-1,-1,-1,6992
2026-08-23 00:31:07.287,1,4,Read Input Registers,1538,41728,-1,-1,-1,-1,-1,-1,-1,-1,26789
2026-08-23 00:31:07.766,1,5,Write Single Coil,9012,0,-1,-1,-1,-1,-1,-1,-1,-1,32903
2026-08-23 00:31:07.778,1,5,Write Single Coil,9012,0,-1,-1,-1,-1,-1,-1,-1,-1,32903
2026-08-23 00:31:08.775,1,16,Write Multiple Registers,2835,3,6,119,248,203,570,32,-1,-1,30246
2026-08-23 00:31:08.798,1,3,Read Holding Registers,1200,5,-1,-1,-1,-1,-1,-1,-1,-1,7813
2026-08-23 00:31:08.829,1,3,Read Holding Registers,2560,0,-1,-1,-1,-1,-1,-1,-1,-1,46628
2026-08-23 00:31:09.268,1,1,Read Coils,25,3,-1,-1,-1,-1,-1,-1,-1,-1,52397
2026-08-23 00:31:09.280,1,1,Read Coils,256,20872,-1,-1,-1,-1,-1,-1,-1,-1,34897
2026-08-23 00:31:09.769,1,2,Read Discrete Inputs,4,12,-1,-1,-1,-1,-1,-1,-1,-1,52793
2026-08-23 00:31:09.781,1,2,Read Discrete Inputs,512,185,-1,-1,-1,-1,-1,-1,-1,-1,47289
2026-08-23 00:31:10.270,1,3,Read Holding Registers,1260,12,-1,-1,-1,-1,-1,-1,-1,-1,2693
2026-08-23 00:31:10.303,1,3,Read Holding Registers,6183,3840,-1,-1,-1,-1,-1,-1,-1,-1,32510
2026-08-23 00:31:10.772,1,4,Read Input Registers,86,3,-1,-1,-1,-1,-1,-1,-1,-1,6992
2026-08-23 00:31:10.784,1,4,Read Input Registers,1537,46336,-1,-1,-1,-1,-1,-1,-1,-1,39148
2026-08-23 00:31:12.279,1,16,Write Multiple Registers,2835,3,6,105,252,235,592,32,-1,-1,29894
2026-08-23 00:31:12.302,1,3,Read Holding Registers,1200,5,-1,-1,-1,-1,-1,-1,-1,-1,7813
2026-08-23 00:31:12.323,1,3,Read Holding Registers,2560,0,-1,-1,-1,-1,-1,-1,-1,-1,46628
2026-08-23 00:31:12.772,1,1,Read Coils,25,3,-1,-1,-1,-1,-1,-1,-1,-1,52397
2026-08-23 00:31:12.784,1,1,Read Coils,256,20872,-1,-1,-1,-1,-1,-1,-1,-1,34897
2026-08-23 00:31:13.263,1,2,Read Discrete Inputs,4,12,-1,-1,-1,-1,-1,-1,-1,-1,52793
2026-08-23 00:31:13.275,1,2,Read Discrete Inputs,512,185,-1,-1,-1,-1,-1,-1,-1,-1,47289
2026-08-23 00:31:13.764,1,3,Read Holding Registers,1260,12,-1,-1,-1,-1,-1,-1,-1,-1,2693
2026-08-23 00:31:13.806,1,3,Read Holding Registers,6183,3840,-1,-1,-1,-1,-1,-1,-1,-1,32510
2026-08-23 00:31:14.264,1,4,Read Input Registers,86,3,-1,-1,-1,-1,-1,-1,-1,-1,6992
2026-08-23 00:31:14.286,1,4,Read Input Registers,1539,6656,-1,-1,-1,-1,-1,-1,-1,-1,25145
2026-08-23 00:31:14.767,1,5,Write Single Coil,9012,65280,-1,-1,-1,-1,-1,-1,-1,-1,28870
2026-08-23 00:31:14.778,1,5,Write Single Coil,9012,65280,-1,-1,-1,-1,-1,-1,-1,-1,28870
2026-08-23 00:31:15.267,1,6,Write Single Register,321,-1,-1,24,24,24,24,14,-1,-1,10456
2026-08-23 00:31:15.289,1,6,Write Single Register,321,-1,-1,24,24,24,24,14,-1,-1,10456
2026-08-23 00:31:15.778,1,16,Write Multiple Registers,2835,3,6,101,247,242,590,32,-1,-1,29274
2026-08-23 00:31:15.801,1,3,Read Holding Registers,1200,5,-1,-1,-1,-1,-1,-1,-1,-1,7813
2026-08-23 00:31:15.822,1,3,Read Holding Registers,2560,0,-1,-1,-1,-1,-1,-1,-1,-1,46628
2026-08-23 00:31:16.270,1,1,Read Coils,25,3,-1,-1,-1,-1,-1,-1,-1,-1,52397
2026-08-23 00:31:16.282,1,1,Read Coils,256,20872,-1,-1,-1,-1,-1,-1,-1,-1,34897
2026-08-23 00:31:16.771,1,2,Read Discrete Inputs,4,12,-1,-1,-1,-1,-1,-1,-1,-1,52793
2026-08-23 00:31:16.782,1,2,Read Discrete Inputs,512,185,-1,-1,-1,-1,-1,-1,-1,-1,47289
2026-08-23 00:31:17.272,1,3,Read Holding Registers,1260,12,-1,-1,-1,-1,-1,-1,-1,-1,2693
2026-08-23 00:31:17.303,1,3,Read Holding Registers,6183,3840,-1,-1,-1,-1,-1,-1,-1,-1,32510
2026-08-23 00:31:17.772,1,4,Read Input Registers,86,3,-1,-1,-1,-1,-1,-1,-1,-1,6992
2026-08-23 00:31:17.784,1,4,Read Input Registers,1537,38144,-1,-1,-1,-1,-1,-1,-1,-1,24429
2026-08-23 00:31:19.279,1,16,Write Multiple Registers,2835,3,6,106,243,210,559,34,-1,-1,30186
2026-08-23 00:31:19.302,1,3,Read Holding Registers,1200,5,-1,-1,-1,-1,-1,-1,-1,-1,7813
2026-08-23 00:31:19.324,1,3,Read Holding Registers,2560,0,-1,-1,-1,-1,-1,-1,-1,-1,46628
2026-08-23 00:31:19.764,1,1,Read Coils,25,3,-1,-1,-1,-1,-1,-1,-1,-1,52397
2026-08-23 00:31:19.775,1,1,Read Coils,256,20872,-1,-1,-1,-1,-1,-1,-1,-1,34897
2026-08-23 00:31:20.073,1,6,Write Single Register,1274,-1,-1,1201,1201,1201,1201,11,-1,-1,32618
2026-08-23 00:31:20.085,1,6,Write Single Register,1274,-1,-1,1201,1201,1201,1201,11,-1,-1,32618
2026-08-23 00:31:20.269,1,2,Read Discrete Inputs,4,12,-1,-1,-1,-1,-1,-1,-1,-1,52793
2026-08-23 00:31:20.280,1,2,Read Discrete Inputs,513,184,-1,-1,-1,-1,-1,-1,-1,-1,10424
2026-08-23 00:31:20.771,1,3,Read Holding Registers,1260,12,-1,-1,-1,-1,-1,-1,-1,-1,2693
2026-08-23 00:31:20.804,1,3,Read Holding Registers,6183,3840,-1,-1,-1,-1,-1,-1,-1,-1,32510
2026-08-23 00:31:21.263,1,4,Read Input Registers,86,3,-1,-1,-1,-1,-1,-1,-1,-1,6992
2026-08-23 00:31:21.285,1,4,Read Input Registers,1536,26112,-1,-1,-1,-1,-1,-1,-1,-1,39784
2026-08-23 00:31:21.764,1,5,Write Single Coil,9012,65280,-1,-1,-1,-1,-1,-1,-1,-1,28870
2026-08-23 00:31:21.786,1,5,Write Single Coil,9012,65280,-1,-1,-1,-1,-1,-1,-1,-1,28870
2026-08-23 00:31:22.774,1,16,Write Multiple Registers,2835,3,6,112,249,219,580,33,-1,-1,46231
2026-08-23 00:31:22.807,1,3,Read Holding Registers,1200,5,-1,-1,-1,-1,-1,-1,-1,-1,7813
2026-08-23 00:31:22.829,1,3,Read Holding Registers,2560,0,-1,-1,-1,-1,-1,-1,-1,-1,46628
2026-08-23 00:31:23.267,1,1,Read Coils,25,3,-1,-1,-1,-1,-1,-1,-1,-1,52397
2026-08-23 00:31:23.278,1,1,Read Coils,256,20872,-1,-1,-1,-1,-1,-1,-1,-1,34897
2026-08-23 00:31:23.767,1,2,Read Discrete Inputs,4,12,-1,-1,-1,-1,-1,-1,-1,-1,52793
2026-08-23 00:31:23.779,1,2,Read Discrete Inputs,513,184,-1,-1,-1,-1,-1,-1,-1,-1,10424
2026-08-23 00:31:24.268,1,3,Read Holding Registers,1260,12,-1,-1,-1,-1,-1,-1,-1,-1,2693
2026-08-23 00:31:24.310,1,3,Read Holding Registers,6183,3840,-1,-1,-1,-1,-1,-1,-1,-1,32510
2026-08-23 00:31:24.769,1,4,Read Input Registers,86,3,-1,-1,-1,-1,-1,-1,-1,-1,6992
2026-08-23 00:31:24.780,1,4,Read Input Registers,1539,1280,-1,-1,-1,-1,-1,-1,-1,-1,41132
2026-08-23 00:31:25.767,1,6,Write Single Register,321,-1,-1,21,21,21,21,13,-1,-1,60697
2026-08-23 00:31:25.778,1,6,Write Single Register,321,-1,-1,21,21,21,21,13,-1,-1,60697
2026-08-23 00:31:26.278,1,16,Write Multiple Registers,2835,3,6,111,244,209,564,33,-1,-1,46847
2026-08-23 00:31:26.300,1,3,Read Holding Registers,1200,5,-1,-1,-1,-1,-1,-1,-1,-1,7813
2026-08-23 00:31:26.322,1,3,Read Holding Registers,2560,0,-1,-1,-1,-1,-1,-1,-1,-1,46628
2026-08-23 00:31:26.770,1,1,Read Coils,25,3,-1,-1,-1,-1,-1,-1,-1,-1,52397
2026-08-23 00:31:26.782,1,1,Read Coils,256,20872,-1,-1,-1,-1,-1,-1,-1,-1,34897
2026-08-23 00:31:27.272,1,2,Read Discrete Inputs,4,12,-1,-1,-1,-1,-1,-1,-1,-1,52793
2026-08-23 00:31:27.283,1,2,Read Discrete Inputs,512,185,-1,-1,-1,-1,-1,-1,-1,-1,47289
2026-08-23 00:31:27.773,1,3,Read Holding Registers,1260,12,-1,-1,-1,-1,-1,-1,-1,-1,2693
2026-08-23 00:31:27.805,1,3,Read Holding Registers,6183,3840,-1,-1,-1,-1,-1,-1,-1,-1,32510
2026-08-23 00:31:28.264,1,4,Read Input Registers,86,3,-1,-1,-1,-1,-1,-1,-1,-1,6992
2026-08-23 00:31:28.286,1,4,Read Input Registers,1537,38656,-1,-1,-1,-1,-1,-1,-1,-1,40724
2026-08-23 00:31:28.715,1,6,Write Single Register,1280,-1,-1,2415,2415,2415,2415,8,-1,-1,31439
2026-08-23 00:31:28.727,1,6,Write Single Register,1280,-1,-1,2415,2415,2415,2415,8,-1,-1,31439
2026-08-23 00:31:28.768,1,5,Write Single Coil,9012,0,-1,-1,-1,-1,-1,-1,-1,-1,32903
2026-08-23 00:31:28.779,1,5,Write Single Coil,9012,0,-1,-1,-1,-1,-1,-1,-1,-1,32903
2026-08-23 00:31:29.776,1,16,Write Multiple Registers,2835,3,6,106,259,243,608,35,-1,-1,42583
2026-08-23 00:31:29.798,1,3,Read Holding Registers,1200,5,-1,-1,-1,-1,-1,-1,-1,-1,7813
2026-08-23 00:31:29.820,1,3,Read Holding Registers,2560,0,-1,-1,-1,-1,-1,-1,-1,-1,46628
2026-08-23 00:31:30.267,1,1,Read Coils,25,3,-1,-1,-1,-1,-1,-1,-1,-1,52397
2026-08-23 00:31:30.279,1,1,Read Coils,256,20872,-1,-1,-1,-1,-1,-1,-1,-1,34897
2026-08-23 00:31:30.768,1,2,Read Discrete Inputs,4,12,-1,-1,-1,-1,-1,-1,-1,-1,52793
2026-08-23 00:31:30.779,1,2,Read Discrete Inputs,513,184,-1,-1,-1,-1,-1,-1,-1,-1,10424
2026-08-23 00:31:31.269,1,3,Read Holding Registers,1260,12,-1,-1,-1,-1,-1,-1,-1,-1,2693
2026-08-23 00:31:31.302,1,3,Read Holding Registers,6183,3840,-1,-1,-1,-1,-1,-1,-1,-1,32510
2026-08-23 00:31:31.772,1,4,Read Input Registers,86,3,-1,-1,-1,-1,-1,-1,-1,-1,6992
2026-08-23 00:31:31.784,1,4,Read Input Registers,1537,43520,-1,-1,-1,-1,-1,-1,-1,-1,23161
2026-08-23 00:31:33.280,1,16,Write Multiple Registers,2835,3,6,101,248,221,570,33,-1,-1,45263
2026-08-23 00:31:33.304,1,3,Read Holding Registers,1200,5,-1,-1,-1,-1,-1,-1,-1,-1,7813
2026-08-23 00:31:33.325,1,3,Read Holding Registers,2560,0,-1,-1,-1,-1,-1,-1,-1,-1,46628
2026-08-23 00:31:33.763,1,1,Read Coils,25,3,-1,-1,-1,-1,-1,-1,-1,-1,52397
2026-08-23 00:31:33.775,1,1,Read Coils,256,20872,-1,-1,-1,-1,-1,-1,-1,-1,34897
2026-08-23 00:31:34.265,1,2,Read Discrete Inputs,4,12,-1,-1,-1,-1,-1,-1,-1,-1,52793
2026-08-23 00:31:34.276,1,2,Read Discrete Inputs,512,185,-1,-1,-1,-1,-1,-1,-1,-1,47289
2026-08-23 00:31:34.767,1,3,Read Holding Registers,1260,12,-1,-1,-1,-1,-1,-1,-1,-1,2693
2026-08-23 00:31:34.809,1,3,Read Holding Registers,6183,3840,-1,-1,-1,-1,-1,-1,-1,-1,32510
2026-08-23 00:31:35.269,1,4,Read Input Registers,86,3,-1,-1,-1,-1,-1,-1,-1,-1,6992
2026-08-23 00:31:35.280,1,4,Read Input Registers,1537,28928,-1,-1,-1,-1,-1,-1,-1,-1,18717
2026-08-23 00:31:36.776,1,16,Write Multiple Registers,2835,3,6,111,242,215,568,31,-1,-1,46327
2026-08-23 00:31:36.799,1,3,Read Holding Registers,1200,5,-1,-1,-1,-1,-1,-1,-1,-1,7813
2026-08-23 00:31:36.820,1,3,Read Holding Registers,2560,0,-1,-1,-1,-1,-1,-1,-1,-1,46628
2026-08-23 00:31:37.268,1,1,Read Coils,25,3,-1,-1,-1,-1,-1,-1,-1,-1,52397
2026-08-23 00:31:37.279,1,1,Read Coils,256,20872,-1,-1,-1,-1,-1,-1,-1,-1,34897
2026-08-23 00:31:37.769,1,2,Read Discrete Inputs,4,12,-1,-1,-1,-1,-1,-1,-1,-1,52793
2026-08-23 00:31:37.780,1,2,Read Discrete Inputs,512,185,-1,-1,-1,-1,-1,-1,-1,-1,47289
2026-08-23 00:31:38.269,1,3,Read Holding Registers,1260,12,-1,-1,-1,-1,-1,-1,-1,-1,2693
2026-08-23 00:31:38.311,1,3,Read Holding Registers,6183,3840,-1,-1,-1,-1,-1,-1,-1,-1,32510
2026-08-23 00:31:38.668,1,6,Write Single Register,1265,-1,-1,166,166,166,166,12,-1,-1,29529
2026-08-23 00:31:38.680,1,6,Write Single Register,1265,-1,-1,166,166,166,166,12,-1,-1,29529
2026-08-23 00:31:38.772,1,4,Read Input Registers,86,3,-1,-1,-1,-1,-1,-1,-1,-1,6992
2026-08-23 00:31:38.783,1,4,Read Input Registers,1538,61696,-1,-1,-1,-1,-1,-1,-1,-1,42012
2026-08-23 00:31:39.272,1,5,Write Single Coil,9012,65280,-1,-1,-1,-1,-1,-1,-1,-1,28870
2026-08-23 00:31:39.284,1,5,Write Single Coil,9012,65280,-1,-1,-1,-1,-1,-1,-1,-1,28870
2026-08-23 00:31:40.279,1,16,Write Multiple Registers,2835,3,6,101,254,242,597,32,-1,-1,29850
2026-08-23 00:31:40.302,1,3,Read Holding Registers,1200,5,-1,-1,-1,-1,-1,-1,-1,-1,7813
2026-08-23 00:31:40.323,1,3,Read Holding Registers,2560,0,-1,-1,-1,-1,-1,-1,-1,-1,46628
2026-08-23 00:31:40.772,1,1,Read Coils,25,3,-1,-1,-1,-1,-1,-1,-1,-1,52397
2026-08-23 00:31:40.783,1,1,Read Coils,256,20872,-1,-1,-1,-1,-1,-1,-1,-1,34897
2026-08-23 00:31:41.272,1,2,Read Discrete Inputs,4,12,-1,-1,-1,-1,-1,-1,-1,-1,52793
2026-08-23 00:31:41.284,1,2,Read Discrete Inputs,513,184,-1,-1,-1,-1,-1,-1,-1,-1,10424
2026-08-23 00:31:41.772,1,3,Read Holding Registers,1260,12,-1,-1,-1,-1,-1,-1,-1,-1,2693
2026-08-23 00:31:41.805,1,3,Read Holding Registers,6183,3840,-1,-1,-1,-1,-1,-1,-1,-1,29162
2026-08-23 00:31:42.263,1,4,Read Input Registers,86,3,-1,-1,-1,-1,-1,-1,-1,-1,6992
2026-08-23 00:31:42.285,1,4,Read Input Registers,1537,46336,-1,-1,-1,-1,-1,-1,-1,-1,39148
2026-08-23 00:31:43.780,1,16,Write Multiple Registers,2835,3,6,110,250,235,595,31,-1,-1,47095
2026-08-23 00:31:43.803,1,3,Read Holding Registers,1200,5,-1,-1,-1,-1,-1,-1,-1,-1,7813
2026-08-23 00:31:43.825,1,3,Read Holding Registers,2560,0,-1,-1,-1,-1,-1,-1,-1,-1,46628
2026-08-23 00:31:44.263,1,1,Read Coils,25,3,-1,-1,-1,-1,-1,-1,-1,-1,52397
2026-08-23 00:31:44.275,1,1,Read Coils,256,20872,-1,-1,-1,-1,-1,-1,-1,-1,34897
2026-08-23 00:31:44.766,1,2,Read Discrete Inputs,4,12,-1,-1,-1,-1,-1,-1,-1,-1,52793
2026-08-23 00:31:44.777,1,2,Read Discrete Inputs,512,185,-1,-1,-1,-1,-1,-1,-1,-1,47289
2026-08-23 00:31:45.267,1,3,Read Holding Registers,1260,12,-1,-1,-1,-1,-1,-1,-1,-1,2693
2026-08-23 00:31:45.309,1,3,Read Holding Registers,6183,3840,-1,-1,-1,-1,-1,-1,-1,-1,29162
2026-08-23 00:31:45.768,1,4,Read Input Registers,86,3,-1,-1,-1,-1,-1,-1,-1,-1,6992
2026-08-23 00:31:45.790,1,4,Read Input Registers,1538,50944,-1,-1,-1,-1,-1,-1,-1,-1,41172
2026-08-23 00:31:47.274,1,16,Write Multiple Registers,2835,3,6,117,254,216,587,32,-1,-1,30594
2026-08-23 00:31:47.307,1,3,Read Holding Registers,1200,5,-1,-1,-1,-1,-1,-1,-1,-1,7813
2026-08-23 00:31:47.328,1,3,Read Holding Registers,2560,0,-1,-1,-1,-1,-1,-1,-1,-1,46628
2026-08-23 00:31:47.766,1,1,Read Coils,25,3,-1,-1,-1,-1,-1,-1,-1,-1,52397
2026-08-23 00:31:47.778,1,1,Read Coils,256,20872,-1,-1,-1,-1,-1,-1,-1,-1,34897
2026-08-23 00:31:47.941,1,6,Write Single Register,1279,-1,-1,2186,2186,2186,2186,12,-1,-1,44350
2026-08-23 00:31:47.963,1,6,Write Single Register,1279,-1,-1,2186,2186,2186,2186,12,-1,-1,44350
2026-08-23 00:31:48.268,1,2,Read Discrete Inputs,4,12,-1,-1,-1,-1,-1,-1,-1,-1,52793
2026-08-23 00:31:48.280,1,2,Read Discrete Inputs,512,185,-1,-1,-1,-1,-1,-1,-1,-1,47289
2026-08-23 00:31:48.770,1,3,Read Holding Registers,1260,12,-1,-1,-1,-1,-1,-1,-1,-1,2693
2026-08-23 00:31:48.802,1,3,Read Holding Registers,6183,3840,-1,-1,-1,-1,-1,-1,-1,-1,29162
2026-08-23 00:31:49.271,1,4,Read Input Registers,86,3,-1,-1,-1,-1,-1,-1,-1,-1,6992
2026-08-23 00:31:49.282,1,4,Read Input Registers,1539,5120,-1,-1,-1,-1,-1,-1,-1,-1,41808
2026-08-23 00:31:50.268,1,6,Write Single Register,321,-1,-1,42,42,42,42,13,-1,-1,64857
2026-08-23 00:31:50.280,1,6,Write Single Register,321,-1,-1,42,42,42,42,13,-1,-1,64857
2026-08-23 00:31:50.779,1,16,Write Multiple Registers,2835,3,6,114,245,213,572,33,-1,-1,45151
2026-08-23 00:31:50.802,1,3,Read Holding Registers,1200,5,-1,-1,-1,-1,-1,-1,-1,-1,7813
2026-08-23 00:31:50.823,1,3,Read Holding Registers,2560,0,-1,-1,-1,-1,-1,-1,-1,-1,46628
2026-08-23 00:31:51.272,1,1,Read Coils,25,3,-1,-1,-1,-1,-1,-1,-1,-1,52397
2026-08-23 00:31:51.283,1,1,Read Coils,256,20872,-1,-1,-1,-1,-1,-1,-1,-1,34897
2026-08-23 00:31:51.772,1,2,Read Discrete Inputs,4,12,-1,-1,-1,-1,-1,-1,-1,-1,52793
2026-08-23 00:31:51.783,1,2,Read Discrete Inputs,512,185,-1,-1,-1,-1,-1,-1,-1,-1,47289
2026-08-23 00:31:52.273,1,3,Read Holding Registers,1260,12,-1,-1,-1,-1,-1,-1,-1,-1,2693
2026-08-23 00:31:52.305,1,3,Read Holding Registers,6183,3840,-1,-1,-1,-1,-1,-1,-1,-1,29162
2026-08-23 00:31:52.767,1,4,Read Input Registers,86,3,-1,-1,-1,-1,-1,-1,-1,-1,6992
2026-08-23 00:31:52.790,1,4,Read Input Registers,1537,14080,-1,-1,-1,-1,-1,-1,-1,-1,34452
2026-08-23 00:31:53.270,1,5,Write Single Coil,9012,0,-1,-1,-1,-1,-1,-1,-1,-1,32903
2026-08-23 00:31:53.282,1,5,Write Single Coil,9012,0,-1,-1,-1,-1,-1,-1,-1,-1,32903
2026-08-23 00:31:54.279,1,16,Write Multiple Registers,2835,3,6,111,252,231,594,30,-1,-1,29750
2026-08-23 00:31:54.302,1,3,Read Holding Registers,1200,5,-1,-1,-1,-1,-1,-1,-1,-1,7813
2026-08-23 00:31:54.323,1,3,Read Holding Registers,2560,0,-1,-1,-1,-1,-1,-1,-1,-1,46628
2026-08-23 00:31:54.772,1,1,Read Coils,25,3,-1,-1,-1,-1,-1,-1,-1,-1,52397
2026-08-23 00:31:54.783,1,1,Read Coils,256,20872,-1,-1,-1,-1,-1,-1,-1,-1,34897
2026-08-23 00:31:55.273,1,2,Read Discrete Inputs,4,12,-1,-1,-1,-1,-1,-1,-1,-1,52793
2026-08-23 00:31:55.284,1,2,Read Discrete Inputs,512,185,-1,-1,-1,-1,-1,-1,-1,-1,47289
2026-08-23 00:31:55.774,1,3,Read Holding Registers,1260,12,-1,-1,-1,-1,-1,-1,-1,-1,2693
2026-08-23 00:31:55.806,1,3,Read Holding Registers,6183,3840,-1,-1,-1,-1,-1,-1,-1,-1,29162
2026-08-23 00:31:56.265,1,4,Read Input Registers,86,3,-1,-1,-1,-1,-1,-1,-1,-1,6992
2026-08-23 00:31:56.287,1,4,Read Input Registers,1537,52992,-1,-1,-1,-1,-1,-1,-1,-1,21045
2026-08-23 00:31:57.265,1,6,Write Single Register,321,-1,-1,16,16,16,16,15,-1,-1,61145
2026-08-23 00:31:57.277,1,6,Write Single Register,321,-1,-1,16,16,16,16,15,-1,-1,61145
2026-08-23 00:31:57.776,1,16,Write Multiple Registers,2835,3,6,104,244,233,581,35,-1,-1,45807
2026-08-23 00:31:57.799,1,3,Read Holding Registers,1200,5,-1,-1,-1,-1,-1,-1,-1,-1,7813
2026-08-23 00:31:57.830,1,3,Read Holding Registers,2560,0,-1,-1,-1,-1,-1,-1,-1,-1,46628
2026-08-23 00:31:58.268,1,1,Read Coils,25,3,-1,-1,-1,-1,-1,-1,-1,-1,52397
2026-08-23 00:31:58.280,1,1,Read Coils,256,20872,-1,-1,-1,-1,-1,-1,-1,-1,34897
2026-08-23 00:31:58.769,1,2,Read Discrete Inputs,4,12,-1,-1,-1,-1,-1,-1,-1,-1,52793
2026-08-23 00:31:58.781,1,2,Read Discrete Inputs,512,185,-1,-1,-1,-1,-1,-1,-1,-1,47289
2026-08-23 00:31:59.271,1,3,Read Holding Registers,1260,12,-1,-1,-1,-1,-1,-1,-1,-1,2693
2026-08-23 00:31:59.302,1,3,Read Holding Registers,6183,3840,-1,-1,-1,-1,-1,-1,-1,-1,29162
2026-08-23 00:31:59.334,1,6,Write Single Register,1275,-1,-1,1368,1368,1368,1368,11,-1,-1,41467
2026-08-23 00:31:59.345,1,6,Write Single Register,1275,-1,-1,1368,1368,1368,1368,11,-1,-1,41467
2026-08-23 00:31:59.773,1,4,Read Input Registers,86,3,-1,-1,-1,-1,-1,-1,-1,-1,6992
2026-08-23 00:31:59.785,1,4,Read Input Registers,1538,35584,-1,-1,-1,-1,-1,-1,-1,-1,28357
2026-08-23 00:32:00.264,1,5,Write Single Coil,9012,65280,-1,-1,-1,-1,-1,-1,-1,-1,28870
2026-08-23 00:32:00.286,1,5,Write Single Coil,9012,65280,-1,-1,-1,-1,-1,-1,-1,-1,28870
2026-08-23 00:32:01.273,1,16,Write Multiple Registers,2835,3,6,118,251,215,584,30,-1,-1,30182
2026-08-23 00:32:01.306,1,3,Read Holding Registers,1200,5,-1,-1,-1,-1,-1,-1,-1,-1,7813
2026-08-23 00:32:01.328,1,3,Read Holding Registers,2560,0,-1,-1,-1,-1,-1,-1,-1,-1,46628
2026-08-23 00:32:01.766,1,1,Read Coils,25,3,-1,-1,-1,-1,-1,-1,-1,-1,52397
2026-08-23 00:32:01.777,1,1,Read Coils,256,20872,-1,-1,-1,-1,-1,-1,-1,-1,34897
2026-08-23 00:32:02.267,1,2,Read Discrete Inputs,4,12,-1,-1,-1,-1,-1,-1,-1,-1,52793
2026-08-23 00:32:02.279,1,2,Read Discrete Inputs,513,184,-1,-1,-1,-1,-1,-1,-1,-1,10424
2026-08-23 00:32:02.768,1,3,Read Holding Registers,1260,12,-1,-1,-1,-1,-1,-1,-1,-1,2693
2026-08-23 00:32:02.810,1,3,Read Holding Registers,6183,3840,-1,-1,-1,-1,-1,-1,-1,-1,29162
2026-08-23 00:32:03.269,1,4,Read Input Registers,86,3,-1,-1,-1,-1,-1,-1,-1,-1,6992
2026-08-23 00:32:03.291,1,4,Read Input Registers,1537,45056,-1,-1,-1,-1,-1,-1,-1,-1,38944
2026-08-23 00:32:03.770,1,5,Write Single Coil,9012,65280,-1,-1,-1,-1,-1,-1,-1,-1,28870
2026-08-23 00:32:03.782,1,5,Write Single Coil,9012,65280,-1,-1,-1,-1,-1,-1,-1,-1,28870
2026-08-23 00:32:04.271,1,6,Write Single Register,321,-1,-1,35,35,35,35,13,-1,-1,64409
2026-08-23 00:32:04.282,1,6,Write Single Register,321,-1,-1,35,35,35,35,13,-1,-1,64409
2026-08-23 00:32:04.772,1,16,Write Multiple Registers,2835,3,6,112,250,205,567,34,-1,-1,30366
2026-08-23 00:32:04.805,1,3,Read Holding Registers,1200,5,-1,-1,-1,-1,-1,-1,-1,-1,7813
2026-08-23 00:32:04.826,1,3,Read Holding Registers,2560,0,-1,-1,-1,-1,-1,-1,-1,-1,46628
2026-08-23 00:32:05.265,1,1,Read Coils,25,3,-1,-1,-1,-1,-1,-1,-1,-1,52397
2026-08-23 00:32:05.276,1,1,Read Coils,256,20872,-1,-1,-1,-1,-1,-1,-1,-1,34897
2026-08-23 00:32:05.766,1,2,Read Discrete Inputs,4,12,-1,-1,-1,-1,-1,-1,-1,-1,52793
2026-08-23 00:32:05.777,1,2,Read Discrete Inputs,513,184,-1,-1,-1,-1,-1,-1,-1,-1,10424
2026-08-23 00:32:06.266,1,3,Read Holding Registers,1260,12,-1,-1,-1,-1,-1,-1,-1,-1,2693
2026-08-23 00:32:06.308,1,3,Read Holding Registers,6183,3840,-1,-1,-1,-1,-1,-1,-1,-1,29162
2026-08-23 00:32:06.767,1,4,Read Input Registers,86,3,-1,-1,-1,-1,-1,-1,-1,-1,6992
2026-08-23 00:32:06.789,1,4,Read Input Registers,1536,36864,-1,-1,-1,-1,-1,-1,-1,-1,36512
2026-08-23 00:32:07.766,1,6,Write Single Register,321,-1,-1,18,18,18,18,14,-1,-1,12120
2026-08-23 00:32:07.777,1,6,Write Single Register,321,-1,-1,18,18,18,18,14,-1,-1,12120
2026-08-23 00:32:08.277,1,16,Write Multiple Registers,2835,3,6,100,246,224,570,36,-1,-1,29042
2026-08-23 00:32:08.299,1,3,Read Holding Registers,1200,5,-1,-1,-1,-1,-1,-1,-1,-1,7813
2026-08-23 00:32:08.321,1,3,Read Holding Registers,2560,0,-1,-1,-1,-1,-1,-1,-1,-1,46628
2026-08-23 00:32:08.769,1,1,Read Coils,25,3,-1,-1,-1,-1,-1,-1,-1,-1,52397
2026-08-23 00:32:08.781,1,1,Read Coils,256,20872,-1,-1,-1,-1,-1,-1,-1,-1,34897
2026-08-23 00:32:09.270,1,2,Read Discrete Inputs,4,12,-1,-1,-1,-1,-1,-1,-1,-1,52793
2026-08-23 00:32:09.282,1,2,Read Discrete Inputs,512,185,-1,-1,-1,-1,-1,-1,-1,-1,47289
2026-08-23 00:32:09.771,1,3,Read Holding Registers,1260,12,-1,-1,-1,-1,-1,-1,-1,-1,2693
2026-08-23 00:32:09.813,1,3,Read Holding Registers,6183,3840,-1,-1,-1,-1,-1,-1,-1,-1,29162
2026-08-23 00:32:10.271,1,4,Read Input Registers,86,3,-1,-1,-1,-1,-1,-1,-1,-1,6992
2026-08-23 00:32:10.283,1,4,Read Input Registers,1538,33280,-1,-1,-1,-1,-1,-1,-1,-1,28441
2026-08-23 00:32:11.777,1,16,Write Multiple Registers,2835,3,6,112,255,246,613,31,-1,-1,45243
2026-08-23 00:32:11.800,1,3,Read Holding Registers,1200,5,-1,-1,-1,-1,-1,-1,-1,-1,7813
2026-08-23 00:32:11.821,1,3,Read Holding Registers,2560,0,-1,-1,-1,-1,-1,-1,-1,-1,46628
2026-08-23 00:32:12.269,1,1,Read Coils,25,3,-1,-1,-1,-1,-1,-1,-1,-1,52397
2026-08-23 00:32:12.281,1,1,Read Coils,256,20872,-1,-1,-1,-1,-1,-1,-1,-1,34897
2026-08-23 00:32:12.770,1,2,Read Discrete Inputs,4,12,-1,-1,-1,-1,-1,-1,-1,-1,52793
2026-08-23 00:32:12.782,1,2,Read Discrete Inputs,512,185,-1,-1,-1,-1,-1,-1,-1,-1,47289
2026-08-23 00:32:13.057,1,6,Write Single Register,1269,-1,-1,510,510,510,510,8,-1,-1,55320
2026-08-23 00:32:13.069,1,6,Write Single Register,1269,-1,-1,510,510,510,510,8,-1,-1,55320
2026-08-23 00:32:13.274,1,3,Read Holding Registers,1260,12,-1,-1,-1,-1,-1,-1,-1,-1,2693
2026-08-23 00:32:13.306,1,3,Read Holding Registers,6183,3840,-1,-1,-1,-1,-1,-1,-1,-1,29162
2026-08-23 00:32:13.765,1,4,Read Input Registers,86,3,-1,-1,-1,-1,-1,-1,-1,-1,6992
2026-08-23 00:32:13.786,1,4,Read Input Registers,1538,1536,-1,-1,-1,-1,-1,-1,-1,-1,29161
2026-08-23 00:32:15.281,1,16,Write Multiple Registers,2835,3,6,103,248,232,583,34,-1,-1,29922
2026-08-23 00:32:15.304,1,3,Read Holding Registers,1200,5,-1,-1,-1,-1,-1,-1,-1,-1,7813
2026-08-23 00:32:15.325,1,3,Read Holding Registers,2560,0,-1,-1,-1,-1,-1,-1,-1,-1,46628
2026-08-23 00:32:15.773,1,1,Read Coils,25,3,-1,-1,-1,-1,-1,-1,-1,-1,52397
2026-08-23 00:32:15.784,1,1,Read Coils,256,20872,-1,-1,-1,-1,-1,-1,-1,-1,34897
2026-08-23 00:32:16.273,1,2,Read Discrete Inputs,4,12,-1,-1,-1,-1,-1,-1,-1,-1,52793
2026-08-23 00:32:16.284,1,2,Read Discrete Inputs,513,184,-1,-1,-1,-1,-1,-1,-1,-1,10424
2026-08-23 00:32:16.773,1,3,Read Holding Registers,1260,12,-1,-1,-1,-1,-1,-1,-1,-1,2693
2026-08-23 00:32:16.805,1,3,Read Holding Registers,6183,3840,-1,-1,-1,-1,-1,-1,-1,-1,29162
2026-08-23 00:32:17.274,1,4,Read Input Registers,86,3,-1,-1,-1,-1,-1,-1,-1,-1,6992
2026-08-23 00:32:17.286,1,4,Read Input Registers,1537,57856,-1,-1,-1,-1,-1,-1,-1,-1,21657
2026-08-23 00:32:18.779,1,16,Write Multiple Registers,2835,3,6,106,259,217,582,36,-1,-1,24654
2026-08-23 00:32:18.802,1,3,Read Holding Registers,1200,5,-1,-1,-1,-1,-1,-1,-1,-1,7813
2026-08-23 00:32:18.823,1,3,Read Holding Registers,2560,0,-1,-1,-1,-1,-1,-1,-1,-1,46628
2026-08-23 00:32:19.272,1,1,Read Coils,25,3,-1,-1,-1,-1,-1,-1,-1,-1,52397
2026-08-23 00:32:19.283,1,1,Read Coils,256,20872,-1,-1,-1,-1,-1,-1,-1,-1,34897
2026-08-23 00:32:19.772,1,2,Read Discrete Inputs,4,12,-1,-1,-1,-1,-1,-1,-1,-1,52793
2026-08-23 00:32:19.784,1,2,Read Discrete Inputs,513,184,-1,-1,-1,-1,-1,-1,-1,-1,10424
2026-08-23 00:32:20.272,1,3,Read Holding Registers,1260,12,-1,-1,-1,-1,-1,-1,-1,-1,2693
2026-08-23 00:32:20.304,1,3,Read Holding Registers,6183,3840,-1,-1,-1,-1,-1,-1,-1,-1,29162
2026-08-23 00:32:20.773,1,4,Read Input Registers,86,3,-1,-1,-1,-1,-1,-1,-1,-1,6992
2026-08-23 00:32:20.785,1,4,Read Input Registers,1538,45568,-1,-1,-1,-1,-1,-1,-1,-1,27481
2026-08-23 00:32:21.152,1,6,Write Single Register,1274,-1,-1,1195,1195,1195,1195,10,-1,-1,46315
2026-08-23 00:32:21.174,1,6,Write Single Register,1274,-1,-1,1195,1195,1195,1195,10,-1,-1,46315
2026-08-23 00:32:21.267,1,5,Write Single Coil,9012,65280,-1,-1,-1,-1,-1,-1,-1,-1,28870
2026-08-23 00:32:21.288,1,5,Write Single Coil,9012,65280,-1,-1,-1,-1,-1,-1,-1,-1,28870
2026-08-23 00:32:22.275,1,16,Write Multiple Registers,2835,3,6,105,244,224,573,36,-1,-1,29538
2026-08-23 00:32:22.308,1,3,Read Holding Registers,1200,5,-1,-1,-1,-1,-1,-1,-1,-1,7813
2026-08-23 00:32:22.330,1,3,Read Holding Registers,2560,0,-1,-1,-1,-1,-1,-1,-1,-1,46628
2026-08-23 00:32:22.769,1,1,Read Coils,25,3,-1,-1,-1,-1,-1,-1,-1,-1,52397
2026-08-23 00:32:22.781,1,1,Read Coils,256,20872,-1,-1,-1,-1,-1,-1,-1,-1,34897
2026-08-23 00:32:23.271,1,2,Read Discrete Inputs,4,12,-1,-1,-1,-1,-1,-1,-1,-1,52793
2026-08-23 00:32:23.282,1,2,Read Discrete Inputs,513,184,-1,-1,-1,-1,-1,-1,-1,-1,10424
2026-08-23 00:32:23.772,1,3,Read Holding Registers,1260,12,-1,-1,-1,-1,-1,-1,-1,-1,2693
2026-08-23 00:32:23.804,1,3,Read Holding Registers,6183,3840,-1,-1,-1,-1,-1,-1,-1,-1,29162
2026-08-23 00:32:24.274,1,4,Read Input Registers,86,3,-1,-1,-1,-1,-1,-1,-1,-1,6992
2026-08-23 00:32:24.285,1,4,Read Input Registers,1537,11520,-1,-1,-1,-1,-1,-1,-1,-1,17613
2026-08-23 00:32:24.765,1,5,Write Single Coil,9012,65280,-1,-1,-1,-1,-1,-1,-1,-1,28870
2026-08-23 00:32:24.787,1,5,Write Single Coil,9012,65280,-1,-1,-1,-1,-1,-1,-1,-1,28870
2026-08-23 00:32:25.267,1,6,Write Single Register,321,-1,-1,44,44,44,44,13,-1,-1,65497
2026-08-23 00:32:25.289,1,6,Write Single Register,321,-1,-1,44,44,44,44,13,-1,-1,65497
2026-08-23 00:32:25.779,1,16,Write Multiple Registers,2835,3,6,118,246,224,588,34,-1,-1,29906
2026-08-23 00:32:25.802,1,3,Read Holding Registers,1200,5,-1,-1,-1,-1,-1,-1,-1,-1,7813
2026-08-23 00:32:25.824,1,3,Read Holding Registers,2560,0,-1,-1,-1,-1,-1,-1,-1,-1,46628
2026-08-23 00:32:26.273,1,1,Read Coils,25,3,-1,-1,-1,-1,-1,-1,-1,-1,52397
2026-08-23 00:32:26.284,1,1,Read Coils,256,20872,-1,-1,-1,-1,-1,-1,-1,-1,34897
2026-08-23 00:32:26.774,1,2,Read Discrete Inputs,4,12,-1,-1,-1,-1,-1,-1,-1,-1,52793
2026-08-23 00:32:26.785,1,2,Read Discrete Inputs,513,184,-1,-1,-1,-1,-1,-1,-1,-1,10424
2026-08-23 00:32:27.265,1,3,Read Holding Registers,1260,12,-1,-1,-1,-1,-1,-1,-1,-1,2693
2026-08-23 00:32:27.308,1,3,Read Holding Registers,6183,3840,-1,-1,-1,-1,-1,-1,-1,-1,29162
2026-08-23 00:32:27.767,1,4,Read Input Registers,86,3,-1,-1,-1,-1,-1,-1,-1,-1,6992
2026-08-23 00:32:27.789,1,4,Read Input Registers,1538,25600,-1,-1,-1,-1,-1,-1,-1,-1,47376
2026-08-23 00:32:27.984,1,6,Write Single Register,1266,-1,-1,234,234,234,234,11,-1,-1,34472
2026-08-23 00:32:27.995,1,6,Write Single Register,1266,-1,-1,234,234,234,234,11,-1,-1,34472
2026-08-23 00:32:28.271,1,5,Write Single Coil,9012,65280,-1,-1,-1,-1,-1,-1,-1,-1,28870
2026-08-23 00:32:28.283,1,5,Write Single Coil,9012,65280,-1,-1,-1,-1,-1,-1,-1,-1,28870
2026-08-23 00:32:29.272,1,16,Write Multiple Registers,2835,3,6,117,240,205,562,34,-1,-1,28686
2026-08-23 00:32:29.305,1,3,Read Holding Registers,1200,5,-1,-1,-1,-1,-1,-1,-1,-1,7813
2026-08-23 00:32:29.326,1,3,Read Holding Registers,2560,0,-1,-1,-1,-1,-1,-1,-1,-1,46628
2026-08-23 00:32:29.774,1,1,Read Coils,25,3,-1,-1,-1,-1,-1,-1,-1,-1,52397
2026-08-23 00:32:29.786,1,1,Read Coils,256,20872,-1,-1,-1,-1,-1,-1,-1,-1,34897
2026-08-23 00:32:30.274,1,2,Read Discrete Inputs,4,12,-1,-1,-1,-1,-1,-1,-1,-1,52793
2026-08-23 00:32:30.286,1,2,Read Discrete Inputs,512,185,-1,-1,-1,-1,-1,-1,-1,-1,47289
2026-08-23 00:32:30.765,1,3,Read Holding Registers,1260,12,-1,-1,-1,-1,-1,-1,-1,-1,2693
2026-08-23 00:32:30.808,1,3,Read Holding Registers,6183,3840,-1,-1,-1,-1,-1,-1,-1,-1,48635
2026-08-23 00:32:31.267,1,4,Read Input Registers,86,3,-1,-1,-1,-1,-1,-1,-1,-1,6992
2026-08-23 00:32:31.288,1,4,Read Input Registers,1537,52736,-1,-1,-1,-1,-1,-1,-1,-1,37384
2026-08-23 00:32:32.265,1,6,Write Single Register,321,-1,-1,14,14,14,14,13,-1,-1,58969
2026-08-23 00:32:32.287,1,6,Write Single Register,321,-1,-1,14,14,14,14,13,-1,-1,58969
2026-08-23 00:32:32.776,1,16,Write Multiple Registers,2835,3,6,113,246,228,587,34,-1,-1,30098
2026-08-23 00:32:32.809,1,3,Read Holding Registers,1200,5,-1,-1,-1,-1,-1,-1,-1,-1,7813
2026-08-23 00:32:32.831,1,3,Read Holding Registers,2560,0,-1,-1,-1,-1,-1,-1,-1,-1,46628
2026-08-23 00:32:33.271,1,1,Read Coils,25,3,-1,-1,-1,-1,-1,-1,-1,-1,52397
2026-08-23 00:32:33.283,1,1,Read Coils,256,20872,-1,-1,-1,-1,-1,-1,-1,-1,34897
2026-08-23 00:32:33.773,1,2,Read Discrete Inputs,4,12,-1,-1,-1,-1,-1,-1,-1,-1,52793
2026-08-23 00:32:33.785,1,2,Read Discrete Inputs,513,184,-1,-1,-1,-1,-1,-1,-1,-1,10424
2026-08-23 00:32:34.265,1,3,Read Holding Registers,1260,12,-1,-1,-1,-1,-1,-1,-1,-1,2693
2026-08-23 00:32:34.307,1,3,Read Holding Registers,6183,3840,-1,-1,-1,-1,-1,-1,-1,-1,48635
2026-08-23 00:32:34.553,1,6,Write Single Register,1261,-1,-1,23,23,23,23,12,-1,-1,49496
2026-08-23 00:32:34.575,1,6,Write Single Register,1261,-1,-1,23,23,23,23,12,-1,-1,49496
2026-08-23 00:32:34.770,1,4,Read Input Registers,86,3,-1,-1,-1,-1,-1,-1,-1,-1,6992
2026-08-23 00:32:34.781,1,4,Read Input Registers,1539,31232,-1,-1,-1,-1,-1,-1,-1,-1,27321
2026-08-23 00:32:36.278,1,16,Write Multiple Registers,2835,3,6,115,252,222,589,31,-1,-1,46955
2026-08-23 00:32:36.301,1,3,Read Holding Registers,1200,5,-1,-1,-1,-1,-1,-1,-1,-1,7813
2026-08-23 00:32:36.323,1,3,Read Holding Registers,2560,0,-1,-1,-1,-1,-1,-1,-1,-1,46628
2026-08-23 00:32:36.772,1,1,Read Coils,25,3,-1,-1,-1,-1,-1,-1,-1,-1,52397
2026-08-23 00:32:36.784,1,1,Read Coils,256,20872,-1,-1,-1,-1,-1,-1,-1,-1,34897
2026-08-23 00:32:37.273,1,2,Read Discrete Inputs,4,12,-1,-1,-1,-1,-1,-1,-1,-1,52793
2026-08-23 00:32:37.285,1,2,Read Discrete Inputs,512,185,-1,-1,-1,-1,-1,-1,-1,-1,47289
2026-08-23 00:32:37.774,1,3,Read Holding Registers,1260,12,-1,-1,-1,-1,-1,-1,-1,-1,2693
2026-08-23 00:32:37.806,1,3,Read Holding Registers,6183,3840,-1,-1,-1,-1,-1,-1,-1,-1,40999
2026-08-23 00:32:38.265,1,4,Read Input Registers,86,3,-1,-1,-1,-1,-1,-1,-1,-1,6992
2026-08-23 00:32:38.287,1,4,Read Input Registers,1537,44032,-1,-1,-1,-1,-1,-1,-1,-1,23281
2026-08-23 00:32:39.782,1,16,Write Multiple Registers,2835,3,6,117,248,238,603,32,-1,-1,29130
2026-08-23 00:32:39.805,1,3,Read Holding Registers,1200,5,-1,-1,-1,-1,-1,-1,-1,-1,7813
2026-08-23 00:32:39.826,1,3,Read Holding Registers,2560,0,-1,-1,-1,-1,-1,-1,-1,-1,46628
2026-08-23 00:32:40.274,1,1,Read Coils,25,3,-1,-1,-1,-1,-1,-1,-1,-1,52397
2026-08-23 00:32:40.286,1,1,Read Coils,256,20872,-1,-1,-1,-1,-1,-1,-1,-1,34897
2026-08-23 00:32:40.766,1,2,Read Discrete Inputs,4,12,-1,-1,-1,-1,-1,-1,-1,-1,52793
2026-08-23 00:32:40.778,1,2,Read Discrete Inputs,513,184,-1,-1,-1,-1,-1,-1,-1,-1,10424
2026-08-23 00:32:41.268,1,3,Read Holding Registers,1260,12,-1,-1,-1,-1,-1,-1,-1,-1,2693
2026-08-23 00:32:41.310,1,3,Read Holding Registers,6183,3840,-1,-1,-1,-1,-1,-1,-1,-1,40999
2026-08-23 00:32:41.770,1,4,Read Input Registers,86,3,-1,-1,-1,-1,-1,-1,-1,-1,6992
2026-08-23 00:32:41.782,1,4,Read Input Registers,1539,28160,-1,-1,-1,-1,-1,-1,-1,-1,27017
2026-08-23 00:32:43.280,1,16,Write Multiple Registers,2835,3,6,116,249,244,609,33,-1,-1,45827
2026-08-23 00:32:43.303,1,3,Read Holding Registers,1200,5,-1,-1,-1,-1,-1,-1,-1,-1,7813
2026-08-23 00:32:43.325,1,3,Read Holding Registers,2560,0,-1,-1,-1,-1,-1,-1,-1,-1,46628
2026-08-23 00:32:43.774,1,1,Read Coils,25,3,-1,-1,-1,-1,-1,-1,-1,-1,52397
2026-08-23 00:32:43.785,1,1,Read Coils,256,20872,-1,-1,-1,-1,-1,-1,-1,-1,34897
2026-08-23 00:32:44.265,1,2,Read Discrete Inputs,4,12,-1,-1,-1,-1,-1,-1,-1,-1,52793
2026-08-23 00:32:44.287,1,2,Read Discrete Inputs,512,185,-1,-1,-1,-1,-1,-1,-1,-1,47289
2026-08-23 00:32:44.766,1,3,Read Holding Registers,1260,12,-1,-1,-1,-1,-1,-1,-1,-1,2693
2026-08-23 00:32:44.809,1,3,Read Holding Registers,6183,3840,-1,-1,-1,-1,-1,-1,-1,-1,40999
2026-08-23 00:32:45.267,1,4,Read Input Registers,86,3,-1,-1,-1,-1,-1,-1,-1,-1,6992
2026-08-23 00:32:45.289,1,4,Read Input Registers,1537,50688,-1,-1,-1,-1,-1,-1,-1,-1,21481
2026-08-23 00:32:45.768,1,5,Write Single Coil,9012,65280,-1,-1,-1,-1,-1,-1,-1,-1,28870
2026-08-23 00:32:45.780,1,5,Write Single Coil,9012,65280,-1,-1,-1,-1,-1,-1,-1,-1,28870
2026-08-23 00:32:46.777,1,16,Write Multiple Registers,2835,3,6,108,251,216,575,33,-1,-1,45971
2026-08-23 00:32:46.800,1,3,Read Holding Registers,1200,5,-1,-1,-1,-1,-1,-1,-1,-1,7813
2026-08-23 00:32:46.822,1,3,Read Holding Registers,2560,0,-1,-1,-1,-1,-1,-1,-1,-1,46628
2026-08-23 00:32:47.271,1,1,Read Coils,25,3,-1,-1,-1,-1,-1,-1,-1,-1,52397
2026-08-23 00:32:47.283,1,1,Read Coils,256,20872,-1,-1,-1,-1,-1,-1,-1,-1,34897
2026-08-23 00:32:47.773,1,2,Read Discrete Inputs,4,12,-1,-1,-1,-1,-1,-1,-1,-1,52793
2026-08-23 00:32:47.785,1,2,Read Discrete Inputs,513,184,-1,-1,-1,-1,-1,-1,-1,-1,10424
2026-08-23 00:32:47.826,1,6,Write Single Register,1274,-1,-1,1191,1191,1191,1191,10,-1,-1,45547
2026-08-23 00:32:47.838,1,6,Write Single Register,1274,-1,-1,1191,1191,1191,1191,10,-1,-1,45547
2026-08-23 00:32:48.265,1,3,Read Holding Registers,1260,12,-1,-1,-1,-1,-1,-1,-1,-1,2693
2026-08-23 00:32:48.307,1,3,Read Holding Registers,6183,3840,-1,-1,-1,-1,-1,-1,-1,-1,40999
2026-08-23 00:32:48.767,1,4,Read Input Registers,86,3,-1,-1,-1,-1,-1,-1,-1,-1,6992
2026-08-23 00:32:48.789,1,4,Read Input Registers,1537,9216,-1,-1,-1,-1,-1,-1,-1,-1,17681
2026-08-23 00:32:50.275,1,16,Write Multiple Registers,2835,3,6,119,246,208,573,33,-1,-1,45251
2026-08-23 00:32:50.307,1,3,Read Holding Registers,1200,5,-1,-1,-1,-1,-1,-1,-1,-1,7813
2026-08-23 00:32:50.328,1,3,Read Holding Registers,2560,0,-1,-1,-1,-1,-1,-1,-1,-1,46628
2026-08-23 00:32:50.767,1,1,Read Coils,25,3,-1,-1,-1,-1,-1,-1,-1,-1,52397
2026-08-23 00:32:50.779,1,1,Read Coils,256,20872,-1,-1,-1,-1,-1,-1,-1,-1,34897
2026-08-23 00:32:51.269,1,2,Read Discrete Inputs,4,12,-1,-1,-1,-1,-1,-1,-1,-1,52793
2026-08-23 00:32:51.282,1,2,Read Discrete Inputs,513,184,-1,-1,-1,-1,-1,-1,-1,-1,10424
2026-08-23 00:32:51.772,1,3,Read Holding Registers,1260,12,-1,-1,-1,-1,-1,-1,-1,-1,2693
2026-08-23 00:32:51.804,1,3,Read Holding Registers,6183,3840,-1,-1,-1,-1,-1,-1,-1,-1,40999
2026-08-23 00:32:52.274,1,4,Read Input Registers,86,3,-1,-1,-1,-1,-1,-1,-1,-1,6992
2026-08-23 00:32:52.286,1,4,Read Input Registers,1538,32768,-1,-1,-1,-1,-1,-1,-1,-1,44896
2026-08-23 00:32:53.273,1,6,Write Single Register,321,-1,-1,21,21,21,21,13,-1,-1,60697
2026-08-23 00:32:53.285,1,6,Write Single Register,321,-1,-1,21,21,21,21,13,-1,-1,60697
2026-08-23 00:32:53.775,1,16,Write Multiple Registers,2835,3,6,101,240,239,580,33,-1,-1,45815
2026-08-23 00:32:53.809,1,3,Read Holding Registers,1200,5,-1,-1,-1,-1,-1,-1,-1,-1,7813
2026-08-23 00:32:53.830,1,3,Read Holding Registers,2560,0,-1,-1,-1,-1,-1,-1,-1,-1,46628
2026-08-23 00:32:54.269,1,1,Read Coils,25,3,-1,-1,-1,-1,-1,-1,-1,-1,52397
2026-08-23 00:32:54.280,1,1,Read Coils,256,20872,-1,-1,-1,-1,-1,-1,-1,-1,34897
2026-08-23 00:32:54.771,1,2,Read Discrete Inputs,4,12,-1,-1,-1,-1,-1,-1,-1,-1,52793
2026-08-23 00:32:54.782,1,2,Read Discrete Inputs,512,185,-1,-1,-1,-1,-1,-1,-1,-1,47289
2026-08-23 00:32:55.273,1,3,Read Holding Registers,1260,12,-1,-1,-1,-1,-1,-1,-1,-1,2693
2026-08-23 00:32:55.306,1,3,Read Holding Registers,6183,3840,-1,-1,-1,-1,-1,-1,-1,-1,40999
2026-08-23 00:32:55.765,1,4,Read Input Registers,86,3,-1,-1,-1,-1,-1,-1,-1,-1,6992
2026-08-23 00:32:55.787,1,4,Read Input Registers,1538,14336,-1,-1,-1,-1,-1,-1,-1,-1,46272
2026-08-23 00:32:57.281,1,16,Write Multiple Registers,2835,3,6,117,254,232,603,32,-1,-1,29634
2026-08-23 00:32:57.305,1,3,Read Holding Registers,1200,5,-1,-1,-1,-1,-1,-1,-1,-1,7813
2026-08-23 00:32:57.326,1,3,Read Holding Registers,2560,0,-1,-1,-1,-1,-1,-1,-1,-1,46628
2026-08-23 00:32:57.774,1,1,Read Coils,25,3,-1,-1,-1,-1,-1,-1,-1,-1,52397
2026-08-23 00:32:57.786,1,1,Read Coils,256,20872,-1,-1,-1,-1,-1,-1,-1,-1,34897
2026-08-23 00:32:58.092,1,6,Write Single Register,1275,-1,-1,1371,1371,1371,1371,9,-1,-1,41147
2026-08-23 00:32:58.103,1,6,Write Single Register,1275,-1,-1,1371,1371,1371,1371,9,-1,-1,41147
2026-08-23 00:32:58.267,1,2,Read Discrete Inputs,4,12,-1,-1,-1,-1,-1,-1,-1,-1,52793
2026-08-23 00:32:58.278,1,2,Read Discrete Inputs,513,184,-1,-1,-1,-1,-1,-1,-1,-1,10424
2026-08-23 00:32:58.767,1,3,Read Holding Registers,1260,12,-1,-1,-1,-1,-1,-1,-1,-1,2693
2026-08-23 00:32:58.809,1,3,Read Holding Registers,6183,3840,-1,-1,-1,-1,-1,-1,-1,-1,40999
2026-08-23 00:32:59.268,1,4,Read Input Registers,86,3,-1,-1,-1,-1,-1,-1,-1,-1,6992
2026-08-23 00:32:59.290,1,4,Read Input Registers,1538,18432,-1,-1,-1,-1,-1,-1,-1,-1,32641
2026-08-23 00:32:59.769,1,5,Write Single Coil,9012,0,-1,-1,-1,-1,-1,-1,-1,-1,32903
2026-08-23 00:32:59.780,1,5,Write Single Coil,9012,0,-1,-1,-1,-1,-1,-1,-1,-1,32903
2026-08-23 00:33:00.269,1,6,Write Single Register,321,-1,-1,34,34,34,34,14,-1,-1,15192
2026-08-23 00:33:00.281,1,6,Write Single Register,321,-1,-1,34,34,34,34,14,-1,-1,15192
2026-08-23 00:33:00.780,1,16,Write Multiple Registers,2835,3,6,105,254,215,574,31,-1,-1,45079
2026-08-23 00:33:00.803,1,3,Read Holding Registers,1200,5,-1,-1,-1,-1,-1,-1,-1,-1,7813
2026-08-23 00:33:00.825,1,3,Read Holding Registers,2560,0,-1,-1,-1,-1,-1,-1,-1,-1,46628
2026-08-23 00:33:01.273,1,1,Read Coils,25,3,-1,-1,-1,-1,-1,-1,-1,-1,52397
2026-08-23 00:33:01.285,1,1,Read Coils,256,20872,-1,-1,-1,-1,-1,-1,-1,-1,34897
2026-08-23 00:33:01.775,1,2,Read Discrete Inputs,4,12,-1,-1,-1,-1,-1,-1,-1,-1,52793
2026-08-23 00:33:01.786,1,2,Read Discrete Inputs,513,184,-1,-1,-1,-1,-1,-1,-1,-1,10424
2026-08-23 00:33:02.267,1,3,Read Holding Registers,1260,12,-1,-1,-1,-1,-1,-1,-1,-1,2693
2026-08-23 00:33:02.310,1,3,Read Holding Registers,6183,3840,-1,-1,-1,-1,-1,-1,-1,-1,40999
2026-08-23 00:33:02.772,1,4,Read Input Registers,86,3,-1,-1,-1,-1,-1,-1,-1,-1,6992
2026-08-23 00:33:02.784,1,4,Read Input Registers,1539,12032,-1,-1,-1,-1,-1,-1,-1,-1,26293
2026-08-23 00:33:03.771,1,6,Write Single Register,321,-1,-1,22,22,22,22,13,-1,-1,60505
2026-08-23 00:33:03.782,1,6,Write Single Register,321,-1,-1,22,22,22,22,13,-1,-1,60505
2026-08-23 00:33:04.281,1,16,Write Multiple Registers,2835,3,6,117,240,220,577,34,-1,-1,29682
2026-08-23 00:33:04.304,1,3,Read Holding Registers,1200,5,-1,-1,-1,-1,-1,-1,-1,-1,7813
2026-08-23 00:33:04.325,1,3,Read Holding Registers,2560,0,-1,-1,-1,-1,-1,-1,-1,-1,46628
2026-08-23 00:33:04.774,1,1,Read Coils,25,3,-1,-1,-1,-1,-1,-1,-1,-1,52397
2026-08-23 00:33:04.785,1,1,Read Coils,256,20872,-1,-1,-1,-1,-1,-1,-1,-1,34897
2026-08-23 00:33:05.274,1,2,Read Discrete Inputs,4,12,-1,-1,-1,-1,-1,-1,-1,-1,52793
2026-08-23 00:33:05.286,1,2,Read Discrete Inputs,512,185,-1,-1,-1,-1,-1,-1,-1,-1,47289
2026-08-23 00:33:05.774,1,3,Read Holding Registers,1260,12,-1,-1,-1,-1,-1,-1,-1,-1,2693
2026-08-23 00:33:05.806,1,3,Read Holding Registers,6183,3840,-1,-1,-1,-1,-1,-1,-1,-1,40999
2026-08-23 00:33:05.991,1,6,Write Single Register,1277,-1,-1,1757,1757,1757,1757,8,-1,-1,62426
2026-08-23 00:33:06.002,1,6,Write Single Register,1277,-1,-1,1757,1757,1757,1757,8,-1,-1,62426
2026-08-23 00:33:06.268,1,4,Read Input Registers,86,3,-1,-1,-1,-1,-1,-1,-1,-1,6992
2026-08-23 00:33:06.290,1,4,Read Input Registers,1539,12800,-1,-1,-1,-1,-1,-1,-1,-1,25689
2026-08-23 00:33:07.266,1,6,Write Single Register,321,-1,-1,23,23,23,23,12,-1,-1,11416
2026-08-23 00:33:07.288,1,6,Write Single Register,321,-1,-1,23,23,23,23,12,-1,-1,11416
2026-08-23 00:33:07.777,1,16,Write Multiple Registers,2835,3,6,105,243,240,588,34,-1,-1,29670
2026-08-23 00:33:07.810,1,3,Read Holding Registers,1200,5,-1,-1,-1,-1,-1,-1,-1,-1,7813
2026-08-23 00:33:07.831,1,3,Read Holding Registers,2560,0,-1,-1,-1,-1,-1,-1,-1,-1,46628
2026-08-23 00:33:08.269,1,1,Read Coils,25,3,-1,-1,-1,-1,-1,-1,-1,-1,52397
2026-08-23 00:33:08.280,1,1,Read Coils,256,20872,-1,-1,-1,-1,-1,-1,-1,-1,34897
2026-08-23 00:33:08.770,1,2,Read Discrete Inputs,4,12,-1,-1,-1,-1,-1,-1,-1,-1,52793
2026-08-23 00:33:08.782,1,2,Read Discrete Inputs,513,184,-1,-1,-1,-1,-1,-1,-1,-1,10424
2026-08-23 00:33:09.272,1,3,Read Holding Registers,1260,12,-1,-1,-1,-1,-1,-1,-1,-1,2693
2026-08-23 00:33:09.304,1,3,Read Holding Registers,6183,3840,-1,-1,-1,-1,-1,-1,-1,-1,40999
2026-08-23 00:33:09.774,1,4,Read Input Registers,86,3,-1,-1,-1,-1,-1,-1,-1,-1,6992
2026-08-23 00:33:09.786,1,4,Read Input Registers,1538,19968,-1,-1,-1,-1,-1,-1,-1,-1,32521
2026-08-23 00:33:11.281,1,16,Write Multiple Registers,2835,3,6,104,254,209,567,34,-1,-1,28878
2026-08-23 00:33:11.304,1,3,Read Holding Registers,1200,5,-1,-1,-1,-1,-1,-1,-1,-1,7813
2026-08-23 00:33:11.325,1,3,Read Holding Registers,2560,0,-1,-1,-1,-1,-1,-1,-1,-1,46628
2026-08-23 00:33:11.774,1,1,Read Coils,25,3,-1,-1,-1,-1,-1,-1,-1,-1,52397
2026-08-23 00:33:11.786,1,1,Read Coils,256,20872,-1,-1,-1,-1,-1,-1,-1,-1,34897
2026-08-23 00:33:12.275,1,2,Read Discrete Inputs,4,12,-1,-1,-1,-1,-1,-1,-1,-1,52793
2026-08-23 00:33:12.287,1,2,Read Discrete Inputs,513,184,-1,-1,-1,-1,-1,-1,-1,-1,10424
2026-08-23 00:33:12.767,1,3,Read Holding Registers,1260,12,-1,-1,-1,-1,-1,-1,-1,-1,2693
2026-08-23 00:33:12.809,1,3,Read Holding Registers,6183,3840,-1,-1,-1,-1,-1,-1,-1,-1,40999
2026-08-23 00:33:13.267,1,4,Read Input Registers,86,3,-1,-1,-1,-1,-1,-1,-1,-1,6992
2026-08-23 00:33:13.289,1,4,Read Input Registers,1539,17152,-1,-1,-1,-1,-1,-1,-1,-1,28453
2026-08-23 00:33:14.774,1,16,Write Multiple Registers,2835,3,6,103,242,236,581,33,-1,-1,45971
2026-08-23 00:33:14.808,1,3,Read Holding Registers,1200,5,-1,-1,-1,-1,-1,-1,-1,-1,7813
2026-08-23 00:33:14.829,1,3,Read Holding Registers,2560,0,-1,-1,-1,-1,-1,-1,-1,-1,46628
2026-08-23 00:33:14.861,1,6,Write Single Register,1273,-1,-1,1033,1033,1033,1033,13,-1,-1,3482
2026-08-23 00:33:14.873,1,6,Write Single Register,1273,-1,-1,1033,1033,1033,1033,13,-1,-1,3482
2026-08-23 00:33:15.270,1,1,Read Coils,25,3,-1,-1,-1,-1,-1,-1,-1,-1,52397
2026-08-23 00:33:15.281,1,1,Read Coils,256,20872,-1,-1,-1,-1,-1,-1,-1,-1,34897
2026-08-23 00:33:15.771,1,2,Read Discrete Inputs,4,12,-1,-1,-1,-1,-1,-1,-1,-1,52793
2026-08-23 00:33:15.782,1,2,Read Discrete Inputs,513,184,-1,-1,-1,-1,-1,-1,-1,-1,10424
2026-08-23 00:33:16.271,1,3,Read Holding Registers,1260,12,-1,-1,-1,-1,-1,-1,-1,-1,2693
2026-08-23 00:33:16.313,1,3,Read Holding Registers,6183,3840,-1,-1,-1,-1,-1,-1,-1,-1,40999
2026-08-23 00:33:16.771,1,4,Read Input Registers,86,3,-1,-1,-1,-1,-1,-1,-1,-1,6992
2026-08-23 00:33:16.783,1,4,Read Input Registers,1538,18176,-1,-1,-1,-1,-1,-1,-1,-1,32469
2026-08-23 00:33:18.276,1,16,Write Multiple Registers,2835,3,6,102,257,216,575,38,-1,-1,25138
2026-08-23 00:33:18.309,1,3,Read Holding Registers,1200,5,-1,-1,-1,-1,-1,-1,-1,-1,7813
2026-08-23 00:33:18.331,1,3,Read Holding Registers,2560,0,-1,-1,-1,-1,-1,-1,-1,-1,46628
2026-08-23 00:33:18.770,1,1,Read Coils,25,3,-1,-1,-1,-1,-1,-1,-1,-1,52397
2026-08-23 00:33:18.782,1,1,Read Coils,256,20872,-1,-1,-1,-1,-1,-1,-1,-1,34897
2026-08-23 00:33:19.272,1,2,Read Discrete Inputs,4,12,-1,-1,-1,-1,-1,-1,-1,-1,52793
2026-08-23 00:33:19.284,1,2,Read Discrete Inputs,512,185,-1,-1,-1,-1,-1,-1,-1,-1,47289
2026-08-23 00:33:19.774,1,3,Read Holding Registers,1260,12,-1,-1,-1,-1,-1,-1,-1,-1,2693
2026-08-23 00:33:19.806,1,3,Read Holding Registers,6183,3840,-1,-1,-1,-1,-1,-1,-1,-1,40999
2026-08-23 00:33:20.276,1,4,Read Input Registers,86,3,-1,-1,-1,-1,-1,-1,-1,-1,6992
2026-08-23 00:33:20.287,1,4,Read Input Registers,1538,62976,-1,-1,-1,-1,-1,-1,-1,-1,25769
2026-08-23 00:33:21.782,1,16,Write Multiple Registers,2835,3,6,115,247,218,580,31,-1,-1,45275
2026-08-23 00:33:21.805,1,3,Read Holding Registers,1200,5,-1,-1,-1,-1,-1,-1,-1,-1,7813
2026-08-23 00:33:21.826,1,3,Read Holding Registers,2560,0,-1,-1,-1,-1,-1,-1,-1,-1,46628
2026-08-23 00:33:22.276,1,1,Read Coils,25,3,-1,-1,-1,-1,-1,-1,-1,-1,52397
2026-08-23 00:33:22.287,1,1,Read Coils,256,20872,-1,-1,-1,-1,-1,-1,-1,-1,34897
2026-08-23 00:33:22.769,1,2,Read Discrete Inputs,4,12,-1,-1,-1,-1,-1,-1,-1,-1,52793
2026-08-23 00:33:22.781,1,2,Read Discrete Inputs,513,184,-1,-1,-1,-1,-1,-1,-1,-1,10424
2026-08-23 00:33:23.271,1,3,Read Holding Registers,1260,12,-1,-1,-1,-1,-1,-1,-1,-1,2693
2026-08-23 00:33:23.313,1,3,Read Holding Registers,6183,3840,-1,-1,-1,-1,-1,-1,-1,-1,40999
2026-08-23 00:33:23.773,1,4,Read Input Registers,86,3,-1,-1,-1,-1,-1,-1,-1,-1,6992
2026-08-23 00:33:23.784,1,4,Read Input Registers,1538,30208,-1,-1,-1,-1,-1,-1,-1,-1,47784
2026-08-23 00:33:24.772,1,6,Write Single Register,321,-1,-1,25,25,25,25,13,-1,-1,59417
2026-08-23 00:33:24.784,1,6,Write Single Register,321,-1,-1,25,25,25,25,13,-1,-1,59417
2026-08-23 00:33:24.836,1,6,Write Single Register,1276,-1,-1,1558,1558,1558,1558,11,-1,-1,42186
2026-08-23 00:33:24.847,1,6,Write Single Register,1276,-1,-1,1558,1558,1558,1558,11,-1,-1,42186
2026-08-23 00:33:25.275,1,16,Write Multiple Registers,2835,3,6,104,244,231,579,34,-1,-1,29574
2026-08-23 00:33:25.308,1,3,Read Holding Registers,1200,5,-1,-1,-1,-1,-1,-1,-1,-1,7813
2026-08-23 00:33:25.329,1,3,Read Holding Registers,2560,0,-1,-1,-1,-1,-1,-1,-1,-1,46628
2026-08-23 00:33:25.768,1,1,Read Coils,25,3,-1,-1,-1,-1,-1,-1,-1,-1,52397
2026-08-23 00:33:25.779,1,1,Read Coils,256,20872,-1,-1,-1,-1,-1,-1,-1,-1,34897
2026-08-23 00:33:26.268,1,2,Read Discrete Inputs,4,12,-1,-1,-1,-1,-1,-1,-1,-1,52793
2026-08-23 00:33:26.280,1,2,Read Discrete Inputs,513,184,-1,-1,-1,-1,-1,-1,-1,-1,10424
2026-08-23 00:33:26.770,1,3,Read Holding Registers,1260,12,-1,-1,-1,-1,-1,-1,-1,-1,2693
2026-08-23 00:33:26.812,1,3,Read Holding Registers,6183,3840,-1,-1,-1,-1,-1,-1,-1,-1,40999
2026-08-23 00:33:27.271,1,4,Read Input Registers,86,3,-1,-1,-1,-1,-1,-1,-1,-1,6992
2026-08-23 00:33:27.293,1,4,Read Input Registers,1537,17664,-1,-1,-1,-1,-1,-1,-1,-1,36268
2026-08-23 00:33:27.773,1,5,Write Single Coil,9012,0,-1,-1,-1,-1,-1,-1,-1,-1,32903
2026-08-23 00:33:27.785,1,5,Write Single Coil,9012,0,-1,-1,-1,-1,-1,-1,-1,-1,32903
2026-08-23 00:33:28.274,1,6,Write Single Register,321,-1,-1,20,20,20,20,14,-1,-1,11736
2026-08-23 00:33:28.285,1,6,Write Single Register,321,-1,-1,20,20,20,20,14,-1,-1,11736
2026-08-23 00:33:28.776,1,16,Write Multiple Registers,2835,3,6,112,248,228,588,36,-1,-1,28994
2026-08-23 00:33:28.810,1,3,Read Holding Registers,1200,5,-1,-1,-1,-1,-1,-1,-1,-1,7813
2026-08-23 00:33:28.831,1,3,Read Holding Registers,2560,0,-1,-1,-1,-1,-1,-1,-1,-1,46628
2026-08-23 00:33:29.270,1,1,Read Coils,25,3,-1,-1,-1,-1,-1,-1,-1,-1,52397
2026-08-23 00:33:29.282,1,1,Read Coils,256,20872,-1,-1,-1,-1,-1,-1,-1,-1,34897
2026-08-23 00:33:29.771,1,2,Read Discrete Inputs,4,12,-1,-1,-1,-1,-1,-1,-1,-1,52793
2026-08-23 00:33:29.783,1,2,Read Discrete Inputs,512,185,-1,-1,-1,-1,-1,-1,-1,-1,47289
2026-08-23 00:33:30.271,1,3,Read Holding Registers,1260,12,-1,-1,-1,-1,-1,-1,-1,-1,2693
2026-08-23 00:33:30.313,1,3,Read Holding Registers,6183,3840,-1,-1,-1,-1,-1,-1,-1,-1,40999
2026-08-23 00:33:30.773,1,4,Read Input Registers,86,3,-1,-1,-1,-1,-1,-1,-1,-1,6992
2026-08-23 00:33:30.785,1,4,Read Input Registers,1537,44288,-1,-1,-1,-1,-1,-1,-1,-1,39628
2026-08-23 00:33:31.274,1,5,Write Single Coil,9012,65280,-1,-1,-1,-1,-1,-1,-1,-1,28870
2026-08-23 00:33:31.286,1,5,Write Single Coil,9012,65280,-1,-1,-1,-1,-1,-1,-1,-1,28870
2026-08-23 00:33:31.490,1,6,Write Single Register,1263,-1,-1,70,70,70,70,13,-1,-1,64824
2026-08-23 00:33:31.502,1,6,Write Single Register,1263,-1,-1,70,70,70,70,13,-1,-1,64824
2026-08-23 00:33:32.275,1,16,Write Multiple Registers,2835,3,6,108,256,249,613,37,-1,-1,42863
2026-08-23 00:33:32.308,1,3,Read Holding Registers,1200,5,-1,-1,-1,-1,-1,-1,-1,-1,7813
2026-08-23 00:33:32.329,1,3,Read Holding Registers,2560,0,-1,-1,-1,-1,-1,-1,-1,-1,46628
2026-08-23 00:33:32.767,1,1,Read Coils,25,3,-1,-1,-1,-1,-1,-1,-1,-1,52397
2026-08-23 00:33:32.779,1,1,Read Coils,256,20872,-1,-1,-1,-1,-1,-1,-1,-1,34897
2026-08-23 00:33:33.268,1,2,Read Discrete Inputs,4,12,-1,-1,-1,-1,-1,-1,-1,-1,52793
2026-08-23 00:33:33.279,1,2,Read Discrete Inputs,512,185,-1,-1,-1,-1,-1,-1,-1,-1,47289
2026-08-23 00:33:33.769,1,3,Read Holding Registers,1260,12,-1,-1,-1,-1,-1,-1,-1,-1,2693
2026-08-23 00:33:33.811,1,3,Read Holding Registers,6183,3840,-1,-1,-1,-1,-1,-1,-1,-1,41954
2026-08-23 00:33:34.270,1,4,Read Input Registers,86,3,-1,-1,-1,-1,-1,-1,-1,-1,6992
2026-08-23 00:33:34.291,1,4,Read Input Registers,1537,64256,-1,-1,-1,-1,-1,-1,-1,-1,38532
2026-08-23 00:33:35.268,1,6,Write Single Register,321,-1,-1,28,28,28,28,13,-1,-1,60377
2026-08-23 00:33:35.279,1,6,Write Single Register,321,-1,-1,28,28,28,28,13,-1,-1,60377
2026-08-23 00:33:35.779,1,16,Write Multiple Registers,2835,3,6,114,241,202,557,35,-1,-1,45515
2026-08-23 00:33:35.801,1,3,Read Holding Registers,1200,5,-1,-1,-1,-1,-1,-1,-1,-1,7813
2026-08-23 00:33:35.823,1,3,Read Holding Registers,2560,0,-1,-1,-1,-1,-1,-1,-1,-1,46628
2026-08-23 00:33:36.271,1,1,Read Coils,25,3,-1,-1,-1,-1,-1,-1,-1,-1,52397
2026-08-23 00:33:36.282,1,1,Read Coils,256,20872,-1,-1,-1,-1,-1,-1,-1,-1,34897
2026-08-23 00:33:36.772,1,2,Read Discrete Inputs,4,12,-1,-1,-1,-1,-1,-1,-1,-1,52793
2026-08-23 00:33:36.783,1,2,Read Discrete Inputs,513,184,-1,-1,-1,-1,-1,-1,-1,-1,10424
2026-08-23 00:33:37.272,1,3,Read Holding Registers,1260,12,-1,-1,-1,-1,-1,-1,-1,-1,2693
2026-08-23 00:33:37.304,1,3,Read Holding Registers,6183,3840,-1,-1,-1,-1,-1,-1,-1,-1,41954
2026-08-23 00:33:37.773,1,4,Read Input Registers,86,3,-1,-1,-1,-1,-1,-1,-1,-1,6992
2026-08-23 00:33:37.785,1,4,Read Input Registers,1537,31744,-1,-1,-1,-1,-1,-1,-1,-1,34864
2026-08-23 00:33:38.274,1,5,Write Single Coil,9012,0,-1,-1,-1,-1,-1,-1,-1,-1,32903
2026-08-23 00:33:38.286,1,5,Write Single Coil,9012,0,-1,-1,-1,-1,-1,-1,-1,-1,32903
2026-08-23 00:33:39.283,1,16,Write Multiple Registers,2835,3,6,109,253,220,582,31,-1,-1,45491
2026-08-23 00:33:39.306,1,3,Read Holding Registers,1200,5,-1,-1,-1,-1,-1,-1,-1,-1,7813
2026-08-23 00:33:39.327,1,3,Read Holding Registers,2560,0,-1,-1,-1,-1,-1,-1,-1,-1,46628
2026-08-23 00:33:39.775,1,1,Read Coils,25,3,-1,-1,-1,-1,-1,-1,-1,-1,52397
2026-08-23 00:33:39.787,1,1,Read Coils,256,20872,-1,-1,-1,-1,-1,-1,-1,-1,34897
2026-08-23 00:33:40.266,1,2,Read Discrete Inputs,4,12,-1,-1,-1,-1,-1,-1,-1,-1,52793
2026-08-23 00:33:40.288,1,2,Read Discrete Inputs,512,185,-1,-1,-1,-1,-1,-1,-1,-1,47289
2026-08-23 00:33:40.767,1,3,Read Holding Registers,1260,12,-1,-1,-1,-1,-1,-1,-1,-1,2693
2026-08-23 00:33:40.809,1,3,Read Holding Registers,6183,3840,-1,-1,-1,-1,-1,-1,-1,-1,41954
2026-08-23 00:33:41.267,1,4,Read Input Registers,86,3,-1,-1,-1,-1,-1,-1,-1,-1,6992
2026-08-23 00:33:41.288,1,4,Read Input Registers,1538,42240,-1,-1,-1,-1,-1,-1,-1,-1,26669
2026-08-23 00:33:42.783,1,16,Write Multiple Registers,2835,3,6,114,258,248,620,37,-1,-1,41139
2026-08-23 00:33:42.806,1,3,Read Holding Registers,1200,5,-1,-1,-1,-1,-1,-1,-1,-1,7813
2026-08-23 00:33:42.827,1,3,Read Holding Registers,2560,0,-1,-1,-1,-1,-1,-1,-1,-1,46628
2026-08-23 00:33:43.275,1,1,Read Coils,25,3,-1,-1,-1,-1,-1,-1,-1,-1,52397
2026-08-23 00:33:43.287,1,1,Read Coils,256,20872,-1,-1,-1,-1,-1,-1,-1,-1,34897
2026-08-23 00:33:43.766,1,2,Read Discrete Inputs,4,12,-1,-1,-1,-1,-1,-1,-1,-1,52793
2026-08-23 00:33:43.778,1,2,Read Discrete Inputs,512,185,-1,-1,-1,-1,-1,-1,-1,-1,47289
2026-08-23 00:33:44.267,1,3,Read Holding Registers,1260,12,-1,-1,-1,-1,-1,-1,-1,-1,2693
2026-08-23 00:33:44.309,1,3,Read Holding Registers,6183,3840,-1,-1,-1,-1,-1,-1,-1,-1,41954
2026-08-23 00:33:44.768,1,4,Read Input Registers,86,3,-1,-1,-1,-1,-1,-1,-1,-1,6992
2026-08-23 00:33:44.790,1,4,Read Input Registers,1539,6656,-1,-1,-1,-1,-1,-1,-1,-1,25145
2026-08-23 00:33:44.822,1,6,Write Single Register,1277,-1,-1,1758,1758,1758,1758,8,-1,-1,62106
2026-08-23 00:33:44.833,1,6,Write Single Register,1277,-1,-1,1758,1758,1758,1758,8,-1,-1,62106
2026-08-23 00:33:45.769,1,6,Write Single Register,321,-1,-1,38,38,38,38,13,-1,-1,63577
2026-08-23 00:33:45.781,1,6,Write Single Register,321,-1,-1,38,38,38,38,13,-1,-1,63577
2026-08-23 00:33:46.280,1,16,Write Multiple Registers,2835,3,6,105,245,244,594,33,-1,-1,45203
2026-08-23 00:33:46.302,1,3,Read Holding Registers,1200,5,-1,-1,-1,-1,-1,-1,-1,-1,7813
2026-08-23 00:33:46.324,1,3,Read Holding Registers,2560,0,-1,-1,-1,-1,-1,-1,-1,-1,46628
2026-08-23 00:33:46.773,1,1,Read Coils,25,3,-1,-1,-1,-1,-1,-1,-1,-1,52397
2026-08-23 00:33:46.785,1,1,Read Coils,256,20872,-1,-1,-1,-1,-1,-1,-1,-1,34897
2026-08-23 00:33:47.274,1,2,Read Discrete Inputs,4,12,-1,-1,-1,-1,-1,-1,-1,-1,52793
2026-08-23 00:33:47.286,1,2,Read Discrete Inputs,513,184,-1,-1,-1,-1,-1,-1,-1,-1,10424
2026-08-23 00:33:47.776,1,3,Read Holding Registers,1260,12,-1,-1,-1,-1,-1,-1,-1,-1,2693
2026-08-23 00:33:47.808,1,3,Read Holding Registers,6183,3840,-1,-1,-1,-1,-1,-1,-1,-1,41954
2026-08-23 00:33:48.268,1,4,Read Input Registers,86,3,-1,-1,-1,-1,-1,-1,-1,-1,6992
2026-08-23 00:33:48.289,1,4,Read Input Registers,1536,39936,-1,-1,-1,-1,-1,-1,-1,-1,36784
2026-08-23 00:33:49.776,1,16,Write Multiple Registers,2835,3,6,119,246,238,603,30,-1,-1,30186
2026-08-23 00:33:49.810,1,3,Read Holding Registers,1200,5,-1,-1,-1,-1,-1,-1,-1,-1,7813
2026-08-23 00:33:49.831,1,3,Read Holding Registers,2560,0,-1,-1,-1,-1,-1,-1,-1,-1,46628
2026-08-23 00:33:50.271,1,1,Read Coils,25,3,-1,-1,-1,-1,-1,-1,-1,-1,52397
2026-08-23 00:33:50.282,1,1,Read Coils,256,20872,-1,-1,-1,-1,-1,-1,-1,-1,34897
2026-08-23 00:33:50.773,1,2,Read Discrete Inputs,4,12,-1,-1,-1,-1,-1,-1,-1,-1,52793
2026-08-23 00:33:50.785,1,2,Read Discrete Inputs,513,184,-1,-1,-1,-1,-1,-1,-1,-1,10424
2026-08-23 00:33:51.274,1,3,Read Holding Registers,1260,12,-1,-1,-1,-1,-1,-1,-1,-1,2693
2026-08-23 00:33:51.306,1,3,Read Holding Registers,6183,3840,-1,-1,-1,-1,-1,-1,-1,-1,41954
2026-08-23 00:33:51.776,1,4,Read Input Registers,86,3,-1,-1,-1,-1,-1,-1,-1,-1,6992
2026-08-23 00:33:51.788,1,4,Read Input Registers,1537,51712,-1,-1,-1,-1,-1,-1,-1,-1,21241
2026-08-23 00:33:53.284,1,16,Write Multiple Registers,2835,3,6,109,259,229,597,35,-1,-1,42159
2026-08-23 00:33:53.306,1,3,Read Holding Registers,1200,5,-1,-1,-1,-1,-1,-1,-1,-1,7813
2026-08-23 00:33:53.328,1,3,Read Holding Registers,2560,0,-1,-1,-1,-1,-1,-1,-1,-1,46628
2026-08-23 00:33:53.776,1,1,Read Coils,25,3,-1,-1,-1,-1,-1,-1,-1,-1,52397
2026-08-23 00:33:53.787,1,1,Read Coils,256,20872,-1,-1,-1,-1,-1,-1,-1,-1,34897
2026-08-23 00:33:54.276,1,2,Read Discrete Inputs,4,12,-1,-1,-1,-1,-1,-1,-1,-1,52793
2026-08-23 00:33:54.287,1,2,Read Discrete Inputs,513,184,-1,-1,-1,-1,-1,-1,-1,-1,10424
2026-08-23 00:33:54.776,1,3,Read Holding Registers,1260,12,-1,-1,-1,-1,-1,-1,-1,-1,2693
2026-08-23 00:33:54.808,1,3,Read Holding Registers,6183,3840,-1,-1,-1,-1,-1,-1,-1,-1,41954
2026-08-23 00:33:55.267,1,4,Read Input Registers,86,3,-1,-1,-1,-1,-1,-1,-1,-1,6992
2026-08-23 00:33:55.288,1,4,Read Input Registers,1538,5376,-1,-1,-1,-1,-1,-1,-1,-1,45676
2026-08-23 00:33:56.782,1,16,Write Multiple Registers,2835,3,6,119,242,225,586,33,-1,-1,47039
2026-08-23 00:33:56.805,1,3,Read Holding Registers,1200,5,-1,-1,-1,-1,-1,-1,-1,-1,7813
2026-08-23 00:33:56.826,1,3,Read Holding Registers,2560,0,-1,-1,-1,-1,-1,-1,-1,-1,46628
2026-08-23 00:33:57.275,1,1,Read Coils,25,3,-1,-1,-1,-1,-1,-1,-1,-1,52397
2026-08-23 00:33:57.286,1,1,Read Coils,256,20872,-1,-1,-1,-1,-1,-1,-1,-1,34897
2026-08-23 00:33:57.776,1,2,Read Discrete Inputs,4,12,-1,-1,-1,-1,-1,-1,-1,-1,52793
2026-08-23 00:33:57.788,1,2,Read Discrete Inputs,512,185,-1,-1,-1,-1,-1,-1,-1,-1,47289
2026-08-23 00:33:58.267,1,3,Read Holding Registers,1260,12,-1,-1,-1,-1,-1,-1,-1,-1,2693
2026-08-23 00:33:58.310,1,3,Read Holding Registers,6183,3840,-1,-1,-1,-1,-1,-1,-1,-1,41954
2026-08-23 00:33:58.331,1,6,Write Single Register,1276,-1,-1,1556,1556,1556,1556,12,-1,-1,25931
2026-08-23 00:33:58.343,1,6,Write Single Register,1276,-1,-1,1556,1556,1556,1556,12,-1,-1,25931
2026-08-23 00:33:58.772,1,4,Read Input Registers,86,3,-1,-1,-1,-1,-1,-1,-1,-1,6992
2026-08-23 00:33:58.784,1,4,Read Input Registers,1537,63232,-1,-1,-1,-1,-1,-1,-1,-1,38804
2026-08-23 00:33:59.770,1,6,Write Single Register,321,-1,-1,32,32,32,32,15,-1,-1,64217
2026-08-23 00:33:59.782,1,6,Write Single Register,321,-1,-1,32,32,32,32,15,-1,-1,64217
2026-08-23 00:34:00.281,1,16,Write Multiple Registers,2835,3,6,102,252,220,574,33,-1,-1,45827
2026-08-23 00:34:00.303,1,3,Read Holding Registers,1200,5,-1,-1,-1,-1,-1,-1,-1,-1,7813
2026-08-23 00:34:00.324,1,3,Read Holding Registers,2560,0,-1,-1,-1,-1,-1,-1,-1,-1,46628
2026-08-23 00:34:00.773,1,1,Read Coils,25,3,-1,-1,-1,-1,-1,-1,-1,-1,52397
2026-08-23 00:34:00.784,1,1,Read Coils,256,20872,-1,-1,-1,-1,-1,-1,-1,-1,34897
2026-08-23 00:34:01.273,1,2,Read Discrete Inputs,4,12,-1,-1,-1,-1,-1,-1,-1,-1,52793
2026-08-23 00:34:01.285,1,2,Read Discrete Inputs,512,185,-1,-1,-1,-1,-1,-1,-1,-1,47289
2026-08-23 00:34:01.775,1,3,Read Holding Registers,1260,12,-1,-1,-1,-1,-1,-1,-1,-1,2693
2026-08-23 00:34:01.808,1,3,Read Holding Registers,6183,3840,-1,-1,-1,-1,-1,-1,-1,-1,41954
2026-08-23 00:34:02.267,1,4,Read Input Registers,86,3,-1,-1,-1,-1,-1,-1,-1,-1,6992
2026-08-23 00:34:02.289,1,4,Read Input Registers,1539,3072,-1,-1,-1,-1,-1,-1,-1,-1,41328
2026-08-23 00:34:02.769,1,5,Write Single Coil,9012,0,-1,-1,-1,-1,-1,-1,-1,-1,32903
2026-08-23 00:34:02.780,1,5,Write Single Coil,9012,0,-1,-1,-1,-1,-1,-1,-1,-1,32903
2026-08-23 00:34:03.270,1,6,Write Single Register,321,-1,-1,13,13,13,13,13,-1,-1,59161
2026-08-23 00:34:03.282,1,6,Write Single Register,321,-1,-1,13,13,13,13,13,-1,-1,59161
2026-08-23 00:34:03.782,1,16,Write Multiple Registers,2835,3,6,113,252,242,607,33,-1,-1,45403
2026-08-23 00:34:03.805,1,3,Read Holding Registers,1200,5,-1,-1,-1,-1,-1,-1,-1,-1,7813
2026-08-23 00:34:03.826,1,3,Read Holding Registers,2560,0,-1,-1,-1,-1,-1,-1,-1,-1,46628
2026-08-23 00:34:04.275,1,1,Read Coils,25,3,-1,-1,-1,-1,-1,-1,-1,-1,52397
2026-08-23 00:34:04.286,1,1,Read Coils,256,20872,-1,-1,-1,-1,-1,-1,-1,-1,34897
2026-08-23 00:34:04.767,1,2,Read Discrete Inputs,4,12,-1,-1,-1,-1,-1,-1,-1,-1,52793
2026-08-23 00:34:04.788,1,2,Read Discrete Inputs,513,184,-1,-1,-1,-1,-1,-1,-1,-1,10424
2026-08-23 00:34:05.267,1,3,Read Holding Registers,1260,12,-1,-1,-1,-1,-1,-1,-1,-1,2693
2026-08-23 00:34:05.309,1,3,Read Holding Registers,6183,3840,-1,-1,-1,-1,-1,-1,-1,-1,41954
2026-08-23 00:34:05.769,1,4,Read Input Registers,86,3,-1,-1,-1,-1,-1,-1,-1,-1,6992
2026-08-23 00:34:05.790,1,4,Read Input Registers,1539,8448,-1,-1,-1,-1,-1,-1,-1,-1,42972
2026-08-23 00:34:06.270,1,5,Write Single Coil,9012,0,-1,-1,-1,-1,-1,-1,-1,-1,32903
2026-08-23 00:34:06.281,1,5,Write Single Coil,9012,0,-1,-1,-1,-1,-1,-1,-1,-1,32903
2026-08-23 00:34:07.279,1,16,Write Multiple Registers,2835,3,6,118,253,222,593,30,-1,-1,30394
2026-08-23 00:34:07.302,1,3,Read Holding Registers,1200,5,-1,-1,-1,-1,-1,-1,-1,-1,7813
2026-08-23 00:34:07.324,1,3,Read Holding Registers,2560,0,-1,-1,-1,-1,-1,-1,-1,-1,46628
2026-08-23 00:34:07.773,1,1,Read Coils,25,3,-1,-1,-1,-1,-1,-1,-1,-1,52397
2026-08-23 00:34:07.785,1,1,Read Coils,256,20872,-1,-1,-1,-1,-1,-1,-1,-1,34897
2026-08-23 00:34:08.274,1,2,Read Discrete Inputs,4,12,-1,-1,-1,-1,-1,-1,-1,-1,52793
2026-08-23 00:34:08.285,1,2,Read Discrete Inputs,512,185,-1,-1,-1,-1,-1,-1,-1,-1,47289
2026-08-23 00:34:08.775,1,3,Read Holding Registers,1260,12,-1,-1,-1,-1,-1,-1,-1,-1,2693
2026-08-23 00:34:08.807,1,3,Read Holding Registers,6183,3840,-1,-1,-1,-1,-1,-1,-1,-1,41954
2026-08-23 00:34:09.267,1,4,Read Input Registers,86,3,-1,-1,-1,-1,-1,-1,-1,-1,6992
2026-08-23 00:34:09.289,1,4,Read Input Registers,1538,32256,-1,-1,-1,-1,-1,-1,-1,-1,31561
2026-08-23 00:34:09.769,1,5,Write Single Coil,9012,65280,-1,-1,-1,-1,-1,-1,-1,-1,28870
2026-08-23 00:34:09.781,1,5,Write Single Coil,9012,65280,-1,-1,-1,-1,-1,-1,-1,-1,28870
2026-08-23 00:34:10.779,1,16,Write Multiple Registers,2835,3,6,101,251,231,583,31,-1,-1,46167
2026-08-23 00:34:10.801,1,3,Read Holding Registers,1200,5,-1,-1,-1,-1,-1,-1,-1,-1,7813
2026-08-23 00:34:10.823,1,3,Read Holding Registers,2560,0,-1,-1,-1,-1,-1,-1,-1,-1,46628
2026-08-23 00:34:11.027,1,6,Write Single Register,1270,-1,-1,625,625,625,625,11,-1,-1,36009
2026-08-23 00:34:11.039,1,6,Write Single Register,1270,-1,-1,625,625,625,625,11,-1,-1,36009
2026-08-23 00:34:11.274,1,1,Read Coils,25,3,-1,-1,-1,-1,-1,-1,-1,-1,52397
2026-08-23 00:34:11.286,1,1,Read Coils,256,20872,-1,-1,-1,-1,-1,-1,-1,-1,34897
2026-08-23 00:34:11.776,1,2,Read Discrete Inputs,4,12,-1,-1,-1,-1,-1,-1,-1,-1,52793
2026-08-23 00:34:11.788,1,2,Read Discrete Inputs,513,184,-1,-1,-1,-1,-1,-1,-1,-1,10424
2026-08-23 00:34:12.267,1,3,Read Holding Registers,1260,12,-1,-1,-1,-1,-1,-1,-1,-1,2693
2026-08-23 00:34:12.310,1,3,Read Holding Registers,6183,3840,-1,-1,-1,-1,-1,-1,-1,-1,26371
2026-08-23 00:34:12.769,1,4,Read Input Registers,86,3,-1,-1,-1,-1,-1,-1,-1,-1,6992
2026-08-23 00:34:12.791,1,4,Read Input Registers,1536,55296,-1,-1,-1,-1,-1,-1,-1,-1,32832
2026-08-23 00:34:13.768,1,6,Write Single Register,321,-1,-1,26,26,26,26,13,-1,-1,59737
2026-08-23 00:34:13.790,1,6,Write Single Register,321,-1,-1,26,26,26,26,13,-1,-1,59737
2026-08-23 00:34:14.280,1,16,Write Multiple Registers,2835,3,6,110,245,229,584,32,-1,-1,29406
2026-08-23 00:34:14.302,1,3,Read Holding Registers,1200,5,-1,-1,-1,-1,-1,-1,-1,-1,7813
2026-08-23 00:34:14.324,1,3,Read Holding Registers,2560,0,-1,-1,-1,-1,-1,-1,-1,-1,46628
2026-08-23 00:34:14.772,1,1,Read Coils,25,3,-1,-1,-1,-1,-1,-1,-1,-1,52397
2026-08-23 00:34:14.784,1,1,Read Coils,256,20872,-1,-1,-1,-1,-1,-1,-1,-1,34897
2026-08-23 00:34:15.273,1,2,Read Discrete Inputs,4,12,-1,-1,-1,-1,-1,-1,-1,-1,52793
2026-08-23 00:34:15.284,1,2,Read Discrete Inputs,513,184,-1,-1,-1,-1,-1,-1,-1,-1,10424
2026-08-23 00:34:15.776,1,3,Read Holding Registers,1260,12,-1,-1,-1,-1,-1,-1,-1,-1,2693
2026-08-23 00:34:15.809,1,3,Read Holding Registers,6183,3840,-1,-1,-1,-1,-1,-1,-1,-1,26371
2026-08-23 00:34:16.267,1,4,Read Input Registers,86,3,-1,-1,-1,-1,-1,-1,-1,-1,6992
2026-08-23 00:34:16.288,1,4,Read Input Registers,1538,28928,-1,-1,-1,-1,-1,-1,-1,-1,31261
2026-08-23 00:34:17.782,1,16,Write Multiple Registers,2835,3,6,110,257,246,613,35,-1,-1,42587
2026-08-23 00:34:17.805,1,3,Read Holding Registers,1200,5,-1,-1,-1,-1,-1,-1,-1,-1,7813
2026-08-23 00:34:17.826,1,3,Read Holding Registers,2560,0,-1,-1,-1,-1,-1,-1,-1,-1,46628
2026-08-23 00:34:17.878,1,6,Write Single Register,1271,-1,-1,747,747,747,747,9,-1,-1,10104
2026-08-23 00:34:17.889,1,6,Write Single Register,1271,-1,-1,747,747,747,747,9,-1,-1,10104
2026-08-23 00:34:18.266,1,1,Read Coils,25,3,-1,-1,-1,-1,-1,-1,-1,-1,52397
2026-08-23 00:34:18.278,1,1,Read Coils,256,20872,-1,-1,-1,-1,-1,-1,-1,-1,34897
2026-08-23 00:34:18.767,1,2,Read Discrete Inputs,4,12,-1,-1,-1,-1,-1,-1,-1,-1,52793
2026-08-23 00:34:18.779,1,2,Read Discrete Inputs,512,185,-1,-1,-1,-1,-1,-1,-1,-1,47289
2026-08-23 00:34:19.268,1,3,Read Holding Registers,1260,12,-1,-1,-1,-1,-1,-1,-1,-1,2693
2026-08-23 00:34:19.311,1,3,Read Holding Registers,6183,3840,-1,-1,-1,-1,-1,-1,-1,-1,42946
2026-08-23 00:34:19.769,1,4,Read Input Registers,86,3,-1,-1,-1,-1,-1,-1,-1,-1,6992
2026-08-23 00:34:19.791,1,4,Read Input Registers,1537,48384,-1,-1,-1,-1,-1,-1,-1,-1,22797
2026-08-23 00:34:21.277,1,16,Write Multiple Registers,2835,3,6,102,249,233,584,33,-1,-1,46159
2026-08-23 00:34:21.310,1,3,Read Holding Registers,1200,5,-1,-1,-1,-1,-1,-1,-1,-1,7813
2026-08-23 00:34:21.332,1,3,Read Holding Registers,2560,0,-1,-1,-1,-1,-1,-1,-1,-1,46628
2026-08-23 00:34:21.771,1,1,Read Coils,25,3,-1,-1,-1,-1,-1,-1,-1,-1,52397
2026-08-23 00:34:21.783,1,1,Read Coils,256,20872,-1,-1,-1,-1,-1,-1,-1,-1,34897
2026-08-23 00:34:22.272,1,2,Read Discrete Inputs,4,12,-1,-1,-1,-1,-1,-1,-1,-1,52793
2026-08-23 00:34:22.283,1,2,Read Discrete Inputs,513,184,-1,-1,-1,-1,-1,-1,-1,-1,10424
2026-08-23 00:34:22.773,1,3,Read Holding Registers,1260,12,-1,-1,-1,-1,-1,-1,-1,-1,2693
2026-08-23 00:34:22.805,1,3,Read Holding Registers,6183,3840,-1,-1,-1,-1,-1,-1,-1,-1,42946
2026-08-23 00:34:23.274,1,4,Read Input Registers,86,3,-1,-1,-1,-1,-1,-1,-1,-1,6992
2026-08-23 00:34:23.286,1,4,Read Input Registers,1537,20480,-1,-1,-1,-1,-1,-1,-1,-1,20129
2026-08-23 00:34:23.378,1,6,Write Single Register,1277,-1,-1,1758,1758,1758,1758,8,-1,-1,62106
2026-08-23 00:34:23.400,1,6,Write Single Register,1277,-1,-1,1758,1758,1758,1758,8,-1,-1,62106
2026-08-23 00:34:24.784,1,16,Write Multiple Registers,2835,3,6,105,254,216,575,33,-1,-1,45379
2026-08-23 00:34:24.806,1,3,Read Holding Registers,1200,5,-1,-1,-1,-1,-1,-1,-1,-1,7813
2026-08-23 00:34:24.828,1,3,Read Holding Registers,2560,0,-1,-1,-1,-1,-1,-1,-1,-1,46628
2026-08-23 00:34:25.266,1,1,Read Coils,25,3,-1,-1,-1,-1,-1,-1,-1,-1,52397
2026-08-23 00:34:25.289,1,1,Read Coils,256,20872,-1,-1,-1,-1,-1,-1,-1,-1,34897
2026-08-23 00:34:25.768,1,2,Read Discrete Inputs,4,12,-1,-1,-1,-1,-1,-1,-1,-1,52793
2026-08-23 00:34:25.780,1,2,Read Discrete Inputs,513,184,-1,-1,-1,-1,-1,-1,-1,-1,10424
2026-08-23 00:34:26.272,1,3,Read Holding Registers,1260,12,-1,-1,-1,-1,-1,-1,-1,-1,2693
2026-08-23 00:34:26.315,1,3,Read Holding Registers,6183,3840,-1,-1,-1,-1,-1,-1,-1,-1,42946
2026-08-23 00:34:26.775,1,4,Read Input Registers,86,3,-1,-1,-1,-1,-1,-1,-1,-1,6992
2026-08-23 00:34:26.786,1,4,Read Input Registers,1537,57600,-1,-1,-1,-1,-1,-1,-1,-1,21725
2026-08-23 00:34:27.772,1,6,Write Single Register,321,-1,-1,37,37,37,37,13,-1,-1,63769
2026-08-23 00:34:27.783,1,6,Write Single Register,321,-1,-1,37,37,37,37,13,-1,-1,63769
2026-08-23 00:34:28.277,1,16,Write Multiple Registers,2835,3,6,101,241,214,556,34,-1,-1,30634
2026-08-23 00:34:28.310,1,3,Read Holding Registers,1200,5,-1,-1,-1,-1,-1,-1,-1,-1,7813
2026-08-23 00:34:28.331,1,3,Read Holding Registers,2560,0,-1,-1,-1,-1,-1,-1,-1,-1,46628
2026-08-23 00:34:28.777,1,1,Read Coils,25,3,-1,-1,-1,-1,-1,-1,-1,-1,52397
2026-08-23 00:34:28.789,1,1,Read Coils,256,20872,-1,-1,-1,-1,-1,-1,-1,-1,34897
2026-08-23 00:34:29.269,1,2,Read Discrete Inputs,4,12,-1,-1,-1,-1,-1,-1,-1,-1,52793
2026-08-23 00:34:29.280,1,2,Read Discrete Inputs,513,184,-1,-1,-1,-1,-1,-1,-1,-1,10424
2026-08-23 00:34:29.777,1,3,Read Holding Registers,1260,12,-1,-1,-1,-1,-1,-1,-1,-1,2693
2026-08-23 00:34:29.810,1,3,Read Holding Registers,6183,3840,-1,-1,-1,-1,-1,-1,-1,-1,42946
2026-08-23 00:34:30.279,1,4,Read Input Registers,86,3,-1,-1,-1,-1,-1,-1,-1,-1,6992
2026-08-23 00:34:30.291,1,4,Read Input Registers,1537,35584,-1,-1,-1,-1,-1,-1,-1,-1,24005
2026-08-23 00:34:30.839,1,6,Write Single Register,1278,-1,-1,1960,1960,1960,1960,10,-1,-1,34026
2026-08-23 00:34:30.850,1,6,Write Single Register,1278,-1,-1,1960,1960,1960,1960,10,-1,-1,34026
2026-08-23 00:34:31.270,1,6,Write Single Register,321,-1,-1,44,44,44,44,13,-1,-1,65497
2026-08-23 00:34:31.282,1,6,Write Single Register,321,-1,-1,44,44,44,44,13,-1,-1,65497
2026-08-23 00:34:31.784,1,16,Write Multiple Registers,2835,3,6,116,250,218,584,33,-1,-1,46251
2026-08-23 00:34:31.806,1,3,Read Holding Registers,1200,5,-1,-1,-1,-1,-1,-1,-1,-1,7813
2026-08-23 00:34:31.827,1,3,Read Holding Registers,2560,0,-1,-1,-1,-1,-1,-1,-1,-1,46628
2026-08-23 00:34:32.269,1,1,Read Coils,25,3,-1,-1,-1,-1,-1,-1,-1,-1,52397
2026-08-23 00:34:32.280,1,1,Read Coils,256,20872,-1,-1,-1,-1,-1,-1,-1,-1,34897
2026-08-23 00:34:32.773,1,2,Read Discrete Inputs,4,12,-1,-1,-1,-1,-1,-1,-1,-1,52793
2026-08-23 00:34:32.784,1,2,Read Discrete Inputs,513,184,-1,-1,-1,-1,-1,-1,-1,-1,10424
2026-08-23 00:34:33.276,1,3,Read Holding Registers,1260,12,-1,-1,-1,-1,-1,-1,-1,-1,2693
2026-08-23 00:34:33.308,1,3,Read Holding Registers,6183,3840,-1,-1,-1,-1,-1,-1,-1,-1,42946
2026-08-23 00:34:33.769,1,4,Read Input Registers,86,3,-1,-1,-1,-1,-1,-1,-1,-1,6992
2026-08-23 00:34:33.791,1,4,Read Input Registers,1537,23808,-1,-1,-1,-1,-1,-1,-1,-1,36748
2026-08-23 00:34:34.771,1,6,Write Single Register,321,-1,-1,48,48,48,48,14,-1,-1,14040
2026-08-23 00:34:34.782,1,6,Write Single Register,321,-1,-1,48,48,48,48,14,-1,-1,14040
2026-08-23 00:34:35.281,1,16,Write Multiple Registers,2835,3,6,112,240,228,580,37,-1,-1,46915
2026-08-23 00:34:35.305,1,3,Read Holding Registers,1200,5,-1,-1,-1,-1,-1,-1,-1,-1,7813
2026-08-23 00:34:35.326,1,3,Read Holding Registers,2560,0,-1,-1,-1,-1,-1,-1,-1,-1,46628
2026-08-23 00:34:35.775,1,1,Read Coils,25,3,-1,-1,-1,-1,-1,-1,-1,-1,52397
2026-08-23 00:34:35.787,1,1,Read Coils,256,20872,-1,-1,-1,-1,-1,-1,-1,-1,34897
2026-08-23 00:34:36.267,1,2,Read Discrete Inputs,4,12,-1,-1,-1,-1,-1,-1,-1,-1,52793
2026-08-23 00:34:36.289,1,2,Read Discrete Inputs,513,184,-1,-1,-1,-1,-1,-1,-1,-1,10424
2026-08-23 00:34:36.768,1,3,Read Holding Registers,1260,12,-1,-1,-1,-1,-1,-1,-1,-1,2693
2026-08-23 00:34:36.810,1,3,Read Holding Registers,6183,3840,-1,-1,-1,-1,-1,-1,-1,-1,42946
2026-08-23 00:34:37.269,1,4,Read Input Registers,86,3,-1,-1,-1,-1,-1,-1,-1,-1,6992
2026-08-23 00:34:37.291,1,4,Read Input Registers,1536,32768,-1,-1,-1,-1,-1,-1,-1,-1,19809
2026-08-23 00:34:38.776,1,16,Write Multiple Registers,2835,3,6,103,258,227,588,36,-1,-1,26310
2026-08-23 00:34:38.809,1,3,Read Holding Registers,1200,5,-1,-1,-1,-1,-1,-1,-1,-1,7813
2026-08-23 00:34:38.831,1,3,Read Holding Registers,2560,0,-1,-1,-1,-1,-1,-1,-1,-1,46628
2026-08-23 00:34:39.269,1,1,Read Coils,25,3,-1,-1,-1,-1,-1,-1,-1,-1,52397
2026-08-23 00:34:39.280,1,1,Read Coils,256,20872,-1,-1,-1,-1,-1,-1,-1,-1,34897
2026-08-23 00:34:39.770,1,2,Read Discrete Inputs,4,12,-1,-1,-1,-1,-1,-1,-1,-1,52793
2026-08-23 00:34:39.781,1,2,Read Discrete Inputs,512,185,-1,-1,-1,-1,-1,-1,-1,-1,47289
2026-08-23 00:34:40.271,1,3,Read Holding Registers,1260,12,-1,-1,-1,-1,-1,-1,-1,-1,2693
2026-08-23 00:34:40.313,1,3,Read Holding Registers,6183,3840,-1,-1,-1,-1,-1,-1,-1,-1,42946
2026-08-23 00:34:40.771,1,4,Read Input Registers,86,3,-1,-1,-1,-1,-1,-1,-1,-1,6992
2026-08-23 00:34:40.793,1,4,Read Input Registers,1537,40960,-1,-1,-1,-1,-1,-1,-1,-1,23521
2026-08-23 00:34:41.769,1,6,Write Single Register,321,-1,-1,33,33,33,33,14,-1,-1,14872
2026-08-23 00:34:41.781,1,6,Write Single Register,321,-1,-1,33,33,33,33,14,-1,-1,14872
2026-08-23 00:34:42.279,1,16,Write Multiple Registers,2835,3,6,113,251,240,604,33,-1,-1,45923
2026-08-23 00:34:42.312,1,3,Read Holding Registers,1200,5,-1,-1,-1,-1,-1,-1,-1,-1,7813
2026-08-23 00:34:42.333,1,3,Read Holding Registers,2560,0,-1,-1,-1,-1,-1,-1,-1,-1,46628
2026-08-23 00:34:42.650,1,6,Write Single Register,1267,-1,-1,316,316,316,316,11,-1,-1,18553
2026-08-23 00:34:42.661,1,6,Write Single Register,1267,-1,-1,316,316,316,316,11,-1,-1,18553
2026-08-23 00:34:42.774,1,1,Read Coils,25,3,-1,-1,-1,-1,-1,-1,-1,-1,52397
2026-08-23 00:34:42.785,1,1,Read Coils,256,20872,-1,-1,-1,-1,-1,-1,-1,-1,34897
2026-08-23 00:34:43.274,1,2,Read Discrete Inputs,4,12,-1,-1,-1,-1,-1,-1,-1,-1,52793
2026-08-23 00:34:43.285,1,2,Read Discrete Inputs,513,184,-1,-1,-1,-1,-1,-1,-1,-1,10424
2026-08-23 00:34:43.775,1,3,Read Holding Registers,1260,12,-1,-1,-1,-1,-1,-1,-1,-1,2693
2026-08-23 00:34:43.807,1,3,Read Holding Registers,6183,3840,-1,-1,-1,-1,-1,-1,-1,-1,42946
2026-08-23 00:34:44.276,1,4,Read Input Registers,86,3,-1,-1,-1,-1,-1,-1,-1,-1,6992
2026-08-23 00:34:44.288,1,4,Read Input Registers,1538,50944,-1,-1,-1,-1,-1,-1,-1,-1,41172
2026-08-23 00:34:45.784,1,16,Write Multiple Registers,2835,3,6,106,257,214,577,37,-1,-1,41115
2026-08-23 00:34:45.807,1,3,Read Holding Registers,1200,5,-1,-1,-1,-1,-1,-1,-1,-1,7813
2026-08-23 00:34:45.828,1,3,Read Holding Registers,2560,0,-1,-1,-1,-1,-1,-1,-1,-1,46628
2026-08-23 00:34:46.276,1,1,Read Coils,25,3,-1,-1,-1,-1,-1,-1,-1,-1,52397
2026-08-23 00:34:46.288,1,1,Read Coils,256,20872,-1,-1,-1,-1,-1,-1,-1,-1,34897
2026-08-23 00:34:46.777,1,2,Read Discrete Inputs,4,12,-1,-1,-1,-1,-1,-1,-1,-1,52793
2026-08-23 00:34:46.788,1,2,Read Discrete Inputs,512,185,-1,-1,-1,-1,-1,-1,-1,-1,47289
2026-08-23 00:34:47.277,1,3,Read Holding Registers,1260,12,-1,-1,-1,-1,-1,-1,-1,-1,2693
2026-08-23 00:34:47.309,1,3,Read Holding Registers,6183,3840,-1,-1,-1,-1,-1,-1,-1,-1,42946
2026-08-23 00:34:47.768,1,4,Read Input Registers,86,3,-1,-1,-1,-1,-1,-1,-1,-1,6992
2026-08-23 00:34:47.790,1,4,Read Input Registers,1538,56064,-1,-1,-1,-1,-1,-1,-1,-1,25093
2026-08-23 00:34:49.283,1,16,Write Multiple Registers,2835,3,6,113,246,213,572,33,-1,-1,45551
2026-08-23 00:34:49.306,1,3,Read Holding Registers,1200,5,-1,-1,-1,-1,-1,-1,-1,-1,7813
2026-08-23 00:34:49.328,1,3,Read Holding Registers,2560,0,-1,-1,-1,-1,-1,-1,-1,-1,46628
2026-08-23 00:34:49.776,1,1,Read Coils,25,3,-1,-1,-1,-1,-1,-1,-1,-1,52397
2026-08-23 00:34:49.787,1,1,Read Coils,256,20872,-1,-1,-1,-1,-1,-1,-1,-1,34897
2026-08-23 00:34:50.276,1,2,Read Discrete Inputs,4,12,-1,-1,-1,-1,-1,-1,-1,-1,52793
2026-08-23 00:34:50.288,1,2,Read Discrete Inputs,513,184,-1,-1,-1,-1,-1,-1,-1,-1,10424
2026-08-23 00:34:50.777,1,3,Read Holding Registers,1260,12,-1,-1,-1,-1,-1,-1,-1,-1,2693
2026-08-23 00:34:50.809,1,3,Read Holding Registers,6183,3840,-1,-1,-1,-1,-1,-1,-1,-1,42946
2026-08-23 00:34:51.278,1,4,Read Input Registers,86,3,-1,-1,-1,-1,-1,-1,-1,-1,6992
2026-08-23 00:34:51.289,1,4,Read Input Registers,1537,24576,-1,-1,-1,-1,-1,-1,-1,-1,19169
2026-08-23 00:34:51.320,1,6,Write Single Register,1262,-1,-1,43,43,43,43,12,-1,-1,53416
2026-08-23 00:34:51.332,1,6,Write Single Register,1262,-1,-1,43,43,43,43,12,-1,-1,53416
2026-08-23 00:34:52.786,1,16,Write Multiple Registers,2835,3,6,103,247,230,580,31,-1,-1,45515
2026-08-23 00:34:52.809,1,3,Read Holding Registers,1200,5,-1,-1,-1,-1,-1,-1,-1,-1,7813
2026-08-23 00:34:52.830,1,3,Read Holding Registers,2560,0,-1,-1,-1,-1,-1,-1,-1,-1,46628
2026-08-23 00:34:53.268,1,1,Read Coils,25,3,-1,-1,-1,-1,-1,-1,-1,-1,52397
2026-08-23 00:34:53.280,1,1,Read Coils,256,20872,-1,-1,-1,-1,-1,-1,-1,-1,34897
2026-08-23 00:34:53.769,1,2,Read Discrete Inputs,4,12,-1,-1,-1,-1,-1,-1,-1,-1,52793
2026-08-23 00:34:53.780,1,2,Read Discrete Inputs,512,185,-1,-1,-1,-1,-1,-1,-1,-1,47289
2026-08-23 00:34:54.269,1,3,Read Holding Registers,1260,12,-1,-1,-1,-1,-1,-1,-1,-1,2693
2026-08-23 00:34:54.311,1,3,Read Holding Registers,6183,3840,-1,-1,-1,-1,-1,-1,-1,-1,42946
2026-08-23 00:34:54.771,1,4,Read Input Registers,86,3,-1,-1,-1,-1,-1,-1,-1,-1,6992
2026-08-23 00:34:54.793,1,4,Read Input Registers,1538,54784,-1,-1,-1,-1,-1,-1,-1,-1,41768
2026-08-23 00:34:55.770,1,6,Write Single Register,321,-1,-1,46,46,46,46,12,-1,-1,15960
2026-08-23 00:34:55.782,1,6,Write Single Register,321,-1,-1,46,46,46,46,12,-1,-1,15960
2026-08-23 00:34:56.282,1,16,Write Multiple Registers,2835,3,6,107,248,214,569,33,-1,-1,45579
2026-08-23 00:34:56.305,1,3,Read Holding Registers,1200,5,-1,-1,-1,-1,-1,-1,-1,-1,7813
2026-08-23 00:34:56.327,1,3,Read Holding Registers,2560,0,-1,-1,-1,-1,-1,-1,-1,-1,46628
2026-08-23 00:34:56.777,1,1,Read Coils,25,3,-1,-1,-1,-1,-1,-1,-1,-1,52397
2026-08-23 00:34:56.789,1,1,Read Coils,256,20872,-1,-1,-1,-1,-1,-1,-1,-1,34897
2026-08-23 00:34:57.269,1,2,Read Discrete Inputs,4,12,-1,-1,-1,-1,-1,-1,-1,-1,52793
2026-08-23 00:34:57.280,1,2,Read Discrete Inputs,512,185,-1,-1,-1,-1,-1,-1,-1,-1,47289
2026-08-23 00:34:57.771,1,3,Read Holding Registers,1260,12,-1,-1,-1,-1,-1,-1,-1,-1,2693
2026-08-23 00:34:57.813,1,3,Read Holding Registers,6183,3840,-1,-1,-1,-1,-1,-1,-1,-1,42946
2026-08-23 00:34:58.180,1,6,Write Single Register,1263,-1,-1,79,79,79,79,11,-1,-1,64504
2026-08-23 00:34:58.192,1,6,Write Single Register,1263,-1,-1,79,79,79,79,11,-1,-1,64504
2026-08-23 00:34:58.274,1,4,Read Input Registers,86,3,-1,-1,-1,-1,-1,-1,-1,-1,6992
2026-08-23 00:34:58.296,1,4,Read Input Registers,1539,16128,-1,-1,-1,-1,-1,-1,-1,-1,42356
2026-08-23 00:34:59.782,1,16,Write Multiple Registers,2835,3,6,108,246,236,590,33,-1,-1,45795
2026-08-23 00:34:59.805,1,3,Read Holding Registers,1200,5,-1,-1,-1,-1,-1,-1,-1,-1,7813
2026-08-23 00:34:59.826,1,3,Read Holding Registers,2560,0,-1,-1,-1,-1,-1,-1,-1,-1,46628
2026-08-23 00:35:00.274,1,1,Read Coils,25,3,-1,-1,-1,-1,-1,-1,-1,-1,52397
2026-08-23 00:35:00.286,1,1,Read Coils,256,20872,-1,-1,-1,-1,-1,-1,-1,-1,34897
2026-08-23 00:35:00.775,1,2,Read Discrete Inputs,4,12,-1,-1,-1,-1,-1,-1,-1,-1,52793
2026-08-23 00:35:00.786,1,2,Read Discrete Inputs,512,185,-1,-1,-1,-1,-1,-1,-1,-1,47289
2026-08-23 00:35:01.275,1,3,Read Holding Registers,1260,12,-1,-1,-1,-1,-1,-1,-1,-1,2693
2026-08-23 00:35:01.307,1,3,Read Holding Registers,6183,3840,-1,-1,-1,-1,-1,-1,-1,-1,62740
2026-08-23 00:35:01.776,1,4,Read Input Registers,86,3,-1,-1,-1,-1,-1,-1,-1,-1,6992
2026-08-23 00:35:01.787,1,4,Read Input Registers,1538,57088,-1,-1,-1,-1,-1,-1,-1,-1,41716
2026-08-23 00:35:03.282,1,16,Write Multiple Registers,2835,3,6,119,249,228,596,32,-1,-1,28722
2026-08-23 00:35:03.305,1,3,Read Holding Registers,1200,5,-1,-1,-1,-1,-1,-1,-1,-1,7813
2026-08-23 00:35:03.326,1,3,Read Holding Registers,2560,0,-1,-1,-1,-1,-1,-1,-1,-1,46628
2026-08-23 00:35:03.775,1,1,Read Coils,25,3,-1,-1,-1,-1,-1,-1,-1,-1,52397
2026-08-23 00:35:03.787,1,1,Read Coils,256,20872,-1,-1,-1,-1,-1,-1,-1,-1,34897
2026-08-23 00:35:04.277,1,2,Read Discrete Inputs,4,12,-1,-1,-1,-1,-1,-1,-1,-1,52793
2026-08-23 00:35:04.289,1,2,Read Discrete Inputs,512,185,-1,-1,-1,-1,-1,-1,-1,-1,47289
2026-08-23 00:35:04.769,1,3,Read Holding Registers,1260,12,-1,-1,-1,-1,-1,-1,-1,-1,2693
2026-08-23 00:35:04.812,1,3,Read Holding Registers,6183,3840,-1,-1,-1,-1,-1,-1,-1,-1,62740
2026-08-23 00:35:05.270,1,4,Read Input Registers,86,3,-1,-1,-1,-1,-1,-1,-1,-1,6992
2026-08-23 00:35:05.292,1,4,Read Input Registers,1538,23552,-1,-1,-1,-1,-1,-1,-1,-1,31921
2026-08-23 00:35:05.771,1,5,Write Single Coil,9012,0,-1,-1,-1,-1,-1,-1,-1,-1,32903
2026-08-23 00:35:05.782,1,5,Write Single Coil,9012,0,-1,-1,-1,-1,-1,-1,-1,-1,32903
2026-08-23 00:35:06.780,1,16,Write Multiple Registers,2835,3,6,102,253,205,560,32,-1,-1,28734
2026-08-23 00:35:06.812,1,3,Read Holding Registers,1200,5,-1,-1,-1,-1,-1,-1,-1,-1,7813
2026-08-23 00:35:06.834,1,3,Read Holding Registers,2560,0,-1,-1,-1,-1,-1,-1,-1,-1,46628
2026-08-23 00:35:07.119,1,6,Write Single Register,1279,-1,-1,2183,2183,2183,2183,11,-1,-1,26879
2026-08-23 00:35:07.131,1,6,Write Single Register,1279,-1,-1,2183,2183,2183,2183,11,-1,-1,26879
2026-08-23 00:35:07.274,1,1,Read Coils,25,3,-1,-1,-1,-1,-1,-1,-1,-1,52397
2026-08-23 00:35:07.285,1,1,Read Coils,256,20872,-1,-1,-1,-1,-1,-1,-1,-1,34897
2026-08-23 00:35:07.774,1,2,Read Discrete Inputs,4,12,-1,-1,-1,-1,-1,-1,-1,-1,52793
2026-08-23 00:35:07.785,1,2,Read Discrete Inputs,512,185,-1,-1,-1,-1,-1,-1,-1,-1,47289
2026-08-23 00:35:08.274,1,3,Read Holding Registers,1260,12,-1,-1,-1,-1,-1,-1,-1,-1,2693
2026-08-23 00:35:08.306,1,3,Read Holding Registers,6183,3840,-1,-1,-1,-1,-1,-1,-1,-1,62740
2026-08-23 00:35:08.776,1,4,Read Input Registers,86,3,-1,-1,-1,-1,-1,-1,-1,-1,6992
2026-08-23 00:35:08.788,1,4,Read Input Registers,1537,38912,-1,-1,-1,-1,-1,-1,-1,-1,40512
2026-08-23 00:35:09.776,1,6,Write Single Register,321,-1,-1,11,11,11,11,13,-1,-1,58777
2026-08-23 00:35:09.787,1,6,Write Single Register,321,-1,-1,11,11,11,11,13,-1,-1,58777
2026-08-23 00:35:10.286,1,16,Write Multiple Registers,2835,3,6,109,244,240,593,34,-1,-1,29154
2026-08-23 00:35:10.309,1,3,Read Holding Registers,1200,5,-1,-1,-1,-1,-1,-1,-1,-1,7813
2026-08-23 00:35:10.330,1,3,Read Holding Registers,2560,0,-1,-1,-1,-1,-1,-1,-1,-1,46628
2026-08-23 00:35:10.769,1,1,Read Coils,25,3,-1,-1,-1,-1,-1,-1,-1,-1,52397
2026-08-23 00:35:10.781,1,1,Read Coils,256,20872,-1,-1,-1,-1,-1,-1,-1,-1,34897
2026-08-23 00:35:11.271,1,2,Read Discrete Inputs,4,12,-1,-1,-1,-1,-1,-1,-1,-1,52793
2026-08-23 00:35:11.282,1,2,Read Discrete Inputs,513,184,-1,-1,-1,-1,-1,-1,-1,-1,10424
2026-08-23 00:35:11.772,1,3,Read Holding Registers,1260,12,-1,-1,-1,-1,-1,-1,-1,-1,2693
2026-08-23 00:35:11.815,1,3,Read Holding Registers,6183,3840,-1,-1,-1,-1,-1,-1,-1,-1,62740
2026-08-23 00:35:12.274,1,4,Read Input Registers,86,3,-1,-1,-1,-1,-1,-1,-1,-1,6992
2026-08-23 00:35:12.286,1,4,Read Input Registers,1539,33536,-1,-1,-1,-1,-1,-1,-1,-1,32293
2026-08-23 00:35:13.781,1,16,Write Multiple Registers,2835,3,6,100,243,231,574,33,-1,-1,45575
2026-08-23 00:35:13.804,1,3,Read Holding Registers,1200,5,-1,-1,-1,-1,-1,-1,-1,-1,7813
2026-08-23 00:35:13.825,1,3,Read Holding Registers,2560,0,-1,-1,-1,-1,-1,-1,-1,-1,46628
2026-08-23 00:35:14.274,1,1,Read Coils,25,3,-1,-1,-1,-1,-1,-1,-1,-1,52397
2026-08-23 00:35:14.285,1,1,Read Coils,256,20872,-1,-1,-1,-1,-1,-1,-1,-1,34897
2026-08-23 00:35:14.775,1,2,Read Discrete Inputs,4,12,-1,-1,-1,-1,-1,-1,-1,-1,52793
2026-08-23 00:35:14.786,1,2,Read Discrete Inputs,513,184,-1,-1,-1,-1,-1,-1,-1,-1,10424
2026-08-23 00:35:15.275,1,3,Read Holding Registers,1260,12,-1,-1,-1,-1,-1,-1,-1,-1,2693
2026-08-23 00:35:15.307,1,3,Read Holding Registers,6183,3840,-1,-1,-1,-1,-1,-1,-1,-1,62740
2026-08-23 00:35:15.776,1,4,Read Input Registers,86,3,-1,-1,-1,-1,-1,-1,-1,-1,6992
2026-08-23 00:35:15.787,1,4,Read Input Registers,1536,35840,-1,-1,-1,-1,-1,-1,-1,-1,19569
2026-08-23 00:35:17.282,1,16,Write Multiple Registers,2835,3,6,114,241,232,587,35,-1,-1,46643
2026-08-23 00:35:17.304,1,3,Read Holding Registers,1200,5,-1,-1,-1,-1,-1,-1,-1,-1,7813
2026-08-23 00:35:17.326,1,3,Read Holding Registers,2560,0,-1,-1,-1,-1,-1,-1,-1,-1,46628
2026-08-23 00:35:17.774,1,1,Read Coils,25,3,-1,-1,-1,-1,-1,-1,-1,-1,52397
2026-08-23 00:35:17.786,1,1,Read Coils,256,20872,-1,-1,-1,-1,-1,-1,-1,-1,34897
2026-08-23 00:35:18.275,1,2,Read Discrete Inputs,4,12,-1,-1,-1,-1,-1,-1,-1,-1,52793
2026-08-23 00:35:18.286,1,2,Read Discrete Inputs,512,185,-1,-1,-1,-1,-1,-1,-1,-1,47289
2026-08-23 00:35:18.775,1,3,Read Holding Registers,1260,12,-1,-1,-1,-1,-1,-1,-1,-1,2693
2026-08-23 00:35:18.807,1,3,Read Holding Registers,6183,3840,-1,-1,-1,-1,-1,-1,-1,-1,62740
2026-08-23 00:35:19.275,1,4,Read Input Registers,86,3,-1,-1,-1,-1,-1,-1,-1,-1,6992
2026-08-23 00:35:19.287,1,4,Read Input Registers,1536,47616,-1,-1,-1,-1,-1,-1,-1,-1,18617
2026-08-23 00:35:20.273,1,6,Write Single Register,321,-1,-1,15,15,15,15,12,-1,-1,9880
2026-08-23 00:35:20.285,1,6,Write Single Register,321,-1,-1,15,15,15,15,12,-1,-1,9880
2026-08-23 00:35:20.673,1,6,Write Single Register,1269,-1,-1,501,501,501,501,9,-1,-1,8025
2026-08-23 00:35:20.684,1,6,Write Single Register,1269,-1,-1,501,501,501,501,9,-1,-1,8025
2026-08-23 00:35:20.777,1,16,Write Multiple Registers,2835,3,6,102,252,227,581,33,-1,-1,46615
2026-08-23 00:35:20.810,1,3,Read Holding Registers,1200,5,-1,-1,-1,-1,-1,-1,-1,-1,7813
2026-08-23 00:35:20.831,1,3,Read Holding Registers,2560,0,-1,-1,-1,-1,-1,-1,-1,-1,46628
2026-08-23 00:35:21.269,1,1,Read Coils,25,3,-1,-1,-1,-1,-1,-1,-1,-1,52397
2026-08-23 00:35:21.280,1,1,Read Coils,256,20872,-1,-1,-1,-1,-1,-1,-1,-1,34897
2026-08-23 00:35:21.769,1,2,Read Discrete Inputs,4,12,-1,-1,-1,-1,-1,-1,-1,-1,52793
2026-08-23 00:35:21.791,1,2,Read Discrete Inputs,512,185,-1,-1,-1,-1,-1,-1,-1,-1,47289
2026-08-23 00:35:22.269,1,3,Read Holding Registers,1260,12,-1,-1,-1,-1,-1,-1,-1,-1,2693
2026-08-23 00:35:22.311,1,3,Read Holding Registers,6183,3840,-1,-1,-1,-1,-1,-1,-1,-1,13489
2026-08-23 00:35:22.771,1,4,Read Input Registers,86,3,-1,-1,-1,-1,-1,-1,-1,-1,6992
2026-08-23 00:35:22.792,1,4,Read Input Registers,1538,39168,-1,-1,-1,-1,-1,-1,-1,-1,28029
2026-08-23 00:35:23.271,1,5,Write Single Coil,9012,65280,-1,-1,-1,-1,-1,-1,-1,-1,28870
2026-08-23 00:35:23.283,1,5,Write Single Coil,9012,65280,-1,-1,-1,-1,-1,-1,-1,-1,28870
2026-08-23 00:35:23.772,1,6,Write Single Register,321,-1,-1,42,42,42,42,13,-1,-1,64857
2026-08-23 00:35:23.793,1,6,Write Single Register,321,-1,-1,42,42,42,42,13,-1,-1,64857
2026-08-23 00:35:24.284,1,16,Write Multiple Registers,2835,3,6,107,247,214,568,31,-1,-1,46667
2026-08-23 00:35:24.306,1,3,Read Holding Registers,1200,5,-1,-1,-1,-1,-1,-1,-1,-1,7813
2026-08-23 00:35:24.327,1,3,Read Holding Registers,2560,0,-1,-1,-1,-1,-1,-1,-1,-1,46628
2026-08-23 00:35:24.776,1,1,Read Coils,25,3,-1,-1,-1,-1,-1,-1,-1,-1,52397
2026-08-23 00:35:24.787,1,1,Read Coils,256,20872,-1,-1,-1,-1,-1,-1,-1,-1,34897
2026-08-23 00:35:25.276,1,2,Read Discrete Inputs,4,12,-1,-1,-1,-1,-1,-1,-1,-1,52793
2026-08-23 00:35:25.287,1,2,Read Discrete Inputs,512,185,-1,-1,-1,-1,-1,-1,-1,-1,47289
2026-08-23 00:35:25.777,1,3,Read Holding Registers,1260,12,-1,-1,-1,-1,-1,-1,-1,-1,2693
2026-08-23 00:35:25.809,1,3,Read Holding Registers,6183,3840,-1,-1,-1,-1,-1,-1,-1,-1,13489
2026-08-23 00:35:26.277,1,4,Read Input Registers,86,3,-1,-1,-1,-1,-1,-1,-1,-1,6992
2026-08-23 00:35:26.289,1,4,Read Input Registers,1539,41984,-1,-1,-1,-1,-1,-1,-1,-1,30993
2026-08-23 00:35:27.783,1,16,Write Multiple Registers,2835,3,6,115,259,231,605,34,-1,-1,25270
2026-08-23 00:35:27.806,1,3,Read Holding Registers,1200,5,-1,-1,-1,-1,-1,-1,-1,-1,7813
2026-08-23 00:35:27.828,1,3,Read Holding Registers,2560,0,-1,-1,-1,-1,-1,-1,-1,-1,46628
2026-08-23 00:35:28.276,1,1,Read Coils,25,3,-1,-1,-1,-1,-1,-1,-1,-1,52397
2026-08-23 00:35:28.288,1,1,Read Coils,256,20872,-1,-1,-1,-1,-1,-1,-1,-1,34897
2026-08-23 00:35:28.779,1,2,Read Discrete Inputs,4,12,-1,-1,-1,-1,-1,-1,-1,-1,52793
2026-08-23 00:35:28.791,1,2,Read Discrete Inputs,513,184,-1,-1,-1,-1,-1,-1,-1,-1,10424
2026-08-23 00:35:29.270,1,3,Read Holding Registers,1260,12,-1,-1,-1,-1,-1,-1,-1,-1,2693
2026-08-23 00:35:29.312,1,3,Read Holding Registers,6183,3840,-1,-1,-1,-1,-1,-1,-1,-1,13489
2026-08-23 00:35:29.771,1,4,Read Input Registers,86,3,-1,-1,-1,-1,-1,-1,-1,-1,6992
2026-08-23 00:35:29.794,1,4,Read Input Registers,1538,11264,-1,-1,-1,-1,-1,-1,-1,-1,47088
2026-08-23 00:35:29.815,1,6,Write Single Register,1273,-1,-1,1030,1030,1030,1030,13,-1,-1,2522
2026-08-23 00:35:29.827,1,6,Write Single Register,1273,-1,-1,1030,1030,1030,1030,13,-1,-1,2522
2026-08-23 00:35:31.280,1,16,Write Multiple Registers,2835,3,6,113,255,218,586,31,-1,-1,46715
2026-08-23 00:35:31.313,1,3,Read Holding Registers,1200,5,-1,-1,-1,-1,-1,-1,-1,-1,7813
2026-08-23 00:35:31.334,1,3,Read Holding Registers,2560,0,-1,-1,-1,-1,-1,-1,-1,-1,46628
2026-08-23 00:35:31.772,1,1,Read Coils,25,3,-1,-1,-1,-1,-1,-1,-1,-1,52397
2026-08-23 00:35:31.784,1,1,Read Coils,256,20872,-1,-1,-1,-1,-1,-1,-1,-1,34897
2026-08-23 00:35:32.273,1,2,Read Discrete Inputs,4,12,-1,-1,-1,-1,-1,-1,-1,-1,52793
2026-08-23 00:35:32.285,1,2,Read Discrete Inputs,513,184,-1,-1,-1,-1,-1,-1,-1,-1,10424
2026-08-23 00:35:32.774,1,3,Read Holding Registers,1260,12,-1,-1,-1,-1,-1,-1,-1,-1,2693
2026-08-23 00:35:32.816,1,3,Read Holding Registers,6183,3840,-1,-1,-1,-1,-1,-1,-1,-1,13489
2026-08-23 00:35:33.275,1,4,Read Input Registers,86,3,-1,-1,-1,-1,-1,-1,-1,-1,6992
2026-08-23 00:35:33.286,1,4,Read Input Registers,1538,17408,-1,-1,-1,-1,-1,-1,-1,-1,32401
2026-08-23 00:35:34.782,1,16,Write Multiple Registers,2835,3,6,116,256,241,613,38,-1,-1,24846
2026-08-23 00:35:34.805,1,3,Read Holding Registers,1200,5,-1,-1,-1,-1,-1,-1,-1,-1,7813
2026-08-23 00:35:34.826,1,3,Read Holding Registers,2560,0,-1,-1,-1,-1,-1,-1,-1,-1,46628
2026-08-23 00:35:35.274,1,1,Read Coils,25,3,-1,-1,-1,-1,-1,-1,-1,-1,52397
2026-08-23 00:35:35.286,1,1,Read Coils,256,20872,-1,-1,-1,-1,-1,-1,-1,-1,34897
2026-08-23 00:35:35.776,1,2,Read Discrete Inputs,4,12,-1,-1,-1,-1,-1,-1,-1,-1,52793
2026-08-23 00:35:35.788,1,2,Read Discrete Inputs,513,184,-1,-1,-1,-1,-1,-1,-1,-1,10424
2026-08-23 00:35:36.277,1,3,Read Holding Registers,1260,12,-1,-1,-1,-1,-1,-1,-1,-1,2693
2026-08-23 00:35:36.310,1,3,Read Holding Registers,6183,3840,-1,-1,-1,-1,-1,-1,-1,-1,13489
2026-08-23 00:35:36.779,1,4,Read Input Registers,86,3,-1,-1,-1,-1,-1,-1,-1,-1,6992
2026-08-23 00:35:36.790,1,4,Read Input Registers,1537,23808,-1,-1,-1,-1,-1,-1,-1,-1,36748
2026-08-23 00:35:38.285,1,16,Write Multiple Registers,2835,3,6,117,254,228,599,32,-1,-1,29394
2026-08-23 00:35:38.307,1,3,Read Holding Registers,1200,5,-1,-1,-1,-1,-1,-1,-1,-1,7813
2026-08-23 00:35:38.329,1,3,Read Holding Registers,2560,0,-1,-1,-1,-1,-1,-1,-1,-1,46628
2026-08-23 00:35:38.777,1,1,Read Coils,25,3,-1,-1,-1,-1,-1,-1,-1,-1,52397
2026-08-23 00:35:38.789,1,1,Read Coils,256,20872,-1,-1,-1,-1,-1,-1,-1,-1,34897
2026-08-23 00:35:39.278,1,2,Read Discrete Inputs,4,12,-1,-1,-1,-1,-1,-1,-1,-1,52793
2026-08-23 00:35:39.290,1,2,Read Discrete Inputs,513,184,-1,-1,-1,-1,-1,-1,-1,-1,10424
2026-08-23 00:35:39.331,1,6,Write Single Register,1263,-1,-1,70,70,70,70,13,-1,-1,64824
2026-08-23 00:35:39.342,1,6,Write Single Register,1263,-1,-1,70,70,70,70,13,-1,-1,64824
2026-08-23 00:35:39.770,1,3,Read Holding Registers,1260,12,-1,-1,-1,-1,-1,-1,-1,-1,2693
2026-08-23 00:35:39.813,1,3,Read Holding Registers,6183,3840,-1,-1,-1,-1,-1,-1,-1,-1,26215
2026-08-23 00:35:40.271,1,4,Read Input Registers,86,3,-1,-1,-1,-1,-1,-1,-1,-1,6992
2026-08-23 00:35:40.293,1,4,Read Input Registers,1536,33280,-1,-1,-1,-1,-1,-1,-1,-1,36120
2026-08-23 00:35:41.787,1,16,Write Multiple Registers,2835,3,6,104,245,202,551,35,-1,-1,46571
2026-08-23 00:35:41.810,1,3,Read Holding Registers,1200,5,-1,-1,-1,-1,-1,-1,-1,-1,7813
2026-08-23 00:35:41.832,1,3,Read Holding Registers,2560,0,-1,-1,-1,-1,-1,-1,-1,-1,46628
2026-08-23 00:35:42.270,1,1,Read Coils,25,3,-1,-1,-1,-1,-1,-1,-1,-1,52397
2026-08-23 00:35:42.281,1,1,Read Coils,256,20872,-1,-1,-1,-1,-1,-1,-1,-1,34897
2026-08-23 00:35:42.770,1,2,Read Discrete Inputs,4,12,-1,-1,-1,-1,-1,-1,-1,-1,52793
2026-08-23 00:35:42.782,1,2,Read Discrete Inputs,512,185,-1,-1,-1,-1,-1,-1,-1,-1,47289
2026-08-23 00:35:43.271,1,3,Read Holding Registers,1260,12,-1,-1,-1,-1,-1,-1,-1,-1,2693
2026-08-23 00:35:43.313,1,3,Read Holding Registers,6183,3840,-1,-1,-1,-1,-1,-1,-1,-1,26215
2026-08-23 00:35:43.772,1,4,Read Input Registers,86,3,-1,-1,-1,-1,-1,-1,-1,-1,6992
2026-08-23 00:35:43.794,1,4,Read Input Registers,1539,14080,-1,-1,-1,-1,-1,-1,-1,-1,25749
2026-08-23 00:35:45.278,1,16,Write Multiple Registers,2835,3,6,111,242,224,577,34,-1,-1,28674
2026-08-23 00:35:45.310,1,3,Read Holding Registers,1200,5,-1,-1,-1,-1,-1,-1,-1,-1,7813
2026-08-23 00:35:45.332,1,3,Read Holding Registers,2560,0,-1,-1,-1,-1,-1,-1,-1,-1,46628
2026-08-23 00:35:45.779,1,1,Read Coils,25,3,-1,-1,-1,-1,-1,-1,-1,-1,52397
2026-08-23 00:35:45.791,1,1,Read Coils,256,20872,-1,-1,-1,-1,-1,-1,-1,-1,34897
2026-08-23 00:35:46.270,1,2,Read Discrete Inputs,4,12,-1,-1,-1,-1,-1,-1,-1,-1,52793
2026-08-23 00:35:46.282,1,2,Read Discrete Inputs,512,185,-1,-1,-1,-1,-1,-1,-1,-1,47289
2026-08-23 00:35:46.771,1,3,Read Holding Registers,1260,12,-1,-1,-1,-1,-1,-1,-1,-1,2693
2026-08-23 00:35:46.813,1,3,Read Holding Registers,6183,3840,-1,-1,-1,-1,-1,-1,-1,-1,26215
2026-08-23 00:35:47.272,1,4,Read Input Registers,86,3,-1,-1,-1,-1,-1,-1,-1,-1,6992
2026-08-23 00:35:47.293,1,4,Read Input Registers,1536,30976,-1,-1,-1,-1,-1,-1,-1,-1,23037
2026-08-23 00:35:48.778,1,16,Write Multiple Registers,2835,3,6,104,243,234,581,34,-1,-1,28906
2026-08-23 00:35:48.811,1,3,Read Holding Registers,1200,5,-1,-1,-1,-1,-1,-1,-1,-1,7813
2026-08-23 00:35:48.833,1,3,Read Holding Registers,2560,0,-1,-1,-1,-1,-1,-1,-1,-1,46628
2026-08-23 00:35:49.271,1,1,Read Coils,25,3,-1,-1,-1,-1,-1,-1,-1,-1,52397
2026-08-23 00:35:49.282,1,1,Read Coils,256,20872,-1,-1,-1,-1,-1,-1,-1,-1,34897
2026-08-23 00:35:49.772,1,2,Read Discrete Inputs,4,12,-1,-1,-1,-1,-1,-1,-1,-1,52793
2026-08-23 00:35:49.783,1,2,Read Discrete Inputs,512,185,-1,-1,-1,-1,-1,-1,-1,-1,47289
2026-08-23 00:35:50.272,1,3,Read Holding Registers,1260,12,-1,-1,-1,-1,-1,-1,-1,-1,2693
2026-08-23 00:35:50.314,1,3,Read Holding Registers,6183,3840,-1,-1,-1,-1,-1,-1,-1,-1,26215
2026-08-23 00:35:50.773,1,4,Read Input Registers,86,3,-1,-1,-1,-1,-1,-1,-1,-1,6992
2026-08-23 00:35:50.795,1,4,Read Input Registers,1537,41216,-1,-1,-1,-1,-1,-1,-1,-1,39900
2026-08-23 00:35:51.771,1,6,Write Single Register,321,-1,-1,39,39,39,39,12,-1,-1,14488
2026-08-23 00:35:51.793,1,6,Write Single Register,321,-1,-1,39,39,39,39,12,-1,-1,14488
2026-08-23 00:35:52.191,1,6,Write Single Register,1261,-1,-1,23,23,23,23,12,-1,-1,49496
2026-08-23 00:35:52.202,1,6,Write Single Register,1261,-1,-1,23,23,23,23,12,-1,-1,49496
2026-08-23 00:35:52.285,1,16,Write Multiple Registers,2835,3,6,113,257,206,576,37,-1,-1,42443
2026-08-23 00:35:52.307,1,3,Read Holding Registers,1200,5,-1,-1,-1,-1,-1,-1,-1,-1,7813
2026-08-23 00:35:52.328,1,3,Read Holding Registers,2560,0,-1,-1,-1,-1,-1,-1,-1,-1,46628
2026-08-23 00:35:52.777,1,1,Read Coils,25,3,-1,-1,-1,-1,-1,-1,-1,-1,52397
2026-08-23 00:35:52.788,1,1,Read Coils,256,20872,-1,-1,-1,-1,-1,-1,-1,-1,34897
2026-08-23 00:35:53.277,1,2,Read Discrete Inputs,4,12,-1,-1,-1,-1,-1,-1,-1,-1,52793
2026-08-23 00:35:53.289,1,2,Read Discrete Inputs,513,184,-1,-1,-1,-1,-1,-1,-1,-1,10424
2026-08-23 00:35:53.778,1,3,Read Holding Registers,1260,12,-1,-1,-1,-1,-1,-1,-1,-1,2693
2026-08-23 00:35:53.810,1,3,Read Holding Registers,6183,3840,-1,-1,-1,-1,-1,-1,-1,-1,26215
2026-08-23 00:35:54.278,1,4,Read Input Registers,86,3,-1,-1,-1,-1,-1,-1,-1,-1,6992
2026-08-23 00:35:54.290,1,4,Read Input Registers,1539,8960,-1,-1,-1,-1,-1,-1,-1,-1,26533
2026-08-23 00:35:55.786,1,16,Write Multiple Registers,2835,3,6,108,241,235,584,33,-1,-1,45079
2026-08-23 00:35:55.809,1,3,Read Holding Registers,1200,5,-1,-1,-1,-1,-1,-1,-1,-1,7813
2026-08-23 00:35:55.830,1,3,Read Holding Registers,2560,0,-1,-1,-1,-1,-1,-1,-1,-1,46628
2026-08-23 00:35:56.279,1,1,Read Coils,25,3,-1,-1,-1,-1,-1,-1,-1,-1,52397
2026-08-23 00:35:56.290,1,1,Read Coils,256,20872,-1,-1,-1,-1,-1,-1,-1,-1,34897
2026-08-23 00:35:56.779,1,2,Read Discrete Inputs,4,12,-1,-1,-1,-1,-1,-1,-1,-1,52793
2026-08-23 00:35:56.791,1,2,Read Discrete Inputs,512,185,-1,-1,-1,-1,-1,-1,-1,-1,47289
2026-08-23 00:35:57.270,1,3,Read Holding Registers,1260,12,-1,-1,-1,-1,-1,-1,-1,-1,2693
2026-08-23 00:35:57.312,1,3,Read Holding Registers,6183,3840,-1,-1,-1,-1,-1,-1,-1,-1,26215
2026-08-23 00:35:57.771,1,4,Read Input Registers,86,3,-1,-1,-1,-1,-1,-1,-1,-1,6992
2026-08-23 00:35:57.793,1,4,Read Input Registers,1537,41472,-1,-1,-1,-1,-1,-1,-1,-1,39832
2026-08-23 00:35:58.771,1,6,Write Single Register,321,-1,-1,31,31,31,31,11,-1,-1,60057
2026-08-23 00:35:58.793,1,6,Write Single Register,321,-1,-1,31,31,31,31,11,-1,-1,60057
2026-08-23 00:35:59.282,1,16,Write Multiple Registers,2835,3,6,110,242,239,591,31,-1,-1,45319
2026-08-23 00:35:59.305,1,3,Read Holding Registers,1200,5,-1,-1,-1,-1,-1,-1,-1,-1,7813
2026-08-23 00:35:59.327,1,3,Read Holding Registers,2560,0,-1,-1,-1,-1,-1,-1,-1,-1,46628
2026-08-23 00:35:59.775,1,1,Read Coils,25,3,-1,-1,-1,-1,-1,-1,-1,-1,52397
2026-08-23 00:35:59.786,1,1,Read Coils,256,20872,-1,-1,-1,-1,-1,-1,-1,-1,34897
2026-08-23 00:35:59.798,1,6,Write Single Register,1276,-1,-1,1556,1556,1556,1556,12,-1,-1,25931
2026-08-23 00:35:59.809,1,6,Write Single Register,1276,-1,-1,1556,1556,1556,1556,12,-1,-1,25931
2026-08-23 00:36:00.277,1,2,Read Discrete Inputs,4,12,-1,-1,-1,-1,-1,-1,-1,-1,52793
2026-08-23 00:36:00.289,1,2,Read Discrete Inputs,512,185,-1,-1,-1,-1,-1,-1,-1,-1,47289
2026-08-23 00:36:00.779,1,3,Read Holding Registers,1260,12,-1,-1,-1,-1,-1,-1,-1,-1,2693
2026-08-23 00:36:00.811,1,3,Read Holding Registers,6183,3840,-1,-1,-1,-1,-1,-1,-1,-1,26215
2026-08-23 00:36:01.280,1,4,Read Input Registers,86,3,-1,-1,-1,-1,-1,-1,-1,-1,6992
2026-08-23 00:36:01.291,1,4,Read Input Registers,1538,46336,-1,-1,-1,-1,-1,-1,-1,-1,44012
2026-08-23 00:36:01.770,1,5,Write Single Coil,9012,0,-1,-1,-1,-1,-1,-1,-1,-1,32903
2026-08-23 00:36:01.792,1,5,Write Single Coil,9012,0,-1,-1,-1,-1,-1,-1,-1,-1,32903
2026-08-23 00:36:02.780,1,16,Write Multiple Registers,2835,3,6,104,246,219,569,33,-1,-1,46935
2026-08-23 00:36:02.813,1,3,Read Holding Registers,1200,5,-1,-1,-1,-1,-1,-1,-1,-1,7813
2026-08-23 00:36:02.835,1,3,Read Holding Registers,2560,0,-1,-1,-1,-1,-1,-1,-1,-1,46628
2026-08-23 00:36:03.274,1,1,Read Coils,25,3,-1,-1,-1,-1,-1,-1,-1,-1,52397
2026-08-23 00:36:03.285,1,1,Read Coils,256,20872,-1,-1,-1,-1,-1,-1,-1,-1,34897
2026-08-23 00:36:03.776,1,2,Read Discrete Inputs,4,12,-1,-1,-1,-1,-1,-1,-1,-1,52793
2026-08-23 00:36:03.787,1,2,Read Discrete Inputs,513,184,-1,-1,-1,-1,-1,-1,-1,-1,10424
2026-08-23 00:36:04.277,1,3,Read Holding Registers,1260,12,-1,-1,-1,-1,-1,-1,-1,-1,2693
2026-08-23 00:36:04.308,1,3,Read Holding Registers,6183,3840,-1,-1,-1,-1,-1,-1,-1,-1,26215
2026-08-23 00:36:04.778,1,4,Read Input Registers,86,3,-1,-1,-1,-1,-1,-1,-1,-1,6992
2026-08-23 00:36:04.790,1,4,Read Input Registers,1539,46080,-1,-1,-1,-1,-1,-1,-1,-1,47824
2026-08-23 00:36:05.279,1,5,Write Single Coil,9012,0,-1,-1,-1,-1,-1,-1,-1,-1,32903
2026-08-23 00:36:05.290,1,5,Write Single Coil,9012,0,-1,-1,-1,-1,-1,-1,-1,-1,32903
2026-08-23 00:36:06.287,1,16,Write Multiple Registers,2835,3,6,100,258,247,605,36,-1,-1,25862
2026-08-23 00:36:06.309,1,3,Read Holding Registers,1200,5,-1,-1,-1,-1,-1,-1,-1,-1,7813
2026-08-23 00:36:06.331,1,3,Read Holding Registers,2560,0,-1,-1,-1,-1,-1,-1,-1,-1,46628
2026-08-23 00:36:06.779,1,1,Read Coils,25,3,-1,-1,-1,-1,-1,-1,-1,-1,52397
2026-08-23 00:36:06.791,1,1,Read Coils,256,20872,-1,-1,-1,-1,-1,-1,-1,-1,34897
2026-08-23 00:36:07.271,1,2,Read Discrete Inputs,4,12,-1,-1,-1,-1,-1,-1,-1,-1,52793
2026-08-23 00:36:07.283,1,2,Read Discrete Inputs,512,185,-1,-1,-1,-1,-1,-1,-1,-1,47289
2026-08-23 00:36:07.335,1,6,Write Single Register,1275,-1,-1,1370,1370,1370,1370,10,-1,-1,24698
2026-08-23 00:36:07.346,1,6,Write Single Register,1275,-1,-1,1370,1370,1370,1370,10,-1,-1,24698
2026-08-23 00:36:07.775,1,3,Read Holding Registers,1260,12,-1,-1,-1,-1,-1,-1,-1,-1,2693
2026-08-23 00:36:07.817,1,3,Read Holding Registers,6183,3840,-1,-1,-1,-1,-1,-1,-1,-1,26215
2026-08-23 00:36:08.276,1,4,Read Input Registers,86,3,-1,-1,-1,-1,-1,-1,-1,-1,6992
2026-08-23 00:36:08.288,1,4,Read Input Registers,1536,53248,-1,-1,-1,-1,-1,-1,-1,-1,16801
2026-08-23 00:36:09.782,1,16,Write Multiple Registers,2835,3,6,109,250,212,571,33,-1,-1,45587
2026-08-23 00:36:09.815,1,3,Read Holding Registers,1200,5,-1,-1,-1,-1,-1,-1,-1,-1,7813
2026-08-23 00:36:09.837,1,3,Read Holding Registers,2560,0,-1,-1,-1,-1,-1,-1,-1,-1,46628
2026-08-23 00:36:10.275,1,1,Read Coils,25,3,-1,-1,-1,-1,-1,-1,-1,-1,52397
2026-08-23 00:36:10.287,1,1,Read Coils,256,20872,-1,-1,-1,-1,-1,-1,-1,-1,34897
2026-08-23 00:36:10.777,1,2,Read Discrete Inputs,4,12,-1,-1,-1,-1,-1,-1,-1,-1,52793
2026-08-23 00:36:10.789,1,2,Read Discrete Inputs,512,185,-1,-1,-1,-1,-1,-1,-1,-1,47289
2026-08-23 00:36:11.279,1,3,Read Holding Registers,1260,12,-1,-1,-1,-1,-1,-1,-1,-1,2693
2026-08-23 00:36:11.311,1,3,Read Holding Registers,6183,3840,-1,-1,-1,-1,-1,-1,-1,-1,26215
2026-08-23 00:36:11.771,1,4,Read Input Registers,86,3,-1,-1,-1,-1,-1,-1,-1,-1,6992
2026-08-23 00:36:11.793,1,4,Read Input Registers,1538,37120,-1,-1,-1,-1,-1,-1,-1,-1,44188
2026-08-23 00:36:13.279,1,16,Write Multiple Registers,2835,3,6,103,249,211,563,32,-1,-1,29126
2026-08-23 00:36:13.312,1,3,Read Holding Registers,1200,5,-1,-1,-1,-1,-1,-1,-1,-1,7813
2026-08-23 00:36:13.333,1,3,Read Holding Registers,2560,0,-1,-1,-1,-1,-1,-1,-1,-1,46628
2026-08-23 00:36:13.771,1,1,Read Coils,25,3,-1,-1,-1,-1,-1,-1,-1,-1,52397
2026-08-23 00:36:13.782,1,1,Read Coils,256,20872,-1,-1,-1,-1,-1,-1,-1,-1,34897
2026-08-23 00:36:14.272,1,2,Read Discrete Inputs,4,12,-1,-1,-1,-1,-1,-1,-1,-1,52793
2026-08-23 00:36:14.283,1,2,Read Discrete Inputs,512,185,-1,-1,-1,-1,-1,-1,-1,-1,47289
2026-08-23 00:36:14.773,1,3,Read Holding Registers,1260,12,-1,-1,-1,-1,-1,-1,-1,-1,2693
2026-08-23 00:36:14.815,1,3,Read Holding Registers,6183,3840,-1,-1,-1,-1,-1,-1,-1,-1,26215
2026-08-23 00:36:15.274,1,4,Read Input Registers,86,3,-1,-1,-1,-1,-1,-1,-1,-1,6992
2026-08-23 00:36:15.296,1,4,Read Input Registers,1538,17920,-1,-1,-1,-1,-1,-1,-1,-1,48872
2026-08-23 00:36:16.274,1,6,Write Single Register,321,-1,-1,18,18,18,18,14,-1,-1,12120
2026-08-23 00:36:16.286,1,6,Write Single Register,321,-1,-1,18,18,18,18,14,-1,-1,12120
2026-08-23 00:36:16.786,1,16,Write Multiple Registers,2835,3,6,107,250,247,604,30,-1,-1,29750
2026-08-23 00:36:16.809,1,3,Read Holding Registers,1200,5,-1,-1,-1,-1,-1,-1,-1,-1,7813
2026-08-23 00:36:16.831,1,3,Read Holding Registers,2560,0,-1,-1,-1,-1,-1,-1,-1,-1,46628
2026-08-23 00:36:17.279,1,1,Read Coils,25,3,-1,-1,-1,-1,-1,-1,-1,-1,52397
2026-08-23 00:36:17.291,1,1,Read Coils,256,20872,-1,-1,-1,-1,-1,-1,-1,-1,34897
2026-08-23 00:36:17.770,1,2,Read Discrete Inputs,4,12,-1,-1,-1,-1,-1,-1,-1,-1,52793
2026-08-23 00:36:17.782,1,2,Read Discrete Inputs,512,185,-1,-1,-1,-1,-1,-1,-1,-1,47289
2026-08-23 00:36:17.845,1,6,Write Single Register,1274,-1,-1,1197,1197,1197,1197,10,-1,-1,46699
2026-08-23 00:36:17.856,1,6,Write Single Register,1274,-1,-1,1197,1197,1197,1197,10,-1,-1,46699
2026-08-23 00:36:18.274,1,3,Read Holding Registers,1260,12,-1,-1,-1,-1,-1,-1,-1,-1,2693
2026-08-23 00:36:18.317,1,3,Read Holding Registers,6183,3840,-1,-1,-1,-1,-1,-1,-1,-1,26215
2026-08-23 00:36:18.777,1,4,Read Input Registers,86,3,-1,-1,-1,-1,-1,-1,-1,-1,6992
2026-08-23 00:36:18.788,1,4,Read Input Registers,1538,21760,-1,-1,-1,-1,-1,-1,-1,-1,32109
2026-08-23 00:36:20.283,1,16,Write Multiple Registers,2835,3,6,105,247,218,570,32,-1,-1,30714
2026-08-23 00:36:20.305,1,3,Read Holding Registers,1200,5,-1,-1,-1,-1,-1,-1,-1,-1,7813
2026-08-23 00:36:20.327,1,3,Read Holding Registers,2560,0,-1,-1,-1,-1,-1,-1,-1,-1,46628
2026-08-23 00:36:20.775,1,1,Read Coils,25,3,-1,-1,-1,-1,-1,-1,-1,-1,52397
2026-08-23 00:36:20.787,1,1,Read Coils,256,20872,-1,-1,-1,-1,-1,-1,-1,-1,34897
2026-08-23 00:36:21.275,1,2,Read Discrete Inputs,4,12,-1,-1,-1,-1,-1,-1,-1,-1,52793
2026-08-23 00:36:21.287,1,2,Read Discrete Inputs,513,184,-1,-1,-1,-1,-1,-1,-1,-1,10424
2026-08-23 00:36:21.776,1,3,Read Holding Registers,1260,12,-1,-1,-1,-1,-1,-1,-1,-1,2693
2026-08-23 00:36:21.818,1,3,Read Holding Registers,6183,3840,-1,-1,-1,-1,-1,-1,-1,-1,26215
2026-08-23 00:36:22.278,1,4,Read Input Registers,86,3,-1,-1,-1,-1,-1,-1,-1,-1,6992
2026-08-23 00:36:22.290,1,4,Read Input Registers,1539,5120,-1,-1,-1,-1,-1,-1,-1,-1,41808
2026-08-23 00:36:23.785,1,16,Write Multiple Registers,2835,3,6,105,243,223,571,31,-1,-1,46135
2026-08-23 00:36:23.808,1,3,Read Holding Registers,1200,5,-1,-1,-1,-1,-1,-1,-1,-1,7813
2026-08-23 00:36:23.830,1,3,Read Holding Registers,2560,0,-1,-1,-1,-1,-1,-1,-1,-1,46628
2026-08-23 00:36:24.277,1,1,Read Coils,25,3,-1,-1,-1,-1,-1,-1,-1,-1,52397
2026-08-23 00:36:24.289,1,1,Read Coils,256,20872,-1,-1,-1,-1,-1,-1,-1,-1,34897
2026-08-23 00:36:24.779,1,2,Read Discrete Inputs,4,12,-1,-1,-1,-1,-1,-1,-1,-1,52793
2026-08-23 00:36:24.790,1,2,Read Discrete Inputs,512,185,-1,-1,-1,-1,-1,-1,-1,-1,47289
2026-08-23 00:36:25.280,1,3,Read Holding Registers,1260,12,-1,-1,-1,-1,-1,-1,-1,-1,2693
2026-08-23 00:36:25.312,1,3,Read Holding Registers,6183,3840,-1,-1,-1,-1,-1,-1,-1,-1,26215
2026-08-23 00:36:25.771,1,4,Read Input Registers,86,3,-1,-1,-1,-1,-1,-1,-1,-1,6992
2026-08-23 00:36:25.793,1,4,Read Input Registers,1538,26624,-1,-1,-1,-1,-1,-1,-1,-1,47104
2026-08-23 00:36:27.287,1,16,Write Multiple Registers,2835,3,6,112,254,213,579,33,-1,-1,47039
2026-08-23 00:36:27.309,1,3,Read Holding Registers,1200,5,-1,-1,-1,-1,-1,-1,-1,-1,7813
2026-08-23 00:36:27.331,1,3,Read Holding Registers,2560,0,-1,-1,-1,-1,-1,-1,-1,-1,46628
2026-08-23 00:36:27.779,1,1,Read Coils,25,3,-1,-1,-1,-1,-1,-1,-1,-1,52397
2026-08-23 00:36:27.790,1,1,Read Coils,256,20872,-1,-1,-1,-1,-1,-1,-1,-1,34897
2026-08-23 00:36:28.279,1,2,Read Discrete Inputs,4,12,-1,-1,-1,-1,-1,-1,-1,-1,52793
2026-08-23 00:36:28.291,1,2,Read Discrete Inputs,513,184,-1,-1,-1,-1,-1,-1,-1,-1,10424
2026-08-23 00:36:28.780,1,3,Read Holding Registers,1260,12,-1,-1,-1,-1,-1,-1,-1,-1,2693
2026-08-23 00:36:28.812,1,3,Read Holding Registers,6183,3840,-1,-1,-1,-1,-1,-1,-1,-1,26215
2026-08-23 00:36:29.271,1,4,Read Input Registers,86,3,-1,-1,-1,-1,-1,-1,-1,-1,6992
2026-08-23 00:36:29.293,1,4,Read Input Registers,1538,22784,-1,-1,-1,-1,-1,-1,-1,-1,31869
2026-08-23 00:36:30.279,1,6,Write Single Register,321,-1,-1,47,47,47,47,11,-1,-1,65177
2026-08-23 00:36:30.290,1,6,Write Single Register,321,-1,-1,47,47,47,47,11,-1,-1,65177
2026-08-23 00:36:30.658,1,6,Write Single Register,1263,-1,-1,72,72,72,72,14,-1,-1,14777
2026-08-23 00:36:30.669,1,6,Write Single Register,1263,-1,-1,72,72,72,72,14,-1,-1,14777
2026-08-23 00:36:30.782,1,16,Write Multiple Registers,2835,3,6,111,257,239,607,33,-1,-1,42007
2026-08-23 00:36:30.815,1,3,Read Holding Registers,1200,5,-1,-1,-1,-1,-1,-1,-1,-1,7813
2026-08-23 00:36:30.836,1,3,Read Holding Registers,2560,0,-1,-1,-1,-1,-1,-1,-1,-1,46628
2026-08-23 00:36:31.274,1,1,Read Coils,25,3,-1,-1,-1,-1,-1,-1,-1,-1,52397
2026-08-23 00:36:31.285,1,1,Read Coils,256,20872,-1,-1,-1,-1,-1,-1,-1,-1,34897
2026-08-23 00:36:31.774,1,2,Read Discrete Inputs,4,12,-1,-1,-1,-1,-1,-1,-1,-1,52793
2026-08-23 00:36:31.786,1,2,Read Discrete Inputs,512,185,-1,-1,-1,-1,-1,-1,-1,-1,47289
2026-08-23 00:36:32.274,1,3,Read Holding Registers,1260,12,-1,-1,-1,-1,-1,-1,-1,-1,2693
2026-08-23 00:36:32.317,1,3,Read Holding Registers,6183,3840,-1,-1,-1,-1,-1,-1,-1,-1,1283
2026-08-23 00:36:32.775,1,4,Read Input Registers,86,3,-1,-1,-1,-1,-1,-1,-1,-1,6992
2026-08-23 00:36:32.797,1,4,Read Input Registers,1537,41216,-1,-1,-1,-1,-1,-1,-1,-1,39900
2026-08-23 00:36:34.281,1,16,Write Multiple Registers,2835,3,6,102,246,246,594,32,-1,-1,29338
2026-08-23 00:36:34.313,1,3,Read Holding Registers,1200,5,-1,-1,-1,-1,-1,-1,-1,-1,7813
2026-08-23 00:36:34.335,1,3,Read Holding Registers,2560,0,-1,-1,-1,-1,-1,-1,-1,-1,46628
2026-08-23 00:36:34.773,1,1,Read Coils,25,3,-1,-1,-1,-1,-1,-1,-1,-1,52397
2026-08-23 00:36:34.785,1,1,Read Coils,256,20872,-1,-1,-1,-1,-1,-1,-1,-1,34897
2026-08-23 00:36:35.275,1,2,Read Discrete Inputs,4,12,-1,-1,-1,-1,-1,-1,-1,-1,52793
2026-08-23 00:36:35.286,1,2,Read Discrete Inputs,513,184,-1,-1,-1,-1,-1,-1,-1,-1,10424
2026-08-23 00:36:35.776,1,3,Read Holding Registers,1260,12,-1,-1,-1,-1,-1,-1,-1,-1,2693
2026-08-23 00:36:35.819,1,3,Read Holding Registers,6183,3840,-1,-1,-1,-1,-1,-1,-1,-1,1283
2026-08-23 00:36:36.278,1,4,Read Input Registers,86,3,-1,-1,-1,-1,-1,-1,-1,-1,6992
2026-08-23 00:36:36.289,1,4,Read Input Registers,1538,48640,-1,-1,-1,-1,-1,-1,-1,-1,27209
2026-08-23 00:36:36.779,1,5,Write Single Coil,9012,65280,-1,-1,-1,-1,-1,-1,-1,-1,28870
2026-08-23 00:36:36.790,1,5,Write Single Coil,9012,65280,-1,-1,-1,-1,-1,-1,-1,-1,28870
2026-08-23 00:36:37.788,1,16,Write Multiple Registers,2835,3,6,101,242,206,549,34,-1,-1,29898
2026-08-23 00:36:37.811,1,3,Read Holding Registers,1200,5,-1,-1,-1,-1,-1,-1,-1,-1,7813
2026-08-23 00:36:37.833,1,3,Read Holding Registers,2560,0,-1,-1,-1,-1,-1,-1,-1,-1,46628
2026-08-23 00:36:38.281,1,1,Read Coils,25,3,-1,-1,-1,-1,-1,-1,-1,-1,52397
2026-08-23 00:36:38.293,1,1,Read Coils,256,20872,-1,-1,-1,-1,-1,-1,-1,-1,34897
2026-08-23 00:36:38.772,1,2,Read Discrete Inputs,4,12,-1,-1,-1,-1,-1,-1,-1,-1,52793
2026-08-23 00:36:38.794,1,2,Read Discrete Inputs,513,184,-1,-1,-1,-1,-1,-1,-1,-1,10424
2026-08-23 00:36:39.272,1,3,Read Holding Registers,1260,12,-1,-1,-1,-1,-1,-1,-1,-1,2693
2026-08-23 00:36:39.314,1,3,Read Holding Registers,6183,3840,-1,-1,-1,-1,-1,-1,-1,-1,1283
2026-08-23 00:36:39.773,1,4,Read Input Registers,86,3,-1,-1,-1,-1,-1,-1,-1,-1,6992
2026-08-23 00:36:39.795,1,4,Read Input Registers,1538,63744,-1,-1,-1,-1,-1,-1,-1,-1,26109
2026-08-23 00:36:40.773,1,6,Write Single Register,321,-1,-1,24,24,24,24,14,-1,-1,10456
2026-08-23 00:36:40.785,1,6,Write Single Register,321,-1,-1,24,24,24,24,14,-1,-1,10456
2026-08-23 00:36:41.284,1,16,Write Multiple Registers,2835,3,6,106,254,220,580,32,-1,-1,28994
2026-08-23 00:36:41.306,1,3,Read Holding Registers,1200,5,-1,-1,-1,-1,-1,-1,-1,-1,7813
2026-08-23 00:36:41.328,1,3,Read Holding Registers,2560,0,-1,-1,-1,-1,-1,-1,-1,-1,46628
2026-08-23 00:36:41.776,1,1,Read Coils,25,3,-1,-1,-1,-1,-1,-1,-1,-1,52397
2026-08-23 00:36:41.787,1,1,Read Coils,256,20872,-1,-1,-1,-1,-1,-1,-1,-1,34897
2026-08-23 00:36:42.276,1,2,Read Discrete Inputs,4,12,-1,-1,-1,-1,-1,-1,-1,-1,52793
2026-08-23 00:36:42.287,1,2,Read Discrete Inputs,513,184,-1,-1,-1,-1,-1,-1,-1,-1,10424
2026-08-23 00:36:42.776,1,3,Read Holding Registers,1260,12,-1,-1,-1,-1,-1,-1,-1,-1,2693
2026-08-23 00:36:42.818,1,3,Read Holding Registers,6183,3840,-1,-1,-1,-1,-1,-1,-1,-1,1283
2026-08-23 00:36:43.277,1,4,Read Input Registers,86,3,-1,-1,-1,-1,-1,-1,-1,-1,6992
2026-08-23 00:36:43.298,1,4,Read Input Registers,1537,38656,-1,-1,-1,-1,-1,-1,-1,-1,40724
2026-08-23 00:36:44.772,1,6,Write Single Register,1276,-1,-1,1558,1558,1558,1558,11,-1,-1,42186
2026-08-23 00:36:44.784,1,6,Write Single Register,1276,-1,-1,1558,1558,1558,1558,11,-1,-1,42186
2026-08-23 00:36:44.815,1,16,Write Multiple Registers,2835,3,6,105,246,211,562,33,-1,-1,46823
2026-08-23 00:36:44.848,1,3,Read Holding Registers,1200,5,-1,-1,-1,-1,-1,-1,-1,-1,7813
2026-08-23 00:36:44.869,1,3,Read Holding Registers,2560,0,-1,-1,-1,-1,-1,-1,-1,-1,46628
2026-08-23 00:36:45.298,1,1,Read Coils,25,3,-1,-1,-1,-1,-1,-1,-1,-1,52397
2026-08-23 00:36:45.309,1,1,Read Coils,256,20872,-1,-1,-1,-1,-1,-1,-1,-1,34897
2026-08-23 00:36:45.798,1,2,Read Discrete Inputs,4,12,-1,-1,-1,-1,-1,-1,-1,-1,52793
2026-08-23 00:36:45.810,1,2,Read Discrete Inputs,512,185,-1,-1,-1,-1,-1,-1,-1,-1,47289
2026-08-23 00:36:46.299,1,3,Read Holding Registers,1260,12,-1,-1,-1,-1,-1,-1,-1,-1,2693
2026-08-23 00:36:46.341,1,3,Read Holding Registers,6183,3840,-1,-1,-1,-1,-1,-1,-1,-1,1283
2026-08-23 00:36:46.802,1,4,Read Input Registers,86,3,-1,-1,-1,-1,-1,-1,-1,-1,6992
2026-08-23 00:36:46.814,1,4,Read Input Registers,1538,20480,-1,-1,-1,-1,-1,-1,-1,-1,32161
2026-08-23 00:36:47.802,1,6,Write Single Register,321,-1,-1,10,10,10,10,14,-1,-1,9560
2026-08-23 00:36:47.814,1,6,Write Single Register,321,-1,-1,10,10,10,10,14,-1,-1,9560
2026-08-23 00:36:48.303,1,16,Write Multiple Registers,2835,3,6,106,259,204,569,37,-1,-1,41795
2026-08-23 00:36:48.336,1,3,Read Holding Registers,1200,5,-1,-1,-1,-1,-1,-1,-1,-1,7813
2026-08-23 00:36:48.357,1,3,Read Holding Registers,2560,0,-1,-1,-1,-1,-1,-1,-1,-1,46628
2026-08-23 00:36:48.796,1,1,Read Coils,25,3,-1,-1,-1,-1,-1,-1,-1,-1,52397
2026-08-23 00:36:48.808,1,1,Read Coils,256,20872,-1,-1,-1,-1,-1,-1,-1,-1,34897
2026-08-23 00:36:49.298,1,2,Read Discrete Inputs,4,12,-1,-1,-1,-1,-1,-1,-1,-1,52793
2026-08-23 00:36:49.310,1,2,Read Discrete Inputs,513,184,-1,-1,-1,-1,-1,-1,-1,-1,10424
2026-08-23 00:36:49.799,1,3,Read Holding Registers,1260,12,-1,-1,-1,-1,-1,-1,-1,-1,2693
2026-08-23 00:36:49.841,1,3,Read Holding Registers,6183,3840,-1,-1,-1,-1,-1,-1,-1,-1,1283
2026-08-23 00:36:50.107,1,6,Write Single Register,1278,-1,-1,1969,1969,1969,1969,9,-1,-1,20011
2026-08-23 00:36:50.118,1,6,Write Single Register,1278,-1,-1,1969,1969,1969,1969,9,-1,-1,20011
2026-08-23 00:36:50.302,1,4,Read Input Registers,86,3,-1,-1,-1,-1,-1,-1,-1,-1,6992
2026-08-23 00:36:50.313,1,4,Read Input Registers,1538,60160,-1,-1,-1,-1,-1,-1,-1,-1,26181
2026-08-23 00:36:51.303,1,6,Write Single Register,321,-1,-1,43,43,43,43,12,-1,-1,15768
2026-08-23 00:36:51.314,1,6,Write Single Register,321,-1,-1,43,43,43,43,12,-1,-1,15768
2026-08-23 00:36:51.803,1,16,Write Multiple Registers,2835,3,6,118,248,247,613,31,-1,-1,46643
2026-08-23 00:36:51.836,1,3,Read Holding Registers,1200,5,-1,-1,-1,-1,-1,-1,-1,-1,7813
2026-08-23 00:36:51.858,1,3,Read Holding Registers,2560,0,-1,-1,-1,-1,-1,-1,-1,-1,46628
2026-08-23 00:36:52.296,1,1,Read Coils,25,3,-1,-1,-1,-1,-1,-1,-1,-1,52397
2026-08-23 00:36:52.307,1,1,Read Coils,256,20872,-1,-1,-1,-1,-1,-1,-1,-1,34897
2026-08-23 00:36:52.798,1,2,Read Discrete Inputs,4,12,-1,-1,-1,-1,-1,-1,-1,-1,52793
2026-08-23 00:36:52.809,1,2,Read Discrete Inputs,513,184,-1,-1,-1,-1,-1,-1,-1,-1,10424
2026-08-23 00:36:53.300,1,3,Read Holding Registers,1260,12,-1,-1,-1,-1,-1,-1,-1,-1,2693
2026-08-23 00:36:53.342,1,3,Read Holding Registers,6183,3840,-1,-1,-1,-1,-1,-1,-1,-1,1283
2026-08-23 00:36:53.800,1,4,Read Input Registers,86,3,-1,-1,-1,-1,-1,-1,-1,-1,6992
2026-08-23 00:36:53.822,1,4,Read Input Registers,1538,23808,-1,-1,-1,-1,-1,-1,-1,-1,48268
2026-08-23 00:36:55.306,1,16,Write Multiple Registers,2835,3,6,102,253,224,579,34,-1,-1,30354
2026-08-23 00:36:55.339,1,3,Read Holding Registers,1200,5,-1,-1,-1,-1,-1,-1,-1,-1,7813
2026-08-23 00:36:55.360,1,3,Read Holding Registers,2560,0,-1,-1,-1,-1,-1,-1,-1,-1,46628
2026-08-23 00:36:55.798,1,1,Read Coils,25,3,-1,-1,-1,-1,-1,-1,-1,-1,52397
2026-08-23 00:36:55.809,1,1,Read Coils,256,20872,-1,-1,-1,-1,-1,-1,-1,-1,34897
2026-08-23 00:36:56.298,1,2,Read Discrete Inputs,4,12,-1,-1,-1,-1,-1,-1,-1,-1,52793
2026-08-23 00:36:56.309,1,2,Read Discrete Inputs,513,184,-1,-1,-1,-1,-1,-1,-1,-1,10424
2026-08-23 00:36:56.799,1,3,Read Holding Registers,1260,12,-1,-1,-1,-1,-1,-1,-1,-1,2693
2026-08-23 00:36:56.841,1,3,Read Holding Registers,6183,3840,-1,-1,-1,-1,-1,-1,-1,-1,1283
2026-08-23 00:36:57.299,1,4,Read Input Registers,86,3,-1,-1,-1,-1,-1,-1,-1,-1,6992
2026-08-23 00:36:57.320,1,4,Read Input Registers,1539,3840,-1,-1,-1,-1,-1,-1,-1,-1,41268
2026-08-23 00:36:58.297,1,6,Write Single Register,321,-1,-1,43,43,43,43,12,-1,-1,15768
2026-08-23 00:36:58.318,1,6,Write Single Register,321,-1,-1,43,43,43,43,12,-1,-1,15768
2026-08-23 00:36:58.808,1,16,Write Multiple Registers,2835,3,6,106,243,201,550,34,-1,-1,30606
2026-08-23 00:36:58.841,1,3,Read Holding Registers,1200,5,-1,-1,-1,-1,-1,-1,-1,-1,7813
2026-08-23 00:36:58.862,1,3,Read Holding Registers,2560,0,-1,-1,-1,-1,-1,-1,-1,-1,46628
2026-08-23 00:36:59.301,1,1,Read Coils,25,3,-1,-1,-1,-1,-1,-1,-1,-1,52397
2026-08-23 00:36:59.312,1,1,Read Coils,256,20872,-1,-1,-1,-1,-1,-1,-1,-1,34897
2026-08-23 00:36:59.801,1,2,Read Discrete Inputs,4,12,-1,-1,-1,-1,-1,-1,-1,-1,52793
2026-08-23 00:36:59.813,1,2,Read Discrete Inputs,512,185,-1,-1,-1,-1,-1,-1,-1,-1,47289
2026-08-23 00:37:00.301,1,3,Read Holding Registers,1260,12,-1,-1,-1,-1,-1,-1,-1,-1,2693
2026-08-23 00:37:00.344,1,3,Read Holding Registers,6183,3840,-1,-1,-1,-1,-1,-1,-1,-1,1283
2026-08-23 00:37:00.802,1,4,Read Input Registers,86,3,-1,-1,-1,-1,-1,-1,-1,-1,6992
2026-08-23 00:37:00.814,1,4,Read Input Registers,1537,50688,-1,-1,-1,-1,-1,-1,-1,-1,21481
2026-08-23 00:37:02.308,1,16,Write Multiple Registers,2835,3,6,101,252,233,586,33,-1,-1,46975
2026-08-23 00:37:02.341,1,3,Read Holding Registers,1200,5,-1,-1,-1,-1,-1,-1,-1,-1,7813
2026-08-23 00:37:02.363,1,3,Read Holding Registers,2560,0,-1,-1,-1,-1,-1,-1,-1,-1,46628
2026-08-23 00:37:02.801,1,1,Read Coils,25,3,-1,-1,-1,-1,-1,-1,-1,-1,52397
2026-08-23 00:37:02.812,1,1,Read Coils,256,20872,-1,-1,-1,-1,-1,-1,-1,-1,34897
2026-08-23 00:37:03.302,1,2,Read Discrete Inputs,4,12,-1,-1,-1,-1,-1,-1,-1,-1,52793
2026-08-23 00:37:03.313,1,2,Read Discrete Inputs,513,184,-1,-1,-1,-1,-1,-1,-1,-1,10424
2026-08-23 00:37:03.782,1,6,Write Single Register,1266,-1,-1,238,238,238,238,10,-1,-1,17833
2026-08-23 00:37:03.794,1,6,Write Single Register,1266,-1,-1,238,238,238,238,10,-1,-1,17833
2026-08-23 00:37:03.805,1,3,Read Holding Registers,1260,12,-1,-1,-1,-1,-1,-1,-1,-1,2693
2026-08-23 00:37:03.847,1,3,Read Holding Registers,6183,3840,-1,-1,-1,-1,-1,-1,-1,-1,13590
2026-08-23 00:37:04.305,1,4,Read Input Registers,86,3,-1,-1,-1,-1,-1,-1,-1,-1,6992
2026-08-23 00:37:04.327,1,4,Read Input Registers,1539,41728,-1,-1,-1,-1,-1,-1,-1,-1,47524
2026-08-23 00:37:05.813,1,16,Write Multiple Registers,2835,3,6,111,247,201,559,31,-1,-1,46495
2026-08-23 00:37:05.846,1,3,Read Holding Registers,1200,5,-1,-1,-1,-1,-1,-1,-1,-1,7813
2026-08-23 00:37:05.868,1,3,Read Holding Registers,2560,0,-1,-1,-1,-1,-1,-1,-1,-1,46628
2026-08-23 00:37:06.306,1,1,Read Coils,25,3,-1,-1,-1,-1,-1,-1,-1,-1,52397
2026-08-23 00:37:06.318,1,1,Read Coils,256,20872,-1,-1,-1,-1,-1,-1,-1,-1,34897
2026-08-23 00:37:06.807,1,2,Read Discrete Inputs,4,12,-1,-1,-1,-1,-1,-1,-1,-1,52793
2026-08-23 00:37:06.819,1,2,Read Discrete Inputs,512,185,-1,-1,-1,-1,-1,-1,-1,-1,47289
2026-08-23 00:37:07.308,1,3,Read Holding Registers,1260,12,-1,-1,-1,-1,-1,-1,-1,-1,2693
2026-08-23 00:37:07.350,1,3,Read Holding Registers,6183,3840,-1,-1,-1,-1,-1,-1,-1,-1,13590
2026-08-23 00:37:07.809,1,4,Read Input Registers,86,3,-1,-1,-1,-1,-1,-1,-1,-1,6992
2026-08-23 00:37:07.821,1,4,Read Input Registers,1537,22784,-1,-1,-1,-1,-1,-1,-1,-1,20349
2026-08-23 00:37:09.317,1,16,Write Multiple Registers,2835,3,6,112,254,209,575,34,-1,-1,30542
2026-08-23 00:37:09.340,1,3,Read Holding Registers,1200,5,-1,-1,-1,-1,-1,-1,-1,-1,7813
2026-08-23 00:37:09.362,1,3,Read Holding Registers,2560,0,-1,-1,-1,-1,-1,-1,-1,-1,46628
2026-08-23 00:37:09.812,1,1,Read Coils,25,3,-1,-1,-1,-1,-1,-1,-1,-1,52397
2026-08-23 00:37:09.824,1,1,Read Coils,256,20872,-1,-1,-1,-1,-1,-1,-1,-1,34897
2026-08-23 00:37:10.313,1,2,Read Discrete Inputs,4,12,-1,-1,-1,-1,-1,-1,-1,-1,52793
2026-08-23 00:37:10.325,1,2,Read Discrete Inputs,512,185,-1,-1,-1,-1,-1,-1,-1,-1,47289
2026-08-23 00:37:10.814,1,3,Read Holding Registers,1260,12,-1,-1,-1,-1,-1,-1,-1,-1,2693
2026-08-23 00:37:10.846,1,3,Read Holding Registers,6183,3840,-1,-1,-1,-1,-1,-1,-1,-1,13590
2026-08-23 00:37:11.305,1,4,Read Input Registers,86,3,-1,-1,-1,-1,-1,-1,-1,-1,6992
2026-08-23 00:37:11.327,1,4,Read Input Registers,1538,1792,-1,-1,-1,-1,-1,-1,-1,-1,45524
2026-08-23 00:37:12.313,1,6,Write Single Register,321,-1,-1,33,33,33,33,14,-1,-1,14872
2026-08-23 00:37:12.325,1,6,Write Single Register,321,-1,-1,33,33,33,33,14,-1,-1,14872
2026-08-23 00:37:12.814,1,16,Write Multiple Registers,2835,3,6,102,255,232,589,32,-1,-1,30450
2026-08-23 00:37:12.847,1,3,Read Holding Registers,1200,5,-1,-1,-1,-1,-1,-1,-1,-1,7813
2026-08-23 00:37:12.869,1,3,Read Holding Registers,2560,0,-1,-1,-1,-1,-1,-1,-1,-1,46628
2026-08-23 00:37:13.306,1,1,Read Coils,25,3,-1,-1,-1,-1,-1,-1,-1,-1,52397
2026-08-23 00:37:13.318,1,1,Read Coils,256,20872,-1,-1,-1,-1,-1,-1,-1,-1,34897
2026-08-23 00:37:13.807,1,2,Read Discrete Inputs,4,12,-1,-1,-1,-1,-1,-1,-1,-1,52793
2026-08-23 00:37:13.819,1,2,Read Discrete Inputs,512,185,-1,-1,-1,-1,-1,-1,-1,-1,47289
2026-08-23 00:37:14.308,1,3,Read Holding Registers,1260,12,-1,-1,-1,-1,-1,-1,-1,-1,2693
2026-08-23 00:37:14.350,1,3,Read Holding Registers,6183,3840,-1,-1,-1,-1,-1,-1,-1,-1,13590
2026-08-23 00:37:14.808,1,4,Read Input Registers,86,3,-1,-1,-1,-1,-1,-1,-1,-1,6992
2026-08-23 00:37:14.830,1,4,Read Input Registers,1537,30208,-1,-1,-1,-1,-1,-1,-1,-1,35240
2026-08-23 00:37:15.309,1,5,Write Single Coil,9012,65280,-1,-1,-1,-1,-1,-1,-1,-1,28870
2026-08-23 00:37:15.320,1,5,Write Single Coil,9012,65280,-1,-1,-1,-1,-1,-1,-1,-1,28870
2026-08-23 00:37:16.317,1,16,Write Multiple Registers,2835,3,6,119,240,223,582,31,-1,-1,45847
2026-08-23 00:37:16.339,1,3,Read Holding Registers,1200,5,-1,-1,-1,-1,-1,-1,-1,-1,7813
2026-08-23 00:37:16.361,1,3,Read Holding Registers,2560,0,-1,-1,-1,-1,-1,-1,-1,-1,46628
2026-08-23 00:37:16.809,1,1,Read Coils,25,3,-1,-1,-1,-1,-1,-1,-1,-1,52397
2026-08-23 00:37:16.821,1,1,Read Coils,256,20872,-1,-1,-1,-1,-1,-1,-1,-1,34897
2026-08-23 00:37:17.127,1,6,Write Single Register,1266,-1,-1,241,241,241,241,11,-1,-1,36328
2026-08-23 00:37:17.138,1,6,Write Single Register,1266,-1,-1,241,241,241,241,11,-1,-1,36328
2026-08-23 00:37:17.312,1,2,Read Discrete Inputs,4,12,-1,-1,-1,-1,-1,-1,-1,-1,52793
2026-08-23 00:37:17.323,1,2,Read Discrete Inputs,513,184,-1,-1,-1,-1,-1,-1,-1,-1,10424
2026-08-23 00:37:17.812,1,3,Read Holding Registers,1260,12,-1,-1,-1,-1,-1,-1,-1,-1,2693
2026-08-23 00:37:17.844,1,3,Read Holding Registers,6183,3840,-1,-1,-1,-1,-1,-1,-1,-1,57714
2026-08-23 00:37:18.313,1,4,Read Input Registers,86,3,-1,-1,-1,-1,-1,-1,-1,-1,6992
2026-08-23 00:37:18.325,1,4,Read Input Registers,1539,44288,-1,-1,-1,-1,-1,-1,-1,-1,30925
2026-08-23 00:37:19.820,1,16,Write Multiple Registers,2835,3,6,115,251,201,567,32,-1,-1,30302
2026-08-23 00:37:19.842,1,3,Read Holding Registers,1200,5,-1,-1,-1,-1,-1,-1,-1,-1,7813
2026-08-23 00:37:19.864,1,3,Read Holding Registers,2560,0,-1,-1,-1,-1,-1,-1,-1,-1,46628
2026-08-23 00:37:20.311,1,1,Read Coils,25,3,-1,-1,-1,-1,-1,-1,-1,-1,52397
2026-08-23 00:37:20.323,1,1,Read Coils,256,20872,-1,-1,-1,-1,-1,-1,-1,-1,34897
2026-08-23 00:37:20.812,1,2,Read Discrete Inputs,4,12,-1,-1,-1,-1,-1,-1,-1,-1,52793
2026-08-23 00:37:20.823,1,2,Read Discrete Inputs,512,185,-1,-1,-1,-1,-1,-1,-1,-1,47289
2026-08-23 00:37:21.312,1,3,Read Holding Registers,1260,12,-1,-1,-1,-1,-1,-1,-1,-1,2693
2026-08-23 00:37:21.344,1,3,Read Holding Registers,6183,3840,-1,-1,-1,-1,-1,-1,-1,-1,57714
2026-08-23 00:37:21.812,1,4,Read Input Registers,86,3,-1,-1,-1,-1,-1,-1,-1,-1,6992
2026-08-23 00:37:21.824,1,4,Read Input Registers,1538,5120,-1,-1,-1,-1,-1,-1,-1,-1,29265
2026-08-23 00:37:22.313,1,5,Write Single Coil,9012,0,-1,-1,-1,-1,-1,-1,-1,-1,32903
2026-08-23 00:37:22.325,1,5,Write Single Coil,9012,0,-1,-1,-1,-1,-1,-1,-1,-1,32903
2026-08-23 00:37:22.814,1,6,Write Single Register,321,-1,-1,19,19,19,19,13,-1,-1,61337
2026-08-23 00:37:22.825,1,6,Write Single Register,321,-1,-1,19,19,19,19,13,-1,-1,61337
2026-08-23 00:37:23.314,1,16,Write Multiple Registers,2835,3,6,106,246,228,580,34,-1,-1,29410
2026-08-23 00:37:23.347,1,3,Read Holding Registers,1200,5,-1,-1,-1,-1,-1,-1,-1,-1,7813
2026-08-23 00:37:23.368,1,3,Read Holding Registers,2560,0,-1,-1,-1,-1,-1,-1,-1,-1,46628
2026-08-23 00:37:23.807,1,1,Read Coils,25,3,-1,-1,-1,-1,-1,-1,-1,-1,52397
2026-08-23 00:37:23.818,1,1,Read Coils,256,20872,-1,-1,-1,-1,-1,-1,-1,-1,34897
2026-08-23 00:37:24.307,1,2,Read Discrete Inputs,4,12,-1,-1,-1,-1,-1,-1,-1,-1,52793
2026-08-23 00:37:24.319,1,2,Read Discrete Inputs,513,184,-1,-1,-1,-1,-1,-1,-1,-1,10424
2026-08-23 00:37:24.808,1,3,Read Holding Registers,1260,12,-1,-1,-1,-1,-1,-1,-1,-1,2693
2026-08-23 00:37:24.850,1,3,Read Holding Registers,6183,3840,-1,-1,-1,-1,-1,-1,-1,-1,57714
2026-08-23 00:37:25.309,1,4,Read Input Registers,86,3,-1,-1,-1,-1,-1,-1,-1,-1,6992
2026-08-23 00:37:25.330,1,4,Read Input Registers,1539,30208,-1,-1,-1,-1,-1,-1,-1,-1,27561
2026-08-23 00:37:26.815,1,16,Write Multiple Registers,2835,3,6,116,249,235,600,32,-1,-1,29078
2026-08-23 00:37:26.849,1,3,Read Holding Registers,1200,5,-1,-1,-1,-1,-1,-1,-1,-1,7813
2026-08-23 00:37:26.870,1,3,Read Holding Registers,2560,0,-1,-1,-1,-1,-1,-1,-1,-1,46628
2026-08-23 00:37:27.308,1,1,Read Coils,25,3,-1,-1,-1,-1,-1,-1,-1,-1,52397
2026-08-23 00:37:27.319,1,1,Read Coils,256,20872,-1,-1,-1,-1,-1,-1,-1,-1,34897
2026-08-23 00:37:27.808,1,2,Read Discrete Inputs,4,12,-1,-1,-1,-1,-1,-1,-1,-1,52793
2026-08-23 00:37:27.820,1,2,Read Discrete Inputs,513,184,-1,-1,-1,-1,-1,-1,-1,-1,10424
2026-08-23 00:37:27.892,1,6,Write Single Register,1277,-1,-1,1754,1754,1754,1754,9,-1,-1,12699
2026-08-23 00:37:27.903,1,6,Write Single Register,1277,-1,-1,1754,1754,1754,1754,9,-1,-1,12699
2026-08-23 00:37:28.311,1,3,Read Holding Registers,1260,12,-1,-1,-1,-1,-1,-1,-1,-1,2693
2026-08-23 00:37:28.342,1,3,Read Holding Registers,6183,3840,-1,-1,-1,-1,-1,-1,-1,-1,57714
2026-08-23 00:37:28.811,1,4,Read Input Registers,86,3,-1,-1,-1,-1,-1,-1,-1,-1,6992
2026-08-23 00:37:28.823,1,4,Read Input Registers,1538,7168,-1,-1,-1,-1,-1,-1,-1,-1,46000
2026-08-23 00:37:30.317,1,16,Write Multiple Registers,2835,3,6,112,252,249,613,33,-1,-1,45231
2026-08-23 00:37:30.340,1,3,Read Holding Registers,1200,5,-1,-1,-1,-1,-1,-1,-1,-1,7813
2026-08-23 00:37:30.361,1,3,Read Holding Registers,2560,0,-1,-1,-1,-1,-1,-1,-1,-1,46628
2026-08-23 00:37:30.810,1,1,Read Coils,25,3,-1,-1,-1,-1,-1,-1,-1,-1,52397
2026-08-23 00:37:30.822,1,1,Read Coils,256,20872,-1,-1,-1,-1,-1,-1,-1,-1,34897
2026-08-23 00:37:31.311,1,2,Read Discrete Inputs,4,12,-1,-1,-1,-1,-1,-1,-1,-1,52793
2026-08-23 00:37:31.322,1,2,Read Discrete Inputs,512,185,-1,-1,-1,-1,-1,-1,-1,-1,47289
2026-08-23 00:37:31.812,1,3,Read Holding Registers,1260,12,-1,-1,-1,-1,-1,-1,-1,-1,2693
2026-08-23 00:37:31.844,1,3,Read Holding Registers,6183,3840,-1,-1,-1,-1,-1,-1,-1,-1,57714
2026-08-23 00:37:32.313,1,4,Read Input Registers,86,3,-1,-1,-1,-1,-1,-1,-1,-1,6992
2026-08-23 00:37:32.324,1,4,Read Input Registers,1537,33280,-1,-1,-1,-1,-1,-1,-1,-1,23577
2026-08-23 00:37:32.813,1,5,Write Single Coil,9012,0,-1,-1,-1,-1,-1,-1,-1,-1,32903
2026-08-23 00:37:32.825,1,5,Write Single Coil,9012,0,-1,-1,-1,-1,-1,-1,-1,-1,32903
2026-08-23 00:37:33.823,1,16,Write Multiple Registers,2835,3,6,103,249,243,595,31,-1,-1,46663
2026-08-23 00:37:33.846,1,3,Read Holding Registers,1200,5,-1,-1,-1,-1,-1,-1,-1,-1,7813
2026-08-23 00:37:33.868,1,3,Read Holding Registers,2560,0,-1,-1,-1,-1,-1,-1,-1,-1,46628
2026-08-23 00:37:34.306,1,1,Read Coils,25,3,-1,-1,-1,-1,-1,-1,-1,-1,52397
2026-08-23 00:37:34.318,1,1,Read Coils,256,20872,-1,-1,-1,-1,-1,-1,-1,-1,34897
2026-08-23 00:37:34.809,1,2,Read Discrete Inputs,4,12,-1,-1,-1,-1,-1,-1,-1,-1,52793
2026-08-23 00:37:34.821,1,2,Read Discrete Inputs,512,185,-1,-1,-1,-1,-1,-1,-1,-1,47289
2026-08-23 00:37:35.311,1,3,Read Holding Registers,1260,12,-1,-1,-1,-1,-1,-1,-1,-1,2693
2026-08-23 00:37:35.353,1,3,Read Holding Registers,6183,3840,-1,-1,-1,-1,-1,-1,-1,-1,57714
2026-08-23 00:37:35.813,1,4,Read Input Registers,86,3,-1,-1,-1,-1,-1,-1,-1,-1,6992
2026-08-23 00:37:35.825,1,4,Read Input Registers,1537,12032,-1,-1,-1,-1,-1,-1,-1,-1,33972
2026-08-23 00:37:35.958,1,6,Write Single Register,1265,-1,-1,173,173,173,173,11,-1,-1,46104
2026-08-23 00:37:35.970,1,6,Write Single Register,1265,-1,-1,173,173,173,173,11,-1,-1,46104
2026-08-23 00:37:37.315,1,16,Write Multiple Registers,2835,3,6,100,254,222,576,32,-1,-1,29274
2026-08-23 00:37:37.348,1,3,Read Holding Registers,1200,5,-1,-1,-1,-1,-1,-1,-1,-1,7813
2026-08-23 00:37:37.370,1,3,Read Holding Registers,2560,0,-1,-1,-1,-1,-1,-1,-1,-1,46628
2026-08-23 00:37:37.809,1,1,Read Coils,25,3,-1,-1,-1,-1,-1,-1,-1,-1,52397
2026-08-23 00:37:37.821,1,1,Read Coils,256,20872,-1,-1,-1,-1,-1,-1,-1,-1,34897
2026-08-23 00:37:38.312,1,2,Read Discrete Inputs,4,12,-1,-1,-1,-1,-1,-1,-1,-1,52793
2026-08-23 00:37:38.323,1,2,Read Discrete Inputs,513,184,-1,-1,-1,-1,-1,-1,-1,-1,10424
2026-08-23 00:37:38.813,1,3,Read Holding Registers,1260,12,-1,-1,-1,-1,-1,-1,-1,-1,2693
2026-08-23 00:37:38.845,1,3,Read Holding Registers,6183,3840,-1,-1,-1,-1,-1,-1,-1,-1,27240
2026-08-23 00:37:39.315,1,4,Read Input Registers,86,3,-1,-1,-1,-1,-1,-1,-1,-1,6992
2026-08-23 00:37:39.327,1,4,Read Input Registers,1537,54016,-1,-1,-1,-1,-1,-1,-1,-1,37092
2026-08-23 00:37:39.806,1,5,Write Single Coil,9012,0,-1,-1,-1,-1,-1,-1,-1,-1,32903
2026-08-23 00:37:39.828,1,5,Write Single Coil,9012,0,-1,-1,-1,-1,-1,-1,-1,-1,32903
2026-08-23 00:37:40.816,1,16,Write Multiple Registers,2835,3,6,102,240,216,558,36,-1,-1,30450
2026-08-23 00:37:40.849,1,3,Read Holding Registers,1200,5,-1,-1,-1,-1,-1,-1,-1,-1,7813
2026-08-23 00:37:40.870,1,3,Read Holding Registers,2560,0,-1,-1,-1,-1,-1,-1,-1,-1,46628
2026-08-23 00:37:41.309,1,1,Read Coils,25,3,-1,-1,-1,-1,-1,-1,-1,-1,52397
2026-08-23 00:37:41.321,1,1,Read Coils,256,20872,-1,-1,-1,-1,-1,-1,-1,-1,34897
2026-08-23 00:37:41.811,1,2,Read Discrete Inputs,4,12,-1,-1,-1,-1,-1,-1,-1,-1,52793
2026-08-23 00:37:41.823,1,2,Read Discrete Inputs,512,185,-1,-1,-1,-1,-1,-1,-1,-1,47289
2026-08-23 00:37:42.314,1,3,Read Holding Registers,1260,12,-1,-1,-1,-1,-1,-1,-1,-1,2693
2026-08-23 00:37:42.346,1,3,Read Holding Registers,6183,3840,-1,-1,-1,-1,-1,-1,-1,-1,27240
2026-08-23 00:37:42.807,1,4,Read Input Registers,86,3,-1,-1,-1,-1,-1,-1,-1,-1,6992
2026-08-23 00:37:42.829,1,4,Read Input Registers,1538,39168,-1,-1,-1,-1,-1,-1,-1,-1,28029
2026-08-23 00:37:43.806,1,6,Write Single Register,321,-1,-1,19,19,19,19,13,-1,-1,61337
2026-08-23 00:37:43.828,1,6,Write Single Register,321,-1,-1,19,19,19,19,13,-1,-1,61337
2026-08-23 00:37:44.318,1,16,Write Multiple Registers,2835,3,6,113,240,234,587,35,-1,-1,46715
2026-08-23 00:37:44.341,1,3,Read Holding Registers,1200,5,-1,-1,-1,-1,-1,-1,-1,-1,7813
2026-08-23 00:37:44.362,1,3,Read Holding Registers,2560,0,-1,-1,-1,-1,-1,-1,-1,-1,46628
2026-08-23 00:37:44.811,1,1,Read Coils,25,3,-1,-1,-1,-1,-1,-1,-1,-1,52397
2026-08-23 00:37:44.822,1,1,Read Coils,256,20872,-1,-1,-1,-1,-1,-1,-1,-1,34897
2026-08-23 00:37:45.313,1,2,Read Discrete Inputs,4,12,-1,-1,-1,-1,-1,-1,-1,-1,52793
2026-08-23 00:37:45.324,1,2,Read Discrete Inputs,512,185,-1,-1,-1,-1,-1,-1,-1,-1,47289
2026-08-23 00:37:45.814,1,3,Read Holding Registers,1260,12,-1,-1,-1,-1,-1,-1,-1,-1,2693
2026-08-23 00:37:45.846,1,3,Read Holding Registers,6183,3840,-1,-1,-1,-1,-1,-1,-1,-1,27240
2026-08-23 00:37:46.315,1,4,Read Input Registers,86,3,-1,-1,-1,-1,-1,-1,-1,-1,6992
2026-08-23 00:37:46.326,1,4,Read Input Registers,1536,26880,-1,-1,-1,-1,-1,-1,-1,-1,39484
2026-08-23 00:37:46.806,1,5,Write Single Coil,9012,0,-1,-1,-1,-1,-1,-1,-1,-1,32903
2026-08-23 00:37:46.828,1,5,Write Single Coil,9012,0,-1,-1,-1,-1,-1,-1,-1,-1,32903
2026-08-23 00:37:47.306,1,6,Write Single Register,321,-1,-1,41,41,41,41,13,-1,-1,64537
2026-08-23 00:37:47.328,1,6,Write Single Register,321,-1,-1,41,41,41,41,13,-1,-1,64537
2026-08-23 00:37:47.817,1,16,Write Multiple Registers,2835,3,6,112,241,236,589,35,-1,-1,46691
2026-08-23 00:37:47.840,1,3,Read Holding Registers,1200,5,-1,-1,-1,-1,-1,-1,-1,-1,7813
2026-08-23 00:37:47.861,1,3,Read Holding Registers,2560,0,-1,-1,-1,-1,-1,-1,-1,-1,46628
2026-08-23 00:37:48.310,1,1,Read Coils,25,3,-1,-1,-1,-1,-1,-1,-1,-1,52397
2026-08-23 00:37:48.321,1,1,Read Coils,256,20872,-1,-1,-1,-1,-1,-1,-1,-1,34897
2026-08-23 00:37:48.811,1,2,Read Discrete Inputs,4,12,-1,-1,-1,-1,-1,-1,-1,-1,52793
2026-08-23 00:37:48.823,1,2,Read Discrete Inputs,513,184,-1,-1,-1,-1,-1,-1,-1,-1,10424
2026-08-23 00:37:49.313,1,3,Read Holding Registers,1260,12,-1,-1,-1,-1,-1,-1,-1,-1,2693
2026-08-23 00:37:49.345,1,3,Read Holding Registers,6183,3840,-1,-1,-1,-1,-1,-1,-1,-1,27240
2026-08-23 00:37:49.814,1,4,Read Input Registers,86,3,-1,-1,-1,-1,-1,-1,-1,-1,6992
2026-08-23 00:37:49.825,1,4,Read Input Registers,1537,30976,-1,-1,-1,-1,-1,-1,-1,-1,35068
2026-08-23 00:37:50.752,1,6,Write Single Register,1277,-1,-1,1758,1758,1758,1758,8,-1,-1,62106
2026-08-23 00:37:50.774,1,6,Write Single Register,1277,-1,-1,1758,1758,1758,1758,8,-1,-1,62106
2026-08-23 00:37:51.315,1,16,Write Multiple Registers,2835,3,6,101,243,236,580,33,-1,-1,46067
2026-08-23 00:37:51.347,1,3,Read Holding Registers,1200,5,-1,-1,-1,-1,-1,-1,-1,-1,7813
2026-08-23 00:37:51.369,1,3,Read Holding Registers,2560,0,-1,-1,-1,-1,-1,-1,-1,-1,46628
2026-08-23 00:37:51.808,1,1,Read Coils,25,3,-1,-1,-1,-1,-1,-1,-1,-1,52397
2026-08-23 00:37:51.819,1,1,Read Coils,256,20872,-1,-1,-1,-1,-1,-1,-1,-1,34897
2026-08-23 00:37:52.309,1,2,Read Discrete Inputs,4,12,-1,-1,-1,-1,-1,-1,-1,-1,52793
2026-08-23 00:37:52.321,1,2,Read Discrete Inputs,512,185,-1,-1,-1,-1,-1,-1,-1,-1,47289
2026-08-23 00:37:52.810,1,3,Read Holding Registers,1260,12,-1,-1,-1,-1,-1,-1,-1,-1,2693
2026-08-23 00:37:52.853,1,3,Read Holding Registers,6183,3840,-1,-1,-1,-1,-1,-1,-1,-1,27240
2026-08-23 00:37:53.312,1,4,Read Input Registers,86,3,-1,-1,-1,-1,-1,-1,-1,-1,6992
2026-08-23 00:37:53.323,1,4,Read Input Registers,1538,19200,-1,-1,-1,-1,-1,-1,-1,-1,32709
2026-08-23 00:37:54.820,1,16,Write Multiple Registers,2835,3,6,112,242,217,571,35,-1,-1,45999
2026-08-23 00:37:54.843,1,3,Read Holding Registers,1200,5,-1,-1,-1,-1,-1,-1,-1,-1,7813
2026-08-23 00:37:54.864,1,3,Read Holding Registers,2560,0,-1,-1,-1,-1,-1,-1,-1,-1,46628
2026-08-23 00:37:55.313,1,1,Read Coils,25,3,-1,-1,-1,-1,-1,-1,-1,-1,52397
2026-08-23 00:37:55.324,1,1,Read Coils,256,20872,-1,-1,-1,-1,-1,-1,-1,-1,34897
2026-08-23 00:37:55.814,1,2,Read Discrete Inputs,4,12,-1,-1,-1,-1,-1,-1,-1,-1,52793
2026-08-23 00:37:55.826,1,2,Read Discrete Inputs,513,184,-1,-1,-1,-1,-1,-1,-1,-1,10424
2026-08-23 00:37:56.306,1,3,Read Holding Registers,1260,12,-1,-1,-1,-1,-1,-1,-1,-1,2693
2026-08-23 00:37:56.348,1,3,Read Holding Registers,6183,3840,-1,-1,-1,-1,-1,-1,-1,-1,27240
2026-08-23 00:37:56.705,1,6,Write Single Register,1261,-1,-1,26,26,26,26,13,-1,-1,1177
2026-08-23 00:37:56.717,1,6,Write Single Register,1261,-1,-1,26,26,26,26,13,-1,-1,1177
2026-08-23 00:37:56.810,1,4,Read Input Registers,86,3,-1,-1,-1,-1,-1,-1,-1,-1,6992
2026-08-23 00:37:56.831,1,4,Read Input Registers,1538,41216,-1,-1,-1,-1,-1,-1,-1,-1,43228
2026-08-23 00:37:57.310,1,5,Write Single Coil,9012,65280,-1,-1,-1,-1,-1,-1,-1,-1,28870
2026-08-23 00:37:57.322,1,5,Write Single Coil,9012,65280,-1,-1,-1,-1,-1,-1,-1,-1,28870
2026-08-23 00:37:58.319,1,16,Write Multiple Registers,2835,3,6,116,249,227,592,33,-1,-1,45175
2026-08-23 00:37:58.342,1,3,Read Holding Registers,1200,5,-1,-1,-1,-1,-1,-1,-1,-1,7813
2026-08-23 00:37:58.363,1,3,Read Holding Registers,2560,0,-1,-1,-1,-1,-1,-1,-1,-1,46628
2026-08-23 00:37:58.815,1,1,Read Coils,25,3,-1,-1,-1,-1,-1,-1,-1,-1,52397
2026-08-23 00:37:58.826,1,1,Read Coils,256,20872,-1,-1,-1,-1,-1,-1,-1,-1,34897
2026-08-23 00:37:59.316,1,2,Read Discrete Inputs,4,12,-1,-1,-1,-1,-1,-1,-1,-1,52793
2026-08-23 00:37:59.327,1,2,Read Discrete Inputs,513,184,-1,-1,-1,-1,-1,-1,-1,-1,10424
2026-08-23 00:37:59.807,1,3,Read Holding Registers,1260,12,-1,-1,-1,-1,-1,-1,-1,-1,2693
2026-08-23 00:37:59.849,1,3,Read Holding Registers,6183,3840,-1,-1,-1,-1,-1,-1,-1,-1,30644
2026-08-23 00:38:00.307,1,4,Read Input Registers,86,3,-1,-1,-1,-1,-1,-1,-1,-1,6992
2026-08-23 00:38:00.329,1,4,Read Input Registers,1538,10752,-1,-1,-1,-1,-1,-1,-1,-1,46968
2026-08-23 00:38:01.824,1,16,Write Multiple Registers,2835,3,6,100,249,201,550,35,-1,-1,45935
2026-08-23 00:38:01.847,1,3,Read Holding Registers,1200,5,-1,-1,-1,-1,-1,-1,-1,-1,7813
2026-08-23 00:38:01.868,1,3,Read Holding Registers,2560,0,-1,-1,-1,-1,-1,-1,-1,-1,46628
2026-08-23 00:38:02.296,1,6,Write Single Register,1270,-1,-1,616,616,616,616,12,-1,-1,18024
2026-08-23 00:38:02.308,1,6,Write Single Register,1270,-1,-1,616,616,616,616,12,-1,-1,18024
2026-08-23 00:38:02.319,1,1,Read Coils,25,3,-1,-1,-1,-1,-1,-1,-1,-1,52397
2026-08-23 00:38:02.330,1,1,Read Coils,256,20872,-1,-1,-1,-1,-1,-1,-1,-1,34897
2026-08-23 00:38:02.821,1,2,Read Discrete Inputs,4,12,-1,-1,-1,-1,-1,-1,-1,-1,52793
2026-08-23 00:38:02.832,1,2,Read Discrete Inputs,512,185,-1,-1,-1,-1,-1,-1,-1,-1,47289
2026-08-23 00:38:03.323,1,3,Read Holding Registers,1260,12,-1,-1,-1,-1,-1,-1,-1,-1,2693
2026-08-23 00:38:03.365,1,3,Read Holding Registers,6183,3840,-1,-1,-1,-1,-1,-1,-1,-1,45157
2026-08-23 00:38:03.825,1,4,Read Input Registers,86,3,-1,-1,-1,-1,-1,-1,-1,-1,6992
2026-08-23 00:38:03.837,1,4,Read Input Registers,1538,13568,-1,-1,-1,-1,-1,-1,-1,-1,30189
2026-08-23 00:38:05.327,1,16,Write Multiple Registers,2835,3,6,104,248,247,599,33,-1,-1,46407
2026-08-23 00:38:05.360,1,3,Read Holding Registers,1200,5,-1,-1,-1,-1,-1,-1,-1,-1,7813
2026-08-23 00:38:05.382,1,3,Read Holding Registers,2560,0,-1,-1,-1,-1,-1,-1,-1,-1,46628
2026-08-23 00:38:05.820,1,1,Read Coils,25,3,-1,-1,-1,-1,-1,-1,-1,-1,52397
2026-08-23 00:38:05.832,1,1,Read Coils,256,20872,-1,-1,-1,-1,-1,-1,-1,-1,34897
2026-08-23 00:38:06.322,1,2,Read Discrete Inputs,4,12,-1,-1,-1,-1,-1,-1,-1,-1,52793
2026-08-23 00:38:06.334,1,2,Read Discrete Inputs,512,185,-1,-1,-1,-1,-1,-1,-1,-1,47289
2026-08-23 00:38:06.823,1,3,Read Holding Registers,1260,12,-1,-1,-1,-1,-1,-1,-1,-1,2693
2026-08-23 00:38:06.855,1,3,Read Holding Registers,6183,3840,-1,-1,-1,-1,-1,-1,-1,-1,45157
2026-08-23 00:38:07.324,1,4,Read Input Registers,86,3,-1,-1,-1,-1,-1,-1,-1,-1,6992
2026-08-23 00:38:07.335,1,4,Read Input Registers,1537,23808,-1,-1,-1,-1,-1,-1,-1,-1,36748
2026-08-23 00:38:08.829,1,16,Write Multiple Registers,2835,3,6,100,250,219,569,33,-1,-1,45463
2026-08-23 00:38:08.852,1,3,Read Holding Registers,1200,5,-1,-1,-1,-1,-1,-1,-1,-1,7813
2026-08-23 00:38:08.873,1,3,Read Holding Registers,2560,0,-1,-1,-1,-1,-1,-1,-1,-1,46628
2026-08-23 00:38:09.322,1,1,Read Coils,25,3,-1,-1,-1,-1,-1,-1,-1,-1,52397
2026-08-23 00:38:09.333,1,1,Read Coils,256,20872,-1,-1,-1,-1,-1,-1,-1,-1,34897
2026-08-23 00:38:09.823,1,2,Read Discrete Inputs,4,12,-1,-1,-1,-1,-1,-1,-1,-1,52793
2026-08-23 00:38:09.834,1,2,Read Discrete Inputs,513,184,-1,-1,-1,-1,-1,-1,-1,-1,10424
2026-08-23 00:38:10.323,1,3,Read Holding Registers,1260,12,-1,-1,-1,-1,-1,-1,-1,-1,2693
2026-08-23 00:38:10.365,1,3,Read Holding Registers,6183,3840,-1,-1,-1,-1,-1,-1,-1,-1,45157
2026-08-23 00:38:10.824,1,4,Read Input Registers,86,3,-1,-1,-1,-1,-1,-1,-1,-1,6992
2026-08-23 00:38:10.835,1,4,Read Input Registers,1536,30208,-1,-1,-1,-1,-1,-1,-1,-1,22697
2026-08-23 00:38:12.331,1,16,Write Multiple Registers,2835,3,6,108,253,243,604,31,-1,-1,46903
2026-08-23 00:38:12.354,1,3,Read Holding Registers,1200,5,-1,-1,-1,-1,-1,-1,-1,-1,7813
2026-08-23 00:38:12.376,1,3,Read Holding Registers,2560,0,-1,-1,-1,-1,-1,-1,-1,-1,46628
2026-08-23 00:38:12.825,1,1,Read Coils,25,3,-1,-1,-1,-1,-1,-1,-1,-1,52397
2026-08-23 00:38:12.836,1,1,Read Coils,256,20872,-1,-1,-1,-1,-1,-1,-1,-1,34897
2026-08-23 00:38:13.325,1,2,Read Discrete Inputs,4,12,-1,-1,-1,-1,-1,-1,-1,-1,52793
2026-08-23 00:38:13.337,1,2,Read Discrete Inputs,513,184,-1,-1,-1,-1,-1,-1,-1,-1,10424
2026-08-23 00:38:13.817,1,3,Read Holding Registers,1260,12,-1,-1,-1,-1,-1,-1,-1,-1,2693
2026-08-23 00:38:13.860,1,3,Read Holding Registers,6183,3840,-1,-1,-1,-1,-1,-1,-1,-1,45157
2026-08-23 00:38:14.319,1,4,Read Input Registers,86,3,-1,-1,-1,-1,-1,-1,-1,-1,6992
2026-08-23 00:38:14.341,1,4,Read Input Registers,1538,36608,-1,-1,-1,-1,-1,-1,-1,-1,44596
2026-08-23 00:38:15.831,1,16,Write Multiple Registers,2835,3,6,118,252,206,576,32,-1,-1,30138
2026-08-23 00:38:15.853,1,3,Read Holding Registers,1200,5,-1,-1,-1,-1,-1,-1,-1,-1,7813
2026-08-23 00:38:15.875,1,3,Read Holding Registers,2560,0,-1,-1,-1,-1,-1,-1,-1,-1,46628
2026-08-23 00:38:16.323,1,1,Read Coils,25,3,-1,-1,-1,-1,-1,-1,-1,-1,52397
2026-08-23 00:38:16.334,1,1,Read Coils,256,20872,-1,-1,-1,-1,-1,-1,-1,-1,34897
2026-08-23 00:38:16.824,1,2,Read Discrete Inputs,4,12,-1,-1,-1,-1,-1,-1,-1,-1,52793
2026-08-23 00:38:16.835,1,2,Read Discrete Inputs,512,185,-1,-1,-1,-1,-1,-1,-1,-1,47289
2026-08-23 00:38:17.171,1,6,Write Single Register,1266,-1,-1,238,238,238,238,10,-1,-1,17833
2026-08-23 00:38:17.183,1,6,Write Single Register,1266,-1,-1,238,238,238,238,10,-1,-1,17833
2026-08-23 00:38:17.326,1,3,Read Holding Registers,1260,12,-1,-1,-1,-1,-1,-1,-1,-1,2693
2026-08-23 00:38:17.358,1,3,Read Holding Registers,6183,3840,-1,-1,-1,-1,-1,-1,-1,-1,25601
2026-08-23 00:38:17.827,1,4,Read Input Registers,86,3,-1,-1,-1,-1,-1,-1,-1,-1,6992
2026-08-23 00:38:17.839,1,4,Read Input Registers,1536,55552,-1,-1,-1,-1,-1,-1,-1,-1,16509
2026-08-23 00:38:19.332,1,16,Write Multiple Registers,2835,3,6,119,247,244,610,30,-1,-1,30578
2026-08-23 00:38:19.355,1,3,Read Holding Registers,1200,5,-1,-1,-1,-1,-1,-1,-1,-1,7813
2026-08-23 00:38:19.376,1,3,Read Holding Registers,2560,0,-1,-1,-1,-1,-1,-1,-1,-1,46628
2026-08-23 00:38:19.825,1,1,Read Coils,25,3,-1,-1,-1,-1,-1,-1,-1,-1,52397
2026-08-23 00:38:19.836,1,1,Read Coils,256,20872,-1,-1,-1,-1,-1,-1,-1,-1,34897
2026-08-23 00:38:20.326,1,2,Read Discrete Inputs,4,12,-1,-1,-1,-1,-1,-1,-1,-1,52793
2026-08-23 00:38:20.337,1,2,Read Discrete Inputs,512,185,-1,-1,-1,-1,-1,-1,-1,-1,47289
2026-08-23 00:38:20.827,1,3,Read Holding Registers,1260,12,-1,-1,-1,-1,-1,-1,-1,-1,2693
2026-08-23 00:38:20.859,1,3,Read Holding Registers,6183,3840,-1,-1,-1,-1,-1,-1,-1,-1,25601
2026-08-23 00:38:21.327,1,4,Read Input Registers,86,3,-1,-1,-1,-1,-1,-1,-1,-1,6992
2026-08-23 00:38:21.339,1,4,Read Input Registers,1537,51456,-1,-1,-1,-1,-1,-1,-1,-1,21181
2026-08-23 00:38:22.825,1,16,Write Multiple Registers,2835,3,6,113,248,214,575,34,-1,-1,29994
2026-08-23 00:38:22.858,1,3,Read Holding Registers,1200,5,-1,-1,-1,-1,-1,-1,-1,-1,7813
2026-08-23 00:38:22.880,1,3,Read Holding Registers,2560,0,-1,-1,-1,-1,-1,-1,-1,-1,46628
2026-08-23 00:38:23.176,1,6,Write Single Register,1273,-1,-1,1031,1031,1031,1031,12,-1,-1,51483
2026-08-23 00:38:23.187,1,6,Write Single Register,1273,-1,-1,1031,1031,1031,1031,12,-1,-1,51483
2026-08-23 00:38:23.320,1,1,Read Coils,25,3,-1,-1,-1,-1,-1,-1,-1,-1,52397
2026-08-23 00:38:23.332,1,1,Read Coils,256,20872,-1,-1,-1,-1,-1,-1,-1,-1,34897
2026-08-23 00:38:23.821,1,2,Read Discrete Inputs,4,12,-1,-1,-1,-1,-1,-1,-1,-1,52793
2026-08-23 00:38:23.832,1,2,Read Discrete Inputs,512,185,-1,-1,-1,-1,-1,-1,-1,-1,47289
2026-08-23 00:38:24.321,1,3,Read Holding Registers,1260,12,-1,-1,-1,-1,-1,-1,-1,-1,2693
2026-08-23 00:38:24.363,1,3,Read Holding Registers,6183,3840,-1,-1,-1,-1,-1,-1,-1,-1,25601
2026-08-23 00:38:24.822,1,4,Read Input Registers,86,3,-1,-1,-1,-1,-1,-1,-1,-1,6992
2026-08-23 00:38:24.844,1,4,Read Input Registers,1538,48896,-1,-1,-1,-1,-1,-1,-1,-1,43636
2026-08-23 00:38:26.329,1,16,Write Multiple Registers,2835,3,6,114,253,226,593,33,-1,-1,45739
2026-08-23 00:38:26.362,1,3,Read Holding Registers,1200,5,-1,-1,-1,-1,-1,-1,-1,-1,7813
2026-08-23 00:38:26.383,1,3,Read Holding Registers,2560,0,-1,-1,-1,-1,-1,-1,-1,-1,46628
2026-08-23 00:38:26.821,1,1,Read Coils,25,3,-1,-1,-1,-1,-1,-1,-1,-1,52397
2026-08-23 00:38:26.833,1,1,Read Coils,256,20872,-1,-1,-1,-1,-1,-1,-1,-1,34897
2026-08-23 00:38:27.323,1,2,Read Discrete Inputs,4,12,-1,-1,-1,-1,-1,-1,-1,-1,52793
2026-08-23 00:38:27.334,1,2,Read Discrete Inputs,512,185,-1,-1,-1,-1,-1,-1,-1,-1,47289
2026-08-23 00:38:27.823,1,3,Read Holding Registers,1260,12,-1,-1,-1,-1,-1,-1,-1,-1,2693
2026-08-23 00:38:27.866,1,3,Read Holding Registers,6183,3840,-1,-1,-1,-1,-1,-1,-1,-1,25601
2026-08-23 00:38:28.324,1,4,Read Input Registers,86,3,-1,-1,-1,-1,-1,-1,-1,-1,6992
2026-08-23 00:38:28.336,1,4,Read Input Registers,1537,44544,-1,-1,-1,-1,-1,-1,-1,-1,39560
2026-08-23 00:38:29.832,1,16,Write Multiple Registers,2835,3,6,103,259,233,595,35,-1,-1,42911
2026-08-23 00:38:29.855,1,3,Read Holding Registers,1200,5,-1,-1,-1,-1,-1,-1,-1,-1,7813
2026-08-23 00:38:29.877,1,3,Read Holding Registers,2560,0,-1,-1,-1,-1,-1,-1,-1,-1,46628
2026-08-23 00:38:30.325,1,1,Read Coils,25,3,-1,-1,-1,-1,-1,-1,-1,-1,52397
2026-08-23 00:38:30.337,1,1,Read Coils,256,20872,-1,-1,-1,-1,-1,-1,-1,-1,34897
2026-08-23 00:38:30.827,1,2,Read Discrete Inputs,4,12,-1,-1,-1,-1,-1,-1,-1,-1,52793
2026-08-23 00:38:30.839,1,2,Read Discrete Inputs,512,185,-1,-1,-1,-1,-1,-1,-1,-1,47289
2026-08-23 00:38:31.318,1,3,Read Holding Registers,1260,12,-1,-1,-1,-1,-1,-1,-1,-1,2693
2026-08-23 00:38:31.361,1,3,Read Holding Registers,6183,3840,-1,-1,-1,-1,-1,-1,-1,-1,25601
2026-08-23 00:38:31.821,1,4,Read Input Registers,86,3,-1,-1,-1,-1,-1,-1,-1,-1,6992
2026-08-23 00:38:31.843,1,4,Read Input Registers,1538,32512,-1,-1,-1,-1,-1,-1,-1,-1,47988
2026-08-23 00:38:32.322,1,5,Write Single Coil,9012,65280,-1,-1,-1,-1,-1,-1,-1,-1,28870
2026-08-23 00:38:32.333,1,5,Write Single Coil,9012,65280,-1,-1,-1,-1,-1,-1,-1,-1,28870
2026-08-23 00:38:33.333,1,16,Write Multiple Registers,2835,3,6,102,250,245,597,32,-1,-1,30686
2026-08-23 00:38:33.356,1,3,Read Holding Registers,1200,5,-1,-1,-1,-1,-1,-1,-1,-1,7813
2026-08-23 00:38:33.378,1,3,Read Holding Registers,2560,0,-1,-1,-1,-1,-1,-1,-1,-1,46628
2026-08-23 00:38:33.827,1,1,Read Coils,25,3,-1,-1,-1,-1,-1,-1,-1,-1,52397
2026-08-23 00:38:33.839,1,1,Read Coils,256,20872,-1,-1,-1,-1,-1,-1,-1,-1,34897
2026-08-23 00:38:34.318,1,2,Read Discrete Inputs,4,12,-1,-1,-1,-1,-1,-1,-1,-1,52793
2026-08-23 00:38:34.330,1,2,Read Discrete Inputs,512,185,-1,-1,-1,-1,-1,-1,-1,-1,47289
2026-08-23 00:38:34.819,1,3,Read Holding Registers,1260,12,-1,-1,-1,-1,-1,-1,-1,-1,2693
2026-08-23 00:38:34.861,1,3,Read Holding Registers,6183,3840,-1,-1,-1,-1,-1,-1,-1,-1,25601
2026-08-23 00:38:35.320,1,4,Read Input Registers,86,3,-1,-1,-1,-1,-1,-1,-1,-1,6992
2026-08-23 00:38:35.341,1,4,Read Input Registers,1536,34048,-1,-1,-1,-1,-1,-1,-1,-1,19885
2026-08-23 00:38:35.821,1,5,Write Single Coil,9012,65280,-1,-1,-1,-1,-1,-1,-1,-1,28870
2026-08-23 00:38:35.833,1,5,Write Single Coil,9012,65280,-1,-1,-1,-1,-1,-1,-1,-1,28870
2026-08-23 00:38:36.830,1,16,Write Multiple Registers,2835,3,6,100,247,209,556,34,-1,-1,30158
2026-08-23 00:38:36.853,1,3,Read Holding Registers,1200,5,-1,-1,-1,-1,-1,-1,-1,-1,7813
2026-08-23 00:38:36.874,1,3,Read Holding Registers,2560,0,-1,-1,-1,-1,-1,-1,-1,-1,46628
2026-08-23 00:38:37.322,1,1,Read Coils,25,3,-1,-1,-1,-1,-1,-1,-1,-1,52397
2026-08-23 00:38:37.333,1,1,Read Coils,256,20872,-1,-1,-1,-1,-1,-1,-1,-1,34897
2026-08-23 00:38:37.823,1,2,Read Discrete Inputs,4,12,-1,-1,-1,-1,-1,-1,-1,-1,52793
2026-08-23 00:38:37.834,1,2,Read Discrete Inputs,513,184,-1,-1,-1,-1,-1,-1,-1,-1,10424
2026-08-23 00:38:37.876,1,6,Write Single Register,1263,-1,-1,77,77,77,77,12,-1,-1,14969
2026-08-23 00:38:37.887,1,6,Write Single Register,1263,-1,-1,77,77,77,77,12,-1,-1,14969
2026-08-23 00:38:38.325,1,3,Read Holding Registers,1260,12,-1,-1,-1,-1,-1,-1,-1,-1,2693
2026-08-23 00:38:38.357,1,3,Read Holding Registers,6183,3840,-1,-1,-1,-1,-1,-1,-1,-1,13586
2026-08-23 00:38:38.826,1,4,Read Input Registers,86,3,-1,-1,-1,-1,-1,-1,-1,-1,6992
2026-08-23 00:38:38.837,1,4,Read Input Registers,1538,49920,-1,-1,-1,-1,-1,-1,-1,-1,24613
2026-08-23 00:38:40.333,1,16,Write Multiple Registers,2835,3,6,107,248,208,563,35,-1,-1,45699
2026-08-23 00:38:40.356,1,3,Read Holding Registers,1200,5,-1,-1,-1,-1,-1,-1,-1,-1,7813
2026-08-23 00:38:40.377,1,3,Read Holding Registers,2560,0,-1,-1,-1,-1,-1,-1,-1,-1,46628
2026-08-23 00:38:40.826,1,1,Read Coils,25,3,-1,-1,-1,-1,-1,-1,-1,-1,52397
2026-08-23 00:38:40.838,1,1,Read Coils,256,20872,-1,-1,-1,-1,-1,-1,-1,-1,34897
2026-08-23 00:38:41.318,1,2,Read Discrete Inputs,4,12,-1,-1,-1,-1,-1,-1,-1,-1,52793
2026-08-23 00:38:41.340,1,2,Read Discrete Inputs,513,184,-1,-1,-1,-1,-1,-1,-1,-1,10424
2026-08-23 00:38:41.819,1,3,Read Holding Registers,1260,12,-1,-1,-1,-1,-1,-1,-1,-1,2693
2026-08-23 00:38:41.861,1,3,Read Holding Registers,6183,3840,-1,-1,-1,-1,-1,-1,-1,-1,13586
2026-08-23 00:38:42.320,1,4,Read Input Registers,86,3,-1,-1,-1,-1,-1,-1,-1,-1,6992
2026-08-23 00:38:42.341,1,4,Read Input Registers,1536,51456,-1,-1,-1,-1,-1,-1,-1,-1,33724
2026-08-23 00:38:42.820,1,5,Write Single Coil,9012,65280,-1,-1,-1,-1,-1,-1,-1,-1,28870
2026-08-23 00:38:42.842,1,5,Write Single Coil,9012,65280,-1,-1,-1,-1,-1,-1,-1,-1,28870
2026-08-23 00:38:43.322,1,6,Write Single Register,321,-1,-1,33,33,33,33,14,-1,-1,14872
2026-08-23 00:38:43.334,1,6,Write Single Register,321,-1,-1,33,33,33,33,14,-1,-1,14872
2026-08-23 00:38:43.834,1,16,Write Multiple Registers,2835,3,6,114,250,209,573,34,-1,-1,29934
2026-08-23 00:38:43.857,1,3,Read Holding Registers,1200,5,-1,-1,-1,-1,-1,-1,-1,-1,7813
2026-08-23 00:38:43.879,1,3,Read Holding Registers,2560,0,-1,-1,-1,-1,-1,-1,-1,-1,46628
2026-08-23 00:38:44.328,1,1,Read Coils,25,3,-1,-1,-1,-1,-1,-1,-1,-1,52397
2026-08-23 00:38:44.340,1,1,Read Coils,256,20872,-1,-1,-1,-1,-1,-1,-1,-1,34897
2026-08-23 00:38:44.565,1,6,Write Single Register,1275,-1,-1,1370,1370,1370,1370,10,-1,-1,24698
2026-08-23 00:38:44.586,1,6,Write Single Register,1275,-1,-1,1370,1370,1370,1370,10,-1,-1,24698
2026-08-23 00:38:44.823,1,2,Read Discrete Inputs,4,12,-1,-1,-1,-1,-1,-1,-1,-1,52793
2026-08-23 00:38:44.835,1,2,Read Discrete Inputs,513,184,-1,-1,-1,-1,-1,-1,-1,-1,10424
2026-08-23 00:38:45.325,1,3,Read Holding Registers,1260,12,-1,-1,-1,-1,-1,-1,-1,-1,2693
2026-08-23 00:38:45.357,1,3,Read Holding Registers,6183,3840,-1,-1,-1,-1,-1,-1,-1,-1,13586
2026-08-23 00:38:45.827,1,4,Read Input Registers,86,3,-1,-1,-1,-1,-1,-1,-1,-1,6992
2026-08-23 00:38:45.839,1,4,Read Input Registers,1538,26368,-1,-1,-1,-1,-1,-1,-1,-1,47444
2026-08-23 00:38:46.328,1,5,Write Single Coil,9012,0,-1,-1,-1,-1,-1,-1,-1,-1,32903
2026-08-23 00:38:46.339,1,5,Write Single Coil,9012,0,-1,-1,-1,-1,-1,-1,-1,-1,32903
2026-08-23 00:38:46.829,1,6,Write Single Register,321,-1,-1,46,46,46,46,12,-1,-1,15960
2026-08-23 00:38:46.840,1,6,Write Single Register,321,-1,-1,46,46,46,46,12,-1,-1,15960
2026-08-23 00:38:47.330,1,16,Write Multiple Registers,2835,3,6,108,244,214,566,34,-1,-1,30394
2026-08-23 00:38:47.363,1,3,Read Holding Registers,1200,5,-1,-1,-1,-1,-1,-1,-1,-1,7813
2026-08-23 00:38:47.384,1,3,Read Holding Registers,2560,0,-1,-1,-1,-1,-1,-1,-1,-1,46628
2026-08-23 00:38:47.823,1,1,Read Coils,25,3,-1,-1,-1,-1,-1,-1,-1,-1,52397
2026-08-23 00:38:47.835,1,1,Read Coils,256,20872,-1,-1,-1,-1,-1,-1,-1,-1,34897
2026-08-23 00:38:48.325,1,2,Read Discrete Inputs,4,12,-1,-1,-1,-1,-1,-1,-1,-1,52793
2026-08-23 00:38:48.337,1,2,Read Discrete Inputs,512,185,-1,-1,-1,-1,-1,-1,-1,-1,47289
2026-08-23 00:38:48.827,1,3,Read Holding Registers,1260,12,-1,-1,-1,-1,-1,-1,-1,-1,2693
2026-08-23 00:38:48.860,1,3,Read Holding Registers,6183,3840,-1,-1,-1,-1,-1,-1,-1,-1,13586
2026-08-23 00:38:49.328,1,4,Read Input Registers,86,3,-1,-1,-1,-1,-1,-1,-1,-1,6992
2026-08-23 00:38:49.340,1,4,Read Input Registers,1536,32000,-1,-1,-1,-1,-1,-1,-1,-1,39180
2026-08-23 00:38:49.820,1,5,Write Single Coil,9012,0,-1,-1,-1,-1,-1,-1,-1,-1,32903
2026-08-23 00:38:49.842,1,5,Write Single Coil,9012,0,-1,-1,-1,-1,-1,-1,-1,-1,32903
2026-08-23 00:38:50.320,1,6,Write Single Register,321,-1,-1,19,19,19,19,13,-1,-1,61337
2026-08-23 00:38:50.342,1,6,Write Single Register,321,-1,-1,19,19,19,19,13,-1,-1,61337
2026-08-23 00:38:50.831,1,16,Write Multiple Registers,2835,3,6,116,257,202,575,38,-1,-1,25642
2026-08-23 00:38:50.854,1,3,Read Holding Registers,1200,5,-1,-1,-1,-1,-1,-1,-1,-1,7813
2026-08-23 00:38:50.875,1,3,Read Holding Registers,2560,0,-1,-1,-1,-1,-1,-1,-1,-1,46628
2026-08-23 00:38:51.324,1,1,Read Coils,25,3,-1,-1,-1,-1,-1,-1,-1,-1,52397
2026-08-23 00:38:51.335,1,1,Read Coils,256,20872,-1,-1,-1,-1,-1,-1,-1,-1,34897
2026-08-23 00:38:51.824,1,2,Read Discrete Inputs,4,12,-1,-1,-1,-1,-1,-1,-1,-1,52793
2026-08-23 00:38:51.836,1,2,Read Discrete Inputs,512,185,-1,-1,-1,-1,-1,-1,-1,-1,47289
2026-08-23 00:38:52.325,1,3,Read Holding Registers,1260,12,-1,-1,-1,-1,-1,-1,-1,-1,2693
2026-08-23 00:38:52.367,1,3,Read Holding Registers,6183,3840,-1,-1,-1,-1,-1,-1,-1,-1,13586
2026-08-23 00:38:52.826,1,4,Read Input Registers,86,3,-1,-1,-1,-1,-1,-1,-1,-1,6992
2026-08-23 00:38:52.837,1,4,Read Input Registers,1539,40704,-1,-1,-1,-1,-1,-1,-1,-1,48372
2026-08-23 00:38:53.326,1,5,Write Single Coil,9012,0,-1,-1,-1,-1,-1,-1,-1,-1,32903
2026-08-23 00:38:53.338,1,5,Write Single Coil,9012,0,-1,-1,-1,-1,-1,-1,-1,-1,32903
2026-08-23 00:38:54.334,1,16,Write Multiple Registers,2835,3,6,113,246,214,573,33,-1,-1,45483
2026-08-23 00:38:54.357,1,3,Read Holding Registers,1200,5,-1,-1,-1,-1,-1,-1,-1,-1,7813
2026-08-23 00:38:54.378,1,3,Read Holding Registers,2560,0,-1,-1,-1,-1,-1,-1,-1,-1,46628
2026-08-23 00:38:54.826,1,1,Read Coils,25,3,-1,-1,-1,-1,-1,-1,-1,-1,52397
2026-08-23 00:38:54.838,1,1,Read Coils,256,20872,-1,-1,-1,-1,-1,-1,-1,-1,34897
2026-08-23 00:38:55.327,1,2,Read Discrete Inputs,4,12,-1,-1,-1,-1,-1,-1,-1,-1,52793
2026-08-23 00:38:55.339,1,2,Read Discrete Inputs,512,185,-1,-1,-1,-1,-1,-1,-1,-1,47289
2026-08-23 00:38:55.777,1,6,Write Single Register,1271,-1,-1,744,744,744,744,11,-1,-1,9784
2026-08-23 00:38:55.788,1,6,Write Single Register,1271,-1,-1,744,744,744,744,11,-1,-1,9784
2026-08-23 00:38:55.820,1,3,Read Holding Registers,1260,12,-1,-1,-1,-1,-1,-1,-1,-1,2693
2026-08-23 00:38:55.862,1,3,Read Holding Registers,6183,3840,-1,-1,-1,-1,-1,-1,-1,-1,13394
2026-08-23 00:38:56.320,1,4,Read Input Registers,86,3,-1,-1,-1,-1,-1,-1,-1,-1,6992
2026-08-23 00:38:56.341,1,4,Read Input Registers,1537,29440,-1,-1,-1,-1,-1,-1,-1,-1,35172
2026-08-23 00:38:57.328,1,6,Write Single Register,321,-1,-1,17,17,17,17,14,-1,-1,11800
2026-08-23 00:38:57.339,1,6,Write Single Register,321,-1,-1,17,17,17,17,14,-1,-1,11800
2026-08-23 00:38:57.828,1,16,Write Multiple Registers,2835,3,6,112,242,206,560,35,-1,-1,45275
2026-08-23 00:38:57.861,1,3,Read Holding Registers,1200,5,-1,-1,-1,-1,-1,-1,-1,-1,7813
2026-08-23 00:38:57.883,1,3,Read Holding Registers,2560,0,-1,-1,-1,-1,-1,-1,-1,-1,46628
2026-08-23 00:38:58.321,1,1,Read Coils,25,3,-1,-1,-1,-1,-1,-1,-1,-1,52397
2026-08-23 00:38:58.333,1,1,Read Coils,256,20872,-1,-1,-1,-1,-1,-1,-1,-1,34897
2026-08-23 00:38:58.823,1,2,Read Discrete Inputs,4,12,-1,-1,-1,-1,-1,-1,-1,-1,52793
2026-08-23 00:38:58.835,1,2,Read Discrete Inputs,513,184,-1,-1,-1,-1,-1,-1,-1,-1,10424
2026-08-23 00:38:59.326,1,3,Read Holding Registers,1260,12,-1,-1,-1,-1,-1,-1,-1,-1,2693
2026-08-23 00:38:59.358,1,3,Read Holding Registers,6183,3840,-1,-1,-1,-1,-1,-1,-1,-1,13394
2026-08-23 00:38:59.828,1,4,Read Input Registers,86,3,-1,-1,-1,-1,-1,-1,-1,-1,6992
2026-08-23 00:38:59.840,1,4,Read Input Registers,1537,25344,-1,-1,-1,-1,-1,-1,-1,-1,19109
2026-08-23 00:39:01.335,1,16,Write Multiple Registers,2835,3,6,116,246,204,566,34,-1,-1,29410
2026-08-23 00:39:01.358,1,3,Read Holding Registers,1200,5,-1,-1,-1,-1,-1,-1,-1,-1,7813
2026-08-23 00:39:01.379,1,3,Read Holding Registers,2560,0,-1,-1,-1,-1,-1,-1,-1,-1,46628
2026-08-23 00:39:01.828,1,1,Read Coils,25,3,-1,-1,-1,-1,-1,-1,-1,-1,52397
2026-08-23 00:39:01.839,1,1,Read Coils,256,20872,-1,-1,-1,-1,-1,-1,-1,-1,34897
2026-08-23 00:39:02.319,1,2,Read Discrete Inputs,4,12,-1,-1,-1,-1,-1,-1,-1,-1,52793
2026-08-23 00:39:02.340,1,2,Read Discrete Inputs,512,185,-1,-1,-1,-1,-1,-1,-1,-1,47289
2026-08-23 00:39:02.819,1,3,Read Holding Registers,1260,12,-1,-1,-1,-1,-1,-1,-1,-1,2693
2026-08-23 00:39:02.862,1,3,Read Holding Registers,6183,3840,-1,-1,-1,-1,-1,-1,-1,-1,13394
2026-08-23 00:39:03.321,1,4,Read Input Registers,86,3,-1,-1,-1,-1,-1,-1,-1,-1,6992
2026-08-23 00:39:03.343,1,4,Read Input Registers,1538,41984,-1,-1,-1,-1,-1,-1,-1,-1,43024
2026-08-23 00:39:04.829,1,16,Write Multiple Registers,2835,3,6,109,256,235,600,36,-1,-1,25734
2026-08-23 00:39:04.862,1,3,Read Holding Registers,1200,5,-1,-1,-1,-1,-1,-1,-1,-1,7813
2026-08-23 00:39:04.884,1,3,Read Holding Registers,2560,0,-1,-1,-1,-1,-1,-1,-1,-1,46628
2026-08-23 00:39:05.322,1,1,Read Coils,25,3,-1,-1,-1,-1,-1,-1,-1,-1,52397
2026-08-23 00:39:05.333,1,1,Read Coils,256,20872,-1,-1,-1,-1,-1,-1,-1,-1,34897
2026-08-23 00:39:05.681,1,6,Write Single Register,1276,-1,-1,1560,1560,1560,1560,12,-1,-1,24651
2026-08-23 00:39:05.693,1,6,Write Single Register,1276,-1,-1,1560,1560,1560,1560,12,-1,-1,24651
2026-08-23 00:39:05.826,1,2,Read Discrete Inputs,4,12,-1,-1,-1,-1,-1,-1,-1,-1,52793
2026-08-23 00:39:05.838,1,2,Read Discrete Inputs,512,185,-1,-1,-1,-1,-1,-1,-1,-1,47289
2026-08-23 00:39:06.327,1,3,Read Holding Registers,1260,12,-1,-1,-1,-1,-1,-1,-1,-1,2693
2026-08-23 00:39:06.360,1,3,Read Holding Registers,6183,3840,-1,-1,-1,-1,-1,-1,-1,-1,13394
2026-08-23 00:39:06.829,1,4,Read Input Registers,86,3,-1,-1,-1,-1,-1,-1,-1,-1,6992
2026-08-23 00:39:06.841,1,4,Read Input Registers,1539,30976,-1,-1,-1,-1,-1,-1,-1,-1,27389
2026-08-23 00:39:07.320,1,5,Write Single Coil,9012,0,-1,-1,-1,-1,-1,-1,-1,-1,32903
2026-08-23 00:39:07.332,1,5,Write Single Coil,9012,0,-1,-1,-1,-1,-1,-1,-1,-1,32903
2026-08-23 00:39:08.330,1,16,Write Multiple Registers,2835,3,6,119,259,225,603,35,-1,-1,41855
2026-08-23 00:39:08.353,1,3,Read Holding Registers,1200,5,-1,-1,-1,-1,-1,-1,-1,-1,7813
2026-08-23 00:39:08.375,1,3,Read Holding Registers,2560,0,-1,-1,-1,-1,-1,-1,-1,-1,46628
2026-08-23 00:39:08.825,1,1,Read Coils,25,3,-1,-1,-1,-1,-1,-1,-1,-1,52397
2026-08-23 00:39:08.836,1,1,Read Coils,256,20872,-1,-1,-1,-1,-1,-1,-1,-1,34897
2026-08-23 00:39:09.326,1,2,Read Discrete Inputs,4,12,-1,-1,-1,-1,-1,-1,-1,-1,52793
2026-08-23 00:39:09.337,1,2,Read Discrete Inputs,513,184,-1,-1,-1,-1,-1,-1,-1,-1,10424
2026-08-23 00:39:09.827,1,3,Read Holding Registers,1260,12,-1,-1,-1,-1,-1,-1,-1,-1,2693
2026-08-23 00:39:09.860,1,3,Read Holding Registers,6183,3840,-1,-1,-1,-1,-1,-1,-1,-1,13394
2026-08-23 00:39:10.319,1,4,Read Input Registers,86,3,-1,-1,-1,-1,-1,-1,-1,-1,6992
2026-08-23 00:39:10.341,1,4,Read Input Registers,1538,59136,-1,-1,-1,-1,-1,-1,-1,-1,26453
2026-08-23 00:39:11.827,1,16,Write Multiple Registers,2835,3,6,113,252,234,599,33,-1,-1,45947
2026-08-23 00:39:11.860,1,3,Read Holding Registers,1200,5,-1,-1,-1,-1,-1,-1,-1,-1,7813
2026-08-23 00:39:11.881,1,3,Read Holding Registers,2560,0,-1,-1,-1,-1,-1,-1,-1,-1,46628
2026-08-23 00:39:12.321,1,1,Read Coils,25,3,-1,-1,-1,-1,-1,-1,-1,-1,52397
2026-08-23 00:39:12.332,1,1,Read Coils,256,20872,-1,-1,-1,-1,-1,-1,-1,-1,34897
2026-08-23 00:39:12.823,1,2,Read Discrete Inputs,4,12,-1,-1,-1,-1,-1,-1,-1,-1,52793
2026-08-23 00:39:12.835,1,2,Read Discrete Inputs,512,185,-1,-1,-1,-1,-1,-1,-1,-1,47289
2026-08-23 00:39:13.325,1,3,Read Holding Registers,1260,12,-1,-1,-1,-1,-1,-1,-1,-1,2693
2026-08-23 00:39:13.367,1,3,Read Holding Registers,6183,3840,-1,-1,-1,-1,-1,-1,-1,-1,13394
2026-08-23 00:39:13.827,1,4,Read Input Registers,86,3,-1,-1,-1,-1,-1,-1,-1,-1,6992
2026-08-23 00:39:13.839,1,4,Read Input Registers,1537,59904,-1,-1,-1,-1,-1,-1,-1,-1,38264
2026-08-23 00:39:14.329,1,5,Write Single Coil,9012,65280,-1,-1,-1,-1,-1,-1,-1,-1,28870
2026-08-23 00:39:14.340,1,5,Write Single Coil,9012,65280,-1,-1,-1,-1,-1,-1,-1,-1,28870
2026-08-23 00:39:15.327,1,16,Write Multiple Registers,2835,3,6,106,252,223,581,31,-1,-1,45191
2026-08-23 00:39:15.360,1,3,Read Holding Registers,1200,5,-1,-1,-1,-1,-1,-1,-1,-1,7813
2026-08-23 00:39:15.381,1,3,Read Holding Registers,2560,0,-1,-1,-1,-1,-1,-1,-1,-1,46628
2026-08-23 00:39:15.821,1,1,Read Coils,25,3,-1,-1,-1,-1,-1,-1,-1,-1,52397
2026-08-23 00:39:15.832,1,1,Read Coils,256,20872,-1,-1,-1,-1,-1,-1,-1,-1,34897
2026-08-23 00:39:16.322,1,2,Read Discrete Inputs,4,12,-1,-1,-1,-1,-1,-1,-1,-1,52793
2026-08-23 00:39:16.334,1,2,Read Discrete Inputs,513,184,-1,-1,-1,-1,-1,-1,-1,-1,10424
2026-08-23 00:39:16.823,1,3,Read Holding Registers,1260,12,-1,-1,-1,-1,-1,-1,-1,-1,2693
2026-08-23 00:39:16.865,1,3,Read Holding Registers,6183,3840,-1,-1,-1,-1,-1,-1,-1,-1,13394
2026-08-23 00:39:17.324,1,4,Read Input Registers,86,3,-1,-1,-1,-1,-1,-1,-1,-1,6992
2026-08-23 00:39:17.336,1,4,Read Input Registers,1536,54528,-1,-1,-1,-1,-1,-1,-1,-1,16749
2026-08-23 00:39:18.833,1,16,Write Multiple Registers,2835,3,6,112,245,240,597,35,-1,-1,47027
2026-08-23 00:39:18.856,1,3,Read Holding Registers,1200,5,-1,-1,-1,-1,-1,-1,-1,-1,7813
2026-08-23 00:39:18.878,1,3,Read Holding Registers,2560,0,-1,-1,-1,-1,-1,-1,-1,-1,46628
2026-08-23 00:39:19.011,1,6,Write Single Register,1266,-1,-1,241,241,241,241,11,-1,-1,36328
2026-08-23 00:39:19.022,1,6,Write Single Register,1266,-1,-1,241,241,241,241,11,-1,-1,36328
2026-08-23 00:39:19.328,1,1,Read Coils,25,3,-1,-1,-1,-1,-1,-1,-1,-1,52397
2026-08-23 00:39:19.340,1,1,Read Coils,256,20872,-1,-1,-1,-1,-1,-1,-1,-1,34897
2026-08-23 00:39:19.819,1,2,Read Discrete Inputs,4,12,-1,-1,-1,-1,-1,-1,-1,-1,52793
2026-08-23 00:39:19.841,1,2,Read Discrete Inputs,512,185,-1,-1,-1,-1,-1,-1,-1,-1,47289
2026-08-23 00:39:20.320,1,3,Read Holding Registers,1260,12,-1,-1,-1,-1,-1,-1,-1,-1,2693
2026-08-23 00:39:20.362,1,3,Read Holding Registers,6183,3840,-1,-1,-1,-1,-1,-1,-1,-1,57398
2026-08-23 00:39:20.821,1,4,Read Input Registers,86,3,-1,-1,-1,-1,-1,-1,-1,-1,6992
2026-08-23 00:39:20.843,1,4,Read Input Registers,1536,43264,-1,-1,-1,-1,-1,-1,-1,-1,35644
2026-08-23 00:39:21.322,1,5,Write Single Coil,9012,0,-1,-1,-1,-1,-1,-1,-1,-1,32903
2026-08-23 00:39:21.334,1,5,Write Single Coil,9012,0,-1,-1,-1,-1,-1,-1,-1,-1,32903
2026-08-23 00:39:22.331,1,16,Write Multiple Registers,2835,3,6,103,242,203,548,33,-1,-1,46247
2026-08-23 00:39:22.364,1,3,Read Holding Registers,1200,5,-1,-1,-1,-1,-1,-1,-1,-1,7813
2026-08-23 00:39:22.385,1,3,Read Holding Registers,2560,0,-1,-1,-1,-1,-1,-1,-1,-1,46628
2026-08-23 00:39:22.823,1,1,Read Coils,25,3,-1,-1,-1,-1,-1,-1,-1,-1,52397
2026-08-23 00:39:22.835,1,1,Read Coils,256,20872,-1,-1,-1,-1,-1,-1,-1,-1,34897
2026-08-23 00:39:23.326,1,2,Read Discrete Inputs,4,12,-1,-1,-1,-1,-1,-1,-1,-1,52793
2026-08-23 00:39:23.337,1,2,Read Discrete Inputs,512,185,-1,-1,-1,-1,-1,-1,-1,-1,47289
2026-08-23 00:39:23.828,1,3,Read Holding Registers,1260,12,-1,-1,-1,-1,-1,-1,-1,-1,2693
2026-08-23 00:39:23.861,1,3,Read Holding Registers,6183,3840,-1,-1,-1,-1,-1,-1,-1,-1,57398
2026-08-23 00:39:24.320,1,4,Read Input Registers,86,3,-1,-1,-1,-1,-1,-1,-1,-1,6992
2026-08-23 00:39:24.342,1,4,Read Input Registers,1537,33792,-1,-1,-1,-1,-1,-1,-1,-1,23697
2026-08-23 00:39:24.822,1,5,Write Single Coil,9012,65280,-1,-1,-1,-1,-1,-1,-1,-1,28870
2026-08-23 00:39:24.834,1,5,Write Single Coil,9012,65280,-1,-1,-1,-1,-1,-1,-1,-1,28870
2026-08-23 00:39:25.324,1,6,Write Single Register,321,-1,-1,29,29,29,29,12,-1,-1,11032
2026-08-23 00:39:25.336,1,6,Write Single Register,321,-1,-1,29,29,29,29,12,-1,-1,11032
2026-08-23 00:39:25.836,1,16,Write Multiple Registers,2835,3,6,100,249,248,597,34,-1,-1,30482
2026-08-23 00:39:25.859,1,3,Read Holding Registers,1200,5,-1,-1,-1,-1,-1,-1,-1,-1,7813
2026-08-23 00:39:25.880,1,3,Read Holding Registers,2560,0,-1,-1,-1,-1,-1,-1,-1,-1,46628
2026-08-23 00:39:26.319,1,1,Read Coils,25,3,-1,-1,-1,-1,-1,-1,-1,-1,52397
2026-08-23 00:39:26.331,1,1,Read Coils,256,20872,-1,-1,-1,-1,-1,-1,-1,-1,34897
2026-08-23 00:39:26.820,1,2,Read Discrete Inputs,4,12,-1,-1,-1,-1,-1,-1,-1,-1,52793
2026-08-23 00:39:26.832,1,2,Read Discrete Inputs,513,184,-1,-1,-1,-1,-1,-1,-1,-1,10424
2026-08-23 00:39:27.321,1,3,Read Holding Registers,1260,12,-1,-1,-1,-1,-1,-1,-1,-1,2693
2026-08-23 00:39:27.364,1,3,Read Holding Registers,6183,3840,-1,-1,-1,-1,-1,-1,-1,-1,57398
2026-08-23 00:39:27.823,1,4,Read Input Registers,86,3,-1,-1,-1,-1,-1,-1,-1,-1,6992
2026-08-23 00:39:27.844,1,4,Read Input Registers,1537,10752,-1,-1,-1,-1,-1,-1,-1,-1,33912
2026-08-23 00:39:29.329,1,16,Write Multiple Registers,2835,3,6,102,249,229,580,33,-1,-1,46431
2026-08-23 00:39:29.362,1,3,Read Holding Registers,1200,5,-1,-1,-1,-1,-1,-1,-1,-1,7813
2026-08-23 00:39:29.383,1,3,Read Holding Registers,2560,0,-1,-1,-1,-1,-1,-1,-1,-1,46628
2026-08-23 00:39:29.822,1,1,Read Coils,25,3,-1,-1,-1,-1,-1,-1,-1,-1,52397
2026-08-23 00:39:29.833,1,1,Read Coils,256,20872,-1,-1,-1,-1,-1,-1,-1,-1,34897
2026-08-23 00:39:30.322,1,2,Read Discrete Inputs,4,12,-1,-1,-1,-1,-1,-1,-1,-1,52793
2026-08-23 00:39:30.334,1,2,Read Discrete Inputs,512,185,-1,-1,-1,-1,-1,-1,-1,-1,47289
2026-08-23 00:39:30.822,1,3,Read Holding Registers,1260,12,-1,-1,-1,-1,-1,-1,-1,-1,2693
2026-08-23 00:39:30.865,1,3,Read Holding Registers,6183,3840,-1,-1,-1,-1,-1,-1,-1,-1,57398
2026-08-23 00:39:31.324,1,4,Read Input Registers,86,3,-1,-1,-1,-1,-1,-1,-1,-1,6992
2026-08-23 00:39:31.336,1,4,Read Input Registers,1537,27648,-1,-1,-1,-1,-1,-1,-1,-1,19441
2026-08-23 00:39:32.828,1,16,Write Multiple Registers,2835,3,6,117,249,221,587,31,-1,-1,46351
2026-08-23 00:39:32.861,1,3,Read Holding Registers,1200,5,-1,-1,-1,-1,-1,-1,-1,-1,7813
2026-08-23 00:39:32.882,1,3,Read Holding Registers,2560,0,-1,-1,-1,-1,-1,-1,-1,-1,46628
2026-08-23 00:39:32.964,1,6,Write Single Register,1268,-1,-1,400,400,400,400,13,-1,-1,62664
2026-08-23 00:39:32.976,1,6,Write Single Register,1268,-1,-1,400,400,400,400,13,-1,-1,62664
2026-08-23 00:39:33.324,1,1,Read Coils,25,3,-1,-1,-1,-1,-1,-1,-1,-1,52397
2026-08-23 00:39:33.335,1,1,Read Coils,256,20872,-1,-1,-1,-1,-1,-1,-1,-1,34897
2026-08-23 00:39:33.822,1,2,Read Discrete Inputs,4,12,-1,-1,-1,-1,-1,-1,-1,-1,52793
2026-08-23 00:39:33.833,1,2,Read Discrete Inputs,513,184,-1,-1,-1,-1,-1,-1,-1,-1,10424
2026-08-23 00:39:34.319,1,3,Read Holding Registers,1260,12,-1,-1,-1,-1,-1,-1,-1,-1,2693
2026-08-23 00:39:34.362,1,3,Read Holding Registers,6183,3840,-1,-1,-1,-1,-1,-1,-1,-1,8383
2026-08-23 00:39:34.826,1,4,Read Input Registers,86,3,-1,-1,-1,-1,-1,-1,-1,-1,6992
2026-08-23 00:39:34.838,1,4,Read Input Registers,1538,30464,-1,-1,-1,-1,-1,-1,-1,-1,31381
2026-08-23 00:39:36.333,1,16,Write Multiple Registers,2835,3,6,105,257,246,608,36,-1,-1,26602
2026-08-23 00:39:36.357,1,3,Read Holding Registers,1200,5,-1,-1,-1,-1,-1,-1,-1,-1,7813
2026-08-23 00:39:36.379,1,3,Read Holding Registers,2560,0,-1,-1,-1,-1,-1,-1,-1,-1,46628
2026-08-23 00:39:36.828,1,1,Read Coils,25,3,-1,-1,-1,-1,-1,-1,-1,-1,52397
2026-08-23 00:39:36.839,1,1,Read Coils,256,20872,-1,-1,-1,-1,-1,-1,-1,-1,34897
2026-08-23 00:39:37.321,1,2,Read Discrete Inputs,4,12,-1,-1,-1,-1,-1,-1,-1,-1,52793
2026-08-23 00:39:37.333,1,2,Read Discrete Inputs,513,184,-1,-1,-1,-1,-1,-1,-1,-1,10424
2026-08-23 00:39:37.824,1,3,Read Holding Registers,1260,12,-1,-1,-1,-1,-1,-1,-1,-1,2693
2026-08-23 00:39:37.866,1,3,Read Holding Registers,6183,3840,-1,-1,-1,-1,-1,-1,-1,-1,8383
2026-08-23 00:39:38.327,1,4,Read Input Registers,86,3,-1,-1,-1,-1,-1,-1,-1,-1,6992
2026-08-23 00:39:38.338,1,4,Read Input Registers,1539,17664,-1,-1,-1,-1,-1,-1,-1,-1,28589
2026-08-23 00:39:39.829,1,16,Write Multiple Registers,2835,3,6,113,255,213,581,31,-1,-1,46895
2026-08-23 00:39:39.861,1,3,Read Holding Registers,1200,5,-1,-1,-1,-1,-1,-1,-1,-1,7813
2026-08-23 00:39:39.882,1,3,Read Holding Registers,2560,0,-1,-1,-1,-1,-1,-1,-1,-1,46628
2026-08-23 00:39:40.321,1,1,Read Coils,25,3,-1,-1,-1,-1,-1,-1,-1,-1,52397
2026-08-23 00:39:40.333,1,1,Read Coils,256,20872,-1,-1,-1,-1,-1,-1,-1,-1,34897
2026-08-23 00:39:40.822,1,2,Read Discrete Inputs,4,12,-1,-1,-1,-1,-1,-1,-1,-1,52793
2026-08-23 00:39:40.834,1,2,Read Discrete Inputs,512,185,-1,-1,-1,-1,-1,-1,-1,-1,47289
2026-08-23 00:39:41.323,1,3,Read Holding Registers,1260,12,-1,-1,-1,-1,-1,-1,-1,-1,2693
2026-08-23 00:39:41.365,1,3,Read Holding Registers,6183,3840,-1,-1,-1,-1,-1,-1,-1,-1,8383
2026-08-23 00:39:41.824,1,4,Read Input Registers,86,3,-1,-1,-1,-1,-1,-1,-1,-1,6992
2026-08-23 00:39:41.846,1,4,Read Input Registers,1537,55296,-1,-1,-1,-1,-1,-1,-1,-1,20801
2026-08-23 00:39:42.829,1,6,Write Single Register,321,-1,-1,19,19,19,19,13,-1,-1,61337
2026-08-23 00:39:42.840,1,6,Write Single Register,321,-1,-1,19,19,19,19,13,-1,-1,61337
2026-08-23 00:39:43.330,1,16,Write Multiple Registers,2835,3,6,109,244,234,587,33,-1,-1,46011
2026-08-23 00:39:43.363,1,3,Read Holding Registers,1200,5,-1,-1,-1,-1,-1,-1,-1,-1,7813
2026-08-23 00:39:43.385,1,3,Read Holding Registers,2560,0,-1,-1,-1,-1,-1,-1,-1,-1,46628
2026-08-23 00:39:43.823,1,1,Read Coils,25,3,-1,-1,-1,-1,-1,-1,-1,-1,52397
2026-08-23 00:39:43.834,1,1,Read Coils,256,20872,-1,-1,-1,-1,-1,-1,-1,-1,34897
2026-08-23 00:39:44.323,1,2,Read Discrete Inputs,4,12,-1,-1,-1,-1,-1,-1,-1,-1,52793
2026-08-23 00:39:44.335,1,2,Read Discrete Inputs,513,184,-1,-1,-1,-1,-1,-1,-1,-1,10424
2026-08-23 00:39:44.540,1,6,Write Single Register,1280,-1,-1,2418,2418,2418,2418,10,-1,-1,29455
2026-08-23 00:39:44.562,1,6,Write Single Register,1280,-1,-1,2418,2418,2418,2418,10,-1,-1,29455
2026-08-23 00:39:44.828,1,3,Read Holding Registers,1260,12,-1,-1,-1,-1,-1,-1,-1,-1,2693
2026-08-23 00:39:44.860,1,3,Read Holding Registers,6183,3840,-1,-1,-1,-1,-1,-1,-1,-1,8383
2026-08-23 00:39:45.328,1,4,Read Input Registers,86,3,-1,-1,-1,-1,-1,-1,-1,-1,6992
2026-08-23 00:39:45.340,1,4,Read Input Registers,1537,35840,-1,-1,-1,-1,-1,-1,-1,-1,40304
2026-08-23 00:39:46.835,1,16,Write Multiple Registers,2835,3,6,117,254,241,612,31,-1,-1,45535
2026-08-23 00:39:46.858,1,3,Read Holding Registers,1200,5,-1,-1,-1,-1,-1,-1,-1,-1,7813
2026-08-23 00:39:46.879,1,3,Read Holding Registers,2560,0,-1,-1,-1,-1,-1,-1,-1,-1,46628
2026-08-23 00:39:47.327,1,1,Read Coils,25,3,-1,-1,-1,-1,-1,-1,-1,-1,52397
2026-08-23 00:39:47.339,1,1,Read Coils,256,20872,-1,-1,-1,-1,-1,-1,-1,-1,34897
2026-08-23 00:39:47.829,1,2,Read Discrete Inputs,4,12,-1,-1,-1,-1,-1,-1,-1,-1,52793
2026-08-23 00:39:47.840,1,2,Read Discrete Inputs,513,184,-1,-1,-1,-1,-1,-1,-1,-1,10424
2026-08-23 00:39:48.320,1,3,Read Holding Registers,1260,12,-1,-1,-1,-1,-1,-1,-1,-1,2693
2026-08-23 00:39:48.362,1,3,Read Holding Registers,6183,3840,-1,-1,-1,-1,-1,-1,-1,-1,8383
2026-08-23 00:39:48.825,1,4,Read Input Registers,86,3,-1,-1,-1,-1,-1,-1,-1,-1,6992
2026-08-23 00:39:48.837,1,4,Read Input Registers,1539,38656,-1,-1,-1,-1,-1,-1,-1,-1,32021
2026-08-23 00:39:50.008,1,6,Write Single Register,1280,-1,-1,2418,2418,2418,2418,10,-1,-1,29455
2026-08-23 00:39:50.019,1,6,Write Single Register,1280,-1,-1,2418,2418,2418,2418,10,-1,-1,29455
2026-08-23 00:39:50.337,1,16,Write Multiple Registers,2835,3,6,102,245,208,555,35,-1,-1,46291
2026-08-23 00:39:50.359,1,3,Read Holding Registers,1200,5,-1,-1,-1,-1,-1,-1,-1,-1,7813
2026-08-23 00:39:50.381,1,3,Read Holding Registers,2560,0,-1,-1,-1,-1,-1,-1,-1,-1,46628
2026-08-23 00:39:50.829,1,1,Read Coils,25,3,-1,-1,-1,-1,-1,-1,-1,-1,52397
2026-08-23 00:39:50.841,1,1,Read Coils,256,20872,-1,-1,-1,-1,-1,-1,-1,-1,34897
2026-08-23 00:39:51.320,1,2,Read Discrete Inputs,4,12,-1,-1,-1,-1,-1,-1,-1,-1,52793
2026-08-23 00:39:51.332,1,2,Read Discrete Inputs,512,185,-1,-1,-1,-1,-1,-1,-1,-1,47289
2026-08-23 00:39:51.822,1,3,Read Holding Registers,1260,12,-1,-1,-1,-1,-1,-1,-1,-1,2693
2026-08-23 00:39:51.864,1,3,Read Holding Registers,6183,3840,-1,-1,-1,-1,-1,-1,-1,-1,8383
2026-08-23 00:39:52.323,1,4,Read Input Registers,86,3,-1,-1,-1,-1,-1,-1,-1,-1,6992
2026-08-23 00:39:52.344,1,4,Read Input Registers,1537,7168,-1,-1,-1,-1,-1,-1,-1,-1,32944
2026-08-23 00:39:52.824,1,5,Write Single Coil,9012,0,-1,-1,-1,-1,-1,-1,-1,-1,32903
2026-08-23 00:39:52.835,1,5,Write Single Coil,9012,0,-1,-1,-1,-1,-1,-1,-1,-1,32903
2026-08-23 00:39:53.834,1,16,Write Multiple Registers,2835,3,6,113,254,219,586,31,-1,-1,46727
2026-08-23 00:39:53.857,1,3,Read Holding Registers,1200,5,-1,-1,-1,-1,-1,-1,-1,-1,7813
2026-08-23 00:39:53.878,1,3,Read Holding Registers,2560,0,-1,-1,-1,-1,-1,-1,-1,-1,46628
2026-08-23 00:39:54.327,1,1,Read Coils,25,3,-1,-1,-1,-1,-1,-1,-1,-1,52397
2026-08-23 00:39:54.338,1,1,Read Coils,256,20872,-1,-1,-1,-1,-1,-1,-1,-1,34897
2026-08-23 00:39:54.828,1,2,Read Discrete Inputs,4,12,-1,-1,-1,-1,-1,-1,-1,-1,52793
2026-08-23 00:39:54.839,1,2,Read Discrete Inputs,512,185,-1,-1,-1,-1,-1,-1,-1,-1,47289
2026-08-23 00:39:55.328,1,3,Read Holding Registers,1260,12,-1,-1,-1,-1,-1,-1,-1,-1,2693
2026-08-23 00:39:55.360,1,3,Read Holding Registers,6183,3840,-1,-1,-1,-1,-1,-1,-1,-1,8383
2026-08-23 00:39:55.821,1,4,Read Input Registers,86,3,-1,-1,-1,-1,-1,-1,-1,-1,6992
2026-08-23 00:39:55.843,1,4,Read Input Registers,1537,14848,-1,-1,-1,-1,-1,-1,-1,-1,18361
2026-08-23 00:39:56.323,1,5,Write Single Coil,9012,0,-1,-1,-1,-1,-1,-1,-1,-1,32903
2026-08-23 00:39:56.334,1,5,Write Single Coil,9012,0,-1,-1,-1,-1,-1,-1,-1,-1,32903
2026-08-23 00:39:57.332,1,16,Write Multiple Registers,2835,3,6,116,251,248,615,32,-1,-1,29586
2026-08-23 00:39:57.364,1,3,Read Holding Registers,1200,5,-1,-1,-1,-1,-1,-1,-1,-1,7813
2026-08-23 00:39:57.386,1,3,Read Holding Registers,2560,0,-1,-1,-1,-1,-1,-1,-1,-1,46628
2026-08-23 00:39:57.825,1,1,Read Coils,25,3,-1,-1,-1,-1,-1,-1,-1,-1,52397
2026-08-23 00:39:57.836,1,1,Read Coils,256,20872,-1,-1,-1,-1,-1,-1,-1,-1,34897
2026-08-23 00:39:58.326,1,2,Read Discrete Inputs,4,12,-1,-1,-1,-1,-1,-1,-1,-1,52793
2026-08-23 00:39:58.338,1,2,Read Discrete Inputs,512,185,-1,-1,-1,-1,-1,-1,-1,-1,47289
2026-08-23 00:39:58.827,1,3,Read Holding Registers,1260,12,-1,-1,-1,-1,-1,-1,-1,-1,2693
2026-08-23 00:39:58.860,1,3,Read Holding Registers,6183,3840,-1,-1,-1,-1,-1,-1,-1,-1,8383
2026-08-23 00:39:59.320,1,4,Read Input Registers,86,3,-1,-1,-1,-1,-1,-1,-1,-1,6992
2026-08-23 00:39:59.342,1,4,Read Input Registers,1538,34560,-1,-1,-1,-1,-1,-1,-1,-1,28629
2026-08-23 00:39:59.823,1,5,Write Single Coil,9012,65280,-1,-1,-1,-1,-1,-1,-1,-1,28870
2026-08-23 00:39:59.835,1,5,Write Single Coil,9012,65280,-1,-1,-1,-1,-1,-1,-1,-1,28870
2026-08-23 00:40:00.834,1,16,Write Multiple Registers,2835,3,6,109,244,242,595,33,-1,-1,45971
2026-08-23 00:40:00.857,1,3,Read Holding Registers,1200,5,-1,-1,-1,-1,-1,-1,-1,-1,7813
2026-08-23 00:40:00.879,1,3,Read Holding Registers,2560,0,-1,-1,-1,-1,-1,-1,-1,-1,46628
2026-08-23 00:40:01.327,1,1,Read Coils,25,3,-1,-1,-1,-1,-1,-1,-1,-1,52397
2026-08-23 00:40:01.339,1,1,Read Coils,256,20872,-1,-1,-1,-1,-1,-1,-1,-1,34897
2026-08-23 00:40:01.820,1,2,Read Discrete Inputs,4,12,-1,-1,-1,-1,-1,-1,-1,-1,52793
2026-08-23 00:40:01.842,1,2,Read Discrete Inputs,513,184,-1,-1,-1,-1,-1,-1,-1,-1,10424
2026-08-23 00:40:02.321,1,3,Read Holding Registers,1260,12,-1,-1,-1,-1,-1,-1,-1,-1,2693
2026-08-23 00:40:02.363,1,3,Read Holding Registers,6183,3840,-1,-1,-1,-1,-1,-1,-1,-1,8383
2026-08-23 00:40:02.823,1,4,Read Input Registers,86,3,-1,-1,-1,-1,-1,-1,-1,-1,6992
2026-08-23 00:40:02.845,1,4,Read Input Registers,1536,59904,-1,-1,-1,-1,-1,-1,-1,-1,17529
2026-08-23 00:40:03.273,1,6,Write Single Register,1262,-1,-1,43,43,43,43,12,-1,-1,53416
2026-08-23 00:40:03.285,1,6,Write Single Register,1262,-1,-1,43,43,43,43,12,-1,-1,53416
2026-08-23 00:40:04.335,1,16,Write Multiple Registers,2835,3,6,106,255,211,572,31,-1,-1,45271
2026-08-23 00:40:04.358,1,3,Read Holding Registers,1200,5,-1,-1,-1,-1,-1,-1,-1,-1,7813
2026-08-23 00:40:04.379,1,3,Read Holding Registers,2560,0,-1,-1,-1,-1,-1,-1,-1,-1,46628
2026-08-23 00:40:04.827,1,1,Read Coils,25,3,-1,-1,-1,-1,-1,-1,-1,-1,52397
2026-08-23 00:40:04.839,1,1,Read Coils,256,20872,-1,-1,-1,-1,-1,-1,-1,-1,34897
2026-08-23 00:40:05.328,1,2,Read Discrete Inputs,4,12,-1,-1,-1,-1,-1,-1,-1,-1,52793
2026-08-23 00:40:05.340,1,2,Read Discrete Inputs,512,185,-1,-1,-1,-1,-1,-1,-1,-1,47289
2026-08-23 00:40:05.820,1,3,Read Holding Registers,1260,12,-1,-1,-1,-1,-1,-1,-1,-1,2693
2026-08-23 00:40:05.863,1,3,Read Holding Registers,6183,3840,-1,-1,-1,-1,-1,-1,-1,-1,8383
2026-08-23 00:40:06.322,1,4,Read Input Registers,86,3,-1,-1,-1,-1,-1,-1,-1,-1,6992
2026-08-23 00:40:06.344,1,4,Read Input Registers,1536,63232,-1,-1,-1,-1,-1,-1,-1,-1,18069
2026-08-23 00:40:07.829,1,16,Write Multiple Registers,2835,3,6,117,257,245,619,35,-1,-1,41327
2026-08-23 00:40:07.862,1,3,Read Holding Registers,1200,5,-1,-1,-1,-1,-1,-1,-1,-1,7813
2026-08-23 00:40:07.883,1,3,Read Holding Registers,2560,0,-1,-1,-1,-1,-1,-1,-1,-1,46628
2026-08-23 00:40:08.321,1,1,Read Coils,25,3,-1,-1,-1,-1,-1,-1,-1,-1,52397
2026-08-23 00:40:08.332,1,1,Read Coils,256,20872,-1,-1,-1,-1,-1,-1,-1,-1,34897
2026-08-23 00:40:08.822,1,2,Read Discrete Inputs,4,12,-1,-1,-1,-1,-1,-1,-1,-1,52793
2026-08-23 00:40:08.833,1,2,Read Discrete Inputs,512,185,-1,-1,-1,-1,-1,-1,-1,-1,47289
2026-08-23 00:40:09.324,1,3,Read Holding Registers,1260,12,-1,-1,-1,-1,-1,-1,-1,-1,2693
2026-08-23 00:40:09.366,1,3,Read Holding Registers,6183,3840,-1,-1,-1,-1,-1,-1,-1,-1,8383
2026-08-23 00:40:09.825,1,4,Read Input Registers,86,3,-1,-1,-1,-1,-1,-1,-1,-1,6992
2026-08-23 00:40:09.846,1,4,Read Input Registers,1536,63744,-1,-1,-1,-1,-1,-1,-1,-1,34812
2026-08-23 00:40:10.325,1,5,Write Single Coil,9012,65280,-1,-1,-1,-1,-1,-1,-1,-1,28870
2026-08-23 00:40:10.337,1,5,Write Single Coil,9012,65280,-1,-1,-1,-1,-1,-1,-1,-1,28870
2026-08-23 00:40:11.334,1,16,Write Multiple Registers,2835,3,6,102,254,238,594,31,-1,-1,46779
2026-08-23 00:40:11.357,1,3,Read Holding Registers,1200,5,-1,-1,-1,-1,-1,-1,-1,-1,7813
2026-08-23 00:40:11.379,1,3,Read Holding Registers,2560,0,-1,-1,-1,-1,-1,-1,-1,-1,46628
2026-08-23 00:40:11.827,1,1,Read Coils,25,3,-1,-1,-1,-1,-1,-1,-1,-1,52397
2026-08-23 00:40:11.838,1,1,Read Coils,256,20872,-1,-1,-1,-1,-1,-1,-1,-1,34897
2026-08-23 00:40:12.328,1,2,Read Discrete Inputs,4,12,-1,-1,-1,-1,-1,-1,-1,-1,52793
2026-08-23 00:40:12.340,1,2,Read Discrete Inputs,512,185,-1,-1,-1,-1,-1,-1,-1,-1,47289
2026-08-23 00:40:12.829,1,3,Read Holding Registers,1260,12,-1,-1,-1,-1,-1,-1,-1,-1,2693
2026-08-23 00:40:12.861,1,3,Read Holding Registers,6183,3840,-1,-1,-1,-1,-1,-1,-1,-1,8383
2026-08-23 00:40:12.913,1,6,Write Single Register,1277,-1,-1,1758,1758,1758,1758,8,-1,-1,62106
2026-08-23 00:40:12.925,1,6,Write Single Register,1277,-1,-1,1758,1758,1758,1758,8,-1,-1,62106
2026-08-23 00:40:13.322,1,4,Read Input Registers,86,3,-1,-1,-1,-1,-1,-1,-1,-1,6992
2026-08-23 00:40:13.344,1,4,Read Input Registers,1536,48128,-1,-1,-1,-1,-1,-1,-1,-1,18481
2026-08-23 00:40:14.323,1,6,Write Single Register,321,-1,-1,15,15,15,15,12,-1,-1,9880
2026-08-23 00:40:14.344,1,6,Write Single Register,321,-1,-1,15,15,15,15,12,-1,-1,9880
2026-08-23 00:40:14.834,1,16,Write Multiple Registers,2835,3,6,112,244,234,590,35,-1,-1,46379
2026-08-23 00:40:14.857,1,3,Read Holding Registers,1200,5,-1,-1,-1,-1,-1,-1,-1,-1,7813
2026-08-23 00:40:14.878,1,3,Read Holding Registers,2560,0,-1,-1,-1,-1,-1,-1,-1,-1,46628
2026-08-23 00:40:15.327,1,1,Read Coils,25,3,-1,-1,-1,-1,-1,-1,-1,-1,52397
2026-08-23 00:40:15.338,1,1,Read Coils,256,20872,-1,-1,-1,-1,-1,-1,-1,-1,34897
2026-08-23 00:40:15.828,1,2,Read Discrete Inputs,4,12,-1,-1,-1,-1,-1,-1,-1,-1,52793
2026-08-23 00:40:15.840,1,2,Read Discrete Inputs,513,184,-1,-1,-1,-1,-1,-1,-1,-1,10424
2026-08-23 00:40:16.329,1,3,Read Holding Registers,1260,12,-1,-1,-1,-1,-1,-1,-1,-1,2693
2026-08-23 00:40:16.360,1,3,Read Holding Registers,6183,3840,-1,-1,-1,-1,-1,-1,-1,-1,8383
2026-08-23 00:40:16.829,1,4,Read Input Registers,86,3,-1,-1,-1,-1,-1,-1,-1,-1,6992
2026-08-23 00:40:16.841,1,4,Read Input Registers,1537,56576,-1,-1,-1,-1,-1,-1,-1,-1,20877
2026-08-23 00:40:17.330,1,5,Write Single Coil,9012,65280,-1,-1,-1,-1,-1,-1,-1,-1,28870
2026-08-23 00:40:17.342,1,5,Write Single Coil,9012,65280,-1,-1,-1,-1,-1,-1,-1,-1,28870
2026-08-23 00:40:18.330,1,16,Write Multiple Registers,2835,3,6,104,242,235,581,34,-1,-1,28694
2026-08-23 00:40:18.363,1,3,Read Holding Registers,1200,5,-1,-1,-1,-1,-1,-1,-1,-1,7813
2026-08-23 00:40:18.384,1,3,Read Holding Registers,2560,0,-1,-1,-1,-1,-1,-1,-1,-1,46628
2026-08-23 00:40:18.821,1,1,Read Coils,25,3,-1,-1,-1,-1,-1,-1,-1,-1,52397
2026-08-23 00:40:18.833,1,1,Read Coils,256,20872,-1,-1,-1,-1,-1,-1,-1,-1,34897
2026-08-23 00:40:19.323,1,2,Read Discrete Inputs,4,12,-1,-1,-1,-1,-1,-1,-1,-1,52793
2026-08-23 00:40:19.334,1,2,Read Discrete Inputs,513,184,-1,-1,-1,-1,-1,-1,-1,-1,10424
2026-08-23 00:40:19.824,1,3,Read Holding Registers,1260,12,-1,-1,-1,-1,-1,-1,-1,-1,2693
2026-08-23 00:40:19.866,1,3,Read Holding Registers,6183,3840,-1,-1,-1,-1,-1,-1,-1,-1,8383
2026-08-23 00:40:20.325,1,4,Read Input Registers,86,3,-1,-1,-1,-1,-1,-1,-1,-1,6992
2026-08-23 00:40:20.347,1,4,Read Input Registers,1538,4096,-1,-1,-1,-1,-1,-1,-1,-1,45728
2026-08-23 00:40:21.324,1,6,Write Single Register,321,-1,-1,14,14,14,14,13,-1,-1,58969
2026-08-23 00:40:21.335,1,6,Write Single Register,321,-1,-1,14,14,14,14,13,-1,-1,58969
2026-08-23 00:40:21.814,1,6,Write Single Register,1275,-1,-1,1371,1371,1371,1371,9,-1,-1,41147
2026-08-23 00:40:21.836,1,6,Write Single Register,1275,-1,-1,1371,1371,1371,1371,9,-1,-1,41147
2026-08-23 00:40:21.858,1,16,Write Multiple Registers,2835,3,6,100,244,203,547,35,-1,-1,46807
2026-08-23 00:40:21.890,1,3,Read Holding Registers,1200,5,-1,-1,-1,-1,-1,-1,-1,-1,7813
2026-08-23 00:40:21.912,1,3,Read Holding Registers,2560,0,-1,-1,-1,-1,-1,-1,-1,-1,46628
2026-08-23 00:40:22.339,1,1,Read Coils,25,3,-1,-1,-1,-1,-1,-1,-1,-1,52397
2026-08-23 00:40:22.350,1,1,Read Coils,256,20872,-1,-1,-1,-1,-1,-1,-1,-1,34897
2026-08-23 00:40:22.849,1,2,Read Discrete Inputs,4,12,-1,-1,-1,-1,-1,-1,-1,-1,52793
2026-08-23 00:40:22.861,1,2,Read Discrete Inputs,513,184,-1,-1,-1,-1,-1,-1,-1,-1,10424
2026-08-23 00:40:23.341,1,3,Read Holding Registers,1260,12,-1,-1,-1,-1,-1,-1,-1,-1,2693
2026-08-23 00:40:23.383,1,3,Read Holding Registers,6183,3840,-1,-1,-1,-1,-1,-1,-1,-1,8383
2026-08-23 00:40:23.843,1,4,Read Input Registers,86,3,-1,-1,-1,-1,-1,-1,-1,-1,6992
2026-08-23 00:40:23.864,1,4,Read Input Registers,1537,29696,-1,-1,-1,-1,-1,-1,-1,-1,18897
2026-08-23 00:40:25.351,1,16,Write Multiple Registers,2835,3,6,117,256,217,590,37,-1,-1,42815
2026-08-23 00:40:25.374,1,3,Read Holding Registers,1200,5,-1,-1,-1,-1,-1,-1,-1,-1,7813
2026-08-23 00:40:25.396,1,3,Read Holding Registers,2560,0,-1,-1,-1,-1,-1,-1,-1,-1,46628
2026-08-23 00:40:25.845,1,1,Read Coils,25,3,-1,-1,-1,-1,-1,-1,-1,-1,52397
2026-08-23 00:40:25.857,1,1,Read Coils,256,20872,-1,-1,-1,-1,-1,-1,-1,-1,34897
2026-08-23 00:40:26.346,1,2,Read Discrete Inputs,4,12,-1,-1,-1,-1,-1,-1,-1,-1,52793
2026-08-23 00:40:26.358,1,2,Read Discrete Inputs,513,184,-1,-1,-1,-1,-1,-1,-1,-1,10424
2026-08-23 00:40:26.847,1,3,Read Holding Registers,1260,12,-1,-1,-1,-1,-1,-1,-1,-1,2693
2026-08-23 00:40:26.879,1,3,Read Holding Registers,6183,3840,-1,-1,-1,-1,-1,-1,-1,-1,8383
2026-08-23 00:40:27.348,1,4,Read Input Registers,86,3,-1,-1,-1,-1,-1,-1,-1,-1,6992
2026-08-23 00:40:27.360,1,4,Read Input Registers,1537,63488,-1,-1,-1,-1,-1,-1,-1,-1,38592
2026-08-23 00:40:28.346,1,6,Write Single Register,321,-1,-1,27,27,27,27,12,-1,-1,10648
2026-08-23 00:40:28.357,1,6,Write Single Register,321,-1,-1,27,27,27,27,12,-1,-1,10648
2026-08-23 00:40:28.796,1,6,Write Single Register,1265,-1,-1,172,172,172,172,12,-1,-1,29913
2026-08-23 00:40:28.807,1,6,Write Single Register,1265,-1,-1,172,172,172,172,12,-1,-1,29913
2026-08-23 00:40:28.849,1,16,Write Multiple Registers,2835,3,6,100,247,207,554,32,-1,-1,30566
2026-08-23 00:40:28.882,1,3,Read Holding Registers,1200,5,-1,-1,-1,-1,-1,-1,-1,-1,7813
2026-08-23 00:40:28.903,1,3,Read Holding Registers,2560,0,-1,-1,-1,-1,-1,-1,-1,-1,46628
2026-08-23 00:40:29.341,1,1,Read Coils,25,3,-1,-1,-1,-1,-1,-1,-1,-1,52397
2026-08-23 00:40:29.353,1,1,Read Coils,256,20872,-1,-1,-1,-1,-1,-1,-1,-1,34897
2026-08-23 00:40:29.842,1,2,Read Discrete Inputs,4,12,-1,-1,-1,-1,-1,-1,-1,-1,52793
2026-08-23 00:40:29.854,1,2,Read Discrete Inputs,513,184,-1,-1,-1,-1,-1,-1,-1,-1,10424
2026-08-23 00:40:30.343,1,3,Read Holding Registers,1260,12,-1,-1,-1,-1,-1,-1,-1,-1,2693
2026-08-23 00:40:30.385,1,3,Read Holding Registers,6183,3840,-1,-1,-1,-1,-1,-1,-1,-1,41405
2026-08-23 00:40:30.843,1,4,Read Input Registers,86,3,-1,-1,-1,-1,-1,-1,-1,-1,6992
2026-08-23 00:40:30.865,1,4,Read Input Registers,1537,55040,-1,-1,-1,-1,-1,-1,-1,-1,20501
2026-08-23 00:40:31.842,1,6,Write Single Register,321,-1,-1,16,16,16,16,15,-1,-1,61145
2026-08-23 00:40:31.854,1,6,Write Single Register,321,-1,-1,16,16,16,16,15,-1,-1,61145
2026-08-23 00:40:32.352,1,16,Write Multiple Registers,2835,3,6,110,256,221,587,36,-1,-1,24766
2026-08-23 00:40:32.375,1,3,Read Holding Registers,1200,5,-1,-1,-1,-1,-1,-1,-1,-1,7813
2026-08-23 00:40:32.396,1,3,Read Holding Registers,2560,0,-1,-1,-1,-1,-1,-1,-1,-1,46628
2026-08-23 00:40:32.844,1,1,Read Coils,25,3,-1,-1,-1,-1,-1,-1,-1,-1,52397
2026-08-23 00:40:32.856,1,1,Read Coils,256,20872,-1,-1,-1,-1,-1,-1,-1,-1,34897
2026-08-23 00:40:33.346,1,2,Read Discrete Inputs,4,12,-1,-1,-1,-1,-1,-1,-1,-1,52793
2026-08-23 00:40:33.358,1,2,Read Discrete Inputs,512,185,-1,-1,-1,-1,-1,-1,-1,-1,47289
2026-08-23 00:40:33.847,1,3,Read Holding Registers,1260,12,-1,-1,-1,-1,-1,-1,-1,-1,2693
2026-08-23 00:40:33.880,1,3,Read Holding Registers,6183,3840,-1,-1,-1,-1,-1,-1,-1,-1,41405
2026-08-23 00:40:34.348,1,4,Read Input Registers,86,3,-1,-1,-1,-1,-1,-1,-1,-1,6992
2026-08-23 00:40:34.360,1,4,Read Input Registers,1537,45056,-1,-1,-1,-1,-1,-1,-1,-1,38944
2026-08-23 00:40:34.840,1,5,Write Single Coil,9012,65280,-1,-1,-1,-1,-1,-1,-1,-1,28870
2026-08-23 00:40:34.862,1,5,Write Single Coil,9012,65280,-1,-1,-1,-1,-1,-1,-1,-1,28870
2026-08-23 00:40:35.799,1,6,Write Single Register,1264,-1,-1,121,121,121,121,11,-1,-1,11081
2026-08-23 00:40:35.811,1,6,Write Single Register,1264,-1,-1,121,121,121,121,11,-1,-1,11081
2026-08-23 00:40:35.852,1,16,Write Multiple Registers,2835,3,6,119,258,230,607,35,-1,-1,41739
2026-08-23 00:40:35.875,1,3,Read Holding Registers,1200,5,-1,-1,-1,-1,-1,-1,-1,-1,7813
2026-08-23 00:40:35.896,1,3,Read Holding Registers,2560,0,-1,-1,-1,-1,-1,-1,-1,-1,46628
2026-08-23 00:40:36.344,1,1,Read Coils,25,3,-1,-1,-1,-1,-1,-1,-1,-1,52397
2026-08-23 00:40:36.356,1,1,Read Coils,256,20872,-1,-1,-1,-1,-1,-1,-1,-1,34897
2026-08-23 00:40:36.844,1,2,Read Discrete Inputs,4,12,-1,-1,-1,-1,-1,-1,-1,-1,52793
2026-08-23 00:40:36.856,1,2,Read Discrete Inputs,512,185,-1,-1,-1,-1,-1,-1,-1,-1,47289
2026-08-23 00:40:37.345,1,3,Read Holding Registers,1260,12,-1,-1,-1,-1,-1,-1,-1,-1,2693
2026-08-23 00:40:37.388,1,3,Read Holding Registers,6183,3840,-1,-1,-1,-1,-1,-1,-1,-1,42096
2026-08-23 00:40:37.847,1,4,Read Input Registers,86,3,-1,-1,-1,-1,-1,-1,-1,-1,6992
2026-08-23 00:40:37.858,1,4,Read Input Registers,1538,39424,-1,-1,-1,-1,-1,-1,-1,-1,27961
2026-08-23 00:40:38.347,1,5,Write Single Coil,9012,0,-1,-1,-1,-1,-1,-1,-1,-1,32903
2026-08-23 00:40:38.359,1,5,Write Single Coil,9012,0,-1,-1,-1,-1,-1,-1,-1,-1,32903
2026-08-23 00:40:39.356,1,16,Write Multiple Registers,2835,3,6,115,251,244,610,31,-1,-1,45875
2026-08-23 00:40:39.379,1,3,Read Holding Registers,1200,5,-1,-1,-1,-1,-1,-1,-1,-1,7813
2026-08-23 00:40:39.401,1,3,Read Holding Registers,2560,0,-1,-1,-1,-1,-1,-1,-1,-1,46628
2026-08-23 00:40:39.839,1,1,Read Coils,25,3,-1,-1,-1,-1,-1,-1,-1,-1,52397
2026-08-23 00:40:39.851,1,1,Read Coils,256,20872,-1,-1,-1,-1,-1,-1,-1,-1,34897
2026-08-23 00:40:40.340,1,2,Read Discrete Inputs,4,12,-1,-1,-1,-1,-1,-1,-1,-1,52793
2026-08-23 00:40:40.352,1,2,Read Discrete Inputs,513,184,-1,-1,-1,-1,-1,-1,-1,-1,10424
2026-08-23 00:40:40.840,1,3,Read Holding Registers,1260,12,-1,-1,-1,-1,-1,-1,-1,-1,2693
2026-08-23 00:40:40.883,1,3,Read Holding Registers,6183,3840,-1,-1,-1,-1,-1,-1,-1,-1,42096
2026-08-23 00:40:41.342,1,4,Read Input Registers,86,3,-1,-1,-1,-1,-1,-1,-1,-1,6992
2026-08-23 00:40:41.364,1,4,Read Input Registers,1537,5632,-1,-1,-1,-1,-1,-1,-1,-1,33064
2026-08-23 00:40:42.340,1,6,Write Single Register,321,-1,-1,26,26,26,26,13,-1,-1,59737
2026-08-23 00:40:42.362,1,6,Write Single Register,321,-1,-1,26,26,26,26,13,-1,-1,59737
2026-08-23 00:40:42.851,1,16,Write Multiple Registers,2835,3,6,101,249,243,593,32,-1,-1,30438
2026-08-23 00:40:42.884,1,3,Read Holding Registers,1200,5,-1,-1,-1,-1,-1,-1,-1,-1,7813
2026-08-23 00:40:42.905,1,3,Read Holding Registers,2560,0,-1,-1,-1,-1,-1,-1,-1,-1,46628
2026-08-23 00:40:43.343,1,1,Read Coils,25,3,-1,-1,-1,-1,-1,-1,-1,-1,52397
2026-08-23 00:40:43.355,1,1,Read Coils,256,20872,-1,-1,-1,-1,-1,-1,-1,-1,34897
2026-08-23 00:40:43.742,1,6,Write Single Register,1264,-1,-1,117,117,117,117,11,-1,-1,11849
2026-08-23 00:40:43.753,1,6,Write Single Register,1264,-1,-1,117,117,117,117,11,-1,-1,11849
2026-08-23 00:40:43.846,1,2,Read Discrete Inputs,4,12,-1,-1,-1,-1,-1,-1,-1,-1,52793
2026-08-23 00:40:43.857,1,2,Read Discrete Inputs,512,185,-1,-1,-1,-1,-1,-1,-1,-1,47289
2026-08-23 00:40:44.346,1,3,Read Holding Registers,1260,12,-1,-1,-1,-1,-1,-1,-1,-1,2693
2026-08-23 00:40:44.378,1,3,Read Holding Registers,6183,3840,-1,-1,-1,-1,-1,-1,-1,-1,41340
2026-08-23 00:40:44.847,1,4,Read Input Registers,86,3,-1,-1,-1,-1,-1,-1,-1,-1,6992
2026-08-23 00:40:44.858,1,4,Read Input Registers,1536,32512,-1,-1,-1,-1,-1,-1,-1,-1,22901
2026-08-23 00:40:46.354,1,16,Write Multiple Registers,2835,3,6,104,243,226,573,35,-1,-1,45323
2026-08-23 00:40:46.377,1,3,Read Holding Registers,1200,5,-1,-1,-1,-1,-1,-1,-1,-1,7813
2026-08-23 00:40:46.398,1,3,Read Holding Registers,2560,0,-1,-1,-1,-1,-1,-1,-1,-1,46628
2026-08-23 00:40:46.846,1,1,Read Coils,25,3,-1,-1,-1,-1,-1,-1,-1,-1,52397
2026-08-23 00:40:46.858,1,1,Read Coils,256,20872,-1,-1,-1,-1,-1,-1,-1,-1,34897
2026-08-23 00:40:47.347,1,2,Read Discrete Inputs,4,12,-1,-1,-1,-1,-1,-1,-1,-1,52793
2026-08-23 00:40:47.359,1,2,Read Discrete Inputs,513,184,-1,-1,-1,-1,-1,-1,-1,-1,10424
2026-08-23 00:40:47.847,1,3,Read Holding Registers,1260,12,-1,-1,-1,-1,-1,-1,-1,-1,2693
2026-08-23 00:40:47.880,1,3,Read Holding Registers,6183,3840,-1,-1,-1,-1,-1,-1,-1,-1,41340
2026-08-23 00:40:48.348,1,4,Read Input Registers,86,3,-1,-1,-1,-1,-1,-1,-1,-1,6992
2026-08-23 00:40:48.359,1,4,Read Input Registers,1538,3584,-1,-1,-1,-1,-1,-1,-1,-1,45064
2026-08-23 00:40:49.854,1,16,Write Multiple Registers,2835,3,6,100,258,203,561,38,-1,-1,24662
2026-08-23 00:40:49.876,1,3,Read Holding Registers,1200,5,-1,-1,-1,-1,-1,-1,-1,-1,7813
2026-08-23 00:40:49.898,1,3,Read Holding Registers,2560,0,-1,-1,-1,-1,-1,-1,-1,-1,46628
2026-08-23 00:40:50.295,1,6,Write Single Register,1262,-1,-1,45,45,45,45,12,-1,-1,53800
2026-08-23 00:40:50.306,1,6,Write Single Register,1262,-1,-1,45,45,45,45,12,-1,-1,53800
2026-08-23 00:40:50.348,1,1,Read Coils,25,3,-1,-1,-1,-1,-1,-1,-1,-1,52397
2026-08-23 00:40:50.359,1,1,Read Coils,256,20872,-1,-1,-1,-1,-1,-1,-1,-1,34897
2026-08-23 00:40:50.848,1,2,Read Discrete Inputs,4,12,-1,-1,-1,-1,-1,-1,-1,-1,52793
2026-08-23 00:40:50.859,1,2,Read Discrete Inputs,513,184,-1,-1,-1,-1,-1,-1,-1,-1,10424
2026-08-23 00:40:51.339,1,3,Read Holding Registers,1260,12,-1,-1,-1,-1,-1,-1,-1,-1,2693
2026-08-23 00:40:51.381,1,3,Read Holding Registers,6183,3840,-1,-1,-1,-1,-1,-1,-1,-1,10740
2026-08-23 00:40:51.840,1,4,Read Input Registers,86,3,-1,-1,-1,-1,-1,-1,-1,-1,6992
2026-08-23 00:40:51.862,1,4,Read Input Registers,1539,12544,-1,-1,-1,-1,-1,-1,-1,-1,25629
2026-08-23 00:40:53.357,1,16,Write Multiple Registers,2835,3,6,117,250,215,582,31,-1,-1,46551
2026-08-23 00:40:53.379,1,3,Read Holding Registers,1200,5,-1,-1,-1,-1,-1,-1,-1,-1,7813
2026-08-23 00:40:53.401,1,3,Read Holding Registers,2560,0,-1,-1,-1,-1,-1,-1,-1,-1,46628
2026-08-23 00:40:53.849,1,1,Read Coils,25,3,-1,-1,-1,-1,-1,-1,-1,-1,52397
2026-08-23 00:40:53.860,1,1,Read Coils,256,20872,-1,-1,-1,-1,-1,-1,-1,-1,34897
2026-08-23 00:40:54.349,1,2,Read Discrete Inputs,4,12,-1,-1,-1,-1,-1,-1,-1,-1,52793
2026-08-23 00:40:54.360,1,2,Read Discrete Inputs,512,185,-1,-1,-1,-1,-1,-1,-1,-1,47289
2026-08-23 00:40:54.840,1,3,Read Holding Registers,1260,12,-1,-1,-1,-1,-1,-1,-1,-1,2693
2026-08-23 00:40:54.882,1,3,Read Holding Registers,6183,3840,-1,-1,-1,-1,-1,-1,-1,-1,10740
2026-08-23 00:40:55.342,1,4,Read Input Registers,86,3,-1,-1,-1,-1,-1,-1,-1,-1,6992
2026-08-23 00:40:55.363,1,4,Read Input Registers,1538,15104,-1,-1,-1,-1,-1,-1,-1,-1,46212
2026-08-23 00:40:56.857,1,16,Write Multiple Registers,2835,3,6,104,243,210,557,35,-1,-1,46411
2026-08-23 00:40:56.880,1,3,Read Holding Registers,1200,5,-1,-1,-1,-1,-1,-1,-1,-1,7813
2026-08-23 00:40:56.901,1,3,Read Holding Registers,2560,0,-1,-1,-1,-1,-1,-1,-1,-1,46628
2026-08-23 00:40:57.340,1,1,Read Coils,25,3,-1,-1,-1,-1,-1,-1,-1,-1,52397
2026-08-23 00:40:57.361,1,1,Read Coils,256,20872,-1,-1,-1,-1,-1,-1,-1,-1,34897
2026-08-23 00:40:57.841,1,2,Read Discrete Inputs,4,12,-1,-1,-1,-1,-1,-1,-1,-1,52793
2026-08-23 00:40:57.853,1,2,Read Discrete Inputs,512,185,-1,-1,-1,-1,-1,-1,-1,-1,47289
2026-08-23 00:40:58.342,1,3,Read Holding Registers,1260,12,-1,-1,-1,-1,-1,-1,-1,-1,2693
2026-08-23 00:40:58.384,1,3,Read Holding Registers,6183,3840,-1,-1,-1,-1,-1,-1,-1,-1,10740
2026-08-23 00:40:58.507,1,6,Write Single Register,1280,-1,-1,2419,2419,2419,2419,9,-1,-1,46030
2026-08-23 00:40:58.518,1,6,Write Single Register,1280,-1,-1,2419,2419,2419,2419,9,-1,-1,46030
2026-08-23 00:40:58.845,1,4,Read Input Registers,86,3,-1,-1,-1,-1,-1,-1,-1,-1,6992
2026-08-23 00:40:58.856,1,4,Read Input Registers,1539,36864,-1,-1,-1,-1,-1,-1,-1,-1,48544
2026-08-23 00:41:00.352,1,16,Write Multiple Registers,2835,3,6,104,259,239,602,35,-1,-1,42023
2026-08-23 00:41:00.375,1,3,Read Holding Registers,1200,5,-1,-1,-1,-1,-1,-1,-1,-1,7813
2026-08-23 00:41:00.406,1,3,Read Holding Registers,2560,0,-1,-1,-1,-1,-1,-1,-1,-1,46628
2026-08-23 00:41:00.844,1,1,Read Coils,25,3,-1,-1,-1,-1,-1,-1,-1,-1,52397
2026-08-23 00:41:00.856,1,1,Read Coils,256,20872,-1,-1,-1,-1,-1,-1,-1,-1,34897
2026-08-23 00:41:01.346,1,2,Read Discrete Inputs,4,12,-1,-1,-1,-1,-1,-1,-1,-1,52793
2026-08-23 00:41:01.358,1,2,Read Discrete Inputs,513,184,-1,-1,-1,-1,-1,-1,-1,-1,10424
2026-08-23 00:41:01.849,1,3,Read Holding Registers,1260,12,-1,-1,-1,-1,-1,-1,-1,-1,2693
2026-08-23 00:41:01.881,1,3,Read Holding Registers,6183,3840,-1,-1,-1,-1,-1,-1,-1,-1,10740
2026-08-23 00:41:02.340,1,4,Read Input Registers,86,3,-1,-1,-1,-1,-1,-1,-1,-1,6992
2026-08-23 00:41:02.362,1,4,Read Input Registers,1538,11776,-1,-1,-1,-1,-1,-1,-1,-1,30601
2026-08-23 00:41:03.858,1,16,Write Multiple Registers,2835,3,6,106,256,211,573,38,-1,-1,24726
2026-08-23 00:41:03.881,1,3,Read Holding Registers,1200,5,-1,-1,-1,-1,-1,-1,-1,-1,7813
2026-08-23 00:41:03.902,1,3,Read Holding Registers,2560,0,-1,-1,-1,-1,-1,-1,-1,-1,46628
2026-08-23 00:41:04.340,1,1,Read Coils,25,3,-1,-1,-1,-1,-1,-1,-1,-1,52397
2026-08-23 00:41:04.352,1,1,Read Coils,256,20872,-1,-1,-1,-1,-1,-1,-1,-1,34897
2026-08-23 00:41:04.841,1,2,Read Discrete Inputs,4,12,-1,-1,-1,-1,-1,-1,-1,-1,52793
2026-08-23 00:41:04.852,1,2,Read Discrete Inputs,513,184,-1,-1,-1,-1,-1,-1,-1,-1,10424
2026-08-23 00:41:05.343,1,3,Read Holding Registers,1260,12,-1,-1,-1,-1,-1,-1,-1,-1,2693
2026-08-23 00:41:05.386,1,3,Read Holding Registers,6183,3840,-1,-1,-1,-1,-1,-1,-1,-1,10740
2026-08-23 00:41:05.846,1,4,Read Input Registers,86,3,-1,-1,-1,-1,-1,-1,-1,-1,6992
2026-08-23 00:41:05.858,1,4,Read Input Registers,1539,9216,-1,-1,-1,-1,-1,-1,-1,-1,42768
2026-08-23 00:41:07.353,1,16,Write Multiple Registers,2835,3,6,113,255,225,593,32,-1,-1,29598
2026-08-23 00:41:07.376,1,3,Read Holding Registers,1200,5,-1,-1,-1,-1,-1,-1,-1,-1,7813
2026-08-23 00:41:07.398,1,3,Read Holding Registers,2560,0,-1,-1,-1,-1,-1,-1,-1,-1,46628
2026-08-23 00:41:07.847,1,1,Read Coils,25,3,-1,-1,-1,-1,-1,-1,-1,-1,52397
2026-08-23 00:41:07.859,1,1,Read Coils,256,20872,-1,-1,-1,-1,-1,-1,-1,-1,34897
2026-08-23 00:41:08.349,1,2,Read Discrete Inputs,4,12,-1,-1,-1,-1,-1,-1,-1,-1,52793
2026-08-23 00:41:08.360,1,2,Read Discrete Inputs,513,184,-1,-1,-1,-1,-1,-1,-1,-1,10424
2026-08-23 00:41:08.514,1,6,Write Single Register,1280,-1,-1,2425,2425,2425,2425,9,-1,-1,46158
2026-08-23 00:41:08.535,1,6,Write Single Register,1280,-1,-1,2425,2425,2425,2425,9,-1,-1,46158
2026-08-23 00:41:08.842,1,3,Read Holding Registers,1260,12,-1,-1,-1,-1,-1,-1,-1,-1,2693
2026-08-23 00:41:08.884,1,3,Read Holding Registers,6183,3840,-1,-1,-1,-1,-1,-1,-1,-1,10740
2026-08-23 00:41:09.344,1,4,Read Input Registers,86,3,-1,-1,-1,-1,-1,-1,-1,-1,6992
2026-08-23 00:41:09.365,1,4,Read Input Registers,1536,41984,-1,-1,-1,-1,-1,-1,-1,-1,18961
2026-08-23 00:41:10.850,1,16,Write Multiple Registers,2835,3,6,115,251,239,605,29,-1,-1,45399
2026-08-23 00:41:10.883,1,3,Read Holding Registers,1200,5,-1,-1,-1,-1,-1,-1,-1,-1,7813
2026-08-23 00:41:10.904,1,3,Read Holding Registers,2560,0,-1,-1,-1,-1,-1,-1,-1,-1,46628
2026-08-23 00:41:11.342,1,1,Read Coils,25,3,-1,-1,-1,-1,-1,-1,-1,-1,52397
2026-08-23 00:41:11.354,1,1,Read Coils,256,20872,-1,-1,-1,-1,-1,-1,-1,-1,34897
2026-08-23 00:41:11.843,1,2,Read Discrete Inputs,4,12,-1,-1,-1,-1,-1,-1,-1,-1,52793
2026-08-23 00:41:11.855,1,2,Read Discrete Inputs,512,185,-1,-1,-1,-1,-1,-1,-1,-1,47289
2026-08-23 00:41:12.343,1,3,Read Holding Registers,1260,12,-1,-1,-1,-1,-1,-1,-1,-1,2693
2026-08-23 00:41:12.385,1,3,Read Holding Registers,6183,3840,-1,-1,-1,-1,-1,-1,-1,-1,10740
2026-08-23 00:41:12.844,1,4,Read Input Registers,86,3,-1,-1,-1,-1,-1,-1,-1,-1,6992
2026-08-23 00:41:12.865,1,4,Read Input Registers,1538,20992,-1,-1,-1,-1,-1,-1,-1,-1,48600
2026-08-23 00:41:13.344,1,5,Write Single Coil,9012,65280,-1,-1,-1,-1,-1,-1,-1,-1,28870
2026-08-23 00:41:13.356,1,5,Write Single Coil,9012,65280,-1,-1,-1,-1,-1,-1,-1,-1,28870
2026-08-23 00:41:14.353,1,16,Write Multiple Registers,2835,3,6,105,250,223,578,31,-1,-1,45815
2026-08-23 00:41:14.375,1,3,Read Holding Registers,1200,5,-1,-1,-1,-1,-1,-1,-1,-1,7813
2026-08-23 00:41:14.407,1,3,Read Holding Registers,2560,0,-1,-1,-1,-1,-1,-1,-1,-1,46628
2026-08-23 00:41:14.844,1,1,Read Coils,25,3,-1,-1,-1,-1,-1,-1,-1,-1,52397
2026-08-23 00:41:14.856,1,1,Read Coils,256,20872,-1,-1,-1,-1,-1,-1,-1,-1,34897
2026-08-23 00:41:15.347,1,2,Read Discrete Inputs,4,12,-1,-1,-1,-1,-1,-1,-1,-1,52793
2026-08-23 00:41:15.358,1,2,Read Discrete Inputs,512,185,-1,-1,-1,-1,-1,-1,-1,-1,47289
2026-08-23 00:41:15.848,1,3,Read Holding Registers,1260,12,-1,-1,-1,-1,-1,-1,-1,-1,2693
2026-08-23 00:41:15.881,1,3,Read Holding Registers,6183,3840,-1,-1,-1,-1,-1,-1,-1,-1,10740
2026-08-23 00:41:16.341,1,4,Read Input Registers,86,3,-1,-1,-1,-1,-1,-1,-1,-1,6992
2026-08-23 00:41:16.363,1,4,Read Input Registers,1536,34816,-1,-1,-1,-1,-1,-1,-1,-1,35968
2026-08-23 00:41:17.340,1,6,Write Single Register,321,-1,-1,38,38,38,38,13,-1,-1,63577
2026-08-23 00:41:17.362,1,6,Write Single Register,321,-1,-1,38,38,38,38,13,-1,-1,63577
2026-08-23 00:41:17.445,1,6,Write Single Register,1264,-1,-1,120,120,120,120,12,-1,-1,60296
2026-08-23 00:41:17.466,1,6,Write Single Register,1264,-1,-1,120,120,120,120,12,-1,-1,60296
2026-08-23 00:41:17.854,1,16,Write Multiple Registers,2835,3,6,114,257,224,595,39,-1,-1,41939
2026-08-23 00:41:17.878,1,3,Read Holding Registers,1200,5,-1,-1,-1,-1,-1,-1,-1,-1,7813
2026-08-23 00:41:17.900,1,3,Read Holding Registers,2560,0,-1,-1,-1,-1,-1,-1,-1,-1,46628
2026-08-23 00:41:18.348,1,1,Read Coils,25,3,-1,-1,-1,-1,-1,-1,-1,-1,52397
2026-08-23 00:41:18.359,1,1,Read Coils,256,20872,-1,-1,-1,-1,-1,-1,-1,-1,34897
2026-08-23 00:41:18.848,1,2,Read Discrete Inputs,4,12,-1,-1,-1,-1,-1,-1,-1,-1,52793
2026-08-23 00:41:18.860,1,2,Read Discrete Inputs,513,184,-1,-1,-1,-1,-1,-1,-1,-1,10424
2026-08-23 00:41:19.349,1,3,Read Holding Registers,1260,12,-1,-1,-1,-1,-1,-1,-1,-1,2693
2026-08-23 00:41:19.381,1,3,Read Holding Registers,6183,3840,-1,-1,-1,-1,-1,-1,-1,-1,11321
2026-08-23 00:41:19.849,1,4,Read Input Registers,86,3,-1,-1,-1,-1,-1,-1,-1,-1,6992
2026-08-23 00:41:19.861,1,4,Read Input Registers,1539,38400,-1,-1,-1,-1,-1,-1,-1,-1,48424
2026-08-23 00:41:21.354,1,16,Write Multiple Registers,2835,3,6,113,240,224,577,37,-1,-1,47075
2026-08-23 00:41:21.377,1,3,Read Holding Registers,1200,5,-1,-1,-1,-1,-1,-1,-1,-1,7813
2026-08-23 00:41:21.398,1,3,Read Holding Registers,2560,0,-1,-1,-1,-1,-1,-1,-1,-1,46628
2026-08-23 00:41:21.846,1,1,Read Coils,25,3,-1,-1,-1,-1,-1,-1,-1,-1,52397
2026-08-23 00:41:21.858,1,1,Read Coils,256,20872,-1,-1,-1,-1,-1,-1,-1,-1,34897
2026-08-23 00:41:22.347,1,2,Read Discrete Inputs,4,12,-1,-1,-1,-1,-1,-1,-1,-1,52793
2026-08-23 00:41:22.358,1,2,Read Discrete Inputs,513,184,-1,-1,-1,-1,-1,-1,-1,-1,10424
2026-08-23 00:41:22.847,1,3,Read Holding Registers,1260,12,-1,-1,-1,-1,-1,-1,-1,-1,2693
2026-08-23 00:41:22.889,1,3,Read Holding Registers,6183,3840,-1,-1,-1,-1,-1,-1,-1,-1,11321
2026-08-23 00:41:23.347,1,4,Read Input Registers,86,3,-1,-1,-1,-1,-1,-1,-1,-1,6992
2026-08-23 00:41:23.359,1,4,Read Input Registers,1538,52736,-1,-1,-1,-1,-1,-1,-1,-1,41224
2026-08-23 00:41:24.853,1,16,Write Multiple Registers,2835,3,6,119,258,241,618,35,-1,-1,41087
2026-08-23 00:41:24.886,1,3,Read Holding Registers,1200,5,-1,-1,-1,-1,-1,-1,-1,-1,7813
2026-08-23 00:41:24.907,1,3,Read Holding Registers,2560,0,-1,-1,-1,-1,-1,-1,-1,-1,46628
2026-08-23 00:41:25.345,1,1,Read Coils,25,3,-1,-1,-1,-1,-1,-1,-1,-1,52397
2026-08-23 00:41:25.357,1,1,Read Coils,256,20872,-1,-1,-1,-1,-1,-1,-1,-1,34897
2026-08-23 00:41:25.846,1,2,Read Discrete Inputs,4,12,-1,-1,-1,-1,-1,-1,-1,-1,52793
2026-08-23 00:41:25.858,1,2,Read Discrete Inputs,512,185,-1,-1,-1,-1,-1,-1,-1,-1,47289
2026-08-23 00:41:26.346,1,3,Read Holding Registers,1260,12,-1,-1,-1,-1,-1,-1,-1,-1,2693
2026-08-23 00:41:26.388,1,3,Read Holding Registers,6183,3840,-1,-1,-1,-1,-1,-1,-1,-1,11321
2026-08-23 00:41:26.847,1,4,Read Input Registers,86,3,-1,-1,-1,-1,-1,-1,-1,-1,6992
2026-08-23 00:41:26.858,1,4,Read Input Registers,1538,41216,-1,-1,-1,-1,-1,-1,-1,-1,43228
2026-08-23 00:41:27.348,1,5,Write Single Coil,9012,65280,-1,-1,-1,-1,-1,-1,-1,-1,28870
2026-08-23 00:41:27.360,1,5,Write Single Coil,9012,65280,-1,-1,-1,-1,-1,-1,-1,-1,28870
2026-08-23 00:41:28.357,1,16,Write Multiple Registers,2835,3,6,114,254,238,606,31,-1,-1,45819
2026-08-23 00:41:28.379,1,3,Read Holding Registers,1200,5,-1,-1,-1,-1,-1,-1,-1,-1,7813
2026-08-23 00:41:28.401,1,3,Read Holding Registers,2560,0,-1,-1,-1,-1,-1,-1,-1,-1,46628
2026-08-23 00:41:28.848,1,1,Read Coils,25,3,-1,-1,-1,-1,-1,-1,-1,-1,52397
2026-08-23 00:41:28.860,1,1,Read Coils,256,20872,-1,-1,-1,-1,-1,-1,-1,-1,34897
2026-08-23 00:41:29.350,1,2,Read Discrete Inputs,4,12,-1,-1,-1,-1,-1,-1,-1,-1,52793
2026-08-23 00:41:29.361,1,2,Read Discrete Inputs,513,184,-1,-1,-1,-1,-1,-1,-1,-1,10424
2026-08-23 00:41:29.587,1,6,Write Single Register,1268,-1,-1,403,403,403,403,11,-1,-1,62856
2026-08-23 00:41:29.608,1,6,Write Single Register,1268,-1,-1,403,403,403,403,11,-1,-1,62856
2026-08-23 00:41:29.844,1,3,Read Holding Registers,1260,12,-1,-1,-1,-1,-1,-1,-1,-1,2693
2026-08-23 00:41:29.886,1,3,Read Holding Registers,6183,3840,-1,-1,-1,-1,-1,-1,-1,-1,11274
2026-08-23 00:41:30.345,1,4,Read Input Registers,86,3,-1,-1,-1,-1,-1,-1,-1,-1,6992
2026-08-23 00:41:30.367,1,4,Read Input Registers,1539,13824,-1,-1,-1,-1,-1,-1,-1,-1,42152
2026-08-23 00:41:30.845,1,5,Write Single Coil,9012,0,-1,-1,-1,-1,-1,-1,-1,-1,32903
2026-08-23 00:41:30.857,1,5,Write Single Coil,9012,0,-1,-1,-1,-1,-1,-1,-1,-1,32903
2026-08-23 00:41:31.854,1,16,Write Multiple Registers,2835,3,6,103,246,217,566,32,-1,-1,29726
2026-08-23 00:41:31.877,1,3,Read Holding Registers,1200,5,-1,-1,-1,-1,-1,-1,-1,-1,7813
2026-08-23 00:41:31.899,1,3,Read Holding Registers,2560,0,-1,-1,-1,-1,-1,-1,-1,-1,46628
2026-08-23 00:41:32.347,1,1,Read Coils,25,3,-1,-1,-1,-1,-1,-1,-1,-1,52397
2026-08-23 00:41:32.358,1,1,Read Coils,256,20872,-1,-1,-1,-1,-1,-1,-1,-1,34897
2026-08-23 00:41:32.848,1,2,Read Discrete Inputs,4,12,-1,-1,-1,-1,-1,-1,-1,-1,52793
2026-08-23 00:41:32.859,1,2,Read Discrete Inputs,513,184,-1,-1,-1,-1,-1,-1,-1,-1,10424
2026-08-23 00:41:33.350,1,3,Read Holding Registers,1260,12,-1,-1,-1,-1,-1,-1,-1,-1,2693
2026-08-23 00:41:33.381,1,3,Read Holding Registers,6183,3840,-1,-1,-1,-1,-1,-1,-1,-1,11274
2026-08-23 00:41:33.851,1,4,Read Input Registers,86,3,-1,-1,-1,-1,-1,-1,-1,-1,6992
2026-08-23 00:41:33.862,1,4,Read Input Registers,1539,13312,-1,-1,-1,-1,-1,-1,-1,-1,25809
2026-08-23 00:41:34.341,1,5,Write Single Coil,9012,65280,-1,-1,-1,-1,-1,-1,-1,-1,28870
2026-08-23 00:41:34.362,1,5,Write Single Coil,9012,65280,-1,-1,-1,-1,-1,-1,-1,-1,28870
2026-08-23 00:41:35.349,1,16,Write Multiple Registers,2835,3,6,111,251,205,567,30,-1,-1,28782
2026-08-23 00:41:35.382,1,3,Read Holding Registers,1200,5,-1,-1,-1,-1,-1,-1,-1,-1,7813
2026-08-23 00:41:35.404,1,3,Read Holding Registers,2560,0,-1,-1,-1,-1,-1,-1,-1,-1,46628
2026-08-23 00:41:35.843,1,1,Read Coils,25,3,-1,-1,-1,-1,-1,-1,-1,-1,52397
2026-08-23 00:41:35.854,1,1,Read Coils,256,20872,-1,-1,-1,-1,-1,-1,-1,-1,34897
2026-08-23 00:41:36.262,1,6,Write Single Register,1272,-1,-1,882,882,882,882,10,-1,-1,56969
2026-08-23 00:41:36.274,1,6,Write Single Register,1272,-1,-1,882,882,882,882,10,-1,-1,56969
2026-08-23 00:41:36.346,1,2,Read Discrete Inputs,4,12,-1,-1,-1,-1,-1,-1,-1,-1,52793
2026-08-23 00:41:36.357,1,2,Read Discrete Inputs,513,184,-1,-1,-1,-1,-1,-1,-1,-1,10424
2026-08-23 00:41:36.845,1,3,Read Holding Registers,1260,12,-1,-1,-1,-1,-1,-1,-1,-1,2693
2026-08-23 00:41:36.888,1,3,Read Holding Registers,6183,3840,-1,-1,-1,-1,-1,-1,-1,-1,11274
2026-08-23 00:41:37.347,1,4,Read Input Registers,86,3,-1,-1,-1,-1,-1,-1,-1,-1,6992
2026-08-23 00:41:37.358,1,4,Read Input Registers,1536,30720,-1,-1,-1,-1,-1,-1,-1,-1,39360
2026-08-23 00:41:38.346,1,6,Write Single Register,321,-1,-1,45,45,45,45,12,-1,-1,16152
2026-08-23 00:41:38.357,1,6,Write Single Register,321,-1,-1,45,45,45,45,12,-1,-1,16152
2026-08-23 00:41:38.857,1,16,Write Multiple Registers,2835,3,6,118,246,244,608,32,-1,-1,30234
2026-08-23 00:41:38.880,1,3,Read Holding Registers,1200,5,-1,-1,-1,-1,-1,-1,-1,-1,7813
2026-08-23 00:41:38.902,1,3,Read Holding Registers,2560,0,-1,-1,-1,-1,-1,-1,-1,-1,46628
2026-08-23 00:41:39.341,1,1,Read Coils,25,3,-1,-1,-1,-1,-1,-1,-1,-1,52397
2026-08-23 00:41:39.353,1,1,Read Coils,256,20872,-1,-1,-1,-1,-1,-1,-1,-1,34897
2026-08-23 00:41:39.843,1,2,Read Discrete Inputs,4,12,-1,-1,-1,-1,-1,-1,-1,-1,52793
2026-08-23 00:41:39.855,1,2,Read Discrete Inputs,513,184,-1,-1,-1,-1,-1,-1,-1,-1,10424
2026-08-23 00:41:40.344,1,3,Read Holding Registers,1260,12,-1,-1,-1,-1,-1,-1,-1,-1,2693
2026-08-23 00:41:40.386,1,3,Read Holding Registers,6183,3840,-1,-1,-1,-1,-1,-1,-1,-1,11274
2026-08-23 00:41:40.844,1,4,Read Input Registers,86,3,-1,-1,-1,-1,-1,-1,-1,-1,6992
2026-08-23 00:41:40.865,1,4,Read Input Registers,1538,10752,-1,-1,-1,-1,-1,-1,-1,-1,46968
2026-08-23 00:41:41.843,1,6,Write Single Register,321,-1,-1,22,22,22,22,13,-1,-1,60505
2026-08-23 00:41:41.855,1,6,Write Single Register,321,-1,-1,22,22,22,22,13,-1,-1,60505
2026-08-23 00:41:42.263,1,6,Write Single Register,1266,-1,-1,233,233,233,233,11,-1,-1,34792
2026-08-23 00:41:42.274,1,6,Write Single Register,1266,-1,-1,233,233,233,233,11,-1,-1,34792
2026-08-23 00:41:42.357,1,16,Write Multiple Registers,2835,3,6,111,252,230,593,31,-1,-1,46091
2026-08-23 00:41:42.379,1,3,Read Holding Registers,1200,5,-1,-1,-1,-1,-1,-1,-1,-1,7813
2026-08-23 00:41:42.400,1,3,Read Holding Registers,2560,0,-1,-1,-1,-1,-1,-1,-1,-1,46628
2026-08-23 00:41:42.848,1,1,Read Coils,25,3,-1,-1,-1,-1,-1,-1,-1,-1,52397
2026-08-23 00:41:42.859,1,1,Read Coils,256,20872,-1,-1,-1,-1,-1,-1,-1,-1,34897
2026-08-23 00:41:43.348,1,2,Read Discrete Inputs,4,12,-1,-1,-1,-1,-1,-1,-1,-1,52793
2026-08-23 00:41:43.360,1,2,Read Discrete Inputs,512,185,-1,-1,-1,-1,-1,-1,-1,-1,47289
2026-08-23 00:41:43.849,1,3,Read Holding Registers,1260,12,-1,-1,-1,-1,-1,-1,-1,-1,2693
2026-08-23 00:41:43.881,1,3,Read Holding Registers,6183,3840,-1,-1,-1,-1,-1,-1,-1,-1,35956
2026-08-23 00:41:44.351,1,4,Read Input Registers,86,3,-1,-1,-1,-1,-1,-1,-1,-1,6992
2026-08-23 00:41:44.362,1,4,Read Input Registers,1536,26112,-1,-1,-1,-1,-1,-1,-1,-1,39784
2026-08-23 00:41:45.859,1,16,Write Multiple Registers,2835,3,6,111,256,213,580,36,-1,-1,24846
2026-08-23 00:41:45.882,1,3,Read Holding Registers,1200,5,-1,-1,-1,-1,-1,-1,-1,-1,7813
2026-08-23 00:41:45.904,1,3,Read Holding Registers,2560,0,-1,-1,-1,-1,-1,-1,-1,-1,46628
2026-08-23 00:41:46.342,1,1,Read Coils,25,3,-1,-1,-1,-1,-1,-1,-1,-1,52397
2026-08-23 00:41:46.354,1,1,Read Coils,256,20872,-1,-1,-1,-1,-1,-1,-1,-1,34897
2026-08-23 00:41:46.843,1,2,Read Discrete Inputs,4,12,-1,-1,-1,-1,-1,-1,-1,-1,52793
2026-08-23 00:41:46.855,1,2,Read Discrete Inputs,513,184,-1,-1,-1,-1,-1,-1,-1,-1,10424
2026-08-23 00:41:47.344,1,3,Read Holding Registers,1260,12,-1,-1,-1,-1,-1,-1,-1,-1,2693
2026-08-23 00:41:47.387,1,3,Read Holding Registers,6183,3840,-1,-1,-1,-1,-1,-1,-1,-1,35956
2026-08-23 00:41:47.845,1,4,Read Input Registers,86,3,-1,-1,-1,-1,-1,-1,-1,-1,6992
2026-08-23 00:41:47.867,1,4,Read Input Registers,1536,45824,-1,-1,-1,-1,-1,-1,-1,-1,18789
2026-08-23 00:41:48.843,1,6,Write Single Register,321,-1,-1,43,43,43,43,12,-1,-1,15768
2026-08-23 00:41:48.855,1,6,Write Single Register,321,-1,-1,43,43,43,43,12,-1,-1,15768
2026-08-23 00:41:49.355,1,16,Write Multiple Registers,2835,3,6,109,246,214,569,32,-1,-1,30570
2026-08-23 00:41:49.377,1,3,Read Holding Registers,1200,5,-1,-1,-1,-1,-1,-1,-1,-1,7813
2026-08-23 00:41:49.399,1,3,Read Holding Registers,2560,0,-1,-1,-1,-1,-1,-1,-1,-1,46628
2026-08-23 00:41:49.847,1,1,Read Coils,25,3,-1,-1,-1,-1,-1,-1,-1,-1,52397
2026-08-23 00:41:49.858,1,1,Read Coils,256,20872,-1,-1,-1,-1,-1,-1,-1,-1,34897
2026-08-23 00:41:50.347,1,2,Read Discrete Inputs,4,12,-1,-1,-1,-1,-1,-1,-1,-1,52793
2026-08-23 00:41:50.359,1,2,Read Discrete Inputs,513,184,-1,-1,-1,-1,-1,-1,-1,-1,10424
2026-08-23 00:41:50.847,1,3,Read Holding Registers,1260,12,-1,-1,-1,-1,-1,-1,-1,-1,2693
2026-08-23 00:41:50.889,1,3,Read Holding Registers,6183,3840,-1,-1,-1,-1,-1,-1,-1,-1,35956
2026-08-23 00:41:51.348,1,4,Read Input Registers,86,3,-1,-1,-1,-1,-1,-1,-1,-1,6992
2026-08-23 00:41:51.360,1,4,Read Input Registers,1539,24064,-1,-1,-1,-1,-1,-1,-1,-1,28105
2026-08-23 00:41:52.347,1,6,Write Single Register,321,-1,-1,11,11,11,11,13,-1,-1,58777
2026-08-23 00:41:52.358,1,6,Write Single Register,321,-1,-1,11,11,11,11,13,-1,-1,58777
2026-08-23 00:41:52.858,1,16,Write Multiple Registers,2835,3,6,114,253,203,570,32,-1,-1,29942
2026-08-23 00:41:52.882,1,3,Read Holding Registers,1200,5,-1,-1,-1,-1,-1,-1,-1,-1,7813
2026-08-23 00:41:52.904,1,3,Read Holding Registers,2560,0,-1,-1,-1,-1,-1,-1,-1,-1,46628
2026-08-23 00:41:53.343,1,1,Read Coils,25,3,-1,-1,-1,-1,-1,-1,-1,-1,52397
2026-08-23 00:41:53.354,1,1,Read Coils,256,20872,-1,-1,-1,-1,-1,-1,-1,-1,34897
2026-08-23 00:41:53.487,1,6,Write Single Register,1262,-1,-1,42,42,42,42,13,-1,-1,4201
2026-08-23 00:41:53.498,1,6,Write Single Register,1262,-1,-1,42,42,42,42,13,-1,-1,4201
2026-08-23 00:41:53.845,1,2,Read Discrete Inputs,4,12,-1,-1,-1,-1,-1,-1,-1,-1,52793
2026-08-23 00:41:53.857,1,2,Read Discrete Inputs,513,184,-1,-1,-1,-1,-1,-1,-1,-1,10424
2026-08-23 00:41:54.346,1,3,Read Holding Registers,1260,12,-1,-1,-1,-1,-1,-1,-1,-1,2693
2026-08-23 00:41:54.388,1,3,Read Holding Registers,6183,3840,-1,-1,-1,-1,-1,-1,-1,-1,63681
2026-08-23 00:41:54.846,1,4,Read Input Registers,86,3,-1,-1,-1,-1,-1,-1,-1,-1,6992
2026-08-23 00:41:54.858,1,4,Read Input Registers,1537,15872,-1,-1,-1,-1,-1,-1,-1,-1,34632
2026-08-23 00:41:55.348,1,5,Write Single Coil,9012,0,-1,-1,-1,-1,-1,-1,-1,-1,32903
2026-08-23 00:41:55.359,1,5,Write Single Coil,9012,0,-1,-1,-1,-1,-1,-1,-1,-1,32903
2026-08-23 00:41:55.848,1,6,Write Single Register,321,-1,-1,27,27,27,27,12,-1,-1,10648
2026-08-23 00:41:55.860,1,6,Write Single Register,321,-1,-1,27,27,27,27,12,-1,-1,10648
2026-08-23 00:41:56.350,1,16,Write Multiple Registers,2835,3,6,108,254,213,575,32,-1,-1,29054
2026-08-23 00:41:56.383,1,3,Read Holding Registers,1200,5,-1,-1,-1,-1,-1,-1,-1,-1,7813
2026-08-23 00:41:56.404,1,3,Read Holding Registers,2560,0,-1,-1,-1,-1,-1,-1,-1,-1,46628
2026-08-23 00:41:56.842,1,1,Read Coils,25,3,-1,-1,-1,-1,-1,-1,-1,-1,52397
2026-08-23 00:41:56.853,1,1,Read Coils,256,20872,-1,-1,-1,-1,-1,-1,-1,-1,34897
2026-08-23 00:41:57.343,1,2,Read Discrete Inputs,4,12,-1,-1,-1,-1,-1,-1,-1,-1,52793
2026-08-23 00:41:57.354,1,2,Read Discrete Inputs,513,184,-1,-1,-1,-1,-1,-1,-1,-1,10424
2026-08-23 00:41:57.844,1,3,Read Holding Registers,1260,12,-1,-1,-1,-1,-1,-1,-1,-1,2693
2026-08-23 00:41:57.886,1,3,Read Holding Registers,6183,3840,-1,-1,-1,-1,-1,-1,-1,-1,63681
2026-08-23 00:41:58.345,1,4,Read Input Registers,86,3,-1,-1,-1,-1,-1,-1,-1,-1,6992
2026-08-23 00:41:58.367,1,4,Read Input Registers,1539,3840,-1,-1,-1,-1,-1,-1,-1,-1,41268
2026-08-23 00:41:59.343,1,6,Write Single Register,321,-1,-1,14,14,14,14,13,-1,-1,58969
2026-08-23 00:41:59.364,1,6,Write Single Register,321,-1,-1,14,14,14,14,13,-1,-1,58969
2026-08-23 00:41:59.853,1,16,Write Multiple Registers,2835,3,6,100,251,247,598,31,-1,-1,47047
2026-08-23 00:41:59.886,1,3,Read Holding Registers,1200,5,-1,-1,-1,-1,-1,-1,-1,-1,7813
2026-08-23 00:41:59.908,1,3,Read Holding Registers,2560,0,-1,-1,-1,-1,-1,-1,-1,-1,46628
2026-08-23 00:42:00.346,1,1,Read Coils,25,3,-1,-1,-1,-1,-1,-1,-1,-1,52397
2026-08-23 00:42:00.358,1,1,Read Coils,256,20872,-1,-1,-1,-1,-1,-1,-1,-1,34897
2026-08-23 00:42:00.847,1,2,Read Discrete Inputs,4,12,-1,-1,-1,-1,-1,-1,-1,-1,52793
2026-08-23 00:42:00.859,1,2,Read Discrete Inputs,513,184,-1,-1,-1,-1,-1,-1,-1,-1,10424
2026-08-23 00:42:01.348,1,3,Read Holding Registers,1260,12,-1,-1,-1,-1,-1,-1,-1,-1,2693
2026-08-23 00:42:01.380,1,3,Read Holding Registers,6183,3840,-1,-1,-1,-1,-1,-1,-1,-1,63681
2026-08-23 00:42:01.850,1,4,Read Input Registers,86,3,-1,-1,-1,-1,-1,-1,-1,-1,6992
2026-08-23 00:42:01.862,1,4,Read Input Registers,1536,56064,-1,-1,-1,-1,-1,-1,-1,-1,32772
2026-08-23 00:42:03.359,1,16,Write Multiple Registers,2835,3,6,103,244,210,557,34,-1,-1,29754
2026-08-23 00:42:03.381,1,3,Read Holding Registers,1200,5,-1,-1,-1,-1,-1,-1,-1,-1,7813
2026-08-23 00:42:03.403,1,3,Read Holding Registers,2560,0,-1,-1,-1,-1,-1,-1,-1,-1,46628
2026-08-23 00:42:03.841,1,1,Read Coils,25,3,-1,-1,-1,-1,-1,-1,-1,-1,52397
2026-08-23 00:42:03.863,1,1,Read Coils,256,20872,-1,-1,-1,-1,-1,-1,-1,-1,34897
2026-08-23 00:42:04.342,1,2,Read Discrete Inputs,4,12,-1,-1,-1,-1,-1,-1,-1,-1,52793
2026-08-23 00:42:04.363,1,2,Read Discrete Inputs,513,184,-1,-1,-1,-1,-1,-1,-1,-1,10424
2026-08-23 00:42:04.842,1,3,Read Holding Registers,1260,12,-1,-1,-1,-1,-1,-1,-1,-1,2693
2026-08-23 00:42:04.885,1,3,Read Holding Registers,6183,3840,-1,-1,-1,-1,-1,-1,-1,-1,63681
2026-08-23 00:42:05.344,1,4,Read Input Registers,86,3,-1,-1,-1,-1,-1,-1,-1,-1,6992
2026-08-23 00:42:05.366,1,4,Read Input Registers,1536,33280,-1,-1,-1,-1,-1,-1,-1,-1,36120
2026-08-23 00:42:06.851,1,16,Write Multiple Registers,2835,3,6,116,245,241,602,33,-1,-1,46399
2026-08-23 00:42:06.884,1,3,Read Holding Registers,1200,5,-1,-1,-1,-1,-1,-1,-1,-1,7813
2026-08-23 00:42:06.906,1,3,Read Holding Registers,2560,0,-1,-1,-1,-1,-1,-1,-1,-1,46628
2026-08-23 00:42:07.202,1,6,Write Single Register,1272,-1,-1,883,883,883,883,9,-1,-1,7752
2026-08-23 00:42:07.213,1,6,Write Single Register,1272,-1,-1,883,883,883,883,9,-1,-1,7752
2026-08-23 00:42:07.347,1,1,Read Coils,25,3,-1,-1,-1,-1,-1,-1,-1,-1,52397
2026-08-23 00:42:07.358,1,1,Read Coils,256,20872,-1,-1,-1,-1,-1,-1,-1,-1,34897
2026-08-23 00:42:07.846,1,2,Read Discrete Inputs,4,12,-1,-1,-1,-1,-1,-1,-1,-1,52793
2026-08-23 00:42:07.859,1,2,Read Discrete Inputs,513,184,-1,-1,-1,-1,-1,-1,-1,-1,10424
2026-08-23 00:42:08.347,1,3,Read Holding Registers,1260,12,-1,-1,-1,-1,-1,-1,-1,-1,2693
2026-08-23 00:42:08.389,1,3,Read Holding Registers,6183,3840,-1,-1,-1,-1,-1,-1,-1,-1,63681
2026-08-23 00:42:08.848,1,4,Read Input Registers,86,3,-1,-1,-1,-1,-1,-1,-1,-1,6992
2026-08-23 00:42:08.860,1,4,Read Input Registers,1538,57088,-1,-1,-1,-1,-1,-1,-1,-1,41716
2026-08-23 00:42:09.349,1,5,Write Single Coil,9012,65280,-1,-1,-1,-1,-1,-1,-1,-1,28870
2026-08-23 00:42:09.361,1,5,Write Single Coil,9012,65280,-1,-1,-1,-1,-1,-1,-1,-1,28870
2026-08-23 00:42:09.850,1,6,Write Single Register,321,-1,-1,44,44,44,44,13,-1,-1,65497
2026-08-23 00:42:09.862,1,6,Write Single Register,321,-1,-1,44,44,44,44,13,-1,-1,65497
2026-08-23 00:42:10.351,1,16,Write Multiple Registers,2835,3,6,101,259,249,609,35,-1,-1,42239
2026-08-23 00:42:10.384,1,3,Read Holding Registers,1200,5,-1,-1,-1,-1,-1,-1,-1,-1,7813
2026-08-23 00:42:10.405,1,3,Read Holding Registers,2560,0,-1,-1,-1,-1,-1,-1,-1,-1,46628
2026-08-23 00:42:10.843,1,1,Read Coils,25,3,-1,-1,-1,-1,-1,-1,-1,-1,52397
2026-08-23 00:42:10.855,1,1,Read Coils,256,20872,-1,-1,-1,-1,-1,-1,-1,-1,34897
2026-08-23 00:42:11.344,1,2,Read Discrete Inputs,4,12,-1,-1,-1,-1,-1,-1,-1,-1,52793
2026-08-23 00:42:11.356,1,2,Read Discrete Inputs,512,185,-1,-1,-1,-1,-1,-1,-1,-1,47289
2026-08-23 00:42:11.846,1,3,Read Holding Registers,1260,12,-1,-1,-1,-1,-1,-1,-1,-1,2693
2026-08-23 00:42:11.889,1,3,Read Holding Registers,6183,3840,-1,-1,-1,-1,-1,-1,-1,-1,63681
2026-08-23 00:42:12.347,1,4,Read Input Registers,86,3,-1,-1,-1,-1,-1,-1,-1,-1,6992
2026-08-23 00:42:12.359,1,4,Read Input Registers,1537,25344,-1,-1,-1,-1,-1,-1,-1,-1,19109
2026-08-23 00:42:12.848,1,5,Write Single Coil,9012,65280,-1,-1,-1,-1,-1,-1,-1,-1,28870
2026-08-23 00:42:12.859,1,5,Write Single Coil,9012,65280,-1,-1,-1,-1,-1,-1,-1,-1,28870
2026-08-23 00:42:13.857,1,16,Write Multiple Registers,2835,3,6,110,251,237,598,30,-1,-1,30654
2026-08-23 00:42:13.881,1,3,Read Holding Registers,1200,5,-1,-1,-1,-1,-1,-1,-1,-1,7813
2026-08-23 00:42:13.902,1,3,Read Holding Registers,2560,0,-1,-1,-1,-1,-1,-1,-1,-1,46628
2026-08-23 00:42:14.350,1,1,Read Coils,25,3,-1,-1,-1,-1,-1,-1,-1,-1,52397
2026-08-23 00:42:14.361,1,1,Read Coils,256,20872,-1,-1,-1,-1,-1,-1,-1,-1,34897
2026-08-23 00:42:14.850,1,2,Read Discrete Inputs,4,12,-1,-1,-1,-1,-1,-1,-1,-1,52793
2026-08-23 00:42:14.862,1,2,Read Discrete Inputs,512,185,-1,-1,-1,-1,-1,-1,-1,-1,47289
2026-08-23 00:42:15.351,1,3,Read Holding Registers,1260,12,-1,-1,-1,-1,-1,-1,-1,-1,2693
2026-08-23 00:42:15.383,1,3,Read Holding Registers,6183,3840,-1,-1,-1,-1,-1,-1,-1,-1,63681
2026-08-23 00:42:15.842,1,4,Read Input Registers,86,3,-1,-1,-1,-1,-1,-1,-1,-1,6992
2026-08-23 00:42:15.864,1,4,Read Input Registers,1536,55040,-1,-1,-1,-1,-1,-1,-1,-1,33044
2026-08-23 00:42:16.852,1,6,Write Single Register,321,-1,-1,46,46,46,46,12,-1,-1,15960
2026-08-23 00:42:16.864,1,6,Write Single Register,321,-1,-1,46,46,46,46,12,-1,-1,15960
2026-08-23 00:42:17.355,1,16,Write Multiple Registers,2835,3,6,106,247,247,600,30,-1,-1,29094
2026-08-23 00:42:17.378,1,3,Read Holding Registers,1200,5,-1,-1,-1,-1,-1,-1,-1,-1,7813
2026-08-23 00:42:17.400,1,3,Read Holding Registers,2560,0,-1,-1,-1,-1,-1,-1,-1,-1,46628
2026-08-23 00:42:17.848,1,1,Read Coils,25,3,-1,-1,-1,-1,-1,-1,-1,-1,52397
2026-08-23 00:42:17.860,1,1,Read Coils,256,20872,-1,-1,-1,-1,-1,-1,-1,-1,34897
2026-08-23 00:42:18.350,1,2,Read Discrete Inputs,4,12,-1,-1,-1,-1,-1,-1,-1,-1,52793
2026-08-23 00:42:18.362,1,2,Read Discrete Inputs,513,184,-1,-1,-1,-1,-1,-1,-1,-1,10424
2026-08-23 00:42:18.851,1,3,Read Holding Registers,1260,12,-1,-1,-1,-1,-1,-1,-1,-1,2693
2026-08-23 00:42:18.883,1,3,Read Holding Registers,6183,3840,-1,-1,-1,-1,-1,-1,-1,-1,63681
2026-08-23 00:42:19.342,1,4,Read Input Registers,86,3,-1,-1,-1,-1,-1,-1,-1,-1,6992
2026-08-23 00:42:19.364,1,4,Read Input Registers,1537,57856,-1,-1,-1,-1,-1,-1,-1,-1,21657
2026-08-23 00:42:19.762,1,6,Write Single Register,1270,-1,-1,616,616,616,616,12,-1,-1,18024
2026-08-23 00:42:19.774,1,6,Write Single Register,1270,-1,-1,616,616,616,616,12,-1,-1,18024
2026-08-23 00:42:20.344,1,6,Write Single Register,321,-1,-1,22,22,22,22,13,-1,-1,60505
2026-08-23 00:42:20.356,1,6,Write Single Register,321,-1,-1,22,22,22,22,13,-1,-1,60505
2026-08-23 00:42:20.855,1,16,Write Multiple Registers,2835,3,6,104,247,203,554,33,-1,-1,46167
2026-08-23 00:42:20.877,1,3,Read Holding Registers,1200,5,-1,-1,-1,-1,-1,-1,-1,-1,7813
2026-08-23 00:42:20.909,1,3,Read Holding Registers,2560,0,-1,-1,-1,-1,-1,-1,-1,-1,46628
2026-08-23 00:42:21.347,1,1,Read Coils,25,3,-1,-1,-1,-1,-1,-1,-1,-1,52397
2026-08-23 00:42:21.358,1,1,Read Coils,256,20872,-1,-1,-1,-1,-1,-1,-1,-1,34897
2026-08-23 00:42:21.848,1,2,Read Discrete Inputs,4,12,-1,-1,-1,-1,-1,-1,-1,-1,52793
2026-08-23 00:42:21.859,1,2,Read Discrete Inputs,512,185,-1,-1,-1,-1,-1,-1,-1,-1,47289
2026-08-23 00:42:22.349,1,3,Read Holding Registers,1260,12,-1,-1,-1,-1,-1,-1,-1,-1,2693
2026-08-23 00:42:22.382,1,3,Read Holding Registers,6183,3840,-1,-1,-1,-1,-1,-1,-1,-1,63681
2026-08-23 00:42:22.851,1,4,Read Input Registers,86,3,-1,-1,-1,-1,-1,-1,-1,-1,6992
2026-08-23 00:42:22.863,1,4,Read Input Registers,1538,33792,-1,-1,-1,-1,-1,-1,-1,-1,28561
2026-08-23 00:42:24.358,1,16,Write Multiple Registers,2835,3,6,101,248,247,596,32,-1,-1,29634
2026-08-23 00:42:24.381,1,3,Read Holding Registers,1200,5,-1,-1,-1,-1,-1,-1,-1,-1,7813
2026-08-23 00:42:24.403,1,3,Read Holding Registers,2560,0,-1,-1,-1,-1,-1,-1,-1,-1,46628
2026-08-23 00:42:24.851,1,1,Read Coils,25,3,-1,-1,-1,-1,-1,-1,-1,-1,52397
2026-08-23 00:42:24.863,1,1,Read Coils,256,20872,-1,-1,-1,-1,-1,-1,-1,-1,34897
2026-08-23 00:42:25.343,1,2,Read Discrete Inputs,4,12,-1,-1,-1,-1,-1,-1,-1,-1,52793
2026-08-23 00:42:25.365,1,2,Read Discrete Inputs,513,184,-1,-1,-1,-1,-1,-1,-1,-1,10424
2026-08-23 00:42:25.843,1,3,Read Holding Registers,1260,12,-1,-1,-1,-1,-1,-1,-1,-1,2693
2026-08-23 00:42:25.886,1,3,Read Holding Registers,6183,3840,-1,-1,-1,-1,-1,-1,-1,-1,63681
2026-08-23 00:42:26.344,1,4,Read Input Registers,86,3,-1,-1,-1,-1,-1,-1,-1,-1,6992
2026-08-23 00:42:26.365,1,4,Read Input Registers,1539,27136,-1,-1,-1,-1,-1,-1,-1,-1,43384
2026-08-23 00:42:27.343,1,6,Write Single Register,321,-1,-1,21,21,21,21,13,-1,-1,60697
2026-08-23 00:42:27.355,1,6,Write Single Register,321,-1,-1,21,21,21,21,13,-1,-1,60697
2026-08-23 00:42:27.854,1,16,Write Multiple Registers,2835,3,6,106,248,230,584,34,-1,-1,30234
2026-08-23 00:42:27.877,1,3,Read Holding Registers,1200,5,-1,-1,-1,-1,-1,-1,-1,-1,7813
2026-08-23 00:42:27.898,1,3,Read Holding Registers,2560,0,-1,-1,-1,-1,-1,-1,-1,-1,46628
2026-08-23 00:42:28.346,1,1,Read Coils,25,3,-1,-1,-1,-1,-1,-1,-1,-1,52397
2026-08-23 00:42:28.358,1,1,Read Coils,256,20872,-1,-1,-1,-1,-1,-1,-1,-1,34897
2026-08-23 00:42:28.847,1,2,Read Discrete Inputs,4,12,-1,-1,-1,-1,-1,-1,-1,-1,52793
2026-08-23 00:42:28.858,1,2,Read Discrete Inputs,513,184,-1,-1,-1,-1,-1,-1,-1,-1,10424
2026-08-23 00:42:29.347,1,3,Read Holding Registers,1260,12,-1,-1,-1,-1,-1,-1,-1,-1,2693
2026-08-23 00:42:29.389,1,3,Read Holding Registers,6183,3840,-1,-1,-1,-1,-1,-1,-1,-1,63681
2026-08-23 00:42:29.706,1,6,Write Single Register,1269,-1,-1,502,502,502,502,9,-1,-1,7705
2026-08-23 00:42:29.717,1,6,Write Single Register,1269,-1,-1,502,502,502,502,9,-1,-1,7705
2026-08-23 00:42:29.850,1,4,Read Input Registers,86,3,-1,-1,-1,-1,-1,-1,-1,-1,6992
2026-08-23 00:42:29.861,1,4,Read Input Registers,1538,54528,-1,-1,-1,-1,-1,-1,-1,-1,41836
2026-08-23 00:42:31.355,1,16,Write Multiple Registers,2835,3,6,119,240,201,560,34,-1,-1,28766
2026-08-23 00:42:31.378,1,3,Read Holding Registers,1200,5,-1,-1,-1,-1,-1,-1,-1,-1,7813
2026-08-23 00:42:31.399,1,3,Read Holding Registers,2560,0,-1,-1,-1,-1,-1,-1,-1,-1,46628
2026-08-23 00:42:31.848,1,1,Read Coils,25,3,-1,-1,-1,-1,-1,-1,-1,-1,52397
2026-08-23 00:42:31.859,1,1,Read Coils,256,20872,-1,-1,-1,-1,-1,-1,-1,-1,34897
2026-08-23 00:42:32.349,1,2,Read Discrete Inputs,4,12,-1,-1,-1,-1,-1,-1,-1,-1,52793
2026-08-23 00:42:32.361,1,2,Read Discrete Inputs,512,185,-1,-1,-1,-1,-1,-1,-1,-1,47289
2026-08-23 00:42:32.851,1,3,Read Holding Registers,1260,12,-1,-1,-1,-1,-1,-1,-1,-1,2693
2026-08-23 00:42:32.884,1,3,Read Holding Registers,6183,3840,-1,-1,-1,-1,-1,-1,-1,-1,63621
2026-08-23 00:42:33.343,1,4,Read Input Registers,86,3,-1,-1,-1,-1,-1,-1,-1,-1,6992
2026-08-23 00:42:33.365,1,4,Read Input Registers,1536,54272,-1,-1,-1,-1,-1,-1,-1,-1,33104
2026-08-23 00:42:34.859,1,16,Write Multiple Registers,2835,3,6,102,254,239,595,30,-1,-1,30342
2026-08-23 00:42:34.882,1,3,Read Holding Registers,1200,5,-1,-1,-1,-1,-1,-1,-1,-1,7813
2026-08-23 00:42:34.903,1,3,Read Holding Registers,2560,0,-1,-1,-1,-1,-1,-1,-1,-1,46628
2026-08-23 00:42:35.352,1,1,Read Coils,25,3,-1,-1,-1,-1,-1,-1,-1,-1,52397
2026-08-23 00:42:35.363,1,1,Read Coils,256,20872,-1,-1,-1,-1,-1,-1,-1,-1,34897
2026-08-23 00:42:35.852,1,2,Read Discrete Inputs,4,12,-1,-1,-1,-1,-1,-1,-1,-1,52793
2026-08-23 00:42:35.863,1,2,Read Discrete Inputs,513,184,-1,-1,-1,-1,-1,-1,-1,-1,10424
2026-08-23 00:42:36.352,1,3,Read Holding Registers,1260,12,-1,-1,-1,-1,-1,-1,-1,-1,2693
2026-08-23 00:42:36.384,1,3,Read Holding Registers,6183,3840,-1,-1,-1,-1,-1,-1,-1,-1,63621
2026-08-23 00:42:36.843,1,4,Read Input Registers,86,3,-1,-1,-1,-1,-1,-1,-1,-1,6992
2026-08-23 00:42:36.865,1,4,Read Input Registers,1538,48896,-1,-1,-1,-1,-1,-1,-1,-1,43636
2026-08-23 00:42:38.351,1,16,Write Multiple Registers,2835,3,6,103,250,215,568,31,-1,-1,45175
2026-08-23 00:42:38.384,1,3,Read Holding Registers,1200,5,-1,-1,-1,-1,-1,-1,-1,-1,7813
2026-08-23 00:42:38.405,1,3,Read Holding Registers,2560,0,-1,-1,-1,-1,-1,-1,-1,-1,46628
2026-08-23 00:42:38.844,1,1,Read Coils,25,3,-1,-1,-1,-1,-1,-1,-1,-1,52397
2026-08-23 00:42:38.856,1,1,Read Coils,256,20872,-1,-1,-1,-1,-1,-1,-1,-1,34897
2026-08-23 00:42:39.346,1,2,Read Discrete Inputs,4,12,-1,-1,-1,-1,-1,-1,-1,-1,52793
2026-08-23 00:42:39.357,1,2,Read Discrete Inputs,512,185,-1,-1,-1,-1,-1,-1,-1,-1,47289
2026-08-23 00:42:39.846,1,3,Read Holding Registers,1260,12,-1,-1,-1,-1,-1,-1,-1,-1,2693
2026-08-23 00:42:39.889,1,3,Read Holding Registers,6183,3840,-1,-1,-1,-1,-1,-1,-1,-1,63621
2026-08-23 00:42:40.317,1,6,Write Single Register,1280,-1,-1,2420,2420,2420,2420,10,-1,-1,29071
2026-08-23 00:42:40.339,1,6,Write Single Register,1280,-1,-1,2420,2420,2420,2420,10,-1,-1,29071
2026-08-23 00:42:40.350,1,4,Read Input Registers,86,3,-1,-1,-1,-1,-1,-1,-1,-1,6992
2026-08-23 00:42:40.362,1,4,Read Input Registers,1537,27136,-1,-1,-1,-1,-1,-1,-1,-1,19321
2026-08-23 00:42:41.860,1,16,Write Multiple Registers,2835,3,6,107,247,211,565,31,-1,-1,46727
2026-08-23 00:42:41.882,1,3,Read Holding Registers,1200,5,-1,-1,-1,-1,-1,-1,-1,-1,7813
2026-08-23 00:42:41.904,1,3,Read Holding Registers,2560,0,-1,-1,-1,-1,-1,-1,-1,-1,46628
2026-08-23 00:42:42.353,1,1,Read Coils,25,3,-1,-1,-1,-1,-1,-1,-1,-1,52397
2026-08-23 00:42:42.364,1,1,Read Coils,256,20872,-1,-1,-1,-1,-1,-1,-1,-1,34897
2026-08-23 00:42:42.853,1,2,Read Discrete Inputs,4,12,-1,-1,-1,-1,-1,-1,-1,-1,52793
2026-08-23 00:42:42.864,1,2,Read Discrete Inputs,513,184,-1,-1,-1,-1,-1,-1,-1,-1,10424
2026-08-23 00:42:43.353,1,3,Read Holding Registers,1260,12,-1,-1,-1,-1,-1,-1,-1,-1,2693
2026-08-23 00:42:43.385,1,3,Read Holding Registers,6183,3840,-1,-1,-1,-1,-1,-1,-1,-1,63621
2026-08-23 00:42:43.854,1,4,Read Input Registers,86,3,-1,-1,-1,-1,-1,-1,-1,-1,6992
2026-08-23 00:42:43.866,1,4,Read Input Registers,1538,30976,-1,-1,-1,-1,-1,-1,-1,-1,48124
2026-08-23 00:42:45.361,1,16,Write Multiple Registers,2835,3,6,100,251,224,575,35,-1,-1,46259
2026-08-23 00:42:45.383,1,3,Read Holding Registers,1200,5,-1,-1,-1,-1,-1,-1,-1,-1,7813
2026-08-23 00:42:45.405,1,3,Read Holding Registers,2560,0,-1,-1,-1,-1,-1,-1,-1,-1,46628
2026-08-23 00:42:45.854,1,1,Read Coils,25,3,-1,-1,-1,-1,-1,-1,-1,-1,52397
2026-08-23 00:42:45.866,1,1,Read Coils,256,20872,-1,-1,-1,-1,-1,-1,-1,-1,34897
2026-08-23 00:42:46.345,1,2,Read Discrete Inputs,4,12,-1,-1,-1,-1,-1,-1,-1,-1,52793
2026-08-23 00:42:46.357,1,2,Read Discrete Inputs,513,184,-1,-1,-1,-1,-1,-1,-1,-1,10424
2026-08-23 00:42:46.846,1,3,Read Holding Registers,1260,12,-1,-1,-1,-1,-1,-1,-1,-1,2693
2026-08-23 00:42:46.888,1,3,Read Holding Registers,6183,3840,-1,-1,-1,-1,-1,-1,-1,-1,63621
2026-08-23 00:42:47.349,1,4,Read Input Registers,86,3,-1,-1,-1,-1,-1,-1,-1,-1,6992
2026-08-23 00:42:47.370,1,4,Read Input Registers,1536,42752,-1,-1,-1,-1,-1,-1,-1,-1,19029
2026-08-23 00:42:48.855,1,16,Write Multiple Registers,2835,3,6,100,247,213,560,33,-1,-1,46399
2026-08-23 00:42:48.888,1,3,Read Holding Registers,1200,5,-1,-1,-1,-1,-1,-1,-1,-1,7813
2026-08-23 00:42:48.910,1,3,Read Holding Registers,2560,0,-1,-1,-1,-1,-1,-1,-1,-1,46628
2026-08-23 00:42:49.348,1,1,Read Coils,25,3,-1,-1,-1,-1,-1,-1,-1,-1,52397
2026-08-23 00:42:49.359,1,1,Read Coils,256,20872,-1,-1,-1,-1,-1,-1,-1,-1,34897
2026-08-23 00:42:49.849,1,2,Read Discrete Inputs,4,12,-1,-1,-1,-1,-1,-1,-1,-1,52793
2026-08-23 00:42:49.860,1,2,Read Discrete Inputs,513,184,-1,-1,-1,-1,-1,-1,-1,-1,10424
2026-08-23 00:42:50.350,1,3,Read Holding Registers,1260,12,-1,-1,-1,-1,-1,-1,-1,-1,2693
2026-08-23 00:42:50.392,1,3,Read Holding Registers,6183,3840,-1,-1,-1,-1,-1,-1,-1,-1,63621
2026-08-23 00:42:50.850,1,4,Read Input Registers,86,3,-1,-1,-1,-1,-1,-1,-1,-1,6992
2026-08-23 00:42:50.862,1,4,Read Input Registers,1539,0,-1,-1,-1,-1,-1,-1,-1,-1,41056
2026-08-23 00:42:52.357,1,16,Write Multiple Registers,2835,3,6,109,258,202,569,37,-1,-1,41659
2026-08-23 00:42:52.380,1,3,Read Holding Registers,1200,5,-1,-1,-1,-1,-1,-1,-1,-1,7813
2026-08-23 00:42:52.401,1,3,Read Holding Registers,2560,0,-1,-1,-1,-1,-1,-1,-1,-1,46628
2026-08-23 00:42:52.850,1,1,Read Coils,25,3,-1,-1,-1,-1,-1,-1,-1,-1,52397
2026-08-23 00:42:52.861,1,1,Read Coils,256,20872,-1,-1,-1,-1,-1,-1,-1,-1,34897
2026-08-23 00:42:53.240,1,6,Write Single Register,1278,-1,-1,1962,1962,1962,1962,9,-1,-1,17771
2026-08-23 00:42:53.251,1,6,Write Single Register,1278,-1,-1,1962,1962,1962,1962,9,-1,-1,17771
2026-08-23 00:42:53.354,1,2,Read Discrete Inputs,4,12,-1,-1,-1,-1,-1,-1,-1,-1,52793
2026-08-23 00:42:53.365,1,2,Read Discrete Inputs,512,185,-1,-1,-1,-1,-1,-1,-1,-1,47289
2026-08-23 00:42:53.854,1,3,Read Holding Registers,1260,12,-1,-1,-1,-1,-1,-1,-1,-1,2693
2026-08-23 00:42:53.886,1,3,Read Holding Registers,6183,3840,-1,-1,-1,-1,-1,-1,-1,-1,63621
2026-08-23 00:42:54.346,1,4,Read Input Registers,86,3,-1,-1,-1,-1,-1,-1,-1,-1,6992
2026-08-23 00:42:54.367,1,4,Read Input Registers,1537,12032,-1,-1,-1,-1,-1,-1,-1,-1,33972
2026-08-23 00:42:55.853,1,16,Write Multiple Registers,2835,3,6,118,258,211,587,36,-1,-1,26582
2026-08-23 00:42:55.886,1,3,Read Holding Registers,1200,5,-1,-1,-1,-1,-1,-1,-1,-1,7813
2026-08-23 00:42:55.908,1,3,Read Holding Registers,2560,0,-1,-1,-1,-1,-1,-1,-1,-1,46628
2026-08-23 00:42:56.346,1,1,Read Coils,25,3,-1,-1,-1,-1,-1,-1,-1,-1,52397
2026-08-23 00:42:56.357,1,1,Read Coils,256,20872,-1,-1,-1,-1,-1,-1,-1,-1,34897
2026-08-23 00:42:56.846,1,2,Read Discrete Inputs,4,12,-1,-1,-1,-1,-1,-1,-1,-1,52793
2026-08-23 00:42:56.858,1,2,Read Discrete Inputs,512,185,-1,-1,-1,-1,-1,-1,-1,-1,47289
2026-08-23 00:42:57.349,1,3,Read Holding Registers,1260,12,-1,-1,-1,-1,-1,-1,-1,-1,2693
2026-08-23 00:42:57.391,1,3,Read Holding Registers,6183,3840,-1,-1,-1,-1,-1,-1,-1,-1,63621
2026-08-23 00:42:57.852,1,4,Read Input Registers,86,3,-1,-1,-1,-1,-1,-1,-1,-1,6992
2026-08-23 00:42:57.864,1,4,Read Input Registers,1537,27136,-1,-1,-1,-1,-1,-1,-1,-1,19321
2026-08-23 00:42:58.852,1,6,Write Single Register,321,-1,-1,41,41,41,41,13,-1,-1,64537
2026-08-23 00:42:58.864,1,6,Write Single Register,321,-1,-1,41,41,41,41,13,-1,-1,64537
2026-08-23 00:42:59.355,1,16,Write Multiple Registers,2835,3,6,115,242,240,597,34,-1,-1,29946
2026-08-23 00:42:59.387,1,3,Read Holding Registers,1200,5,-1,-1,-1,-1,-1,-1,-1,-1,7813
2026-08-23 00:42:59.409,1,3,Read Holding Registers,2560,0,-1,-1,-1,-1,-1,-1,-1,-1,46628
2026-08-23 00:42:59.847,1,1,Read Coils,25,3,-1,-1,-1,-1,-1,-1,-1,-1,52397
2026-08-23 00:42:59.858,1,1,Read Coils,256,20872,-1,-1,-1,-1,-1,-1,-1,-1,34897
2026-08-23 00:43:00.348,1,2,Read Discrete Inputs,4,12,-1,-1,-1,-1,-1,-1,-1,-1,52793
2026-08-23 00:43:00.359,1,2,Read Discrete Inputs,512,185,-1,-1,-1,-1,-1,-1,-1,-1,47289
2026-08-23 00:43:00.848,1,3,Read Holding Registers,1260,12,-1,-1,-1,-1,-1,-1,-1,-1,2693
2026-08-23 00:43:00.890,1,3,Read Holding Registers,6183,3840,-1,-1,-1,-1,-1,-1,-1,-1,63621
2026-08-23 00:43:01.350,1,4,Read Input Registers,86,3,-1,-1,-1,-1,-1,-1,-1,-1,6992
2026-08-23 00:43:01.372,1,4,Read Input Registers,1537,22784,-1,-1,-1,-1,-1,-1,-1,-1,20349
2026-08-23 00:43:02.856,1,16,Write Multiple Registers,2835,3,6,110,259,204,573,36,-1,-1,25090
2026-08-23 00:43:02.889,1,3,Read Holding Registers,1200,5,-1,-1,-1,-1,-1,-1,-1,-1,7813
2026-08-23 00:43:02.911,1,3,Read Holding Registers,2560,0,-1,-1,-1,-1,-1,-1,-1,-1,46628
2026-08-23 00:43:03.349,1,1,Read Coils,25,3,-1,-1,-1,-1,-1,-1,-1,-1,52397
2026-08-23 00:43:03.361,1,1,Read Coils,256,20872,-1,-1,-1,-1,-1,-1,-1,-1,34897
2026-08-23 00:43:03.852,1,2,Read Discrete Inputs,4,12,-1,-1,-1,-1,-1,-1,-1,-1,52793
2026-08-23 00:43:03.864,1,2,Read Discrete Inputs,512,185,-1,-1,-1,-1,-1,-1,-1,-1,47289
2026-08-23 00:43:04.354,1,3,Read Holding Registers,1260,12,-1,-1,-1,-1,-1,-1,-1,-1,2693
2026-08-23 00:43:04.386,1,3,Read Holding Registers,6183,3840,-1,-1,-1,-1,-1,-1,-1,-1,63621
2026-08-23 00:43:04.846,1,4,Read Input Registers,86,3,-1,-1,-1,-1,-1,-1,-1,-1,6992
2026-08-23 00:43:04.868,1,4,Read Input Registers,1536,33792,-1,-1,-1,-1,-1,-1,-1,-1,36240
2026-08-23 00:43:06.355,1,16,Write Multiple Registers,2835,3,6,106,259,203,568,36,-1,-1,25590
2026-08-23 00:43:06.388,1,3,Read Holding Registers,1200,5,-1,-1,-1,-1,-1,-1,-1,-1,7813
2026-08-23 00:43:06.409,1,3,Read Holding Registers,2560,0,-1,-1,-1,-1,-1,-1,-1,-1,46628
2026-08-23 00:43:06.583,1,6,Write Single Register,1270,-1,-1,621,621,621,621,10,-1,-1,17832
2026-08-23 00:43:06.605,1,6,Write Single Register,1270,-1,-1,621,621,621,621,10,-1,-1,17832
2026-08-23 00:43:06.850,1,1,Read Coils,25,3,-1,-1,-1,-1,-1,-1,-1,-1,52397
2026-08-23 00:43:06.861,1,1,Read Coils,256,20872,-1,-1,-1,-1,-1,-1,-1,-1,34897
2026-08-23 00:43:07.351,1,2,Read Discrete Inputs,4,12,-1,-1,-1,-1,-1,-1,-1,-1,52793
2026-08-23 00:43:07.363,1,2,Read Discrete Inputs,512,185,-1,-1,-1,-1,-1,-1,-1,-1,47289
2026-08-23 00:43:07.852,1,3,Read Holding Registers,1260,12,-1,-1,-1,-1,-1,-1,-1,-1,2693
2026-08-23 00:43:07.884,1,3,Read Holding Registers,6183,3840,-1,-1,-1,-1,-1,-1,-1,-1,63893
2026-08-23 00:43:08.355,1,4,Read Input Registers,86,3,-1,-1,-1,-1,-1,-1,-1,-1,6992
2026-08-23 00:43:08.370,1,4,Read Input Registers,1537,54272,-1,-1,-1,-1,-1,-1,-1,-1,20561
2026-08-23 00:43:09.854,1,16,Write Multiple Registers,2835,3,6,117,252,242,611,32,-1,-1,28698
2026-08-23 00:43:09.887,1,3,Read Holding Registers,1200,5,-1,-1,-1,-1,-1,-1,-1,-1,7813
2026-08-23 00:43:09.909,1,3,Read Holding Registers,2560,0,-1,-1,-1,-1,-1,-1,-1,-1,46628
2026-08-23 00:43:10.346,1,1,Read Coils,25,3,-1,-1,-1,-1,-1,-1,-1,-1,52397
2026-08-23 00:43:10.358,1,1,Read Coils,256,20872,-1,-1,-1,-1,-1,-1,-1,-1,34897
2026-08-23 00:43:10.846,1,2,Read Discrete Inputs,4,12,-1,-1,-1,-1,-1,-1,-1,-1,52793
2026-08-23 00:43:10.858,1,2,Read Discrete Inputs,512,185,-1,-1,-1,-1,-1,-1,-1,-1,47289
2026-08-23 00:43:11.347,1,3,Read Holding Registers,1260,12,-1,-1,-1,-1,-1,-1,-1,-1,2693
2026-08-23 00:43:11.389,1,3,Read Holding Registers,6183,3840,-1,-1,-1,-1,-1,-1,-1,-1,63893
2026-08-23 00:43:11.848,1,4,Read Input Registers,86,3,-1,-1,-1,-1,-1,-1,-1,-1,6992
2026-08-23 00:43:11.869,1,4,Read Input Registers,1538,45568,-1,-1,-1,-1,-1,-1,-1,-1,27481
2026-08-23 00:43:12.349,1,5,Write Single Coil,9012,65280,-1,-1,-1,-1,-1,-1,-1,-1,28870
2026-08-23 00:43:12.360,1,5,Write Single Coil,9012,65280,-1,-1,-1,-1,-1,-1,-1,-1,28870
2026-08-23 00:43:12.493,1,6,Write Single Register,1280,-1,-1,2424,2424,2424,2424,10,-1,-1,29839
2026-08-23 00:43:12.505,1,6,Write Single Register,1280,-1,-1,2424,2424,2424,2424,10,-1,-1,29839
2026-08-23 00:43:13.360,1,16,Write Multiple Registers,2835,3,6,108,259,236,603,36,-1,-1,25890
2026-08-23 00:43:13.382,1,3,Read Holding Registers,1200,5,-1,-1,-1,-1,-1,-1,-1,-1,7813
2026-08-23 00:43:13.403,1,3,Read Holding Registers,2560,0,-1,-1,-1,-1,-1,-1,-1,-1,46628
2026-08-23 00:43:13.851,1,1,Read Coils,25,3,-1,-1,-1,-1,-1,-1,-1,-1,52397
2026-08-23 00:43:13.863,1,1,Read Coils,256,20872,-1,-1,-1,-1,-1,-1,-1,-1,34897
2026-08-23 00:43:14.352,1,2,Read Discrete Inputs,4,12,-1,-1,-1,-1,-1,-1,-1,-1,52793
2026-08-23 00:43:14.363,1,2,Read Discrete Inputs,512,185,-1,-1,-1,-1,-1,-1,-1,-1,47289
2026-08-23 00:43:14.853,1,3,Read Holding Registers,1260,12,-1,-1,-1,-1,-1,-1,-1,-1,2693
2026-08-23 00:43:14.885,1,3,Read Holding Registers,6183,3840,-1,-1,-1,-1,-1,-1,-1,-1,63893
2026-08-23 00:43:15.354,1,4,Read Input Registers,86,3,-1,-1,-1,-1,-1,-1,-1,-1,6992
2026-08-23 00:43:15.365,1,4,Read Input Registers,1537,47616,-1,-1,-1,-1,-1,-1,-1,-1,39352
2026-08-23 00:43:15.854,1,5,Write Single Coil,9012,65280,-1,-1,-1,-1,-1,-1,-1,-1,28870
2026-08-23 00:43:15.866,1,5,Write Single Coil,9012,65280,-1,-1,-1,-1,-1,-1,-1,-1,28870
2026-08-23 00:43:16.863,1,16,Write Multiple Registers,2835,3,6,100,257,234,591,38,-1,-1,26282
2026-08-23 00:43:16.886,1,3,Read Holding Registers,1200,5,-1,-1,-1,-1,-1,-1,-1,-1,7813
2026-08-23 00:43:16.907,1,3,Read Holding Registers,2560,0,-1,-1,-1,-1,-1,-1,-1,-1,46628
2026-08-23 00:43:17.346,1,1,Read Coils,25,3,-1,-1,-1,-1,-1,-1,-1,-1,52397
2026-08-23 00:43:17.357,1,1,Read Coils,256,20872,-1,-1,-1,-1,-1,-1,-1,-1,34897
2026-08-23 00:43:17.847,1,2,Read Discrete Inputs,4,12,-1,-1,-1,-1,-1,-1,-1,-1,52793
2026-08-23 00:43:17.858,1,2,Read Discrete Inputs,512,185,-1,-1,-1,-1,-1,-1,-1,-1,47289
2026-08-23 00:43:18.348,1,3,Read Holding Registers,1260,12,-1,-1,-1,-1,-1,-1,-1,-1,2693
2026-08-23 00:43:18.390,1,3,Read Holding Registers,6183,3840,-1,-1,-1,-1,-1,-1,-1,-1,63893
2026-08-23 00:43:18.412,1,6,Write Single Register,1268,-1,-1,399,399,399,399,10,-1,-1,15497
2026-08-23 00:43:18.423,1,6,Write Single Register,1268,-1,-1,399,399,399,399,10,-1,-1,15497
2026-08-23 00:43:18.853,1,4,Read Input Registers,86,3,-1,-1,-1,-1,-1,-1,-1,-1,6992
2026-08-23 00:43:18.864,1,4,Read Input Registers,1536,35840,-1,-1,-1,-1,-1,-1,-1,-1,19569
2026-08-23 00:43:20.359,1,16,Write Multiple Registers,2835,3,6,114,249,245,608,32,-1,-1,30414
2026-08-23 00:43:20.382,1,3,Read Holding Registers,1200,5,-1,-1,-1,-1,-1,-1,-1,-1,7813
2026-08-23 00:43:20.403,1,3,Read Holding Registers,2560,0,-1,-1,-1,-1,-1,-1,-1,-1,46628
2026-08-23 00:43:20.851,1,1,Read Coils,25,3,-1,-1,-1,-1,-1,-1,-1,-1,52397
2026-08-23 00:43:20.862,1,1,Read Coils,256,20872,-1,-1,-1,-1,-1,-1,-1,-1,34897
2026-08-23 00:43:21.352,1,2,Read Discrete Inputs,4,12,-1,-1,-1,-1,-1,-1,-1,-1,52793
2026-08-23 00:43:21.363,1,2,Read Discrete Inputs,513,184,-1,-1,-1,-1,-1,-1,-1,-1,10424
2026-08-23 00:43:21.852,1,3,Read Holding Registers,1260,12,-1,-1,-1,-1,-1,-1,-1,-1,2693
2026-08-23 00:43:21.884,1,3,Read Holding Registers,6183,3840,-1,-1,-1,-1,-1,-1,-1,-1,14408
2026-08-23 00:43:22.353,1,4,Read Input Registers,86,3,-1,-1,-1,-1,-1,-1,-1,-1,6992
2026-08-23 00:43:22.365,1,4,Read Input Registers,1539,43008,-1,-1,-1,-1,-1,-1,-1,-1,30721
2026-08-23 00:43:23.858,1,16,Write Multiple Registers,2835,3,6,113,249,226,588,34,-1,-1,29018
2026-08-23 00:43:23.881,1,3,Read Holding Registers,1200,5,-1,-1,-1,-1,-1,-1,-1,-1,7813
2026-08-23 00:43:23.902,1,3,Read Holding Registers,2560,0,-1,-1,-1,-1,-1,-1,-1,-1,46628
2026-08-23 00:43:24.351,1,1,Read Coils,25,3,-1,-1,-1,-1,-1,-1,-1,-1,52397
2026-08-23 00:43:24.362,1,1,Read Coils,256,20872,-1,-1,-1,-1,-1,-1,-1,-1,34897
2026-08-23 00:43:24.850,1,2,Read Discrete Inputs,4,12,-1,-1,-1,-1,-1,-1,-1,-1,52793
2026-08-23 00:43:24.862,1,2,Read Discrete Inputs,512,185,-1,-1,-1,-1,-1,-1,-1,-1,47289
2026-08-23 00:43:25.209,1,6,Write Single Register,1275,-1,-1,1369,1369,1369,1369,10,-1,-1,24890
2026-08-23 00:43:25.221,1,6,Write Single Register,1275,-1,-1,1369,1369,1369,1369,10,-1,-1,24890
2026-08-23 00:43:25.354,1,3,Read Holding Registers,1260,12,-1,-1,-1,-1,-1,-1,-1,-1,2693
2026-08-23 00:43:25.386,1,3,Read Holding Registers,6183,3840,-1,-1,-1,-1,-1,-1,-1,-1,14408
2026-08-23 00:43:25.854,1,4,Read Input Registers,86,3,-1,-1,-1,-1,-1,-1,-1,-1,6992
2026-08-23 00:43:25.866,1,4,Read Input Registers,1538,34304,-1,-1,-1,-1,-1,-1,-1,-1,45032
2026-08-23 00:43:27.361,1,16,Write Multiple Registers,2835,3,6,111,249,228,588,32,-1,-1,30642
2026-08-23 00:43:27.384,1,3,Read Holding Registers,1200,5,-1,-1,-1,-1,-1,-1,-1,-1,7813
2026-08-23 00:43:27.405,1,3,Read Holding Registers,2560,0,-1,-1,-1,-1,-1,-1,-1,-1,46628
2026-08-23 00:43:27.853,1,1,Read Coils,25,3,-1,-1,-1,-1,-1,-1,-1,-1,52397
2026-08-23 00:43:27.865,1,1,Read Coils,256,20872,-1,-1,-1,-1,-1,-1,-1,-1,34897
2026-08-23 00:43:28.353,1,2,Read Discrete Inputs,4,12,-1,-1,-1,-1,-1,-1,-1,-1,52793
2026-08-23 00:43:28.365,1,2,Read Discrete Inputs,512,185,-1,-1,-1,-1,-1,-1,-1,-1,47289
2026-08-23 00:43:28.854,1,3,Read Holding Registers,1260,12,-1,-1,-1,-1,-1,-1,-1,-1,2693
2026-08-23 00:43:28.886,1,3,Read Holding Registers,6183,3840,-1,-1,-1,-1,-1,-1,-1,-1,14408
2026-08-23 00:43:29.346,1,4,Read Input Registers,86,3,-1,-1,-1,-1,-1,-1,-1,-1,6992
2026-08-23 00:43:29.367,1,4,Read Input Registers,1538,32256,-1,-1,-1,-1,-1,-1,-1,-1,31561
2026-08-23 00:43:29.846,1,5,Write Single Coil,9012,65280,-1,-1,-1,-1,-1,-1,-1,-1,28870
2026-08-23 00:43:29.868,1,5,Write Single Coil,9012,65280,-1,-1,-1,-1,-1,-1,-1,-1,28870
2026-08-23 00:43:30.855,1,16,Write Multiple Registers,2835,3,6,118,242,240,600,34,-1,-1,30186
2026-08-23 00:43:30.888,1,3,Read Holding Registers,1200,5,-1,-1,-1,-1,-1,-1,-1,-1,7813
2026-08-23 00:43:30.909,1,3,Read Holding Registers,2560,0,-1,-1,-1,-1,-1,-1,-1,-1,46628
2026-08-23 00:43:31.348,1,1,Read Coils,25,3,-1,-1,-1,-1,-1,-1,-1,-1,52397
2026-08-23 00:43:31.359,1,1,Read Coils,256,20872,-1,-1,-1,-1,-1,-1,-1,-1,34897
2026-08-23 00:43:31.849,1,2,Read Discrete Inputs,4,12,-1,-1,-1,-1,-1,-1,-1,-1,52793
2026-08-23 00:43:31.860,1,2,Read Discrete Inputs,513,184,-1,-1,-1,-1,-1,-1,-1,-1,10424
2026-08-23 00:43:32.350,1,3,Read Holding Registers,1260,12,-1,-1,-1,-1,-1,-1,-1,-1,2693
2026-08-23 00:43:32.392,1,3,Read Holding Registers,6183,3840,-1,-1,-1,-1,-1,-1,-1,-1,14408
2026-08-23 00:43:32.851,1,4,Read Input Registers,86,3,-1,-1,-1,-1,-1,-1,-1,-1,6992
2026-08-23 00:43:32.863,1,4,Read Input Registers,1538,18944,-1,-1,-1,-1,-1,-1,-1,-1,49144
2026-08-23 00:43:33.301,1,6,Write Single Register,1280,-1,-1,2420,2420,2420,2420,10,-1,-1,29071
2026-08-23 00:43:33.313,1,6,Write Single Register,1280,-1,-1,2420,2420,2420,2420,10,-1,-1,29071
2026-08-23 00:43:34.361,1,16,Write Multiple Registers,2835,3,6,104,242,223,569,33,-1,-1,46247
2026-08-23 00:43:34.383,1,3,Read Holding Registers,1200,5,-1,-1,-1,-1,-1,-1,-1,-1,7813
2026-08-23 00:43:34.404,1,3,Read Holding Registers,2560,0,-1,-1,-1,-1,-1,-1,-1,-1,46628
2026-08-23 00:43:34.852,1,1,Read Coils,25,3,-1,-1,-1,-1,-1,-1,-1,-1,52397
2026-08-23 00:43:34.864,1,1,Read Coils,256,20872,-1,-1,-1,-1,-1,-1,-1,-1,34897
2026-08-23 00:43:35.353,1,2,Read Discrete Inputs,4,12,-1,-1,-1,-1,-1,-1,-1,-1,52793
2026-08-23 00:43:35.365,1,2,Read Discrete Inputs,513,184,-1,-1,-1,-1,-1,-1,-1,-1,10424
2026-08-23 00:43:35.854,1,3,Read Holding Registers,1260,12,-1,-1,-1,-1,-1,-1,-1,-1,2693
2026-08-23 00:43:35.886,1,3,Read Holding Registers,6183,3840,-1,-1,-1,-1,-1,-1,-1,-1,14408
2026-08-23 00:43:36.355,1,4,Read Input Registers,86,3,-1,-1,-1,-1,-1,-1,-1,-1,6992
2026-08-23 00:43:36.367,1,4,Read Input Registers,1538,46848,-1,-1,-1,-1,-1,-1,-1,-1,27541
2026-08-23 00:43:37.355,1,6,Write Single Register,321,-1,-1,23,23,23,23,12,-1,-1,11416
2026-08-23 00:43:37.366,1,6,Write Single Register,321,-1,-1,23,23,23,23,12,-1,-1,11416
2026-08-23 00:43:37.855,1,16,Write Multiple Registers,2835,3,6,107,251,245,603,30,-1,-1,29838
2026-08-23 00:43:37.888,1,3,Read Holding Registers,1200,5,-1,-1,-1,-1,-1,-1,-1,-1,7813
2026-08-23 00:43:37.910,1,3,Read Holding Registers,2560,0,-1,-1,-1,-1,-1,-1,-1,-1,46628
2026-08-23 00:43:38.348,1,1,Read Coils,25,3,-1,-1,-1,-1,-1,-1,-1,-1,52397
2026-08-23 00:43:38.359,1,1,Read Coils,256,20872,-1,-1,-1,-1,-1,-1,-1,-1,34897
2026-08-23 00:43:38.523,1,6,Write Single Register,1264,-1,-1,116,116,116,116,12,-1,-1,61064
2026-08-23 00:43:38.534,1,6,Write Single Register,1264,-1,-1,116,116,116,116,12,-1,-1,61064
2026-08-23 00:43:38.851,1,2,Read Discrete Inputs,4,12,-1,-1,-1,-1,-1,-1,-1,-1,52793
2026-08-23 00:43:38.862,1,2,Read Discrete Inputs,513,184,-1,-1,-1,-1,-1,-1,-1,-1,10424
2026-08-23 00:43:39.353,1,3,Read Holding Registers,1260,12,-1,-1,-1,-1,-1,-1,-1,-1,2693
2026-08-23 00:43:39.385,1,3,Read Holding Registers,6183,3840,-1,-1,-1,-1,-1,-1,-1,-1,15684
2026-08-23 00:43:39.855,1,4,Read Input Registers,86,3,-1,-1,-1,-1,-1,-1,-1,-1,6992
2026-08-23 00:43:39.867,1,4,Read Input Registers,1536,57344,-1,-1,-1,-1,-1,-1,-1,-1,17889
2026-08-23 00:43:40.347,1,5,Write Single Coil,9012,65280,-1,-1,-1,-1,-1,-1,-1,-1,28870
2026-08-23 00:43:40.369,1,5,Write Single Coil,9012,65280,-1,-1,-1,-1,-1,-1,-1,-1,28870
2026-08-23 00:43:41.356,1,16,Write Multiple Registers,2835,3,6,102,245,207,554,32,-1,-1,30278
2026-08-23 00:43:41.388,1,3,Read Holding Registers,1200,5,-1,-1,-1,-1,-1,-1,-1,-1,7813
2026-08-23 00:43:41.410,1,3,Read Holding Registers,2560,0,-1,-1,-1,-1,-1,-1,-1,-1,46628
2026-08-23 00:43:41.847,1,1,Read Coils,25,3,-1,-1,-1,-1,-1,-1,-1,-1,52397
2026-08-23 00:43:41.859,1,1,Read Coils,256,20872,-1,-1,-1,-1,-1,-1,-1,-1,34897
2026-08-23 00:43:42.348,1,2,Read Discrete Inputs,4,12,-1,-1,-1,-1,-1,-1,-1,-1,52793
2026-08-23 00:43:42.360,1,2,Read Discrete Inputs,512,185,-1,-1,-1,-1,-1,-1,-1,-1,47289
2026-08-23 00:43:42.848,1,3,Read Holding Registers,1260,12,-1,-1,-1,-1,-1,-1,-1,-1,2693
2026-08-23 00:43:42.890,1,3,Read Holding Registers,6183,3840,-1,-1,-1,-1,-1,-1,-1,-1,15684
2026-08-23 00:43:43.350,1,4,Read Input Registers,86,3,-1,-1,-1,-1,-1,-1,-1,-1,6992
2026-08-23 00:43:43.372,1,4,Read Input Registers,1537,17664,-1,-1,-1,-1,-1,-1,-1,-1,36268
2026-08-23 00:43:43.853,1,5,Write Single Coil,9012,0,-1,-1,-1,-1,-1,-1,-1,-1,32903
2026-08-23 00:43:43.864,1,5,Write Single Coil,9012,0,-1,-1,-1,-1,-1,-1,-1,-1,32903
2026-08-23 00:43:44.856,1,16,Write Multiple Registers,2835,3,6,100,244,215,559,34,-1,-1,29702
2026-08-23 00:43:44.889,1,3,Read Holding Registers,1200,5,-1,-1,-1,-1,-1,-1,-1,-1,7813
2026-08-23 00:43:44.910,1,3,Read Holding Registers,2560,0,-1,-1,-1,-1,-1,-1,-1,-1,46628
2026-08-23 00:43:45.350,1,1,Read Coils,25,3,-1,-1,-1,-1,-1,-1,-1,-1,52397
2026-08-23 00:43:45.361,1,1,Read Coils,256,20872,-1,-1,-1,-1,-1,-1,-1,-1,34897
2026-08-23 00:43:45.525,1,6,Write Single Register,1277,-1,-1,1757,1757,1757,1757,8,-1,-1,62426
2026-08-23 00:43:45.536,1,6,Write Single Register,1277,-1,-1,1757,1757,1757,1757,8,-1,-1,62426
2026-08-23 00:43:45.852,1,2,Read Discrete Inputs,4,12,-1,-1,-1,-1,-1,-1,-1,-1,52793
2026-08-23 00:43:45.863,1,2,Read Discrete Inputs,513,184,-1,-1,-1,-1,-1,-1,-1,-1,10424
2026-08-23 00:43:46.353,1,3,Read Holding Registers,1260,12,-1,-1,-1,-1,-1,-1,-1,-1,2693
2026-08-23 00:43:46.385,1,3,Read Holding Registers,6183,3840,-1,-1,-1,-1,-1,-1,-1,-1,15684
2026-08-23 00:43:46.853,1,4,Read Input Registers,86,3,-1,-1,-1,-1,-1,-1,-1,-1,6992
2026-08-23 00:43:46.864,1,4,Read Input Registers,1538,8960,-1,-1,-1,-1,-1,-1,-1,-1,46756
2026-08-23 00:43:47.853,1,6,Write Single Register,321,-1,-1,15,15,15,15,12,-1,-1,9880
2026-08-23 00:43:47.864,1,6,Write Single Register,321,-1,-1,15,15,15,15,12,-1,-1,9880
2026-08-23 00:43:48.364,1,16,Write Multiple Registers,2835,3,6,105,251,202,558,33,-1,-1,45371
2026-08-23 00:43:48.387,1,3,Read Holding Registers,1200,5,-1,-1,-1,-1,-1,-1,-1,-1,7813
2026-08-23 00:43:48.408,1,3,Read Holding Registers,2560,0,-1,-1,-1,-1,-1,-1,-1,-1,46628
2026-08-23 00:43:48.856,1,1,Read Coils,25,3,-1,-1,-1,-1,-1,-1,-1,-1,52397
2026-08-23 00:43:48.868,1,1,Read Coils,256,20872,-1,-1,-1,-1,-1,-1,-1,-1,34897
2026-08-23 00:43:49.347,1,2,Read Discrete Inputs,4,12,-1,-1,-1,-1,-1,-1,-1,-1,52793
2026-08-23 00:43:49.359,1,2,Read Discrete Inputs,512,185,-1,-1,-1,-1,-1,-1,-1,-1,47289
2026-08-23 00:43:49.848,1,3,Read Holding Registers,1260,12,-1,-1,-1,-1,-1,-1,-1,-1,2693
2026-08-23 00:43:49.890,1,3,Read Holding Registers,6183,3840,-1,-1,-1,-1,-1,-1,-1,-1,15684
2026-08-23 00:43:50.350,1,4,Read Input Registers,86,3,-1,-1,-1,-1,-1,-1,-1,-1,6992
2026-08-23 00:43:50.372,1,4,Read Input Registers,1537,35840,-1,-1,-1,-1,-1,-1,-1,-1,40304
2026-08-23 00:43:51.857,1,16,Write Multiple Registers,2835,3,6,110,256,228,594,38,-1,-1,25890
2026-08-23 00:43:51.891,1,3,Read Holding Registers,1200,5,-1,-1,-1,-1,-1,-1,-1,-1,7813
2026-08-23 00:43:51.912,1,3,Read Holding Registers,2560,0,-1,-1,-1,-1,-1,-1,-1,-1,46628
2026-08-23 00:43:52.351,1,1,Read Coils,25,3,-1,-1,-1,-1,-1,-1,-1,-1,52397
2026-08-23 00:43:52.362,1,1,Read Coils,256,20872,-1,-1,-1,-1,-1,-1,-1,-1,34897
2026-08-23 00:43:52.853,1,2,Read Discrete Inputs,4,12,-1,-1,-1,-1,-1,-1,-1,-1,52793
2026-08-23 00:43:52.864,1,2,Read Discrete Inputs,512,185,-1,-1,-1,-1,-1,-1,-1,-1,47289
2026-08-23 00:43:53.354,1,3,Read Holding Registers,1260,12,-1,-1,-1,-1,-1,-1,-1,-1,2693
2026-08-23 00:43:53.386,1,3,Read Holding Registers,6183,3840,-1,-1,-1,-1,-1,-1,-1,-1,15684
2026-08-23 00:43:53.856,1,4,Read Input Registers,86,3,-1,-1,-1,-1,-1,-1,-1,-1,6992
2026-08-23 00:43:53.867,1,4,Read Input Registers,1537,32256,-1,-1,-1,-1,-1,-1,-1,-1,18505
2026-08-23 00:43:54.082,1,6,Write Single Register,1273,-1,-1,1030,1030,1030,1030,13,-1,-1,2522
2026-08-23 00:43:54.094,1,6,Write Single Register,1273,-1,-1,1030,1030,1030,1030,13,-1,-1,2522
2026-08-23 00:43:55.357,1,16,Write Multiple Registers,2835,3,6,113,241,215,569,33,-1,-1,46039
2026-08-23 00:43:55.390,1,3,Read Holding Registers,1200,5,-1,-1,-1,-1,-1,-1,-1,-1,7813
2026-08-23 00:43:55.411,1,3,Read Holding Registers,2560,0,-1,-1,-1,-1,-1,-1,-1,-1,46628
2026-08-23 00:43:55.850,1,1,Read Coils,25,3,-1,-1,-1,-1,-1,-1,-1,-1,52397
2026-08-23 00:43:55.862,1,1,Read Coils,256,20872,-1,-1,-1,-1,-1,-1,-1,-1,34897
2026-08-23 00:43:56.351,1,2,Read Discrete Inputs,4,12,-1,-1,-1,-1,-1,-1,-1,-1,52793
2026-08-23 00:43:56.362,1,2,Read Discrete Inputs,513,184,-1,-1,-1,-1,-1,-1,-1,-1,10424
2026-08-23 00:43:56.851,1,3,Read Holding Registers,1260,12,-1,-1,-1,-1,-1,-1,-1,-1,2693
2026-08-23 00:43:56.895,1,3,Read Holding Registers,6183,3840,-1,-1,-1,-1,-1,-1,-1,-1,15684
2026-08-23 00:43:57.355,1,4,Read Input Registers,86,3,-1,-1,-1,-1,-1,-1,-1,-1,6992
2026-08-23 00:43:57.367,1,4,Read Input Registers,1539,42752,-1,-1,-1,-1,-1,-1,-1,-1,31061
2026-08-23 00:43:58.348,1,6,Write Single Register,321,-1,-1,28,28,28,28,13,-1,-1,60377
2026-08-23 00:43:58.360,1,6,Write Single Register,321,-1,-1,28,28,28,28,13,-1,-1,60377
2026-08-23 00:43:58.863,1,16,Write Multiple Registers,2835,3,6,102,248,245,595,33,-1,-1,45747
2026-08-23 00:43:58.886,1,3,Read Holding Registers,1200,5,-1,-1,-1,-1,-1,-1,-1,-1,7813
2026-08-23 00:43:58.908,1,3,Read Holding Registers,2560,0,-1,-1,-1,-1,-1,-1,-1,-1,46628
2026-08-23 00:43:59.347,1,1,Read Coils,25,3,-1,-1,-1,-1,-1,-1,-1,-1,52397
2026-08-23 00:43:59.359,1,1,Read Coils,256,20872,-1,-1,-1,-1,-1,-1,-1,-1,34897
2026-08-23 00:43:59.852,1,2,Read Discrete Inputs,4,12,-1,-1,-1,-1,-1,-1,-1,-1,52793
2026-08-23 00:43:59.863,1,2,Read Discrete Inputs,513,184,-1,-1,-1,-1,-1,-1,-1,-1,10424
2026-08-23 00:44:00.348,1,3,Read Holding Registers,1260,12,-1,-1,-1,-1,-1,-1,-1,-1,2693
2026-08-23 00:44:00.390,1,3,Read Holding Registers,6183,3840,-1,-1,-1,-1,-1,-1,-1,-1,15684
2026-08-23 00:44:00.854,1,4,Read Input Registers,86,3,-1,-1,-1,-1,-1,-1,-1,-1,6992
2026-08-23 00:44:00.865,1,4,Read Input Registers,1536,28928,-1,-1,-1,-1,-1,-1,-1,-1,38940
2026-08-23 00:44:01.358,1,5,Write Single Coil,9012,65280,-1,-1,-1,-1,-1,-1,-1,-1,28870
2026-08-23 00:44:01.369,1,5,Write Single Coil,9012,65280,-1,-1,-1,-1,-1,-1,-1,-1,28870
2026-08-23 00:44:02.363,1,16,Write Multiple Registers,2835,3,6,110,241,238,589,32,-1,-1,28794
2026-08-23 00:44:02.387,1,3,Read Holding Registers,1200,5,-1,-1,-1,-1,-1,-1,-1,-1,7813
2026-08-23 00:44:02.408,1,3,Read Holding Registers,2560,0,-1,-1,-1,-1,-1,-1,-1,-1,46628
2026-08-23 00:44:02.847,1,1,Read Coils,25,3,-1,-1,-1,-1,-1,-1,-1,-1,52397
2026-08-23 00:44:02.858,1,1,Read Coils,256,20872,-1,-1,-1,-1,-1,-1,-1,-1,34897
2026-08-23 00:44:03.348,1,2,Read Discrete Inputs,4,12,-1,-1,-1,-1,-1,-1,-1,-1,52793
2026-08-23 00:44:03.359,1,2,Read Discrete Inputs,512,185,-1,-1,-1,-1,-1,-1,-1,-1,47289
2026-08-23 00:44:03.828,1,6,Write Single Register,1278,-1,-1,1964,1964,1964,1964,9,-1,-1,18411
2026-08-23 00:44:03.850,1,6,Write Single Register,1278,-1,-1,1964,1964,1964,1964,9,-1,-1,18411
2026-08-23 00:44:03.861,1,3,Read Holding Registers,1260,12,-1,-1,-1,-1,-1,-1,-1,-1,2693
2026-08-23 00:44:03.893,1,3,Read Holding Registers,6183,3840,-1,-1,-1,-1,-1,-1,-1,-1,15684
2026-08-23 00:44:04.361,1,4,Read Input Registers,86,3,-1,-1,-1,-1,-1,-1,-1,-1,6992
2026-08-23 00:44:04.373,1,4,Read Input Registers,1537,7168,-1,-1,-1,-1,-1,-1,-1,-1,32944
2026-08-23 00:44:04.861,1,5,Write Single Coil,9012,0,-1,-1,-1,-1,-1,-1,-1,-1,32903
2026-08-23 00:44:04.873,1,5,Write Single Coil,9012,0,-1,-1,-1,-1,-1,-1,-1,-1,32903
2026-08-23 00:44:05.869,1,16,Write Multiple Registers,2835,3,6,119,259,210,588,35,-1,-1,42875
2026-08-23 00:44:05.892,1,3,Read Holding Registers,1200,5,-1,-1,-1,-1,-1,-1,-1,-1,7813
2026-08-23 00:44:05.913,1,3,Read Holding Registers,2560,0,-1,-1,-1,-1,-1,-1,-1,-1,46628
2026-08-23 00:44:06.362,1,1,Read Coils,25,3,-1,-1,-1,-1,-1,-1,-1,-1,52397
2026-08-23 00:44:06.373,1,1,Read Coils,256,20872,-1,-1,-1,-1,-1,-1,-1,-1,34897
2026-08-23 00:44:06.862,1,2,Read Discrete Inputs,4,12,-1,-1,-1,-1,-1,-1,-1,-1,52793
2026-08-23 00:44:06.873,1,2,Read Discrete Inputs,513,184,-1,-1,-1,-1,-1,-1,-1,-1,10424
2026-08-23 00:44:07.362,1,3,Read Holding Registers,1260,12,-1,-1,-1,-1,-1,-1,-1,-1,2693
2026-08-23 00:44:07.394,1,3,Read Holding Registers,6183,3840,-1,-1,-1,-1,-1,-1,-1,-1,15684
2026-08-23 00:44:07.863,1,4,Read Input Registers,86,3,-1,-1,-1,-1,-1,-1,-1,-1,6992
2026-08-23 00:44:07.874,1,4,Read Input Registers,1538,15360,-1,-1,-1,-1,-1,-1,-1,-1,29745
2026-08-23 00:44:08.861,1,6,Write Single Register,321,-1,-1,14,14,14,14,13,-1,-1,58969
2026-08-23 00:44:08.872,1,6,Write Single Register,321,-1,-1,14,14,14,14,13,-1,-1,58969
2026-08-23 00:44:09.362,1,16,Write Multiple Registers,2835,3,6,113,245,243,601,32,-1,-1,30126
2026-08-23 00:44:09.395,1,3,Read Holding Registers,1200,5,-1,-1,-1,-1,-1,-1,-1,-1,7813
2026-08-23 00:44:09.416,1,3,Read Holding Registers,2560,0,-1,-1,-1,-1,-1,-1,-1,-1,46628
2026-08-23 00:44:09.854,1,1,Read Coils,25,3,-1,-1,-1,-1,-1,-1,-1,-1,52397
2026-08-23 00:44:09.865,1,1,Read Coils,256,20872,-1,-1,-1,-1,-1,-1,-1,-1,34897
2026-08-23 00:44:10.355,1,2,Read Discrete Inputs,4,12,-1,-1,-1,-1,-1,-1,-1,-1,52793
2026-08-23 00:44:10.366,1,2,Read Discrete Inputs,512,185,-1,-1,-1,-1,-1,-1,-1,-1,47289
2026-08-23 00:44:10.612,1,6,Write Single Register,1279,-1,-1,2186,2186,2186,2186,12,-1,-1,44350
2026-08-23 00:44:10.623,1,6,Write Single Register,1279,-1,-1,2186,2186,2186,2186,12,-1,-1,44350
2026-08-23 00:44:10.858,1,3,Read Holding Registers,1260,12,-1,-1,-1,-1,-1,-1,-1,-1,2693
2026-08-23 00:44:10.900,1,3,Read Holding Registers,6183,3840,-1,-1,-1,-1,-1,-1,-1,-1,15684
2026-08-23 00:44:11.360,1,4,Read Input Registers,86,3,-1,-1,-1,-1,-1,-1,-1,-1,6992
2026-08-23 00:44:11.372,1,4,Read Input Registers,1539,20480,-1,-1,-1,-1,-1,-1,-1,-1,44192
2026-08-23 00:44:12.868,1,16,Write Multiple Registers,2835,3,6,117,259,220,596,35,-1,-1,42675
2026-08-23 00:44:12.891,1,3,Read Holding Registers,1200,5,-1,-1,-1,-1,-1,-1,-1,-1,7813
2026-08-23 00:44:12.913,1,3,Read Holding Registers,2560,0,-1,-1,-1,-1,-1,-1,-1,-1,46628
2026-08-23 00:44:13.362,1,1,Read Coils,25,3,-1,-1,-1,-1,-1,-1,-1,-1,52397
2026-08-23 00:44:13.373,1,1,Read Coils,256,20872,-1,-1,-1,-1,-1,-1,-1,-1,34897
2026-08-23 00:44:13.862,1,2,Read Discrete Inputs,4,12,-1,-1,-1,-1,-1,-1,-1,-1,52793
2026-08-23 00:44:13.873,1,2,Read Discrete Inputs,512,185,-1,-1,-1,-1,-1,-1,-1,-1,47289
2026-08-23 00:44:14.362,1,3,Read Holding Registers,1260,12,-1,-1,-1,-1,-1,-1,-1,-1,2693
2026-08-23 00:44:14.394,1,3,Read Holding Registers,6183,3840,-1,-1,-1,-1,-1,-1,-1,-1,15684
2026-08-23 00:44:14.863,1,4,Read Input Registers,86,3,-1,-1,-1,-1,-1,-1,-1,-1,6992
2026-08-23 00:44:14.874,1,4,Read Input Registers,1537,28416,-1,-1,-1,-1,-1,-1,-1,-1,19381
2026-08-23 00:44:15.861,1,6,Write Single Register,321,-1,-1,45,45,45,45,12,-1,-1,16152
2026-08-23 00:44:15.873,1,6,Write Single Register,321,-1,-1,45,45,45,45,12,-1,-1,16152
2026-08-23 00:44:16.362,1,16,Write Multiple Registers,2835,3,6,115,255,216,586,31,-1,-1,46755
2026-08-23 00:44:16.395,1,3,Read Holding Registers,1200,5,-1,-1,-1,-1,-1,-1,-1,-1,7813
2026-08-23 00:44:16.416,1,3,Read Holding Registers,2560,0,-1,-1,-1,-1,-1,-1,-1,-1,46628
2026-08-23 00:44:16.864,1,1,Read Coils,25,3,-1,-1,-1,-1,-1,-1,-1,-1,52397
2026-08-23 00:44:16.875,1,1,Read Coils,256,20872,-1,-1,-1,-1,-1,-1,-1,-1,34897
2026-08-23 00:44:17.364,1,2,Read Discrete Inputs,4,12,-1,-1,-1,-1,-1,-1,-1,-1,52793
2026-08-23 00:44:17.376,1,2,Read Discrete Inputs,512,185,-1,-1,-1,-1,-1,-1,-1,-1,47289
2026-08-23 00:44:17.854,1,3,Read Holding Registers,1260,12,-1,-1,-1,-1,-1,-1,-1,-1,2693
2026-08-23 00:44:17.897,1,3,Read Holding Registers,6183,3840,-1,-1,-1,-1,-1,-1,-1,-1,15684
2026-08-23 00:44:18.357,1,4,Read Input Registers,86,3,-1,-1,-1,-1,-1,-1,-1,-1,6992
2026-08-23 00:44:18.378,1,4,Read Input Registers,1539,36352,-1,-1,-1,-1,-1,-1,-1,-1,48904
2026-08-23 00:44:19.358,1,6,Write Single Register,321,-1,-1,10,10,10,10,14,-1,-1,9560
2026-08-23 00:44:19.369,1,6,Write Single Register,321,-1,-1,10,10,10,10,14,-1,-1,9560
2026-08-23 00:44:19.870,1,16,Write Multiple Registers,2835,3,6,117,247,235,599,30,-1,-1,30022
2026-08-23 00:44:19.893,1,3,Read Holding Registers,1200,5,-1,-1,-1,-1,-1,-1,-1,-1,7813
2026-08-23 00:44:19.914,1,3,Read Holding Registers,2560,0,-1,-1,-1,-1,-1,-1,-1,-1,46628
2026-08-23 00:44:20.363,1,1,Read Coils,25,3,-1,-1,-1,-1,-1,-1,-1,-1,52397
2026-08-23 00:44:20.374,1,1,Read Coils,256,20872,-1,-1,-1,-1,-1,-1,-1,-1,34897
2026-08-23 00:44:20.863,1,2,Read Discrete Inputs,4,12,-1,-1,-1,-1,-1,-1,-1,-1,52793
2026-08-23 00:44:20.875,1,2,Read Discrete Inputs,512,185,-1,-1,-1,-1,-1,-1,-1,-1,47289
2026-08-23 00:44:21.354,1,3,Read Holding Registers,1260,12,-1,-1,-1,-1,-1,-1,-1,-1,2693
2026-08-23 00:44:21.396,1,3,Read Holding Registers,6183,3840,-1,-1,-1,-1,-1,-1,-1,-1,15684
2026-08-23 00:44:21.855,1,4,Read Input Registers,86,3,-1,-1,-1,-1,-1,-1,-1,-1,6992
2026-08-23 00:44:21.877,1,4,Read Input Registers,1538,56064,-1,-1,-1,-1,-1,-1,-1,-1,25093
2026-08-23 00:44:22.955,1,6,Write Single Register,1273,-1,-1,1030,1030,1030,1030,13,-1,-1,2522
2026-08-23 00:44:22.967,1,6,Write Single Register,1273,-1,-1,1030,1030,1030,1030,13,-1,-1,2522
2026-08-23 00:44:23.364,1,16,Write Multiple Registers,2835,3,6,105,245,228,578,34,-1,-1,29522
2026-08-23 00:44:23.397,1,3,Read Holding Registers,1200,5,-1,-1,-1,-1,-1,-1,-1,-1,7813
2026-08-23 00:44:23.418,1,3,Read Holding Registers,2560,0,-1,-1,-1,-1,-1,-1,-1,-1,46628
2026-08-23 00:44:23.856,1,1,Read Coils,25,3,-1,-1,-1,-1,-1,-1,-1,-1,52397
2026-08-23 00:44:23.867,1,1,Read Coils,256,20872,-1,-1,-1,-1,-1,-1,-1,-1,34897
2026-08-23 00:44:24.357,1,2,Read Discrete Inputs,4,12,-1,-1,-1,-1,-1,-1,-1,-1,52793
2026-08-23 00:44:24.368,1,2,Read Discrete Inputs,513,184,-1,-1,-1,-1,-1,-1,-1,-1,10424
2026-08-23 00:44:24.857,1,3,Read Holding Registers,1260,12,-1,-1,-1,-1,-1,-1,-1,-1,2693
2026-08-23 00:44:24.900,1,3,Read Holding Registers,6183,3840,-1,-1,-1,-1,-1,-1,-1,-1,15684
2026-08-23 00:44:25.358,1,4,Read Input Registers,86,3,-1,-1,-1,-1,-1,-1,-1,-1,6992
2026-08-23 00:44:25.380,1,4,Read Input Registers,1536,31488,-1,-1,-1,-1,-1,-1,-1,-1,39300
2026-08-23 00:44:26.864,1,16,Write Multiple Registers,2835,3,6,103,240,234,577,34,-1,-1,29338
2026-08-23 00:44:26.896,1,3,Read Holding Registers,1200,5,-1,-1,-1,-1,-1,-1,-1,-1,7813
2026-08-23 00:44:26.918,1,3,Read Holding Registers,2560,0,-1,-1,-1,-1,-1,-1,-1,-1,46628
2026-08-23 00:44:27.356,1,1,Read Coils,25,3,-1,-1,-1,-1,-1,-1,-1,-1,52397
2026-08-23 00:44:27.367,1,1,Read Coils,256,20872,-1,-1,-1,-1,-1,-1,-1,-1,34897
2026-08-23 00:44:27.856,1,2,Read Discrete Inputs,4,12,-1,-1,-1,-1,-1,-1,-1,-1,52793
2026-08-23 00:44:27.867,1,2,Read Discrete Inputs,513,184,-1,-1,-1,-1,-1,-1,-1,-1,10424
2026-08-23 00:44:28.357,1,3,Read Holding Registers,1260,12,-1,-1,-1,-1,-1,-1,-1,-1,2693
2026-08-23 00:44:28.399,1,3,Read Holding Registers,6183,3840,-1,-1,-1,-1,-1,-1,-1,-1,15684
2026-08-23 00:44:28.857,1,4,Read Input Registers,86,3,-1,-1,-1,-1,-1,-1,-1,-1,6992
2026-08-23 00:44:28.879,1,4,Read Input Registers,1538,21760,-1,-1,-1,-1,-1,-1,-1,-1,32109
2026-08-23 00:44:30.364,1,16,Write Multiple Registers,2835,3,6,115,245,217,577,32,-1,-1,28958
2026-08-23 00:44:30.397,1,3,Read Holding Registers,1200,5,-1,-1,-1,-1,-1,-1,-1,-1,7813
2026-08-23 00:44:30.418,1,3,Read Holding Registers,2560,0,-1,-1,-1,-1,-1,-1,-1,-1,46628
2026-08-23 00:44:30.856,1,1,Read Coils,25,3,-1,-1,-1,-1,-1,-1,-1,-1,52397
2026-08-23 00:44:30.868,1,1,Read Coils,256,20872,-1,-1,-1,-1,-1,-1,-1,-1,34897
2026-08-23 00:44:31.357,1,2,Read Discrete Inputs,4,12,-1,-1,-1,-1,-1,-1,-1,-1,52793
2026-08-23 00:44:31.368,1,2,Read Discrete Inputs,512,185,-1,-1,-1,-1,-1,-1,-1,-1,47289
2026-08-23 00:44:31.857,1,3,Read Holding Registers,1260,12,-1,-1,-1,-1,-1,-1,-1,-1,2693
2026-08-23 00:44:31.900,1,3,Read Holding Registers,6183,3840,-1,-1,-1,-1,-1,-1,-1,-1,15684
2026-08-23 00:44:32.358,1,4,Read Input Registers,86,3,-1,-1,-1,-1,-1,-1,-1,-1,6992
2026-08-23 00:44:32.380,1,4,Read Input Registers,1537,11008,-1,-1,-1,-1,-1,-1,-1,-1,17477
2026-08-23 00:44:32.797,1,6,Write Single Register,1267,-1,-1,309,309,309,309,11,-1,-1,20153
2026-08-23 00:44:32.819,1,6,Write Single Register,1267,-1,-1,309,309,309,309,11,-1,-1,20153
2026-08-23 00:44:32.860,1,5,Write Single Coil,9012,65280,-1,-1,-1,-1,-1,-1,-1,-1,28870
2026-08-23 00:44:32.872,1,5,Write Single Coil,9012,65280,-1,-1,-1,-1,-1,-1,-1,-1,28870
2026-08-23 00:44:33.868,1,16,Write Multiple Registers,2835,3,6,113,258,234,605,37,-1,-1,41979
2026-08-23 00:44:33.891,1,3,Read Holding Registers,1200,5,-1,-1,-1,-1,-1,-1,-1,-1,7813
2026-08-23 00:44:33.913,1,3,Read Holding Registers,2560,0,-1,-1,-1,-1,-1,-1,-1,-1,46628
2026-08-23 00:44:34.362,1,1,Read Coils,25,3,-1,-1,-1,-1,-1,-1,-1,-1,52397
2026-08-23 00:44:34.374,1,1,Read Coils,256,20872,-1,-1,-1,-1,-1,-1,-1,-1,34897
2026-08-23 00:44:34.863,1,2,Read Discrete Inputs,4,12,-1,-1,-1,-1,-1,-1,-1,-1,52793
2026-08-23 00:44:34.875,1,2,Read Discrete Inputs,513,184,-1,-1,-1,-1,-1,-1,-1,-1,10424
2026-08-23 00:44:35.354,1,3,Read Holding Registers,1260,12,-1,-1,-1,-1,-1,-1,-1,-1,2693
2026-08-23 00:44:35.397,1,3,Read Holding Registers,6183,3840,-1,-1,-1,-1,-1,-1,-1,-1,27950
2026-08-23 00:44:35.856,1,4,Read Input Registers,86,3,-1,-1,-1,-1,-1,-1,-1,-1,6992
2026-08-23 00:44:35.878,1,4,Read Input Registers,1536,38400,-1,-1,-1,-1,-1,-1,-1,-1,36392
2026-08-23 00:44:36.358,1,5,Write Single Coil,9012,65280,-1,-1,-1,-1,-1,-1,-1,-1,28870
2026-08-23 00:44:36.369,1,5,Write Single Coil,9012,65280,-1,-1,-1,-1,-1,-1,-1,-1,28870
2026-08-23 00:44:36.858,1,6,Write Single Register,321,-1,-1,42,42,42,42,13,-1,-1,64857
2026-08-23 00:44:36.880,1,6,Write Single Register,321,-1,-1,42,42,42,42,13,-1,-1,64857
2026-08-23 00:44:37.369,1,16,Write Multiple Registers,2835,3,6,116,248,216,580,35,-1,-1,46419
2026-08-23 00:44:37.392,1,3,Read Holding Registers,1200,5,-1,-1,-1,-1,-1,-1,-1,-1,7813
2026-08-23 00:44:37.413,1,3,Read Holding Registers,2560,0,-1,-1,-1,-1,-1,-1,-1,-1,46628
2026-08-23 00:44:37.861,1,1,Read Coils,25,3,-1,-1,-1,-1,-1,-1,-1,-1,52397
2026-08-23 00:44:37.873,1,1,Read Coils,256,20872,-1,-1,-1,-1,-1,-1,-1,-1,34897
2026-08-23 00:44:38.363,1,2,Read Discrete Inputs,4,12,-1,-1,-1,-1,-1,-1,-1,-1,52793
2026-08-23 00:44:38.375,1,2,Read Discrete Inputs,513,184,-1,-1,-1,-1,-1,-1,-1,-1,10424
2026-08-23 00:44:38.864,1,3,Read Holding Registers,1260,12,-1,-1,-1,-1,-1,-1,-1,-1,2693
2026-08-23 00:44:38.896,1,3,Read Holding Registers,6183,3840,-1,-1,-1,-1,-1,-1,-1,-1,27950
2026-08-23 00:44:39.355,1,4,Read Input Registers,86,3,-1,-1,-1,-1,-1,-1,-1,-1,6992
2026-08-23 00:44:39.377,1,4,Read Input Registers,1537,13056,-1,-1,-1,-1,-1,-1,-1,-1,18021
2026-08-23 00:44:39.857,1,5,Write Single Coil,9012,0,-1,-1,-1,-1,-1,-1,-1,-1,32903
2026-08-23 00:44:39.869,1,5,Write Single Coil,9012,0,-1,-1,-1,-1,-1,-1,-1,-1,32903
2026-08-23 00:44:40.868,1,16,Write Multiple Registers,2835,3,6,116,248,219,583,33,-1,-1,46359
2026-08-23 00:44:40.891,1,3,Read Holding Registers,1200,5,-1,-1,-1,-1,-1,-1,-1,-1,7813
2026-08-23 00:44:40.913,1,3,Read Holding Registers,2560,0,-1,-1,-1,-1,-1,-1,-1,-1,46628
2026-08-23 00:44:41.363,1,1,Read Coils,25,3,-1,-1,-1,-1,-1,-1,-1,-1,52397
2026-08-23 00:44:41.374,1,1,Read Coils,256,20872,-1,-1,-1,-1,-1,-1,-1,-1,34897
2026-08-23 00:44:41.864,1,2,Read Discrete Inputs,4,12,-1,-1,-1,-1,-1,-1,-1,-1,52793
2026-08-23 00:44:41.876,1,2,Read Discrete Inputs,512,185,-1,-1,-1,-1,-1,-1,-1,-1,47289
2026-08-23 00:44:42.356,1,3,Read Holding Registers,1260,12,-1,-1,-1,-1,-1,-1,-1,-1,2693
2026-08-23 00:44:42.398,1,3,Read Holding Registers,6183,3840,-1,-1,-1,-1,-1,-1,-1,-1,27950
2026-08-23 00:44:42.858,1,4,Read Input Registers,86,3,-1,-1,-1,-1,-1,-1,-1,-1,6992
2026-08-23 00:44:42.880,1,4,Read Input Registers,1538,48640,-1,-1,-1,-1,-1,-1,-1,-1,27209
2026-08-23 00:44:43.359,1,5,Write Single Coil,9012,65280,-1,-1,-1,-1,-1,-1,-1,-1,28870
2026-08-23 00:44:43.371,1,5,Write Single Coil,9012,65280,-1,-1,-1,-1,-1,-1,-1,-1,28870
2026-08-23 00:44:44.367,1,16,Write Multiple Registers,2835,3,6,111,243,241,595,31,-1,-1,45767
2026-08-23 00:44:44.390,1,3,Read Holding Registers,1200,5,-1,-1,-1,-1,-1,-1,-1,-1,7813
2026-08-23 00:44:44.411,1,3,Read Holding Registers,2560,0,-1,-1,-1,-1,-1,-1,-1,-1,46628
2026-08-23 00:44:44.859,1,1,Read Coils,25,3,-1,-1,-1,-1,-1,-1,-1,-1,52397
2026-08-23 00:44:44.870,1,1,Read Coils,256,20872,-1,-1,-1,-1,-1,-1,-1,-1,34897
2026-08-23 00:44:45.359,1,2,Read Discrete Inputs,4,12,-1,-1,-1,-1,-1,-1,-1,-1,52793
2026-08-23 00:44:45.371,1,2,Read Discrete Inputs,512,185,-1,-1,-1,-1,-1,-1,-1,-1,47289
2026-08-23 00:44:45.483,1,6,Write Single Register,1262,-1,-1,47,47,47,47,11,-1,-1,5033
2026-08-23 00:44:45.495,1,6,Write Single Register,1262,-1,-1,47,47,47,47,11,-1,-1,5033
2026-08-23 00:44:45.861,1,3,Read Holding Registers,1260,12,-1,-1,-1,-1,-1,-1,-1,-1,2693
2026-08-23 00:44:45.893,1,3,Read Holding Registers,6183,3840,-1,-1,-1,-1,-1,-1,-1,-1,41442
2026-08-23 00:44:46.363,1,4,Read Input Registers,86,3,-1,-1,-1,-1,-1,-1,-1,-1,6992
2026-08-23 00:44:46.374,1,4,Read Input Registers,1536,56064,-1,-1,-1,-1,-1,-1,-1,-1,32772
2026-08-23 00:44:47.870,1,16,Write Multiple Registers,2835,3,6,118,246,242,606,32,-1,-1,29850
2026-08-23 00:44:47.893,1,3,Read Holding Registers,1200,5,-1,-1,-1,-1,-1,-1,-1,-1,7813
2026-08-23 00:44:47.914,1,3,Read Holding Registers,2560,0,-1,-1,-1,-1,-1,-1,-1,-1,46628
2026-08-23 00:44:48.363,1,1,Read Coils,25,3,-1,-1,-1,-1,-1,-1,-1,-1,52397
2026-08-23 00:44:48.375,1,1,Read Coils,256,20872,-1,-1,-1,-1,-1,-1,-1,-1,34897
2026-08-23 00:44:48.864,1,2,Read Discrete Inputs,4,12,-1,-1,-1,-1,-1,-1,-1,-1,52793
2026-08-23 00:44:48.875,1,2,Read Discrete Inputs,512,185,-1,-1,-1,-1,-1,-1,-1,-1,47289
2026-08-23 00:44:49.355,1,3,Read Holding Registers,1260,12,-1,-1,-1,-1,-1,-1,-1,-1,2693
2026-08-23 00:44:49.397,1,3,Read Holding Registers,6183,3840,-1,-1,-1,-1,-1,-1,-1,-1,41442
2026-08-23 00:44:49.856,1,4,Read Input Registers,86,3,-1,-1,-1,-1,-1,-1,-1,-1,6992
2026-08-23 00:44:49.877,1,4,Read Input Registers,1539,18688,-1,-1,-1,-1,-1,-1,-1,-1,28349
2026-08-23 00:44:50.356,1,5,Write Single Coil,9012,0,-1,-1,-1,-1,-1,-1,-1,-1,32903
2026-08-23 00:44:50.368,1,5,Write Single Coil,9012,0,-1,-1,-1,-1,-1,-1,-1,-1,32903
2026-08-23 00:44:51.366,1,16,Write Multiple Registers,2835,3,6,111,240,213,564,33,-1,-1,46351
2026-08-23 00:44:51.390,1,3,Read Holding Registers,1200,5,-1,-1,-1,-1,-1,-1,-1,-1,7813
2026-08-23 00:44:51.411,1,3,Read Holding Registers,2560,0,-1,-1,-1,-1,-1,-1,-1,-1,46628
2026-08-23 00:44:51.860,1,1,Read Coils,25,3,-1,-1,-1,-1,-1,-1,-1,-1,52397
2026-08-23 00:44:51.871,1,1,Read Coils,256,20872,-1,-1,-1,-1,-1,-1,-1,-1,34897
2026-08-23 00:44:52.361,1,2,Read Discrete Inputs,4,12,-1,-1,-1,-1,-1,-1,-1,-1,52793
2026-08-23 00:44:52.373,1,2,Read Discrete Inputs,513,184,-1,-1,-1,-1,-1,-1,-1,-1,10424
2026-08-23 00:44:52.862,1,3,Read Holding Registers,1260,12,-1,-1,-1,-1,-1,-1,-1,-1,2693
2026-08-23 00:44:52.894,1,3,Read Holding Registers,6183,3840,-1,-1,-1,-1,-1,-1,-1,-1,41442
2026-08-23 00:44:53.363,1,4,Read Input Registers,86,3,-1,-1,-1,-1,-1,-1,-1,-1,6992
2026-08-23 00:44:53.375,1,4,Read Input Registers,1539,19712,-1,-1,-1,-1,-1,-1,-1,-1,44620
2026-08-23 00:44:54.868,1,16,Write Multiple Registers,2835,3,6,112,258,222,592,37,-1,-1,42779
2026-08-23 00:44:54.891,1,3,Read Holding Registers,1200,5,-1,-1,-1,-1,-1,-1,-1,-1,7813
2026-08-23 00:44:54.913,1,3,Read Holding Registers,2560,0,-1,-1,-1,-1,-1,-1,-1,-1,46628
2026-08-23 00:44:55.361,1,1,Read Coils,25,3,-1,-1,-1,-1,-1,-1,-1,-1,52397
2026-08-23 00:44:55.372,1,1,Read Coils,256,20872,-1,-1,-1,-1,-1,-1,-1,-1,34897
2026-08-23 00:44:55.861,1,2,Read Discrete Inputs,4,12,-1,-1,-1,-1,-1,-1,-1,-1,52793
2026-08-23 00:44:55.873,1,2,Read Discrete Inputs,513,184,-1,-1,-1,-1,-1,-1,-1,-1,10424
2026-08-23 00:44:56.362,1,3,Read Holding Registers,1260,12,-1,-1,-1,-1,-1,-1,-1,-1,2693
2026-08-23 00:44:56.394,1,3,Read Holding Registers,6183,3840,-1,-1,-1,-1,-1,-1,-1,-1,41442
2026-08-23 00:44:56.863,1,4,Read Input Registers,86,3,-1,-1,-1,-1,-1,-1,-1,-1,6992
2026-08-23 00:44:56.875,1,4,Read Input Registers,1538,23040,-1,-1,-1,-1,-1,-1,-1,-1,31801
2026-08-23 00:44:57.314,1,6,Write Single Register,1263,-1,-1,70,70,70,70,13,-1,-1,64824
2026-08-23 00:44:57.325,1,6,Write Single Register,1263,-1,-1,70,70,70,70,13,-1,-1,64824
2026-08-23 00:44:58.365,1,16,Write Multiple Registers,2835,3,6,118,251,229,598,31,-1,-1,45535
2026-08-23 00:44:58.399,1,3,Read Holding Registers,1200,5,-1,-1,-1,-1,-1,-1,-1,-1,7813
2026-08-23 00:44:58.421,1,3,Read Holding Registers,2560,0,-1,-1,-1,-1,-1,-1,-1,-1,46628
2026-08-23 00:44:58.859,1,1,Read Coils,25,3,-1,-1,-1,-1,-1,-1,-1,-1,52397
2026-08-23 00:44:58.871,1,1,Read Coils,256,20872,-1,-1,-1,-1,-1,-1,-1,-1,34897
2026-08-23 00:44:59.361,1,2,Read Discrete Inputs,4,12,-1,-1,-1,-1,-1,-1,-1,-1,52793
2026-08-23 00:44:59.372,1,2,Read Discrete Inputs,513,184,-1,-1,-1,-1,-1,-1,-1,-1,10424
2026-08-23 00:44:59.863,1,3,Read Holding Registers,1260,12,-1,-1,-1,-1,-1,-1,-1,-1,2693
2026-08-23 00:44:59.895,1,3,Read Holding Registers,6183,3840,-1,-1,-1,-1,-1,-1,-1,-1,37781
2026-08-23 00:45:00.365,1,4,Read Input Registers,86,3,-1,-1,-1,-1,-1,-1,-1,-1,6992
2026-08-23 00:45:00.377,1,4,Read Input Registers,1538,6656,-1,-1,-1,-1,-1,-1,-1,-1,45880
2026-08-23 00:45:01.872,1,16,Write Multiple Registers,2835,3,6,100,259,226,585,38,-1,-1,26314
2026-08-23 00:45:01.895,1,3,Read Holding Registers,1200,5,-1,-1,-1,-1,-1,-1,-1,-1,7813
2026-08-23 00:45:01.916,1,3,Read Holding Registers,2560,0,-1,-1,-1,-1,-1,-1,-1,-1,46628
2026-08-23 00:45:02.365,1,1,Read Coils,25,3,-1,-1,-1,-1,-1,-1,-1,-1,52397
2026-08-23 00:45:02.376,1,1,Read Coils,256,20872,-1,-1,-1,-1,-1,-1,-1,-1,34897
2026-08-23 00:45:02.856,1,2,Read Discrete Inputs,4,12,-1,-1,-1,-1,-1,-1,-1,-1,52793
2026-08-23 00:45:02.878,1,2,Read Discrete Inputs,513,184,-1,-1,-1,-1,-1,-1,-1,-1,10424
2026-08-23 00:45:03.358,1,3,Read Holding Registers,1260,12,-1,-1,-1,-1,-1,-1,-1,-1,2693
2026-08-23 00:45:03.400,1,3,Read Holding Registers,6183,3840,-1,-1,-1,-1,-1,-1,-1,-1,37781
2026-08-23 00:45:03.860,1,4,Read Input Registers,86,3,-1,-1,-1,-1,-1,-1,-1,-1,6992
2026-08-23 00:45:03.881,1,4,Read Input Registers,1537,9984,-1,-1,-1,-1,-1,-1,-1,-1,17749
2026-08-23 00:45:04.748,1,6,Write Single Register,1261,-1,-1,21,21,21,21,13,-1,-1,217
2026-08-23 00:45:04.759,1,6,Write Single Register,1261,-1,-1,21,21,21,21,13,-1,-1,217
2026-08-23 00:45:05.371,1,16,Write Multiple Registers,2835,3,6,101,253,227,581,32,-1,-1,30246
2026-08-23 00:45:05.394,1,3,Read Holding Registers,1200,5,-1,-1,-1,-1,-1,-1,-1,-1,7813
2026-08-23 00:45:05.415,1,3,Read Holding Registers,2560,0,-1,-1,-1,-1,-1,-1,-1,-1,46628
2026-08-23 00:45:05.863,1,1,Read Coils,25,3,-1,-1,-1,-1,-1,-1,-1,-1,52397
2026-08-23 00:45:05.874,1,1,Read Coils,256,20872,-1,-1,-1,-1,-1,-1,-1,-1,34897
2026-08-23 00:45:06.363,1,2,Read Discrete Inputs,4,12,-1,-1,-1,-1,-1,-1,-1,-1,52793
2026-08-23 00:45:06.375,1,2,Read Discrete Inputs,512,185,-1,-1,-1,-1,-1,-1,-1,-1,47289
2026-08-23 00:45:06.863,1,3,Read Holding Registers,1260,12,-1,-1,-1,-1,-1,-1,-1,-1,2693
2026-08-23 00:45:06.895,1,3,Read Holding Registers,6183,3840,-1,-1,-1,-1,-1,-1,-1,-1,27754
2026-08-23 00:45:07.364,1,4,Read Input Registers,86,3,-1,-1,-1,-1,-1,-1,-1,-1,6992
2026-08-23 00:45:07.376,1,4,Read Input Registers,1537,9216,-1,-1,-1,-1,-1,-1,-1,-1,17681
2026-08-23 00:45:07.855,1,5,Write Single Coil,9012,65280,-1,-1,-1,-1,-1,-1,-1,-1,28870
2026-08-23 00:45:07.877,1,5,Write Single Coil,9012,65280,-1,-1,-1,-1,-1,-1,-1,-1,28870
2026-08-23 00:45:08.356,1,6,Write Single Register,321,-1,-1,11,11,11,11,13,-1,-1,58777
2026-08-23 00:45:08.378,1,6,Write Single Register,321,-1,-1,11,11,11,11,13,-1,-1,58777
2026-08-23 00:45:08.868,1,16,Write Multiple Registers,2835,3,6,103,251,223,577,29,-1,-1,45399
2026-08-23 00:45:08.890,1,3,Read Holding Registers,1200,5,-1,-1,-1,-1,-1,-1,-1,-1,7813
2026-08-23 00:45:08.911,1,3,Read Holding Registers,2560,0,-1,-1,-1,-1,-1,-1,-1,-1,46628
2026-08-23 00:45:09.360,1,1,Read Coils,25,3,-1,-1,-1,-1,-1,-1,-1,-1,52397
2026-08-23 00:45:09.372,1,1,Read Coils,256,20872,-1,-1,-1,-1,-1,-1,-1,-1,34897
2026-08-23 00:45:09.862,1,2,Read Discrete Inputs,4,12,-1,-1,-1,-1,-1,-1,-1,-1,52793
2026-08-23 00:45:09.874,1,2,Read Discrete Inputs,512,185,-1,-1,-1,-1,-1,-1,-1,-1,47289
2026-08-23 00:45:10.364,1,3,Read Holding Registers,1260,12,-1,-1,-1,-1,-1,-1,-1,-1,2693
2026-08-23 00:45:10.396,1,3,Read Holding Registers,6183,3840,-1,-1,-1,-1,-1,-1,-1,-1,27754
2026-08-23 00:45:10.856,1,4,Read Input Registers,86,3,-1,-1,-1,-1,-1,-1,-1,-1,6992
2026-08-23 00:45:10.878,1,4,Read Input Registers,1536,31744,-1,-1,-1,-1,-1,-1,-1,-1,22833
2026-08-23 00:45:11.856,1,6,Write Single Register,321,-1,-1,23,23,23,23,12,-1,-1,11416
2026-08-23 00:45:11.877,1,6,Write Single Register,321,-1,-1,23,23,23,23,12,-1,-1,11416
2026-08-23 00:45:12.367,1,16,Write Multiple Registers,2835,3,6,105,256,225,586,39,-1,-1,42079
2026-08-23 00:45:12.400,1,3,Read Holding Registers,1200,5,-1,-1,-1,-1,-1,-1,-1,-1,7813
2026-08-23 00:45:12.422,1,3,Read Holding Registers,2560,0,-1,-1,-1,-1,-1,-1,-1,-1,46628
2026-08-23 00:45:12.860,1,1,Read Coils,25,3,-1,-1,-1,-1,-1,-1,-1,-1,52397
2026-08-23 00:45:12.872,1,1,Read Coils,256,20872,-1,-1,-1,-1,-1,-1,-1,-1,34897
2026-08-23 00:45:13.362,1,2,Read Discrete Inputs,4,12,-1,-1,-1,-1,-1,-1,-1,-1,52793
2026-08-23 00:45:13.374,1,2,Read Discrete Inputs,512,185,-1,-1,-1,-1,-1,-1,-1,-1,47289
2026-08-23 00:45:13.863,1,3,Read Holding Registers,1260,12,-1,-1,-1,-1,-1,-1,-1,-1,2693
2026-08-23 00:45:13.894,1,3,Read Holding Registers,6183,3840,-1,-1,-1,-1,-1,-1,-1,-1,27754
2026-08-23 00:45:14.110,1,6,Write Single Register,1275,-1,-1,1371,1371,1371,1371,9,-1,-1,41147
2026-08-23 00:45:14.121,1,6,Write Single Register,1275,-1,-1,1371,1371,1371,1371,9,-1,-1,41147
2026-08-23 00:45:14.356,1,4,Read Input Registers,86,3,-1,-1,-1,-1,-1,-1,-1,-1,6992
2026-08-23 00:45:14.378,1,4,Read Input Registers,1539,40960,-1,-1,-1,-1,-1,-1,-1,-1,47584
2026-08-23 00:45:15.873,1,16,Write Multiple Registers,2835,3,6,119,251,232,602,31,-1,-1,45219
2026-08-23 00:45:15.896,1,3,Read Holding Registers,1200,5,-1,-1,-1,-1,-1,-1,-1,-1,7813
2026-08-23 00:45:15.917,1,3,Read Holding Registers,2560,0,-1,-1,-1,-1,-1,-1,-1,-1,46628
2026-08-23 00:45:16.356,1,1,Read Coils,25,3,-1,-1,-1,-1,-1,-1,-1,-1,52397
2026-08-23 00:45:16.368,1,1,Read Coils,256,20872,-1,-1,-1,-1,-1,-1,-1,-1,34897
2026-08-23 00:45:16.857,1,2,Read Discrete Inputs,4,12,-1,-1,-1,-1,-1,-1,-1,-1,52793
2026-08-23 00:45:16.869,1,2,Read Discrete Inputs,513,184,-1,-1,-1,-1,-1,-1,-1,-1,10424
2026-08-23 00:45:17.359,1,3,Read Holding Registers,1260,12,-1,-1,-1,-1,-1,-1,-1,-1,2693
2026-08-23 00:45:17.401,1,3,Read Holding Registers,6183,3840,-1,-1,-1,-1,-1,-1,-1,-1,27754
2026-08-23 00:45:17.860,1,4,Read Input Registers,86,3,-1,-1,-1,-1,-1,-1,-1,-1,6992
2026-08-23 00:45:17.882,1,4,Read Input Registers,1536,39424,-1,-1,-1,-1,-1,-1,-1,-1,36664
2026-08-23 00:45:19.367,1,16,Write Multiple Registers,2835,3,6,119,259,204,582,35,-1,-1,42451
2026-08-23 00:45:19.400,1,3,Read Holding Registers,1200,5,-1,-1,-1,-1,-1,-1,-1,-1,7813
2026-08-23 00:45:19.421,1,3,Read Holding Registers,2560,0,-1,-1,-1,-1,-1,-1,-1,-1,46628
2026-08-23 00:45:19.860,1,1,Read Coils,25,3,-1,-1,-1,-1,-1,-1,-1,-1,52397
2026-08-23 00:45:19.871,1,1,Read Coils,256,20872,-1,-1,-1,-1,-1,-1,-1,-1,34897
2026-08-23 00:45:20.361,1,2,Read Discrete Inputs,4,12,-1,-1,-1,-1,-1,-1,-1,-1,52793
2026-08-23 00:45:20.373,1,2,Read Discrete Inputs,513,184,-1,-1,-1,-1,-1,-1,-1,-1,10424
2026-08-23 00:45:20.862,1,3,Read Holding Registers,1260,12,-1,-1,-1,-1,-1,-1,-1,-1,2693
2026-08-23 00:45:20.894,1,3,Read Holding Registers,6183,3840,-1,-1,-1,-1,-1,-1,-1,-1,27754
2026-08-23 00:45:21.363,1,4,Read Input Registers,86,3,-1,-1,-1,-1,-1,-1,-1,-1,6992
2026-08-23 00:45:21.375,1,4,Read Input Registers,1537,60928,-1,-1,-1,-1,-1,-1,-1,-1,21897
2026-08-23 00:45:21.864,1,5,Write Single Coil,9012,65280,-1,-1,-1,-1,-1,-1,-1,-1,28870
2026-08-23 00:45:21.875,1,5,Write Single Coil,9012,65280,-1,-1,-1,-1,-1,-1,-1,-1,28870
2026-08-23 00:45:22.364,1,6,Write Single Register,321,-1,-1,12,12,12,12,14,-1,-1,10200
2026-08-23 00:45:22.376,1,6,Write Single Register,321,-1,-1,12,12,12,12,14,-1,-1,10200
2026-08-23 00:45:22.865,1,16,Write Multiple Registers,2835,3,6,104,253,221,578,32,-1,-1,28830
2026-08-23 00:45:22.898,1,3,Read Holding Registers,1200,5,-1,-1,-1,-1,-1,-1,-1,-1,7813
2026-08-23 00:45:22.920,1,3,Read Holding Registers,2560,0,-1,-1,-1,-1,-1,-1,-1,-1,46628
2026-08-23 00:45:23.359,1,1,Read Coils,25,3,-1,-1,-1,-1,-1,-1,-1,-1,52397
2026-08-23 00:45:23.370,1,1,Read Coils,256,20872,-1,-1,-1,-1,-1,-1,-1,-1,34897
2026-08-23 00:45:23.860,1,2,Read Discrete Inputs,4,12,-1,-1,-1,-1,-1,-1,-1,-1,52793
2026-08-23 00:45:23.871,1,2,Read Discrete Inputs,512,185,-1,-1,-1,-1,-1,-1,-1,-1,47289
2026-08-23 00:45:24.361,1,3,Read Holding Registers,1260,12,-1,-1,-1,-1,-1,-1,-1,-1,2693
2026-08-23 00:45:24.403,1,3,Read Holding Registers,6183,3840,-1,-1,-1,-1,-1,-1,-1,-1,27754
2026-08-23 00:45:24.425,1,6,Write Single Register,1264,-1,-1,114,114,114,114,12,-1,-1,60424
2026-08-23 00:45:24.436,1,6,Write Single Register,1264,-1,-1,114,114,114,114,12,-1,-1,60424
2026-08-23 00:45:24.864,1,4,Read Input Registers,86,3,-1,-1,-1,-1,-1,-1,-1,-1,6992
2026-08-23 00:45:24.876,1,4,Read Input Registers,1536,58624,-1,-1,-1,-1,-1,-1,-1,-1,17709
2026-08-23 00:45:26.371,1,16,Write Multiple Registers,2835,3,6,106,255,241,602,31,-1,-1,46895
2026-08-23 00:45:26.394,1,3,Read Holding Registers,1200,5,-1,-1,-1,-1,-1,-1,-1,-1,7813
2026-08-23 00:45:26.415,1,3,Read Holding Registers,2560,0,-1,-1,-1,-1,-1,-1,-1,-1,46628
2026-08-23 00:45:26.863,1,1,Read Coils,25,3,-1,-1,-1,-1,-1,-1,-1,-1,52397
2026-08-23 00:45:26.874,1,1,Read Coils,256,20872,-1,-1,-1,-1,-1,-1,-1,-1,34897
2026-08-23 00:45:27.364,1,2,Read Discrete Inputs,4,12,-1,-1,-1,-1,-1,-1,-1,-1,52793
2026-08-23 00:45:27.375,1,2,Read Discrete Inputs,512,185,-1,-1,-1,-1,-1,-1,-1,-1,47289
2026-08-23 00:45:27.864,1,3,Read Holding Registers,1260,12,-1,-1,-1,-1,-1,-1,-1,-1,2693
2026-08-23 00:45:27.896,1,3,Read Holding Registers,6183,3840,-1,-1,-1,-1,-1,-1,-1,-1,28396
2026-08-23 00:45:28.364,1,4,Read Input Registers,86,3,-1,-1,-1,-1,-1,-1,-1,-1,6992
2026-08-23 00:45:28.376,1,4,Read Input Registers,1537,5632,-1,-1,-1,-1,-1,-1,-1,-1,33064
2026-08-23 00:45:29.363,1,6,Write Single Register,321,-1,-1,11,11,11,11,13,-1,-1,58777
2026-08-23 00:45:29.374,1,6,Write Single Register,321,-1,-1,11,11,11,11,13,-1,-1,58777
2026-08-23 00:45:29.873,1,16,Write Multiple Registers,2835,3,6,110,248,243,601,32,-1,-1,29362
2026-08-23 00:45:29.896,1,3,Read Holding Registers,1200,5,-1,-1,-1,-1,-1,-1,-1,-1,7813
2026-08-23 00:45:29.917,1,3,Read Holding Registers,2560,0,-1,-1,-1,-1,-1,-1,-1,-1,46628
2026-08-23 00:45:30.365,1,1,Read Coils,25,3,-1,-1,-1,-1,-1,-1,-1,-1,52397
2026-08-23 00:45:30.377,1,1,Read Coils,256,20872,-1,-1,-1,-1,-1,-1,-1,-1,34897
2026-08-23 00:45:30.865,1,2,Read Discrete Inputs,4,12,-1,-1,-1,-1,-1,-1,-1,-1,52793
2026-08-23 00:45:30.876,1,2,Read Discrete Inputs,513,184,-1,-1,-1,-1,-1,-1,-1,-1,10424
2026-08-23 00:45:31.009,1,6,Write Single Register,1279,-1,-1,2186,2186,2186,2186,12,-1,-1,44350
2026-08-23 00:45:31.021,1,6,Write Single Register,1279,-1,-1,2186,2186,2186,2186,12,-1,-1,44350
2026-08-23 00:45:31.358,1,3,Read Holding Registers,1260,12,-1,-1,-1,-1,-1,-1,-1,-1,2693
2026-08-23 00:45:31.400,1,3,Read Holding Registers,6183,3840,-1,-1,-1,-1,-1,-1,-1,-1,28396
2026-08-23 00:45:31.858,1,4,Read Input Registers,86,3,-1,-1,-1,-1,-1,-1,-1,-1,6992
2026-08-23 00:45:31.880,1,4,Read Input Registers,1538,50176,-1,-1,-1,-1,-1,-1,-1,-1,41104
2026-08-23 00:45:33.365,1,16,Write Multiple Registers,2835,3,6,116,248,232,596,35,-1,-1,45331
2026-08-23 00:45:33.398,1,3,Read Holding Registers,1200,5,-1,-1,-1,-1,-1,-1,-1,-1,7813
2026-08-23 00:45:33.420,1,3,Read Holding Registers,2560,0,-1,-1,-1,-1,-1,-1,-1,-1,46628
2026-08-23 00:45:33.858,1,1,Read Coils,25,3,-1,-1,-1,-1,-1,-1,-1,-1,52397
2026-08-23 00:45:33.870,1,1,Read Coils,256,20872,-1,-1,-1,-1,-1,-1,-1,-1,34897
2026-08-23 00:45:34.360,1,2,Read Discrete Inputs,4,12,-1,-1,-1,-1,-1,-1,-1,-1,52793
2026-08-23 00:45:34.372,1,2,Read Discrete Inputs,512,185,-1,-1,-1,-1,-1,-1,-1,-1,47289
2026-08-23 00:45:34.861,1,3,Read Holding Registers,1260,12,-1,-1,-1,-1,-1,-1,-1,-1,2693
2026-08-23 00:45:34.904,1,3,Read Holding Registers,6183,3840,-1,-1,-1,-1,-1,-1,-1,-1,28396
2026-08-23 00:45:35.362,1,4,Read Input Registers,86,3,-1,-1,-1,-1,-1,-1,-1,-1,6992
2026-08-23 00:45:35.374,1,4,Read Input Registers,1536,40448,-1,-1,-1,-1,-1,-1,-1,-1,20425
2026-08-23 00:45:36.361,1,6,Write Single Register,321,-1,-1,48,48,48,48,14,-1,-1,14040
2026-08-23 00:45:36.373,1,6,Write Single Register,321,-1,-1,48,48,48,48,14,-1,-1,14040
2026-08-23 00:45:36.873,1,16,Write Multiple Registers,2835,3,6,119,246,236,601,31,-1,-1,46483
2026-08-23 00:45:36.896,1,3,Read Holding Registers,1200,5,-1,-1,-1,-1,-1,-1,-1,-1,7813
2026-08-23 00:45:36.917,1,3,Read Holding Registers,2560,0,-1,-1,-1,-1,-1,-1,-1,-1,46628
2026-08-23 00:45:37.356,1,1,Read Coils,25,3,-1,-1,-1,-1,-1,-1,-1,-1,52397
2026-08-23 00:45:37.368,1,1,Read Coils,256,20872,-1,-1,-1,-1,-1,-1,-1,-1,34897
2026-08-23 00:45:37.856,1,2,Read Discrete Inputs,4,12,-1,-1,-1,-1,-1,-1,-1,-1,52793
2026-08-23 00:45:37.878,1,2,Read Discrete Inputs,513,184,-1,-1,-1,-1,-1,-1,-1,-1,10424
2026-08-23 00:45:38.357,1,3,Read Holding Registers,1260,12,-1,-1,-1,-1,-1,-1,-1,-1,2693
2026-08-23 00:45:38.399,1,3,Read Holding Registers,6183,3840,-1,-1,-1,-1,-1,-1,-1,-1,28396
2026-08-23 00:45:38.857,1,4,Read Input Registers,86,3,-1,-1,-1,-1,-1,-1,-1,-1,6992
2026-08-23 00:45:38.879,1,4,Read Input Registers,1537,25600,-1,-1,-1,-1,-1,-1,-1,-1,35344
2026-08-23 00:45:40.374,1,16,Write Multiple Registers,2835,3,6,103,248,209,560,34,-1,-1,29054
2026-08-23 00:45:40.397,1,3,Read Holding Registers,1200,5,-1,-1,-1,-1,-1,-1,-1,-1,7813
2026-08-23 00:45:40.418,1,3,Read Holding Registers,2560,0,-1,-1,-1,-1,-1,-1,-1,-1,46628
2026-08-23 00:45:40.856,1,1,Read Coils,25,3,-1,-1,-1,-1,-1,-1,-1,-1,52397
2026-08-23 00:45:40.868,1,1,Read Coils,256,20872,-1,-1,-1,-1,-1,-1,-1,-1,34897
2026-08-23 00:45:41.357,1,2,Read Discrete Inputs,4,12,-1,-1,-1,-1,-1,-1,-1,-1,52793
2026-08-23 00:45:41.369,1,2,Read Discrete Inputs,512,185,-1,-1,-1,-1,-1,-1,-1,-1,47289
2026-08-23 00:45:41.857,1,3,Read Holding Registers,1260,12,-1,-1,-1,-1,-1,-1,-1,-1,2693
2026-08-23 00:45:41.899,1,3,Read Holding Registers,6183,3840,-1,-1,-1,-1,-1,-1,-1,-1,28396
2026-08-23 00:45:42.359,1,4,Read Input Registers,86,3,-1,-1,-1,-1,-1,-1,-1,-1,6992
2026-08-23 00:45:42.381,1,4,Read Input Registers,1538,768,-1,-1,-1,-1,-1,-1,-1,-1,28965
2026-08-23 00:45:43.866,1,16,Write Multiple Registers,2835,3,6,110,256,215,581,36,-1,-1,24870
2026-08-23 00:45:43.899,1,3,Read Holding Registers,1200,5,-1,-1,-1,-1,-1,-1,-1,-1,7813
2026-08-23 00:45:43.920,1,3,Read Holding Registers,2560,0,-1,-1,-1,-1,-1,-1,-1,-1,46628
2026-08-23 00:45:44.359,1,1,Read Coils,25,3,-1,-1,-1,-1,-1,-1,-1,-1,52397
2026-08-23 00:45:44.371,1,1,Read Coils,256,20872,-1,-1,-1,-1,-1,-1,-1,-1,34897
2026-08-23 00:45:44.860,1,2,Read Discrete Inputs,4,12,-1,-1,-1,-1,-1,-1,-1,-1,52793
2026-08-23 00:45:44.872,1,2,Read Discrete Inputs,512,185,-1,-1,-1,-1,-1,-1,-1,-1,47289
2026-08-23 00:45:45.363,1,3,Read Holding Registers,1260,12,-1,-1,-1,-1,-1,-1,-1,-1,2693
2026-08-23 00:45:45.395,1,3,Read Holding Registers,6183,3840,-1,-1,-1,-1,-1,-1,-1,-1,28396
2026-08-23 00:45:45.426,1,6,Write Single Register,1267,-1,-1,317,317,317,317,10,-1,-1,35000
2026-08-23 00:45:45.438,1,6,Write Single Register,1267,-1,-1,317,317,317,317,10,-1,-1,35000
2026-08-23 00:45:45.856,1,4,Read Input Registers,86,3,-1,-1,-1,-1,-1,-1,-1,-1,6992
2026-08-23 00:45:45.878,1,4,Read Input Registers,1536,32256,-1,-1,-1,-1,-1,-1,-1,-1,39240
2026-08-23 00:45:47.373,1,16,Write Multiple Registers,2835,3,6,102,244,218,564,34,-1,-1,30090
2026-08-23 00:45:47.396,1,3,Read Holding Registers,1200,5,-1,-1,-1,-1,-1,-1,-1,-1,7813
2026-08-23 00:45:47.417,1,3,Read Holding Registers,2560,0,-1,-1,-1,-1,-1,-1,-1,-1,46628
2026-08-23 00:45:47.865,1,1,Read Coils,25,3,-1,-1,-1,-1,-1,-1,-1,-1,52397
2026-08-23 00:45:47.877,1,1,Read Coils,256,20872,-1,-1,-1,-1,-1,-1,-1,-1,34897
2026-08-23 00:45:48.366,1,2,Read Discrete Inputs,4,12,-1,-1,-1,-1,-1,-1,-1,-1,52793
2026-08-23 00:45:48.377,1,2,Read Discrete Inputs,513,184,-1,-1,-1,-1,-1,-1,-1,-1,10424
2026-08-23 00:45:48.866,1,3,Read Holding Registers,1260,12,-1,-1,-1,-1,-1,-1,-1,-1,2693
2026-08-23 00:45:48.898,1,3,Read Holding Registers,6183,3840,-1,-1,-1,-1,-1,-1,-1,-1,44683
2026-08-23 00:45:49.357,1,4,Read Input Registers,86,3,-1,-1,-1,-1,-1,-1,-1,-1,6992
2026-08-23 00:45:49.379,1,4,Read Input Registers,1536,26112,-1,-1,-1,-1,-1,-1,-1,-1,39784
2026-08-23 00:45:49.857,1,5,Write Single Coil,9012,0,-1,-1,-1,-1,-1,-1,-1,-1,32903
2026-08-23 00:45:49.879,1,5,Write Single Coil,9012,0,-1,-1,-1,-1,-1,-1,-1,-1,32903
2026-08-23 00:45:50.865,1,16,Write Multiple Registers,2835,3,6,107,240,219,566,33,-1,-1,46375
2026-08-23 00:45:50.898,1,3,Read Holding Registers,1200,5,-1,-1,-1,-1,-1,-1,-1,-1,7813
2026-08-23 00:45:50.920,1,3,Read Holding Registers,2560,0,-1,-1,-1,-1,-1,-1,-1,-1,46628
2026-08-23 00:45:51.358,1,1,Read Coils,25,3,-1,-1,-1,-1,-1,-1,-1,-1,52397
2026-08-23 00:45:51.370,1,1,Read Coils,256,20872,-1,-1,-1,-1,-1,-1,-1,-1,34897
2026-08-23 00:45:51.859,1,2,Read Discrete Inputs,4,12,-1,-1,-1,-1,-1,-1,-1,-1,52793
2026-08-23 00:45:51.870,1,2,Read Discrete Inputs,513,184,-1,-1,-1,-1,-1,-1,-1,-1,10424
2026-08-23 00:45:52.360,1,3,Read Holding Registers,1260,12,-1,-1,-1,-1,-1,-1,-1,-1,2693
2026-08-23 00:45:52.401,1,3,Read Holding Registers,6183,3840,-1,-1,-1,-1,-1,-1,-1,-1,44683
2026-08-23 00:45:52.860,1,4,Read Input Registers,86,3,-1,-1,-1,-1,-1,-1,-1,-1,6992
2026-08-23 00:45:52.882,1,4,Read Input Registers,1538,42496,-1,-1,-1,-1,-1,-1,-1,-1,26729
2026-08-23 00:45:53.361,1,5,Write Single Coil,9012,65280,-1,-1,-1,-1,-1,-1,-1,-1,28870
2026-08-23 00:45:53.372,1,5,Write Single Coil,9012,65280,-1,-1,-1,-1,-1,-1,-1,-1,28870
2026-08-23 00:45:54.369,1,16,Write Multiple Registers,2835,3,6,108,242,240,590,35,-1,-1,45875
2026-08-23 00:45:54.402,1,3,Read Holding Registers,1200,5,-1,-1,-1,-1,-1,-1,-1,-1,7813
2026-08-23 00:45:54.413,1,3,Read Holding Registers,2560,0,-1,-1,-1,-1,-1,-1,-1,-1,46628
2026-08-23 00:45:54.861,1,1,Read Coils,25,3,-1,-1,-1,-1,-1,-1,-1,-1,52397
2026-08-23 00:45:54.873,1,1,Read Coils,256,20872,-1,-1,-1,-1,-1,-1,-1,-1,34897
2026-08-23 00:45:55.363,1,2,Read Discrete Inputs,4,12,-1,-1,-1,-1,-1,-1,-1,-1,52793
2026-08-23 00:45:55.374,1,2,Read Discrete Inputs,513,184,-1,-1,-1,-1,-1,-1,-1,-1,10424
2026-08-23 00:45:55.864,1,3,Read Holding Registers,1260,12,-1,-1,-1,-1,-1,-1,-1,-1,2693
2026-08-23 00:45:55.896,1,3,Read Holding Registers,6183,3840,-1,-1,-1,-1,-1,-1,-1,-1,44683
2026-08-23 00:45:56.364,1,4,Read Input Registers,86,3,-1,-1,-1,-1,-1,-1,-1,-1,6992
2026-08-23 00:45:56.375,1,4,Read Input Registers,1539,12544,-1,-1,-1,-1,-1,-1,-1,-1,25629
2026-08-23 00:45:57.413,1,6,Write Single Register,1274,-1,-1,1194,1194,1194,1194,11,-1,-1,29738
2026-08-23 00:45:57.424,1,6,Write Single Register,1274,-1,-1,1194,1194,1194,1194,11,-1,-1,29738
2026-08-23 00:45:57.873,1,16,Write Multiple Registers,2835,3,6,111,252,231,594,30,-1,-1,29750
2026-08-23 00:45:57.896,1,3,Read Holding Registers,1200,5,-1,-1,-1,-1,-1,-1,-1,-1,7813
2026-08-23 00:45:57.917,1,3,Read Holding Registers,2560,0,-1,-1,-1,-1,-1,-1,-1,-1,46628
2026-08-23 00:45:58.366,1,1,Read Coils,25,3,-1,-1,-1,-1,-1,-1,-1,-1,52397
2026-08-23 00:45:58.377,1,1,Read Coils,256,20872,-1,-1,-1,-1,-1,-1,-1,-1,34897
2026-08-23 00:45:58.856,1,2,Read Discrete Inputs,4,12,-1,-1,-1,-1,-1,-1,-1,-1,52793
2026-08-23 00:45:58.878,1,2,Read Discrete Inputs,513,184,-1,-1,-1,-1,-1,-1,-1,-1,10424
2026-08-23 00:45:59.358,1,3,Read Holding Registers,1260,12,-1,-1,-1,-1,-1,-1,-1,-1,2693
2026-08-23 00:45:59.400,1,3,Read Holding Registers,6183,3840,-1,-1,-1,-1,-1,-1,-1,-1,44683
2026-08-23 00:45:59.859,1,4,Read Input Registers,86,3,-1,-1,-1,-1,-1,-1,-1,-1,6992
2026-08-23 00:45:59.881,1,4,Read Input Registers,1538,18432,-1,-1,-1,-1,-1,-1,-1,-1,32641
2026-08-23 00:46:01.374,1,16,Write Multiple Registers,2835,3,6,100,249,208,557,36,-1,-1,29042
2026-08-23 00:46:01.397,1,3,Read Holding Registers,1200,5,-1,-1,-1,-1,-1,-1,-1,-1,7813
2026-08-23 00:46:01.418,1,3,Read Holding Registers,2560,0,-1,-1,-1,-1,-1,-1,-1,-1,46628
2026-08-23 00:46:01.866,1,1,Read Coils,25,3,-1,-1,-1,-1,-1,-1,-1,-1,52397
2026-08-23 00:46:01.878,1,1,Read Coils,256,20872,-1,-1,-1,-1,-1,-1,-1,-1,34897
2026-08-23 00:46:02.357,1,2,Read Discrete Inputs,4,12,-1,-1,-1,-1,-1,-1,-1,-1,52793
2026-08-23 00:46:02.369,1,2,Read Discrete Inputs,512,185,-1,-1,-1,-1,-1,-1,-1,-1,47289
2026-08-23 00:46:02.858,1,3,Read Holding Registers,1260,12,-1,-1,-1,-1,-1,-1,-1,-1,2693
2026-08-23 00:46:02.900,1,3,Read Holding Registers,6183,3840,-1,-1,-1,-1,-1,-1,-1,-1,44683
2026-08-23 00:46:03.359,1,4,Read Input Registers,86,3,-1,-1,-1,-1,-1,-1,-1,-1,6992
2026-08-23 00:46:03.381,1,4,Read Input Registers,1538,62720,-1,-1,-1,-1,-1,-1,-1,-1,25837
2026-08-23 00:46:03.860,1,5,Write Single Coil,9012,0,-1,-1,-1,-1,-1,-1,-1,-1,32903
2026-08-23 00:46:03.871,1,5,Write Single Coil,9012,0,-1,-1,-1,-1,-1,-1,-1,-1,32903
2026-08-23 00:46:04.870,1,16,Write Multiple Registers,2835,3,6,111,248,222,581,31,-1,-1,45739
2026-08-23 00:46:04.893,1,3,Read Holding Registers,1200,5,-1,-1,-1,-1,-1,-1,-1,-1,7813
2026-08-23 00:46:04.914,1,3,Read Holding Registers,2560,0,-1,-1,-1,-1,-1,-1,-1,-1,46628
2026-08-23 00:46:05.364,1,1,Read Coils,25,3,-1,-1,-1,-1,-1,-1,-1,-1,52397
2026-08-23 00:46:05.375,1,1,Read Coils,256,20872,-1,-1,-1,-1,-1,-1,-1,-1,34897
2026-08-23 00:46:05.865,1,2,Read Discrete Inputs,4,12,-1,-1,-1,-1,-1,-1,-1,-1,52793
2026-08-23 00:46:05.877,1,2,Read Discrete Inputs,512,185,-1,-1,-1,-1,-1,-1,-1,-1,47289
2026-08-23 00:46:06.367,1,3,Read Holding Registers,1260,12,-1,-1,-1,-1,-1,-1,-1,-1,2693
2026-08-23 00:46:06.399,1,3,Read Holding Registers,6183,3840,-1,-1,-1,-1,-1,-1,-1,-1,44683
2026-08-23 00:46:06.839,1,6,Write Single Register,1269,-1,-1,508,508,508,508,9,-1,-1,6553
2026-08-23 00:46:06.851,1,6,Write Single Register,1269,-1,-1,508,508,508,508,9,-1,-1,6553
2026-08-23 00:46:06.862,1,4,Read Input Registers,86,3,-1,-1,-1,-1,-1,-1,-1,-1,6992
2026-08-23 00:46:06.884,1,4,Read Input Registers,1539,19712,-1,-1,-1,-1,-1,-1,-1,-1,44620
2026-08-23 00:46:08.369,1,16,Write Multiple Registers,2835,3,6,115,253,202,570,32,-1,-1,29850
2026-08-23 00:46:08.402,1,3,Read Holding Registers,1200,5,-1,-1,-1,-1,-1,-1,-1,-1,7813
2026-08-23 00:46:08.423,1,3,Read Holding Registers,2560,0,-1,-1,-1,-1,-1,-1,-1,-1,46628
2026-08-23 00:46:08.861,1,1,Read Coils,25,3,-1,-1,-1,-1,-1,-1,-1,-1,52397
2026-08-23 00:46:08.873,1,1,Read Coils,256,20872,-1,-1,-1,-1,-1,-1,-1,-1,34897
2026-08-23 00:46:09.362,1,2,Read Discrete Inputs,4,12,-1,-1,-1,-1,-1,-1,-1,-1,52793
2026-08-23 00:46:09.374,1,2,Read Discrete Inputs,513,184,-1,-1,-1,-1,-1,-1,-1,-1,10424
2026-08-23 00:46:09.862,1,3,Read Holding Registers,1260,12,-1,-1,-1,-1,-1,-1,-1,-1,2693
2026-08-23 00:46:09.904,1,3,Read Holding Registers,6183,3840,-1,-1,-1,-1,-1,-1,-1,-1,44819
2026-08-23 00:46:10.363,1,4,Read Input Registers,86,3,-1,-1,-1,-1,-1,-1,-1,-1,6992
2026-08-23 00:46:10.384,1,4,Read Input Registers,1537,61952,-1,-1,-1,-1,-1,-1,-1,-1,38744
2026-08-23 00:46:11.361,1,6,Write Single Register,321,-1,-1,36,36,36,36,14,-1,-1,14808
2026-08-23 00:46:11.372,1,6,Write Single Register,321,-1,-1,36,36,36,36,14,-1,-1,14808
2026-08-23 00:46:11.871,1,16,Write Multiple Registers,2835,3,6,114,249,201,564,34,-1,-1,30606
2026-08-23 00:46:11.894,1,3,Read Holding Registers,1200,5,-1,-1,-1,-1,-1,-1,-1,-1,7813
2026-08-23 00:46:11.915,1,3,Read Holding Registers,2560,0,-1,-1,-1,-1,-1,-1,-1,-1,46628
2026-08-23 00:46:12.364,1,1,Read Coils,25,3,-1,-1,-1,-1,-1,-1,-1,-1,52397
2026-08-23 00:46:12.375,1,1,Read Coils,256,20872,-1,-1,-1,-1,-1,-1,-1,-1,34897
2026-08-23 00:46:12.864,1,2,Read Discrete Inputs,4,12,-1,-1,-1,-1,-1,-1,-1,-1,52793
2026-08-23 00:46:12.876,1,2,Read Discrete Inputs,513,184,-1,-1,-1,-1,-1,-1,-1,-1,10424
2026-08-23 00:46:13.365,1,3,Read Holding Registers,1260,12,-1,-1,-1,-1,-1,-1,-1,-1,2693
2026-08-23 00:46:13.397,1,3,Read Holding Registers,6183,3840,-1,-1,-1,-1,-1,-1,-1,-1,44819
2026-08-23 00:46:13.866,1,4,Read Input Registers,86,3,-1,-1,-1,-1,-1,-1,-1,-1,6992
2026-08-23 00:46:13.877,1,4,Read Input Registers,1536,34560,-1,-1,-1,-1,-1,-1,-1,-1,36308
2026-08-23 00:46:15.372,1,16,Write Multiple Registers,2835,3,6,100,256,225,581,40,-1,-1,26574
2026-08-23 00:46:15.395,1,3,Read Holding Registers,1200,5,-1,-1,-1,-1,-1,-1,-1,-1,7813
2026-08-23 00:46:15.416,1,3,Read Holding Registers,2560,0,-1,-1,-1,-1,-1,-1,-1,-1,46628
2026-08-23 00:46:15.864,1,1,Read Coils,25,3,-1,-1,-1,-1,-1,-1,-1,-1,52397
2026-08-23 00:46:15.875,1,1,Read Coils,256,20872,-1,-1,-1,-1,-1,-1,-1,-1,34897
2026-08-23 00:46:16.365,1,2,Read Discrete Inputs,4,12,-1,-1,-1,-1,-1,-1,-1,-1,52793
2026-08-23 00:46:16.377,1,2,Read Discrete Inputs,513,184,-1,-1,-1,-1,-1,-1,-1,-1,10424
2026-08-23 00:46:16.865,1,3,Read Holding Registers,1260,12,-1,-1,-1,-1,-1,-1,-1,-1,2693
2026-08-23 00:46:16.897,1,3,Read Holding Registers,6183,3840,-1,-1,-1,-1,-1,-1,-1,-1,44819
2026-08-23 00:46:17.367,1,4,Read Input Registers,86,3,-1,-1,-1,-1,-1,-1,-1,-1,6992
2026-08-23 00:46:17.378,1,4,Read Input Registers,1539,15872,-1,-1,-1,-1,-1,-1,-1,-1,25929
2026-08-23 00:46:18.872,1,16,Write Multiple Registers,2835,3,6,107,259,214,580,35,-1,-1,41291
2026-08-23 00:46:18.895,1,3,Read Holding Registers,1200,5,-1,-1,-1,-1,-1,-1,-1,-1,7813
2026-08-23 00:46:18.916,1,3,Read Holding Registers,2560,0,-1,-1,-1,-1,-1,-1,-1,-1,46628
2026-08-23 00:46:19.365,1,1,Read Coils,25,3,-1,-1,-1,-1,-1,-1,-1,-1,52397
2026-08-23 00:46:19.376,1,1,Read Coils,256,20872,-1,-1,-1,-1,-1,-1,-1,-1,34897
2026-08-23 00:46:19.866,1,2,Read Discrete Inputs,4,12,-1,-1,-1,-1,-1,-1,-1,-1,52793
2026-08-23 00:46:19.878,1,2,Read Discrete Inputs,512,185,-1,-1,-1,-1,-1,-1,-1,-1,47289
2026-08-23 00:46:19.899,1,6,Write Single Register,1265,-1,-1,173,173,173,173,11,-1,-1,46104
2026-08-23 00:46:19.910,1,6,Write Single Register,1265,-1,-1,173,173,173,173,11,-1,-1,46104
2026-08-23 00:46:20.359,1,3,Read Holding Registers,1260,12,-1,-1,-1,-1,-1,-1,-1,-1,2693
2026-08-23 00:46:20.400,1,3,Read Holding Registers,6183,3840,-1,-1,-1,-1,-1,-1,-1,-1,11793
2026-08-23 00:46:20.859,1,4,Read Input Registers,86,3,-1,-1,-1,-1,-1,-1,-1,-1,6992
2026-08-23 00:46:20.881,1,4,Read Input Registers,1538,56832,-1,-1,-1,-1,-1,-1,-1,-1,25289
2026-08-23 00:46:21.360,1,5,Write Single Coil,9012,65280,-1,-1,-1,-1,-1,-1,-1,-1,28870
2026-08-23 00:46:21.372,1,5,Write Single Coil,9012,65280,-1,-1,-1,-1,-1,-1,-1,-1,28870
2026-08-23 00:46:21.860,1,6,Write Single Register,321,-1,-1,13,13,13,13,13,-1,-1,59161
2026-08-23 00:46:21.882,1,6,Write Single Register,321,-1,-1,13,13,13,13,13,-1,-1,59161
2026-08-23 00:46:22.372,1,16,Write Multiple Registers,2835,3,6,107,244,214,565,33,-1,-1,46859
2026-08-23 00:46:22.395,1,3,Read Holding Registers,1200,5,-1,-1,-1,-1,-1,-1,-1,-1,7813
2026-08-23 00:46:22.416,1,3,Read Holding Registers,2560,0,-1,-1,-1,-1,-1,-1,-1,-1,46628
2026-08-23 00:46:22.864,1,1,Read Coils,25,3,-1,-1,-1,-1,-1,-1,-1,-1,52397
2026-08-23 00:46:22.876,1,1,Read Coils,256,20872,-1,-1,-1,-1,-1,-1,-1,-1,34897
2026-08-23 00:46:23.365,1,2,Read Discrete Inputs,4,12,-1,-1,-1,-1,-1,-1,-1,-1,52793
2026-08-23 00:46:23.377,1,2,Read Discrete Inputs,512,185,-1,-1,-1,-1,-1,-1,-1,-1,47289
2026-08-23 00:46:23.866,1,3,Read Holding Registers,1260,12,-1,-1,-1,-1,-1,-1,-1,-1,2693
2026-08-23 00:46:23.898,1,3,Read Holding Registers,6183,3840,-1,-1,-1,-1,-1,-1,-1,-1,11793
2026-08-23 00:46:24.367,1,4,Read Input Registers,86,3,-1,-1,-1,-1,-1,-1,-1,-1,6992
2026-08-23 00:46:24.378,1,4,Read Input Registers,1537,53248,-1,-1,-1,-1,-1,-1,-1,-1,37024
2026-08-23 00:46:24.867,1,5,Write Single Coil,9012,65280,-1,-1,-1,-1,-1,-1,-1,-1,28870
2026-08-23 00:46:24.879,1,5,Write Single Coil,9012,65280,-1,-1,-1,-1,-1,-1,-1,-1,28870
2026-08-23 00:46:25.866,1,16,Write Multiple Registers,2835,3,6,117,255,225,597,31,-1,-1,45791
2026-08-23 00:46:25.899,1,3,Read Holding Registers,1200,5,-1,-1,-1,-1,-1,-1,-1,-1,7813
2026-08-23 00:46:25.920,1,3,Read Holding Registers,2560,0,-1,-1,-1,-1,-1,-1,-1,-1,46628
2026-08-23 00:46:26.358,1,1,Read Coils,25,3,-1,-1,-1,-1,-1,-1,-1,-1,52397
2026-08-23 00:46:26.370,1,1,Read Coils,256,20872,-1,-1,-1,-1,-1,-1,-1,-1,34897
2026-08-23 00:46:26.860,1,2,Read Discrete Inputs,4,12,-1,-1,-1,-1,-1,-1,-1,-1,52793
2026-08-23 00:46:26.872,1,2,Read Discrete Inputs,513,184,-1,-1,-1,-1,-1,-1,-1,-1,10424
2026-08-23 00:46:27.363,1,3,Read Holding Registers,1260,12,-1,-1,-1,-1,-1,-1,-1,-1,2693
2026-08-23 00:46:27.405,1,3,Read Holding Registers,6183,3840,-1,-1,-1,-1,-1,-1,-1,-1,11793
2026-08-23 00:46:27.865,1,4,Read Input Registers,86,3,-1,-1,-1,-1,-1,-1,-1,-1,6992
2026-08-23 00:46:27.876,1,4,Read Input Registers,1539,34304,-1,-1,-1,-1,-1,-1,-1,-1,32489
2026-08-23 00:46:28.366,1,5,Write Single Coil,9012,0,-1,-1,-1,-1,-1,-1,-1,-1,32903
2026-08-23 00:46:28.378,1,5,Write Single Coil,9012,0,-1,-1,-1,-1,-1,-1,-1,-1,32903
2026-08-23 00:46:28.867,1,6,Write Single Register,321,-1,-1,14,14,14,14,13,-1,-1,58969
2026-08-23 00:46:28.878,1,6,Write Single Register,321,-1,-1,14,14,14,14,13,-1,-1,58969
2026-08-23 00:46:29.368,1,16,Write Multiple Registers,2835,3,6,111,245,242,598,31,-1,-1,45563
2026-08-23 00:46:29.401,1,3,Read Holding Registers,1200,5,-1,-1,-1,-1,-1,-1,-1,-1,7813
2026-08-23 00:46:29.422,1,3,Read Holding Registers,2560,0,-1,-1,-1,-1,-1,-1,-1,-1,46628
2026-08-23 00:46:29.860,1,1,Read Coils,25,3,-1,-1,-1,-1,-1,-1,-1,-1,52397
2026-08-23 00:46:29.872,1,1,Read Coils,256,20872,-1,-1,-1,-1,-1,-1,-1,-1,34897
2026-08-23 00:46:30.361,1,2,Read Discrete Inputs,4,12,-1,-1,-1,-1,-1,-1,-1,-1,52793
2026-08-23 00:46:30.372,1,2,Read Discrete Inputs,512,185,-1,-1,-1,-1,-1,-1,-1,-1,47289
2026-08-23 00:46:30.861,1,3,Read Holding Registers,1260,12,-1,-1,-1,-1,-1,-1,-1,-1,2693
2026-08-23 00:46:30.904,1,3,Read Holding Registers,6183,3840,-1,-1,-1,-1,-1,-1,-1,-1,11793
2026-08-23 00:46:31.363,1,4,Read Input Registers,86,3,-1,-1,-1,-1,-1,-1,-1,-1,6992
2026-08-23 00:46:31.375,1,4,Read Input Registers,1537,33024,-1,-1,-1,-1,-1,-1,-1,-1,23645
2026-08-23 00:46:32.869,1,16,Write Multiple Registers,2835,3,6,113,251,232,596,33,-1,-1,45379
2026-08-23 00:46:32.902,1,3,Read Holding Registers,1200,5,-1,-1,-1,-1,-1,-1,-1,-1,7813
2026-08-23 00:46:32.923,1,3,Read Holding Registers,2560,0,-1,-1,-1,-1,-1,-1,-1,-1,46628
2026-08-23 00:46:33.250,1,6,Write Single Register,1265,-1,-1,166,166,166,166,12,-1,-1,29529
2026-08-23 00:46:33.261,1,6,Write Single Register,1265,-1,-1,166,166,166,166,12,-1,-1,29529
2026-08-23 00:46:33.364,1,1,Read Coils,25,3,-1,-1,-1,-1,-1,-1,-1,-1,52397
2026-08-23 00:46:33.375,1,1,Read Coils,256,20872,-1,-1,-1,-1,-1,-1,-1,-1,34897
2026-08-23 00:46:33.864,1,2,Read Discrete Inputs,4,12,-1,-1,-1,-1,-1,-1,-1,-1,52793
2026-08-23 00:46:33.875,1,2,Read Discrete Inputs,513,184,-1,-1,-1,-1,-1,-1,-1,-1,10424
2026-08-23 00:46:34.364,1,3,Read Holding Registers,1260,12,-1,-1,-1,-1,-1,-1,-1,-1,2693
2026-08-23 00:46:34.406,1,3,Read Holding Registers,6183,3840,-1,-1,-1,-1,-1,-1,-1,-1,42251
2026-08-23 00:46:34.865,1,4,Read Input Registers,86,3,-1,-1,-1,-1,-1,-1,-1,-1,6992
2026-08-23 00:46:34.876,1,4,Read Input Registers,1538,4864,-1,-1,-1,-1,-1,-1,-1,-1,45796
2026-08-23 00:46:36.370,1,16,Write Multiple Registers,2835,3,6,114,257,216,587,38,-1,-1,26226
2026-08-23 00:46:36.403,1,3,Read Holding Registers,1200,5,-1,-1,-1,-1,-1,-1,-1,-1,7813
2026-08-23 00:46:36.424,1,3,Read Holding Registers,2560,0,-1,-1,-1,-1,-1,-1,-1,-1,46628
2026-08-23 00:46:36.862,1,1,Read Coils,25,3,-1,-1,-1,-1,-1,-1,-1,-1,52397
2026-08-23 00:46:36.873,1,1,Read Coils,256,20872,-1,-1,-1,-1,-1,-1,-1,-1,34897
2026-08-23 00:46:37.363,1,2,Read Discrete Inputs,4,12,-1,-1,-1,-1,-1,-1,-1,-1,52793
2026-08-23 00:46:37.375,1,2,Read Discrete Inputs,513,184,-1,-1,-1,-1,-1,-1,-1,-1,10424
2026-08-23 00:46:37.863,1,3,Read Holding Registers,1260,12,-1,-1,-1,-1,-1,-1,-1,-1,2693
2026-08-23 00:46:37.905,1,3,Read Holding Registers,6183,3840,-1,-1,-1,-1,-1,-1,-1,-1,42251
2026-08-23 00:46:38.364,1,4,Read Input Registers,86,3,-1,-1,-1,-1,-1,-1,-1,-1,6992
2026-08-23 00:46:38.376,1,4,Read Input Registers,1536,60928,-1,-1,-1,-1,-1,-1,-1,-1,33928
2026-08-23 00:46:38.864,1,5,Write Single Coil,9012,65280,-1,-1,-1,-1,-1,-1,-1,-1,28870
2026-08-23 00:46:38.876,1,5,Write Single Coil,9012,65280,-1,-1,-1,-1,-1,-1,-1,-1,28870
2026-08-23 00:46:39.365,1,6,Write Single Register,321,-1,-1,42,42,42,42,13,-1,-1,64857
2026-08-23 00:46:39.377,1,6,Write Single Register,321,-1,-1,42,42,42,42,13,-1,-1,64857
2026-08-23 00:46:39.875,1,16,Write Multiple Registers,2835,3,6,100,248,229,577,35,-1,-1,46399
2026-08-23 00:46:39.898,1,3,Read Holding Registers,1200,5,-1,-1,-1,-1,-1,-1,-1,-1,7813
2026-08-23 00:46:39.919,1,3,Read Holding Registers,2560,0,-1,-1,-1,-1,-1,-1,-1,-1,46628
2026-08-23 00:46:40.368,1,1,Read Coils,25,3,-1,-1,-1,-1,-1,-1,-1,-1,52397
2026-08-23 00:46:40.380,1,1,Read Coils,256,20872,-1,-1,-1,-1,-1,-1,-1,-1,34897
2026-08-23 00:46:40.858,1,2,Read Discrete Inputs,4,12,-1,-1,-1,-1,-1,-1,-1,-1,52793
2026-08-23 00:46:40.880,1,2,Read Discrete Inputs,513,184,-1,-1,-1,-1,-1,-1,-1,-1,10424
2026-08-23 00:46:41.360,1,3,Read Holding Registers,1260,12,-1,-1,-1,-1,-1,-1,-1,-1,2693
2026-08-23 00:46:41.402,1,3,Read Holding Registers,6183,3840,-1,-1,-1,-1,-1,-1,-1,-1,42251
2026-08-23 00:46:41.860,1,4,Read Input Registers,86,3,-1,-1,-1,-1,-1,-1,-1,-1,6992
2026-08-23 00:46:41.882,1,4,Read Input Registers,1536,28160,-1,-1,-1,-1,-1,-1,-1,-1,23177
2026-08-23 00:46:43.062,1,6,Write Single Register,1261,-1,-1,27,27,27,27,12,-1,-1,50264
2026-08-23 00:46:43.084,1,6,Write Single Register,1261,-1,-1,27,27,27,27,12,-1,-1,50264
2026-08-23 00:46:43.370,1,16,Write Multiple Registers,2835,3,6,100,245,233,578,34,-1,-1,29166
2026-08-23 00:46:43.403,1,3,Read Holding Registers,1200,5,-1,-1,-1,-1,-1,-1,-1,-1,7813
2026-08-23 00:46:43.424,1,3,Read Holding Registers,2560,0,-1,-1,-1,-1,-1,-1,-1,-1,46628
2026-08-23 00:46:43.863,1,1,Read Coils,25,3,-1,-1,-1,-1,-1,-1,-1,-1,52397
2026-08-23 00:46:43.874,1,1,Read Coils,256,20872,-1,-1,-1,-1,-1,-1,-1,-1,34897
2026-08-23 00:46:44.364,1,2,Read Discrete Inputs,4,12,-1,-1,-1,-1,-1,-1,-1,-1,52793
2026-08-23 00:46:44.375,1,2,Read Discrete Inputs,513,184,-1,-1,-1,-1,-1,-1,-1,-1,10424
2026-08-23 00:46:44.864,1,3,Read Holding Registers,1260,12,-1,-1,-1,-1,-1,-1,-1,-1,2693
2026-08-23 00:46:44.906,1,3,Read Holding Registers,6183,3840,-1,-1,-1,-1,-1,-1,-1,-1,35812
2026-08-23 00:46:45.366,1,4,Read Input Registers,86,3,-1,-1,-1,-1,-1,-1,-1,-1,6992
2026-08-23 00:46:45.377,1,4,Read Input Registers,1538,47104,-1,-1,-1,-1,-1,-1,-1,-1,27329
2026-08-23 00:46:45.866,1,5,Write Single Coil,9012,0,-1,-1,-1,-1,-1,-1,-1,-1,32903
2026-08-23 00:46:45.877,1,5,Write Single Coil,9012,0,-1,-1,-1,-1,-1,-1,-1,-1,32903
2026-08-23 00:46:46.874,1,16,Write Multiple Registers,2835,3,6,105,247,230,582,32,-1,-1,29354
2026-08-23 00:46:46.897,1,3,Read Holding Registers,1200,5,-1,-1,-1,-1,-1,-1,-1,-1,7813
2026-08-23 00:46:46.919,1,3,Read Holding Registers,2560,0,-1,-1,-1,-1,-1,-1,-1,-1,46628
2026-08-23 00:46:47.368,1,1,Read Coils,25,3,-1,-1,-1,-1,-1,-1,-1,-1,52397
2026-08-23 00:46:47.380,1,1,Read Coils,256,20872,-1,-1,-1,-1,-1,-1,-1,-1,34897
2026-08-23 00:46:47.859,1,2,Read Discrete Inputs,4,12,-1,-1,-1,-1,-1,-1,-1,-1,52793
2026-08-23 00:46:47.880,1,2,Read Discrete Inputs,513,184,-1,-1,-1,-1,-1,-1,-1,-1,10424
2026-08-23 00:46:48.359,1,3,Read Holding Registers,1260,12,-1,-1,-1,-1,-1,-1,-1,-1,2693
2026-08-23 00:46:48.401,1,3,Read Holding Registers,6183,3840,-1,-1,-1,-1,-1,-1,-1,-1,35812
2026-08-23 00:46:48.859,1,4,Read Input Registers,86,3,-1,-1,-1,-1,-1,-1,-1,-1,6992
2026-08-23 00:46:48.881,1,4,Read Input Registers,1536,39680,-1,-1,-1,-1,-1,-1,-1,-1,20229
2026-08-23 00:46:49.360,1,5,Write Single Coil,9012,0,-1,-1,-1,-1,-1,-1,-1,-1,32903
2026-08-23 00:46:49.372,1,5,Write Single Coil,9012,0,-1,-1,-1,-1,-1,-1,-1,-1,32903
2026-08-23 00:46:50.370,1,16,Write Multiple Registers,2835,3,6,116,254,233,603,32,-1,-1,29614
2026-08-23 00:46:50.403,1,3,Read Holding Registers,1200,5,-1,-1,-1,-1,-1,-1,-1,-1,7813
2026-08-23 00:46:50.425,1,3,Read Holding Registers,2560,0,-1,-1,-1,-1,-1,-1,-1,-1,46628
2026-08-23 00:46:50.863,1,1,Read Coils,25,3,-1,-1,-1,-1,-1,-1,-1,-1,52397
2026-08-23 00:46:50.875,1,1,Read Coils,256,20872,-1,-1,-1,-1,-1,-1,-1,-1,34897
2026-08-23 00:46:51.365,1,2,Read Discrete Inputs,4,12,-1,-1,-1,-1,-1,-1,-1,-1,52793
2026-08-23 00:46:51.377,1,2,Read Discrete Inputs,512,185,-1,-1,-1,-1,-1,-1,-1,-1,47289
2026-08-23 00:46:51.846,1,6,Write Single Register,1267,-1,-1,316,316,316,316,11,-1,-1,18553
2026-08-23 00:46:51.868,1,6,Write Single Register,1267,-1,-1,316,316,316,316,11,-1,-1,18553
2026-08-23 00:46:51.879,1,3,Read Holding Registers,1260,12,-1,-1,-1,-1,-1,-1,-1,-1,2693
2026-08-23 00:46:51.911,1,3,Read Holding Registers,6183,3840,-1,-1,-1,-1,-1,-1,-1,-1,7145
2026-08-23 00:46:52.381,1,4,Read Input Registers,86,3,-1,-1,-1,-1,-1,-1,-1,-1,6992
2026-08-23 00:46:52.393,1,4,Read Input Registers,1539,46336,-1,-1,-1,-1,-1,-1,-1,-1,31469
2026-08-23 00:46:52.872,1,5,Write Single Coil,9012,0,-1,-1,-1,-1,-1,-1,-1,-1,32903
2026-08-23 00:46:52.894,1,5,Write Single Coil,9012,0,-1,-1,-1,-1,-1,-1,-1,-1,32903
2026-08-23 00:46:53.376,1,6,Write Single Register,321,-1,-1,17,17,17,17,14,-1,-1,11800
2026-08-23 00:46:53.388,1,6,Write Single Register,321,-1,-1,17,17,17,17,14,-1,-1,11800
2026-08-23 00:46:53.887,1,16,Write Multiple Registers,2835,3,6,115,253,215,583,30,-1,-1,30326
2026-08-23 00:46:53.909,1,3,Read Holding Registers,1200,5,-1,-1,-1,-1,-1,-1,-1,-1,7813
2026-08-23 00:46:53.931,1,3,Read Holding Registers,2560,0,-1,-1,-1,-1,-1,-1,-1,-1,46628
2026-08-23 00:46:54.381,1,1,Read Coils,25,3,-1,-1,-1,-1,-1,-1,-1,-1,52397
2026-08-23 00:46:54.392,1,1,Read Coils,256,20872,-1,-1,-1,-1,-1,-1,-1,-1,34897
2026-08-23 00:46:54.872,1,2,Read Discrete Inputs,4,12,-1,-1,-1,-1,-1,-1,-1,-1,52793
2026-08-23 00:46:54.894,1,2,Read Discrete Inputs,512,185,-1,-1,-1,-1,-1,-1,-1,-1,47289
2026-08-23 00:46:55.374,1,3,Read Holding Registers,1260,12,-1,-1,-1,-1,-1,-1,-1,-1,2693
2026-08-23 00:46:55.416,1,3,Read Holding Registers,6183,3840,-1,-1,-1,-1,-1,-1,-1,-1,7145
2026-08-23 00:46:55.876,1,4,Read Input Registers,86,3,-1,-1,-1,-1,-1,-1,-1,-1,6992
2026-08-23 00:46:55.898,1,4,Read Input Registers,1538,768,-1,-1,-1,-1,-1,-1,-1,-1,28965
2026-08-23 00:46:56.875,1,6,Write Single Register,321,-1,-1,46,46,46,46,12,-1,-1,15960
2026-08-23 00:46:56.886,1,6,Write Single Register,321,-1,-1,46,46,46,46,12,-1,-1,15960
2026-08-23 00:46:57.386,1,16,Write Multiple Registers,2835,3,6,116,244,244,604,34,-1,-1,30402
2026-08-23 00:46:57.409,1,3,Read Holding Registers,1200,5,-1,-1,-1,-1,-1,-1,-1,-1,7813
2026-08-23 00:46:57.430,1,3,Read Holding Registers,2560,0,-1,-1,-1,-1,-1,-1,-1,-1,46628
2026-08-23 00:46:57.879,1,1,Read Coils,25,3,-1,-1,-1,-1,-1,-1,-1,-1,52397
2026-08-23 00:46:57.890,1,1,Read Coils,256,20872,-1,-1,-1,-1,-1,-1,-1,-1,34897
2026-08-23 00:46:58.380,1,2,Read Discrete Inputs,4,12,-1,-1,-1,-1,-1,-1,-1,-1,52793
2026-08-23 00:46:58.392,1,2,Read Discrete Inputs,512,185,-1,-1,-1,-1,-1,-1,-1,-1,47289
2026-08-23 00:46:58.880,1,3,Read Holding Registers,1260,12,-1,-1,-1,-1,-1,-1,-1,-1,2693
2026-08-23 00:46:58.912,1,3,Read Holding Registers,6183,3840,-1,-1,-1,-1,-1,-1,-1,-1,7145
2026-08-23 00:46:59.382,1,4,Read Input Registers,86,3,-1,-1,-1,-1,-1,-1,-1,-1,6992
2026-08-23 00:46:59.393,1,4,Read Input Registers,1536,50944,-1,-1,-1,-1,-1,-1,-1,-1,17109
2026-08-23 00:46:59.872,1,5,Write Single Coil,9012,65280,-1,-1,-1,-1,-1,-1,-1,-1,28870
2026-08-23 00:46:59.893,1,5,Write Single Coil,9012,65280,-1,-1,-1,-1,-1,-1,-1,-1,28870
2026-08-23 00:47:00.880,1,16,Write Multiple Registers,2835,3,6,111,240,217,568,33,-1,-1,46111
2026-08-23 00:47:00.913,1,3,Read Holding Registers,1200,5,-1,-1,-1,-1,-1,-1,-1,-1,7813
2026-08-23 00:47:00.934,1,3,Read Holding Registers,2560,0,-1,-1,-1,-1,-1,-1,-1,-1,46628
2026-08-23 00:47:01.373,1,1,Read Coils,25,3,-1,-1,-1,-1,-1,-1,-1,-1,52397
2026-08-23 00:47:01.385,1,1,Read Coils,256,20872,-1,-1,-1,-1,-1,-1,-1,-1,34897
2026-08-23 00:47:01.874,1,2,Read Discrete Inputs,4,12,-1,-1,-1,-1,-1,-1,-1,-1,52793
2026-08-23 00:47:01.885,1,2,Read Discrete Inputs,512,185,-1,-1,-1,-1,-1,-1,-1,-1,47289
2026-08-23 00:47:02.375,1,3,Read Holding Registers,1260,12,-1,-1,-1,-1,-1,-1,-1,-1,2693
2026-08-23 00:47:02.417,1,3,Read Holding Registers,6183,3840,-1,-1,-1,-1,-1,-1,-1,-1,7145
2026-08-23 00:47:02.876,1,4,Read Input Registers,86,3,-1,-1,-1,-1,-1,-1,-1,-1,6992
2026-08-23 00:47:02.898,1,4,Read Input Registers,1536,54016,-1,-1,-1,-1,-1,-1,-1,-1,16869
2026-08-23 00:47:03.377,1,5,Write Single Coil,9012,0,-1,-1,-1,-1,-1,-1,-1,-1,32903
2026-08-23 00:47:03.388,1,5,Write Single Coil,9012,0,-1,-1,-1,-1,-1,-1,-1,-1,32903
2026-08-23 00:47:03.878,1,6,Write Single Register,321,-1,-1,26,26,26,26,13,-1,-1,59737
2026-08-23 00:47:03.890,1,6,Write Single Register,321,-1,-1,26,26,26,26,13,-1,-1,59737
2026-08-23 00:47:04.390,1,16,Write Multiple Registers,2835,3,6,111,248,241,600,32,-1,-1,29822
2026-08-23 00:47:04.412,1,3,Read Holding Registers,1200,5,-1,-1,-1,-1,-1,-1,-1,-1,7813
2026-08-23 00:47:04.434,1,3,Read Holding Registers,2560,0,-1,-1,-1,-1,-1,-1,-1,-1,46628
2026-08-23 00:47:04.882,1,1,Read Coils,25,3,-1,-1,-1,-1,-1,-1,-1,-1,52397
2026-08-23 00:47:04.893,1,1,Read Coils,256,20872,-1,-1,-1,-1,-1,-1,-1,-1,34897
2026-08-23 00:47:05.373,1,2,Read Discrete Inputs,4,12,-1,-1,-1,-1,-1,-1,-1,-1,52793
2026-08-23 00:47:05.385,1,2,Read Discrete Inputs,512,185,-1,-1,-1,-1,-1,-1,-1,-1,47289
2026-08-23 00:47:05.874,1,3,Read Holding Registers,1260,12,-1,-1,-1,-1,-1,-1,-1,-1,2693
2026-08-23 00:47:05.916,1,3,Read Holding Registers,6183,3840,-1,-1,-1,-1,-1,-1,-1,-1,7145
2026-08-23 00:47:05.948,1,6,Write Single Register,1275,-1,-1,1371,1371,1371,1371,9,-1,-1,41147
2026-08-23 00:47:05.959,1,6,Write Single Register,1275,-1,-1,1371,1371,1371,1371,9,-1,-1,41147
2026-08-23 00:47:06.377,1,4,Read Input Registers,86,3,-1,-1,-1,-1,-1,-1,-1,-1,6992
2026-08-23 00:47:06.398,1,4,Read Input Registers,1538,12800,-1,-1,-1,-1,-1,-1,-1,-1,46424
2026-08-23 00:47:06.877,1,5,Write Single Coil,9012,0,-1,-1,-1,-1,-1,-1,-1,-1,32903
2026-08-23 00:47:06.889,1,5,Write Single Coil,9012,0,-1,-1,-1,-1,-1,-1,-1,-1,32903
2026-08-23 00:47:07.887,1,16,Write Multiple Registers,2835,3,6,114,241,221,576,33,-1,-1,45759
2026-08-23 00:47:07.909,1,3,Read Holding Registers,1200,5,-1,-1,-1,-1,-1,-1,-1,-1,7813
2026-08-23 00:47:07.931,1,3,Read Holding Registers,2560,0,-1,-1,-1,-1,-1,-1,-1,-1,46628
2026-08-23 00:47:08.379,1,1,Read Coils,25,3,-1,-1,-1,-1,-1,-1,-1,-1,52397
2026-08-23 00:47:08.390,1,1,Read Coils,256,20872,-1,-1,-1,-1,-1,-1,-1,-1,34897
2026-08-23 00:47:08.879,1,2,Read Discrete Inputs,4,12,-1,-1,-1,-1,-1,-1,-1,-1,52793
2026-08-23 00:47:08.891,1,2,Read Discrete Inputs,513,184,-1,-1,-1,-1,-1,-1,-1,-1,10424
2026-08-23 00:47:09.381,1,3,Read Holding Registers,1260,12,-1,-1,-1,-1,-1,-1,-1,-1,2693
2026-08-23 00:47:09.412,1,3,Read Holding Registers,6183,3840,-1,-1,-1,-1,-1,-1,-1,-1,7145
2026-08-23 00:47:09.881,1,4,Read Input Registers,86,3,-1,-1,-1,-1,-1,-1,-1,-1,6992
2026-08-23 00:47:09.893,1,4,Read Input Registers,1537,52992,-1,-1,-1,-1,-1,-1,-1,-1,21045
2026-08-23 00:47:10.879,1,6,Write Single Register,321,-1,-1,26,26,26,26,13,-1,-1,59737
2026-08-23 00:47:10.891,1,6,Write Single Register,321,-1,-1,26,26,26,26,13,-1,-1,59737
2026-08-23 00:47:11.381,1,16,Write Multiple Registers,2835,3,6,117,247,225,589,32,-1,-1,29918
2026-08-23 00:47:11.413,1,3,Read Holding Registers,1200,5,-1,-1,-1,-1,-1,-1,-1,-1,7813
2026-08-23 00:47:11.435,1,3,Read Holding Registers,2560,0,-1,-1,-1,-1,-1,-1,-1,-1,46628
2026-08-23 00:47:11.883,1,1,Read Coils,25,3,-1,-1,-1,-1,-1,-1,-1,-1,52397
2026-08-23 00:47:11.894,1,1,Read Coils,256,20872,-1,-1,-1,-1,-1,-1,-1,-1,34897
2026-08-23 00:47:12.373,1,2,Read Discrete Inputs,4,12,-1,-1,-1,-1,-1,-1,-1,-1,52793
2026-08-23 00:47:12.385,1,2,Read Discrete Inputs,512,185,-1,-1,-1,-1,-1,-1,-1,-1,47289
2026-08-23 00:47:12.874,1,3,Read Holding Registers,1260,12,-1,-1,-1,-1,-1,-1,-1,-1,2693
2026-08-23 00:47:12.916,1,3,Read Holding Registers,6183,3840,-1,-1,-1,-1,-1,-1,-1,-1,7145
2026-08-23 00:47:13.375,1,4,Read Input Registers,86,3,-1,-1,-1,-1,-1,-1,-1,-1,6992
2026-08-23 00:47:13.397,1,4,Read Input Registers,1539,37632,-1,-1,-1,-1,-1,-1,-1,-1,48612
2026-08-23 00:47:14.374,1,6,Write Single Register,321,-1,-1,37,37,37,37,13,-1,-1,63769
2026-08-23 00:47:14.395,1,6,Write Single Register,321,-1,-1,37,37,37,37,13,-1,-1,63769
2026-08-23 00:47:14.885,1,16,Write Multiple Registers,2835,3,6,117,250,228,595,33,-1,-1,45523
2026-08-23 00:47:14.908,1,3,Read Holding Registers,1200,5,-1,-1,-1,-1,-1,-1,-1,-1,7813
2026-08-23 00:47:14.929,1,3,Read Holding Registers,2560,0,-1,-1,-1,-1,-1,-1,-1,-1,46628
2026-08-23 00:47:15.379,1,1,Read Coils,25,3,-1,-1,-1,-1,-1,-1,-1,-1,52397
2026-08-23 00:47:15.390,1,1,Read Coils,256,20872,-1,-1,-1,-1,-1,-1,-1,-1,34897
2026-08-23 00:47:15.880,1,2,Read Discrete Inputs,4,12,-1,-1,-1,-1,-1,-1,-1,-1,52793
2026-08-23 00:47:15.892,1,2,Read Discrete Inputs,513,184,-1,-1,-1,-1,-1,-1,-1,-1,10424
2026-08-23 00:47:16.382,1,3,Read Holding Registers,1260,12,-1,-1,-1,-1,-1,-1,-1,-1,2693
2026-08-23 00:47:16.414,1,3,Read Holding Registers,6183,3840,-1,-1,-1,-1,-1,-1,-1,-1,7145
2026-08-23 00:47:16.873,1,4,Read Input Registers,86,3,-1,-1,-1,-1,-1,-1,-1,-1,6992
2026-08-23 00:47:16.894,1,4,Read Input Registers,1537,35328,-1,-1,-1,-1,-1,-1,-1,-1,40440
2026-08-23 00:47:18.389,1,16,Write Multiple Registers,2835,3,6,106,240,212,558,36,-1,-1,29730
2026-08-23 00:47:18.412,1,3,Read Holding Registers,1200,5,-1,-1,-1,-1,-1,-1,-1,-1,7813
2026-08-23 00:47:18.433,1,3,Read Holding Registers,2560,0,-1,-1,-1,-1,-1,-1,-1,-1,46628
2026-08-23 00:47:18.882,1,1,Read Coils,25,3,-1,-1,-1,-1,-1,-1,-1,-1,52397
2026-08-23 00:47:18.893,1,1,Read Coils,256,20872,-1,-1,-1,-1,-1,-1,-1,-1,34897
2026-08-23 00:47:19.373,1,2,Read Discrete Inputs,4,12,-1,-1,-1,-1,-1,-1,-1,-1,52793
2026-08-23 00:47:19.384,1,2,Read Discrete Inputs,512,185,-1,-1,-1,-1,-1,-1,-1,-1,47289
2026-08-23 00:47:19.873,1,3,Read Holding Registers,1260,12,-1,-1,-1,-1,-1,-1,-1,-1,2693
2026-08-23 00:47:19.915,1,3,Read Holding Registers,6183,3840,-1,-1,-1,-1,-1,-1,-1,-1,7145
2026-08-23 00:47:20.374,1,4,Read Input Registers,86,3,-1,-1,-1,-1,-1,-1,-1,-1,6992
2026-08-23 00:47:20.396,1,4,Read Input Registers,1537,29440,-1,-1,-1,-1,-1,-1,-1,-1,35172
2026-08-23 00:47:20.915,1,6,Write Single Register,1269,-1,-1,510,510,510,510,8,-1,-1,55320
2026-08-23 00:47:20.927,1,6,Write Single Register,1269,-1,-1,510,510,510,510,8,-1,-1,55320
2026-08-23 00:47:21.375,1,6,Write Single Register,321,-1,-1,13,13,13,13,13,-1,-1,59161
2026-08-23 00:47:21.387,1,6,Write Single Register,321,-1,-1,13,13,13,13,13,-1,-1,59161
2026-08-23 00:47:21.885,1,16,Write Multiple Registers,2835,3,6,111,248,205,564,32,-1,-1,28974
2026-08-23 00:47:21.908,1,3,Read Holding Registers,1200,5,-1,-1,-1,-1,-1,-1,-1,-1,7813
2026-08-23 00:47:21.929,1,3,Read Holding Registers,2560,0,-1,-1,-1,-1,-1,-1,-1,-1,46628
2026-08-23 00:47:22.378,1,1,Read Coils,25,3,-1,-1,-1,-1,-1,-1,-1,-1,52397
2026-08-23 00:47:22.389,1,1,Read Coils,256,20872,-1,-1,-1,-1,-1,-1,-1,-1,34897
2026-08-23 00:47:22.878,1,2,Read Discrete Inputs,4,12,-1,-1,-1,-1,-1,-1,-1,-1,52793
2026-08-23 00:47:22.890,1,2,Read Discrete Inputs,513,184,-1,-1,-1,-1,-1,-1,-1,-1,10424
2026-08-23 00:47:23.379,1,3,Read Holding Registers,1260,12,-1,-1,-1,-1,-1,-1,-1,-1,2693
2026-08-23 00:47:23.421,1,3,Read Holding Registers,6183,3840,-1,-1,-1,-1,-1,-1,-1,-1,56208
2026-08-23 00:47:23.879,1,4,Read Input Registers,86,3,-1,-1,-1,-1,-1,-1,-1,-1,6992
2026-08-23 00:47:23.891,1,4,Read Input Registers,1538,21760,-1,-1,-1,-1,-1,-1,-1,-1,32109
2026-08-23 00:47:25.386,1,16,Write Multiple Registers,2835,3,6,114,250,204,568,34,-1,-1,30210
2026-08-23 00:47:25.409,1,3,Read Holding Registers,1200,5,-1,-1,-1,-1,-1,-1,-1,-1,7813
2026-08-23 00:47:25.430,1,3,Read Holding Registers,2560,0,-1,-1,-1,-1,-1,-1,-1,-1,46628
2026-08-23 00:47:25.878,1,1,Read Coils,25,3,-1,-1,-1,-1,-1,-1,-1,-1,52397
2026-08-23 00:47:25.890,1,1,Read Coils,256,20872,-1,-1,-1,-1,-1,-1,-1,-1,34897
2026-08-23 00:47:26.023,1,6,Write Single Register,1269,-1,-1,503,503,503,503,8,-1,-1,57048
2026-08-23 00:47:26.034,1,6,Write Single Register,1269,-1,-1,503,503,503,503,8,-1,-1,57048
2026-08-23 00:47:26.381,1,2,Read Discrete Inputs,4,12,-1,-1,-1,-1,-1,-1,-1,-1,52793
2026-08-23 00:47:26.392,1,2,Read Discrete Inputs,513,184,-1,-1,-1,-1,-1,-1,-1,-1,10424
2026-08-23 00:47:26.881,1,3,Read Holding Registers,1260,12,-1,-1,-1,-1,-1,-1,-1,-1,2693
2026-08-23 00:47:26.913,1,3,Read Holding Registers,6183,3840,-1,-1,-1,-1,-1,-1,-1,-1,55884
2026-08-23 00:47:27.382,1,4,Read Input Registers,86,3,-1,-1,-1,-1,-1,-1,-1,-1,6992
2026-08-23 00:47:27.394,1,4,Read Input Registers,1536,38144,-1,-1,-1,-1,-1,-1,-1,-1,36460
2026-08-23 00:47:28.888,1,16,Write Multiple Registers,2835,3,6,114,246,241,601,33,-1,-1,46235
2026-08-23 00:47:28.911,1,3,Read Holding Registers,1200,5,-1,-1,-1,-1,-1,-1,-1,-1,7813
2026-08-23 00:47:28.933,1,3,Read Holding Registers,2560,0,-1,-1,-1,-1,-1,-1,-1,-1,46628
2026-08-23 00:47:29.382,1,1,Read Coils,25,3,-1,-1,-1,-1,-1,-1,-1,-1,52397
2026-08-23 00:47:29.394,1,1,Read Coils,256,20872,-1,-1,-1,-1,-1,-1,-1,-1,34897
2026-08-23 00:47:29.873,1,2,Read Discrete Inputs,4,12,-1,-1,-1,-1,-1,-1,-1,-1,52793
2026-08-23 00:47:29.895,1,2,Read Discrete Inputs,512,185,-1,-1,-1,-1,-1,-1,-1,-1,47289
2026-08-23 00:47:30.375,1,3,Read Holding Registers,1260,12,-1,-1,-1,-1,-1,-1,-1,-1,2693
2026-08-23 00:47:30.417,1,3,Read Holding Registers,6183,3840,-1,-1,-1,-1,-1,-1,-1,-1,55884
2026-08-23 00:47:30.876,1,4,Read Input Registers,86,3,-1,-1,-1,-1,-1,-1,-1,-1,6992
2026-08-23 00:47:30.897,1,4,Read Input Registers,1537,56064,-1,-1,-1,-1,-1,-1,-1,-1,20741
2026-08-23 00:47:31.377,1,5,Write Single Coil,9012,0,-1,-1,-1,-1,-1,-1,-1,-1,32903
2026-08-23 00:47:31.388,1,5,Write Single Coil,9012,0,-1,-1,-1,-1,-1,-1,-1,-1,32903
2026-08-23 00:47:32.386,1,16,Write Multiple Registers,2835,3,6,100,240,239,579,34,-1,-1,29350
2026-08-23 00:47:32.409,1,3,Read Holding Registers,1200,5,-1,-1,-1,-1,-1,-1,-1,-1,7813
2026-08-23 00:47:32.431,1,3,Read Holding Registers,2560,0,-1,-1,-1,-1,-1,-1,-1,-1,46628
2026-08-23 00:47:32.880,1,1,Read Coils,25,3,-1,-1,-1,-1,-1,-1,-1,-1,52397
2026-08-23 00:47:32.892,1,1,Read Coils,256,20872,-1,-1,-1,-1,-1,-1,-1,-1,34897
2026-08-23 00:47:33.373,1,2,Read Discrete Inputs,4,12,-1,-1,-1,-1,-1,-1,-1,-1,52793
2026-08-23 00:47:33.395,1,2,Read Discrete Inputs,513,184,-1,-1,-1,-1,-1,-1,-1,-1,10424
2026-08-23 00:47:33.875,1,3,Read Holding Registers,1260,12,-1,-1,-1,-1,-1,-1,-1,-1,2693
2026-08-23 00:47:33.917,1,3,Read Holding Registers,6183,3840,-1,-1,-1,-1,-1,-1,-1,-1,55884
2026-08-23 00:47:34.378,1,4,Read Input Registers,86,3,-1,-1,-1,-1,-1,-1,-1,-1,6992
2026-08-23 00:47:34.400,1,4,Read Input Registers,1538,16128,-1,-1,-1,-1,-1,-1,-1,-1,29813
2026-08-23 00:47:35.887,1,16,Write Multiple Registers,2835,3,6,109,248,230,587,33,-1,-1,47019
2026-08-23 00:47:35.909,1,3,Read Holding Registers,1200,5,-1,-1,-1,-1,-1,-1,-1,-1,7813
2026-08-23 00:47:35.931,1,3,Read Holding Registers,2560,0,-1,-1,-1,-1,-1,-1,-1,-1,46628
2026-08-23 00:47:36.380,1,1,Read Coils,25,3,-1,-1,-1,-1,-1,-1,-1,-1,52397
2026-08-23 00:47:36.391,1,1,Read Coils,256,20872,-1,-1,-1,-1,-1,-1,-1,-1,34897
2026-08-23 00:47:36.880,1,2,Read Discrete Inputs,4,12,-1,-1,-1,-1,-1,-1,-1,-1,52793
2026-08-23 00:47:36.891,1,2,Read Discrete Inputs,512,185,-1,-1,-1,-1,-1,-1,-1,-1,47289
2026-08-23 00:47:37.381,1,3,Read Holding Registers,1260,12,-1,-1,-1,-1,-1,-1,-1,-1,2693
2026-08-23 00:47:37.413,1,3,Read Holding Registers,6183,3840,-1,-1,-1,-1,-1,-1,-1,-1,55884
2026-08-23 00:47:37.872,1,6,Write Single Register,1266,-1,-1,239,239,239,239,9,-1,-1,34152
2026-08-23 00:47:37.883,1,6,Write Single Register,1266,-1,-1,239,239,239,239,9,-1,-1,34152
2026-08-23 00:47:37.904,1,4,Read Input Registers,86,3,-1,-1,-1,-1,-1,-1,-1,-1,6992
2026-08-23 00:47:37.916,1,4,Read Input Registers,1537,11520,-1,-1,-1,-1,-1,-1,-1,-1,17613
2026-08-23 00:47:38.902,1,6,Write Single Register,321,-1,-1,30,30,30,30,12,-1,-1,10840
2026-08-23 00:47:38.913,1,6,Write Single Register,321,-1,-1,30,30,30,30,12,-1,-1,10840
2026-08-23 00:47:39.412,1,16,Write Multiple Registers,2835,3,6,106,247,235,588,31,-1,-1,45943
2026-08-23 00:47:39.435,1,3,Read Holding Registers,1200,5,-1,-1,-1,-1,-1,-1,-1,-1,7813
2026-08-23 00:47:39.456,1,3,Read Holding Registers,2560,0,-1,-1,-1,-1,-1,-1,-1,-1,46628
2026-08-23 00:47:39.904,1,1,Read Coils,25,3,-1,-1,-1,-1,-1,-1,-1,-1,52397
2026-08-23 00:47:39.916,1,1,Read Coils,256,20872,-1,-1,-1,-1,-1,-1,-1,-1,34897
2026-08-23 00:47:40.395,1,2,Read Discrete Inputs,4,12,-1,-1,-1,-1,-1,-1,-1,-1,52793
2026-08-23 00:47:40.417,1,2,Read Discrete Inputs,512,185,-1,-1,-1,-1,-1,-1,-1,-1,47289
2026-08-23 00:47:40.896,1,3,Read Holding Registers,1260,12,-1,-1,-1,-1,-1,-1,-1,-1,2693
2026-08-23 00:47:40.938,1,3,Read Holding Registers,6183,3840,-1,-1,-1,-1,-1,-1,-1,-1,21074
2026-08-23 00:47:41.398,1,4,Read Input Registers,86,3,-1,-1,-1,-1,-1,-1,-1,-1,6992
2026-08-23 00:47:41.419,1,4,Read Input Registers,1537,39680,-1,-1,-1,-1,-1,-1,-1,-1,40452
2026-08-23 00:47:42.397,1,6,Write Single Register,321,-1,-1,39,39,39,39,12,-1,-1,14488
2026-08-23 00:47:42.408,1,6,Write Single Register,321,-1,-1,39,39,39,39,12,-1,-1,14488
2026-08-23 00:47:42.908,1,16,Write Multiple Registers,2835,3,6,113,252,243,608,32,-1,-1,29030
2026-08-23 00:47:42.931,1,3,Read Holding Registers,1200,5,-1,-1,-1,-1,-1,-1,-1,-1,7813
2026-08-23 00:47:42.952,1,3,Read Holding Registers,2560,0,-1,-1,-1,-1,-1,-1,-1,-1,46628
2026-08-23 00:47:43.401,1,1,Read Coils,25,3,-1,-1,-1,-1,-1,-1,-1,-1,52397
2026-08-23 00:47:43.413,1,1,Read Coils,256,20872,-1,-1,-1,-1,-1,-1,-1,-1,34897
2026-08-23 00:47:43.903,1,2,Read Discrete Inputs,4,12,-1,-1,-1,-1,-1,-1,-1,-1,52793
2026-08-23 00:47:43.914,1,2,Read Discrete Inputs,512,185,-1,-1,-1,-1,-1,-1,-1,-1,47289
2026-08-23 00:47:44.405,1,3,Read Holding Registers,1260,12,-1,-1,-1,-1,-1,-1,-1,-1,2693
2026-08-23 00:47:44.436,1,3,Read Holding Registers,6183,3840,-1,-1,-1,-1,-1,-1,-1,-1,21074
2026-08-23 00:47:44.834,1,6,Write Single Register,1265,-1,-1,167,167,167,167,11,-1,-1,45976
2026-08-23 00:47:44.845,1,6,Write Single Register,1265,-1,-1,167,167,167,167,11,-1,-1,45976
2026-08-23 00:47:44.897,1,4,Read Input Registers,86,3,-1,-1,-1,-1,-1,-1,-1,-1,6992
2026-08-23 00:47:44.919,1,4,Read Input Registers,1538,44288,-1,-1,-1,-1,-1,-1,-1,-1,43468
2026-08-23 00:47:46.403,1,16,Write Multiple Registers,2835,3,6,110,244,226,580,34,-1,-1,29354
2026-08-23 00:47:46.436,1,3,Read Holding Registers,1200,5,-1,-1,-1,-1,-1,-1,-1,-1,7813
2026-08-23 00:47:46.457,1,3,Read Holding Registers,2560,0,-1,-1,-1,-1,-1,-1,-1,-1,46628
2026-08-23 00:47:46.895,1,1,Read Coils,25,3,-1,-1,-1,-1,-1,-1,-1,-1,52397
2026-08-23 00:47:46.907,1,1,Read Coils,256,20872,-1,-1,-1,-1,-1,-1,-1,-1,34897
2026-08-23 00:47:47.397,1,2,Read Discrete Inputs,4,12,-1,-1,-1,-1,-1,-1,-1,-1,52793
2026-08-23 00:47:47.409,1,2,Read Discrete Inputs,513,184,-1,-1,-1,-1,-1,-1,-1,-1,10424
2026-08-23 00:47:47.899,1,3,Read Holding Registers,1260,12,-1,-1,-1,-1,-1,-1,-1,-1,2693
2026-08-23 00:47:47.941,1,3,Read Holding Registers,6183,3840,-1,-1,-1,-1,-1,-1,-1,-1,54096
2026-08-23 00:47:48.400,1,4,Read Input Registers,86,3,-1,-1,-1,-1,-1,-1,-1,-1,6992
2026-08-23 00:47:48.422,1,4,Read Input Registers,1539,8960,-1,-1,-1,-1,-1,-1,-1,-1,26533
2026-08-23 00:47:48.900,1,5,Write Single Coil,9012,0,-1,-1,-1,-1,-1,-1,-1,-1,32903
2026-08-23 00:47:48.912,1,5,Write Single Coil,9012,0,-1,-1,-1,-1,-1,-1,-1,-1,32903
2026-08-23 00:47:49.910,1,16,Write Multiple Registers,2835,3,6,110,256,236,602,37,-1,-1,42179
2026-08-23 00:47:49.933,1,3,Read Holding Registers,1200,5,-1,-1,-1,-1,-1,-1,-1,-1,7813
2026-08-23 00:47:49.955,1,3,Read Holding Registers,2560,0,-1,-1,-1,-1,-1,-1,-1,-1,46628
2026-08-23 00:47:50.403,1,1,Read Coils,25,3,-1,-1,-1,-1,-1,-1,-1,-1,52397
2026-08-23 00:47:50.414,1,1,Read Coils,256,20872,-1,-1,-1,-1,-1,-1,-1,-1,34897
2026-08-23 00:47:50.895,1,2,Read Discrete Inputs,4,12,-1,-1,-1,-1,-1,-1,-1,-1,52793
2026-08-23 00:47:50.917,1,2,Read Discrete Inputs,513,184,-1,-1,-1,-1,-1,-1,-1,-1,10424
2026-08-23 00:47:51.397,1,3,Read Holding Registers,1260,12,-1,-1,-1,-1,-1,-1,-1,-1,2693
2026-08-23 00:47:51.439,1,3,Read Holding Registers,6183,3840,-1,-1,-1,-1,-1,-1,-1,-1,54096
2026-08-23 00:47:51.899,1,4,Read Input Registers,86,3,-1,-1,-1,-1,-1,-1,-1,-1,6992
2026-08-23 00:47:51.921,1,4,Read Input Registers,1536,53248,-1,-1,-1,-1,-1,-1,-1,-1,16801
2026-08-23 00:47:52.401,1,5,Write Single Coil,9012,65280,-1,-1,-1,-1,-1,-1,-1,-1,28870
2026-08-23 00:47:52.412,1,5,Write Single Coil,9012,65280,-1,-1,-1,-1,-1,-1,-1,-1,28870
2026-08-23 00:47:53.409,1,16,Write Multiple Registers,2835,3,6,112,246,210,568,35,-1,-1,45323
2026-08-23 00:47:53.431,1,3,Read Holding Registers,1200,5,-1,-1,-1,-1,-1,-1,-1,-1,7813
2026-08-23 00:47:53.453,1,3,Read Holding Registers,2560,0,-1,-1,-1,-1,-1,-1,-1,-1,46628
2026-08-23 00:47:53.901,1,1,Read Coils,25,3,-1,-1,-1,-1,-1,-1,-1,-1,52397
2026-08-23 00:47:53.912,1,1,Read Coils,256,20872,-1,-1,-1,-1,-1,-1,-1,-1,34897
2026-08-23 00:47:54.402,1,2,Read Discrete Inputs,4,12,-1,-1,-1,-1,-1,-1,-1,-1,52793
2026-08-23 00:47:54.413,1,2,Read Discrete Inputs,512,185,-1,-1,-1,-1,-1,-1,-1,-1,47289
2026-08-23 00:47:54.903,1,3,Read Holding Registers,1260,12,-1,-1,-1,-1,-1,-1,-1,-1,2693
2026-08-23 00:47:54.935,1,3,Read Holding Registers,6183,3840,-1,-1,-1,-1,-1,-1,-1,-1,54096
2026-08-23 00:47:55.404,1,4,Read Input Registers,86,3,-1,-1,-1,-1,-1,-1,-1,-1,6992
2026-08-23 00:47:55.416,1,4,Read Input Registers,1538,62976,-1,-1,-1,-1,-1,-1,-1,-1,25769
2026-08-23 00:47:56.911,1,16,Write Multiple Registers,2835,3,6,117,255,215,587,29,-1,-1,46615
2026-08-23 00:47:56.933,1,3,Read Holding Registers,1200,5,-1,-1,-1,-1,-1,-1,-1,-1,7813
2026-08-23 00:47:56.955,1,3,Read Holding Registers,2560,0,-1,-1,-1,-1,-1,-1,-1,-1,46628
2026-08-23 00:47:57.404,1,1,Read Coils,25,3,-1,-1,-1,-1,-1,-1,-1,-1,52397
2026-08-23 00:47:57.415,1,1,Read Coils,256,20872,-1,-1,-1,-1,-1,-1,-1,-1,34897
2026-08-23 00:47:57.774,1,6,Write Single Register,1280,-1,-1,2419,2419,2419,2419,9,-1,-1,46030
2026-08-23 00:47:57.785,1,6,Write Single Register,1280,-1,-1,2419,2419,2419,2419,9,-1,-1,46030
2026-08-23 00:47:57.898,1,2,Read Discrete Inputs,4,12,-1,-1,-1,-1,-1,-1,-1,-1,52793
2026-08-23 00:47:57.909,1,2,Read Discrete Inputs,512,185,-1,-1,-1,-1,-1,-1,-1,-1,47289
2026-08-23 00:47:58.398,1,3,Read Holding Registers,1260,12,-1,-1,-1,-1,-1,-1,-1,-1,2693
2026-08-23 00:47:58.440,1,3,Read Holding Registers,6183,3840,-1,-1,-1,-1,-1,-1,-1,-1,54096
2026-08-23 00:47:58.898,1,4,Read Input Registers,86,3,-1,-1,-1,-1,-1,-1,-1,-1,6992
2026-08-23 00:47:58.920,1,4,Read Input Registers,1536,28416,-1,-1,-1,-1,-1,-1,-1,-1,39604
2026-08-23 00:47:59.399,1,5,Write Single Coil,9012,65280,-1,-1,-1,-1,-1,-1,-1,-1,28870
2026-08-23 00:47:59.411,1,5,Write Single Coil,9012,65280,-1,-1,-1,-1,-1,-1,-1,-1,28870
2026-08-23 00:48:00.408,1,16,Write Multiple Registers,2835,3,6,119,246,206,571,31,-1,-1,45675
2026-08-23 00:48:00.431,1,3,Read Holding Registers,1200,5,-1,-1,-1,-1,-1,-1,-1,-1,7813
2026-08-23 00:48:00.453,1,3,Read Holding Registers,2560,0,-1,-1,-1,-1,-1,-1,-1,-1,46628
2026-08-23 00:48:00.902,1,1,Read Coils,25,3,-1,-1,-1,-1,-1,-1,-1,-1,52397
2026-08-23 00:48:00.913,1,1,Read Coils,256,20872,-1,-1,-1,-1,-1,-1,-1,-1,34897
2026-08-23 00:48:01.404,1,2,Read Discrete Inputs,4,12,-1,-1,-1,-1,-1,-1,-1,-1,52793
2026-08-23 00:48:01.416,1,2,Read Discrete Inputs,513,184,-1,-1,-1,-1,-1,-1,-1,-1,10424
2026-08-23 00:48:01.905,1,3,Read Holding Registers,1260,12,-1,-1,-1,-1,-1,-1,-1,-1,2693
2026-08-23 00:48:01.937,1,3,Read Holding Registers,6183,3840,-1,-1,-1,-1,-1,-1,-1,-1,54096
2026-08-23 00:48:02.396,1,4,Read Input Registers,86,3,-1,-1,-1,-1,-1,-1,-1,-1,6992
2026-08-23 00:48:02.418,1,4,Read Input Registers,1539,22016,-1,-1,-1,-1,-1,-1,-1,-1,44072
2026-08-23 00:48:02.897,1,5,Write Single Coil,9012,0,-1,-1,-1,-1,-1,-1,-1,-1,32903
2026-08-23 00:48:02.909,1,5,Write Single Coil,9012,0,-1,-1,-1,-1,-1,-1,-1,-1,32903
2026-08-23 00:48:03.683,1,6,Write Single Register,1266,-1,-1,236,236,236,236,11,-1,-1,33832
2026-08-23 00:48:03.695,1,6,Write Single Register,1266,-1,-1,236,236,236,236,11,-1,-1,33832
2026-08-23 00:48:03.910,1,16,Write Multiple Registers,2835,3,6,118,252,211,581,32,-1,-1,30550
2026-08-23 00:48:03.932,1,3,Read Holding Registers,1200,5,-1,-1,-1,-1,-1,-1,-1,-1,7813
2026-08-23 00:48:03.954,1,3,Read Holding Registers,2560,0,-1,-1,-1,-1,-1,-1,-1,-1,46628
2026-08-23 00:48:04.402,1,1,Read Coils,25,3,-1,-1,-1,-1,-1,-1,-1,-1,52397
2026-08-23 00:48:04.414,1,1,Read Coils,256,20872,-1,-1,-1,-1,-1,-1,-1,-1,34897
2026-08-23 00:48:04.904,1,2,Read Discrete Inputs,4,12,-1,-1,-1,-1,-1,-1,-1,-1,52793
2026-08-23 00:48:04.916,1,2,Read Discrete Inputs,512,185,-1,-1,-1,-1,-1,-1,-1,-1,47289
2026-08-23 00:48:05.405,1,3,Read Holding Registers,1260,12,-1,-1,-1,-1,-1,-1,-1,-1,2693
2026-08-23 00:48:05.439,1,3,Read Holding Registers,6183,3840,-1,-1,-1,-1,-1,-1,-1,-1,38751
2026-08-23 00:48:05.897,1,4,Read Input Registers,86,3,-1,-1,-1,-1,-1,-1,-1,-1,6992
2026-08-23 00:48:05.918,1,4,Read Input Registers,1537,42752,-1,-1,-1,-1,-1,-1,-1,-1,39764
2026-08-23 00:48:06.904,1,6,Write Single Register,321,-1,-1,29,29,29,29,12,-1,-1,11032
2026-08-23 00:48:06.915,1,6,Write Single Register,321,-1,-1,29,29,29,29,12,-1,-1,11032
2026-08-23 00:48:07.405,1,16,Write Multiple Registers,2835,3,6,104,246,239,589,32,-1,-1,29670
2026-08-23 00:48:07.438,1,3,Read Holding Registers,1200,5,-1,-1,-1,-1,-1,-1,-1,-1,7813
2026-08-23 00:48:07.460,1,3,Read Holding Registers,2560,0,-1,-1,-1,-1,-1,-1,-1,-1,46628
2026-08-23 00:48:07.898,1,1,Read Coils,25,3,-1,-1,-1,-1,-1,-1,-1,-1,52397
2026-08-23 00:48:07.909,1,1,Read Coils,256,20872,-1,-1,-1,-1,-1,-1,-1,-1,34897
2026-08-23 00:48:08.399,1,2,Read Discrete Inputs,4,12,-1,-1,-1,-1,-1,-1,-1,-1,52793
2026-08-23 00:48:08.410,1,2,Read Discrete Inputs,513,184,-1,-1,-1,-1,-1,-1,-1,-1,10424
2026-08-23 00:48:08.899,1,3,Read Holding Registers,1260,12,-1,-1,-1,-1,-1,-1,-1,-1,2693
2026-08-23 00:48:08.941,1,3,Read Holding Registers,6183,3840,-1,-1,-1,-1,-1,-1,-1,-1,38751
2026-08-23 00:48:09.401,1,4,Read Input Registers,86,3,-1,-1,-1,-1,-1,-1,-1,-1,6992
2026-08-23 00:48:09.413,1,4,Read Input Registers,1537,45056,-1,-1,-1,-1,-1,-1,-1,-1,38944
2026-08-23 00:48:09.903,1,5,Write Single Coil,9012,0,-1,-1,-1,-1,-1,-1,-1,-1,32903
2026-08-23 00:48:09.915,1,5,Write Single Coil,9012,0,-1,-1,-1,-1,-1,-1,-1,-1,32903
2026-08-23 00:48:10.904,1,16,Write Multiple Registers,2835,3,6,107,254,239,600,29,-1,-1,46359
2026-08-23 00:48:10.937,1,3,Read Holding Registers,1200,5,-1,-1,-1,-1,-1,-1,-1,-1,7813
2026-08-23 00:48:10.958,1,3,Read Holding Registers,2560,0,-1,-1,-1,-1,-1,-1,-1,-1,46628
2026-08-23 00:48:11.400,1,1,Read Coils,25,3,-1,-1,-1,-1,-1,-1,-1,-1,52397
2026-08-23 00:48:11.412,1,1,Read Coils,256,20872,-1,-1,-1,-1,-1,-1,-1,-1,34897
2026-08-23 00:48:11.901,1,2,Read Discrete Inputs,4,12,-1,-1,-1,-1,-1,-1,-1,-1,52793
2026-08-23 00:48:11.912,1,2,Read Discrete Inputs,512,185,-1,-1,-1,-1,-1,-1,-1,-1,47289
2026-08-23 00:48:12.401,1,3,Read Holding Registers,1260,12,-1,-1,-1,-1,-1,-1,-1,-1,2693
2026-08-23 00:48:12.443,1,3,Read Holding Registers,6183,3840,-1,-1,-1,-1,-1,-1,-1,-1,38751
2026-08-23 00:48:12.901,1,4,Read Input Registers,86,3,-1,-1,-1,-1,-1,-1,-1,-1,6992
2026-08-23 00:48:12.913,1,4,Read Input Registers,1538,20992,-1,-1,-1,-1,-1,-1,-1,-1,48600
2026-08-23 00:48:14.407,1,16,Write Multiple Registers,2835,3,6,101,258,218,577,37,-1,-1,41979
2026-08-23 00:48:14.440,1,3,Read Holding Registers,1200,5,-1,-1,-1,-1,-1,-1,-1,-1,7813
2026-08-23 00:48:14.461,1,3,Read Holding Registers,2560,0,-1,-1,-1,-1,-1,-1,-1,-1,46628
2026-08-23 00:48:14.899,1,1,Read Coils,25,3,-1,-1,-1,-1,-1,-1,-1,-1,52397
2026-08-23 00:48:14.911,1,1,Read Coils,256,20872,-1,-1,-1,-1,-1,-1,-1,-1,34897
2026-08-23 00:48:15.400,1,2,Read Discrete Inputs,4,12,-1,-1,-1,-1,-1,-1,-1,-1,52793
2026-08-23 00:48:15.412,1,2,Read Discrete Inputs,513,184,-1,-1,-1,-1,-1,-1,-1,-1,10424
2026-08-23 00:48:15.901,1,3,Read Holding Registers,1260,12,-1,-1,-1,-1,-1,-1,-1,-1,2693
2026-08-23 00:48:15.943,1,3,Read Holding Registers,6183,3840,-1,-1,-1,-1,-1,-1,-1,-1,38751
2026-08-23 00:48:16.403,1,4,Read Input Registers,86,3,-1,-1,-1,-1,-1,-1,-1,-1,6992
2026-08-23 00:48:16.415,1,4,Read Input Registers,1538,48128,-1,-1,-1,-1,-1,-1,-1,-1,43568
2026-08-23 00:48:17.726,1,6,Write Single Register,1275,-1,-1,1369,1369,1369,1369,10,-1,-1,24890
2026-08-23 00:48:17.738,1,6,Write Single Register,1275,-1,-1,1369,1369,1369,1369,10,-1,-1,24890
2026-08-23 00:48:17.913,1,16,Write Multiple Registers,2835,3,6,114,252,231,597,32,-1,-1,29350
2026-08-23 00:48:17.935,1,3,Read Holding Registers,1200,5,-1,-1,-1,-1,-1,-1,-1,-1,7813
2026-08-23 00:48:17.957,1,3,Read Holding Registers,2560,0,-1,-1,-1,-1,-1,-1,-1,-1,46628
2026-08-23 00:48:18.397,1,1,Read Coils,25,3,-1,-1,-1,-1,-1,-1,-1,-1,52397
2026-08-23 00:48:18.408,1,1,Read Coils,256,20872,-1,-1,-1,-1,-1,-1,-1,-1,34897
2026-08-23 00:48:18.897,1,2,Read Discrete Inputs,4,12,-1,-1,-1,-1,-1,-1,-1,-1,52793
2026-08-23 00:48:18.909,1,2,Read Discrete Inputs,512,185,-1,-1,-1,-1,-1,-1,-1,-1,47289
2026-08-23 00:48:19.399,1,3,Read Holding Registers,1260,12,-1,-1,-1,-1,-1,-1,-1,-1,2693
2026-08-23 00:48:19.442,1,3,Read Holding Registers,6183,3840,-1,-1,-1,-1,-1,-1,-1,-1,38751
2026-08-23 00:48:19.901,1,4,Read Input Registers,86,3,-1,-1,-1,-1,-1,-1,-1,-1,6992
2026-08-23 00:48:19.913,1,4,Read Input Registers,1537,51712,-1,-1,-1,-1,-1,-1,-1,-1,21241
2026-08-23 00:48:20.402,1,5,Write Single Coil,9012,65280,-1,-1,-1,-1,-1,-1,-1,-1,28870
2026-08-23 00:48:20.414,1,5,Write Single Coil,9012,65280,-1,-1,-1,-1,-1,-1,-1,-1,28870
2026-08-23 00:48:20.903,1,6,Write Single Register,321,-1,-1,12,12,12,12,14,-1,-1,10200
2026-08-23 00:48:20.915,1,6,Write Single Register,321,-1,-1,12,12,12,12,14,-1,-1,10200
2026-08-23 00:48:21.405,1,16,Write Multiple Registers,2835,3,6,107,243,237,587,31,-1,-1,45231
2026-08-23 00:48:21.438,1,3,Read Holding Registers,1200,5,-1,-1,-1,-1,-1,-1,-1,-1,7813
2026-08-23 00:48:21.460,1,3,Read Holding Registers,2560,0,-1,-1,-1,-1,-1,-1,-1,-1,46628
2026-08-23 00:48:21.898,1,1,Read Coils,25,3,-1,-1,-1,-1,-1,-1,-1,-1,52397
2026-08-23 00:48:21.909,1,1,Read Coils,256,20872,-1,-1,-1,-1,-1,-1,-1,-1,34897
2026-08-23 00:48:22.399,1,2,Read Discrete Inputs,4,12,-1,-1,-1,-1,-1,-1,-1,-1,52793
2026-08-23 00:48:22.411,1,2,Read Discrete Inputs,513,184,-1,-1,-1,-1,-1,-1,-1,-1,10424
2026-08-23 00:48:22.899,1,3,Read Holding Registers,1260,12,-1,-1,-1,-1,-1,-1,-1,-1,2693
2026-08-23 00:48:22.941,1,3,Read Holding Registers,6183,3840,-1,-1,-1,-1,-1,-1,-1,-1,38751
2026-08-23 00:48:23.400,1,4,Read Input Registers,86,3,-1,-1,-1,-1,-1,-1,-1,-1,6992
2026-08-23 00:48:23.423,1,4,Read Input Registers,1539,36864,-1,-1,-1,-1,-1,-1,-1,-1,48544
2026-08-23 00:48:24.908,1,16,Write Multiple Registers,2835,3,6,116,249,220,585,33,-1,-1,46435
2026-08-23 00:48:24.940,1,3,Read Holding Registers,1200,5,-1,-1,-1,-1,-1,-1,-1,-1,7813
2026-08-23 00:48:24.961,1,3,Read Holding Registers,2560,0,-1,-1,-1,-1,-1,-1,-1,-1,46628
2026-08-23 00:48:25.400,1,1,Read Coils,25,3,-1,-1,-1,-1,-1,-1,-1,-1,52397
2026-08-23 00:48:25.412,1,1,Read Coils,256,20872,-1,-1,-1,-1,-1,-1,-1,-1,34897
2026-08-23 00:48:25.902,1,2,Read Discrete Inputs,4,12,-1,-1,-1,-1,-1,-1,-1,-1,52793
2026-08-23 00:48:25.914,1,2,Read Discrete Inputs,512,185,-1,-1,-1,-1,-1,-1,-1,-1,47289
2026-08-23 00:48:26.403,1,3,Read Holding Registers,1260,12,-1,-1,-1,-1,-1,-1,-1,-1,2693
2026-08-23 00:48:26.435,1,3,Read Holding Registers,6183,3840,-1,-1,-1,-1,-1,-1,-1,-1,38751
2026-08-23 00:48:26.903,1,4,Read Input Registers,86,3,-1,-1,-1,-1,-1,-1,-1,-1,6992
2026-08-23 00:48:26.915,1,4,Read Input Registers,1539,4352,-1,-1,-1,-1,-1,-1,-1,-1,41884
2026-08-23 00:48:28.409,1,16,Write Multiple Registers,2835,3,6,115,259,234,608,35,-1,-1,41883
2026-08-23 00:48:28.432,1,3,Read Holding Registers,1200,5,-1,-1,-1,-1,-1,-1,-1,-1,7813
2026-08-23 00:48:28.453,1,3,Read Holding Registers,2560,0,-1,-1,-1,-1,-1,-1,-1,-1,46628
2026-08-23 00:48:28.850,1,6,Write Single Register,1270,-1,-1,622,622,622,622,10,-1,-1,17640
2026-08-23 00:48:28.872,1,6,Write Single Register,1270,-1,-1,622,622,622,622,10,-1,-1,17640
2026-08-23 00:48:28.904,1,1,Read Coils,25,3,-1,-1,-1,-1,-1,-1,-1,-1,52397
2026-08-23 00:48:28.916,1,1,Read Coils,256,20872,-1,-1,-1,-1,-1,-1,-1,-1,34897
2026-08-23 00:48:29.396,1,2,Read Discrete Inputs,4,12,-1,-1,-1,-1,-1,-1,-1,-1,52793
2026-08-23 00:48:29.408,1,2,Read Discrete Inputs,512,185,-1,-1,-1,-1,-1,-1,-1,-1,47289
2026-08-23 00:48:29.898,1,3,Read Holding Registers,1260,12,-1,-1,-1,-1,-1,-1,-1,-1,2693
2026-08-23 00:48:29.941,1,3,Read Holding Registers,6183,3840,-1,-1,-1,-1,-1,-1,-1,-1,38831
2026-08-23 00:48:30.400,1,4,Read Input Registers,86,3,-1,-1,-1,-1,-1,-1,-1,-1,6992
2026-08-23 00:48:30.422,1,4,Read Input Registers,1537,14336,-1,-1,-1,-1,-1,-1,-1,-1,34752
2026-08-23 00:48:31.906,1,16,Write Multiple Registers,2835,3,6,106,255,244,605,31,-1,-1,47075
2026-08-23 00:48:31.939,1,3,Read Holding Registers,1200,5,-1,-1,-1,-1,-1,-1,-1,-1,7813
2026-08-23 00:48:31.960,1,3,Read Holding Registers,2560,0,-1,-1,-1,-1,-1,-1,-1,-1,46628
2026-08-23 00:48:32.399,1,1,Read Coils,25,3,-1,-1,-1,-1,-1,-1,-1,-1,52397
2026-08-23 00:48:32.410,1,1,Read Coils,256,20872,-1,-1,-1,-1,-1,-1,-1,-1,34897
2026-08-23 00:48:32.900,1,2,Read Discrete Inputs,4,12,-1,-1,-1,-1,-1,-1,-1,-1,52793
2026-08-23 00:48:32.911,1,2,Read Discrete Inputs,512,185,-1,-1,-1,-1,-1,-1,-1,-1,47289
2026-08-23 00:48:33.400,1,3,Read Holding Registers,1260,12,-1,-1,-1,-1,-1,-1,-1,-1,2693
2026-08-23 00:48:33.443,1,3,Read Holding Registers,6183,3840,-1,-1,-1,-1,-1,-1,-1,-1,38831
2026-08-23 00:48:33.902,1,4,Read Input Registers,86,3,-1,-1,-1,-1,-1,-1,-1,-1,6992
2026-08-23 00:48:33.923,1,4,Read Input Registers,1537,49920,-1,-1,-1,-1,-1,-1,-1,-1,21285
2026-08-23 00:48:35.408,1,16,Write Multiple Registers,2835,3,6,110,248,233,591,33,-1,-1,46607
2026-08-23 00:48:35.441,1,3,Read Holding Registers,1200,5,-1,-1,-1,-1,-1,-1,-1,-1,7813
2026-08-23 00:48:35.463,1,3,Read Holding Registers,2560,0,-1,-1,-1,-1,-1,-1,-1,-1,46628
2026-08-23 00:48:35.903,1,1,Read Coils,25,3,-1,-1,-1,-1,-1,-1,-1,-1,52397
2026-08-23 00:48:35.914,1,1,Read Coils,256,20872,-1,-1,-1,-1,-1,-1,-1,-1,34897
2026-08-23 00:48:36.404,1,2,Read Discrete Inputs,4,12,-1,-1,-1,-1,-1,-1,-1,-1,52793
2026-08-23 00:48:36.416,1,2,Read Discrete Inputs,512,185,-1,-1,-1,-1,-1,-1,-1,-1,47289
2026-08-23 00:48:36.905,1,3,Read Holding Registers,1260,12,-1,-1,-1,-1,-1,-1,-1,-1,2693
2026-08-23 00:48:36.936,1,3,Read Holding Registers,6183,3840,-1,-1,-1,-1,-1,-1,-1,-1,38831
2026-08-23 00:48:37.406,1,4,Read Input Registers,86,3,-1,-1,-1,-1,-1,-1,-1,-1,6992
2026-08-23 00:48:37.417,1,4,Read Input Registers,1537,5632,-1,-1,-1,-1,-1,-1,-1,-1,33064
2026-08-23 00:48:37.470,1,6,Write Single Register,1271,-1,-1,747,747,747,747,9,-1,-1,10104
2026-08-23 00:48:37.481,1,6,Write Single Register,1271,-1,-1,747,747,747,747,9,-1,-1,10104
2026-08-23 00:48:37.898,1,5,Write Single Coil,9012,65280,-1,-1,-1,-1,-1,-1,-1,-1,28870
2026-08-23 00:48:37.910,1,5,Write Single Coil,9012,65280,-1,-1,-1,-1,-1,-1,-1,-1,28870
2026-08-23 00:48:38.906,1,16,Write Multiple Registers,2835,3,6,105,243,223,571,31,-1,-1,46135
2026-08-23 00:48:38.939,1,3,Read Holding Registers,1200,5,-1,-1,-1,-1,-1,-1,-1,-1,7813
2026-08-23 00:48:38.960,1,3,Read Holding Registers,2560,0,-1,-1,-1,-1,-1,-1,-1,-1,46628
2026-08-23 00:48:39.398,1,1,Read Coils,25,3,-1,-1,-1,-1,-1,-1,-1,-1,52397
2026-08-23 00:48:39.410,1,1,Read Coils,256,20872,-1,-1,-1,-1,-1,-1,-1,-1,34897
2026-08-23 00:48:39.899,1,2,Read Discrete Inputs,4,12,-1,-1,-1,-1,-1,-1,-1,-1,52793
2026-08-23 00:48:39.910,1,2,Read Discrete Inputs,512,185,-1,-1,-1,-1,-1,-1,-1,-1,47289
2026-08-23 00:48:40.400,1,3,Read Holding Registers,1260,12,-1,-1,-1,-1,-1,-1,-1,-1,2693
2026-08-23 00:48:40.442,1,3,Read Holding Registers,6183,3840,-1,-1,-1,-1,-1,-1,-1,-1,38639
2026-08-23 00:48:40.901,1,4,Read Input Registers,86,3,-1,-1,-1,-1,-1,-1,-1,-1,6992
2026-08-23 00:48:40.922,1,4,Read Input Registers,1537,8704,-1,-1,-1,-1,-1,-1,-1,-1,17817
2026-08-23 00:48:42.408,1,16,Write Multiple Registers,2835,3,6,100,249,247,596,32,-1,-1,29614
2026-08-23 00:48:42.431,1,3,Read Holding Registers,1200,5,-1,-1,-1,-1,-1,-1,-1,-1,7813
2026-08-23 00:48:42.453,1,3,Read Holding Registers,2560,0,-1,-1,-1,-1,-1,-1,-1,-1,46628
2026-08-23 00:48:42.902,1,1,Read Coils,25,3,-1,-1,-1,-1,-1,-1,-1,-1,52397
2026-08-23 00:48:42.913,1,1,Read Coils,256,20872,-1,-1,-1,-1,-1,-1,-1,-1,34897
2026-08-23 00:48:43.037,1,6,Write Single Register,1269,-1,-1,501,501,501,501,9,-1,-1,8025
2026-08-23 00:48:43.048,1,6,Write Single Register,1269,-1,-1,501,501,501,501,9,-1,-1,8025
2026-08-23 00:48:43.405,1,2,Read Discrete Inputs,4,12,-1,-1,-1,-1,-1,-1,-1,-1,52793
2026-08-23 00:48:43.417,1,2,Read Discrete Inputs,512,185,-1,-1,-1,-1,-1,-1,-1,-1,47289
2026-08-23 00:48:43.907,1,3,Read Holding Registers,1260,12,-1,-1,-1,-1,-1,-1,-1,-1,2693
2026-08-23 00:48:43.939,1,3,Read Holding Registers,6183,3840,-1,-1,-1,-1,-1,-1,-1,-1,22166
2026-08-23 00:48:44.398,1,4,Read Input Registers,86,3,-1,-1,-1,-1,-1,-1,-1,-1,6992
2026-08-23 00:48:44.419,1,4,Read Input Registers,1536,35328,-1,-1,-1,-1,-1,-1,-1,-1,19705
2026-08-23 00:48:45.405,1,6,Write Single Register,321,-1,-1,25,25,25,25,13,-1,-1,59417
2026-08-23 00:48:45.417,1,6,Write Single Register,321,-1,-1,25,25,25,25,13,-1,-1,59417
2026-08-23 00:48:45.906,1,16,Write Multiple Registers,2835,3,6,107,243,235,585,31,-1,-1,45095
2026-08-23 00:48:45.939,1,3,Read Holding Registers,1200,5,-1,-1,-1,-1,-1,-1,-1,-1,7813
2026-08-23 00:48:45.960,1,3,Read Holding Registers,2560,0,-1,-1,-1,-1,-1,-1,-1,-1,46628
2026-08-23 00:48:46.398,1,1,Read Coils,25,3,-1,-1,-1,-1,-1,-1,-1,-1,52397
2026-08-23 00:48:46.410,1,1,Read Coils,256,20872,-1,-1,-1,-1,-1,-1,-1,-1,34897
2026-08-23 00:48:46.898,1,2,Read Discrete Inputs,4,12,-1,-1,-1,-1,-1,-1,-1,-1,52793
2026-08-23 00:48:46.909,1,2,Read Discrete Inputs,512,185,-1,-1,-1,-1,-1,-1,-1,-1,47289
2026-08-23 00:48:47.398,1,3,Read Holding Registers,1260,12,-1,-1,-1,-1,-1,-1,-1,-1,2693
2026-08-23 00:48:47.441,1,3,Read Holding Registers,6183,3840,-1,-1,-1,-1,-1,-1,-1,-1,22166
2026-08-23 00:48:47.899,1,4,Read Input Registers,86,3,-1,-1,-1,-1,-1,-1,-1,-1,6992
2026-08-23 00:48:47.920,1,4,Read Input Registers,1536,49664,-1,-1,-1,-1,-1,-1,-1,-1,16921
2026-08-23 00:48:48.958,1,6,Write Single Register,1268,-1,-1,408,408,408,408,12,-1,-1,13001
2026-08-23 00:48:48.969,1,6,Write Single Register,1268,-1,-1,408,408,408,408,12,-1,-1,13001
2026-08-23 00:48:49.408,1,16,Write Multiple Registers,2835,3,6,107,253,241,601,31,-1,-1,46847
2026-08-23 00:48:49.431,1,3,Read Holding Registers,1200,5,-1,-1,-1,-1,-1,-1,-1,-1,7813
2026-08-23 00:48:49.453,1,3,Read Holding Registers,2560,0,-1,-1,-1,-1,-1,-1,-1,-1,46628
2026-08-23 00:48:49.901,1,1,Read Coils,25,3,-1,-1,-1,-1,-1,-1,-1,-1,52397
2026-08-23 00:48:49.913,1,1,Read Coils,256,20872,-1,-1,-1,-1,-1,-1,-1,-1,34897
2026-08-23 00:48:50.402,1,2,Read Discrete Inputs,4,12,-1,-1,-1,-1,-1,-1,-1,-1,52793
2026-08-23 00:48:50.414,1,2,Read Discrete Inputs,513,184,-1,-1,-1,-1,-1,-1,-1,-1,10424
2026-08-23 00:48:50.902,1,3,Read Holding Registers,1260,12,-1,-1,-1,-1,-1,-1,-1,-1,2693
2026-08-23 00:48:50.944,1,3,Read Holding Registers,6183,3840,-1,-1,-1,-1,-1,-1,-1,-1,22513
2026-08-23 00:48:51.403,1,4,Read Input Registers,86,3,-1,-1,-1,-1,-1,-1,-1,-1,6992
2026-08-23 00:48:51.414,1,4,Read Input Registers,1539,12800,-1,-1,-1,-1,-1,-1,-1,-1,25689
2026-08-23 00:48:52.909,1,16,Write Multiple Registers,2835,3,6,104,248,233,585,35,-1,-1,47087
2026-08-23 00:48:52.932,1,3,Read Holding Registers,1200,5,-1,-1,-1,-1,-1,-1,-1,-1,7813
2026-08-23 00:48:52.953,1,3,Read Holding Registers,2560,0,-1,-1,-1,-1,-1,-1,-1,-1,46628
2026-08-23 00:48:53.402,1,1,Read Coils,25,3,-1,-1,-1,-1,-1,-1,-1,-1,52397
2026-08-23 00:48:53.413,1,1,Read Coils,256,20872,-1,-1,-1,-1,-1,-1,-1,-1,34897
2026-08-23 00:48:53.903,1,2,Read Discrete Inputs,4,12,-1,-1,-1,-1,-1,-1,-1,-1,52793
2026-08-23 00:48:53.915,1,2,Read Discrete Inputs,513,184,-1,-1,-1,-1,-1,-1,-1,-1,10424
2026-08-23 00:48:54.404,1,3,Read Holding Registers,1260,12,-1,-1,-1,-1,-1,-1,-1,-1,2693
2026-08-23 00:48:54.436,1,3,Read Holding Registers,6183,3840,-1,-1,-1,-1,-1,-1,-1,-1,22513
2026-08-23 00:48:54.904,1,4,Read Input Registers,86,3,-1,-1,-1,-1,-1,-1,-1,-1,6992
2026-08-23 00:48:54.916,1,4,Read Input Registers,1539,46336,-1,-1,-1,-1,-1,-1,-1,-1,31469
2026-08-23 00:48:55.406,1,5,Write Single Coil,9012,65280,-1,-1,-1,-1,-1,-1,-1,-1,28870
2026-08-23 00:48:55.417,1,5,Write Single Coil,9012,65280,-1,-1,-1,-1,-1,-1,-1,-1,28870
2026-08-23 00:48:55.521,1,6,Write Single Register,1264,-1,-1,116,116,116,116,12,-1,-1,61064
2026-08-23 00:48:55.535,1,6,Write Single Register,1264,-1,-1,116,116,116,116,12,-1,-1,61064
2026-08-23 00:48:55.903,1,6,Write Single Register,321,-1,-1,11,11,11,11,13,-1,-1,58777
2026-08-23 00:48:55.914,1,6,Write Single Register,321,-1,-1,11,11,11,11,13,-1,-1,58777
2026-08-23 00:48:56.404,1,16,Write Multiple Registers,2835,3,6,110,257,248,615,36,-1,-1,26418
2026-08-23 00:48:56.437,1,3,Read Holding Registers,1200,5,-1,-1,-1,-1,-1,-1,-1,-1,7813
2026-08-23 00:48:56.459,1,3,Read Holding Registers,2560,0,-1,-1,-1,-1,-1,-1,-1,-1,46628
2026-08-23 00:48:56.906,1,1,Read Coils,25,3,-1,-1,-1,-1,-1,-1,-1,-1,52397
2026-08-23 00:48:56.918,1,1,Read Coils,256,20872,-1,-1,-1,-1,-1,-1,-1,-1,34897
2026-08-23 00:48:57.397,1,2,Read Discrete Inputs,4,12,-1,-1,-1,-1,-1,-1,-1,-1,52793
2026-08-23 00:48:57.418,1,2,Read Discrete Inputs,513,184,-1,-1,-1,-1,-1,-1,-1,-1,10424
2026-08-23 00:48:57.898,1,3,Read Holding Registers,1260,12,-1,-1,-1,-1,-1,-1,-1,-1,2693
2026-08-23 00:48:57.940,1,3,Read Holding Registers,6183,3840,-1,-1,-1,-1,-1,-1,-1,-1,21879
2026-08-23 00:48:58.398,1,4,Read Input Registers,86,3,-1,-1,-1,-1,-1,-1,-1,-1,6992
2026-08-23 00:48:58.420,1,4,Read Input Registers,1537,28160,-1,-1,-1,-1,-1,-1,-1,-1,35720
2026-08-23 00:48:59.406,1,6,Write Single Register,321,-1,-1,43,43,43,43,12,-1,-1,15768
2026-08-23 00:48:59.418,1,6,Write Single Register,321,-1,-1,43,43,43,43,12,-1,-1,15768
2026-08-23 00:48:59.907,1,16,Write Multiple Registers,2835,3,6,110,245,219,574,31,-1,-1,47095
2026-08-23 00:48:59.940,1,3,Read Holding Registers,1200,5,-1,-1,-1,-1,-1,-1,-1,-1,7813
2026-08-23 00:48:59.961,1,3,Read Holding Registers,2560,0,-1,-1,-1,-1,-1,-1,-1,-1,46628
2026-08-23 00:49:00.399,1,1,Read Coils,25,3,-1,-1,-1,-1,-1,-1,-1,-1,52397
2026-08-23 00:49:00.411,1,1,Read Coils,256,20872,-1,-1,-1,-1,-1,-1,-1,-1,34897
2026-08-23 00:49:00.899,1,2,Read Discrete Inputs,4,12,-1,-1,-1,-1,-1,-1,-1,-1,52793
2026-08-23 00:49:00.911,1,2,Read Discrete Inputs,513,184,-1,-1,-1,-1,-1,-1,-1,-1,10424
2026-08-23 00:49:01.400,1,3,Read Holding Registers,1260,12,-1,-1,-1,-1,-1,-1,-1,-1,2693
2026-08-23 00:49:01.442,1,3,Read Holding Registers,6183,3840,-1,-1,-1,-1,-1,-1,-1,-1,21879
2026-08-23 00:49:01.900,1,4,Read Input Registers,86,3,-1,-1,-1,-1,-1,-1,-1,-1,6992
2026-08-23 00:49:01.922,1,4,Read Input Registers,1539,19456,-1,-1,-1,-1,-1,-1,-1,-1,28273
2026-08-23 00:49:03.406,1,16,Write Multiple Registers,2835,3,6,117,250,220,587,32,-1,-1,29810
2026-08-23 00:49:03.440,1,3,Read Holding Registers,1200,5,-1,-1,-1,-1,-1,-1,-1,-1,7813
2026-08-23 00:49:03.461,1,3,Read Holding Registers,2560,0,-1,-1,-1,-1,-1,-1,-1,-1,46628
2026-08-23 00:49:03.900,1,1,Read Coils,25,3,-1,-1,-1,-1,-1,-1,-1,-1,52397
2026-08-23 00:49:03.912,1,1,Read Coils,256,20872,-1,-1,-1,-1,-1,-1,-1,-1,34897
2026-08-23 00:49:04.208,1,6,Write Single Register,1267,-1,-1,312,312,312,312,12,-1,-1,35704
2026-08-23 00:49:04.230,1,6,Write Single Register,1267,-1,-1,312,312,312,312,12,-1,-1,35704
2026-08-23 00:49:04.404,1,2,Read Discrete Inputs,4,12,-1,-1,-1,-1,-1,-1,-1,-1,52793
2026-08-23 00:49:04.415,1,2,Read Discrete Inputs,512,185,-1,-1,-1,-1,-1,-1,-1,-1,47289
2026-08-23 00:49:04.904,1,3,Read Holding Registers,1260,12,-1,-1,-1,-1,-1,-1,-1,-1,2693
2026-08-23 00:49:04.936,1,3,Read Holding Registers,6183,3840,-1,-1,-1,-1,-1,-1,-1,-1,38213
2026-08-23 00:49:05.405,1,4,Read Input Registers,86,3,-1,-1,-1,-1,-1,-1,-1,-1,6992
2026-08-23 00:49:05.416,1,4,Read Input Registers,1538,2560,-1,-1,-1,-1,-1,-1,-1,-1,28921
2026-08-23 00:49:06.403,1,6,Write Single Register,321,-1,-1,14,14,14,14,13,-1,-1,58969
2026-08-23 00:49:06.415,1,6,Write Single Register,321,-1,-1,14,14,14,14,13,-1,-1,58969
2026-08-23 00:49:06.914,1,16,Write Multiple Registers,2835,3,6,107,259,224,590,37,-1,-1,42371
2026-08-23 00:49:06.936,1,3,Read Holding Registers,1200,5,-1,-1,-1,-1,-1,-1,-1,-1,7813
2026-08-23 00:49:06.957,1,3,Read Holding Registers,2560,0,-1,-1,-1,-1,-1,-1,-1,-1,46628
2026-08-23 00:49:07.406,1,1,Read Coils,25,3,-1,-1,-1,-1,-1,-1,-1,-1,52397
2026-08-23 00:49:07.417,1,1,Read Coils,256,20872,-1,-1,-1,-1,-1,-1,-1,-1,34897
2026-08-23 00:49:07.897,1,2,Read Discrete Inputs,4,12,-1,-1,-1,-1,-1,-1,-1,-1,52793
2026-08-23 00:49:07.918,1,2,Read Discrete Inputs,512,185,-1,-1,-1,-1,-1,-1,-1,-1,47289
2026-08-23 00:49:08.398,1,3,Read Holding Registers,1260,12,-1,-1,-1,-1,-1,-1,-1,-1,2693
2026-08-23 00:49:08.441,1,3,Read Holding Registers,6183,3840,-1,-1,-1,-1,-1,-1,-1,-1,38213
2026-08-23 00:49:08.900,1,4,Read Input Registers,86,3,-1,-1,-1,-1,-1,-1,-1,-1,6992
2026-08-23 00:49:08.922,1,4,Read Input Registers,1537,51712,-1,-1,-1,-1,-1,-1,-1,-1,21241
2026-08-23 00:49:09.900,1,6,Write Single Register,321,-1,-1,49,49,49,49,13,-1,-1,63001
2026-08-23 00:49:09.911,1,6,Write Single Register,321,-1,-1,49,49,49,49,13,-1,-1,63001
2026-08-23 00:49:10.410,1,16,Write Multiple Registers,2835,3,6,107,256,206,569,37,-1,-1,41515
2026-08-23 00:49:10.433,1,3,Read Holding Registers,1200,5,-1,-1,-1,-1,-1,-1,-1,-1,7813
2026-08-23 00:49:10.454,1,3,Read Holding Registers,2560,0,-1,-1,-1,-1,-1,-1,-1,-1,46628
2026-08-23 00:49:10.902,1,1,Read Coils,25,3,-1,-1,-1,-1,-1,-1,-1,-1,52397
2026-08-23 00:49:10.913,1,1,Read Coils,256,20872,-1,-1,-1,-1,-1,-1,-1,-1,34897
2026-08-23 00:49:11.403,1,2,Read Discrete Inputs,4,12,-1,-1,-1,-1,-1,-1,-1,-1,52793
2026-08-23 00:49:11.414,1,2,Read Discrete Inputs,512,185,-1,-1,-1,-1,-1,-1,-1,-1,47289
2026-08-23 00:49:11.904,1,3,Read Holding Registers,1260,12,-1,-1,-1,-1,-1,-1,-1,-1,2693
2026-08-23 00:49:11.937,1,3,Read Holding Registers,6183,3840,-1,-1,-1,-1,-1,-1,-1,-1,38213
2026-08-23 00:49:12.406,1,4,Read Input Registers,86,3,-1,-1,-1,-1,-1,-1,-1,-1,6992
2026-08-23 00:49:12.418,1,4,Read Input Registers,1538,9472,-1,-1,-1,-1,-1,-1,-1,-1,46636
2026-08-23 00:49:12.898,1,5,Write Single Coil,9012,0,-1,-1,-1,-1,-1,-1,-1,-1,32903
2026-08-23 00:49:12.910,1,5,Write Single Coil,9012,0,-1,-1,-1,-1,-1,-1,-1,-1,32903
2026-08-23 00:49:13.907,1,16,Write Multiple Registers,2835,3,6,119,248,206,573,32,-1,-1,30442
2026-08-23 00:49:13.940,1,3,Read Holding Registers,1200,5,-1,-1,-1,-1,-1,-1,-1,-1,7813
2026-08-23 00:49:13.961,1,3,Read Holding Registers,2560,0,-1,-1,-1,-1,-1,-1,-1,-1,46628
2026-08-23 00:49:14.399,1,1,Read Coils,25,3,-1,-1,-1,-1,-1,-1,-1,-1,52397
2026-08-23 00:49:14.410,1,1,Read Coils,256,20872,-1,-1,-1,-1,-1,-1,-1,-1,34897
2026-08-23 00:49:14.899,1,2,Read Discrete Inputs,4,12,-1,-1,-1,-1,-1,-1,-1,-1,52793
2026-08-23 00:49:14.910,1,2,Read Discrete Inputs,512,185,-1,-1,-1,-1,-1,-1,-1,-1,47289
2026-08-23 00:49:14.972,1,6,Write Single Register,1264,-1,-1,115,115,115,115,11,-1,-1,11465
2026-08-23 00:49:14.983,1,6,Write Single Register,1264,-1,-1,115,115,115,115,11,-1,-1,11465
2026-08-23 00:49:15.401,1,3,Read Holding Registers,1260,12,-1,-1,-1,-1,-1,-1,-1,-1,2693
2026-08-23 00:49:15.443,1,3,Read Holding Registers,6183,3840,-1,-1,-1,-1,-1,-1,-1,-1,38658
2026-08-23 00:49:15.902,1,4,Read Input Registers,86,3,-1,-1,-1,-1,-1,-1,-1,-1,6992
2026-08-23 00:49:15.914,1,4,Read Input Registers,1537,5888,-1,-1,-1,-1,-1,-1,-1,-1,16661
2026-08-23 00:49:17.410,1,16,Write Multiple Registers,2835,3,6,117,240,216,573,35,-1,-1,45827
2026-08-23 00:49:17.433,1,3,Read Holding Registers,1200,5,-1,-1,-1,-1,-1,-1,-1,-1,7813
2026-08-23 00:49:17.455,1,3,Read Holding Registers,2560,0,-1,-1,-1,-1,-1,-1,-1,-1,46628
2026-08-23 00:49:17.904,1,1,Read Coils,25,3,-1,-1,-1,-1,-1,-1,-1,-1,52397
2026-08-23 00:49:17.916,1,1,Read Coils,256,20872,-1,-1,-1,-1,-1,-1,-1,-1,34897
2026-08-23 00:49:18.406,1,2,Read Discrete Inputs,4,12,-1,-1,-1,-1,-1,-1,-1,-1,52793
2026-08-23 00:49:18.418,1,2,Read Discrete Inputs,512,185,-1,-1,-1,-1,-1,-1,-1,-1,47289
2026-08-23 00:49:18.897,1,3,Read Holding Registers,1260,12,-1,-1,-1,-1,-1,-1,-1,-1,2693
2026-08-23 00:49:18.940,1,3,Read Holding Registers,6183,3840,-1,-1,-1,-1,-1,-1,-1,-1,38658
2026-08-23 00:49:19.398,1,4,Read Input Registers,86,3,-1,-1,-1,-1,-1,-1,-1,-1,6992
2026-08-23 00:49:19.420,1,4,Read Input Registers,1537,56832,-1,-1,-1,-1,-1,-1,-1,-1,20937
2026-08-23 00:49:20.914,1,16,Write Multiple Registers,2835,3,6,118,249,231,598,31,-1,-1,45095
2026-08-23 00:49:20.937,1,3,Read Holding Registers,1200,5,-1,-1,-1,-1,-1,-1,-1,-1,7813
2026-08-23 00:49:20.958,1,3,Read Holding Registers,2560,0,-1,-1,-1,-1,-1,-1,-1,-1,46628
2026-08-23 00:49:21.407,1,1,Read Coils,25,3,-1,-1,-1,-1,-1,-1,-1,-1,52397
2026-08-23 00:49:21.419,1,1,Read Coils,256,20872,-1,-1,-1,-1,-1,-1,-1,-1,34897
2026-08-23 00:49:21.898,1,2,Read Discrete Inputs,4,12,-1,-1,-1,-1,-1,-1,-1,-1,52793
2026-08-23 00:49:21.910,1,2,Read Discrete Inputs,513,184,-1,-1,-1,-1,-1,-1,-1,-1,10424
2026-08-23 00:49:22.400,1,3,Read Holding Registers,1260,12,-1,-1,-1,-1,-1,-1,-1,-1,2693
2026-08-23 00:49:22.442,1,3,Read Holding Registers,6183,3840,-1,-1,-1,-1,-1,-1,-1,-1,38658
2026-08-23 00:49:22.901,1,4,Read Input Registers,86,3,-1,-1,-1,-1,-1,-1,-1,-1,6992
2026-08-23 00:49:22.923,1,4,Read Input Registers,1536,56576,-1,-1,-1,-1,-1,-1,-1,-1,32908
2026-08-23 00:49:23.900,1,6,Write Single Register,321,-1,-1,23,23,23,23,12,-1,-1,11416
2026-08-23 00:49:23.911,1,6,Write Single Register,321,-1,-1,23,23,23,23,12,-1,-1,11416
2026-08-23 00:49:24.411,1,16,Write Multiple Registers,2835,3,6,111,256,223,590,34,-1,-1,24726
2026-08-23 00:49:24.434,1,3,Read Holding Registers,1200,5,-1,-1,-1,-1,-1,-1,-1,-1,7813
2026-08-23 00:49:24.455,1,3,Read Holding Registers,2560,0,-1,-1,-1,-1,-1,-1,-1,-1,46628
2026-08-23 00:49:24.903,1,1,Read Coils,25,3,-1,-1,-1,-1,-1,-1,-1,-1,52397
2026-08-23 00:49:24.915,1,1,Read Coils,256,20872,-1,-1,-1,-1,-1,-1,-1,-1,34897
2026-08-23 00:49:25.403,1,2,Read Discrete Inputs,4,12,-1,-1,-1,-1,-1,-1,-1,-1,52793
2026-08-23 00:49:25.415,1,2,Read Discrete Inputs,512,185,-1,-1,-1,-1,-1,-1,-1,-1,47289
2026-08-23 00:49:25.904,1,3,Read Holding Registers,1260,12,-1,-1,-1,-1,-1,-1,-1,-1,2693
2026-08-23 00:49:25.936,1,3,Read Holding Registers,6183,3840,-1,-1,-1,-1,-1,-1,-1,-1,38658
2026-08-23 00:49:26.406,1,4,Read Input Registers,86,3,-1,-1,-1,-1,-1,-1,-1,-1,6992
2026-08-23 00:49:26.417,1,4,Read Input Registers,1538,28160,-1,-1,-1,-1,-1,-1,-1,-1,47240
2026-08-23 00:49:26.907,1,5,Write Single Coil,9012,65280,-1,-1,-1,-1,-1,-1,-1,-1,28870
2026-08-23 00:49:26.918,1,5,Write Single Coil,9012,65280,-1,-1,-1,-1,-1,-1,-1,-1,28870
2026-08-23 00:49:27.905,1,16,Write Multiple Registers,2835,3,6,112,258,234,604,38,-1,-1,25514
2026-08-23 00:49:27.938,1,3,Read Holding Registers,1200,5,-1,-1,-1,-1,-1,-1,-1,-1,7813
2026-08-23 00:49:27.960,1,3,Read Holding Registers,2560,0,-1,-1,-1,-1,-1,-1,-1,-1,46628
2026-08-23 00:49:28.398,1,1,Read Coils,25,3,-1,-1,-1,-1,-1,-1,-1,-1,52397
2026-08-23 00:49:28.409,1,1,Read Coils,256,20872,-1,-1,-1,-1,-1,-1,-1,-1,34897
2026-08-23 00:49:28.908,1,2,Read Discrete Inputs,4,12,-1,-1,-1,-1,-1,-1,-1,-1,52793
2026-08-23 00:49:28.919,1,2,Read Discrete Inputs,513,184,-1,-1,-1,-1,-1,-1,-1,-1,10424
2026-08-23 00:49:29.398,1,3,Read Holding Registers,1260,12,-1,-1,-1,-1,-1,-1,-1,-1,2693
2026-08-23 00:49:29.440,1,3,Read Holding Registers,6183,3840,-1,-1,-1,-1,-1,-1,-1,-1,38658
2026-08-23 00:49:29.543,1,6,Write Single Register,1261,-1,-1,29,29,29,29,12,-1,-1,50904
2026-08-23 00:49:29.564,1,6,Write Single Register,1261,-1,-1,29,29,29,29,12,-1,-1,50904
2026-08-23 00:49:29.901,1,4,Read Input Registers,86,3,-1,-1,-1,-1,-1,-1,-1,-1,6992
2026-08-23 00:49:29.922,1,4,Read Input Registers,1539,25344,-1,-1,-1,-1,-1,-1,-1,-1,43172
2026-08-23 00:49:31.406,1,16,Write Multiple Registers,2835,3,6,112,242,229,583,35,-1,-1,46847
2026-08-23 00:49:31.439,1,3,Read Holding Registers,1200,5,-1,-1,-1,-1,-1,-1,-1,-1,7813
2026-08-23 00:49:31.461,1,3,Read Holding Registers,2560,0,-1,-1,-1,-1,-1,-1,-1,-1,46628
2026-08-23 00:49:31.899,1,1,Read Coils,25,3,-1,-1,-1,-1,-1,-1,-1,-1,52397
2026-08-23 00:49:31.911,1,1,Read Coils,256,20872,-1,-1,-1,-1,-1,-1,-1,-1,34897
2026-08-23 00:49:32.401,1,2,Read Discrete Inputs,4,12,-1,-1,-1,-1,-1,-1,-1,-1,52793
2026-08-23 00:49:32.412,1,2,Read Discrete Inputs,512,185,-1,-1,-1,-1,-1,-1,-1,-1,47289
2026-08-23 00:49:32.901,1,3,Read Holding Registers,1260,12,-1,-1,-1,-1,-1,-1,-1,-1,2693
2026-08-23 00:49:32.943,1,3,Read Holding Registers,6183,3840,-1,-1,-1,-1,-1,-1,-1,-1,61796
2026-08-23 00:49:33.402,1,4,Read Input Registers,86,3,-1,-1,-1,-1,-1,-1,-1,-1,6992
2026-08-23 00:49:33.424,1,4,Read Input Registers,1537,11264,-1,-1,-1,-1,-1,-1,-1,-1,34032
2026-08-23 00:49:34.907,1,16,Write Multiple Registers,2835,3,6,113,257,214,584,37,-1,-1,42987
2026-08-23 00:49:34.940,1,3,Read Holding Registers,1200,5,-1,-1,-1,-1,-1,-1,-1,-1,7813
2026-08-23 00:49:34.961,1,3,Read Holding Registers,2560,0,-1,-1,-1,-1,-1,-1,-1,-1,46628
2026-08-23 00:49:35.400,1,1,Read Coils,25,3,-1,-1,-1,-1,-1,-1,-1,-1,52397
2026-08-23 00:49:35.412,1,1,Read Coils,256,20872,-1,-1,-1,-1,-1,-1,-1,-1,34897
2026-08-23 00:49:35.901,1,2,Read Discrete Inputs,4,12,-1,-1,-1,-1,-1,-1,-1,-1,52793
2026-08-23 00:49:35.912,1,2,Read Discrete Inputs,513,184,-1,-1,-1,-1,-1,-1,-1,-1,10424
2026-08-23 00:49:36.402,1,3,Read Holding Registers,1260,12,-1,-1,-1,-1,-1,-1,-1,-1,2693
2026-08-23 00:49:36.444,1,3,Read Holding Registers,6183,3840,-1,-1,-1,-1,-1,-1,-1,-1,61796
2026-08-23 00:49:36.902,1,4,Read Input Registers,86,3,-1,-1,-1,-1,-1,-1,-1,-1,6992
2026-08-23 00:49:36.924,1,4,Read Input Registers,1537,768,-1,-1,-1,-1,-1,-1,-1,-1,16933
2026-08-23 00:49:37.403,1,5,Write Single Coil,9012,0,-1,-1,-1,-1,-1,-1,-1,-1,32903
2026-08-23 00:49:37.415,1,5,Write Single Coil,9012,0,-1,-1,-1,-1,-1,-1,-1,-1,32903
2026-08-23 00:49:37.905,1,6,Write Single Register,321,-1,-1,11,11,11,11,13,-1,-1,58777
2026-08-23 00:49:37.917,1,6,Write Single Register,321,-1,-1,11,11,11,11,13,-1,-1,58777
2026-08-23 00:49:38.407,1,16,Write Multiple Registers,2835,3,6,108,243,216,567,34,-1,-1,30098
2026-08-23 00:49:38.439,1,3,Read Holding Registers,1200,5,-1,-1,-1,-1,-1,-1,-1,-1,7813
2026-08-23 00:49:38.461,1,3,Read Holding Registers,2560,0,-1,-1,-1,-1,-1,-1,-1,-1,46628
2026-08-23 00:49:38.898,1,1,Read Coils,25,3,-1,-1,-1,-1,-1,-1,-1,-1,52397
2026-08-23 00:49:38.910,1,1,Read Coils,256,20872,-1,-1,-1,-1,-1,-1,-1,-1,34897
2026-08-23 00:49:39.399,1,2,Read Discrete Inputs,4,12,-1,-1,-1,-1,-1,-1,-1,-1,52793
2026-08-23 00:49:39.410,1,2,Read Discrete Inputs,512,185,-1,-1,-1,-1,-1,-1,-1,-1,47289
2026-08-23 00:49:39.899,1,3,Read Holding Registers,1260,12,-1,-1,-1,-1,-1,-1,-1,-1,2693
2026-08-23 00:49:39.941,1,3,Read Holding Registers,6183,3840,-1,-1,-1,-1,-1,-1,-1,-1,61796
2026-08-23 00:49:40.400,1,4,Read Input Registers,86,3,-1,-1,-1,-1,-1,-1,-1,-1,6992
2026-08-23 00:49:40.421,1,4,Read Input Registers,1539,34304,-1,-1,-1,-1,-1,-1,-1,-1,32489
2026-08-23 00:49:41.915,1,16,Write Multiple Registers,2835,3,6,118,253,231,602,30,-1,-1,29478
2026-08-23 00:49:41.938,1,3,Read Holding Registers,1200,5,-1,-1,-1,-1,-1,-1,-1,-1,7813
2026-08-23 00:49:41.959,1,3,Read Holding Registers,2560,0,-1,-1,-1,-1,-1,-1,-1,-1,46628
2026-08-23 00:49:42.407,1,1,Read Coils,25,3,-1,-1,-1,-1,-1,-1,-1,-1,52397
2026-08-23 00:49:42.419,1,1,Read Coils,256,20872,-1,-1,-1,-1,-1,-1,-1,-1,34897
2026-08-23 00:49:42.898,1,2,Read Discrete Inputs,4,12,-1,-1,-1,-1,-1,-1,-1,-1,52793
2026-08-23 00:49:42.919,1,2,Read Discrete Inputs,512,185,-1,-1,-1,-1,-1,-1,-1,-1,47289
2026-08-23 00:49:43.104,1,6,Write Single Register,1268,-1,-1,402,402,402,402,12,-1,-1,13641
2026-08-23 00:49:43.115,1,6,Write Single Register,1268,-1,-1,402,402,402,402,12,-1,-1,13641
2026-08-23 00:49:43.401,1,3,Read Holding Registers,1260,12,-1,-1,-1,-1,-1,-1,-1,-1,2693
2026-08-23 00:49:43.443,1,3,Read Holding Registers,6183,3840,-1,-1,-1,-1,-1,-1,-1,-1,61902
2026-08-23 00:49:43.902,1,4,Read Input Registers,86,3,-1,-1,-1,-1,-1,-1,-1,-1,6992
2026-08-23 00:49:43.923,1,4,Read Input Registers,1538,38400,-1,-1,-1,-1,-1,-1,-1,-1,27689
2026-08-23 00:49:44.402,1,5,Write Single Coil,9012,0,-1,-1,-1,-1,-1,-1,-1,-1,32903
2026-08-23 00:49:44.413,1,5,Write Single Coil,9012,0,-1,-1,-1,-1,-1,-1,-1,-1,32903
2026-08-23 00:49:44.902,1,6,Write Single Register,321,-1,-1,15,15,15,15,12,-1,-1,9880
2026-08-23 00:49:44.914,1,6,Write Single Register,321,-1,-1,15,15,15,15,12,-1,-1,9880
2026-08-23 00:49:45.413,1,16,Write Multiple Registers,2835,3,6,112,244,223,579,33,-1,-1,45479
2026-08-23 00:49:45.436,1,3,Read Holding Registers,1200,5,-1,-1,-1,-1,-1,-1,-1,-1,7813
2026-08-23 00:49:45.457,1,3,Read Holding Registers,2560,0,-1,-1,-1,-1,-1,-1,-1,-1,46628
2026-08-23 00:49:45.905,1,1,Read Coils,25,3,-1,-1,-1,-1,-1,-1,-1,-1,52397
2026-08-23 00:49:45.917,1,1,Read Coils,256,20872,-1,-1,-1,-1,-1,-1,-1,-1,34897
2026-08-23 00:49:46.406,1,2,Read Discrete Inputs,4,12,-1,-1,-1,-1,-1,-1,-1,-1,52793
2026-08-23 00:49:46.418,1,2,Read Discrete Inputs,512,185,-1,-1,-1,-1,-1,-1,-1,-1,47289
2026-08-23 00:49:46.907,1,3,Read Holding Registers,1260,12,-1,-1,-1,-1,-1,-1,-1,-1,2693
2026-08-23 00:49:46.939,1,3,Read Holding Registers,6183,3840,-1,-1,-1,-1,-1,-1,-1,-1,61902
2026-08-23 00:49:47.408,1,4,Read Input Registers,86,3,-1,-1,-1,-1,-1,-1,-1,-1,6992
2026-08-23 00:49:47.419,1,4,Read Input Registers,1539,16384,-1,-1,-1,-1,-1,-1,-1,-1,28513
2026-08-23 00:49:47.898,1,5,Write Single Coil,9012,0,-1,-1,-1,-1,-1,-1,-1,-1,32903
2026-08-23 00:49:47.920,1,5,Write Single Coil,9012,0,-1,-1,-1,-1,-1,-1,-1,-1,32903
2026-08-23 00:49:48.399,1,6,Write Single Register,321,-1,-1,30,30,30,30,12,-1,-1,10840
2026-08-23 00:49:48.420,1,6,Write Single Register,321,-1,-1,30,30,30,30,12,-1,-1,10840
2026-08-23 00:49:48.909,1,16,Write Multiple Registers,2835,3,6,110,257,238,605,35,-1,-1,42107
2026-08-23 00:49:48.942,1,3,Read Holding Registers,1200,5,-1,-1,-1,-1,-1,-1,-1,-1,7813
2026-08-23 00:49:48.963,1,3,Read Holding Registers,2560,0,-1,-1,-1,-1,-1,-1,-1,-1,46628
2026-08-23 00:49:49.401,1,1,Read Coils,25,3,-1,-1,-1,-1,-1,-1,-1,-1,52397
2026-08-23 00:49:49.413,1,1,Read Coils,256,20872,-1,-1,-1,-1,-1,-1,-1,-1,34897
2026-08-23 00:49:49.902,1,2,Read Discrete Inputs,4,12,-1,-1,-1,-1,-1,-1,-1,-1,52793
2026-08-23 00:49:49.913,1,2,Read Discrete Inputs,512,185,-1,-1,-1,-1,-1,-1,-1,-1,47289
2026-08-23 00:49:50.331,1,6,Write Single Register,1275,-1,-1,1368,1368,1368,1368,11,-1,-1,41467
2026-08-23 00:49:50.342,1,6,Write Single Register,1275,-1,-1,1368,1368,1368,1368,11,-1,-1,41467
2026-08-23 00:49:50.404,1,3,Read Holding Registers,1260,12,-1,-1,-1,-1,-1,-1,-1,-1,2693
2026-08-23 00:49:50.436,1,3,Read Holding Registers,6183,3840,-1,-1,-1,-1,-1,-1,-1,-1,61902
2026-08-23 00:49:50.904,1,4,Read Input Registers,86,3,-1,-1,-1,-1,-1,-1,-1,-1,6992
2026-08-23 00:49:50.915,1,4,Read Input Registers,1536,36608,-1,-1,-1,-1,-1,-1,-1,-1,19509
2026-08-23 00:49:51.404,1,5,Write Single Coil,9012,0,-1,-1,-1,-1,-1,-1,-1,-1,32903
2026-08-23 00:49:51.415,1,5,Write Single Coil,9012,0,-1,-1,-1,-1,-1,-1,-1,-1,32903
2026-08-23 00:49:51.905,1,6,Write Single Register,321,-1,-1,26,26,26,26,13,-1,-1,59737
2026-08-23 00:49:51.916,1,6,Write Single Register,321,-1,-1,26,26,26,26,13,-1,-1,59737
2026-08-23 00:49:52.406,1,16,Write Multiple Registers,2835,3,6,118,258,229,605,36,-1,-1,25374
2026-08-23 00:49:52.439,1,3,Read Holding Registers,1200,5,-1,-1,-1,-1,-1,-1,-1,-1,7813
2026-08-23 00:49:52.461,1,3,Read Holding Registers,2560,0,-1,-1,-1,-1,-1,-1,-1,-1,46628
2026-08-23 00:49:52.898,1,1,Read Coils,25,3,-1,-1,-1,-1,-1,-1,-1,-1,52397
2026-08-23 00:49:52.910,1,1,Read Coils,256,20872,-1,-1,-1,-1,-1,-1,-1,-1,34897
2026-08-23 00:49:53.399,1,2,Read Discrete Inputs,4,12,-1,-1,-1,-1,-1,-1,-1,-1,52793
2026-08-23 00:49:53.410,1,2,Read Discrete Inputs,513,184,-1,-1,-1,-1,-1,-1,-1,-1,10424
2026-08-23 00:49:53.900,1,3,Read Holding Registers,1260,12,-1,-1,-1,-1,-1,-1,-1,-1,2693
2026-08-23 00:49:53.942,1,3,Read Holding Registers,6183,3840,-1,-1,-1,-1,-1,-1,-1,-1,61902
2026-08-23 00:49:54.400,1,4,Read Input Registers,86,3,-1,-1,-1,-1,-1,-1,-1,-1,6992
2026-08-23 00:49:54.422,1,4,Read Input Registers,1539,10240,-1,-1,-1,-1,-1,-1,-1,-1,42496
2026-08-23 00:49:55.916,1,16,Write Multiple Registers,2835,3,6,115,253,243,611,30,-1,-1,28934
2026-08-23 00:49:55.939,1,3,Read Holding Registers,1200,5,-1,-1,-1,-1,-1,-1,-1,-1,7813
2026-08-23 00:49:55.960,1,3,Read Holding Registers,2560,0,-1,-1,-1,-1,-1,-1,-1,-1,46628
2026-08-23 00:49:56.408,1,1,Read Coils,25,3,-1,-1,-1,-1,-1,-1,-1,-1,52397
2026-08-23 00:49:56.420,1,1,Read Coils,256,20872,-1,-1,-1,-1,-1,-1,-1,-1,34897
2026-08-23 00:49:56.898,1,2,Read Discrete Inputs,4,12,-1,-1,-1,-1,-1,-1,-1,-1,52793
2026-08-23 00:49:56.920,1,2,Read Discrete Inputs,512,185,-1,-1,-1,-1,-1,-1,-1,-1,47289
2026-08-23 00:49:57.399,1,3,Read Holding Registers,1260,12,-1,-1,-1,-1,-1,-1,-1,-1,2693
2026-08-23 00:49:57.441,1,3,Read Holding Registers,6183,3840,-1,-1,-1,-1,-1,-1,-1,-1,61902
2026-08-23 00:49:57.900,1,4,Read Input Registers,86,3,-1,-1,-1,-1,-1,-1,-1,-1,6992
2026-08-23 00:49:57.921,1,4,Read Input Registers,1537,41728,-1,-1,-1,-1,-1,-1,-1,-1,23461
2026-08-23 00:49:58.187,1,6,Write Single Register,1262,-1,-1,43,43,43,43,12,-1,-1,53416
2026-08-23 00:49:58.198,1,6,Write Single Register,1262,-1,-1,43,43,43,43,12,-1,-1,53416
2026-08-23 00:49:58.901,1,6,Write Single Register,321,-1,-1,28,28,28,28,13,-1,-1,60377
2026-08-23 00:49:58.912,1,6,Write Single Register,321,-1,-1,28,28,28,28,13,-1,-1,60377
2026-08-23 00:49:59.412,1,16,Write Multiple Registers,2835,3,6,101,256,206,563,38,-1,-1,24906
2026-08-23 00:49:59.434,1,3,Read Holding Registers,1200,5,-1,-1,-1,-1,-1,-1,-1,-1,7813
2026-08-23 00:49:59.456,1,3,Read Holding Registers,2560,0,-1,-1,-1,-1,-1,-1,-1,-1,46628
2026-08-23 00:49:59.904,1,1,Read Coils,25,3,-1,-1,-1,-1,-1,-1,-1,-1,52397
2026-08-23 00:49:59.915,1,1,Read Coils,256,20872,-1,-1,-1,-1,-1,-1,-1,-1,34897
2026-08-23 00:50:00.404,1,2,Read Discrete Inputs,4,12,-1,-1,-1,-1,-1,-1,-1,-1,52793
2026-08-23 00:50:00.416,1,2,Read Discrete Inputs,513,184,-1,-1,-1,-1,-1,-1,-1,-1,10424
2026-08-23 00:50:00.905,1,3,Read Holding Registers,1260,12,-1,-1,-1,-1,-1,-1,-1,-1,2693
2026-08-23 00:50:00.937,1,3,Read Holding Registers,6183,3840,-1,-1,-1,-1,-1,-1,-1,-1,49471
2026-08-23 00:50:01.406,1,4,Read Input Registers,86,3,-1,-1,-1,-1,-1,-1,-1,-1,6992
2026-08-23 00:50:01.418,1,4,Read Input Registers,1537,51200,-1,-1,-1,-1,-1,-1,-1,-1,37504
2026-08-23 00:50:01.908,1,5,Write Single Coil,9012,0,-1,-1,-1,-1,-1,-1,-1,-1,32903
2026-08-23 00:50:01.919,1,5,Write Single Coil,9012,0,-1,-1,-1,-1,-1,-1,-1,-1,32903
2026-08-23 00:50:02.906,1,16,Write Multiple Registers,2835,3,6,112,248,231,591,34,-1,-1,28934
2026-08-23 00:50:02.939,1,3,Read Holding Registers,1200,5,-1,-1,-1,-1,-1,-1,-1,-1,7813
2026-08-23 00:50:02.961,1,3,Read Holding Registers,2560,0,-1,-1,-1,-1,-1,-1,-1,-1,46628
2026-08-23 00:50:03.399,1,1,Read Coils,25,3,-1,-1,-1,-1,-1,-1,-1,-1,52397
2026-08-23 00:50:03.410,1,1,Read Coils,256,20872,-1,-1,-1,-1,-1,-1,-1,-1,34897
2026-08-23 00:50:03.901,1,2,Read Discrete Inputs,4,12,-1,-1,-1,-1,-1,-1,-1,-1,52793
2026-08-23 00:50:03.912,1,2,Read Discrete Inputs,513,184,-1,-1,-1,-1,-1,-1,-1,-1,10424
2026-08-23 00:50:04.403,1,3,Read Holding Registers,1260,12,-1,-1,-1,-1,-1,-1,-1,-1,2693
2026-08-23 00:50:04.445,1,3,Read Holding Registers,6183,3840,-1,-1,-1,-1,-1,-1,-1,-1,49471
2026-08-23 00:50:04.772,1,6,Write Single Register,1274,-1,-1,1191,1191,1191,1191,10,-1,-1,45547
2026-08-23 00:50:04.784,1,6,Write Single Register,1274,-1,-1,1191,1191,1191,1191,10,-1,-1,45547
2026-08-23 00:50:04.907,1,4,Read Input Registers,86,3,-1,-1,-1,-1,-1,-1,-1,-1,6992
2026-08-23 00:50:04.918,1,4,Read Input Registers,1538,39936,-1,-1,-1,-1,-1,-1,-1,-1,28081
2026-08-23 00:50:05.407,1,5,Write Single Coil,9012,0,-1,-1,-1,-1,-1,-1,-1,-1,32903
2026-08-23 00:50:05.418,1,5,Write Single Coil,9012,0,-1,-1,-1,-1,-1,-1,-1,-1,32903
2026-08-23 00:50:06.415,1,16,Write Multiple Registers,2835,3,6,112,257,206,575,38,-1,-1,26010
2026-08-23 00:50:06.438,1,3,Read Holding Registers,1200,5,-1,-1,-1,-1,-1,-1,-1,-1,7813
2026-08-23 00:50:06.460,1,3,Read Holding Registers,2560,0,-1,-1,-1,-1,-1,-1,-1,-1,46628
2026-08-23 00:50:06.908,1,1,Read Coils,25,3,-1,-1,-1,-1,-1,-1,-1,-1,52397
2026-08-23 00:50:06.919,1,1,Read Coils,256,20872,-1,-1,-1,-1,-1,-1,-1,-1,34897
2026-08-23 00:50:07.408,1,2,Read Discrete Inputs,4,12,-1,-1,-1,-1,-1,-1,-1,-1,52793
2026-08-23 00:50:07.420,1,2,Read Discrete Inputs,512,185,-1,-1,-1,-1,-1,-1,-1,-1,47289
2026-08-23 00:50:07.900,1,3,Read Holding Registers,1260,12,-1,-1,-1,-1,-1,-1,-1,-1,2693
2026-08-23 00:50:07.942,1,3,Read Holding Registers,6183,3840,-1,-1,-1,-1,-1,-1,-1,-1,49471
2026-08-23 00:50:08.401,1,4,Read Input Registers,86,3,-1,-1,-1,-1,-1,-1,-1,-1,6992
2026-08-23 00:50:08.423,1,4,Read Input Registers,1537,35072,-1,-1,-1,-1,-1,-1,-1,-1,40380
2026-08-23 00:50:08.902,1,5,Write Single Coil,9012,65280,-1,-1,-1,-1,-1,-1,-1,-1,28870
2026-08-23 00:50:08.914,1,5,Write Single Coil,9012,65280,-1,-1,-1,-1,-1,-1,-1,-1,28870
2026-08-23 00:50:09.911,1,16,Write Multiple Registers,2835,3,6,104,255,206,565,32,-1,-1,29338
2026-08-23 00:50:09.934,1,3,Read Holding Registers,1200,5,-1,-1,-1,-1,-1,-1,-1,-1,7813
2026-08-23 00:50:09.955,1,3,Read Holding Registers,2560,0,-1,-1,-1,-1,-1,-1,-1,-1,46628
2026-08-23 00:50:10.404,1,1,Read Coils,25,3,-1,-1,-1,-1,-1,-1,-1,-1,52397
2026-08-23 00:50:10.415,1,1,Read Coils,256,20872,-1,-1,-1,-1,-1,-1,-1,-1,34897
2026-08-23 00:50:10.905,1,2,Read Discrete Inputs,4,12,-1,-1,-1,-1,-1,-1,-1,-1,52793
2026-08-23 00:50:10.917,1,2,Read Discrete Inputs,513,184,-1,-1,-1,-1,-1,-1,-1,-1,10424
2026-08-23 00:50:11.406,1,3,Read Holding Registers,1260,12,-1,-1,-1,-1,-1,-1,-1,-1,2693
2026-08-23 00:50:11.438,1,3,Read Holding Registers,6183,3840,-1,-1,-1,-1,-1,-1,-1,-1,49471
2026-08-23 00:50:11.907,1,4,Read Input Registers,86,3,-1,-1,-1,-1,-1,-1,-1,-1,6992
2026-08-23 00:50:11.918,1,4,Read Input Registers,1537,52992,-1,-1,-1,-1,-1,-1,-1,-1,21045
2026-08-23 00:50:12.408,1,5,Write Single Coil,9012,65280,-1,-1,-1,-1,-1,-1,-1,-1,28870
2026-08-23 00:50:12.419,1,5,Write Single Coil,9012,65280,-1,-1,-1,-1,-1,-1,-1,-1,28870
2026-08-23 00:50:12.694,1,6,Write Single Register,1264,-1,-1,113,113,113,113,12,-1,-1,60744
2026-08-23 00:50:12.716,1,6,Write Single Register,1264,-1,-1,113,113,113,113,12,-1,-1,60744
2026-08-23 00:50:12.901,1,6,Write Single Register,321,-1,-1,27,27,27,27,12,-1,-1,10648
2026-08-23 00:50:12.912,1,6,Write Single Register,321,-1,-1,27,27,27,27,12,-1,-1,10648
2026-08-23 00:50:13.411,1,16,Write Multiple Registers,2835,3,6,103,254,249,606,30,-1,-1,30110
2026-08-23 00:50:13.434,1,3,Read Holding Registers,1200,5,-1,-1,-1,-1,-1,-1,-1,-1,7813
2026-08-23 00:50:13.456,1,3,Read Holding Registers,2560,0,-1,-1,-1,-1,-1,-1,-1,-1,46628
2026-08-23 00:50:13.904,1,1,Read Coils,25,3,-1,-1,-1,-1,-1,-1,-1,-1,52397
2026-08-23 00:50:13.915,1,1,Read Coils,256,20872,-1,-1,-1,-1,-1,-1,-1,-1,34897
2026-08-23 00:50:14.404,1,2,Read Discrete Inputs,4,12,-1,-1,-1,-1,-1,-1,-1,-1,52793
2026-08-23 00:50:14.415,1,2,Read Discrete Inputs,513,184,-1,-1,-1,-1,-1,-1,-1,-1,10424
2026-08-23 00:50:14.904,1,3,Read Holding Registers,1260,12,-1,-1,-1,-1,-1,-1,-1,-1,2693
2026-08-23 00:50:14.946,1,3,Read Holding Registers,6183,3840,-1,-1,-1,-1,-1,-1,-1,-1,49341
2026-08-23 00:50:15.405,1,4,Read Input Registers,86,3,-1,-1,-1,-1,-1,-1,-1,-1,6992
2026-08-23 00:50:15.416,1,4,Read Input Registers,1536,64768,-1,-1,-1,-1,-1,-1,-1,-1,18189
2026-08-23 00:50:15.905,1,5,Write Single Coil,9012,0,-1,-1,-1,-1,-1,-1,-1,-1,32903
2026-08-23 00:50:15.916,1,5,Write Single Coil,9012,0,-1,-1,-1,-1,-1,-1,-1,-1,32903
2026-08-23 00:50:16.914,1,16,Write Multiple Registers,2835,3,6,117,247,231,595,30,-1,-1,29782
2026-08-23 00:50:16.937,1,3,Read Holding Registers,1200,5,-1,-1,-1,-1,-1,-1,-1,-1,7813
2026-08-23 00:50:16.958,1,3,Read Holding Registers,2560,0,-1,-1,-1,-1,-1,-1,-1,-1,46628
2026-08-23 00:50:17.406,1,1,Read Coils,25,3,-1,-1,-1,-1,-1,-1,-1,-1,52397
2026-08-23 00:50:17.417,1,1,Read Coils,256,20872,-1,-1,-1,-1,-1,-1,-1,-1,34897
2026-08-23 00:50:17.907,1,2,Read Discrete Inputs,4,12,-1,-1,-1,-1,-1,-1,-1,-1,52793
2026-08-23 00:50:17.918,1,2,Read Discrete Inputs,513,184,-1,-1,-1,-1,-1,-1,-1,-1,10424
2026-08-23 00:50:18.408,1,3,Read Holding Registers,1260,12,-1,-1,-1,-1,-1,-1,-1,-1,2693
2026-08-23 00:50:18.440,1,3,Read Holding Registers,6183,3840,-1,-1,-1,-1,-1,-1,-1,-1,49341
2026-08-23 00:50:18.908,1,4,Read Input Registers,86,3,-1,-1,-1,-1,-1,-1,-1,-1,6992
2026-08-23 00:50:18.920,1,4,Read Input Registers,1537,41728,-1,-1,-1,-1,-1,-1,-1,-1,23461
2026-08-23 00:50:19.907,1,6,Write Single Register,321,-1,-1,42,42,42,42,13,-1,-1,64857
2026-08-23 00:50:19.919,1,6,Write Single Register,321,-1,-1,42,42,42,42,13,-1,-1,64857
2026-08-23 00:50:20.408,1,16,Write Multiple Registers,2835,3,6,116,249,243,608,32,-1,-1,30126
2026-08-23 00:50:20.441,1,3,Read Holding Registers,1200,5,-1,-1,-1,-1,-1,-1,-1,-1,7813
2026-08-23 00:50:20.462,1,3,Read Holding Registers,2560,0,-1,-1,-1,-1,-1,-1,-1,-1,46628
2026-08-23 00:50:20.900,1,1,Read Coils,25,3,-1,-1,-1,-1,-1,-1,-1,-1,52397
2026-08-23 00:50:20.911,1,1,Read Coils,256,20872,-1,-1,-1,-1,-1,-1,-1,-1,34897
2026-08-23 00:50:21.400,1,2,Read Discrete Inputs,4,12,-1,-1,-1,-1,-1,-1,-1,-1,52793
2026-08-23 00:50:21.412,1,2,Read Discrete Inputs,512,185,-1,-1,-1,-1,-1,-1,-1,-1,47289
2026-08-23 00:50:21.901,1,3,Read Holding Registers,1260,12,-1,-1,-1,-1,-1,-1,-1,-1,2693
2026-08-23 00:50:21.943,1,3,Read Holding Registers,6183,3840,-1,-1,-1,-1,-1,-1,-1,-1,49341
2026-08-23 00:50:22.401,1,4,Read Input Registers,86,3,-1,-1,-1,-1,-1,-1,-1,-1,6992
2026-08-23 00:50:22.423,1,4,Read Input Registers,1538,2048,-1,-1,-1,-1,-1,-1,-1,-1,45184
2026-08-23 00:50:23.399,1,6,Write Single Register,321,-1,-1,22,22,22,22,13,-1,-1,60505
2026-08-23 00:50:23.420,1,6,Write Single Register,321,-1,-1,22,22,22,22,13,-1,-1,60505
2026-08-23 00:50:23.910,1,16,Write Multiple Registers,2835,3,6,111,259,230,600,34,-1,-1,25674
2026-08-23 00:50:23.943,1,3,Read Holding Registers,1200,5,-1,-1,-1,-1,-1,-1,-1,-1,7813
2026-08-23 00:50:23.964,1,3,Read Holding Registers,2560,0,-1,-1,-1,-1,-1,-1,-1,-1,46628
2026-08-23 00:50:24.189,1,6,Write Single Register,1272,-1,-1,884,884,884,884,10,-1,-1,56329
2026-08-23 00:50:24.201,1,6,Write Single Register,1272,-1,-1,884,884,884,884,10,-1,-1,56329
2026-08-23 00:50:24.406,1,1,Read Coils,25,3,-1,-1,-1,-1,-1,-1,-1,-1,52397
2026-08-23 00:50:24.417,1,1,Read Coils,256,20872,-1,-1,-1,-1,-1,-1,-1,-1,34897
2026-08-23 00:50:24.906,1,2,Read Discrete Inputs,4,12,-1,-1,-1,-1,-1,-1,-1,-1,52793
2026-08-23 00:50:24.917,1,2,Read Discrete Inputs,512,185,-1,-1,-1,-1,-1,-1,-1,-1,47289
2026-08-23 00:50:25.406,1,3,Read Holding Registers,1260,12,-1,-1,-1,-1,-1,-1,-1,-1,2693
2026-08-23 00:50:25.438,1,3,Read Holding Registers,6183,3840,-1,-1,-1,-1,-1,-1,-1,-1,49341
2026-08-23 00:50:25.907,1,4,Read Input Registers,86,3,-1,-1,-1,-1,-1,-1,-1,-1,6992
2026-08-23 00:50:25.918,1,4,Read Input Registers,1537,12288,-1,-1,-1,-1,-1,-1,-1,-1,17953
2026-08-23 00:50:26.408,1,5,Write Single Coil,9012,0,-1,-1,-1,-1,-1,-1,-1,-1,32903
2026-08-23 00:50:26.419,1,5,Write Single Coil,9012,0,-1,-1,-1,-1,-1,-1,-1,-1,32903
2026-08-23 00:50:27.415,1,16,Write Multiple Registers,2835,3,6,112,243,208,563,36,-1,-1,29362
2026-08-23 00:50:27.438,1,3,Read Holding Registers,1200,5,-1,-1,-1,-1,-1,-1,-1,-1,7813
2026-08-23 00:50:27.459,1,3,Read Holding Registers,2560,0,-1,-1,-1,-1,-1,-1,-1,-1,46628
2026-08-23 00:50:27.907,1,1,Read Coils,25,3,-1,-1,-1,-1,-1,-1,-1,-1,52397
2026-08-23 00:50:27.919,1,1,Read Coils,256,20872,-1,-1,-1,-1,-1,-1,-1,-1,34897
2026-08-23 00:50:28.408,1,2,Read Discrete Inputs,4,12,-1,-1,-1,-1,-1,-1,-1,-1,52793
2026-08-23 00:50:28.420,1,2,Read Discrete Inputs,512,185,-1,-1,-1,-1,-1,-1,-1,-1,47289
2026-08-23 00:50:28.909,1,3,Read Holding Registers,1260,12,-1,-1,-1,-1,-1,-1,-1,-1,2693
2026-08-23 00:50:28.940,1,3,Read Holding Registers,6183,3840,-1,-1,-1,-1,-1,-1,-1,-1,49341
2026-08-23 00:50:29.400,1,4,Read Input Registers,86,3,-1,-1,-1,-1,-1,-1,-1,-1,6992
2026-08-23 00:50:29.421,1,4,Read Input Registers,1536,51712,-1,-1,-1,-1,-1,-1,-1,-1,33784
2026-08-23 00:50:30.408,1,6,Write Single Register,321,-1,-1,25,25,25,25,13,-1,-1,59417
2026-08-23 00:50:30.419,1,6,Write Single Register,321,-1,-1,25,25,25,25,13,-1,-1,59417
2026-08-23 00:50:30.745,1,6,Write Single Register,1278,-1,-1,1961,1961,1961,1961,9,-1,-1,17451
2026-08-23 00:50:30.757,1,6,Write Single Register,1278,-1,-1,1961,1961,1961,1961,9,-1,-1,17451
2026-08-23 00:50:30.910,1,16,Write Multiple Registers,2835,3,6,110,247,231,588,30,-1,-1,29478
2026-08-23 00:50:30.943,1,3,Read Holding Registers,1200,5,-1,-1,-1,-1,-1,-1,-1,-1,7813
2026-08-23 00:50:30.964,1,3,Read Holding Registers,2560,0,-1,-1,-1,-1,-1,-1,-1,-1,46628
2026-08-23 00:50:31.403,1,1,Read Coils,25,3,-1,-1,-1,-1,-1,-1,-1,-1,52397
2026-08-23 00:50:31.414,1,1,Read Coils,256,20872,-1,-1,-1,-1,-1,-1,-1,-1,34897
2026-08-23 00:50:31.903,1,2,Read Discrete Inputs,4,12,-1,-1,-1,-1,-1,-1,-1,-1,52793
2026-08-23 00:50:31.914,1,2,Read Discrete Inputs,512,185,-1,-1,-1,-1,-1,-1,-1,-1,47289
2026-08-23 00:50:32.403,1,3,Read Holding Registers,1260,12,-1,-1,-1,-1,-1,-1,-1,-1,2693
2026-08-23 00:50:32.445,1,3,Read Holding Registers,6183,3840,-1,-1,-1,-1,-1,-1,-1,-1,49341
2026-08-23 00:50:32.904,1,4,Read Input Registers,86,3,-1,-1,-1,-1,-1,-1,-1,-1,6992
2026-08-23 00:50:32.926,1,4,Read Input Registers,1536,46592,-1,-1,-1,-1,-1,-1,-1,-1,18857
2026-08-23 00:50:34.410,1,16,Write Multiple Registers,2835,3,6,117,252,215,584,31,-1,-1,46935
2026-08-23 00:50:34.443,1,3,Read Holding Registers,1200,5,-1,-1,-1,-1,-1,-1,-1,-1,7813
2026-08-23 00:50:34.464,1,3,Read Holding Registers,2560,0,-1,-1,-1,-1,-1,-1,-1,-1,46628
2026-08-23 00:50:34.902,1,1,Read Coils,25,3,-1,-1,-1,-1,-1,-1,-1,-1,52397
2026-08-23 00:50:34.913,1,1,Read Coils,256,20872,-1,-1,-1,-1,-1,-1,-1,-1,34897
2026-08-23 00:50:35.402,1,2,Read Discrete Inputs,4,12,-1,-1,-1,-1,-1,-1,-1,-1,52793
2026-08-23 00:50:35.414,1,2,Read Discrete Inputs,512,185,-1,-1,-1,-1,-1,-1,-1,-1,47289
2026-08-23 00:50:35.903,1,3,Read Holding Registers,1260,12,-1,-1,-1,-1,-1,-1,-1,-1,2693
2026-08-23 00:50:35.945,1,3,Read Holding Registers,6183,3840,-1,-1,-1,-1,-1,-1,-1,-1,49341
2026-08-23 00:50:36.403,1,4,Read Input Registers,86,3,-1,-1,-1,-1,-1,-1,-1,-1,6992
2026-08-23 00:50:36.425,1,4,Read Input Registers,1539,31232,-1,-1,-1,-1,-1,-1,-1,-1,27321
2026-08-23 00:50:37.209,1,6,Write Single Register,1279,-1,-1,2190,2190,2190,2190,11,-1,-1,28223
2026-08-23 00:50:37.221,1,6,Write Single Register,1279,-1,-1,2190,2190,2190,2190,11,-1,-1,28223
2026-08-23 00:50:37.915,1,16,Write Multiple Registers,2835,3,6,117,253,213,583,31,-1,-1,47087
2026-08-23 00:50:37.938,1,3,Read Holding Registers,1200,5,-1,-1,-1,-1,-1,-1,-1,-1,7813
2026-08-23 00:50:37.960,1,3,Read Holding Registers,2560,0,-1,-1,-1,-1,-1,-1,-1,-1,46628
2026-08-23 00:50:38.409,1,1,Read Coils,25,3,-1,-1,-1,-1,-1,-1,-1,-1,52397
2026-08-23 00:50:38.421,1,1,Read Coils,256,20872,-1,-1,-1,-1,-1,-1,-1,-1,34897
2026-08-23 00:50:38.900,1,2,Read Discrete Inputs,4,12,-1,-1,-1,-1,-1,-1,-1,-1,52793
2026-08-23 00:50:38.912,1,2,Read Discrete Inputs,513,184,-1,-1,-1,-1,-1,-1,-1,-1,10424
2026-08-23 00:50:39.401,1,3,Read Holding Registers,1260,12,-1,-1,-1,-1,-1,-1,-1,-1,2693
2026-08-23 00:50:39.443,1,3,Read Holding Registers,6183,3840,-1,-1,-1,-1,-1,-1,-1,-1,49341
2026-08-23 00:50:39.902,1,4,Read Input Registers,86,3,-1,-1,-1,-1,-1,-1,-1,-1,6992
2026-08-23 00:50:39.923,1,4,Read Input Registers,1538,53504,-1,-1,-1,-1,-1,-1,-1,-1,25501
2026-08-23 00:50:41.417,1,16,Write Multiple Registers,2835,3,6,119,248,201,568,33,-1,-1,46687
2026-08-23 00:50:41.439,1,3,Read Holding Registers,1200,5,-1,-1,-1,-1,-1,-1,-1,-1,7813
2026-08-23 00:50:41.461,1,3,Read Holding Registers,2560,0,-1,-1,-1,-1,-1,-1,-1,-1,46628
2026-08-23 00:50:41.909,1,1,Read Coils,25,3,-1,-1,-1,-1,-1,-1,-1,-1,52397
2026-08-23 00:50:41.920,1,1,Read Coils,256,20872,-1,-1,-1,-1,-1,-1,-1,-1,34897
2026-08-23 00:50:42.399,1,2,Read Discrete Inputs,4,12,-1,-1,-1,-1,-1,-1,-1,-1,52793
2026-08-23 00:50:42.421,1,2,Read Discrete Inputs,513,184,-1,-1,-1,-1,-1,-1,-1,-1,10424
2026-08-23 00:50:42.899,1,3,Read Holding Registers,1260,12,-1,-1,-1,-1,-1,-1,-1,-1,2693
2026-08-23 00:50:42.941,1,3,Read Holding Registers,6183,3840,-1,-1,-1,-1,-1,-1,-1,-1,49341
2026-08-23 00:50:43.400,1,4,Read Input Registers,86,3,-1,-1,-1,-1,-1,-1,-1,-1,6992
2026-08-23 00:50:43.421,1,4,Read Input Registers,1536,27136,-1,-1,-1,-1,-1,-1,-1,-1,39544
2026-08-23 00:50:44.915,1,16,Write Multiple Registers,2835,3,6,101,258,230,589,37,-1,-1,42667
2026-08-23 00:50:44.938,1,3,Read Holding Registers,1200,5,-1,-1,-1,-1,-1,-1,-1,-1,7813
2026-08-23 00:50:44.959,1,3,Read Holding Registers,2560,0,-1,-1,-1,-1,-1,-1,-1,-1,46628
2026-08-23 00:50:45.407,1,1,Read Coils,25,3,-1,-1,-1,-1,-1,-1,-1,-1,52397
2026-08-23 00:50:45.419,1,1,Read Coils,256,20872,-1,-1,-1,-1,-1,-1,-1,-1,34897
2026-08-23 00:50:45.908,1,2,Read Discrete Inputs,4,12,-1,-1,-1,-1,-1,-1,-1,-1,52793
2026-08-23 00:50:45.919,1,2,Read Discrete Inputs,512,185,-1,-1,-1,-1,-1,-1,-1,-1,47289
2026-08-23 00:50:46.408,1,3,Read Holding Registers,1260,12,-1,-1,-1,-1,-1,-1,-1,-1,2693
2026-08-23 00:50:46.440,1,3,Read Holding Registers,6183,3840,-1,-1,-1,-1,-1,-1,-1,-1,49341
2026-08-23 00:50:46.908,1,4,Read Input Registers,86,3,-1,-1,-1,-1,-1,-1,-1,-1,6992
2026-08-23 00:50:46.919,1,4,Read Input Registers,1538,37632,-1,-1,-1,-1,-1,-1,-1,-1,27877
2026-08-23 00:50:47.733,1,6,Write Single Register,1262,-1,-1,47,47,47,47,11,-1,-1,5033
2026-08-23 00:50:47.755,1,6,Write Single Register,1262,-1,-1,47,47,47,47,11,-1,-1,5033
2026-08-23 00:50:48.417,1,16,Write Multiple Registers,2835,3,6,118,258,204,580,37,-1,-1,42307
2026-08-23 00:50:48.439,1,3,Read Holding Registers,1200,5,-1,-1,-1,-1,-1,-1,-1,-1,7813
2026-08-23 00:50:48.461,1,3,Read Holding Registers,2560,0,-1,-1,-1,-1,-1,-1,-1,-1,46628
2026-08-23 00:50:48.909,1,1,Read Coils,25,3,-1,-1,-1,-1,-1,-1,-1,-1,52397
2026-08-23 00:50:48.920,1,1,Read Coils,256,20872,-1,-1,-1,-1,-1,-1,-1,-1,34897
2026-08-23 00:50:49.399,1,2,Read Discrete Inputs,4,12,-1,-1,-1,-1,-1,-1,-1,-1,52793
2026-08-23 00:50:49.421,1,2,Read Discrete Inputs,513,184,-1,-1,-1,-1,-1,-1,-1,-1,10424
2026-08-23 00:50:49.900,1,3,Read Holding Registers,1260,12,-1,-1,-1,-1,-1,-1,-1,-1,2693
2026-08-23 00:50:49.942,1,3,Read Holding Registers,6183,3840,-1,-1,-1,-1,-1,-1,-1,-1,61516
2026-08-23 00:50:50.401,1,4,Read Input Registers,86,3,-1,-1,-1,-1,-1,-1,-1,-1,6992
2026-08-23 00:50:50.422,1,4,Read Input Registers,1537,41472,-1,-1,-1,-1,-1,-1,-1,-1,39832
2026-08-23 00:50:51.408,1,6,Write Single Register,321,-1,-1,48,48,48,48,14,-1,-1,14040
2026-08-23 00:50:51.420,1,6,Write Single Register,321,-1,-1,48,48,48,48,14,-1,-1,14040
2026-08-23 00:50:51.909,1,16,Write Multiple Registers,2835,3,6,118,240,211,569,34,-1,-1,29270
2026-08-23 00:50:51.941,1,3,Read Holding Registers,1200,5,-1,-1,-1,-1,-1,-1,-1,-1,7813
2026-08-23 00:50:51.963,1,3,Read Holding Registers,2560,0,-1,-1,-1,-1,-1,-1,-1,-1,46628
2026-08-23 00:50:52.401,1,1,Read Coils,25,3,-1,-1,-1,-1,-1,-1,-1,-1,52397
2026-08-23 00:50:52.412,1,1,Read Coils,256,20872,-1,-1,-1,-1,-1,-1,-1,-1,34897
2026-08-23 00:50:52.901,1,2,Read Discrete Inputs,4,12,-1,-1,-1,-1,-1,-1,-1,-1,52793
2026-08-23 00:50:52.913,1,2,Read Discrete Inputs,513,184,-1,-1,-1,-1,-1,-1,-1,-1,10424
2026-08-23 00:50:53.402,1,3,Read Holding Registers,1260,12,-1,-1,-1,-1,-1,-1,-1,-1,2693
2026-08-23 00:50:53.444,1,3,Read Holding Registers,6183,3840,-1,-1,-1,-1,-1,-1,-1,-1,61516
2026-08-23 00:50:53.903,1,4,Read Input Registers,86,3,-1,-1,-1,-1,-1,-1,-1,-1,6992
2026-08-23 00:50:53.924,1,4,Read Input Registers,1539,42496,-1,-1,-1,-1,-1,-1,-1,-1,47464
2026-08-23 00:50:54.809,1,6,Write Single Register,1273,-1,-1,1034,1034,1034,1034,13,-1,-1,3290
2026-08-23 00:50:54.820,1,6,Write Single Register,1273,-1,-1,1034,1034,1034,1034,13,-1,-1,3290
2026-08-23 00:50:55.411,1,16,Write Multiple Registers,2835,3,6,113,241,232,586,35,-1,-1,46787
2026-08-23 00:50:55.444,1,3,Read Holding Registers,1200,5,-1,-1,-1,-1,-1,-1,-1,-1,7813
2026-08-23 00:50:55.465,1,3,Read Holding Registers,2560,0,-1,-1,-1,-1,-1,-1,-1,-1,46628
2026-08-23 00:50:55.903,1,1,Read Coils,25,3,-1,-1,-1,-1,-1,-1,-1,-1,52397
2026-08-23 00:50:55.914,1,1,Read Coils,256,20872,-1,-1,-1,-1,-1,-1,-1,-1,34897
2026-08-23 00:50:56.403,1,2,Read Discrete Inputs,4,12,-1,-1,-1,-1,-1,-1,-1,-1,52793
2026-08-23 00:50:56.414,1,2,Read Discrete Inputs,513,184,-1,-1,-1,-1,-1,-1,-1,-1,10424
2026-08-23 00:50:56.903,1,3,Read Holding Registers,1260,12,-1,-1,-1,-1,-1,-1,-1,-1,2693
2026-08-23 00:50:56.945,1,3,Read Holding Registers,6183,3840,-1,-1,-1,-1,-1,-1,-1,-1,61516
2026-08-23 00:50:57.403,1,4,Read Input Registers,86,3,-1,-1,-1,-1,-1,-1,-1,-1,6992
2026-08-23 00:50:57.425,1,4,Read Input Registers,1539,5376,-1,-1,-1,-1,-1,-1,-1,-1,25453
2026-08-23 00:50:58.909,1,16,Write Multiple Registers,2835,3,6,103,253,219,575,30,-1,-1,29478
2026-08-23 00:50:58.943,1,3,Read Holding Registers,1200,5,-1,-1,-1,-1,-1,-1,-1,-1,7813
2026-08-23 00:50:58.964,1,3,Read Holding Registers,2560,0,-1,-1,-1,-1,-1,-1,-1,-1,46628
2026-08-23 00:50:59.403,1,1,Read Coils,25,3,-1,-1,-1,-1,-1,-1,-1,-1,52397
2026-08-23 00:50:59.414,1,1,Read Coils,256,20872,-1,-1,-1,-1,-1,-1,-1,-1,34897
2026-08-23 00:50:59.904,1,2,Read Discrete Inputs,4,12,-1,-1,-1,-1,-1,-1,-1,-1,52793
2026-08-23 00:50:59.916,1,2,Read Discrete Inputs,512,185,-1,-1,-1,-1,-1,-1,-1,-1,47289
2026-08-23 00:51:00.405,1,3,Read Holding Registers,1260,12,-1,-1,-1,-1,-1,-1,-1,-1,2693
2026-08-23 00:51:00.448,1,3,Read Holding Registers,6183,3840,-1,-1,-1,-1,-1,-1,-1,-1,61516
2026-08-23 00:51:00.906,1,4,Read Input Registers,86,3,-1,-1,-1,-1,-1,-1,-1,-1,6992
2026-08-23 00:51:00.917,1,4,Read Input Registers,1538,12544,-1,-1,-1,-1,-1,-1,-1,-1,46364
2026-08-23 00:51:01.691,1,6,Write Single Register,1274,-1,-1,1199,1199,1199,1199,9,-1,-1,30698
2026-08-23 00:51:01.702,1,6,Write Single Register,1274,-1,-1,1199,1199,1199,1199,9,-1,-1,30698
2026-08-23 00:51:02.415,1,16,Write Multiple Registers,2835,3,6,111,252,243,606,30,-1,-1,30470
2026-08-23 00:51:02.438,1,3,Read Holding Registers,1200,5,-1,-1,-1,-1,-1,-1,-1,-1,7813
2026-08-23 00:51:02.460,1,3,Read Holding Registers,2560,0,-1,-1,-1,-1,-1,-1,-1,-1,46628
2026-08-23 00:51:02.909,1,1,Read Coils,25,3,-1,-1,-1,-1,-1,-1,-1,-1,52397
2026-08-23 00:51:02.920,1,1,Read Coils,256,20872,-1,-1,-1,-1,-1,-1,-1,-1,34897
2026-08-23 00:51:03.399,1,2,Read Discrete Inputs,4,12,-1,-1,-1,-1,-1,-1,-1,-1,52793
2026-08-23 00:51:03.421,1,2,Read Discrete Inputs,512,185,-1,-1,-1,-1,-1,-1,-1,-1,47289
2026-08-23 00:51:03.901,1,3,Read Holding Registers,1260,12,-1,-1,-1,-1,-1,-1,-1,-1,2693
2026-08-23 00:51:03.943,1,3,Read Holding Registers,6183,3840,-1,-1,-1,-1,-1,-1,-1,-1,61516
2026-08-23 00:51:04.402,1,4,Read Input Registers,86,3,-1,-1,-1,-1,-1,-1,-1,-1,6992
2026-08-23 00:51:04.424,1,4,Read Input Registers,1537,23040,-1,-1,-1,-1,-1,-1,-1,-1,20281
2026-08-23 00:51:04.902,1,5,Write Single Coil,9012,0,-1,-1,-1,-1,-1,-1,-1,-1,32903
2026-08-23 00:51:04.914,1,5,Write Single Coil,9012,0,-1,-1,-1,-1,-1,-1,-1,-1,32903
2026-08-23 00:51:05.404,1,6,Write Single Register,321,-1,-1,36,36,36,36,14,-1,-1,14808
2026-08-23 00:51:05.416,1,6,Write Single Register,321,-1,-1,36,36,36,36,14,-1,-1,14808
2026-08-23 00:51:05.916,1,16,Write Multiple Registers,2835,3,6,106,257,208,571,39,-1,-1,40979
2026-08-23 00:51:05.939,1,3,Read Holding Registers,1200,5,-1,-1,-1,-1,-1,-1,-1,-1,7813
2026-08-23 00:51:05.960,1,3,Read Holding Registers,2560,0,-1,-1,-1,-1,-1,-1,-1,-1,46628
2026-08-23 00:51:06.408,1,1,Read Coils,25,3,-1,-1,-1,-1,-1,-1,-1,-1,52397
2026-08-23 00:51:06.420,1,1,Read Coils,256,20872,-1,-1,-1,-1,-1,-1,-1,-1,34897
2026-08-23 00:51:06.899,1,2,Read Discrete Inputs,4,12,-1,-1,-1,-1,-1,-1,-1,-1,52793
2026-08-23 00:51:06.921,1,2,Read Discrete Inputs,512,185,-1,-1,-1,-1,-1,-1,-1,-1,47289
2026-08-23 00:51:07.400,1,3,Read Holding Registers,1260,12,-1,-1,-1,-1,-1,-1,-1,-1,2693
2026-08-23 00:51:07.442,1,3,Read Holding Registers,6183,3840,-1,-1,-1,-1,-1,-1,-1,-1,61516
2026-08-23 00:51:07.902,1,4,Read Input Registers,86,3,-1,-1,-1,-1,-1,-1,-1,-1,6992
2026-08-23 00:51:07.924,1,4,Read Input Registers,1537,60672,-1,-1,-1,-1,-1,-1,-1,-1,21965
2026-08-23 00:51:08.406,1,5,Write Single Coil,9012,65280,-1,-1,-1,-1,-1,-1,-1,-1,28870
2026-08-23 00:51:08.418,1,5,Write Single Coil,9012,65280,-1,-1,-1,-1,-1,-1,-1,-1,28870
2026-08-23 00:51:09.416,1,16,Write Multiple Registers,2835,3,6,106,249,240,595,34,-1,-1,30098
2026-08-23 00:51:09.438,1,3,Read Holding Registers,1200,5,-1,-1,-1,-1,-1,-1,-1,-1,7813
2026-08-23 00:51:09.460,1,3,Read Holding Registers,2560,0,-1,-1,-1,-1,-1,-1,-1,-1,46628
2026-08-23 00:51:09.909,1,1,Read Coils,25,3,-1,-1,-1,-1,-1,-1,-1,-1,52397
2026-08-23 00:51:09.920,1,1,Read Coils,256,20872,-1,-1,-1,-1,-1,-1,-1,-1,34897
2026-08-23 00:51:10.399,1,2,Read Discrete Inputs,4,12,-1,-1,-1,-1,-1,-1,-1,-1,52793
2026-08-23 00:51:10.421,1,2,Read Discrete Inputs,512,185,-1,-1,-1,-1,-1,-1,-1,-1,47289
2026-08-23 00:51:10.900,1,3,Read Holding Registers,1260,12,-1,-1,-1,-1,-1,-1,-1,-1,2693
2026-08-23 00:51:10.942,1,3,Read Holding Registers,6183,3840,-1,-1,-1,-1,-1,-1,-1,-1,61516
2026-08-23 00:51:11.400,1,4,Read Input Registers,86,3,-1,-1,-1,-1,-1,-1,-1,-1,6992
2026-08-23 00:51:11.422,1,4,Read Input Registers,1539,12032,-1,-1,-1,-1,-1,-1,-1,-1,26293
2026-08-23 00:51:12.400,1,6,Write Single Register,321,-1,-1,12,12,12,12,14,-1,-1,10200
2026-08-23 00:51:12.422,1,6,Write Single Register,321,-1,-1,12,12,12,12,14,-1,-1,10200
2026-08-23 00:51:12.911,1,16,Write Multiple Registers,2835,3,6,108,255,210,573,32,-1,-1,28938
2026-08-23 00:51:12.944,1,3,Read Holding Registers,1200,5,-1,-1,-1,-1,-1,-1,-1,-1,7813
2026-08-23 00:51:12.965,1,3,Read Holding Registers,2560,0,-1,-1,-1,-1,-1,-1,-1,-1,46628
2026-08-23 00:51:13.403,1,1,Read Coils,25,3,-1,-1,-1,-1,-1,-1,-1,-1,52397
2026-08-23 00:51:13.414,1,1,Read Coils,256,20872,-1,-1,-1,-1,-1,-1,-1,-1,34897
2026-08-23 00:51:13.903,1,2,Read Discrete Inputs,4,12,-1,-1,-1,-1,-1,-1,-1,-1,52793
2026-08-23 00:51:13.915,1,2,Read Discrete Inputs,512,185,-1,-1,-1,-1,-1,-1,-1,-1,47289
2026-08-23 00:51:14.404,1,3,Read Holding Registers,1260,12,-1,-1,-1,-1,-1,-1,-1,-1,2693
2026-08-23 00:51:14.446,1,3,Read Holding Registers,6183,3840,-1,-1,-1,-1,-1,-1,-1,-1,61516
2026-08-23 00:51:14.904,1,4,Read Input Registers,86,3,-1,-1,-1,-1,-1,-1,-1,-1,6992
2026-08-23 00:51:14.926,1,4,Read Input Registers,1539,15360,-1,-1,-1,-1,-1,-1,-1,-1,42288
2026-08-23 00:51:15.670,1,6,Write Single Register,1277,-1,-1,1749,1749,1749,1749,9,-1,-1,13787
2026-08-23 00:51:15.691,1,6,Write Single Register,1277,-1,-1,1749,1749,1749,1749,9,-1,-1,13787
2026-08-23 00:51:15.906,1,6,Write Single Register,321,-1,-1,22,22,22,22,13,-1,-1,60505
2026-08-23 00:51:15.918,1,6,Write Single Register,321,-1,-1,22,22,22,22,13,-1,-1,60505
2026-08-23 00:51:16.417,1,16,Write Multiple Registers,2835,3,6,101,252,202,555,34,-1,-1,28858
2026-08-23 00:51:16.440,1,3,Read Holding Registers,1200,5,-1,-1,-1,-1,-1,-1,-1,-1,7813
2026-08-23 00:51:16.461,1,3,Read Holding Registers,2560,0,-1,-1,-1,-1,-1,-1,-1,-1,46628
2026-08-23 00:51:16.909,1,1,Read Coils,25,3,-1,-1,-1,-1,-1,-1,-1,-1,52397
2026-08-23 00:51:16.921,1,1,Read Coils,256,20872,-1,-1,-1,-1,-1,-1,-1,-1,34897
2026-08-23 00:51:17.410,1,2,Read Discrete Inputs,4,12,-1,-1,-1,-1,-1,-1,-1,-1,52793
2026-08-23 00:51:17.421,1,2,Read Discrete Inputs,513,184,-1,-1,-1,-1,-1,-1,-1,-1,10424
2026-08-23 00:51:17.900,1,3,Read Holding Registers,1260,12,-1,-1,-1,-1,-1,-1,-1,-1,2693
2026-08-23 00:51:17.942,1,3,Read Holding Registers,6183,3840,-1,-1,-1,-1,-1,-1,-1,-1,61516
2026-08-23 00:51:18.400,1,4,Read Input Registers,86,3,-1,-1,-1,-1,-1,-1,-1,-1,6992
2026-08-23 00:51:18.422,1,4,Read Input Registers,1539,35840,-1,-1,-1,-1,-1,-1,-1,-1,32625
2026-08-23 00:51:19.410,1,6,Write Single Register,321,-1,-1,42,42,42,42,13,-1,-1,64857
2026-08-23 00:51:19.421,1,6,Write Single Register,321,-1,-1,42,42,42,42,13,-1,-1,64857
2026-08-23 00:51:19.911,1,16,Write Multiple Registers,2835,3,6,101,253,206,560,32,-1,-1,28810
2026-08-23 00:51:19.944,1,3,Read Holding Registers,1200,5,-1,-1,-1,-1,-1,-1,-1,-1,7813
2026-08-23 00:51:19.965,1,3,Read Holding Registers,2560,0,-1,-1,-1,-1,-1,-1,-1,-1,46628
2026-08-23 00:51:20.404,1,1,Read Coils,25,3,-1,-1,-1,-1,-1,-1,-1,-1,52397
2026-08-23 00:51:20.415,1,1,Read Coils,256,20872,-1,-1,-1,-1,-1,-1,-1,-1,34897
2026-08-23 00:51:20.905,1,2,Read Discrete Inputs,4,12,-1,-1,-1,-1,-1,-1,-1,-1,52793
2026-08-23 00:51:20.916,1,2,Read Discrete Inputs,513,184,-1,-1,-1,-1,-1,-1,-1,-1,10424
2026-08-23 00:51:21.406,1,3,Read Holding Registers,1260,12,-1,-1,-1,-1,-1,-1,-1,-1,2693
2026-08-23 00:51:21.448,1,3,Read Holding Registers,6183,3840,-1,-1,-1,-1,-1,-1,-1,-1,61516
2026-08-23 00:51:21.907,1,4,Read Input Registers,86,3,-1,-1,-1,-1,-1,-1,-1,-1,6992
2026-08-23 00:51:21.918,1,4,Read Input Registers,1536,43264,-1,-1,-1,-1,-1,-1,-1,-1,35644
2026-08-23 00:51:23.412,1,16,Write Multiple Registers,2835,3,6,111,245,215,571,30,-1,-1,30390
2026-08-23 00:51:23.445,1,3,Read Holding Registers,1200,5,-1,-1,-1,-1,-1,-1,-1,-1,7813
2026-08-23 00:51:23.466,1,3,Read Holding Registers,2560,0,-1,-1,-1,-1,-1,-1,-1,-1,46628
2026-08-23 00:51:23.905,1,1,Read Coils,25,3,-1,-1,-1,-1,-1,-1,-1,-1,52397
2026-08-23 00:51:23.916,1,1,Read Coils,256,20872,-1,-1,-1,-1,-1,-1,-1,-1,34897
2026-08-23 00:51:24.406,1,2,Read Discrete Inputs,4,12,-1,-1,-1,-1,-1,-1,-1,-1,52793
2026-08-23 00:51:24.417,1,2,Read Discrete Inputs,512,185,-1,-1,-1,-1,-1,-1,-1,-1,47289
2026-08-23 00:51:24.642,1,6,Write Single Register,1265,-1,-1,173,173,173,173,11,-1,-1,46104
2026-08-23 00:51:24.653,1,6,Write Single Register,1265,-1,-1,173,173,173,173,11,-1,-1,46104
2026-08-23 00:51:24.909,1,3,Read Holding Registers,1260,12,-1,-1,-1,-1,-1,-1,-1,-1,2693
2026-08-23 00:51:24.941,1,3,Read Holding Registers,6183,3840,-1,-1,-1,-1,-1,-1,-1,-1,64084
2026-08-23 00:51:25.410,1,4,Read Input Registers,86,3,-1,-1,-1,-1,-1,-1,-1,-1,6992
2026-08-23 00:51:25.422,1,4,Read Input Registers,1538,512,-1,-1,-1,-1,-1,-1,-1,-1,45336
2026-08-23 00:51:26.408,1,6,Write Single Register,321,-1,-1,26,26,26,26,13,-1,-1,59737
2026-08-23 00:51:26.419,1,6,Write Single Register,321,-1,-1,26,26,26,26,13,-1,-1,59737
2026-08-23 00:51:26.919,1,16,Write Multiple Registers,2835,3,6,104,248,243,595,34,-1,-1,30134
2026-08-23 00:51:26.942,1,3,Read Holding Registers,1200,5,-1,-1,-1,-1,-1,-1,-1,-1,7813
2026-08-23 00:51:26.963,1,3,Read Holding Registers,2560,0,-1,-1,-1,-1,-1,-1,-1,-1,46628
2026-08-23 00:51:27.402,1,1,Read Coils,25,3,-1,-1,-1,-1,-1,-1,-1,-1,52397
2026-08-23 00:51:27.413,1,1,Read Coils,256,20872,-1,-1,-1,-1,-1,-1,-1,-1,34897
2026-08-23 00:51:27.903,1,2,Read Discrete Inputs,4,12,-1,-1,-1,-1,-1,-1,-1,-1,52793
2026-08-23 00:51:27.915,1,2,Read Discrete Inputs,512,185,-1,-1,-1,-1,-1,-1,-1,-1,47289
2026-08-23 00:51:28.404,1,3,Read Holding Registers,1260,12,-1,-1,-1,-1,-1,-1,-1,-1,2693
2026-08-23 00:51:28.446,1,3,Read Holding Registers,6183,3840,-1,-1,-1,-1,-1,-1,-1,-1,64084
2026-08-23 00:51:28.905,1,4,Read Input Registers,86,3,-1,-1,-1,-1,-1,-1,-1,-1,6992
2026-08-23 00:51:28.917,1,4,Read Input Registers,1537,10752,-1,-1,-1,-1,-1,-1,-1,-1,33912
2026-08-23 00:51:29.906,1,6,Write Single Register,321,-1,-1,27,27,27,27,12,-1,-1,10648
2026-08-23 00:51:29.917,1,6,Write Single Register,321,-1,-1,27,27,27,27,12,-1,-1,10648
2026-08-23 00:51:30.416,1,16,Write Multiple Registers,2835,3,6,117,246,212,575,33,-1,-1,45203
2026-08-23 00:51:30.439,1,3,Read Holding Registers,1200,5,-1,-1,-1,-1,-1,-1,-1,-1,7813
2026-08-23 00:51:30.461,1,3,Read Holding Registers,2560,0,-1,-1,-1,-1,-1,-1,-1,-1,46628
2026-08-23 00:51:30.908,1,1,Read Coils,25,3,-1,-1,-1,-1,-1,-1,-1,-1,52397
2026-08-23 00:51:30.920,1,1,Read Coils,256,20872,-1,-1,-1,-1,-1,-1,-1,-1,34897
2026-08-23 00:51:31.408,1,2,Read Discrete Inputs,4,12,-1,-1,-1,-1,-1,-1,-1,-1,52793
2026-08-23 00:51:31.420,1,2,Read Discrete Inputs,512,185,-1,-1,-1,-1,-1,-1,-1,-1,47289
2026-08-23 00:51:31.909,1,3,Read Holding Registers,1260,12,-1,-1,-1,-1,-1,-1,-1,-1,2693
2026-08-23 00:51:31.941,1,3,Read Holding Registers,6183,3840,-1,-1,-1,-1,-1,-1,-1,-1,64084
2026-08-23 00:51:32.410,1,4,Read Input Registers,86,3,-1,-1,-1,-1,-1,-1,-1,-1,6992
2026-08-23 00:51:32.422,1,4,Read Input Registers,1536,33024,-1,-1,-1,-1,-1,-1,-1,-1,36188
2026-08-23 00:51:32.901,1,5,Write Single Coil,9012,65280,-1,-1,-1,-1,-1,-1,-1,-1,28870
2026-08-23 00:51:32.922,1,5,Write Single Coil,9012,65280,-1,-1,-1,-1,-1,-1,-1,-1,28870
2026-08-23 00:51:33.909,1,16,Write Multiple Registers,2835,3,6,113,245,200,558,35,-1,-1,45635
2026-08-23 00:51:33.942,1,3,Read Holding Registers,1200,5,-1,-1,-1,-1,-1,-1,-1,-1,7813
2026-08-23 00:51:33.964,1,3,Read Holding Registers,2560,0,-1,-1,-1,-1,-1,-1,-1,-1,46628
2026-08-23 00:51:34.371,1,6,Write Single Register,1269,-1,-1,503,503,503,503,8,-1,-1,57048
2026-08-23 00:51:34.382,1,6,Write Single Register,1269,-1,-1,503,503,503,503,8,-1,-1,57048
2026-08-23 00:51:34.403,1,1,Read Coils,25,3,-1,-1,-1,-1,-1,-1,-1,-1,52397
2026-08-23 00:51:34.415,1,1,Read Coils,256,20872,-1,-1,-1,-1,-1,-1,-1,-1,34897
2026-08-23 00:51:34.903,1,2,Read Discrete Inputs,4,12,-1,-1,-1,-1,-1,-1,-1,-1,52793
2026-08-23 00:51:34.915,1,2,Read Discrete Inputs,512,185,-1,-1,-1,-1,-1,-1,-1,-1,47289
2026-08-23 00:51:35.404,1,3,Read Holding Registers,1260,12,-1,-1,-1,-1,-1,-1,-1,-1,2693
2026-08-23 00:51:35.446,1,3,Read Holding Registers,6183,3840,-1,-1,-1,-1,-1,-1,-1,-1,14893
2026-08-23 00:51:35.905,1,4,Read Input Registers,86,3,-1,-1,-1,-1,-1,-1,-1,-1,6992
2026-08-23 00:51:35.927,1,4,Read Input Registers,1536,34816,-1,-1,-1,-1,-1,-1,-1,-1,35968
2026-08-23 00:51:36.406,1,5,Write Single Coil,9012,65280,-1,-1,-1,-1,-1,-1,-1,-1,28870
2026-08-23 00:51:36.418,1,5,Write Single Coil,9012,65280,-1,-1,-1,-1,-1,-1,-1,-1,28870
2026-08-23 00:51:37.415,1,16,Write Multiple Registers,2835,3,6,115,248,218,581,33,-1,-1,46235
2026-08-23 00:51:37.438,1,3,Read Holding Registers,1200,5,-1,-1,-1,-1,-1,-1,-1,-1,7813
2026-08-23 00:51:37.460,1,3,Read Holding Registers,2560,0,-1,-1,-1,-1,-1,-1,-1,-1,46628
2026-08-23 00:51:37.909,1,1,Read Coils,25,3,-1,-1,-1,-1,-1,-1,-1,-1,52397
2026-08-23 00:51:37.920,1,1,Read Coils,256,20872,-1,-1,-1,-1,-1,-1,-1,-1,34897
2026-08-23 00:51:38.410,1,2,Read Discrete Inputs,4,12,-1,-1,-1,-1,-1,-1,-1,-1,52793
2026-08-23 00:51:38.422,1,2,Read Discrete Inputs,513,184,-1,-1,-1,-1,-1,-1,-1,-1,10424
2026-08-23 00:51:38.901,1,3,Read Holding Registers,1260,12,-1,-1,-1,-1,-1,-1,-1,-1,2693
2026-08-23 00:51:38.943,1,3,Read Holding Registers,6183,3840,-1,-1,-1,-1,-1,-1,-1,-1,14893
2026-08-23 00:51:39.402,1,4,Read Input Registers,86,3,-1,-1,-1,-1,-1,-1,-1,-1,6992
2026-08-23 00:51:39.424,1,4,Read Input Registers,1538,16128,-1,-1,-1,-1,-1,-1,-1,-1,29813
2026-08-23 00:51:40.858,1,6,Write Single Register,1276,-1,-1,1560,1560,1560,1560,12,-1,-1,24651
2026-08-23 00:51:40.870,1,6,Write Single Register,1276,-1,-1,1560,1560,1560,1560,12,-1,-1,24651
2026-08-23 00:51:40.912,1,16,Write Multiple Registers,2835,3,6,117,248,200,565,35,-1,-1,46787
2026-08-23 00:51:40.944,1,3,Read Holding Registers,1200,5,-1,-1,-1,-1,-1,-1,-1,-1,7813
2026-08-23 00:51:40.965,1,3,Read Holding Registers,2560,0,-1,-1,-1,-1,-1,-1,-1,-1,46628
2026-08-23 00:51:41.403,1,1,Read Coils,25,3,-1,-1,-1,-1,-1,-1,-1,-1,52397
2026-08-23 00:51:41.414,1,1,Read Coils,256,20872,-1,-1,-1,-1,-1,-1,-1,-1,34897
2026-08-23 00:51:41.904,1,2,Read Discrete Inputs,4,12,-1,-1,-1,-1,-1,-1,-1,-1,52793
2026-08-23 00:51:41.915,1,2,Read Discrete Inputs,512,185,-1,-1,-1,-1,-1,-1,-1,-1,47289
2026-08-23 00:51:42.404,1,3,Read Holding Registers,1260,12,-1,-1,-1,-1,-1,-1,-1,-1,2693
2026-08-23 00:51:42.446,1,3,Read Holding Registers,6183,3840,-1,-1,-1,-1,-1,-1,-1,-1,14893
2026-08-23 00:51:42.904,1,4,Read Input Registers,86,3,-1,-1,-1,-1,-1,-1,-1,-1,6992
2026-08-23 00:51:42.926,1,4,Read Input Registers,1536,34304,-1,-1,-1,-1,-1,-1,-1,-1,19945
2026-08-23 00:51:43.405,1,5,Write Single Coil,9012,65280,-1,-1,-1,-1,-1,-1,-1,-1,28870
2026-08-23 00:51:43.417,1,5,Write Single Coil,9012,65280,-1,-1,-1,-1,-1,-1,-1,-1,28870
2026-08-23 00:51:43.907,1,6,Write Single Register,321,-1,-1,18,18,18,18,14,-1,-1,12120
2026-08-23 00:51:43.918,1,6,Write Single Register,321,-1,-1,18,18,18,18,14,-1,-1,12120
2026-08-23 00:51:44.417,1,16,Write Multiple Registers,2835,3,6,111,243,215,569,30,-1,-1,29750
2026-08-23 00:51:44.440,1,3,Read Holding Registers,1200,5,-1,-1,-1,-1,-1,-1,-1,-1,7813
2026-08-23 00:51:44.461,1,3,Read Holding Registers,2560,0,-1,-1,-1,-1,-1,-1,-1,-1,46628
2026-08-23 00:51:44.909,1,1,Read Coils,25,3,-1,-1,-1,-1,-1,-1,-1,-1,52397
2026-08-23 00:51:44.920,1,1,Read Coils,256,20872,-1,-1,-1,-1,-1,-1,-1,-1,34897
2026-08-23 00:51:45.410,1,2,Read Discrete Inputs,4,12,-1,-1,-1,-1,-1,-1,-1,-1,52793
2026-08-23 00:51:45.421,1,2,Read Discrete Inputs,512,185,-1,-1,-1,-1,-1,-1,-1,-1,47289
2026-08-23 00:51:45.910,1,3,Read Holding Registers,1260,12,-1,-1,-1,-1,-1,-1,-1,-1,2693
2026-08-23 00:51:45.942,1,3,Read Holding Registers,6183,3840,-1,-1,-1,-1,-1,-1,-1,-1,14893
2026-08-23 00:51:46.410,1,4,Read Input Registers,86,3,-1,-1,-1,-1,-1,-1,-1,-1,6992
2026-08-23 00:51:46.422,1,4,Read Input Registers,1537,39680,-1,-1,-1,-1,-1,-1,-1,-1,40452
2026-08-23 00:51:47.408,1,6,Write Single Register,321,-1,-1,22,22,22,22,13,-1,-1,60505
2026-08-23 00:51:47.420,1,6,Write Single Register,321,-1,-1,22,22,22,22,13,-1,-1,60505
2026-08-23 00:51:47.909,1,16,Write Multiple Registers,2835,3,6,116,253,234,603,32,-1,-1,29354
2026-08-23 00:51:47.941,1,3,Read Holding Registers,1200,5,-1,-1,-1,-1,-1,-1,-1,-1,7813
2026-08-23 00:51:47.963,1,3,Read Holding Registers,2560,0,-1,-1,-1,-1,-1,-1,-1,-1,46628
2026-08-23 00:51:48.411,1,1,Read Coils,25,3,-1,-1,-1,-1,-1,-1,-1,-1,52397
2026-08-23 00:51:48.422,1,1,Read Coils,256,20872,-1,-1,-1,-1,-1,-1,-1,-1,34897
2026-08-23 00:51:48.901,1,2,Read Discrete Inputs,4,12,-1,-1,-1,-1,-1,-1,-1,-1,52793
2026-08-23 00:51:48.923,1,2,Read Discrete Inputs,513,184,-1,-1,-1,-1,-1,-1,-1,-1,10424
2026-08-23 00:51:49.402,1,3,Read Holding Registers,1260,12,-1,-1,-1,-1,-1,-1,-1,-1,2693
2026-08-23 00:51:49.444,1,3,Read Holding Registers,6183,3840,-1,-1,-1,-1,-1,-1,-1,-1,14893
2026-08-23 00:51:49.902,1,4,Read Input Registers,86,3,-1,-1,-1,-1,-1,-1,-1,-1,6992
2026-08-23 00:51:49.924,1,4,Read Input Registers,1537,1280,-1,-1,-1,-1,-1,-1,-1,-1,17069
2026-08-23 00:51:50.402,1,5,Write Single Coil,9012,0,-1,-1,-1,-1,-1,-1,-1,-1,32903
2026-08-23 00:51:50.424,1,5,Write Single Coil,9012,0,-1,-1,-1,-1,-1,-1,-1,-1,32903
2026-08-23 00:51:50.903,1,6,Write Single Register,321,-1,-1,36,36,36,36,14,-1,-1,14808
2026-08-23 00:51:50.924,1,6,Write Single Register,321,-1,-1,36,36,36,36,14,-1,-1,14808
2026-08-23 00:51:51.413,1,16,Write Multiple Registers,2835,3,6,113,256,223,592,36,-1,-1,26358
2026-08-23 00:51:51.436,1,3,Read Holding Registers,1200,5,-1,-1,-1,-1,-1,-1,-1,-1,7813
2026-08-23 00:51:51.457,1,3,Read Holding Registers,2560,0,-1,-1,-1,-1,-1,-1,-1,-1,46628
2026-08-23 00:51:51.905,1,1,Read Coils,25,3,-1,-1,-1,-1,-1,-1,-1,-1,52397
2026-08-23 00:51:51.917,1,1,Read Coils,256,20872,-1,-1,-1,-1,-1,-1,-1,-1,34897
2026-08-23 00:51:52.405,1,2,Read Discrete Inputs,4,12,-1,-1,-1,-1,-1,-1,-1,-1,52793
2026-08-23 00:51:52.417,1,2,Read Discrete Inputs,512,185,-1,-1,-1,-1,-1,-1,-1,-1,47289
2026-08-23 00:51:52.906,1,3,Read Holding Registers,1260,12,-1,-1,-1,-1,-1,-1,-1,-1,2693
2026-08-23 00:51:52.949,1,3,Read Holding Registers,6183,3840,-1,-1,-1,-1,-1,-1,-1,-1,14893
2026-08-23 00:51:53.408,1,4,Read Input Registers,86,3,-1,-1,-1,-1,-1,-1,-1,-1,6992
2026-08-23 00:51:53.419,1,4,Read Input Registers,1537,14336,-1,-1,-1,-1,-1,-1,-1,-1,34752
2026-08-23 00:51:53.441,1,6,Write Single Register,1269,-1,-1,510,510,510,510,8,-1,-1,55320
2026-08-23 00:51:53.452,1,6,Write Single Register,1269,-1,-1,510,510,510,510,8,-1,-1,55320
2026-08-23 00:51:53.910,1,5,Write Single Coil,9012,0,-1,-1,-1,-1,-1,-1,-1,-1,32903
2026-08-23 00:51:53.922,1,5,Write Single Coil,9012,0,-1,-1,-1,-1,-1,-1,-1,-1,32903
2026-08-23 00:51:54.411,1,6,Write Single Register,321,-1,-1,31,31,31,31,11,-1,-1,60057
2026-08-23 00:51:54.422,1,6,Write Single Register,321,-1,-1,31,31,31,31,11,-1,-1,60057
2026-08-23 00:51:54.911,1,16,Write Multiple Registers,2835,3,6,119,250,231,600,30,-1,-1,28982
2026-08-23 00:51:54.944,1,3,Read Holding Registers,1200,5,-1,-1,-1,-1,-1,-1,-1,-1,7813
2026-08-23 00:51:54.965,1,3,Read Holding Registers,2560,0,-1,-1,-1,-1,-1,-1,-1,-1,46628
2026-08-23 00:51:55.403,1,1,Read Coils,25,3,-1,-1,-1,-1,-1,-1,-1,-1,52397
2026-08-23 00:51:55.415,1,1,Read Coils,256,20872,-1,-1,-1,-1,-1,-1,-1,-1,34897
2026-08-23 00:51:55.905,1,2,Read Discrete Inputs,4,12,-1,-1,-1,-1,-1,-1,-1,-1,52793
2026-08-23 00:51:55.916,1,2,Read Discrete Inputs,512,185,-1,-1,-1,-1,-1,-1,-1,-1,47289
2026-08-23 00:51:56.406,1,3,Read Holding Registers,1260,12,-1,-1,-1,-1,-1,-1,-1,-1,2693
2026-08-23 00:51:56.449,1,3,Read Holding Registers,6183,3840,-1,-1,-1,-1,-1,-1,-1,-1,15345
2026-08-23 00:51:56.908,1,4,Read Input Registers,86,3,-1,-1,-1,-1,-1,-1,-1,-1,6992
2026-08-23 00:51:56.920,1,4,Read Input Registers,1539,37888,-1,-1,-1,-1,-1,-1,-1,-1,32081
2026-08-23 00:51:57.908,1,6,Write Single Register,321,-1,-1,44,44,44,44,13,-1,-1,65497
2026-08-23 00:51:57.919,1,6,Write Single Register,321,-1,-1,44,44,44,44,13,-1,-1,65497
2026-08-23 00:51:58.409,1,16,Write Multiple Registers,2835,3,6,101,253,213,567,32,-1,-1,29422
2026-08-23 00:51:58.443,1,3,Read Holding Registers,1200,5,-1,-1,-1,-1,-1,-1,-1,-1,7813
2026-08-23 00:51:58.464,1,3,Read Holding Registers,2560,0,-1,-1,-1,-1,-1,-1,-1,-1,46628
2026-08-23 00:51:58.902,1,1,Read Coils,25,3,-1,-1,-1,-1,-1,-1,-1,-1,52397
2026-08-23 00:51:58.914,1,1,Read Coils,256,20872,-1,-1,-1,-1,-1,-1,-1,-1,34897
2026-08-23 00:51:59.403,1,2,Read Discrete Inputs,4,12,-1,-1,-1,-1,-1,-1,-1,-1,52793
2026-08-23 00:51:59.414,1,2,Read Discrete Inputs,513,184,-1,-1,-1,-1,-1,-1,-1,-1,10424
2026-08-23 00:51:59.904,1,3,Read Holding Registers,1260,12,-1,-1,-1,-1,-1,-1,-1,-1,2693
2026-08-23 00:51:59.946,1,3,Read Holding Registers,6183,3840,-1,-1,-1,-1,-1,-1,-1,-1,15345
2026-08-23 00:52:00.404,1,4,Read Input Registers,86,3,-1,-1,-1,-1,-1,-1,-1,-1,6992
2026-08-23 00:52:00.426,1,4,Read Input Registers,1539,1536,-1,-1,-1,-1,-1,-1,-1,-1,41192
2026-08-23 00:52:00.905,1,5,Write Single Coil,9012,65280,-1,-1,-1,-1,-1,-1,-1,-1,28870
2026-08-23 00:52:00.916,1,5,Write Single Coil,9012,65280,-1,-1,-1,-1,-1,-1,-1,-1,28870
2026-08-23 00:52:01.913,1,16,Write Multiple Registers,2835,3,6,114,253,221,588,31,-1,-1,47039
2026-08-23 00:52:01.936,1,3,Read Holding Registers,1200,5,-1,-1,-1,-1,-1,-1,-1,-1,7813
2026-08-23 00:52:01.957,1,3,Read Holding Registers,2560,0,-1,-1,-1,-1,-1,-1,-1,-1,46628
2026-08-23 00:52:02.405,1,1,Read Coils,25,3,-1,-1,-1,-1,-1,-1,-1,-1,52397
2026-08-23 00:52:02.416,1,1,Read Coils,256,20872,-1,-1,-1,-1,-1,-1,-1,-1,34897
2026-08-23 00:52:02.906,1,2,Read Discrete Inputs,4,12,-1,-1,-1,-1,-1,-1,-1,-1,52793
2026-08-23 00:52:02.917,1,2,Read Discrete Inputs,512,185,-1,-1,-1,-1,-1,-1,-1,-1,47289
2026-08-23 00:52:03.406,1,3,Read Holding Registers,1260,12,-1,-1,-1,-1,-1,-1,-1,-1,2693
2026-08-23 00:52:03.448,1,3,Read Holding Registers,6183,3840,-1,-1,-1,-1,-1,-1,-1,-1,15345
2026-08-23 00:52:03.907,1,4,Read Input Registers,86,3,-1,-1,-1,-1,-1,-1,-1,-1,6992
2026-08-23 00:52:03.918,1,4,Read Input Registers,1537,45568,-1,-1,-1,-1,-1,-1,-1,-1,22617
2026-08-23 00:52:04.408,1,5,Write Single Coil,9012,0,-1,-1,-1,-1,-1,-1,-1,-1,32903
2026-08-23 00:52:04.419,1,5,Write Single Coil,9012,0,-1,-1,-1,-1,-1,-1,-1,-1,32903
2026-08-23 00:52:05.415,1,16,Write Multiple Registers,2835,3,6,115,247,204,566,32,-1,-1,29586
2026-08-23 00:52:05.438,1,3,Read Holding Registers,1200,5,-1,-1,-1,-1,-1,-1,-1,-1,7813
2026-08-23 00:52:05.459,1,3,Read Holding Registers,2560,0,-1,-1,-1,-1,-1,-1,-1,-1,46628
2026-08-23 00:52:05.907,1,1,Read Coils,25,3,-1,-1,-1,-1,-1,-1,-1,-1,52397
2026-08-23 00:52:05.918,1,1,Read Coils,256,20872,-1,-1,-1,-1,-1,-1,-1,-1,34897
2026-08-23 00:52:06.407,1,2,Read Discrete Inputs,4,12,-1,-1,-1,-1,-1,-1,-1,-1,52793
2026-08-23 00:52:06.419,1,2,Read Discrete Inputs,513,184,-1,-1,-1,-1,-1,-1,-1,-1,10424
2026-08-23 00:52:06.908,1,3,Read Holding Registers,1260,12,-1,-1,-1,-1,-1,-1,-1,-1,2693
2026-08-23 00:52:06.940,1,3,Read Holding Registers,6183,3840,-1,-1,-1,-1,-1,-1,-1,-1,15345
2026-08-23 00:52:07.409,1,4,Read Input Registers,86,3,-1,-1,-1,-1,-1,-1,-1,-1,6992
2026-08-23 00:52:07.420,1,4,Read Input Registers,1536,37888,-1,-1,-1,-1,-1,-1,-1,-1,20049
2026-08-23 00:52:07.482,1,6,Write Single Register,1272,-1,-1,883,883,883,883,9,-1,-1,7752
2026-08-23 00:52:07.493,1,6,Write Single Register,1272,-1,-1,883,883,883,883,9,-1,-1,7752
2026-08-23 00:52:07.911,1,5,Write Single Coil,9012,65280,-1,-1,-1,-1,-1,-1,-1,-1,28870
2026-08-23 00:52:07.922,1,5,Write Single Coil,9012,65280,-1,-1,-1,-1,-1,-1,-1,-1,28870
2026-08-23 00:52:08.411,1,6,Write Single Register,321,-1,-1,15,15,15,15,12,-1,-1,9880
2026-08-23 00:52:08.423,1,6,Write Single Register,321,-1,-1,15,15,15,15,12,-1,-1,9880
2026-08-23 00:52:08.912,1,16,Write Multiple Registers,2835,3,6,114,240,221,575,34,-1,-1,29310
2026-08-23 00:52:08.945,1,3,Read Holding Registers,1200,5,-1,-1,-1,-1,-1,-1,-1,-1,7813
2026-08-23 00:52:08.966,1,3,Read Holding Registers,2560,0,-1,-1,-1,-1,-1,-1,-1,-1,46628
2026-08-23 00:52:09.404,1,1,Read Coils,25,3,-1,-1,-1,-1,-1,-1,-1,-1,52397
2026-08-23 00:52:09.415,1,1,Read Coils,256,20872,-1,-1,-1,-1,-1,-1,-1,-1,34897
2026-08-23 00:52:09.905,1,2,Read Discrete Inputs,4,12,-1,-1,-1,-1,-1,-1,-1,-1,52793
2026-08-23 00:52:09.917,1,2,Read Discrete Inputs,512,185,-1,-1,-1,-1,-1,-1,-1,-1,47289
2026-08-23 00:52:10.405,1,3,Read Holding Registers,1260,12,-1,-1,-1,-1,-1,-1,-1,-1,2693
2026-08-23 00:52:10.448,1,3,Read Holding Registers,6183,3840,-1,-1,-1,-1,-1,-1,-1,-1,15345
2026-08-23 00:52:10.907,1,4,Read Input Registers,86,3,-1,-1,-1,-1,-1,-1,-1,-1,6992
2026-08-23 00:52:10.918,1,4,Read Input Registers,1539,43264,-1,-1,-1,-1,-1,-1,-1,-1,47164
2026-08-23 00:52:12.412,1,16,Write Multiple Registers,2835,3,6,108,243,204,555,34,-1,-1,30370
2026-08-23 00:52:12.444,1,3,Read Holding Registers,1200,5,-1,-1,-1,-1,-1,-1,-1,-1,7813
2026-08-23 00:52:12.466,1,3,Read Holding Registers,2560,0,-1,-1,-1,-1,-1,-1,-1,-1,46628
2026-08-23 00:52:12.904,1,1,Read Coils,25,3,-1,-1,-1,-1,-1,-1,-1,-1,52397
2026-08-23 00:52:12.915,1,1,Read Coils,256,20872,-1,-1,-1,-1,-1,-1,-1,-1,34897
2026-08-23 00:52:13.404,1,2,Read Discrete Inputs,4,12,-1,-1,-1,-1,-1,-1,-1,-1,52793
2026-08-23 00:52:13.415,1,2,Read Discrete Inputs,512,185,-1,-1,-1,-1,-1,-1,-1,-1,47289
2026-08-23 00:52:13.905,1,3,Read Holding Registers,1260,12,-1,-1,-1,-1,-1,-1,-1,-1,2693
2026-08-23 00:52:13.948,1,3,Read Holding Registers,6183,3840,-1,-1,-1,-1,-1,-1,-1,-1,15345
2026-08-23 00:52:14.407,1,4,Read Input Registers,86,3,-1,-1,-1,-1,-1,-1,-1,-1,6992
2026-08-23 00:52:14.419,1,4,Read Input Registers,1537,17920,-1,-1,-1,-1,-1,-1,-1,-1,36328
2026-08-23 00:52:15.915,1,16,Write Multiple Registers,2835,3,6,111,249,249,609,30,-1,-1,30046
2026-08-23 00:52:15.938,1,3,Read Holding Registers,1200,5,-1,-1,-1,-1,-1,-1,-1,-1,7813
2026-08-23 00:52:15.959,1,3,Read Holding Registers,2560,0,-1,-1,-1,-1,-1,-1,-1,-1,46628
2026-08-23 00:52:16.408,1,1,Read Coils,25,3,-1,-1,-1,-1,-1,-1,-1,-1,52397
2026-08-23 00:52:16.420,1,1,Read Coils,256,20872,-1,-1,-1,-1,-1,-1,-1,-1,34897
2026-08-23 00:52:16.911,1,2,Read Discrete Inputs,4,12,-1,-1,-1,-1,-1,-1,-1,-1,52793
2026-08-23 00:52:16.922,1,2,Read Discrete Inputs,512,185,-1,-1,-1,-1,-1,-1,-1,-1,47289
2026-08-23 00:52:17.401,1,3,Read Holding Registers,1260,12,-1,-1,-1,-1,-1,-1,-1,-1,2693
2026-08-23 00:52:17.444,1,3,Read Holding Registers,6183,3840,-1,-1,-1,-1,-1,-1,-1,-1,15345
2026-08-23 00:52:17.902,1,4,Read Input Registers,86,3,-1,-1,-1,-1,-1,-1,-1,-1,6992
2026-08-23 00:52:17.924,1,4,Read Input Registers,1538,53248,-1,-1,-1,-1,-1,-1,-1,-1,41888
2026-08-23 00:52:19.418,1,16,Write Multiple Registers,2835,3,6,109,256,247,612,35,-1,-1,42583
2026-08-23 00:52:19.441,1,3,Read Holding Registers,1200,5,-1,-1,-1,-1,-1,-1,-1,-1,7813
2026-08-23 00:52:19.462,1,3,Read Holding Registers,2560,0,-1,-1,-1,-1,-1,-1,-1,-1,46628
2026-08-23 00:52:19.911,1,1,Read Coils,25,3,-1,-1,-1,-1,-1,-1,-1,-1,52397
2026-08-23 00:52:19.923,1,1,Read Coils,256,20872,-1,-1,-1,-1,-1,-1,-1,-1,34897
2026-08-23 00:52:20.402,1,2,Read Discrete Inputs,4,12,-1,-1,-1,-1,-1,-1,-1,-1,52793
2026-08-23 00:52:20.414,1,2,Read Discrete Inputs,512,185,-1,-1,-1,-1,-1,-1,-1,-1,47289
2026-08-23 00:52:20.903,1,3,Read Holding Registers,1260,12,-1,-1,-1,-1,-1,-1,-1,-1,2693
2026-08-23 00:52:20.945,1,3,Read Holding Registers,6183,3840,-1,-1,-1,-1,-1,-1,-1,-1,15345
2026-08-23 00:52:21.403,1,4,Read Input Registers,86,3,-1,-1,-1,-1,-1,-1,-1,-1,6992
2026-08-23 00:52:21.425,1,4,Read Input Registers,1537,27648,-1,-1,-1,-1,-1,-1,-1,-1,19441
2026-08-23 00:52:21.903,1,5,Write Single Coil,9012,0,-1,-1,-1,-1,-1,-1,-1,-1,32903
2026-08-23 00:52:21.915,1,5,Write Single Coil,9012,0,-1,-1,-1,-1,-1,-1,-1,-1,32903
2026-08-23 00:52:22.476,1,6,Write Single Register,1264,-1,-1,116,116,116,116,12,-1,-1,61064
2026-08-23 00:52:22.488,1,6,Write Single Register,1264,-1,-1,116,116,116,116,12,-1,-1,61064
2026-08-23 00:52:22.917,1,16,Write Multiple Registers,2835,3,6,107,244,200,551,35,-1,-1,46499
2026-08-23 00:52:22.940,1,3,Read Holding Registers,1200,5,-1,-1,-1,-1,-1,-1,-1,-1,7813
2026-08-23 00:52:22.961,1,3,Read Holding Registers,2560,0,-1,-1,-1,-1,-1,-1,-1,-1,46628
2026-08-23 00:52:23.410,1,1,Read Coils,25,3,-1,-1,-1,-1,-1,-1,-1,-1,52397
2026-08-23 00:52:23.421,1,1,Read Coils,256,20872,-1,-1,-1,-1,-1,-1,-1,-1,34897
2026-08-23 00:52:23.902,1,2,Read Discrete Inputs,4,12,-1,-1,-1,-1,-1,-1,-1,-1,52793
2026-08-23 00:52:23.914,1,2,Read Discrete Inputs,512,185,-1,-1,-1,-1,-1,-1,-1,-1,47289
2026-08-23 00:52:24.403,1,3,Read Holding Registers,1260,12,-1,-1,-1,-1,-1,-1,-1,-1,2693
2026-08-23 00:52:24.445,1,3,Read Holding Registers,6183,3840,-1,-1,-1,-1,-1,-1,-1,-1,14388
2026-08-23 00:52:24.904,1,4,Read Input Registers,86,3,-1,-1,-1,-1,-1,-1,-1,-1,6992
2026-08-23 00:52:24.926,1,4,Read Input Registers,1538,21248,-1,-1,-1,-1,-1,-1,-1,-1,32229
2026-08-23 00:52:25.904,1,6,Write Single Register,321,-1,-1,16,16,16,16,15,-1,-1,61145
2026-08-23 00:52:25.916,1,6,Write Single Register,321,-1,-1,16,16,16,16,15,-1,-1,61145
2026-08-23 00:52:26.417,1,16,Write Multiple Registers,2835,3,6,105,256,217,578,38,-1,-1,25086
2026-08-23 00:52:26.440,1,3,Read Holding Registers,1200,5,-1,-1,-1,-1,-1,-1,-1,-1,7813
2026-08-23 00:52:26.462,1,3,Read Holding Registers,2560,0,-1,-1,-1,-1,-1,-1,-1,-1,46628
2026-08-23 00:52:26.901,1,1,Read Coils,25,3,-1,-1,-1,-1,-1,-1,-1,-1,52397
2026-08-23 00:52:26.912,1,1,Read Coils,256,20872,-1,-1,-1,-1,-1,-1,-1,-1,34897
2026-08-23 00:52:27.403,1,2,Read Discrete Inputs,4,12,-1,-1,-1,-1,-1,-1,-1,-1,52793
2026-08-23 00:52:27.424,1,2,Read Discrete Inputs,513,184,-1,-1,-1,-1,-1,-1,-1,-1,10424
2026-08-23 00:52:27.905,1,3,Read Holding Registers,1260,12,-1,-1,-1,-1,-1,-1,-1,-1,2693
2026-08-23 00:52:27.947,1,3,Read Holding Registers,6183,3840,-1,-1,-1,-1,-1,-1,-1,-1,14388
2026-08-23 00:52:28.406,1,4,Read Input Registers,86,3,-1,-1,-1,-1,-1,-1,-1,-1,6992
2026-08-23 00:52:28.428,1,4,Read Input Registers,1538,9984,-1,-1,-1,-1,-1,-1,-1,-1,30293
2026-08-23 00:52:28.911,1,5,Write Single Coil,9012,0,-1,-1,-1,-1,-1,-1,-1,-1,32903
2026-08-23 00:52:28.923,1,5,Write Single Coil,9012,0,-1,-1,-1,-1,-1,-1,-1,-1,32903
2026-08-23 00:52:29.911,1,16,Write Multiple Registers,2835,3,6,103,245,232,580,33,-1,-1,45347
2026-08-23 00:52:29.944,1,3,Read Holding Registers,1200,5,-1,-1,-1,-1,-1,-1,-1,-1,7813
2026-08-23 00:52:29.965,1,3,Read Holding Registers,2560,0,-1,-1,-1,-1,-1,-1,-1,-1,46628
2026-08-23 00:52:30.234,1,6,Write Single Register,1271,-1,-1,750,750,750,750,9,-1,-1,9400
2026-08-23 00:52:30.246,1,6,Write Single Register,1271,-1,-1,750,750,750,750,9,-1,-1,9400
2026-08-23 00:52:30.405,1,1,Read Coils,25,3,-1,-1,-1,-1,-1,-1,-1,-1,52397
2026-08-23 00:52:30.418,1,1,Read Coils,256,20872,-1,-1,-1,-1,-1,-1,-1,-1,34897
2026-08-23 00:52:30.910,1,2,Read Discrete Inputs,4,12,-1,-1,-1,-1,-1,-1,-1,-1,52793
2026-08-23 00:52:30.921,1,2,Read Discrete Inputs,513,184,-1,-1,-1,-1,-1,-1,-1,-1,10424
2026-08-23 00:52:31.410,1,3,Read Holding Registers,1260,12,-1,-1,-1,-1,-1,-1,-1,-1,2693
2026-08-23 00:52:31.442,1,3,Read Holding Registers,6183,3840,-1,-1,-1,-1,-1,-1,-1,-1,15348
2026-08-23 00:52:31.911,1,4,Read Input Registers,86,3,-1,-1,-1,-1,-1,-1,-1,-1,6992
2026-08-23 00:52:31.922,1,4,Read Input Registers,1539,768,-1,-1,-1,-1,-1,-1,-1,-1,40996
2026-08-23 00:52:32.411,1,5,Write Single Coil,9012,65280,-1,-1,-1,-1,-1,-1,-1,-1,28870
2026-08-23 00:52:32.422,1,5,Write Single Coil,9012,65280,-1,-1,-1,-1,-1,-1,-1,-1,28870
2026-08-23 00:52:33.419,1,16,Write Multiple Registers,2835,3,6,108,254,223,585,30,-1,-1,28902
2026-08-23 00:52:33.442,1,3,Read Holding Registers,1200,5,-1,-1,-1,-1,-1,-1,-1,-1,7813
2026-08-23 00:52:33.463,1,3,Read Holding Registers,2560,0,-1,-1,-1,-1,-1,-1,-1,-1,46628
2026-08-23 00:52:33.912,1,1,Read Coils,25,3,-1,-1,-1,-1,-1,-1,-1,-1,52397
2026-08-23 00:52:33.923,1,1,Read Coils,256,20872,-1,-1,-1,-1,-1,-1,-1,-1,34897
2026-08-23 00:52:34.412,1,2,Read Discrete Inputs,4,12,-1,-1,-1,-1,-1,-1,-1,-1,52793
2026-08-23 00:52:34.423,1,2,Read Discrete Inputs,512,185,-1,-1,-1,-1,-1,-1,-1,-1,47289
2026-08-23 00:52:34.902,1,3,Read Holding Registers,1260,12,-1,-1,-1,-1,-1,-1,-1,-1,2693
2026-08-23 00:52:34.944,1,3,Read Holding Registers,6183,3840,-1,-1,-1,-1,-1,-1,-1,-1,15348
2026-08-23 00:52:35.403,1,4,Read Input Registers,86,3,-1,-1,-1,-1,-1,-1,-1,-1,6992
2026-08-23 00:52:35.425,1,4,Read Input Registers,1538,27904,-1,-1,-1,-1,-1,-1,-1,-1,47308
2026-08-23 00:52:35.904,1,5,Write Single Coil,9012,65280,-1,-1,-1,-1,-1,-1,-1,-1,28870
2026-08-23 00:52:35.916,1,5,Write Single Coil,9012,65280,-1,-1,-1,-1,-1,-1,-1,-1,28870
2026-08-23 00:52:36.913,1,16,Write Multiple Registers,2835,3,6,110,250,231,591,31,-1,-1,46823
2026-08-23 00:52:36.946,1,3,Read Holding Registers,1200,5,-1,-1,-1,-1,-1,-1,-1,-1,7813
2026-08-23 00:52:36.968,1,3,Read Holding Registers,2560,0,-1,-1,-1,-1,-1,-1,-1,-1,46628
2026-08-23 00:52:37.406,1,1,Read Coils,25,3,-1,-1,-1,-1,-1,-1,-1,-1,52397
2026-08-23 00:52:37.417,1,1,Read Coils,256,20872,-1,-1,-1,-1,-1,-1,-1,-1,34897
2026-08-23 00:52:37.571,1,6,Write Single Register,1261,-1,-1,25,25,25,25,13,-1,-1,1497
2026-08-23 00:52:37.593,1,6,Write Single Register,1261,-1,-1,25,25,25,25,13,-1,-1,1497
2026-08-23 00:52:37.909,1,2,Read Discrete Inputs,4,12,-1,-1,-1,-1,-1,-1,-1,-1,52793
2026-08-23 00:52:37.920,1,2,Read Discrete Inputs,513,184,-1,-1,-1,-1,-1,-1,-1,-1,10424
2026-08-23 00:52:38.410,1,3,Read Holding Registers,1260,12,-1,-1,-1,-1,-1,-1,-1,-1,2693
2026-08-23 00:52:38.442,1,3,Read Holding Registers,6183,3840,-1,-1,-1,-1,-1,-1,-1,-1,49073
2026-08-23 00:52:38.911,1,4,Read Input Registers,86,3,-1,-1,-1,-1,-1,-1,-1,-1,6992
2026-08-23 00:52:38.923,1,4,Read Input Registers,1538,10496,-1,-1,-1,-1,-1,-1,-1,-1,46908
2026-08-23 00:52:39.403,1,5,Write Single Coil,9012,0,-1,-1,-1,-1,-1,-1,-1,-1,32903
2026-08-23 00:52:39.424,1,5,Write Single Coil,9012,0,-1,-1,-1,-1,-1,-1,-1,-1,32903
2026-08-23 00:52:40.413,1,16,Write Multiple Registers,2835,3,6,115,243,238,596,31,-1,-1,46955
2026-08-23 00:52:40.447,1,3,Read Holding Registers,1200,5,-1,-1,-1,-1,-1,-1,-1,-1,7813
2026-08-23 00:52:40.459,1,3,Read Holding Registers,2560,0,-1,-1,-1,-1,-1,-1,-1,-1,46628
2026-08-23 00:52:40.907,1,1,Read Coils,25,3,-1,-1,-1,-1,-1,-1,-1,-1,52397
2026-08-23 00:52:40.919,1,1,Read Coils,256,20872,-1,-1,-1,-1,-1,-1,-1,-1,34897
2026-08-23 00:52:41.409,1,2,Read Discrete Inputs,4,12,-1,-1,-1,-1,-1,-1,-1,-1,52793
2026-08-23 00:52:41.420,1,2,Read Discrete Inputs,513,184,-1,-1,-1,-1,-1,-1,-1,-1,10424
2026-08-23 00:52:41.911,1,3,Read Holding Registers,1260,12,-1,-1,-1,-1,-1,-1,-1,-1,2693
2026-08-23 00:52:41.943,1,3,Read Holding Registers,6183,3840,-1,-1,-1,-1,-1,-1,-1,-1,49073
2026-08-23 00:52:42.402,1,4,Read Input Registers,86,3,-1,-1,-1,-1,-1,-1,-1,-1,6992
2026-08-23 00:52:42.424,1,4,Read Input Registers,1537,12288,-1,-1,-1,-1,-1,-1,-1,-1,17953
2026-08-23 00:52:43.403,1,6,Write Single Register,321,-1,-1,36,36,36,36,14,-1,-1,14808
2026-08-23 00:52:43.425,1,6,Write Single Register,321,-1,-1,36,36,36,36,14,-1,-1,14808
2026-08-23 00:52:43.915,1,16,Write Multiple Registers,2835,3,6,102,249,218,569,33,-1,-1,45131
2026-08-23 00:52:43.937,1,3,Read Holding Registers,1200,5,-1,-1,-1,-1,-1,-1,-1,-1,7813
2026-08-23 00:52:43.959,1,3,Read Holding Registers,2560,0,-1,-1,-1,-1,-1,-1,-1,-1,46628
2026-08-23 00:52:44.408,1,1,Read Coils,25,3,-1,-1,-1,-1,-1,-1,-1,-1,52397
2026-08-23 00:52:44.420,1,1,Read Coils,256,20872,-1,-1,-1,-1,-1,-1,-1,-1,34897
2026-08-23 00:52:44.909,1,2,Read Discrete Inputs,4,12,-1,-1,-1,-1,-1,-1,-1,-1,52793
2026-08-23 00:52:44.921,1,2,Read Discrete Inputs,512,185,-1,-1,-1,-1,-1,-1,-1,-1,47289
2026-08-23 00:52:45.410,1,3,Read Holding Registers,1260,12,-1,-1,-1,-1,-1,-1,-1,-1,2693
2026-08-23 00:52:45.442,1,3,Read Holding Registers,6183,3840,-1,-1,-1,-1,-1,-1,-1,-1,49073
2026-08-23 00:52:45.902,1,4,Read Input Registers,86,3,-1,-1,-1,-1,-1,-1,-1,-1,6992
2026-08-23 00:52:45.924,1,4,Read Input Registers,1538,61696,-1,-1,-1,-1,-1,-1,-1,-1,42012
2026-08-23 00:52:47.420,1,16,Write Multiple Registers,2835,3,6,107,248,217,572,33,-1,-1,45919
2026-08-23 00:52:47.443,1,3,Read Holding Registers,1200,5,-1,-1,-1,-1,-1,-1,-1,-1,7813
2026-08-23 00:52:47.464,1,3,Read Holding Registers,2560,0,-1,-1,-1,-1,-1,-1,-1,-1,46628
2026-08-23 00:52:47.904,1,1,Read Coils,25,3,-1,-1,-1,-1,-1,-1,-1,-1,52397
2026-08-23 00:52:47.915,1,1,Read Coils,256,20872,-1,-1,-1,-1,-1,-1,-1,-1,34897
2026-08-23 00:52:48.404,1,2,Read Discrete Inputs,4,12,-1,-1,-1,-1,-1,-1,-1,-1,52793
2026-08-23 00:52:48.415,1,2,Read Discrete Inputs,512,185,-1,-1,-1,-1,-1,-1,-1,-1,47289
2026-08-23 00:52:48.906,1,3,Read Holding Registers,1260,12,-1,-1,-1,-1,-1,-1,-1,-1,2693
2026-08-23 00:52:48.948,1,3,Read Holding Registers,6183,3840,-1,-1,-1,-1,-1,-1,-1,-1,49073
2026-08-23 00:52:49.407,1,4,Read Input Registers,86,3,-1,-1,-1,-1,-1,-1,-1,-1,6992
2026-08-23 00:52:49.428,1,4,Read Input Registers,1538,4864,-1,-1,-1,-1,-1,-1,-1,-1,45796
2026-08-23 00:52:50.405,1,6,Write Single Register,321,-1,-1,40,40,40,40,14,-1,-1,15576
2026-08-23 00:52:50.417,1,6,Write Single Register,321,-1,-1,40,40,40,40,14,-1,-1,15576
2026-08-23 00:52:50.764,1,6,Write Single Register,1277,-1,-1,1752,1752,1752,1752,10,-1,-1,61466
2026-08-23 00:52:50.775,1,6,Write Single Register,1277,-1,-1,1752,1752,1752,1752,10,-1,-1,61466
2026-08-23 00:52:50.919,1,16,Write Multiple Registers,2835,3,6,104,252,247,603,32,-1,-1,30278
2026-08-23 00:52:50.941,1,3,Read Holding Registers,1200,5,-1,-1,-1,-1,-1,-1,-1,-1,7813
2026-08-23 00:52:50.963,1,3,Read Holding Registers,2560,0,-1,-1,-1,-1,-1,-1,-1,-1,46628
2026-08-23 00:52:51.411,1,1,Read Coils,25,3,-1,-1,-1,-1,-1,-1,-1,-1,52397
2026-08-23 00:52:51.422,1,1,Read Coils,256,20872,-1,-1,-1,-1,-1,-1,-1,-1,34897
2026-08-23 00:52:51.903,1,2,Read Discrete Inputs,4,12,-1,-1,-1,-1,-1,-1,-1,-1,52793
2026-08-23 00:52:51.924,1,2,Read Discrete Inputs,513,184,-1,-1,-1,-1,-1,-1,-1,-1,10424
2026-08-23 00:52:52.403,1,3,Read Holding Registers,1260,12,-1,-1,-1,-1,-1,-1,-1,-1,2693
2026-08-23 00:52:52.445,1,3,Read Holding Registers,6183,3840,-1,-1,-1,-1,-1,-1,-1,-1,49073
2026-08-23 00:52:52.904,1,4,Read Input Registers,86,3,-1,-1,-1,-1,-1,-1,-1,-1,6992
2026-08-23 00:52:52.926,1,4,Read Input Registers,1539,30976,-1,-1,-1,-1,-1,-1,-1,-1,27389
2026-08-23 00:52:54.414,1,16,Write Multiple Registers,2835,3,6,114,250,210,574,34,-1,-1,29866
2026-08-23 00:52:54.447,1,3,Read Holding Registers,1200,5,-1,-1,-1,-1,-1,-1,-1,-1,7813
2026-08-23 00:52:54.469,1,3,Read Holding Registers,2560,0,-1,-1,-1,-1,-1,-1,-1,-1,46628
2026-08-23 00:52:54.908,1,1,Read Coils,25,3,-1,-1,-1,-1,-1,-1,-1,-1,52397
2026-08-23 00:52:54.919,1,1,Read Coils,256,20872,-1,-1,-1,-1,-1,-1,-1,-1,34897
2026-08-23 00:52:55.410,1,2,Read Discrete Inputs,4,12,-1,-1,-1,-1,-1,-1,-1,-1,52793
2026-08-23 00:52:55.421,1,2,Read Discrete Inputs,513,184,-1,-1,-1,-1,-1,-1,-1,-1,10424
2026-08-23 00:52:55.911,1,3,Read Holding Registers,1260,12,-1,-1,-1,-1,-1,-1,-1,-1,2693
2026-08-23 00:52:55.943,1,3,Read Holding Registers,6183,3840,-1,-1,-1,-1,-1,-1,-1,-1,49073
2026-08-23 00:52:56.402,1,4,Read Input Registers,86,3,-1,-1,-1,-1,-1,-1,-1,-1,6992
2026-08-23 00:52:56.424,1,4,Read Input Registers,1539,6144,-1,-1,-1,-1,-1,-1,-1,-1,41536
2026-08-23 00:52:56.904,1,5,Write Single Coil,9012,65280,-1,-1,-1,-1,-1,-1,-1,-1,28870
2026-08-23 00:52:56.926,1,5,Write Single Coil,9012,65280,-1,-1,-1,-1,-1,-1,-1,-1,28870
2026-08-23 00:52:57.914,1,16,Write Multiple Registers,2835,3,6,115,245,227,587,32,-1,-1,29894
2026-08-23 00:52:57.947,1,3,Read Holding Registers,1200,5,-1,-1,-1,-1,-1,-1,-1,-1,7813
2026-08-23 00:52:57.968,1,3,Read Holding Registers,2560,0,-1,-1,-1,-1,-1,-1,-1,-1,46628
2026-08-23 00:52:58.407,1,1,Read Coils,25,3,-1,-1,-1,-1,-1,-1,-1,-1,52397
2026-08-23 00:52:58.418,1,1,Read Coils,256,20872,-1,-1,-1,-1,-1,-1,-1,-1,34897
2026-08-23 00:52:58.908,1,2,Read Discrete Inputs,4,12,-1,-1,-1,-1,-1,-1,-1,-1,52793
2026-08-23 00:52:58.919,1,2,Read Discrete Inputs,513,184,-1,-1,-1,-1,-1,-1,-1,-1,10424
2026-08-23 00:52:59.409,1,3,Read Holding Registers,1260,12,-1,-1,-1,-1,-1,-1,-1,-1,2693
2026-08-23 00:52:59.442,1,3,Read Holding Registers,6183,3840,-1,-1,-1,-1,-1,-1,-1,-1,49073
2026-08-23 00:52:59.911,1,4,Read Input Registers,86,3,-1,-1,-1,-1,-1,-1,-1,-1,6992
2026-08-23 00:52:59.922,1,4,Read Input Registers,1537,10240,-1,-1,-1,-1,-1,-1,-1,-1,17409
2026-08-23 00:53:00.412,1,5,Write Single Coil,9012,0,-1,-1,-1,-1,-1,-1,-1,-1,32903
2026-08-23 00:53:00.423,1,5,Write Single Coil,9012,0,-1,-1,-1,-1,-1,-1,-1,-1,32903
