timestamp_cierre_ventana,delta_t_std,delta_t_mean,delta_t_sum,address_rango,address_unicas,quantity_total,quantity_std
2026-09-13 05:28:16.620,0.21360555548330978,0.155,0.62,4948.0,4.0,53777.0,26877.16711727633
2026-09-13 05:28:18.637,0.21360555548330978,0.155,0.62,4948.0,4.0,53777.0,26877.16711727633
2026-09-13 05:28:18.671,0.21360555548330978,0.155,0.62,4948.0,4.0,53777.0,26877.16711727633
2026-09-13 05:28:20.069,0.21360555548330978,0.155,0.62,4948.0,4.0,53777.0,26877.16711727633
2026-09-13 05:28:20.120,0.21360555548330978,0.155,0.62,4983.0,4.0,3857.0,1917.1729838488618
2026-09-13 05:28:22.137,0.21360555548330978,0.155,0.62,4983.0,4.0,3857.0,1917.1729838488618
2026-09-13 05:28:22.171,0.21360555548330978,0.155,0.62,4983.0,4.0,3857.0,1917.1729838488618
2026-09-13 05:28:23.569,0.21360555548330978,0.155,0.62,4983.0,4.0,3857.0,1917.1729838488618
2026-09-13 05:28:23.620,0.21360555548330978,0.155,0.62,4983.0,4.0,3857.0,1917.1729838488618
2026-09-13 05:28:25.637,0.21360555548330978,0.155,0.62,4983.0,4.0,3857.0,1917.1729838488618
2026-09-13 05:28:25.671,0.21360555548330978,0.155,0.62,4983.0,4.0,3857.0,1917.1729838488618
2026-09-13 05:28:27.069,0.21360555548330978,0.155,0.62,4983.0,4.0,3857.0,1917.1729838488618
2026-09-13 05:28:27.120,0.21360555548330978,0.155,0.62,4983.0,4.0,3857.0,1917.1729838488618
2026-09-13 05:28:29.137,0.21360555548330978,0.155,0.62,4983.0,4.0,3857.0,1917.1729838488618
2026-09-13 05:28:29.171,0.21360555548330978,0.155,0.62,4983.0,4.0,3857.0,1917.1729838488618
2026-09-13 05:28:30.569,0.21360555548330978,0.155,0.62,4983.0,4.0,3857.0,1917.1729838488618
2026-09-13 05:28:30.620,0.21360555548330978,0.155,0.62,4983.0,4.0,3857.0,1917.1729838488618
2026-09-13 05:28:32.637,0.21360555548330978,0.155,0.62,4983.0,4.0,3857.0,1917.1729838488618
2026-09-13 05:28:32.671,0.21360555548330978,0.155,0.62,4983.0,4.0,3857.0,1917.1729838488618
2026-09-13 05:28:34.081,0.015521490478258375,0.042749999999999996,0.17099999999999999,4983.0,4.0,3857.0,1917.1729838488618
2026-09-13 05:28:34.131,0.015351438586225898,0.0425,0.17,4983.0,4.0,3857.0,1917.1729838488618
2026-09-13 05:28:36.149,0.015734781006843793,0.04275,0.171,4983.0,4.0,3857.0,1917.1729838488618
2026-09-13 05:28:36.183,0.015734781006843793,0.04275,0.171,4983.0,4.0,3857.0,1917.1729838488618
2026-09-13 05:28:37.580,0.21362116000059544,0.155,0.62,4983.0,4.0,3857.0,1917.1729838488618
2026-09-13 05:28:37.631,0.21345784127082332,0.15525,0.621,4983.0,4.0,3857.0,1917.1729838488618
2026-09-13 05:28:39.648,0.21360555548330978,0.155,0.62,4983.0,4.0,3857.0,1917.1729838488618
2026-09-13 05:28:39.682,0.21360555548330978,0.155,0.62,4983.0,4.0,3857.0,1917.1729838488618
2026-09-13 05:28:41.080,0.21360555548330976,0.155,0.62,4983.0,4.0,3857.0,1917.1729838488618
2026-09-13 05:28:41.131,0.21360555548330976,0.155,0.62,4983.0,4.0,3857.0,1917.1729838488618
2026-09-13 05:28:43.149,0.2134578412708233,0.15525,0.621,4983.0,4.0,3857.0,1917.1729838488618
2026-09-13 05:28:43.182,0.21364768506429768,0.155,0.62,4983.0,4.0,3857.0,1917.1729838488618
2026-09-13 05:28:44.580,0.21364768506429765,0.155,0.62,4983.0,4.0,3857.0,1917.1729838488618
2026-09-13 05:28:44.631,0.21364768506429765,0.155,0.62,4983.0,4.0,3857.0,1917.1729838488618
2026-09-13 05:28:46.649,0.21364768506429765,0.155,0.62,4983.0,4.0,3857.0,1917.1729838488618
2026-09-13 05:28:46.682,0.21364768506429765,0.155,0.62,4983.0,4.0,3857.0,1917.1729838488618
2026-09-13 05:28:48.080,0.21364768506429763,0.155,0.62,4983.0,4.0,3857.0,1917.1729838488618
2026-09-13 05:28:48.131,0.21364768506429763,0.155,0.62,4983.0,4.0,3857.0,1917.1729838488618
2026-09-13 05:28:50.149,0.2137948783296737,0.15475,0.619,4983.0,4.0,3857.0,1917.1729838488618
2026-09-13 05:28:50.182,0.2137948783296737,0.15475,0.619,4983.0,4.0,3857.0,1917.1729838488618
2026-09-13 05:28:51.581,0.21429419030855687,0.155,0.62,4983.0,4.0,3857.0,1917.1729838488618
2026-09-13 05:28:51.631,0.21445648354231056,0.15475,0.619,4983.0,4.0,3857.0,1917.1729838488618
2026-09-13 05:28:53.649,0.21445648354231056,0.15475,0.619,4983.0,4.0,3857.0,1917.1729838488618
2026-09-13 05:28:53.683,0.21426774527834713,0.155,0.62,4983.0,4.0,3857.0,1917.1729838488618
2026-09-13 05:28:55.081,0.2142677452783471,0.155,0.62,4983.0,4.0,3857.0,1917.1729838488618
2026-09-13 05:28:55.132,0.21410491976287382,0.15525,0.621,4983.0,4.0,3857.0,1917.1729838488618
2026-09-13 05:28:57.149,0.21410491976287382,0.15525,0.621,4983.0,4.0,3857.0,1917.1729838488618
2026-09-13 05:28:57.183,0.21410491976287382,0.15525,0.621,4983.0,4.0,3857.0,1917.1729838488618
2026-09-13 05:28:58.581,0.21410491976287382,0.15525,0.621,4983.0,4.0,3857.0,1917.1729838488618
2026-09-13 05:28:58.631,0.2142677452783471,0.155,0.62,4983.0,4.0,3857.0,1917.1729838488618
2026-09-13 05:29:00.649,0.2142677452783471,0.155,0.62,4983.0,4.0,3857.0,1917.1729838488618
2026-09-13 05:29:00.683,0.2142677452783471,0.155,0.62,4983.0,4.0,3857.0,1917.1729838488618
2026-09-13 05:29:02.081,0.21426774527834708,0.155,0.62,4983.0,4.0,3857.0,1917.1729838488618
2026-09-13 05:29:02.131,0.21426774527834708,0.155,0.62,4983.0,4.0,3857.0,1917.1729838488618
2026-09-13 05:29:04.149,0.21426774527834708,0.155,0.62,4983.0,4.0,3857.0,1917.1729838488618
2026-09-13 05:29:04.183,0.21426774527834708,0.155,0.62,4983.0,4.0,3857.0,1917.1729838488618
2026-09-13 05:29:05.581,0.21376837153018363,0.15475,0.619,4983.0,4.0,3857.0,1917.1729838488618
2026-09-13 05:29:05.632,0.21360555548330967,0.155,0.62,4983.0,4.0,3857.0,1917.1729838488618
2026-09-13 05:29:07.649,0.21360555548330967,0.155,0.62,4983.0,4.0,3857.0,1917.1729838488618
2026-09-13 05:29:07.683,0.21360555548330967,0.155,0.62,4983.0,4.0,3857.0,1917.1729838488618
2026-09-13 05:29:09.081,0.21360555548330967,0.155,0.62,4983.0,4.0,3857.0,1917.1729838488618
2026-09-13 05:29:09.132,0.21360555548330967,0.155,0.62,4983.0,4.0,3857.0,1917.1729838488618
2026-09-13 05:29:11.149,0.21360555548330967,0.155,0.62,4983.0,4.0,3857.0,1917.1729838488618
2026-09-13 05:29:11.183,0.21360555548330967,0.155,0.62,4983.0,4.0,3857.0,1917.1729838488618
2026-09-13 05:29:12.623,0.21360555548330967,0.155,0.62,4983.0,4.0,3857.0,1917.1729838488618
2026-09-13 05:29:12.675,0.2134437865106407,0.15525,0.621,4983.0,4.0,3857.0,1917.1729838488618
2026-09-13 05:29:14.691,0.2134437865106407,0.15525,0.621,4983.0,4.0,3857.0,1917.1729838488618
2026-09-13 05:29:14.725,0.2134437865106407,0.15525,0.621,4983.0,4.0,3857.0,1917.1729838488618
2026-09-13 05:29:16.123,0.2134437865106407,0.15525,0.621,4983.0,4.0,3857.0,1917.1729838488618
2026-09-13 05:29:16.174,0.2136055554833097,0.155,0.62,4983.0,4.0,3857.0,1917.1729838488618
2026-09-13 05:29:18.191,0.2136055554833097,0.155,0.62,4983.0,4.0,3857.0,1917.1729838488618
2026-09-13 05:29:18.225,0.2136055554833097,0.155,0.62,4983.0,4.0,3857.0,1917.1729838488618
2026-09-13 05:29:19.623,0.2136055554833097,0.155,0.62,4983.0,4.0,3857.0,1917.1729838488618
2026-09-13 05:29:19.674,0.2136055554833097,0.155,0.62,4983.0,4.0,3857.0,1917.1729838488618
2026-09-13 05:29:21.691,0.2136055554833097,0.155,0.62,4983.0,4.0,3857.0,1917.1729838488618
2026-09-13 05:29:21.725,0.2136055554833097,0.155,0.62,4983.0,4.0,3857.0,1917.1729838488618
2026-09-13 05:29:23.123,0.2136055554833097,0.155,0.62,4983.0,4.0,3857.0,1917.1729838488618
2026-09-13 05:29:23.174,0.2136055554833097,0.155,0.62,4983.0,4.0,3857.0,1917.1729838488618
2026-09-13 05:29:25.191,0.2136055554833097,0.155,0.62,4983.0,4.0,3857.0,1917.1729838488618
2026-09-13 05:29:25.225,0.2136055554833097,0.155,0.62,4983.0,4.0,3857.0,1917.1729838488618
2026-09-13 05:29:26.623,0.2136055554833097,0.155,0.62,4983.0,4.0,3857.0,1917.1729838488618
2026-09-13 05:29:26.674,0.2136055554833097,0.155,0.62,4983.0,4.0,3857.0,1917.1729838488618
2026-09-13 05:29:28.691,0.2136055554833097,0.155,0.62,4983.0,4.0,3857.0,1917.1729838488618
2026-09-13 05:29:28.725,0.2136055554833097,0.155,0.62,4983.0,4.0,3857.0,1917.1729838488618
2026-09-13 05:29:30.123,0.2136055554833097,0.155,0.62,4983.0,4.0,3857.0,1917.1729838488618
2026-09-13 05:29:30.174,0.2136055554833097,0.155,0.62,4983.0,4.0,3857.0,1917.1729838488618
2026-09-13 05:29:32.191,0.2136055554833097,0.155,0.62,4983.0,4.0,3857.0,1917.1729838488618
2026-09-13 05:29:32.225,0.2136055554833097,0.155,0.62,4983.0,4.0,3857.0,1917.1729838488618
2026-09-13 05:29:33.623,0.2136055554833097,0.155,0.62,4983.0,4.0,3857.0,1917.1729838488618
2026-09-13 05:29:33.674,0.2136055554833097,0.155,0.62,4983.0,4.0,3857.0,1917.1729838488618
2026-09-13 05:29:35.691,0.2136055554833097,0.155,0.62,4983.0,4.0,3857.0,1917.1729838488618
2026-09-13 05:29:35.725,0.2136055554833097,0.155,0.62,4983.0,4.0,3857.0,1917.1729838488618
2026-09-13 05:29:37.123,0.2136055554833097,0.155,0.62,4983.0,4.0,3857.0,1917.1729838488618
2026-09-13 05:29:37.174,0.2136055554833097,0.155,0.62,4983.0,4.0,3857.0,1917.1729838488618
2026-09-13 05:29:39.191,0.2136055554833097,0.155,0.62,4983.0,4.0,3857.0,1917.1729838488618
2026-09-13 05:29:39.225,0.2136055554833097,0.155,0.62,4983.0,4.0,3857.0,1917.1729838488618
2026-09-13 05:29:40.623,0.2136055554833097,0.155,0.62,4983.0,4.0,3857.0,1917.1729838488618
2026-09-13 05:29:40.674,0.2136055554833097,0.155,0.62,4983.0,4.0,3857.0,1917.1729838488618
2026-09-13 05:29:42.692,0.21345784127082323,0.15525,0.621,4983.0,4.0,3857.0,1917.1729838488618
2026-09-13 05:29:42.725,0.2136476850642976,0.155,0.62,4983.0,4.0,3857.0,1917.1729838488618
2026-09-13 05:29:44.123,0.2136476850642976,0.155,0.62,4983.0,4.0,3857.0,1917.1729838488618
2026-09-13 05:29:44.174,0.2136476850642976,0.155,0.62,4983.0,4.0,3857.0,1917.1729838488618
2026-09-13 05:29:46.192,0.2136476850642976,0.155,0.62,4983.0,4.0,3857.0,1917.1729838488618
2026-09-13 05:29:46.225,0.2136476850642976,0.155,0.62,4983.0,4.0,3857.0,1917.1729838488618
2026-09-13 05:29:47.623,0.2136476850642976,0.155,0.62,4983.0,4.0,3857.0,1917.1729838488618
2026-09-13 05:29:47.674,0.2136476850642976,0.155,0.62,4983.0,4.0,3857.0,1917.1729838488618
2026-09-13 05:29:49.692,0.21379487832967367,0.15475,0.619,4983.0,4.0,3857.0,1917.1729838488618
2026-09-13 05:29:49.726,0.2136055554833097,0.155,0.62,4983.0,4.0,3857.0,1917.1729838488618
2026-09-13 05:29:51.124,0.017935068069751273,0.0555,0.222,4983.0,4.0,3857.0,1917.1729838488618
2026-09-13 05:29:51.174,0.01802544497832471,0.05525000000000001,0.22100000000000003,4983.0,4.0,3857.0,1917.1729838488618
2026-09-13 05:29:53.192,0.01802544497832471,0.05525000000000001,0.22100000000000003,4983.0,4.0,3857.0,1917.1729838488618
2026-09-13 05:29:53.226,0.01802544497832471,0.05525000000000001,0.22100000000000003,4983.0,4.0,3857.0,1917.1729838488618
2026-09-13 05:29:54.624,0.21426774527834708,0.155,0.62,4983.0,4.0,3857.0,1917.1729838488618
2026-09-13 05:29:54.674,0.21426774527834708,0.155,0.62,4983.0,4.0,3857.0,1917.1729838488618
2026-09-13 05:29:56.692,0.21426774527834708,0.155,0.62,4983.0,4.0,3857.0,1917.1729838488618
2026-09-13 05:29:56.726,0.21426774527834708,0.155,0.62,4983.0,4.0,3857.0,1917.1729838488618
2026-09-13 05:29:58.124,0.21426774527834708,0.155,0.62,4983.0,4.0,3857.0,1917.1729838488618
2026-09-13 05:29:58.174,0.21426774527834708,0.155,0.62,4983.0,4.0,3857.0,1917.1729838488618
2026-09-13 05:30:00.192,0.21426774527834708,0.155,0.62,4983.0,4.0,3857.0,1917.1729838488618
2026-09-13 05:30:00.226,0.21426774527834708,0.155,0.62,4983.0,4.0,3857.0,1917.1729838488618
2026-09-13 05:30:01.624,0.21426774527834708,0.155,0.62,4983.0,4.0,3857.0,1917.1729838488618
2026-09-13 05:30:01.675,0.2141049197628738,0.15525,0.621,4983.0,4.0,3857.0,1917.1729838488618
2026-09-13 05:30:03.692,0.2141049197628738,0.15525,0.621,4983.0,4.0,3857.0,1917.1729838488618
2026-09-13 05:30:03.726,0.2141049197628738,0.15525,0.621,4983.0,4.0,3857.0,1917.1729838488618
2026-09-13 05:30:05.124,0.2141049197628738,0.15525,0.621,4983.0,4.0,3857.0,1917.1729838488618
2026-09-13 05:30:05.175,0.2141049197628738,0.15525,0.621,4983.0,4.0,3857.0,1917.1729838488618
2026-09-13 05:30:07.192,0.2141049197628738,0.15525,0.621,4983.0,4.0,3857.0,1917.1729838488618
2026-09-13 05:30:07.226,0.2141049197628738,0.15525,0.621,4983.0,4.0,3857.0,1917.1729838488618
2026-09-13 05:30:08.624,0.21360555548330967,0.155,0.62,4983.0,4.0,3857.0,1917.1729838488618
2026-09-13 05:30:08.675,0.21360555548330967,0.155,0.62,4983.0,4.0,3857.0,1917.1729838488618
2026-09-13 05:30:10.692,0.21360555548330967,0.155,0.62,4983.0,4.0,3857.0,1917.1729838488618
2026-09-13 05:30:10.726,0.21360555548330967,0.155,0.62,4983.0,4.0,3857.0,1917.1729838488618
2026-09-13 05:30:12.124,0.21360555548330967,0.155,0.62,4983.0,4.0,3857.0,1917.1729838488618
2026-09-13 05:30:12.175,0.21360555548330967,0.155,0.62,4983.0,4.0,3857.0,1917.1729838488618
2026-09-13 05:30:14.192,0.21360555548330967,0.155,0.62,4983.0,4.0,3857.0,1917.1729838488618
2026-09-13 05:30:14.226,0.21360555548330967,0.155,0.62,4983.0,4.0,3857.0,1917.1729838488618
2026-09-13 05:30:15.624,0.21360555548330967,0.155,0.62,4983.0,4.0,3857.0,1917.1729838488618
2026-09-13 05:30:15.675,0.21360555548330967,0.155,0.62,4983.0,4.0,3857.0,1917.1729838488618
2026-09-13 05:30:17.692,0.21360555548330967,0.155,0.62,4983.0,4.0,3857.0,1917.1729838488618
2026-09-13 05:30:17.726,0.21360555548330967,0.155,0.62,4983.0,4.0,3857.0,1917.1729838488618
2026-09-13 05:30:19.124,0.21360555548330967,0.155,0.62,4983.0,4.0,3857.0,1917.1729838488618
2026-09-13 05:30:19.175,0.21360555548330967,0.155,0.62,4983.0,4.0,3857.0,1917.1729838488618
2026-09-13 05:30:21.192,0.21360555548330967,0.155,0.62,4983.0,4.0,3857.0,1917.1729838488618
2026-09-13 05:30:21.226,0.21360555548330967,0.155,0.62,4983.0,4.0,3857.0,1917.1729838488618
2026-09-13 05:30:22.624,0.21360555548330967,0.155,0.62,4983.0,4.0,3857.0,1917.1729838488618
2026-09-13 05:30:22.675,0.21360555548330967,0.155,0.62,4983.0,4.0,3857.0,1917.1729838488618
2026-09-13 05:30:24.692,0.21360555548330967,0.155,0.62,4983.0,4.0,3857.0,1917.1729838488618
2026-09-13 05:30:24.726,0.21360555548330967,0.155,0.62,4983.0,4.0,3857.0,1917.1729838488618
2026-09-13 05:30:26.124,0.21360555548330967,0.155,0.62,4983.0,4.0,3857.0,1917.1729838488618
2026-09-13 05:30:26.175,0.21360555548330967,0.155,0.62,4983.0,4.0,3857.0,1917.1729838488618
2026-09-13 05:30:28.192,0.21360555548330967,0.155,0.62,4983.0,4.0,3857.0,1917.1729838488618
2026-09-13 05:30:28.226,0.21360555548330967,0.155,0.62,4983.0,4.0,3857.0,1917.1729838488618
2026-09-13 05:30:29.624,0.21360555548330967,0.155,0.62,4983.0,4.0,3857.0,1917.1729838488618
2026-09-13 05:30:29.675,0.21360555548330967,0.155,0.62,4983.0,4.0,3857.0,1917.1729838488618
2026-09-13 05:30:31.692,0.21360555548330967,0.155,0.62,4983.0,4.0,3857.0,1917.1729838488618
2026-09-13 05:30:31.726,0.21360555548330967,0.155,0.62,4983.0,4.0,3857.0,1917.1729838488618
2026-09-13 05:30:33.124,0.21310619418496488,0.15475,0.619,4983.0,4.0,3857.0,1917.1729838488618
2026-09-13 05:30:33.177,0.21278373214761184,0.15525,0.621,4983.0,4.0,3857.0,1917.1729838488618
2026-09-13 05:30:35.192,0.21278373214761184,0.15525,0.621,4983.0,4.0,3857.0,1917.1729838488618
2026-09-13 05:30:35.226,0.21278373214761184,0.15525,0.621,4983.0,4.0,3857.0,1917.1729838488618
2026-09-13 05:30:36.624,0.2132830669947022,0.1555,0.622,4983.0,4.0,3857.0,1917.1729838488618
2026-09-13 05:30:36.675,0.21360555548330967,0.155,0.62,4983.0,4.0,3857.0,1917.1729838488618
2026-09-13 05:30:38.693,0.2134578412708232,0.15525,0.621,4983.0,4.0,3857.0,1917.1729838488618
2026-09-13 05:30:38.726,0.2136476850642976,0.155,0.62,4983.0,4.0,3857.0,1917.1729838488618
2026-09-13 05:30:40.124,0.2136476850642976,0.155,0.62,4983.0,4.0,3857.0,1917.1729838488618
2026-09-13 05:30:40.175,0.2136476850642976,0.155,0.62,4983.0,4.0,3857.0,1917.1729838488618
2026-09-13 05:30:42.193,0.2136476850642976,0.155,0.62,4983.0,4.0,3857.0,1917.1729838488618
2026-09-13 05:30:42.226,0.2136476850642976,0.155,0.62,4983.0,4.0,3857.0,1917.1729838488618
2026-09-13 05:30:43.624,0.2136476850642976,0.155,0.62,4983.0,4.0,3857.0,1917.1729838488618
2026-09-13 05:30:43.675,0.2136476850642976,0.155,0.62,4983.0,4.0,3857.0,1917.1729838488618
2026-09-13 05:30:45.693,0.21379487832967362,0.15475,0.619,4983.0,4.0,3857.0,1917.1729838488618
2026-09-13 05:30:45.727,0.21360555548330967,0.155,0.62,4983.0,4.0,3857.0,1917.1729838488618
2026-09-13 05:30:47.125,0.21410491976287377,0.15525,0.621,4983.0,4.0,3857.0,1917.1729838488618
2026-09-13 05:30:47.175,0.21426774527834708,0.155,0.62,4983.0,4.0,3857.0,1917.1729838488618
2026-09-13 05:30:49.193,0.21426774527834708,0.155,0.62,4983.0,4.0,3857.0,1917.1729838488618
2026-09-13 05:30:49.227,0.21426774527834708,0.155,0.62,4983.0,4.0,3857.0,1917.1729838488618
2026-09-13 05:30:50.625,0.21426774527834702,0.155,0.62,4983.0,4.0,3857.0,1917.1729838488618
2026-09-13 05:30:50.676,0.21410491976287377,0.15525,0.621,4983.0,4.0,3857.0,1917.1729838488618
2026-09-13 05:30:52.693,0.21410491976287377,0.15525,0.621,4983.0,4.0,3857.0,1917.1729838488618
2026-09-13 05:30:52.727,0.21410491976287377,0.15525,0.621,4983.0,4.0,3857.0,1917.1729838488618
2026-09-13 05:30:54.125,0.03837859646556392,0.06675,0.267,4983.0,4.0,3857.0,1917.1729838488618
2026-09-13 05:30:54.175,0.03851839387444128,0.0665,0.266,4983.0,4.0,3857.0,1917.1729838488618
2026-09-13 05:30:56.193,0.03851839387444128,0.0665,0.266,4983.0,4.0,3857.0,1917.1729838488618
2026-09-13 05:30:56.227,0.03851839387444128,0.0665,0.266,4983.0,4.0,3857.0,1917.1729838488618
2026-09-13 05:30:57.625,0.2137683715301836,0.15475,0.619,4983.0,4.0,3857.0,1917.1729838488618
2026-09-13 05:30:57.676,0.21360555548330967,0.155,0.62,4983.0,4.0,3857.0,1917.1729838488618
2026-09-13 05:30:59.693,0.21360555548330967,0.155,0.62,4983.0,4.0,3857.0,1917.1729838488618
2026-09-13 05:30:59.727,0.21360555548330967,0.155,0.62,4983.0,4.0,3857.0,1917.1729838488618
2026-09-13 05:31:01.125,0.21360555548330967,0.155,0.62,4983.0,4.0,3857.0,1917.1729838488618
2026-09-13 05:31:01.176,0.21360555548330967,0.155,0.62,4983.0,4.0,3857.0,1917.1729838488618
2026-09-13 05:31:03.193,0.21360555548330967,0.155,0.62,4983.0,4.0,3857.0,1917.1729838488618
2026-09-13 05:31:03.227,0.21360555548330967,0.155,0.62,4983.0,4.0,3857.0,1917.1729838488618
2026-09-13 05:31:04.625,0.21360555548330967,0.155,0.62,4983.0,4.0,3857.0,1917.1729838488618
2026-09-13 05:31:04.676,0.21360555548330967,0.155,0.62,4983.0,4.0,3857.0,1917.1729838488618
2026-09-13 05:31:06.693,0.21360555548330967,0.155,0.62,4983.0,4.0,3857.0,1917.1729838488618
2026-09-13 05:31:06.727,0.21360555548330967,0.155,0.62,4983.0,4.0,3857.0,1917.1729838488618
2026-09-13 05:31:08.125,0.21360555548330967,0.155,0.62,4983.0,4.0,3857.0,1917.1729838488618
2026-09-13 05:31:08.176,0.21360555548330967,0.155,0.62,4983.0,4.0,3857.0,1917.1729838488618
2026-09-13 05:31:10.193,0.21360555548330967,0.155,0.62,4983.0,4.0,3857.0,1917.1729838488618
2026-09-13 05:31:10.227,0.21360555548330967,0.155,0.62,4983.0,4.0,3857.0,1917.1729838488618
2026-09-13 05:31:11.625,0.21360555548330967,0.155,0.62,4983.0,4.0,3857.0,1917.1729838488618
2026-09-13 05:31:11.676,0.21360555548330967,0.155,0.62,4983.0,4.0,3857.0,1917.1729838488618
2026-09-13 05:31:13.705,0.21360555548330967,0.155,0.62,4983.0,4.0,3857.0,1917.1729838488618
2026-09-13 05:31:13.739,0.21360555548330967,0.155,0.62,4983.0,4.0,3857.0,1917.1729838488618
2026-09-13 05:31:15.137,0.21360555548330967,0.155,0.62,4983.0,4.0,3857.0,1917.1729838488618
2026-09-13 05:31:15.188,0.21360555548330967,0.155,0.62,4983.0,4.0,3857.0,1917.1729838488618
2026-09-13 05:31:17.205,0.21360555548330967,0.155,0.62,4983.0,4.0,3857.0,1917.1729838488618
2026-09-13 05:31:17.239,0.21360555548330967,0.155,0.62,4983.0,4.0,3857.0,1917.1729838488618
2026-09-13 05:31:18.637,0.21360555548330967,0.155,0.62,4983.0,4.0,3857.0,1917.1729838488618
2026-09-13 05:31:18.688,0.21360555548330967,0.155,0.62,4983.0,4.0,3857.0,1917.1729838488618
2026-09-13 05:31:20.705,0.21360555548330967,0.155,0.62,4983.0,4.0,3857.0,1917.1729838488618
2026-09-13 05:31:20.739,0.21360555548330967,0.155,0.62,4983.0,4.0,3857.0,1917.1729838488618
2026-09-13 05:31:22.137,0.21360555548330967,0.155,0.62,4983.0,4.0,3857.0,1917.1729838488618
2026-09-13 05:31:22.188,0.21360555548330967,0.155,0.62,4983.0,4.0,3857.0,1917.1729838488618
2026-09-13 05:31:24.205,0.21360555548330967,0.155,0.62,4983.0,4.0,3857.0,1917.1729838488618
2026-09-13 05:31:24.239,0.21360555548330967,0.155,0.62,4983.0,4.0,3857.0,1917.1729838488618
2026-09-13 05:31:25.637,0.21360555548330967,0.155,0.62,4983.0,4.0,3857.0,1917.1729838488618
2026-09-13 05:31:25.688,0.21360555548330967,0.155,0.62,4983.0,4.0,3857.0,1917.1729838488618
2026-09-13 05:31:27.705,0.21360555548330967,0.155,0.62,4983.0,4.0,3857.0,1917.1729838488618
2026-09-13 05:31:27.739,0.21360555548330967,0.155,0.62,4983.0,4.0,3857.0,1917.1729838488618
2026-09-13 05:31:29.137,0.21360555548330967,0.155,0.62,4983.0,4.0,3857.0,1917.1729838488618
2026-09-13 05:31:29.188,0.21360555548330967,0.155,0.62,4983.0,4.0,3857.0,1917.1729838488618
2026-09-13 05:31:31.205,0.21360555548330967,0.155,0.62,4983.0,4.0,3857.0,1917.1729838488618
2026-09-13 05:31:31.239,0.21360555548330967,0.155,0.62,4983.0,4.0,3857.0,1917.1729838488618
2026-09-13 05:31:32.637,0.21360555548330967,0.155,0.62,4983.0,4.0,3857.0,1917.1729838488618
2026-09-13 05:31:32.688,0.21360555548330967,0.155,0.62,4983.0,4.0,3857.0,1917.1729838488618
2026-09-13 05:31:34.705,0.21360555548330967,0.155,0.62,4983.0,4.0,3857.0,1917.1729838488618
2026-09-13 05:31:34.739,0.21360555548330967,0.155,0.62,4983.0,4.0,3857.0,1917.1729838488618
2026-09-13 05:31:36.137,0.21310619418496488,0.15475,0.619,4983.0,4.0,3857.0,1917.1729838488618
2026-09-13 05:31:36.189,0.21294443719743722,0.155,0.62,4983.0,4.0,3857.0,1917.1729838488618
2026-09-13 05:31:38.205,0.21294443719743722,0.155,0.62,4983.0,4.0,3857.0,1917.1729838488618
2026-09-13 05:31:38.239,0.21294443719743722,0.155,0.62,4983.0,4.0,3857.0,1917.1729838488618
2026-09-13 05:31:39.637,0.21344378651064067,0.15525,0.621,4983.0,4.0,3857.0,1917.1729838488618
2026-09-13 05:31:39.688,0.21360555548330964,0.155,0.62,4983.0,4.0,3857.0,1917.1729838488618
2026-09-13 05:31:41.706,0.21360555548330964,0.155,0.62,4983.0,4.0,3857.0,1917.1729838488618
2026-09-13 05:31:41.739,0.21379487832967362,0.15475,0.619,4983.0,4.0,3857.0,1917.1729838488618
2026-09-13 05:31:43.138,0.21429419030855676,0.155,0.62,4983.0,4.0,3857.0,1917.1729838488618
2026-09-13 05:31:43.188,0.21445648354231048,0.15475,0.619,4983.0,4.0,3857.0,1917.1729838488618
2026-09-13 05:31:45.206,0.21445648354231048,0.15475,0.619,4983.0,4.0,3857.0,1917.1729838488618
2026-09-13 05:31:45.240,0.21426774527834708,0.155,0.62,4983.0,4.0,3857.0,1917.1729838488618
2026-09-13 05:31:46.638,0.21426774527834708,0.155,0.62,4983.0,4.0,3857.0,1917.1729838488618
2026-09-13 05:31:46.688,0.21426774527834708,0.155,0.62,4983.0,4.0,3857.0,1917.1729838488618
2026-09-13 05:31:48.706,0.21426774527834708,0.155,0.62,4983.0,4.0,3857.0,1917.1729838488618
2026-09-13 05:31:48.740,0.21426774527834708,0.155,0.62,4983.0,4.0,3857.0,1917.1729838488618
2026-09-13 05:31:50.138,0.21426774527834708,0.155,0.62,4983.0,4.0,3857.0,1917.1729838488618
2026-09-13 05:31:50.189,0.21410491976287377,0.15525,0.621,4983.0,4.0,3857.0,1917.1729838488618
2026-09-13 05:31:52.206,0.21410491976287377,0.15525,0.621,4983.0,4.0,3857.0,1917.1729838488618
2026-09-13 05:31:52.240,0.21410491976287377,0.15525,0.621,4983.0,4.0,3857.0,1917.1729838488618
2026-09-13 05:31:53.638,0.18414916960623692,0.14024999999999999,0.5609999999999999,4983.0,4.0,3857.0,1917.1729838488618
2026-09-13 05:31:53.688,0.184311330814648,0.13999999999999999,0.5599999999999999,4983.0,4.0,3857.0,1917.1729838488618
2026-09-13 05:31:55.706,0.184311330814648,0.14,0.56,4983.0,4.0,3857.0,1917.1729838488618
2026-09-13 05:31:55.740,0.184311330814648,0.13999999999999999,0.5599999999999999,4983.0,4.0,3857.0,1917.1729838488618
2026-09-13 05:31:57.138,0.21426774527834708,0.155,0.62,4983.0,4.0,3857.0,1917.1729838488618
2026-09-13 05:31:57.189,0.21410491976287377,0.15525,0.621,4983.0,4.0,3857.0,1917.1729838488618
2026-09-13 05:31:59.206,0.21410491976287377,0.15525,0.621,4983.0,4.0,3857.0,1917.1729838488618
2026-09-13 05:31:59.240,0.21410491976287377,0.15525,0.621,4983.0,4.0,3857.0,1917.1729838488618
2026-09-13 05:32:00.638,0.21360555548330964,0.155,0.62,4983.0,4.0,3857.0,1917.1729838488618
2026-09-13 05:32:00.689,0.21360555548330964,0.155,0.62,4983.0,4.0,3857.0,1917.1729838488618
2026-09-13 05:32:02.706,0.21360555548330964,0.155,0.62,4983.0,4.0,3857.0,1917.1729838488618
2026-09-13 05:32:02.740,0.21360555548330964,0.155,0.62,4983.0,4.0,3857.0,1917.1729838488618
2026-09-13 05:32:04.138,0.21360555548330964,0.155,0.62,4983.0,4.0,3857.0,1917.1729838488618
2026-09-13 05:32:04.189,0.21360555548330964,0.155,0.62,4983.0,4.0,3857.0,1917.1729838488618
2026-09-13 05:32:06.206,0.21360555548330964,0.155,0.62,4983.0,4.0,3857.0,1917.1729838488618
2026-09-13 05:32:06.240,0.21360555548330964,0.155,0.62,4983.0,4.0,3857.0,1917.1729838488618
2026-09-13 05:32:07.638,0.21360555548330964,0.155,0.62,4983.0,4.0,3857.0,1917.1729838488618
2026-09-13 05:32:07.689,0.21360555548330964,0.155,0.62,4983.0,4.0,3857.0,1917.1729838488618
2026-09-13 05:32:09.706,0.21360555548330964,0.155,0.62,4983.0,4.0,3857.0,1917.1729838488618
2026-09-13 05:32:09.740,0.21360555548330964,0.155,0.62,4983.0,4.0,3857.0,1917.1729838488618
2026-09-13 05:32:11.138,0.21360555548330964,0.155,0.62,4983.0,4.0,3857.0,1917.1729838488618
2026-09-13 05:32:11.189,0.21360555548330964,0.155,0.62,4983.0,4.0,3857.0,1917.1729838488618
2026-09-13 05:32:13.206,0.21360555548330964,0.155,0.62,4983.0,4.0,3857.0,1917.1729838488618
2026-09-13 05:32:13.240,0.21360555548330964,0.155,0.62,4983.0,4.0,3857.0,1917.1729838488618
2026-09-13 05:32:14.638,0.21360555548330964,0.155,0.62,4983.0,4.0,3857.0,1917.1729838488618
2026-09-13 05:32:14.689,0.21360555548330964,0.155,0.62,4983.0,4.0,3857.0,1917.1729838488618
2026-09-13 05:32:16.706,0.21360555548330964,0.155,0.62,4983.0,4.0,3857.0,1917.1729838488618
2026-09-13 05:32:16.740,0.21360555548330964,0.155,0.62,4983.0,4.0,3857.0,1917.1729838488618
2026-09-13 05:32:18.138,0.21360555548330964,0.155,0.62,4983.0,4.0,3857.0,1917.1729838488618
2026-09-13 05:32:18.189,0.21360555548330964,0.155,0.62,4983.0,4.0,3857.0,1917.1729838488618
2026-09-13 05:32:20.206,0.21360555548330964,0.155,0.62,4983.0,4.0,3857.0,1917.1729838488618
2026-09-13 05:32:20.240,0.21360555548330964,0.155,0.62,4983.0,4.0,3857.0,1917.1729838488618
2026-09-13 05:32:21.638,0.21360555548330964,0.155,0.62,4983.0,4.0,3857.0,1917.1729838488618
2026-09-13 05:32:21.689,0.21360555548330964,0.155,0.62,4983.0,4.0,3857.0,1917.1729838488618
2026-09-13 05:32:23.706,0.21360555548330964,0.155,0.62,4983.0,4.0,3857.0,1917.1729838488618
2026-09-13 05:32:23.740,0.21360555548330964,0.155,0.62,4983.0,4.0,3857.0,1917.1729838488618
2026-09-13 05:32:25.138,0.21360555548330964,0.155,0.62,4983.0,4.0,3857.0,1917.1729838488618
2026-09-13 05:32:25.189,0.21360555548330964,0.155,0.62,4983.0,4.0,3857.0,1917.1729838488618
2026-09-13 05:32:27.206,0.21360555548330964,0.155,0.62,4983.0,4.0,3857.0,1917.1729838488618
2026-09-13 05:32:27.240,0.21360555548330964,0.155,0.62,4983.0,4.0,3857.0,1917.1729838488618
2026-09-13 05:32:28.638,0.21360555548330964,0.155,0.62,4983.0,4.0,3857.0,1917.1729838488618
2026-09-13 05:32:28.689,0.21360555548330964,0.155,0.62,4983.0,4.0,3857.0,1917.1729838488618
2026-09-13 05:32:30.706,0.21360555548330964,0.155,0.62,4983.0,4.0,3857.0,1917.1729838488618
2026-09-13 05:32:30.740,0.21360555548330964,0.155,0.62,4983.0,4.0,3857.0,1917.1729838488618
2026-09-13 05:32:32.940,0.5319425877542301,0.31425000000000003,1.2570000000000001,4983.0,4.0,3857.0,1917.1729838488618
2026-09-13 05:32:32.990,0.5321077585101224,0.31400000000000006,1.2560000000000002,4983.0,4.0,3857.0,1917.1729838488618
2026-09-13 05:32:34.610,0.5319488540577312,0.31425000000000003,1.2570000000000001,4983.0,4.0,3857.0,1917.1729838488618
2026-09-13 05:32:34.643,0.5321246721085828,0.314,1.256,4983.0,4.0,3857.0,1917.1729838488618
2026-09-13 05:32:36.041,0.21381046902962142,0.15475,0.619,4983.0,4.0,3857.0,1917.1729838488618
2026-09-13 05:32:36.093,0.21348594801532028,0.15525,0.621,4983.0,4.0,3857.0,1917.1729838488618
2026-09-13 05:32:38.110,0.21348594801532028,0.15525,0.621,4983.0,4.0,3857.0,1917.1729838488618
2026-09-13 05:32:38.143,0.21348594801532028,0.15525,0.621,4983.0,4.0,3857.0,1917.1729838488618
2026-09-13 05:32:39.541,0.21348594801532028,0.15525,0.621,4983.0,4.0,3857.0,1917.1729838488618
2026-09-13 05:32:39.592,0.21364768506429777,0.155,0.62,4983.0,4.0,3857.0,1917.1729838488618
2026-09-13 05:32:41.610,0.2137948783296738,0.15475,0.619,4983.0,4.0,3857.0,1917.1729838488618
2026-09-13 05:32:41.644,0.21360555548330984,0.155,0.62,4983.0,4.0,3857.0,1917.1729838488618
2026-09-13 05:32:43.042,0.21410491976287396,0.15525,0.621,4983.0,4.0,3857.0,1917.1729838488618
2026-09-13 05:32:43.092,0.21426774527834722,0.155,0.62,4983.0,4.0,3857.0,1917.1729838488618
2026-09-13 05:32:45.110,0.21426774527834722,0.155,0.62,4983.0,4.0,3857.0,1917.1729838488618
2026-09-13 05:32:45.144,0.21426774527834722,0.155,0.62,4983.0,4.0,3857.0,1917.1729838488618
2026-09-13 05:32:46.542,0.21426774527834722,0.155,0.62,4983.0,4.0,3857.0,1917.1729838488618
2026-09-13 05:32:46.592,0.21426774527834722,0.155,0.62,4983.0,4.0,3857.0,1917.1729838488618
2026-09-13 05:32:48.610,0.21426774527834722,0.155,0.62,4983.0,4.0,3857.0,1917.1729838488618
2026-09-13 05:32:48.644,0.21426774527834722,0.155,0.62,4983.0,4.0,3857.0,1917.1729838488618
2026-09-13 05:32:50.042,0.21426774527834722,0.155,0.62,4983.0,4.0,3857.0,1917.1729838488618
2026-09-13 05:32:50.093,0.21410491976287394,0.15525,0.621,4983.0,4.0,3857.0,1917.1729838488618
2026-09-13 05:32:52.110,0.21410491976287394,0.15525,0.621,4983.0,4.0,3857.0,1917.1729838488618
2026-09-13 05:32:52.144,0.21410491976287394,0.15525,0.621,4983.0,4.0,3857.0,1917.1729838488618
2026-09-13 05:32:53.542,0.21360555548330984,0.155,0.62,4983.0,4.0,3857.0,1917.1729838488618
2026-09-13 05:32:53.593,0.21360555548330984,0.155,0.62,4983.0,4.0,3857.0,1917.1729838488618
2026-09-13 05:32:55.610,0.21360555548330984,0.155,0.62,4983.0,4.0,3857.0,1917.1729838488618
2026-09-13 05:32:55.644,0.21360555548330984,0.155,0.62,4983.0,4.0,3857.0,1917.1729838488618
2026-09-13 05:32:57.042,0.21360555548330984,0.155,0.62,4983.0,4.0,3857.0,1917.1729838488618
2026-09-13 05:32:57.093,0.21360555548330984,0.155,0.62,4983.0,4.0,3857.0,1917.1729838488618
2026-09-13 05:32:59.110,0.21360555548330984,0.155,0.62,4983.0,4.0,3857.0,1917.1729838488618
2026-09-13 05:32:59.144,0.21360555548330984,0.155,0.62,4983.0,4.0,3857.0,1917.1729838488618
2026-09-13 05:33:00.542,0.21360555548330984,0.155,0.62,4983.0,4.0,3857.0,1917.1729838488618
2026-09-13 05:33:00.593,0.21360555548330984,0.155,0.62,4983.0,4.0,3857.0,1917.1729838488618
2026-09-13 05:33:02.610,0.21360555548330984,0.155,0.62,4983.0,4.0,3857.0,1917.1729838488618
2026-09-13 05:33:02.644,0.21360555548330984,0.155,0.62,4983.0,4.0,3857.0,1917.1729838488618
2026-09-13 05:33:04.042,0.21360555548330984,0.155,0.62,4983.0,4.0,3857.0,1917.1729838488618
2026-09-13 05:33:04.093,0.21360555548330984,0.155,0.62,4983.0,4.0,3857.0,1917.1729838488618
2026-09-13 05:33:06.110,0.21360555548330984,0.155,0.62,4983.0,4.0,3857.0,1917.1729838488618
2026-09-13 05:33:06.144,0.21360555548330984,0.155,0.62,4983.0,4.0,3857.0,1917.1729838488618
2026-09-13 05:33:07.542,0.21360555548330984,0.155,0.62,4983.0,4.0,3857.0,1917.1729838488618
2026-09-13 05:33:07.593,0.21360555548330984,0.155,0.62,4983.0,4.0,3857.0,1917.1729838488618
2026-09-13 05:33:09.610,0.21360555548330984,0.155,0.62,4983.0,4.0,3857.0,1917.1729838488618
2026-09-13 05:33:09.644,0.21360555548330984,0.155,0.62,4983.0,4.0,3857.0,1917.1729838488618
2026-09-13 05:33:11.042,0.21360555548330984,0.155,0.62,4983.0,4.0,3857.0,1917.1729838488618
2026-09-13 05:33:11.093,0.21360555548330984,0.155,0.62,4983.0,4.0,3857.0,1917.1729838488618
2026-09-13 05:33:13.110,0.21360555548330984,0.155,0.62,4983.0,4.0,3857.0,1917.1729838488618
2026-09-13 05:33:13.144,0.21360555548330984,0.155,0.62,4983.0,4.0,3857.0,1917.1729838488618
2026-09-13 05:33:14.542,0.21360555548330984,0.155,0.62,4983.0,4.0,3857.0,1917.1729838488618
2026-09-13 05:33:14.593,0.21360555548330984,0.155,0.62,4983.0,4.0,3857.0,1917.1729838488618
2026-09-13 05:33:16.610,0.21360555548330984,0.155,0.62,4983.0,4.0,3857.0,1917.1729838488618
2026-09-13 05:33:16.644,0.21360555548330984,0.155,0.62,4983.0,4.0,3857.0,1917.1729838488618
2026-09-13 05:33:18.042,0.21360555548330984,0.155,0.62,4983.0,4.0,3857.0,1917.1729838488618
2026-09-13 05:33:18.093,0.21360555548330984,0.155,0.62,4983.0,4.0,3857.0,1917.1729838488618
2026-09-13 05:33:20.110,0.21360555548330984,0.155,0.62,4983.0,4.0,3857.0,1917.1729838488618
2026-09-13 05:33:20.144,0.21360555548330984,0.155,0.62,4983.0,4.0,3857.0,1917.1729838488618
2026-09-13 05:33:21.542,0.21360555548330984,0.155,0.62,4983.0,4.0,3857.0,1917.1729838488618
2026-09-13 05:33:21.593,0.21360555548330984,0.155,0.62,4983.0,4.0,3857.0,1917.1729838488618
2026-09-13 05:33:23.610,0.21360555548330984,0.155,0.62,4983.0,4.0,3857.0,1917.1729838488618
2026-09-13 05:33:23.644,0.21360555548330984,0.155,0.62,4983.0,4.0,3857.0,1917.1729838488618
2026-09-13 05:33:25.042,0.21360555548330984,0.155,0.62,4983.0,4.0,3857.0,1917.1729838488618
2026-09-13 05:33:25.093,0.21360555548330984,0.155,0.62,4983.0,4.0,3857.0,1917.1729838488618
2026-09-13 05:33:27.110,0.21360555548330984,0.155,0.62,4983.0,4.0,3857.0,1917.1729838488618
2026-09-13 05:33:27.144,0.21360555548330984,0.155,0.62,4983.0,4.0,3857.0,1917.1729838488618
2026-09-13 05:33:28.542,0.21360555548330984,0.155,0.62,4983.0,4.0,3857.0,1917.1729838488618
2026-09-13 05:33:28.593,0.21360555548330984,0.155,0.62,4983.0,4.0,3857.0,1917.1729838488618
2026-09-13 05:33:30.611,0.21345784127082337,0.15525,0.621,4983.0,4.0,3857.0,1917.1729838488618
2026-09-13 05:33:30.644,0.21364768506429774,0.155,0.62,4983.0,4.0,3857.0,1917.1729838488618
2026-09-13 05:33:32.042,0.21364768506429774,0.155,0.62,4983.0,4.0,3857.0,1917.1729838488618
2026-09-13 05:33:32.093,0.21364768506429774,0.155,0.62,4983.0,4.0,3857.0,1917.1729838488618
2026-09-13 05:33:34.111,0.2137948783296738,0.15475,0.619,4983.0,4.0,3857.0,1917.1729838488618
2026-09-13 05:33:34.144,0.2137948783296738,0.15475,0.619,4983.0,4.0,3857.0,1917.1729838488618
2026-09-13 05:33:35.542,0.2137948783296738,0.15475,0.619,4983.0,4.0,3857.0,1917.1729838488618
2026-09-13 05:33:35.593,0.2137948783296738,0.15475,0.619,4983.0,4.0,3857.0,1917.1729838488618
2026-09-13 05:33:37.611,0.2137948783296738,0.15475,0.619,4983.0,4.0,3857.0,1917.1729838488618
2026-09-13 05:33:37.645,0.21360555548330984,0.155,0.62,4983.0,4.0,3857.0,1917.1729838488618
2026-09-13 05:33:39.043,0.21410491976287394,0.15525,0.621,4983.0,4.0,3857.0,1917.1729838488618
2026-09-13 05:33:39.093,0.21426774527834722,0.155,0.62,4983.0,4.0,3857.0,1917.1729838488618
2026-09-13 05:33:41.125,0.21426774527834722,0.155,0.62,4983.0,4.0,3857.0,1917.1729838488618
2026-09-13 05:33:41.159,0.21426774527834722,0.155,0.62,4983.0,4.0,3857.0,1917.1729838488618
2026-09-13 05:33:42.557,0.21426774527834722,0.155,0.62,4983.0,4.0,3857.0,1917.1729838488618
2026-09-13 05:33:42.607,0.21426774527834722,0.155,0.62,4983.0,4.0,3857.0,1917.1729838488618
2026-09-13 05:33:44.625,0.21426774527834722,0.155,0.62,4983.0,4.0,3857.0,1917.1729838488618
2026-09-13 05:33:44.659,0.21426774527834722,0.155,0.62,4983.0,4.0,3857.0,1917.1729838488618
2026-09-13 05:33:46.057,0.21426774527834722,0.155,0.62,4983.0,4.0,3857.0,1917.1729838488618
2026-09-13 05:33:46.108,0.21410491976287394,0.15525,0.621,4983.0,4.0,3857.0,1917.1729838488618
2026-09-13 05:33:48.125,0.21410491976287394,0.15525,0.621,4983.0,4.0,3857.0,1917.1729838488618
2026-09-13 05:33:48.159,0.21410491976287394,0.15525,0.621,4983.0,4.0,3857.0,1917.1729838488618
2026-09-13 05:33:49.557,0.21360555548330984,0.155,0.62,4983.0,4.0,3857.0,1917.1729838488618
2026-09-13 05:33:49.608,0.21360555548330984,0.155,0.62,4983.0,4.0,3857.0,1917.1729838488618
2026-09-13 05:33:51.625,0.21360555548330984,0.155,0.62,4983.0,4.0,3857.0,1917.1729838488618
2026-09-13 05:33:51.659,0.21360555548330984,0.155,0.62,4983.0,4.0,3857.0,1917.1729838488618
2026-09-13 05:33:53.057,0.21360555548330984,0.155,0.62,4983.0,4.0,3857.0,1917.1729838488618
2026-09-13 05:33:53.108,0.21360555548330984,0.155,0.62,4983.0,4.0,3857.0,1917.1729838488618
2026-09-13 05:33:55.125,0.21360555548330984,0.155,0.62,4983.0,4.0,3857.0,1917.1729838488618
2026-09-13 05:33:55.159,0.21360555548330984,0.155,0.62,4983.0,4.0,3857.0,1917.1729838488618
2026-09-13 05:33:56.557,0.21360555548330984,0.155,0.62,4983.0,4.0,3857.0,1917.1729838488618
2026-09-13 05:33:56.608,0.21360555548330984,0.155,0.62,4983.0,4.0,3857.0,1917.1729838488618
2026-09-13 05:33:58.625,0.21360555548330984,0.155,0.62,4983.0,4.0,3857.0,1917.1729838488618
2026-09-13 05:33:58.659,0.21360555548330984,0.155,0.62,4983.0,4.0,3857.0,1917.1729838488618
2026-09-13 05:34:00.057,0.21360555548330984,0.155,0.62,4983.0,4.0,3857.0,1917.1729838488618
2026-09-13 05:34:00.108,0.21360555548330984,0.155,0.62,4983.0,4.0,3857.0,1917.1729838488618
2026-09-13 05:34:02.125,0.21360555548330984,0.155,0.62,4983.0,4.0,3857.0,1917.1729838488618
2026-09-13 05:34:02.159,0.21360555548330984,0.155,0.62,4983.0,4.0,3857.0,1917.1729838488618
2026-09-13 05:34:03.557,0.21360555548330984,0.155,0.62,4983.0,4.0,3857.0,1917.1729838488618
2026-09-13 05:34:03.608,0.21360555548330984,0.155,0.62,4983.0,4.0,3857.0,1917.1729838488618
2026-09-13 05:34:05.625,0.21360555548330984,0.155,0.62,4983.0,4.0,3857.0,1917.1729838488618
2026-09-13 05:34:05.659,0.21360555548330984,0.155,0.62,4983.0,4.0,3857.0,1917.1729838488618
2026-09-13 05:34:07.057,0.21360555548330984,0.155,0.62,4983.0,4.0,3857.0,1917.1729838488618
2026-09-13 05:34:07.108,0.21360555548330984,0.155,0.62,4983.0,4.0,3857.0,1917.1729838488618
2026-09-13 05:34:09.125,0.21360555548330984,0.155,0.62,4983.0,4.0,3857.0,1917.1729838488618
2026-09-13 05:34:09.159,0.21360555548330984,0.155,0.62,4983.0,4.0,3857.0,1917.1729838488618
2026-09-13 05:34:10.557,0.21360555548330984,0.155,0.62,4983.0,4.0,3857.0,1917.1729838488618
2026-09-13 05:34:10.608,0.21360555548330984,0.155,0.62,4983.0,4.0,3857.0,1917.1729838488618
2026-09-13 05:34:12.625,0.21360555548330984,0.155,0.62,4983.0,4.0,3857.0,1917.1729838488618
2026-09-13 05:34:12.659,0.21360555548330984,0.155,0.62,4983.0,4.0,3857.0,1917.1729838488618
2026-09-13 05:34:14.057,0.21360555548330984,0.155,0.62,4983.0,4.0,3857.0,1917.1729838488618
2026-09-13 05:34:14.108,0.21360555548330984,0.155,0.62,4983.0,4.0,3857.0,1917.1729838488618
2026-09-13 05:34:16.125,0.21360555548330984,0.155,0.62,4983.0,4.0,3857.0,1917.1729838488618
2026-09-13 05:34:16.159,0.21360555548330984,0.155,0.62,4983.0,4.0,3857.0,1917.1729838488618
2026-09-13 05:34:17.557,0.21360555548330984,0.155,0.62,4983.0,4.0,3857.0,1917.1729838488618
2026-09-13 05:34:17.608,0.21360555548330984,0.155,0.62,4983.0,4.0,3857.0,1917.1729838488618
2026-09-13 05:34:19.625,0.21360555548330984,0.155,0.62,4983.0,4.0,3857.0,1917.1729838488618
2026-09-13 05:34:19.659,0.21360555548330984,0.155,0.62,4983.0,4.0,3857.0,1917.1729838488618
2026-09-13 05:34:21.057,0.21360555548330984,0.155,0.62,4983.0,4.0,3857.0,1917.1729838488618
2026-09-13 05:34:21.108,0.21360555548330984,0.155,0.62,4983.0,4.0,3857.0,1917.1729838488618
2026-09-13 05:34:23.126,0.21345784127082337,0.15525,0.621,4983.0,4.0,3857.0,1917.1729838488618
2026-09-13 05:34:23.160,0.21345784127082337,0.15525,0.621,4983.0,4.0,3857.0,1917.1729838488618
2026-09-13 05:34:24.557,0.21345784127082337,0.15525,0.621,4983.0,4.0,3857.0,1917.1729838488618
2026-09-13 05:34:24.608,0.21345784127082337,0.15525,0.621,4983.0,4.0,3857.0,1917.1729838488618
2026-09-13 05:34:26.626,0.21345784127082337,0.15525,0.621,4983.0,4.0,3857.0,1917.1729838488618
2026-09-13 05:34:26.659,0.21364768506429774,0.155,0.62,4983.0,4.0,3857.0,1917.1729838488618
2026-09-13 05:34:28.057,0.21364768506429774,0.155,0.62,4983.0,4.0,3857.0,1917.1729838488618
2026-09-13 05:34:28.108,0.21364768506429774,0.155,0.62,4983.0,4.0,3857.0,1917.1729838488618
2026-09-13 05:34:30.126,0.2137948783296738,0.15475,0.619,4983.0,4.0,3857.0,1917.1729838488618
2026-09-13 05:34:30.159,0.2137948783296738,0.15475,0.619,4983.0,4.0,3857.0,1917.1729838488618
2026-09-13 05:34:31.557,0.2137948783296738,0.15475,0.619,4983.0,4.0,3857.0,1917.1729838488618
2026-09-13 05:34:31.608,0.2137948783296738,0.15475,0.619,4983.0,4.0,3857.0,1917.1729838488618
2026-09-13 05:34:33.626,0.2137948783296738,0.15475,0.619,4983.0,4.0,3857.0,1917.1729838488618
2026-09-13 05:34:33.659,0.2137948783296738,0.15475,0.619,4983.0,4.0,3857.0,1917.1729838488618
2026-09-13 05:34:35.058,0.21429419030855695,0.155,0.62,4983.0,4.0,3857.0,1917.1729838488618
2026-09-13 05:34:35.108,0.21445648354231067,0.15475,0.619,4983.0,4.0,3857.0,1917.1729838488618
2026-09-13 05:34:37.126,0.21445648354231067,0.15475,0.619,4983.0,4.0,3857.0,1917.1729838488618
2026-09-13 05:34:37.160,0.21426774527834722,0.155,0.62,4983.0,4.0,3857.0,1917.1729838488618
2026-09-13 05:34:38.558,0.21426774527834722,0.155,0.62,4983.0,4.0,3857.0,1917.1729838488618
2026-09-13 05:34:38.608,0.21426774527834722,0.155,0.62,4983.0,4.0,3857.0,1917.1729838488618
2026-09-13 05:34:40.626,0.21426774527834722,0.155,0.62,4983.0,4.0,3857.0,1917.1729838488618
2026-09-13 05:34:40.660,0.21426774527834722,0.155,0.62,4983.0,4.0,3857.0,1917.1729838488618
2026-09-13 05:34:42.058,0.21426774527834722,0.155,0.62,4983.0,4.0,3857.0,1917.1729838488618
2026-09-13 05:34:42.109,0.21410491976287396,0.15525,0.621,4983.0,4.0,3857.0,1917.1729838488618
2026-09-13 05:34:44.126,0.21410491976287396,0.15525,0.621,4983.0,4.0,3857.0,1917.1729838488618
2026-09-13 05:34:44.160,0.21410491976287396,0.15525,0.621,4983.0,4.0,3857.0,1917.1729838488618
2026-09-13 05:34:45.558,0.21360555548330984,0.155,0.62,4983.0,4.0,3857.0,1917.1729838488618
2026-09-13 05:34:45.609,0.21360555548330984,0.155,0.62,4983.0,4.0,3857.0,1917.1729838488618
2026-09-13 05:34:47.626,0.21360555548330984,0.155,0.62,4983.0,4.0,3857.0,1917.1729838488618
2026-09-13 05:34:47.660,0.21360555548330984,0.155,0.62,4983.0,4.0,3857.0,1917.1729838488618
2026-09-13 05:34:49.058,0.21360555548330984,0.155,0.62,4983.0,4.0,3857.0,1917.1729838488618
2026-09-13 05:34:49.109,0.21360555548330984,0.155,0.62,4983.0,4.0,3857.0,1917.1729838488618
2026-09-13 05:34:51.126,0.21360555548330984,0.155,0.62,4983.0,4.0,3857.0,1917.1729838488618
2026-09-13 05:34:51.160,0.21360555548330984,0.155,0.62,4983.0,4.0,3857.0,1917.1729838488618
2026-09-13 05:34:52.558,0.21360555548330984,0.155,0.62,4983.0,4.0,3857.0,1917.1729838488618
2026-09-13 05:34:52.609,0.21360555548330984,0.155,0.62,4983.0,4.0,3857.0,1917.1729838488618
2026-09-13 05:34:54.626,0.21360555548330984,0.155,0.62,4983.0,4.0,3857.0,1917.1729838488618
2026-09-13 05:34:54.660,0.21360555548330984,0.155,0.62,4983.0,4.0,3857.0,1917.1729838488618
2026-09-13 05:34:56.058,0.21360555548330984,0.155,0.62,4983.0,4.0,3857.0,1917.1729838488618
2026-09-13 05:34:56.109,0.21360555548330984,0.155,0.62,4983.0,4.0,3857.0,1917.1729838488618
2026-09-13 05:34:58.126,0.21360555548330984,0.155,0.62,4983.0,4.0,3857.0,1917.1729838488618
2026-09-13 05:34:58.160,0.21360555548330984,0.155,0.62,4983.0,4.0,3857.0,1917.1729838488618
2026-09-13 05:34:59.558,0.21360555548330984,0.155,0.62,4983.0,4.0,3857.0,1917.1729838488618
2026-09-13 05:34:59.609,0.21360555548330984,0.155,0.62,4983.0,4.0,3857.0,1917.1729838488618
2026-09-13 05:35:01.626,0.21360555548330984,0.155,0.62,4983.0,4.0,3857.0,1917.1729838488618
2026-09-13 05:35:01.660,0.21360555548330984,0.155,0.62,4983.0,4.0,3857.0,1917.1729838488618
2026-09-13 05:35:03.058,0.21360555548330984,0.155,0.62,4983.0,4.0,3857.0,1917.1729838488618
2026-09-13 05:35:03.109,0.21360555548330984,0.155,0.62,4983.0,4.0,3857.0,1917.1729838488618
2026-09-13 05:35:05.126,0.21360555548330984,0.155,0.62,4983.0,4.0,3857.0,1917.1729838488618
2026-09-13 05:35:05.160,0.21360555548330984,0.155,0.62,4983.0,4.0,3857.0,1917.1729838488618
2026-09-13 05:35:06.558,0.21360555548330984,0.155,0.62,4983.0,4.0,3857.0,1917.1729838488618
2026-09-13 05:35:06.609,0.21360555548330984,0.155,0.62,4983.0,4.0,3857.0,1917.1729838488618
2026-09-13 05:35:08.626,0.21360555548330984,0.155,0.62,4983.0,4.0,3857.0,1917.1729838488618
2026-09-13 05:35:08.660,0.21360555548330984,0.155,0.62,4983.0,4.0,3857.0,1917.1729838488618
2026-09-13 05:35:10.058,0.21360555548330984,0.155,0.62,4983.0,4.0,3857.0,1917.1729838488618
2026-09-13 05:35:10.109,0.21360555548330984,0.155,0.62,4983.0,4.0,3857.0,1917.1729838488618
2026-09-13 05:35:12.126,0.21360555548330984,0.155,0.62,4983.0,4.0,3857.0,1917.1729838488618
2026-09-13 05:35:12.160,0.21360555548330984,0.155,0.62,4983.0,4.0,3857.0,1917.1729838488618
2026-09-13 05:35:13.558,0.21360555548330984,0.155,0.62,4983.0,4.0,3857.0,1917.1729838488618
2026-09-13 05:35:13.609,0.21360555548330984,0.155,0.62,4983.0,4.0,3857.0,1917.1729838488618
2026-09-13 05:35:15.626,0.21360555548330984,0.155,0.62,4983.0,4.0,3857.0,1917.1729838488618
2026-09-13 05:35:15.660,0.21360555548330984,0.155,0.62,4983.0,4.0,3857.0,1917.1729838488618
2026-09-13 05:35:17.058,0.21360555548330984,0.155,0.62,4983.0,4.0,3857.0,1917.1729838488618
2026-09-13 05:35:17.109,0.21360555548330984,0.155,0.62,4983.0,4.0,3857.0,1917.1729838488618
2026-09-13 05:35:19.126,0.21360555548330984,0.155,0.62,4983.0,4.0,3857.0,1917.1729838488618
2026-09-13 05:35:19.160,0.21360555548330984,0.155,0.62,4983.0,4.0,3857.0,1917.1729838488618
2026-09-13 05:35:20.558,0.21360555548330984,0.155,0.62,4983.0,4.0,3857.0,1917.1729838488618
2026-09-13 05:35:20.609,0.21360555548330984,0.155,0.62,4983.0,4.0,3857.0,1917.1729838488618
2026-09-13 05:35:22.627,0.21345784127082337,0.15525,0.621,4983.0,4.0,3857.0,1917.1729838488618
2026-09-13 05:35:22.660,0.21364768506429777,0.155,0.62,4983.0,4.0,3857.0,1917.1729838488618
2026-09-13 05:35:24.058,0.21364768506429777,0.155,0.62,4983.0,4.0,3857.0,1917.1729838488618
2026-09-13 05:35:24.110,0.21348594801532028,0.15525,0.621,4983.0,4.0,3857.0,1917.1729838488618
2026-09-13 05:35:26.127,0.21363364279376357,0.155,0.62,4983.0,4.0,3857.0,1917.1729838488618
2026-09-13 05:35:26.161,0.21344378651064086,0.15525,0.621,4983.0,4.0,3857.0,1917.1729838488618
2026-09-13 05:35:27.559,0.21394313886326594,0.1555,0.622,4983.0,4.0,3857.0,1917.1729838488618
2026-09-13 05:35:27.609,0.21426774527834722,0.155,0.62,4983.0,4.0,3857.0,1917.1729838488618
2026-09-13 05:35:29.627,0.21426774527834722,0.155,0.62,4983.0,4.0,3857.0,1917.1729838488618
2026-09-13 05:35:29.661,0.21426774527834722,0.155,0.62,4983.0,4.0,3857.0,1917.1729838488618
2026-09-13 05:35:31.059,0.05947198219890336,0.07725,0.309,4983.0,4.0,3857.0,1917.1729838488618
2026-09-13 05:35:31.109,0.05947198219890336,0.07725,0.309,4983.0,4.0,3857.0,1917.1729838488618
2026-09-13 05:35:33.127,0.05947198219890336,0.07725,0.309,4983.0,4.0,3857.0,1917.1729838488618
2026-09-13 05:35:33.161,0.05947198219890336,0.07725,0.309,4983.0,4.0,3857.0,1917.1729838488618
2026-09-13 05:35:34.559,0.21426774527834722,0.155,0.62,4983.0,4.0,3857.0,1917.1729838488618
2026-09-13 05:35:34.609,0.21426774527834722,0.155,0.62,4983.0,4.0,3857.0,1917.1729838488618
2026-09-13 05:35:36.627,0.21426774527834722,0.155,0.62,4983.0,4.0,3857.0,1917.1729838488618
2026-09-13 05:35:36.661,0.21426774527834722,0.155,0.62,4983.0,4.0,3857.0,1917.1729838488618
2026-09-13 05:35:38.059,0.21426774527834722,0.155,0.62,4983.0,4.0,3857.0,1917.1729838488618
2026-09-13 05:35:38.110,0.21410491976287396,0.15525,0.621,4983.0,4.0,3857.0,1917.1729838488618
2026-09-13 05:35:40.127,0.21410491976287396,0.15525,0.621,4983.0,4.0,3857.0,1917.1729838488618
2026-09-13 05:35:40.161,0.21410491976287396,0.15525,0.621,4983.0,4.0,3857.0,1917.1729838488618
2026-09-13 05:35:41.559,0.21360555548330984,0.155,0.62,4983.0,4.0,3857.0,1917.1729838488618
2026-09-13 05:35:41.610,0.21360555548330984,0.155,0.62,4983.0,4.0,3857.0,1917.1729838488618
2026-09-13 05:35:43.627,0.21360555548330984,0.155,0.62,4983.0,4.0,3857.0,1917.1729838488618
2026-09-13 05:35:43.661,0.21360555548330984,0.155,0.62,4983.0,4.0,3857.0,1917.1729838488618
2026-09-13 05:35:45.059,0.21360555548330984,0.155,0.62,4983.0,4.0,3857.0,1917.1729838488618
2026-09-13 05:35:45.110,0.21360555548330984,0.155,0.62,4983.0,4.0,3857.0,1917.1729838488618
2026-09-13 05:35:47.127,0.21360555548330984,0.155,0.62,4983.0,4.0,3857.0,1917.1729838488618
2026-09-13 05:35:47.161,0.21360555548330984,0.155,0.62,4983.0,4.0,3857.0,1917.1729838488618
2026-09-13 05:35:48.559,0.21360555548330984,0.155,0.62,4983.0,4.0,3857.0,1917.1729838488618
2026-09-13 05:35:48.610,0.21360555548330984,0.155,0.62,4983.0,4.0,3857.0,1917.1729838488618
2026-09-13 05:35:50.627,0.21360555548330984,0.155,0.62,4983.0,4.0,3857.0,1917.1729838488618
2026-09-13 05:35:50.661,0.21360555548330984,0.155,0.62,4983.0,4.0,3857.0,1917.1729838488618
2026-09-13 05:35:52.059,0.21360555548330984,0.155,0.62,4983.0,4.0,3857.0,1917.1729838488618
2026-09-13 05:35:52.110,0.21360555548330984,0.155,0.62,4983.0,4.0,3857.0,1917.1729838488618
2026-09-13 05:35:54.127,0.21360555548330984,0.155,0.62,4983.0,4.0,3857.0,1917.1729838488618
2026-09-13 05:35:54.161,0.21360555548330984,0.155,0.62,4983.0,4.0,3857.0,1917.1729838488618
2026-09-13 05:35:55.559,0.21360555548330984,0.155,0.62,4983.0,4.0,3857.0,1917.1729838488618
2026-09-13 05:35:55.610,0.21360555548330984,0.155,0.62,4983.0,4.0,3857.0,1917.1729838488618
2026-09-13 05:35:57.627,0.21360555548330984,0.155,0.62,4983.0,4.0,3857.0,1917.1729838488618
2026-09-13 05:35:57.661,0.21360555548330984,0.155,0.62,4983.0,4.0,3857.0,1917.1729838488618
2026-09-13 05:35:59.059,0.21360555548330984,0.155,0.62,4983.0,4.0,3857.0,1917.1729838488618
2026-09-13 05:35:59.110,0.21360555548330984,0.155,0.62,4983.0,4.0,3857.0,1917.1729838488618
2026-09-13 05:36:01.127,0.21360555548330984,0.155,0.62,4983.0,4.0,3857.0,1917.1729838488618
2026-09-13 05:36:01.161,0.21360555548330984,0.155,0.62,4983.0,4.0,3857.0,1917.1729838488618
2026-09-13 05:36:02.559,0.21360555548330984,0.155,0.62,4983.0,4.0,3857.0,1917.1729838488618
2026-09-13 05:36:02.610,0.21360555548330984,0.155,0.62,4983.0,4.0,3857.0,1917.1729838488618
2026-09-13 05:36:04.627,0.21360555548330984,0.155,0.62,4983.0,4.0,3857.0,1917.1729838488618
2026-09-13 05:36:04.661,0.21360555548330984,0.155,0.62,4983.0,4.0,3857.0,1917.1729838488618
2026-09-13 05:36:06.059,0.21360555548330984,0.155,0.62,4983.0,4.0,3857.0,1917.1729838488618
2026-09-13 05:36:06.110,0.21360555548330984,0.155,0.62,4983.0,4.0,3857.0,1917.1729838488618
2026-09-13 05:36:08.127,0.21360555548330984,0.155,0.62,4983.0,4.0,3857.0,1917.1729838488618
2026-09-13 05:36:08.161,0.21360555548330984,0.155,0.62,4983.0,4.0,3857.0,1917.1729838488618
2026-09-13 05:36:09.559,0.21360555548330984,0.155,0.62,4983.0,4.0,3857.0,1917.1729838488618
2026-09-13 05:36:09.610,0.21360555548330984,0.155,0.62,4983.0,4.0,3857.0,1917.1729838488618
2026-09-13 05:36:11.627,0.21360555548330984,0.155,0.62,4983.0,4.0,3857.0,1917.1729838488618
2026-09-13 05:36:11.661,0.21360555548330984,0.155,0.62,4983.0,4.0,3857.0,1917.1729838488618
2026-09-13 05:36:13.059,0.21360555548330984,0.155,0.62,4983.0,4.0,3857.0,1917.1729838488618
2026-09-13 05:36:13.110,0.21360555548330984,0.155,0.62,4983.0,4.0,3857.0,1917.1729838488618
2026-09-13 05:36:15.128,0.21345784127082337,0.15525,0.621,4983.0,4.0,3857.0,1917.1729838488618
2026-09-13 05:36:15.162,0.21345784127082337,0.15525,0.621,4983.0,4.0,3857.0,1917.1729838488618
2026-09-13 05:36:16.559,0.21345784127082337,0.15525,0.621,4983.0,4.0,3857.0,1917.1729838488618
2026-09-13 05:36:16.610,0.21345784127082337,0.15525,0.621,4983.0,4.0,3857.0,1917.1729838488618
2026-09-13 05:36:18.628,0.21345784127082337,0.15525,0.621,4983.0,4.0,3857.0,1917.1729838488618
2026-09-13 05:36:18.661,0.21364768506429777,0.155,0.62,4983.0,4.0,3857.0,1917.1729838488618
2026-09-13 05:36:20.059,0.21364768506429777,0.155,0.62,4983.0,4.0,3857.0,1917.1729838488618
2026-09-13 05:36:20.110,0.21364768506429777,0.155,0.62,4983.0,4.0,3857.0,1917.1729838488618
2026-09-13 05:36:22.128,0.2137948783296738,0.15475,0.619,4983.0,4.0,3857.0,1917.1729838488618
2026-09-13 05:36:22.162,0.21360555548330984,0.155,0.62,4983.0,4.0,3857.0,1917.1729838488618
2026-09-13 05:36:23.560,0.21410491976287394,0.15525,0.621,4983.0,4.0,3857.0,1917.1729838488618
2026-09-13 05:36:23.610,0.21426774527834722,0.155,0.62,4983.0,4.0,3857.0,1917.1729838488618
2026-09-13 05:36:25.628,0.21426774527834722,0.155,0.62,4983.0,4.0,3857.0,1917.1729838488618
2026-09-13 05:36:25.661,0.21445648354231062,0.15475,0.619,4983.0,4.0,3857.0,1917.1729838488618
2026-09-13 05:36:27.060,0.21445648354231062,0.15475,0.619,4983.0,4.0,3857.0,1917.1729838488618
2026-09-13 05:36:27.110,0.21445648354231062,0.15475,0.619,4983.0,4.0,3857.0,1917.1729838488618
2026-09-13 05:36:29.128,0.21445648354231062,0.15475,0.619,4983.0,4.0,3857.0,1917.1729838488618
2026-09-13 05:36:29.162,0.21426774527834722,0.155,0.62,4983.0,4.0,3857.0,1917.1729838488618
2026-09-13 05:36:30.560,0.21426774527834722,0.155,0.62,4983.0,4.0,3857.0,1917.1729838488618
2026-09-13 05:36:30.611,0.21410491976287394,0.15525,0.621,4983.0,4.0,3857.0,1917.1729838488618
2026-09-13 05:36:32.628,0.21410491976287394,0.15525,0.621,4983.0,4.0,3857.0,1917.1729838488618
2026-09-13 05:36:32.662,0.21410491976287394,0.15525,0.621,4983.0,4.0,3857.0,1917.1729838488618
2026-09-13 05:36:34.060,0.21410491976287394,0.15525,0.621,4983.0,4.0,3857.0,1917.1729838488618
2026-09-13 05:36:34.111,0.21410491976287394,0.15525,0.621,4983.0,4.0,3857.0,1917.1729838488618
2026-09-13 05:36:36.128,0.21410491976287394,0.15525,0.621,4983.0,4.0,3857.0,1917.1729838488618
2026-09-13 05:36:36.162,0.21410491976287394,0.15525,0.621,4983.0,4.0,3857.0,1917.1729838488618
2026-09-13 05:36:37.560,0.2136055554833098,0.155,0.62,4983.0,4.0,3857.0,1917.1729838488618
2026-09-13 05:36:37.611,0.2136055554833098,0.155,0.62,4983.0,4.0,3857.0,1917.1729838488618
2026-09-13 05:36:39.628,0.2136055554833098,0.155,0.62,4983.0,4.0,3857.0,1917.1729838488618
2026-09-13 05:36:39.662,0.2136055554833098,0.155,0.62,4983.0,4.0,3857.0,1917.1729838488618
2026-09-13 05:36:41.060,0.2136055554833098,0.155,0.62,4983.0,4.0,3857.0,1917.1729838488618
2026-09-13 05:36:41.111,0.2136055554833098,0.155,0.62,4983.0,4.0,3857.0,1917.1729838488618
2026-09-13 05:36:43.128,0.2136055554833098,0.155,0.62,4983.0,4.0,3857.0,1917.1729838488618
2026-09-13 05:36:43.162,0.2136055554833098,0.155,0.62,4983.0,4.0,3857.0,1917.1729838488618
2026-09-13 05:36:44.560,0.2136055554833098,0.155,0.62,4983.0,4.0,3857.0,1917.1729838488618
2026-09-13 05:36:44.611,0.2136055554833098,0.155,0.62,4983.0,4.0,3857.0,1917.1729838488618
2026-09-13 05:36:46.628,0.2136055554833098,0.155,0.62,4983.0,4.0,3857.0,1917.1729838488618
2026-09-13 05:36:46.662,0.2136055554833098,0.155,0.62,4983.0,4.0,3857.0,1917.1729838488618
2026-09-13 05:36:48.060,0.2136055554833098,0.155,0.62,4983.0,4.0,3857.0,1917.1729838488618
2026-09-13 05:36:48.111,0.2136055554833098,0.155,0.62,4983.0,4.0,3857.0,1917.1729838488618
2026-09-13 05:36:50.128,0.2136055554833098,0.155,0.62,4983.0,4.0,3857.0,1917.1729838488618
2026-09-13 05:36:50.162,0.2136055554833098,0.155,0.62,4983.0,4.0,3857.0,1917.1729838488618
2026-09-13 05:36:51.560,0.1696761621442447,0.133,0.532,4983.0,4.0,3857.0,1917.1729838488618
2026-09-13 05:36:51.610,0.16983791292484338,0.13275,0.531,4983.0,4.0,3857.0,1917.1729838488618
2026-09-13 05:36:56.147,0.22753827516852349,0.2365,0.946,4923.0,3.0,3864.0,1916.0083507124775
2026-09-13 05:36:56.198,0.22260035190148894,0.24075,0.963,4923.0,2.0,7704.0,2210.0968304578764
2026-09-13 05:36:58.215,0.21071465698110958,0.159,0.636,4983.0,3.0,7697.0,2212.119402292731
2026-09-13 05:36:58.249,0.2136055554833098,0.15499999999999997,0.6199999999999999,4983.0,4.0,3857.0,1917.172983848862
2026-09-13 05:36:59.647,0.2136055554833098,0.155,0.62,4983.0,4.0,3857.0,1917.172983848862
2026-09-13 05:36:59.698,0.2136055554833098,0.155,0.62,4983.0,4.0,3857.0,1917.172983848862
2026-09-13 05:37:01.715,0.2136055554833098,0.155,0.62,4983.0,4.0,3857.0,1917.172983848862
2026-09-13 05:37:01.749,0.2136055554833098,0.155,0.62,4983.0,4.0,3857.0,1917.172983848862
2026-09-13 05:37:03.147,0.2136055554833098,0.155,0.62,4983.0,4.0,3857.0,1917.172983848862
2026-09-13 05:37:03.198,0.2136055554833098,0.155,0.62,4983.0,4.0,3857.0,1917.172983848862
2026-09-13 05:37:05.215,0.2136055554833098,0.155,0.62,4983.0,4.0,3857.0,1917.172983848862
2026-09-13 05:37:05.249,0.2136055554833098,0.155,0.62,4983.0,4.0,3857.0,1917.172983848862
2026-09-13 05:37:06.647,0.2136055554833098,0.155,0.62,4983.0,4.0,3857.0,1917.172983848862
2026-09-13 05:37:06.698,0.2136055554833098,0.155,0.62,4983.0,4.0,3857.0,1917.172983848862
2026-09-13 05:37:08.716,0.21345784127082332,0.15525,0.621,4983.0,4.0,3857.0,1917.172983848862
2026-09-13 05:37:08.749,0.2136476850642977,0.155,0.62,4983.0,4.0,3857.0,1917.172983848862
2026-09-13 05:37:10.147,0.2136476850642977,0.155,0.62,4983.0,4.0,3857.0,1917.172983848862
2026-09-13 05:37:10.198,0.2136476850642977,0.155,0.62,4983.0,4.0,3857.0,1917.172983848862
2026-09-13 05:37:12.216,0.2136476850642977,0.155,0.62,4983.0,4.0,3857.0,1917.172983848862
2026-09-13 05:37:12.249,0.2136476850642977,0.155,0.62,4983.0,4.0,3857.0,1917.172983848862
2026-09-13 05:37:13.647,0.2136476850642977,0.155,0.62,4983.0,4.0,3857.0,1917.172983848862
2026-09-13 05:37:13.698,0.2136476850642977,0.155,0.62,4983.0,4.0,3857.0,1917.172983848862
2026-09-13 05:37:15.716,0.21379487832967375,0.15475,0.619,4983.0,4.0,3857.0,1917.172983848862
2026-09-13 05:37:15.749,0.21379487832967375,0.15475,0.619,4983.0,4.0,3857.0,1917.172983848862
2026-09-13 05:37:17.148,0.2142941903085569,0.155,0.62,4983.0,4.0,3857.0,1917.172983848862
2026-09-13 05:37:17.198,0.2144564835423106,0.15475,0.619,4983.0,4.0,3857.0,1917.172983848862
2026-09-13 05:37:19.216,0.2144564835423106,0.15475,0.619,4983.0,4.0,3857.0,1917.172983848862
2026-09-13 05:37:19.250,0.2142677452783472,0.155,0.62,4983.0,4.0,3857.0,1917.172983848862
2026-09-13 05:37:20.648,0.2142677452783472,0.155,0.62,4983.0,4.0,3857.0,1917.172983848862
2026-09-13 05:37:20.699,0.2141049197628739,0.15525,0.621,4983.0,4.0,3857.0,1917.172983848862
2026-09-13 05:37:22.716,0.2141049197628739,0.15525,0.621,4983.0,4.0,3857.0,1917.172983848862
2026-09-13 05:37:22.750,0.2141049197628739,0.15525,0.621,4983.0,4.0,3857.0,1917.172983848862
2026-09-13 05:37:24.148,0.2141049197628739,0.15525,0.621,4983.0,4.0,3857.0,1917.172983848862
2026-09-13 05:37:24.199,0.2141049197628739,0.15525,0.621,4983.0,4.0,3857.0,1917.172983848862
2026-09-13 05:37:26.216,0.2141049197628739,0.15525,0.621,4983.0,4.0,3857.0,1917.172983848862
2026-09-13 05:37:26.250,0.2141049197628739,0.15525,0.621,4983.0,4.0,3857.0,1917.172983848862
2026-09-13 05:37:27.648,0.2141049197628739,0.15525,0.621,4983.0,4.0,3857.0,1917.172983848862
2026-09-13 05:37:27.699,0.2141049197628739,0.15525,0.621,4983.0,4.0,3857.0,1917.172983848862
2026-09-13 05:37:29.716,0.2141049197628739,0.15525,0.621,4983.0,4.0,3857.0,1917.172983848862
2026-09-13 05:37:29.750,0.2141049197628739,0.15525,0.621,4983.0,4.0,3857.0,1917.172983848862
2026-09-13 05:37:31.148,0.21360555548330978,0.155,0.62,4983.0,4.0,3857.0,1917.172983848862
2026-09-13 05:37:31.199,0.21360555548330978,0.155,0.62,4983.0,4.0,3857.0,1917.172983848862
2026-09-13 05:37:33.216,0.21360555548330978,0.155,0.62,4983.0,4.0,3857.0,1917.172983848862
2026-09-13 05:37:33.250,0.21360555548330978,0.155,0.62,4983.0,4.0,3857.0,1917.172983848862
2026-09-13 05:37:34.648,0.21360555548330978,0.155,0.62,4983.0,4.0,3857.0,1917.172983848862
2026-09-13 05:37:34.699,0.21360555548330978,0.155,0.62,4983.0,4.0,3857.0,1917.172983848862
2026-09-13 05:37:36.716,0.21360555548330978,0.155,0.62,4983.0,4.0,3857.0,1917.172983848862
2026-09-13 05:37:36.750,0.21360555548330978,0.155,0.62,4983.0,4.0,3857.0,1917.172983848862
2026-09-13 05:37:38.148,0.21360555548330978,0.155,0.62,4983.0,4.0,3857.0,1917.172983848862
2026-09-13 05:37:38.199,0.21360555548330978,0.155,0.62,4983.0,4.0,3857.0,1917.172983848862
2026-09-13 05:37:40.216,0.21360555548330978,0.155,0.62,4983.0,4.0,3857.0,1917.172983848862
2026-09-13 05:37:40.250,0.21360555548330978,0.155,0.62,4983.0,4.0,3857.0,1917.172983848862
2026-09-13 05:37:41.648,0.21360555548330978,0.155,0.62,4983.0,4.0,3857.0,1917.172983848862
2026-09-13 05:37:41.699,0.21360555548330978,0.155,0.62,4983.0,4.0,3857.0,1917.172983848862
2026-09-13 05:37:43.716,0.21360555548330978,0.155,0.62,4983.0,4.0,3857.0,1917.172983848862
2026-09-13 05:37:43.750,0.21360555548330978,0.155,0.62,4983.0,4.0,3857.0,1917.172983848862
2026-09-13 05:37:45.148,0.21360555548330978,0.155,0.62,4983.0,4.0,3857.0,1917.172983848862
2026-09-13 05:37:45.199,0.21360555548330978,0.155,0.62,4983.0,4.0,3857.0,1917.172983848862
2026-09-13 05:37:47.216,0.21360555548330978,0.155,0.62,4983.0,4.0,3857.0,1917.172983848862
2026-09-13 05:37:47.250,0.21360555548330978,0.155,0.62,4983.0,4.0,3857.0,1917.172983848862
2026-09-13 05:37:48.648,0.21360555548330978,0.155,0.62,4983.0,4.0,3857.0,1917.172983848862
2026-09-13 05:37:48.699,0.21360555548330978,0.155,0.62,4983.0,4.0,3857.0,1917.172983848862
2026-09-13 05:37:50.716,0.21360555548330978,0.155,0.62,4983.0,4.0,3857.0,1917.172983848862
2026-09-13 05:37:50.750,0.21360555548330978,0.155,0.62,4983.0,4.0,3857.0,1917.172983848862
2026-09-13 05:37:52.148,0.21360555548330978,0.155,0.62,4983.0,4.0,3857.0,1917.172983848862
2026-09-13 05:37:52.199,0.21360555548330978,0.155,0.62,4983.0,4.0,3857.0,1917.172983848862
2026-09-13 05:37:54.216,0.21360555548330978,0.155,0.62,4983.0,4.0,3857.0,1917.172983848862
2026-09-13 05:37:54.250,0.21360555548330978,0.155,0.62,4983.0,4.0,3857.0,1917.172983848862
2026-09-13 05:37:55.648,0.21360555548330978,0.155,0.62,4983.0,4.0,3857.0,1917.172983848862
2026-09-13 05:37:55.699,0.21360555548330978,0.155,0.62,4983.0,4.0,3857.0,1917.172983848862
2026-09-13 05:37:57.716,0.21360555548330978,0.155,0.62,4983.0,4.0,3857.0,1917.172983848862
2026-09-13 05:37:57.750,0.21360555548330978,0.155,0.62,4983.0,4.0,3857.0,1917.172983848862
2026-09-13 05:37:59.148,0.21360555548330978,0.155,0.62,4983.0,4.0,3857.0,1917.172983848862
2026-09-13 05:37:59.199,0.21360555548330978,0.155,0.62,4983.0,4.0,3857.0,1917.172983848862
2026-09-13 05:38:01.216,0.21360555548330978,0.155,0.62,4983.0,4.0,3857.0,1917.172983848862
2026-09-13 05:38:01.250,0.21360555548330978,0.155,0.62,4983.0,4.0,3857.0,1917.172983848862
2026-09-13 05:38:02.648,0.21360555548330978,0.155,0.62,4983.0,4.0,3857.0,1917.172983848862
2026-09-13 05:38:02.699,0.21360555548330978,0.155,0.62,4983.0,4.0,3857.0,1917.172983848862
2026-09-13 05:38:04.759,0.21360555548330978,0.155,0.62,4983.0,4.0,3857.0,1917.172983848862
2026-09-13 05:38:04.793,0.21360555548330978,0.155,0.62,4983.0,4.0,3857.0,1917.172983848862
2026-09-13 05:38:06.180,0.21360555548330978,0.155,0.62,4983.0,4.0,3857.0,1917.172983848862
2026-09-13 05:38:06.231,0.21360555548330978,0.155,0.62,4983.0,4.0,3857.0,1917.172983848862
2026-09-13 05:38:08.249,0.21360555548330978,0.155,0.62,4983.0,4.0,3857.0,1917.172983848862
2026-09-13 05:38:08.282,0.21379487832967375,0.15475,0.619,4983.0,4.0,3857.0,1917.172983848862
2026-09-13 05:38:09.681,0.2142941903085569,0.155,0.62,4983.0,4.0,3857.0,1917.172983848862
2026-09-13 05:38:09.731,0.2144564835423106,0.15475,0.619,4983.0,4.0,3857.0,1917.172983848862
2026-09-13 05:38:11.749,0.2144564835423106,0.15475,0.619,4983.0,4.0,3857.0,1917.172983848862
2026-09-13 05:38:11.782,0.2144564835423106,0.15475,0.619,4983.0,4.0,3857.0,1917.172983848862
2026-09-13 05:38:13.181,0.2144564835423106,0.15475,0.619,4983.0,4.0,3857.0,1917.172983848862
2026-09-13 05:38:13.231,0.2144564835423106,0.15475,0.619,4983.0,4.0,3857.0,1917.172983848862
2026-09-13 05:38:15.249,0.2144564835423106,0.15475,0.619,4983.0,4.0,3857.0,1917.172983848862
2026-09-13 05:38:15.283,0.2142677452783472,0.155,0.62,4983.0,4.0,3857.0,1917.172983848862
2026-09-13 05:38:16.681,0.2142677452783472,0.155,0.62,4983.0,4.0,3857.0,1917.172983848862
2026-09-13 05:38:16.731,0.2142677452783472,0.155,0.62,4983.0,4.0,3857.0,1917.172983848862
2026-09-13 05:38:18.749,0.2142677452783472,0.155,0.62,4983.0,4.0,3857.0,1917.172983848862
2026-09-13 05:38:18.783,0.2142677452783472,0.155,0.62,4983.0,4.0,3857.0,1917.172983848862
2026-09-13 05:38:20.181,0.2142677452783472,0.155,0.62,4983.0,4.0,3857.0,1917.172983848862
2026-09-13 05:38:20.232,0.2141049197628739,0.15525,0.621,4983.0,4.0,3857.0,1917.172983848862
2026-09-13 05:38:22.277,0.2141049197628739,0.15525,0.621,4983.0,4.0,3857.0,1917.172983848862
2026-09-13 05:38:22.311,0.2141049197628739,0.15525,0.621,4983.0,4.0,3857.0,1917.172983848862
2026-09-13 05:38:23.699,0.2136055554833098,0.155,0.62,4983.0,4.0,3857.0,1917.172983848862
2026-09-13 05:38:23.750,0.2136055554833098,0.155,0.62,4983.0,4.0,3857.0,1917.172983848862
2026-09-13 05:38:25.767,0.2136055554833098,0.155,0.62,4983.0,4.0,3857.0,1917.172983848862
2026-09-13 05:38:25.801,0.2136055554833098,0.155,0.62,4983.0,4.0,3857.0,1917.172983848862
2026-09-13 05:38:27.199,0.2136055554833098,0.155,0.62,4983.0,4.0,3857.0,1917.172983848862
2026-09-13 05:38:27.250,0.2136055554833098,0.155,0.62,4983.0,4.0,3857.0,1917.172983848862
2026-09-13 05:38:29.267,0.2136055554833098,0.155,0.62,4983.0,4.0,3857.0,1917.172983848862
2026-09-13 05:38:29.301,0.2136055554833098,0.155,0.62,4983.0,4.0,3857.0,1917.172983848862
2026-09-13 05:38:30.699,0.2136055554833098,0.155,0.62,4983.0,4.0,3857.0,1917.172983848862
2026-09-13 05:38:30.750,0.2136055554833098,0.155,0.62,4983.0,4.0,3857.0,1917.172983848862
2026-09-13 05:38:32.767,0.2136055554833098,0.155,0.62,4983.0,4.0,3857.0,1917.172983848862
2026-09-13 05:38:32.801,0.2136055554833098,0.155,0.62,4983.0,4.0,3857.0,1917.172983848862
2026-09-13 05:38:34.199,0.2136055554833098,0.155,0.62,4983.0,4.0,3857.0,1917.172983848862
2026-09-13 05:38:34.250,0.2136055554833098,0.155,0.62,4983.0,4.0,3857.0,1917.172983848862
2026-09-13 05:38:36.267,0.2136055554833098,0.155,0.62,4983.0,4.0,3857.0,1917.172983848862
2026-09-13 05:38:36.301,0.2136055554833098,0.155,0.62,4983.0,4.0,3857.0,1917.172983848862
2026-09-13 05:38:37.699,0.2136055554833098,0.155,0.62,4983.0,4.0,3857.0,1917.172983848862
2026-09-13 05:38:37.750,0.2136055554833098,0.155,0.62,4983.0,4.0,3857.0,1917.172983848862
2026-09-13 05:38:39.767,0.2136055554833098,0.155,0.62,4983.0,4.0,3857.0,1917.172983848862
2026-09-13 05:38:39.801,0.2136055554833098,0.155,0.62,4983.0,4.0,3857.0,1917.172983848862
2026-09-13 05:38:41.199,0.2136055554833098,0.155,0.62,4983.0,4.0,3857.0,1917.172983848862
2026-09-13 05:38:41.250,0.2136055554833098,0.155,0.62,4983.0,4.0,3857.0,1917.172983848862
2026-09-13 05:38:43.267,0.2136055554833098,0.155,0.62,4983.0,4.0,3857.0,1917.172983848862
2026-09-13 05:38:43.301,0.2136055554833098,0.155,0.62,4983.0,4.0,3857.0,1917.172983848862
2026-09-13 05:38:44.699,0.2136055554833098,0.155,0.62,4983.0,4.0,3857.0,1917.172983848862
2026-09-13 05:38:44.750,0.2136055554833098,0.155,0.62,4983.0,4.0,3857.0,1917.172983848862
2026-09-13 05:38:46.767,0.2136055554833098,0.155,0.62,4983.0,4.0,3857.0,1917.172983848862
2026-09-13 05:38:46.801,0.2136055554833098,0.155,0.62,4983.0,4.0,3857.0,1917.172983848862
2026-09-13 05:38:48.199,0.2136055554833098,0.155,0.62,4983.0,4.0,3857.0,1917.172983848862
2026-09-13 05:38:48.250,0.2136055554833098,0.155,0.62,4983.0,4.0,3857.0,1917.172983848862
2026-09-13 05:38:50.268,0.21345784127082332,0.15525,0.621,4983.0,4.0,3857.0,1917.172983848862
2026-09-13 05:38:50.302,0.21345784127082332,0.15525,0.621,4983.0,4.0,3857.0,1917.172983848862
2026-09-13 05:38:51.699,0.21345784127082332,0.15525,0.621,4983.0,4.0,3857.0,1917.172983848862
2026-09-13 05:38:51.750,0.21345784127082332,0.15525,0.621,4983.0,4.0,3857.0,1917.172983848862
2026-09-13 05:38:53.767,0.2136055554833098,0.155,0.62,4983.0,4.0,3857.0,1917.172983848862
2026-09-13 05:38:53.801,0.2136055554833098,0.155,0.62,4983.0,4.0,3857.0,1917.172983848862
2026-09-13 05:38:55.199,0.2136055554833098,0.155,0.62,4983.0,4.0,3857.0,1917.172983848862
2026-09-13 05:38:55.250,0.2136055554833098,0.155,0.62,4983.0,4.0,3857.0,1917.172983848862
2026-09-13 05:38:57.267,0.2136055554833098,0.155,0.62,4983.0,4.0,3857.0,1917.172983848862
2026-09-13 05:38:57.301,0.2136055554833098,0.155,0.62,4983.0,4.0,3857.0,1917.172983848862
2026-09-13 05:38:58.699,0.2136055554833098,0.155,0.62,4983.0,4.0,3857.0,1917.172983848862
2026-09-13 05:38:58.750,0.2136055554833098,0.155,0.62,4983.0,4.0,3857.0,1917.172983848862
2026-09-13 05:39:00.811,0.2136055554833098,0.155,0.62,4983.0,4.0,3857.0,1917.172983848862
2026-09-13 05:39:00.844,0.21379487832967378,0.15475,0.619,4983.0,4.0,3857.0,1917.172983848862
2026-09-13 05:39:02.242,0.21379487832967378,0.15475,0.619,4983.0,4.0,3857.0,1917.172983848862
2026-09-13 05:39:02.293,0.21379487832967378,0.15475,0.619,4983.0,4.0,3857.0,1917.172983848862
2026-09-13 05:39:04.311,0.21379487832967378,0.15475,0.619,4983.0,4.0,3857.0,1917.172983848862
2026-09-13 05:39:04.345,0.21360555548330984,0.155,0.62,4983.0,4.0,3857.0,1917.172983848862
2026-09-13 05:39:05.743,0.2141049197628739,0.15525,0.621,4983.0,4.0,3857.0,1917.172983848862
2026-09-13 05:39:05.793,0.2142677452783472,0.155,0.62,4983.0,4.0,3857.0,1917.172983848862
2026-09-13 05:39:07.811,0.2142677452783472,0.155,0.62,4983.0,4.0,3857.0,1917.172983848862
2026-09-13 05:39:07.845,0.2142677452783472,0.155,0.62,4983.0,4.0,3857.0,1917.172983848862
2026-09-13 05:39:09.243,0.2142677452783472,0.155,0.62,4983.0,4.0,3857.0,1917.172983848862
2026-09-13 05:39:09.293,0.2142677452783472,0.155,0.62,4983.0,4.0,3857.0,1917.172983848862
2026-09-13 05:39:11.311,0.2142677452783472,0.155,0.62,4983.0,4.0,3857.0,1917.172983848862
2026-09-13 05:39:11.345,0.2142677452783472,0.155,0.62,4983.0,4.0,3857.0,1917.172983848862
2026-09-13 05:39:12.743,0.2142677452783472,0.155,0.62,4983.0,4.0,3857.0,1917.172983848862
2026-09-13 05:39:12.794,0.2141049197628739,0.15525,0.621,4983.0,4.0,3857.0,1917.172983848862
2026-09-13 05:39:14.811,0.2141049197628739,0.15525,0.621,4983.0,4.0,3857.0,1917.172983848862
2026-09-13 05:39:14.845,0.2141049197628739,0.15525,0.621,4983.0,4.0,3857.0,1917.172983848862
2026-09-13 05:39:16.243,0.2136055554833098,0.155,0.62,4983.0,4.0,3857.0,1917.172983848862
2026-09-13 05:39:16.294,0.2136055554833098,0.155,0.62,4983.0,4.0,3857.0,1917.172983848862
2026-09-13 05:39:18.311,0.2136055554833098,0.155,0.62,4983.0,4.0,3857.0,1917.172983848862
2026-09-13 05:39:18.345,0.2136055554833098,0.155,0.62,4983.0,4.0,3857.0,1917.172983848862
2026-09-13 05:39:19.743,0.2136055554833098,0.155,0.62,4983.0,4.0,3857.0,1917.172983848862
2026-09-13 05:39:19.794,0.2136055554833098,0.155,0.62,4983.0,4.0,3857.0,1917.172983848862
2026-09-13 05:39:21.811,0.2136055554833098,0.155,0.62,4983.0,4.0,3857.0,1917.172983848862
2026-09-13 05:39:21.845,0.2136055554833098,0.155,0.62,4983.0,4.0,3857.0,1917.172983848862
2026-09-13 05:39:23.243,0.2136055554833098,0.155,0.62,4983.0,4.0,3857.0,1917.172983848862
2026-09-13 05:39:23.294,0.2136055554833098,0.155,0.62,4983.0,4.0,3857.0,1917.172983848862
2026-09-13 05:39:25.311,0.2136055554833098,0.155,0.62,4983.0,4.0,3857.0,1917.172983848862
2026-09-13 05:39:25.345,0.2136055554833098,0.155,0.62,4983.0,4.0,3857.0,1917.172983848862
2026-09-13 05:39:26.743,0.2136055554833098,0.155,0.62,4983.0,4.0,3857.0,1917.172983848862
2026-09-13 05:39:26.794,0.2136055554833098,0.155,0.62,4983.0,4.0,3857.0,1917.172983848862
2026-09-13 05:39:28.811,0.2136055554833098,0.155,0.62,4983.0,4.0,3857.0,1917.172983848862
2026-09-13 05:39:28.845,0.2136055554833098,0.155,0.62,4983.0,4.0,3857.0,1917.172983848862
2026-09-13 05:39:30.243,0.2136055554833098,0.155,0.62,4983.0,4.0,3857.0,1917.172983848862
2026-09-13 05:39:30.294,0.2136055554833098,0.155,0.62,4983.0,4.0,3857.0,1917.172983848862
2026-09-13 05:39:32.311,0.2136055554833098,0.155,0.62,4983.0,4.0,3857.0,1917.172983848862
2026-09-13 05:39:32.345,0.2136055554833098,0.155,0.62,4983.0,4.0,3857.0,1917.172983848862
2026-09-13 05:39:33.743,0.2136055554833098,0.155,0.62,4983.0,4.0,3857.0,1917.172983848862
2026-09-13 05:39:33.794,0.2136055554833098,0.155,0.62,4983.0,4.0,3857.0,1917.172983848862
2026-09-13 05:39:35.811,0.2136055554833098,0.155,0.62,4983.0,4.0,3857.0,1917.172983848862
2026-09-13 05:39:35.845,0.2136055554833098,0.155,0.62,4983.0,4.0,3857.0,1917.172983848862
2026-09-13 05:39:37.243,0.2136055554833098,0.155,0.62,4983.0,4.0,3857.0,1917.172983848862
2026-09-13 05:39:37.294,0.2136055554833098,0.155,0.62,4983.0,4.0,3857.0,1917.172983848862
2026-09-13 05:39:39.311,0.2136055554833098,0.155,0.62,4983.0,4.0,3857.0,1917.172983848862
2026-09-13 05:39:39.345,0.2136055554833098,0.155,0.62,4983.0,4.0,3857.0,1917.172983848862
2026-09-13 05:39:40.743,0.2136055554833098,0.155,0.62,4983.0,4.0,3857.0,1917.172983848862
2026-09-13 05:39:40.794,0.2136055554833098,0.155,0.62,4983.0,4.0,3857.0,1917.172983848862
2026-09-13 05:39:42.811,0.2136055554833098,0.155,0.62,4983.0,4.0,3857.0,1917.172983848862
2026-09-13 05:39:42.845,0.2136055554833098,0.155,0.62,4983.0,4.0,3857.0,1917.172983848862
2026-09-13 05:39:44.243,0.2136055554833098,0.155,0.62,4983.0,4.0,3857.0,1917.172983848862
2026-09-13 05:39:44.294,0.2136055554833098,0.155,0.62,4983.0,4.0,3857.0,1917.172983848862
2026-09-13 05:39:46.311,0.2136055554833098,0.155,0.62,4983.0,4.0,3857.0,1917.172983848862
2026-09-13 05:39:46.345,0.2136055554833098,0.155,0.62,4983.0,4.0,3857.0,1917.172983848862
2026-09-13 05:39:47.743,0.2136055554833098,0.155,0.62,4983.0,4.0,3857.0,1917.172983848862
2026-09-13 05:39:47.794,0.2136055554833098,0.155,0.62,4983.0,4.0,3857.0,1917.172983848862
2026-09-13 05:39:49.812,0.21345784127082332,0.15525,0.621,4983.0,4.0,3857.0,1917.172983848862
2026-09-13 05:39:49.845,0.2136476850642977,0.155,0.62,4983.0,4.0,3857.0,1917.172983848862
2026-09-13 05:39:51.243,0.2136476850642977,0.155,0.62,4983.0,4.0,3857.0,1917.172983848862
2026-09-13 05:39:51.294,0.2136476850642977,0.155,0.62,4983.0,4.0,3857.0,1917.172983848862
2026-09-13 05:39:53.312,0.21379487832967375,0.15475,0.619,4983.0,4.0,3857.0,1917.172983848862
2026-09-13 05:39:53.345,0.21379487832967375,0.15475,0.619,4983.0,4.0,3857.0,1917.172983848862
2026-09-13 05:39:54.743,0.21379487832967375,0.15475,0.619,4983.0,4.0,3857.0,1917.172983848862
2026-09-13 05:39:54.794,0.21379487832967375,0.15475,0.619,4983.0,4.0,3857.0,1917.172983848862
2026-09-13 05:39:56.812,0.21379487832967375,0.15475,0.619,4983.0,4.0,3857.0,1917.172983848862
2026-09-13 05:39:56.845,0.21379487832967375,0.15475,0.619,4983.0,4.0,3857.0,1917.172983848862
2026-09-13 05:39:58.244,0.21429419030855693,0.155,0.62,4983.0,4.0,3857.0,1917.172983848862
2026-09-13 05:39:58.294,0.21445648354231062,0.15475,0.619,4983.0,4.0,3857.0,1917.172983848862
2026-09-13 05:40:00.312,0.21445648354231062,0.15475,0.619,4983.0,4.0,3857.0,1917.172983848862
2026-09-13 05:40:00.346,0.21426774527834722,0.155,0.62,4983.0,4.0,3857.0,1917.172983848862
2026-09-13 05:40:01.744,0.2142677452783472,0.155,0.62,4983.0,4.0,3857.0,1917.172983848862
2026-09-13 05:40:01.795,0.2141049197628739,0.15525,0.621,4983.0,4.0,3857.0,1917.172983848862
2026-09-13 05:40:03.812,0.2141049197628739,0.15525,0.621,4983.0,4.0,3857.0,1917.172983848862
2026-09-13 05:40:03.846,0.2141049197628739,0.15525,0.621,4983.0,4.0,3857.0,1917.172983848862
2026-09-13 05:40:05.244,0.2141049197628739,0.15525,0.621,4983.0,4.0,3857.0,1917.172983848862
2026-09-13 05:40:05.294,0.2142677452783472,0.155,0.62,4983.0,4.0,3857.0,1917.172983848862
2026-09-13 05:40:07.312,0.2142677452783472,0.155,0.62,4983.0,4.0,3857.0,1917.172983848862
2026-09-13 05:40:07.346,0.2142677452783472,0.155,0.62,4983.0,4.0,3857.0,1917.172983848862
2026-09-13 05:40:08.744,0.2142677452783472,0.155,0.62,4983.0,4.0,3857.0,1917.172983848862
2026-09-13 05:40:08.795,0.2141049197628739,0.15525,0.621,4983.0,4.0,3857.0,1917.172983848862
2026-09-13 05:40:10.812,0.2141049197628739,0.15525,0.621,4983.0,4.0,3857.0,1917.172983848862
2026-09-13 05:40:10.846,0.2141049197628739,0.15525,0.621,4983.0,4.0,3857.0,1917.172983848862
2026-09-13 05:40:12.244,0.2136055554833098,0.155,0.62,4983.0,4.0,3857.0,1917.172983848862
2026-09-13 05:40:12.295,0.2136055554833098,0.155,0.62,4983.0,4.0,3857.0,1917.172983848862
2026-09-13 05:40:14.312,0.2136055554833098,0.155,0.62,4983.0,4.0,3857.0,1917.172983848862
2026-09-13 05:40:14.346,0.2136055554833098,0.155,0.62,4983.0,4.0,3857.0,1917.172983848862
2026-09-13 05:40:15.744,0.2136055554833098,0.155,0.62,4983.0,4.0,3857.0,1917.172983848862
2026-09-13 05:40:15.795,0.2136055554833098,0.155,0.62,4983.0,4.0,3857.0,1917.172983848862
2026-09-13 05:40:17.812,0.2136055554833098,0.155,0.62,4983.0,4.0,3857.0,1917.172983848862
2026-09-13 05:40:17.846,0.2136055554833098,0.155,0.62,4983.0,4.0,3857.0,1917.172983848862
2026-09-13 05:40:19.244,0.2136055554833098,0.155,0.62,4983.0,4.0,3857.0,1917.172983848862
2026-09-13 05:40:19.295,0.2136055554833098,0.155,0.62,4983.0,4.0,3857.0,1917.172983848862
2026-09-13 05:40:21.312,0.2136055554833098,0.155,0.62,4983.0,4.0,3857.0,1917.172983848862
2026-09-13 05:40:21.346,0.2136055554833098,0.155,0.62,4983.0,4.0,3857.0,1917.172983848862
2026-09-13 05:40:22.744,0.2136055554833098,0.155,0.62,4983.0,4.0,3857.0,1917.172983848862
2026-09-13 05:40:22.795,0.2136055554833098,0.155,0.62,4983.0,4.0,3857.0,1917.172983848862
2026-09-13 05:40:24.812,0.2136055554833098,0.155,0.62,4983.0,4.0,3857.0,1917.172983848862
2026-09-13 05:40:24.846,0.2136055554833098,0.155,0.62,4983.0,4.0,3857.0,1917.172983848862
2026-09-13 05:40:26.244,0.2136055554833098,0.155,0.62,4983.0,4.0,3857.0,1917.172983848862
2026-09-13 05:40:26.295,0.2136055554833098,0.155,0.62,4983.0,4.0,3857.0,1917.172983848862
2026-09-13 05:40:28.312,0.2136055554833098,0.155,0.62,4983.0,4.0,3857.0,1917.172983848862
2026-09-13 05:40:28.346,0.2136055554833098,0.155,0.62,4983.0,4.0,3857.0,1917.172983848862
2026-09-13 05:40:29.744,0.2136055554833098,0.155,0.62,4983.0,4.0,3857.0,1917.172983848862
2026-09-13 05:40:29.795,0.2136055554833098,0.155,0.62,4983.0,4.0,3857.0,1917.172983848862
2026-09-13 05:40:31.812,0.2136055554833098,0.155,0.62,4983.0,4.0,3857.0,1917.172983848862
2026-09-13 05:40:31.846,0.2136055554833098,0.155,0.62,4983.0,4.0,3857.0,1917.172983848862
2026-09-13 05:40:33.244,0.2136055554833098,0.155,0.62,4983.0,4.0,3857.0,1917.172983848862
2026-09-13 05:40:33.295,0.2136055554833098,0.155,0.62,4983.0,4.0,3857.0,1917.172983848862
2026-09-13 05:40:35.312,0.2136055554833098,0.155,0.62,4983.0,4.0,3857.0,1917.172983848862
2026-09-13 05:40:35.346,0.2136055554833098,0.155,0.62,4983.0,4.0,3857.0,1917.172983848862
2026-09-13 05:40:36.744,0.2136055554833098,0.155,0.62,4983.0,4.0,3857.0,1917.172983848862
2026-09-13 05:40:36.795,0.2136055554833098,0.155,0.62,4983.0,4.0,3857.0,1917.172983848862
2026-09-13 05:40:38.812,0.2136055554833098,0.155,0.62,4983.0,4.0,3857.0,1917.172983848862
2026-09-13 05:40:38.846,0.2136055554833098,0.155,0.62,4983.0,4.0,3857.0,1917.172983848862
2026-09-13 05:40:40.244,0.2136055554833098,0.155,0.62,4983.0,4.0,3857.0,1917.172983848862
2026-09-13 05:40:40.295,0.2136055554833098,0.155,0.62,4983.0,4.0,3857.0,1917.172983848862
2026-09-13 05:40:42.313,0.21345784127082332,0.15525,0.621,4983.0,4.0,3857.0,1917.172983848862
2026-09-13 05:40:42.347,0.21345784127082332,0.15525,0.621,4983.0,4.0,3857.0,1917.172983848862
2026-09-13 05:40:43.744,0.21345784127082332,0.15525,0.621,4983.0,4.0,3857.0,1917.172983848862
2026-09-13 05:40:43.795,0.21345784127082332,0.15525,0.621,4983.0,4.0,3857.0,1917.172983848862
2026-09-13 05:40:45.813,0.21345784127082332,0.15525,0.621,4983.0,4.0,3857.0,1917.172983848862
2026-09-13 05:40:45.846,0.2136476850642977,0.155,0.62,4983.0,4.0,3857.0,1917.172983848862
2026-09-13 05:40:47.244,0.21264916333403872,0.1545,0.618,4983.0,4.0,3857.0,1917.172983848862
2026-09-13 05:40:47.294,0.21281192792385176,0.15425,0.617,4983.0,4.0,3857.0,1917.172983848862
2026-09-13 05:40:49.313,0.21295852491349893,0.154,0.616,4983.0,4.0,3857.0,1917.172983848862
2026-09-13 05:40:49.347,0.21276963285832562,0.15425,0.617,4983.0,4.0,3857.0,1917.172983848862
2026-09-13 05:40:50.745,0.21426774527834722,0.155,0.62,4983.0,4.0,3857.0,1917.172983848862
2026-09-13 05:40:50.795,0.21426774527834722,0.155,0.62,4983.0,4.0,3857.0,1917.172983848862
2026-09-13 05:40:52.813,0.2142677452783472,0.155,0.62,4983.0,4.0,3857.0,1917.172983848862
2026-09-13 05:40:52.847,0.2142677452783472,0.155,0.62,4983.0,4.0,3857.0,1917.172983848862
2026-09-13 05:40:54.245,0.2142677452783472,0.155,0.62,4983.0,4.0,3857.0,1917.172983848862
2026-09-13 05:40:54.296,0.2141049197628739,0.15525,0.621,4983.0,4.0,3857.0,1917.172983848862
2026-09-13 05:40:56.313,0.2141049197628739,0.15525,0.621,4983.0,4.0,3857.0,1917.172983848862
2026-09-13 05:40:56.347,0.2141049197628739,0.15525,0.621,4983.0,4.0,3857.0,1917.172983848862
2026-09-13 05:40:57.745,0.2141049197628739,0.15525,0.621,4983.0,4.0,3857.0,1917.172983848862
2026-09-13 05:40:57.796,0.2141049197628739,0.15525,0.621,4983.0,4.0,3857.0,1917.172983848862
2026-09-13 05:40:59.813,0.2141049197628739,0.15525,0.621,4983.0,4.0,3857.0,1917.172983848862
2026-09-13 05:40:59.847,0.2141049197628739,0.15525,0.621,4983.0,4.0,3857.0,1917.172983848862
2026-09-13 05:41:01.245,0.2136055554833098,0.155,0.62,4983.0,4.0,3857.0,1917.172983848862
2026-09-13 05:41:01.296,0.2136055554833098,0.155,0.62,4983.0,4.0,3857.0,1917.172983848862
2026-09-13 05:41:03.313,0.2136055554833098,0.155,0.62,4983.0,4.0,3857.0,1917.172983848862
2026-09-13 05:41:03.347,0.2136055554833098,0.155,0.62,4983.0,4.0,3857.0,1917.172983848862
2026-09-13 05:41:04.745,0.2136055554833098,0.155,0.62,4983.0,4.0,3857.0,1917.172983848862
2026-09-13 05:41:04.796,0.2136055554833098,0.155,0.62,4983.0,4.0,3857.0,1917.172983848862
2026-09-13 05:41:06.813,0.2136055554833098,0.155,0.62,4983.0,4.0,3857.0,1917.172983848862
2026-09-13 05:41:06.847,0.2136055554833098,0.155,0.62,4983.0,4.0,3857.0,1917.172983848862
2026-09-13 05:41:08.245,0.2136055554833098,0.155,0.62,4983.0,4.0,3857.0,1917.172983848862
2026-09-13 05:41:08.296,0.2136055554833098,0.155,0.62,4983.0,4.0,3857.0,1917.172983848862
2026-09-13 05:41:10.313,0.2136055554833098,0.155,0.62,4983.0,4.0,3857.0,1917.172983848862
2026-09-13 05:41:10.347,0.2136055554833098,0.155,0.62,4983.0,4.0,3857.0,1917.172983848862
2026-09-13 05:41:12.052,0.2136055554833098,0.155,0.62,4983.0,4.0,3857.0,1917.172983848862
2026-09-13 05:41:12.103,0.2136055554833098,0.155,0.62,4983.0,4.0,3857.0,1917.172983848862
2026-09-13 05:41:14.120,0.2136055554833098,0.155,0.62,4983.0,4.0,3857.0,1917.172983848862
2026-09-13 05:41:14.154,0.2136055554833098,0.155,0.62,4983.0,4.0,3857.0,1917.172983848862
2026-09-13 05:41:15.552,0.2136055554833098,0.155,0.62,4983.0,4.0,3857.0,1917.172983848862
2026-09-13 05:41:15.603,0.2136055554833098,0.155,0.62,4983.0,4.0,3857.0,1917.172983848862
2026-09-13 05:41:17.620,0.2136055554833098,0.155,0.62,4983.0,4.0,3857.0,1917.172983848862
2026-09-13 05:41:17.654,0.2136055554833098,0.155,0.62,4983.0,4.0,3857.0,1917.172983848862
2026-09-13 05:41:19.052,0.2136055554833098,0.155,0.62,4983.0,4.0,3857.0,1917.172983848862
2026-09-13 05:41:19.103,0.2136055554833098,0.155,0.62,4983.0,4.0,3857.0,1917.172983848862
2026-09-13 05:41:21.120,0.2136055554833098,0.155,0.62,4983.0,4.0,3857.0,1917.172983848862
2026-09-13 05:41:21.154,0.2136055554833098,0.155,0.62,4983.0,4.0,3857.0,1917.172983848862
2026-09-13 05:41:22.552,0.2136055554833098,0.155,0.62,4983.0,4.0,3857.0,1917.172983848862
2026-09-13 05:41:22.603,0.2136055554833098,0.155,0.62,4983.0,4.0,3857.0,1917.172983848862
2026-09-13 05:41:24.620,0.2136055554833098,0.155,0.62,4983.0,4.0,3857.0,1917.172983848862
2026-09-13 05:41:24.654,0.2136055554833098,0.155,0.62,4983.0,4.0,3857.0,1917.172983848862
2026-09-13 05:41:26.052,0.2136055554833098,0.155,0.62,4983.0,4.0,3857.0,1917.172983848862
2026-09-13 05:41:26.103,0.2136055554833098,0.155,0.62,4983.0,4.0,3857.0,1917.172983848862
2026-09-13 05:41:28.120,0.2136055554833098,0.155,0.62,4983.0,4.0,3857.0,1917.172983848862
2026-09-13 05:41:28.154,0.2136055554833098,0.155,0.62,4983.0,4.0,3857.0,1917.172983848862
2026-09-13 05:41:29.552,0.2136055554833098,0.155,0.62,4983.0,4.0,3857.0,1917.172983848862
2026-09-13 05:41:29.603,0.2136055554833098,0.155,0.62,4983.0,4.0,3857.0,1917.172983848862
2026-09-13 05:41:31.620,0.2136055554833098,0.155,0.62,4983.0,4.0,3857.0,1917.172983848862
2026-09-13 05:41:31.654,0.2136055554833098,0.155,0.62,4983.0,4.0,3857.0,1917.172983848862
2026-09-13 05:41:33.053,0.2141049197628739,0.15525,0.621,4983.0,4.0,3857.0,1917.172983848862
2026-09-13 05:41:33.103,0.2142677452783472,0.155,0.62,4983.0,4.0,3857.0,1917.172983848862
2026-09-13 05:41:35.120,0.2142677452783472,0.155,0.62,4983.0,4.0,3857.0,1917.172983848862
2026-09-13 05:41:35.154,0.2142677452783472,0.155,0.62,4983.0,4.0,3857.0,1917.172983848862
2026-09-13 05:41:36.552,0.21376837153018377,0.15475,0.619,4983.0,4.0,3857.0,1917.172983848862
2026-09-13 05:41:36.603,0.2136055554833098,0.155,0.62,4983.0,4.0,3857.0,1917.172983848862
2026-09-13 05:41:38.621,0.21345784127082332,0.15525,0.621,4983.0,4.0,3857.0,1917.172983848862
2026-09-13 05:41:38.654,0.2136476850642977,0.155,0.62,4983.0,4.0,3857.0,1917.172983848862
2026-09-13 05:41:40.052,0.2136476850642977,0.155,0.62,4983.0,4.0,3857.0,1917.172983848862
2026-09-13 05:41:40.103,0.2136476850642977,0.155,0.62,4983.0,4.0,3857.0,1917.172983848862
2026-09-13 05:41:42.121,0.21379487832967375,0.15475,0.619,4983.0,4.0,3857.0,1917.172983848862
2026-09-13 05:41:42.155,0.21360555548330978,0.155,0.62,4983.0,4.0,3857.0,1917.172983848862
2026-09-13 05:41:43.553,0.2141049197628739,0.15525,0.621,4983.0,4.0,3857.0,1917.172983848862
2026-09-13 05:41:43.603,0.21426774527834716,0.155,0.62,4983.0,4.0,3857.0,1917.172983848862
2026-09-13 05:41:45.621,0.21426774527834713,0.155,0.62,4983.0,4.0,3857.0,1917.172983848862
2026-09-13 05:41:45.655,0.21426774527834713,0.155,0.62,4983.0,4.0,3857.0,1917.172983848862
2026-09-13 05:41:47.053,0.21426774527834713,0.155,0.62,4983.0,4.0,3857.0,1917.172983848862
2026-09-13 05:41:47.103,0.21426774527834713,0.155,0.62,4983.0,4.0,3857.0,1917.172983848862
2026-09-13 05:41:49.121,0.21426774527834713,0.155,0.62,4983.0,4.0,3857.0,1917.172983848862
2026-09-13 05:41:49.155,0.21426774527834713,0.155,0.62,4983.0,4.0,3857.0,1917.172983848862
2026-09-13 05:41:50.553,0.21426774527834713,0.155,0.62,4983.0,4.0,3857.0,1917.172983848862
2026-09-13 05:41:50.604,0.21410491976287385,0.15525,0.621,4983.0,4.0,3857.0,1917.172983848862
2026-09-13 05:41:52.668,0.21410491976287385,0.15525,0.621,4983.0,4.0,3857.0,1917.172983848862
2026-09-13 05:41:52.702,0.21410491976287385,0.15525,0.621,4983.0,4.0,3857.0,1917.172983848862
2026-09-13 05:41:54.100,0.21410491976287385,0.15525,0.621,4983.0,4.0,3857.0,1917.172983848862
2026-09-13 05:41:54.151,0.21410491976287385,0.15525,0.621,4983.0,4.0,3857.0,1917.172983848862
2026-09-13 05:41:56.168,0.21410491976287385,0.15525,0.621,4983.0,4.0,3857.0,1917.172983848862
2026-09-13 05:41:56.202,0.21410491976287385,0.15525,0.621,4983.0,4.0,3857.0,1917.172983848862
2026-09-13 05:41:57.600,0.21360555548330976,0.155,0.62,4983.0,4.0,3857.0,1917.172983848862
2026-09-13 05:41:57.651,0.21360555548330976,0.155,0.62,4983.0,4.0,3857.0,1917.172983848862
2026-09-13 05:41:59.668,0.21360555548330976,0.155,0.62,4983.0,4.0,3857.0,1917.172983848862
2026-09-13 05:41:59.702,0.21360555548330976,0.155,0.62,4983.0,4.0,3857.0,1917.172983848862
2026-09-13 05:42:01.100,0.21360555548330976,0.155,0.62,4983.0,4.0,3857.0,1917.172983848862
2026-09-13 05:42:01.151,0.21360555548330976,0.155,0.62,4983.0,4.0,3857.0,1917.172983848862
2026-09-13 05:42:03.168,0.21360555548330976,0.155,0.62,4983.0,4.0,3857.0,1917.172983848862
2026-09-13 05:42:03.202,0.21360555548330976,0.155,0.62,4983.0,4.0,3857.0,1917.172983848862
2026-09-13 05:42:04.600,0.21360555548330976,0.155,0.62,4983.0,4.0,3857.0,1917.172983848862
2026-09-13 05:42:04.651,0.21360555548330976,0.155,0.62,4983.0,4.0,3857.0,1917.172983848862
2026-09-13 05:42:06.668,0.21360555548330976,0.155,0.62,4983.0,4.0,3857.0,1917.172983848862
2026-09-13 05:42:06.702,0.21360555548330976,0.155,0.62,4983.0,4.0,3857.0,1917.172983848862
2026-09-13 05:42:08.100,0.21360555548330976,0.155,0.62,4983.0,4.0,3857.0,1917.172983848862
2026-09-13 05:42:08.151,0.21360555548330976,0.155,0.62,4983.0,4.0,3857.0,1917.172983848862
2026-09-13 05:42:10.168,0.21360555548330976,0.155,0.62,4983.0,4.0,3857.0,1917.172983848862
2026-09-13 05:42:10.202,0.21360555548330976,0.155,0.62,4983.0,4.0,3857.0,1917.172983848862
2026-09-13 05:42:11.600,0.21360555548330976,0.155,0.62,4983.0,4.0,3857.0,1917.172983848862
2026-09-13 05:42:11.651,0.21360555548330976,0.155,0.62,4983.0,4.0,3857.0,1917.172983848862
2026-09-13 05:42:13.668,0.21360555548330976,0.155,0.62,4983.0,4.0,3857.0,1917.172983848862
2026-09-13 05:42:13.702,0.21360555548330976,0.155,0.62,4983.0,4.0,3857.0,1917.172983848862
2026-09-13 05:42:15.100,0.21360555548330976,0.155,0.62,4983.0,4.0,3857.0,1917.172983848862
2026-09-13 05:42:15.151,0.21360555548330976,0.155,0.62,4983.0,4.0,3857.0,1917.172983848862
2026-09-13 05:42:17.168,0.21360555548330976,0.155,0.62,4983.0,4.0,3857.0,1917.172983848862
2026-09-13 05:42:17.202,0.21360555548330976,0.155,0.62,4983.0,4.0,3857.0,1917.172983848862
2026-09-13 05:42:18.600,0.21360555548330976,0.155,0.62,4983.0,4.0,3857.0,1917.172983848862
2026-09-13 05:42:18.651,0.21360555548330976,0.155,0.62,4983.0,4.0,3857.0,1917.172983848862
2026-09-13 05:42:20.668,0.21360555548330976,0.155,0.62,4983.0,4.0,3857.0,1917.172983848862
2026-09-13 05:42:20.702,0.21360555548330976,0.155,0.62,4983.0,4.0,3857.0,1917.172983848862
2026-09-13 05:42:22.100,0.21360555548330976,0.155,0.62,4983.0,4.0,3857.0,1917.172983848862
2026-09-13 05:42:22.151,0.21360555548330976,0.155,0.62,4983.0,4.0,3857.0,1917.172983848862
2026-09-13 05:42:24.168,0.21360555548330976,0.155,0.62,4983.0,4.0,3857.0,1917.172983848862
2026-09-13 05:42:24.202,0.21360555548330976,0.155,0.62,4983.0,4.0,3857.0,1917.172983848862
2026-09-13 05:42:25.600,0.21360555548330976,0.155,0.62,4983.0,4.0,3857.0,1917.172983848862
2026-09-13 05:42:25.651,0.21360555548330976,0.155,0.62,4983.0,4.0,3857.0,1917.172983848862
2026-09-13 05:42:27.668,0.21360555548330976,0.155,0.62,4983.0,4.0,3857.0,1917.172983848862
2026-09-13 05:42:27.702,0.21360555548330976,0.155,0.62,4983.0,4.0,3857.0,1917.172983848862
2026-09-13 05:42:29.100,0.21360555548330976,0.155,0.62,4983.0,4.0,3857.0,1917.172983848862
2026-09-13 05:42:29.151,0.21360555548330976,0.155,0.62,4983.0,4.0,3857.0,1917.172983848862
2026-09-13 05:42:31.169,0.2134578412708233,0.15525,0.621,4983.0,4.0,3857.0,1917.172983848862
2026-09-13 05:42:31.202,0.21364768506429768,0.155,0.62,4983.0,4.0,3857.0,1917.172983848862
2026-09-13 05:42:32.600,0.21364768506429768,0.155,0.62,4983.0,4.0,3857.0,1917.172983848862
2026-09-13 05:42:32.651,0.21364768506429768,0.155,0.62,4983.0,4.0,3857.0,1917.172983848862
2026-09-13 05:42:34.669,0.2137948783296737,0.15475,0.619,4983.0,4.0,3857.0,1917.172983848862
2026-09-13 05:42:34.703,0.21360555548330976,0.155,0.62,4983.0,4.0,3857.0,1917.172983848862
2026-09-13 05:42:36.101,0.21410491976287385,0.15525,0.621,4983.0,4.0,3857.0,1917.172983848862
2026-09-13 05:42:36.151,0.21426774527834713,0.155,0.62,4983.0,4.0,3857.0,1917.172983848862
2026-09-13 05:42:38.169,0.2142677452783471,0.155,0.62,4983.0,4.0,3857.0,1917.172983848862
2026-09-13 05:42:38.203,0.2142677452783471,0.155,0.62,4983.0,4.0,3857.0,1917.172983848862
2026-09-13 05:42:39.601,0.2142677452783471,0.155,0.62,4983.0,4.0,3857.0,1917.172983848862
2026-09-13 05:42:39.652,0.21410491976287382,0.15525,0.621,4983.0,4.0,3857.0,1917.172983848862
2026-09-13 05:42:41.669,0.21410491976287382,0.15525,0.621,4983.0,4.0,3857.0,1917.172983848862
2026-09-13 05:42:41.703,0.21410491976287382,0.15525,0.621,4983.0,4.0,3857.0,1917.172983848862
2026-09-13 05:42:43.101,0.21410491976287382,0.15525,0.621,4983.0,4.0,3857.0,1917.172983848862
2026-09-13 05:42:43.152,0.21410491976287382,0.15525,0.621,4983.0,4.0,3857.0,1917.172983848862
2026-09-13 05:42:45.169,0.21410491976287382,0.15525,0.621,4983.0,4.0,3857.0,1917.172983848862
2026-09-13 05:42:45.203,0.21410491976287382,0.15525,0.621,4983.0,4.0,3857.0,1917.172983848862
2026-09-13 05:42:46.601,0.21410491976287382,0.15525,0.621,4983.0,4.0,3857.0,1917.172983848862
2026-09-13 05:42:46.652,0.21410491976287382,0.15525,0.621,4983.0,4.0,3857.0,1917.172983848862
2026-09-13 05:42:48.669,0.21410491976287382,0.15525,0.621,4983.0,4.0,3857.0,1917.172983848862
2026-09-13 05:42:48.703,0.21410491976287382,0.15525,0.621,4983.0,4.0,3857.0,1917.172983848862
2026-09-13 05:42:50.101,0.21410491976287382,0.15525,0.621,4983.0,4.0,3857.0,1917.172983848862
2026-09-13 05:42:50.152,0.21410491976287382,0.15525,0.621,4983.0,4.0,3857.0,1917.172983848862
2026-09-13 05:42:52.169,0.21410491976287382,0.15525,0.621,4983.0,4.0,3857.0,1917.172983848862
2026-09-13 05:42:52.203,0.21410491976287382,0.15525,0.621,4983.0,4.0,3857.0,1917.172983848862
2026-09-13 05:42:53.601,0.2136055554833097,0.155,0.62,4983.0,4.0,3857.0,1917.172983848862
2026-09-13 05:42:53.652,0.2136055554833097,0.155,0.62,4983.0,4.0,3857.0,1917.172983848862
2026-09-13 05:42:55.669,0.2136055554833097,0.155,0.62,4983.0,4.0,3857.0,1917.172983848862
2026-09-13 05:42:55.703,0.2136055554833097,0.155,0.62,4983.0,4.0,3857.0,1917.172983848862
2026-09-13 05:42:57.101,0.2136055554833097,0.155,0.62,4983.0,4.0,3857.0,1917.172983848862
2026-09-13 05:42:57.152,0.2136055554833097,0.155,0.62,4983.0,4.0,3857.0,1917.172983848862
2026-09-13 05:42:59.169,0.2136055554833097,0.155,0.62,4983.0,4.0,3857.0,1917.172983848862
2026-09-13 05:42:59.203,0.2136055554833097,0.155,0.62,4983.0,4.0,3857.0,1917.172983848862
2026-09-13 05:43:00.601,0.2136055554833097,0.155,0.62,4983.0,4.0,3857.0,1917.172983848862
2026-09-13 05:43:00.652,0.2136055554833097,0.155,0.62,4983.0,4.0,3857.0,1917.172983848862
2026-09-13 05:43:02.669,0.2136055554833097,0.155,0.62,4983.0,4.0,3857.0,1917.172983848862
2026-09-13 05:43:02.703,0.2136055554833097,0.155,0.62,4983.0,4.0,3857.0,1917.172983848862
2026-09-13 05:43:04.101,0.2136055554833097,0.155,0.62,4983.0,4.0,3857.0,1917.172983848862
2026-09-13 05:43:04.152,0.2136055554833097,0.155,0.62,4983.0,4.0,3857.0,1917.172983848862
2026-09-13 05:43:06.169,0.2136055554833097,0.155,0.62,4983.0,4.0,3857.0,1917.172983848862
2026-09-13 05:43:06.203,0.2136055554833097,0.155,0.62,4983.0,4.0,3857.0,1917.172983848862
2026-09-13 05:43:07.601,0.2136055554833097,0.155,0.62,4983.0,4.0,3857.0,1917.172983848862
2026-09-13 05:43:07.652,0.2136055554833097,0.155,0.62,4983.0,4.0,3857.0,1917.172983848862
2026-09-13 05:43:09.669,0.2136055554833097,0.155,0.62,4983.0,4.0,3857.0,1917.172983848862
2026-09-13 05:43:09.703,0.2136055554833097,0.155,0.62,4983.0,4.0,3857.0,1917.172983848862
2026-09-13 05:43:11.101,0.2136055554833097,0.155,0.62,4983.0,4.0,3857.0,1917.172983848862
2026-09-13 05:43:11.152,0.2136055554833097,0.155,0.62,4983.0,4.0,3857.0,1917.172983848862
2026-09-13 05:43:13.169,0.2136055554833097,0.155,0.62,4983.0,4.0,3857.0,1917.172983848862
2026-09-13 05:43:13.203,0.2136055554833097,0.155,0.62,4983.0,4.0,3857.0,1917.172983848862
2026-09-13 05:43:14.601,0.2136055554833097,0.155,0.62,4983.0,4.0,3857.0,1917.172983848862
2026-09-13 05:43:14.652,0.2136055554833097,0.155,0.62,4983.0,4.0,3857.0,1917.172983848862
2026-09-13 05:43:16.669,0.2136055554833097,0.155,0.62,4983.0,4.0,3857.0,1917.172983848862
2026-09-13 05:43:16.703,0.2136055554833097,0.155,0.62,4983.0,4.0,3857.0,1917.172983848862
2026-09-13 05:43:18.129,0.015521490478256536,0.042749999999999996,0.17099999999999999,4983.0,4.0,3857.0,1917.172983848862
2026-09-13 05:43:18.179,0.015351438586224037,0.0425,0.17,4983.0,4.0,3857.0,1917.172983848862
2026-09-13 05:43:20.198,0.015734781006841975,0.04275,0.171,4983.0,4.0,3857.0,1917.172983848862
2026-09-13 05:43:20.231,0.01592691642053189,0.0425,0.17,4983.0,4.0,3857.0,1917.172983848862
2026-09-13 05:43:21.629,0.2138104690296213,0.15475,0.619,4983.0,4.0,3857.0,1917.172983848862
2026-09-13 05:43:21.680,0.21364768506429765,0.155,0.62,4983.0,4.0,3857.0,1917.172983848862
2026-09-13 05:43:23.698,0.21364768506429765,0.155,0.62,4983.0,4.0,3857.0,1917.172983848862
2026-09-13 05:43:23.731,0.21364768506429765,0.155,0.62,4983.0,4.0,3857.0,1917.172983848862
2026-09-13 05:43:25.129,0.21364768506429765,0.155,0.62,4983.0,4.0,3857.0,1917.172983848862
2026-09-13 05:43:25.180,0.21364768506429765,0.155,0.62,4983.0,4.0,3857.0,1917.172983848862
2026-09-13 05:43:27.198,0.2137948783296737,0.15475,0.619,4983.0,4.0,3857.0,1917.172983848862
2026-09-13 05:43:27.232,0.2136055554833097,0.155,0.62,4983.0,4.0,3857.0,1917.172983848862
2026-09-13 05:43:28.630,0.21410491976287382,0.15525,0.621,4983.0,4.0,3857.0,1917.172983848862
2026-09-13 05:43:28.681,0.21410491976287382,0.15525,0.621,4983.0,4.0,3857.0,1917.172983848862
2026-09-13 05:43:30.698,0.21410491976287382,0.15525,0.621,4983.0,4.0,3857.0,1917.172983848862
2026-09-13 05:43:30.732,0.21410491976287382,0.15525,0.621,4983.0,4.0,3857.0,1917.172983848862
2026-09-13 05:43:32.130,0.21410491976287382,0.15525,0.621,4983.0,4.0,3857.0,1917.172983848862
2026-09-13 05:43:32.180,0.2142677452783471,0.155,0.62,4983.0,4.0,3857.0,1917.172983848862
2026-09-13 05:43:34.198,0.2142677452783471,0.155,0.62,4983.0,4.0,3857.0,1917.172983848862
2026-09-13 05:43:34.232,0.2142677452783471,0.155,0.62,4983.0,4.0,3857.0,1917.172983848862
2026-09-13 05:43:35.630,0.2142677452783471,0.155,0.62,4983.0,4.0,3857.0,1917.172983848862
2026-09-13 05:43:35.681,0.21410491976287382,0.15525,0.621,4983.0,4.0,3857.0,1917.172983848862
2026-09-13 05:43:37.698,0.21410491976287382,0.15525,0.621,4983.0,4.0,3857.0,1917.172983848862
2026-09-13 05:43:37.732,0.21410491976287382,0.15525,0.621,4983.0,4.0,3857.0,1917.172983848862
2026-09-13 05:43:39.130,0.21410491976287382,0.15525,0.621,4983.0,4.0,3857.0,1917.172983848862
2026-09-13 05:43:39.181,0.21410491976287382,0.15525,0.621,4983.0,4.0,3857.0,1917.172983848862
2026-09-13 05:43:41.198,0.21410491976287382,0.15525,0.621,4983.0,4.0,3857.0,1917.172983848862
2026-09-13 05:43:41.232,0.21410491976287382,0.15525,0.621,4983.0,4.0,3857.0,1917.172983848862
2026-09-13 05:43:42.630,0.2136055554833097,0.155,0.62,4983.0,4.0,3857.0,1917.172983848862
2026-09-13 05:43:42.681,0.2136055554833097,0.155,0.62,4983.0,4.0,3857.0,1917.172983848862
2026-09-13 05:43:44.698,0.2136055554833097,0.155,0.62,4983.0,4.0,3857.0,1917.172983848862
2026-09-13 05:43:44.732,0.2136055554833097,0.155,0.62,4983.0,4.0,3857.0,1917.172983848862
2026-09-13 05:43:46.130,0.2136055554833097,0.155,0.62,4983.0,4.0,3857.0,1917.172983848862
2026-09-13 05:43:46.181,0.2136055554833097,0.155,0.62,4983.0,4.0,3857.0,1917.172983848862
2026-09-13 05:43:48.198,0.2136055554833097,0.155,0.62,4983.0,4.0,3857.0,1917.172983848862
2026-09-13 05:43:48.232,0.2136055554833097,0.155,0.62,4983.0,4.0,3857.0,1917.172983848862
2026-09-13 05:43:49.630,0.2136055554833097,0.155,0.62,4983.0,4.0,3857.0,1917.172983848862
2026-09-13 05:43:49.681,0.2136055554833097,0.155,0.62,4983.0,4.0,3857.0,1917.172983848862
2026-09-13 05:43:51.698,0.2136055554833097,0.155,0.62,4983.0,4.0,3857.0,1917.172983848862
2026-09-13 05:43:51.732,0.2136055554833097,0.155,0.62,4983.0,4.0,3857.0,1917.172983848862
2026-09-13 05:43:53.130,0.2136055554833097,0.155,0.62,4983.0,4.0,3857.0,1917.172983848862
2026-09-13 05:43:53.181,0.2136055554833097,0.155,0.62,4983.0,4.0,3857.0,1917.172983848862
2026-09-13 05:43:55.198,0.2136055554833097,0.155,0.62,4983.0,4.0,3857.0,1917.172983848862
2026-09-13 05:43:55.232,0.2136055554833097,0.155,0.62,4983.0,4.0,3857.0,1917.172983848862
2026-09-13 05:43:56.630,0.2136055554833097,0.155,0.62,4983.0,4.0,3857.0,1917.172983848862
2026-09-13 05:43:56.681,0.2136055554833097,0.155,0.62,4983.0,4.0,3857.0,1917.172983848862
2026-09-13 05:43:58.698,0.2136055554833097,0.155,0.62,4983.0,4.0,3857.0,1917.172983848862
2026-09-13 05:43:58.732,0.2136055554833097,0.155,0.62,4983.0,4.0,3857.0,1917.172983848862
2026-09-13 05:44:00.130,0.2136055554833097,0.155,0.62,4983.0,4.0,3857.0,1917.172983848862
2026-09-13 05:44:00.181,0.2136055554833097,0.155,0.62,4983.0,4.0,3857.0,1917.172983848862
2026-09-13 05:44:02.198,0.2136055554833097,0.155,0.62,4983.0,4.0,3857.0,1917.172983848862
2026-09-13 05:44:02.232,0.2136055554833097,0.155,0.62,4983.0,4.0,3857.0,1917.172983848862
2026-09-13 05:44:03.630,0.2136055554833097,0.155,0.62,4983.0,4.0,3857.0,1917.172983848862
2026-09-13 05:44:03.681,0.2136055554833097,0.155,0.62,4983.0,4.0,3857.0,1917.172983848862
2026-09-13 05:44:05.698,0.2136055554833097,0.155,0.62,4983.0,4.0,3857.0,1917.172983848862
2026-09-13 05:44:05.732,0.2136055554833097,0.155,0.62,4983.0,4.0,3857.0,1917.172983848862
2026-09-13 05:44:07.130,0.2136055554833097,0.155,0.62,4983.0,4.0,3857.0,1917.172983848862
2026-09-13 05:44:07.181,0.2136055554833097,0.155,0.62,4983.0,4.0,3857.0,1917.172983848862
2026-09-13 05:44:09.198,0.2136055554833097,0.155,0.62,4983.0,4.0,3857.0,1917.172983848862
2026-09-13 05:44:09.232,0.2136055554833097,0.155,0.62,4983.0,4.0,3857.0,1917.172983848862
2026-09-13 05:44:10.630,0.2136055554833097,0.155,0.62,4983.0,4.0,3857.0,1917.172983848862
2026-09-13 05:44:10.681,0.2136055554833097,0.155,0.62,4983.0,4.0,3857.0,1917.172983848862
2026-09-13 05:44:12.699,0.21345784127082326,0.15525,0.621,4983.0,4.0,3857.0,1917.172983848862
2026-09-13 05:44:12.733,0.21345784127082326,0.15525,0.621,4983.0,4.0,3857.0,1917.172983848862
2026-09-13 05:44:14.130,0.21345784127082326,0.15525,0.621,4983.0,4.0,3857.0,1917.172983848862
2026-09-13 05:44:14.181,0.21345784127082326,0.15525,0.621,4983.0,4.0,3857.0,1917.172983848862
2026-09-13 05:44:16.199,0.21345784127082326,0.15525,0.621,4983.0,4.0,3857.0,1917.172983848862
2026-09-13 05:44:16.232,0.21364768506429763,0.155,0.62,4983.0,4.0,3857.0,1917.172983848862
2026-09-13 05:44:17.630,0.21364768506429763,0.155,0.62,4983.0,4.0,3857.0,1917.172983848862
2026-09-13 05:44:17.681,0.21364768506429763,0.155,0.62,4983.0,4.0,3857.0,1917.172983848862
2026-09-13 05:44:19.699,0.21379487832967367,0.15475,0.619,4983.0,4.0,3857.0,1917.172983848862
2026-09-13 05:44:19.732,0.21379487832967367,0.15475,0.619,4983.0,4.0,3857.0,1917.172983848862
2026-09-13 05:44:21.131,0.21429419030855681,0.155,0.62,4983.0,4.0,3857.0,1917.172983848862
2026-09-13 05:44:21.181,0.2144564835423105,0.15475,0.619,4983.0,4.0,3857.0,1917.172983848862
2026-09-13 05:44:23.199,0.2144564835423105,0.15475,0.619,4983.0,4.0,3857.0,1917.172983848862
2026-09-13 05:44:23.233,0.2142677452783471,0.155,0.62,4983.0,4.0,3857.0,1917.172983848862
2026-09-13 05:44:24.631,0.2142677452783471,0.155,0.62,4983.0,4.0,3857.0,1917.172983848862
2026-09-13 05:44:24.682,0.21410491976287382,0.15525,0.621,4983.0,4.0,3857.0,1917.172983848862
2026-09-13 05:44:26.699,0.21410491976287382,0.15525,0.621,4983.0,4.0,3857.0,1917.172983848862
2026-09-13 05:44:26.733,0.21410491976287382,0.15525,0.621,4983.0,4.0,3857.0,1917.172983848862
2026-09-13 05:44:28.131,0.21410491976287382,0.15525,0.621,4983.0,4.0,3857.0,1917.172983848862
2026-09-13 05:44:28.182,0.21410491976287382,0.15525,0.621,4983.0,4.0,3857.0,1917.172983848862
2026-09-13 05:44:30.199,0.21410491976287382,0.15525,0.621,4983.0,4.0,3857.0,1917.172983848862
2026-09-13 05:44:30.233,0.21410491976287382,0.15525,0.621,4983.0,4.0,3857.0,1917.172983848862
2026-09-13 05:44:31.631,0.21410491976287382,0.15525,0.621,4983.0,4.0,3857.0,1917.172983848862
2026-09-13 05:44:31.682,0.21410491976287382,0.15525,0.621,4983.0,4.0,3857.0,1917.172983848862
2026-09-13 05:44:33.699,0.21410491976287382,0.15525,0.621,4983.0,4.0,3857.0,1917.172983848862
2026-09-13 05:44:33.733,0.21410491976287382,0.15525,0.621,4983.0,4.0,3857.0,1917.172983848862
2026-09-13 05:44:35.131,0.2136055554833097,0.155,0.62,4983.0,4.0,3857.0,1917.172983848862
2026-09-13 05:44:35.182,0.2136055554833097,0.155,0.62,4983.0,4.0,3857.0,1917.172983848862
2026-09-13 05:44:37.199,0.2136055554833097,0.155,0.62,4983.0,4.0,3857.0,1917.172983848862
2026-09-13 05:44:37.233,0.2136055554833097,0.155,0.62,4983.0,4.0,3857.0,1917.172983848862
2026-09-13 05:44:38.631,0.2136055554833097,0.155,0.62,4983.0,4.0,3857.0,1917.172983848862
2026-09-13 05:44:38.682,0.2136055554833097,0.155,0.62,4983.0,4.0,3857.0,1917.172983848862
2026-09-13 05:44:40.699,0.2136055554833097,0.155,0.62,4983.0,4.0,3857.0,1917.172983848862
2026-09-13 05:44:40.733,0.2136055554833097,0.155,0.62,4983.0,4.0,3857.0,1917.172983848862
2026-09-13 05:44:42.131,0.2136055554833097,0.155,0.62,4983.0,4.0,3857.0,1917.172983848862
2026-09-13 05:44:42.182,0.2136055554833097,0.155,0.62,4983.0,4.0,3857.0,1917.172983848862
2026-09-13 05:44:44.199,0.2136055554833097,0.155,0.62,4983.0,4.0,3857.0,1917.172983848862
2026-09-13 05:44:44.233,0.2136055554833097,0.155,0.62,4983.0,4.0,3857.0,1917.172983848862
2026-09-13 05:44:45.631,0.2136055554833097,0.155,0.62,4983.0,4.0,3857.0,1917.172983848862
2026-09-13 05:44:45.682,0.2136055554833097,0.155,0.62,4983.0,4.0,3857.0,1917.172983848862
2026-09-13 05:44:47.699,0.2136055554833097,0.155,0.62,4983.0,4.0,3857.0,1917.172983848862
2026-09-13 05:44:47.733,0.2136055554833097,0.155,0.62,4983.0,4.0,3857.0,1917.172983848862
2026-09-13 05:44:49.131,0.2136055554833097,0.155,0.62,4983.0,4.0,3857.0,1917.172983848862
2026-09-13 05:44:49.182,0.2136055554833097,0.155,0.62,4983.0,4.0,3857.0,1917.172983848862
2026-09-13 05:44:51.199,0.2136055554833097,0.155,0.62,4983.0,4.0,3857.0,1917.172983848862
2026-09-13 05:44:51.233,0.2136055554833097,0.155,0.62,4983.0,4.0,3857.0,1917.172983848862
2026-09-13 05:44:52.631,0.2136055554833097,0.155,0.62,4983.0,4.0,3857.0,1917.172983848862
2026-09-13 05:44:52.682,0.2136055554833097,0.155,0.62,4983.0,4.0,3857.0,1917.172983848862
2026-09-13 05:44:54.699,0.2136055554833097,0.155,0.62,4983.0,4.0,3857.0,1917.172983848862
2026-09-13 05:44:54.733,0.2136055554833097,0.155,0.62,4983.0,4.0,3857.0,1917.172983848862
2026-09-13 05:44:56.131,0.2136055554833097,0.155,0.62,4983.0,4.0,3857.0,1917.172983848862
2026-09-13 05:44:56.182,0.2136055554833097,0.155,0.62,4983.0,4.0,3857.0,1917.172983848862
2026-09-13 05:44:58.199,0.2136055554833097,0.155,0.62,4983.0,4.0,3857.0,1917.172983848862
2026-09-13 05:44:58.233,0.2136055554833097,0.155,0.62,4983.0,4.0,3857.0,1917.172983848862
2026-09-13 05:44:59.631,0.14224245732785493,0.11925000000000001,0.47700000000000004,4983.0,4.0,3857.0,1917.172983848862
2026-09-13 05:44:59.681,0.1424031834850142,0.11900000000000001,0.47600000000000003,4983.0,4.0,3857.0,1917.172983848862
2026-09-13 05:45:01.699,0.1424031834850142,0.11900000000000001,0.47600000000000003,4983.0,4.0,3857.0,1917.172983848862
2026-09-13 05:45:01.733,0.1424031834850142,0.11900000000000001,0.47600000000000003,4983.0,4.0,3857.0,1917.172983848862
2026-09-13 05:45:03.131,0.21376837153018363,0.15475,0.619,4983.0,4.0,3857.0,1917.172983848862
2026-09-13 05:45:03.182,0.2136055554833097,0.155,0.62,4983.0,4.0,3857.0,1917.172983848862
2026-09-13 05:45:05.199,0.2136055554833097,0.155,0.62,4983.0,4.0,3857.0,1917.172983848862
2026-09-13 05:45:05.233,0.2136055554833097,0.155,0.62,4983.0,4.0,3857.0,1917.172983848862
2026-09-13 05:45:06.631,0.2136055554833097,0.155,0.62,4983.0,4.0,3857.0,1917.172983848862
2026-09-13 05:45:06.682,0.2136055554833097,0.155,0.62,4983.0,4.0,3857.0,1917.172983848862
2026-09-13 05:45:08.700,0.21345784127082323,0.15525,0.621,4983.0,4.0,3857.0,1917.172983848862
2026-09-13 05:45:08.733,0.2136476850642976,0.155,0.62,4983.0,4.0,3857.0,1917.172983848862
2026-09-13 05:45:10.131,0.2136476850642976,0.155,0.62,4983.0,4.0,3857.0,1917.172983848862
2026-09-13 05:45:10.183,0.21348594801532012,0.15525,0.621,4983.0,4.0,3857.0,1917.172983848862
2026-09-13 05:45:12.200,0.2136336427937634,0.155,0.62,4983.0,4.0,3857.0,1917.172983848862
2026-09-13 05:45:12.234,0.2134437865106407,0.15525,0.621,4983.0,4.0,3857.0,1917.172983848862
2026-09-13 05:45:13.632,0.21394313886326582,0.1555,0.622,4983.0,4.0,3857.0,1917.172983848862
2026-09-13 05:45:13.682,0.21426774527834713,0.155,0.62,4983.0,4.0,3857.0,1917.172983848862
2026-09-13 05:45:15.700,0.21426774527834713,0.155,0.62,4983.0,4.0,3857.0,1917.172983848862
2026-09-13 05:45:15.734,0.21426774527834713,0.155,0.62,4983.0,4.0,3857.0,1917.172983848862
2026-09-13 05:45:17.132,0.2142677452783471,0.155,0.62,4983.0,4.0,3857.0,1917.172983848862
2026-09-13 05:45:17.182,0.2142677452783471,0.155,0.62,4983.0,4.0,3857.0,1917.172983848862
2026-09-13 05:45:19.200,0.2142677452783471,0.155,0.62,4983.0,4.0,3857.0,1917.172983848862
2026-09-13 05:45:19.234,0.2142677452783471,0.155,0.62,4983.0,4.0,3857.0,1917.172983848862
2026-09-13 05:45:20.632,0.2142677452783471,0.155,0.62,4983.0,4.0,3857.0,1917.172983848862
2026-09-13 05:45:20.683,0.21410491976287382,0.15525,0.621,4983.0,4.0,3857.0,1917.172983848862
2026-09-13 05:45:22.700,0.21410491976287382,0.15525,0.621,4983.0,4.0,3857.0,1917.172983848862
2026-09-13 05:45:22.734,0.21410491976287382,0.15525,0.621,4983.0,4.0,3857.0,1917.172983848862
2026-09-13 05:45:24.132,0.2136055554833097,0.155,0.62,4983.0,4.0,3857.0,1917.172983848862
2026-09-13 05:45:24.183,0.2136055554833097,0.155,0.62,4983.0,4.0,3857.0,1917.172983848862
2026-09-13 05:45:26.200,0.2136055554833097,0.155,0.62,4983.0,4.0,3857.0,1917.172983848862
2026-09-13 05:45:26.234,0.2136055554833097,0.155,0.62,4983.0,4.0,3857.0,1917.172983848862
2026-09-13 05:45:27.632,0.2136055554833097,0.155,0.62,4983.0,4.0,3857.0,1917.172983848862
2026-09-13 05:45:27.683,0.2136055554833097,0.155,0.62,4983.0,4.0,3857.0,1917.172983848862
2026-09-13 05:45:29.700,0.2136055554833097,0.155,0.62,4983.0,4.0,3857.0,1917.172983848862
2026-09-13 05:45:29.734,0.2136055554833097,0.155,0.62,4983.0,4.0,3857.0,1917.172983848862
2026-09-13 05:45:31.135,0.21510365718260882,0.15575,0.623,4983.0,4.0,3857.0,1917.172983848862
2026-09-13 05:45:31.185,0.215266501496788,0.1555,0.622,4983.0,4.0,3857.0,1917.172983848862
2026-09-13 05:45:35.719,0.25066046091608996,0.259,1.036,4923.0,3.0,3864.0,1916.0083507124777
2026-09-13 05:45:35.771,0.24538065666768982,0.2635,1.054,4923.0,2.0,7704.0,2210.0968304578764
2026-09-13 05:45:37.787,0.21004443974232367,0.159,0.636,4983.0,3.0,7697.0,2212.119402292731
2026-09-13 05:45:37.821,0.21294443719743725,0.15499999999999997,0.6199999999999999,4983.0,4.0,3857.0,1917.172983848862
2026-09-13 05:45:39.219,0.21344378651064072,0.15525,0.621,4983.0,4.0,3857.0,1917.172983848862
2026-09-13 05:45:39.270,0.21360555548330976,0.155,0.62,4983.0,4.0,3857.0,1917.172983848862
2026-09-13 05:45:41.287,0.21360555548330976,0.155,0.62,4983.0,4.0,3857.0,1917.172983848862
2026-09-13 05:45:41.321,0.21360555548330976,0.155,0.62,4983.0,4.0,3857.0,1917.172983848862
2026-09-13 05:45:42.719,0.21360555548330976,0.155,0.62,4983.0,4.0,3857.0,1917.172983848862
2026-09-13 05:45:42.770,0.21360555548330976,0.155,0.62,4983.0,4.0,3857.0,1917.172983848862
2026-09-13 05:45:44.787,0.21360555548330976,0.155,0.62,4983.0,4.0,3857.0,1917.172983848862
2026-09-13 05:45:44.821,0.21360555548330976,0.155,0.62,4983.0,4.0,3857.0,1917.172983848862
2026-09-13 05:45:46.219,0.21360555548330976,0.155,0.62,4983.0,4.0,3857.0,1917.172983848862
2026-09-13 05:45:46.270,0.21360555548330976,0.155,0.62,4983.0,4.0,3857.0,1917.172983848862
2026-09-13 05:45:48.287,0.21360555548330976,0.155,0.62,4983.0,4.0,3857.0,1917.172983848862
2026-09-13 05:45:48.321,0.21360555548330976,0.155,0.62,4983.0,4.0,3857.0,1917.172983848862
2026-09-13 05:45:49.719,0.21360555548330976,0.155,0.62,4983.0,4.0,3857.0,1917.172983848862
2026-09-13 05:45:49.770,0.21360555548330976,0.155,0.62,4983.0,4.0,3857.0,1917.172983848862
2026-09-13 05:45:51.787,0.21360555548330976,0.155,0.62,4983.0,4.0,3857.0,1917.172983848862
2026-09-13 05:45:51.821,0.21360555548330976,0.155,0.62,4983.0,4.0,3857.0,1917.172983848862
2026-09-13 05:45:53.219,0.21360555548330976,0.155,0.62,4983.0,4.0,3857.0,1917.172983848862
2026-09-13 05:45:53.270,0.21360555548330976,0.155,0.62,4983.0,4.0,3857.0,1917.172983848862
2026-09-13 05:45:55.287,0.21360555548330976,0.155,0.62,4983.0,4.0,3857.0,1917.172983848862
2026-09-13 05:45:55.321,0.21360555548330976,0.155,0.62,4983.0,4.0,3857.0,1917.172983848862
2026-09-13 05:45:56.719,0.21360555548330976,0.155,0.62,4983.0,4.0,3857.0,1917.172983848862
2026-09-13 05:45:56.770,0.21360555548330976,0.155,0.62,4983.0,4.0,3857.0,1917.172983848862
2026-09-13 05:45:58.788,0.21345784127082326,0.15525,0.621,4983.0,4.0,3857.0,1917.172983848862
2026-09-13 05:45:58.822,0.21345784127082326,0.15525,0.621,4983.0,4.0,3857.0,1917.172983848862
2026-09-13 05:46:00.219,0.21345784127082326,0.15525,0.621,4983.0,4.0,3857.0,1917.172983848862
2026-09-13 05:46:00.270,0.21345784127082326,0.15525,0.621,4983.0,4.0,3857.0,1917.172983848862
2026-09-13 05:46:02.288,0.21360555548330976,0.155,0.62,4983.0,4.0,3857.0,1917.172983848862
2026-09-13 05:46:02.321,0.2137948783296737,0.15475,0.619,4983.0,4.0,3857.0,1917.172983848862
2026-09-13 05:46:03.720,0.21429419030855687,0.155,0.62,4983.0,4.0,3857.0,1917.172983848862
2026-09-13 05:46:03.770,0.21445648354231056,0.15475,0.619,4983.0,4.0,3857.0,1917.172983848862
2026-09-13 05:46:05.788,0.21445648354231056,0.15475,0.619,4983.0,4.0,3857.0,1917.172983848862
2026-09-13 05:46:05.822,0.21426774527834713,0.155,0.62,4983.0,4.0,3857.0,1917.172983848862
2026-09-13 05:46:07.220,0.21426774527834713,0.155,0.62,4983.0,4.0,3857.0,1917.172983848862
2026-09-13 05:46:07.270,0.21426774527834713,0.155,0.62,4983.0,4.0,3857.0,1917.172983848862
2026-09-13 05:46:09.288,0.21426774527834713,0.155,0.62,4983.0,4.0,3857.0,1917.172983848862
2026-09-13 05:46:09.322,0.21426774527834713,0.155,0.62,4983.0,4.0,3857.0,1917.172983848862
2026-09-13 05:46:10.720,0.21426774527834713,0.155,0.62,4983.0,4.0,3857.0,1917.172983848862
2026-09-13 05:46:10.771,0.21410491976287385,0.15525,0.621,4983.0,4.0,3857.0,1917.172983848862
2026-09-13 05:46:12.788,0.21410491976287385,0.15525,0.621,4983.0,4.0,3857.0,1917.172983848862
2026-09-13 05:46:12.822,0.21410491976287385,0.15525,0.621,4983.0,4.0,3857.0,1917.172983848862
2026-09-13 05:46:14.220,0.21410491976287385,0.15525,0.621,4983.0,4.0,3857.0,1917.172983848862
2026-09-13 05:46:14.271,0.21410491976287385,0.15525,0.621,4983.0,4.0,3857.0,1917.172983848862
2026-09-13 05:46:16.288,0.21410491976287385,0.15525,0.621,4983.0,4.0,3857.0,1917.172983848862
2026-09-13 05:46:16.322,0.21410491976287385,0.15525,0.621,4983.0,4.0,3857.0,1917.172983848862
2026-09-13 05:46:17.720,0.2136055554833097,0.155,0.62,4983.0,4.0,3857.0,1917.172983848862
2026-09-13 05:46:17.771,0.2136055554833097,0.155,0.62,4983.0,4.0,3857.0,1917.172983848862
2026-09-13 05:46:19.788,0.2136055554833097,0.155,0.62,4983.0,4.0,3857.0,1917.172983848862
2026-09-13 05:46:19.822,0.2136055554833097,0.155,0.62,4983.0,4.0,3857.0,1917.172983848862
2026-09-13 05:46:21.220,0.2136055554833097,0.155,0.62,4983.0,4.0,3857.0,1917.172983848862
2026-09-13 05:46:21.271,0.2136055554833097,0.155,0.62,4983.0,4.0,3857.0,1917.172983848862
2026-09-13 05:46:23.288,0.2136055554833097,0.155,0.62,4983.0,4.0,3857.0,1917.172983848862
2026-09-13 05:46:23.322,0.2136055554833097,0.155,0.62,4983.0,4.0,3857.0,1917.172983848862
2026-09-13 05:46:24.720,0.2136055554833097,0.155,0.62,4983.0,4.0,3857.0,1917.172983848862
2026-09-13 05:46:24.771,0.2136055554833097,0.155,0.62,4983.0,4.0,3857.0,1917.172983848862
2026-09-13 05:46:26.788,0.2136055554833097,0.155,0.62,4983.0,4.0,3857.0,1917.172983848862
2026-09-13 05:46:26.822,0.2136055554833097,0.155,0.62,4983.0,4.0,3857.0,1917.172983848862
2026-09-13 05:46:28.220,0.2136055554833097,0.155,0.62,4983.0,4.0,3857.0,1917.172983848862
2026-09-13 05:46:28.271,0.2136055554833097,0.155,0.62,4983.0,4.0,3857.0,1917.172983848862
2026-09-13 05:46:30.288,0.2136055554833097,0.155,0.62,4983.0,4.0,3857.0,1917.172983848862
2026-09-13 05:46:30.322,0.2136055554833097,0.155,0.62,4983.0,4.0,3857.0,1917.172983848862
2026-09-13 05:46:31.720,0.2136055554833097,0.155,0.62,4983.0,4.0,3857.0,1917.172983848862
2026-09-13 05:46:31.771,0.2136055554833097,0.155,0.62,4983.0,4.0,3857.0,1917.172983848862
2026-09-13 05:46:33.788,0.2136055554833097,0.155,0.62,4983.0,4.0,3857.0,1917.172983848862
2026-09-13 05:46:33.822,0.2136055554833097,0.155,0.62,4983.0,4.0,3857.0,1917.172983848862
2026-09-13 05:46:35.220,0.2136055554833097,0.155,0.62,4983.0,4.0,3857.0,1917.172983848862
2026-09-13 05:46:35.271,0.2136055554833097,0.155,0.62,4983.0,4.0,3857.0,1917.172983848862
2026-09-13 05:46:37.288,0.2136055554833097,0.155,0.62,4983.0,4.0,3857.0,1917.172983848862
2026-09-13 05:46:37.322,0.2136055554833097,0.155,0.62,4983.0,4.0,3857.0,1917.172983848862
2026-09-13 05:46:38.720,0.2136055554833097,0.155,0.62,4983.0,4.0,3857.0,1917.172983848862
2026-09-13 05:46:38.771,0.2136055554833097,0.155,0.62,4983.0,4.0,3857.0,1917.172983848862
2026-09-13 05:46:40.788,0.2136055554833097,0.155,0.62,4983.0,4.0,3857.0,1917.172983848862
2026-09-13 05:46:40.822,0.2136055554833097,0.155,0.62,4983.0,4.0,3857.0,1917.172983848862
2026-09-13 05:46:42.220,0.2136055554833097,0.155,0.62,4983.0,4.0,3857.0,1917.172983848862
2026-09-13 05:46:42.271,0.2136055554833097,0.155,0.62,4983.0,4.0,3857.0,1917.172983848862
2026-09-13 05:46:44.288,0.2136055554833097,0.155,0.62,4983.0,4.0,3857.0,1917.172983848862
2026-09-13 05:46:44.322,0.2136055554833097,0.155,0.62,4983.0,4.0,3857.0,1917.172983848862
2026-09-13 05:46:45.720,0.2136055554833097,0.155,0.62,4983.0,4.0,3857.0,1917.172983848862
2026-09-13 05:46:45.771,0.2136055554833097,0.155,0.62,4983.0,4.0,3857.0,1917.172983848862
2026-09-13 05:46:47.789,0.21345784127082326,0.15525,0.621,4983.0,4.0,3857.0,1917.172983848862
2026-09-13 05:46:47.822,0.21364768506429763,0.155,0.62,4983.0,4.0,3857.0,1917.172983848862
2026-09-13 05:46:49.220,0.21364768506429763,0.155,0.62,4983.0,4.0,3857.0,1917.172983848862
2026-09-13 05:46:49.271,0.21364768506429763,0.155,0.62,4983.0,4.0,3857.0,1917.172983848862
2026-09-13 05:46:51.289,0.21364768506429763,0.155,0.62,4983.0,4.0,3857.0,1917.172983848862
2026-09-13 05:46:51.322,0.21364768506429763,0.155,0.62,4983.0,4.0,3857.0,1917.172983848862
2026-09-13 05:46:52.720,0.21364768506429763,0.155,0.62,4983.0,4.0,3857.0,1917.172983848862
2026-09-13 05:46:52.771,0.21364768506429763,0.155,0.62,4983.0,4.0,3857.0,1917.172983848862
2026-09-13 05:46:54.789,0.21379487832967367,0.15475,0.619,4983.0,4.0,3857.0,1917.172983848862
2026-09-13 05:46:54.823,0.2136055554833097,0.155,0.62,4983.0,4.0,3857.0,1917.172983848862
2026-09-13 05:46:56.220,0.2136055554833097,0.155,0.62,4983.0,4.0,3857.0,1917.172983848862
2026-09-13 05:46:56.272,0.21344378651064072,0.15525,0.621,4983.0,4.0,3857.0,1917.172983848862
2026-09-13 05:46:58.289,0.21344378651064072,0.15525,0.621,4983.0,4.0,3857.0,1917.172983848862
2026-09-13 05:46:58.323,0.21344378651064072,0.15525,0.621,4983.0,4.0,3857.0,1917.172983848862
2026-09-13 05:46:59.721,0.21394313886326585,0.1555,0.622,4983.0,4.0,3857.0,1917.172983848862
2026-09-13 05:46:59.771,0.21426774527834713,0.155,0.62,4983.0,4.0,3857.0,1917.172983848862
2026-09-13 05:47:01.789,0.21426774527834713,0.155,0.62,4983.0,4.0,3857.0,1917.172983848862
2026-09-13 05:47:01.823,0.21426774527834713,0.155,0.62,4983.0,4.0,3857.0,1917.172983848862
2026-09-13 05:47:03.221,0.21426774527834713,0.155,0.62,4983.0,4.0,3857.0,1917.172983848862
2026-09-13 05:47:03.272,0.21410491976287385,0.15525,0.621,4983.0,4.0,3857.0,1917.172983848862
2026-09-13 05:47:05.289,0.21410491976287385,0.15525,0.621,4983.0,4.0,3857.0,1917.172983848862
2026-09-13 05:47:05.323,0.21410491976287385,0.15525,0.621,4983.0,4.0,3857.0,1917.172983848862
2026-09-13 05:47:06.721,0.21410491976287385,0.15525,0.621,4983.0,4.0,3857.0,1917.172983848862
2026-09-13 05:47:06.772,0.21410491976287385,0.15525,0.621,4983.0,4.0,3857.0,1917.172983848862
2026-09-13 05:47:08.789,0.21410491976287385,0.15525,0.621,4983.0,4.0,3857.0,1917.172983848862
2026-09-13 05:47:08.823,0.21410491976287385,0.15525,0.621,4983.0,4.0,3857.0,1917.172983848862
2026-09-13 05:47:10.221,0.2136055554833097,0.155,0.62,4983.0,4.0,3857.0,1917.172983848862
2026-09-13 05:47:10.272,0.2136055554833097,0.155,0.62,4983.0,4.0,3857.0,1917.172983848862
2026-09-13 05:47:12.289,0.2136055554833097,0.155,0.62,4983.0,4.0,3857.0,1917.172983848862
2026-09-13 05:47:12.323,0.2136055554833097,0.155,0.62,4983.0,4.0,3857.0,1917.172983848862
2026-09-13 05:47:13.721,0.2136055554833097,0.155,0.62,4983.0,4.0,3857.0,1917.172983848862
2026-09-13 05:47:13.772,0.2136055554833097,0.155,0.62,4983.0,4.0,3857.0,1917.172983848862
2026-09-13 05:47:15.789,0.2136055554833097,0.155,0.62,4983.0,4.0,3857.0,1917.172983848862
2026-09-13 05:47:15.823,0.2136055554833097,0.155,0.62,4983.0,4.0,3857.0,1917.172983848862
2026-09-13 05:47:17.221,0.2136055554833097,0.155,0.62,4983.0,4.0,3857.0,1917.172983848862
2026-09-13 05:47:17.272,0.2136055554833097,0.155,0.62,4983.0,4.0,3857.0,1917.172983848862
2026-09-13 05:47:19.289,0.2136055554833097,0.155,0.62,4983.0,4.0,3857.0,1917.172983848862
2026-09-13 05:47:19.323,0.2136055554833097,0.155,0.62,4983.0,4.0,3857.0,1917.172983848862
2026-09-13 05:47:20.721,0.2136055554833097,0.155,0.62,4983.0,4.0,3857.0,1917.172983848862
2026-09-13 05:47:20.772,0.2136055554833097,0.155,0.62,4983.0,4.0,3857.0,1917.172983848862
2026-09-13 05:47:22.789,0.2136055554833097,0.155,0.62,4983.0,4.0,3857.0,1917.172983848862
2026-09-13 05:47:22.823,0.2136055554833097,0.155,0.62,4983.0,4.0,3857.0,1917.172983848862
2026-09-13 05:47:24.221,0.2136055554833097,0.155,0.62,4983.0,4.0,3857.0,1917.172983848862
2026-09-13 05:47:24.272,0.2136055554833097,0.155,0.62,4983.0,4.0,3857.0,1917.172983848862
2026-09-13 05:47:26.289,0.2136055554833097,0.155,0.62,4983.0,4.0,3857.0,1917.172983848862
2026-09-13 05:47:26.323,0.2136055554833097,0.155,0.62,4983.0,4.0,3857.0,1917.172983848862
2026-09-13 05:47:27.721,0.2136055554833097,0.155,0.62,4983.0,4.0,3857.0,1917.172983848862
2026-09-13 05:47:27.772,0.2136055554833097,0.155,0.62,4983.0,4.0,3857.0,1917.172983848862
2026-09-13 05:47:29.789,0.2136055554833097,0.155,0.62,4983.0,4.0,3857.0,1917.172983848862
2026-09-13 05:47:29.823,0.2136055554833097,0.155,0.62,4983.0,4.0,3857.0,1917.172983848862
2026-09-13 05:47:31.221,0.2136055554833097,0.155,0.62,4983.0,4.0,3857.0,1917.172983848862
2026-09-13 05:47:31.272,0.2136055554833097,0.155,0.62,4983.0,4.0,3857.0,1917.172983848862
2026-09-13 05:47:33.289,0.2136055554833097,0.155,0.62,4983.0,4.0,3857.0,1917.172983848862
2026-09-13 05:47:33.323,0.2136055554833097,0.155,0.62,4983.0,4.0,3857.0,1917.172983848862
2026-09-13 05:47:34.721,0.2136055554833097,0.155,0.62,4983.0,4.0,3857.0,1917.172983848862
2026-09-13 05:47:34.772,0.2136055554833097,0.155,0.62,4983.0,4.0,3857.0,1917.172983848862
2026-09-13 05:47:36.789,0.2136055554833097,0.155,0.62,4983.0,4.0,3857.0,1917.172983848862
2026-09-13 05:47:36.823,0.2136055554833097,0.155,0.62,4983.0,4.0,3857.0,1917.172983848862
2026-09-13 05:47:38.221,0.2136055554833097,0.155,0.62,4983.0,4.0,3857.0,1917.172983848862
2026-09-13 05:47:38.272,0.2136055554833097,0.155,0.62,4983.0,4.0,3857.0,1917.172983848862
2026-09-13 05:47:40.289,0.2136055554833097,0.155,0.62,4983.0,4.0,3857.0,1917.172983848862
2026-09-13 05:47:40.323,0.2136055554833097,0.155,0.62,4983.0,4.0,3857.0,1917.172983848862
2026-09-13 05:47:41.721,0.2136055554833097,0.155,0.62,4983.0,4.0,3857.0,1917.172983848862
2026-09-13 05:47:41.772,0.2136055554833097,0.155,0.62,4983.0,4.0,3857.0,1917.172983848862
2026-09-13 05:47:43.790,0.21345784127082326,0.15525,0.621,4983.0,4.0,3857.0,1917.172983848862
2026-09-13 05:47:43.823,0.21364768506429763,0.155,0.62,4983.0,4.0,3857.0,1917.172983848862
2026-09-13 05:47:45.221,0.21364768506429763,0.155,0.62,4983.0,4.0,3857.0,1917.172983848862
2026-09-13 05:47:45.272,0.21364768506429763,0.155,0.62,4983.0,4.0,3857.0,1917.172983848862
2026-09-13 05:47:47.290,0.21379487832967367,0.15475,0.619,4983.0,4.0,3857.0,1917.172983848862
2026-09-13 05:47:47.324,0.2136055554833097,0.155,0.62,4983.0,4.0,3857.0,1917.172983848862
2026-09-13 05:47:48.722,0.21410491976287382,0.15525,0.621,4983.0,4.0,3857.0,1917.172983848862
2026-09-13 05:47:48.772,0.2142677452783471,0.155,0.62,4983.0,4.0,3857.0,1917.172983848862
2026-09-13 05:47:50.790,0.2142677452783471,0.155,0.62,4983.0,4.0,3857.0,1917.172983848862
2026-09-13 05:47:50.824,0.2142677452783471,0.155,0.62,4983.0,4.0,3857.0,1917.172983848862
2026-09-13 05:47:52.222,0.21426774527834708,0.155,0.62,4983.0,4.0,3857.0,1917.172983848862
2026-09-13 05:47:52.272,0.21426774527834708,0.155,0.62,4983.0,4.0,3857.0,1917.172983848862
2026-09-13 05:47:54.290,0.21426774527834708,0.155,0.62,4983.0,4.0,3857.0,1917.172983848862
2026-09-13 05:47:54.324,0.21426774527834708,0.155,0.62,4983.0,4.0,3857.0,1917.172983848862
2026-09-13 05:47:55.722,0.21426774527834708,0.155,0.62,4983.0,4.0,3857.0,1917.172983848862
2026-09-13 05:47:55.772,0.21426774527834708,0.155,0.62,4983.0,4.0,3857.0,1917.172983848862
2026-09-13 05:47:57.790,0.21426774527834708,0.155,0.62,4983.0,4.0,3857.0,1917.172983848862
2026-09-13 05:47:57.824,0.21426774527834708,0.155,0.62,4983.0,4.0,3857.0,1917.172983848862
2026-09-13 05:47:59.222,0.21376837153018363,0.15475,0.619,4983.0,4.0,3857.0,1917.172983848862
2026-09-13 05:47:59.273,0.21360555548330967,0.155,0.62,4983.0,4.0,3857.0,1917.172983848862
2026-09-13 05:48:01.290,0.21360555548330967,0.155,0.62,4983.0,4.0,3857.0,1917.172983848862
2026-09-13 05:48:01.324,0.21360555548330967,0.155,0.62,4983.0,4.0,3857.0,1917.172983848862
2026-09-13 05:48:02.722,0.21360555548330967,0.155,0.62,4983.0,4.0,3857.0,1917.172983848862
2026-09-13 05:48:02.773,0.21360555548330967,0.155,0.62,4983.0,4.0,3857.0,1917.172983848862
2026-09-13 05:48:04.790,0.21360555548330967,0.155,0.62,4983.0,4.0,3857.0,1917.172983848862
2026-09-13 05:48:04.824,0.21360555548330967,0.155,0.62,4983.0,4.0,3857.0,1917.172983848862
2026-09-13 05:48:06.222,0.21360555548330967,0.155,0.62,4983.0,4.0,3857.0,1917.172983848862
2026-09-13 05:48:06.273,0.21360555548330967,0.155,0.62,4983.0,4.0,3857.0,1917.172983848862
2026-09-13 05:48:08.290,0.21360555548330967,0.155,0.62,4983.0,4.0,3857.0,1917.172983848862
2026-09-13 05:48:08.324,0.21360555548330967,0.155,0.62,4983.0,4.0,3857.0,1917.172983848862
2026-09-13 05:48:09.722,0.21360555548330967,0.155,0.62,4983.0,4.0,3857.0,1917.172983848862
2026-09-13 05:48:09.773,0.21360555548330967,0.155,0.62,4983.0,4.0,3857.0,1917.172983848862
2026-09-13 05:48:11.790,0.21360555548330967,0.155,0.62,4983.0,4.0,3857.0,1917.172983848862
2026-09-13 05:48:11.824,0.21360555548330967,0.155,0.62,4983.0,4.0,3857.0,1917.172983848862
2026-09-13 05:48:13.222,0.21360555548330967,0.155,0.62,4983.0,4.0,3857.0,1917.172983848862
2026-09-13 05:48:13.273,0.21360555548330967,0.155,0.62,4983.0,4.0,3857.0,1917.172983848862
2026-09-13 05:48:15.290,0.21360555548330967,0.155,0.62,4983.0,4.0,3857.0,1917.172983848862
2026-09-13 05:48:15.324,0.21360555548330967,0.155,0.62,4983.0,4.0,3857.0,1917.172983848862
2026-09-13 05:48:16.722,0.21360555548330967,0.155,0.62,4983.0,4.0,3857.0,1917.172983848862
2026-09-13 05:48:16.773,0.21360555548330967,0.155,0.62,4983.0,4.0,3857.0,1917.172983848862
2026-09-13 05:48:18.790,0.21360555548330967,0.155,0.62,4983.0,4.0,3857.0,1917.172983848862
2026-09-13 05:48:18.824,0.21360555548330967,0.155,0.62,4983.0,4.0,3857.0,1917.172983848862
2026-09-13 05:48:20.222,0.21360555548330967,0.155,0.62,4983.0,4.0,3857.0,1917.172983848862
2026-09-13 05:48:20.273,0.21360555548330967,0.155,0.62,4983.0,4.0,3857.0,1917.172983848862
2026-09-13 05:48:22.290,0.21360555548330967,0.155,0.62,4983.0,4.0,3857.0,1917.172983848862
2026-09-13 05:48:22.324,0.21360555548330967,0.155,0.62,4983.0,4.0,3857.0,1917.172983848862
2026-09-13 05:48:23.722,0.21360555548330967,0.155,0.62,4983.0,4.0,3857.0,1917.172983848862
2026-09-13 05:48:23.773,0.21360555548330967,0.155,0.62,4983.0,4.0,3857.0,1917.172983848862
2026-09-13 05:48:25.790,0.21360555548330967,0.155,0.62,4983.0,4.0,3857.0,1917.172983848862
2026-09-13 05:48:25.824,0.21360555548330967,0.155,0.62,4983.0,4.0,3857.0,1917.172983848862
2026-09-13 05:48:27.222,0.21360555548330967,0.155,0.62,4983.0,4.0,3857.0,1917.172983848862
2026-09-13 05:48:27.273,0.21360555548330967,0.155,0.62,4983.0,4.0,3857.0,1917.172983848862
2026-09-13 05:48:29.291,0.2134578412708232,0.15525,0.621,4983.0,4.0,3857.0,1917.172983848862
2026-09-13 05:48:29.324,0.2136476850642976,0.155,0.62,4983.0,4.0,3857.0,1917.172983848862
2026-09-13 05:48:30.722,0.2136476850642976,0.155,0.62,4983.0,4.0,3857.0,1917.172983848862
2026-09-13 05:48:30.773,0.2136476850642976,0.155,0.62,4983.0,4.0,3857.0,1917.172983848862
2026-09-13 05:48:32.790,0.21379487832967362,0.15475,0.619,4983.0,4.0,3857.0,1917.172983848862
2026-09-13 05:48:32.824,0.21360555548330964,0.155,0.62,4983.0,4.0,3857.0,1917.172983848862
2026-09-13 05:48:34.222,0.21360555548330964,0.155,0.62,4983.0,4.0,3857.0,1917.172983848862
2026-09-13 05:48:34.273,0.21360555548330964,0.155,0.62,4983.0,4.0,3857.0,1917.172983848862
2026-09-13 05:48:36.291,0.21345784127082318,0.15525,0.621,4983.0,4.0,3857.0,1917.172983848862
2026-09-13 05:48:36.325,0.21345784127082318,0.15525,0.621,4983.0,4.0,3857.0,1917.172983848862
2026-09-13 05:48:37.722,0.21345784127082318,0.15525,0.621,4983.0,4.0,3857.0,1917.172983848862
2026-09-13 05:48:37.773,0.21345784127082318,0.15525,0.621,4983.0,4.0,3857.0,1917.172983848862
2026-09-13 05:48:39.791,0.21360555548330964,0.155,0.62,4983.0,4.0,3857.0,1917.172983848862
2026-09-13 05:48:39.825,0.21360555548330964,0.155,0.62,4983.0,4.0,3857.0,1917.172983848862
2026-09-13 05:48:41.223,0.21410491976287377,0.15525,0.621,4983.0,4.0,3857.0,1917.172983848862
2026-09-13 05:48:41.274,0.21410491976287377,0.15525,0.621,4983.0,4.0,3857.0,1917.172983848862
2026-09-13 05:48:43.291,0.21410491976287377,0.15525,0.621,4983.0,4.0,3857.0,1917.172983848862
2026-09-13 05:48:43.325,0.21410491976287377,0.15525,0.621,4983.0,4.0,3857.0,1917.172983848862
2026-09-13 05:48:44.723,0.21410491976287377,0.15525,0.621,4983.0,4.0,3857.0,1917.172983848862
2026-09-13 05:48:44.773,0.21426774527834702,0.155,0.62,4983.0,4.0,3857.0,1917.172983848862
2026-09-13 05:48:46.791,0.21426774527834702,0.155,0.62,4983.0,4.0,3857.0,1917.172983848862
2026-09-13 05:48:46.825,0.21426774527834702,0.155,0.62,4983.0,4.0,3857.0,1917.172983848862
2026-09-13 05:48:48.223,0.21426774527834702,0.155,0.62,4983.0,4.0,3857.0,1917.172983848862
2026-09-13 05:48:48.273,0.21426774527834702,0.155,0.62,4983.0,4.0,3857.0,1917.172983848862
2026-09-13 05:48:50.291,0.21426774527834702,0.155,0.62,4983.0,4.0,3857.0,1917.172983848862
2026-09-13 05:48:50.325,0.21426774527834702,0.155,0.62,4983.0,4.0,3857.0,1917.172983848862
2026-09-13 05:48:51.723,0.21376837153018355,0.15475,0.619,4983.0,4.0,3857.0,1917.172983848862
2026-09-13 05:48:51.774,0.21360555548330962,0.155,0.62,4983.0,4.0,3857.0,1917.172983848862
2026-09-13 05:48:53.791,0.21360555548330962,0.155,0.62,4983.0,4.0,3857.0,1917.172983848862
2026-09-13 05:48:53.825,0.21360555548330962,0.155,0.62,4983.0,4.0,3857.0,1917.172983848862
2026-09-13 05:48:55.223,0.21360555548330962,0.155,0.62,4983.0,4.0,3857.0,1917.172983848862
2026-09-13 05:48:55.274,0.21360555548330962,0.155,0.62,4983.0,4.0,3857.0,1917.172983848862
2026-09-13 05:48:57.291,0.21360555548330962,0.155,0.62,4983.0,4.0,3857.0,1917.172983848862
2026-09-13 05:48:57.325,0.21360555548330962,0.155,0.62,4983.0,4.0,3857.0,1917.172983848862
2026-09-13 05:48:58.723,0.21360555548330962,0.155,0.62,4983.0,4.0,3857.0,1917.172983848862
2026-09-13 05:48:58.774,0.21360555548330962,0.155,0.62,4983.0,4.0,3857.0,1917.172983848862
2026-09-13 05:49:00.791,0.21360555548330962,0.155,0.62,4983.0,4.0,3857.0,1917.172983848862
2026-09-13 05:49:00.825,0.21360555548330962,0.155,0.62,4983.0,4.0,3857.0,1917.172983848862
2026-09-13 05:49:02.223,0.21360555548330962,0.155,0.62,4983.0,4.0,3857.0,1917.172983848862
2026-09-13 05:49:02.274,0.21360555548330962,0.155,0.62,4983.0,4.0,3857.0,1917.172983848862
2026-09-13 05:49:04.291,0.21360555548330962,0.155,0.62,4983.0,4.0,3857.0,1917.172983848862
2026-09-13 05:49:04.325,0.21360555548330962,0.155,0.62,4983.0,4.0,3857.0,1917.172983848862
2026-09-13 05:49:05.723,0.21360555548330962,0.155,0.62,4983.0,4.0,3857.0,1917.172983848862
2026-09-13 05:49:05.774,0.21360555548330962,0.155,0.62,4983.0,4.0,3857.0,1917.172983848862
2026-09-13 05:49:07.791,0.21360555548330962,0.155,0.62,4983.0,4.0,3857.0,1917.172983848862
2026-09-13 05:49:07.825,0.21360555548330962,0.155,0.62,4983.0,4.0,3857.0,1917.172983848862
2026-09-13 05:49:09.223,0.18315089407371157,0.13974999999999999,0.5589999999999999,4983.0,4.0,3857.0,1917.172983848862
2026-09-13 05:49:09.273,0.1833130291786882,0.13949999999999999,0.5579999999999999,4983.0,4.0,3857.0,1917.172983848862
2026-09-13 05:49:11.291,0.1833130291786882,0.1395,0.558,4983.0,4.0,3857.0,1917.172983848862
2026-09-13 05:49:11.325,0.1833130291786882,0.13949999999999999,0.5579999999999999,4983.0,4.0,3857.0,1917.172983848862
2026-09-13 05:49:12.723,0.21376837153018352,0.15475,0.619,4983.0,4.0,3857.0,1917.172983848862
2026-09-13 05:49:12.774,0.2136055554833096,0.155,0.62,4983.0,4.0,3857.0,1917.172983848862
2026-09-13 05:49:14.791,0.2136055554833096,0.155,0.62,4983.0,4.0,3857.0,1917.172983848862
2026-09-13 05:49:14.825,0.2136055554833096,0.155,0.62,4983.0,4.0,3857.0,1917.172983848862
2026-09-13 05:49:16.223,0.2136055554833096,0.155,0.62,4983.0,4.0,3857.0,1917.172983848862
2026-09-13 05:49:16.274,0.2136055554833096,0.155,0.62,4983.0,4.0,3857.0,1917.172983848862
2026-09-13 05:49:18.291,0.2136055554833096,0.155,0.62,4983.0,4.0,3857.0,1917.172983848862
2026-09-13 05:49:18.325,0.2136055554833096,0.155,0.62,4983.0,4.0,3857.0,1917.172983848862
2026-09-13 05:49:19.723,0.2136055554833096,0.155,0.62,4983.0,4.0,3857.0,1917.172983848862
2026-09-13 05:49:19.774,0.2136055554833096,0.155,0.62,4983.0,4.0,3857.0,1917.172983848862
2026-09-13 05:49:21.791,0.2136055554833096,0.155,0.62,4983.0,4.0,3857.0,1917.172983848862
2026-09-13 05:49:21.825,0.2136055554833096,0.155,0.62,4983.0,4.0,3857.0,1917.172983848862
2026-09-13 05:49:23.223,0.2136055554833096,0.155,0.62,4983.0,4.0,3857.0,1917.172983848862
2026-09-13 05:49:23.274,0.2136055554833096,0.155,0.62,4983.0,4.0,3857.0,1917.172983848862
2026-09-13 05:49:25.292,0.21345784127082312,0.15525,0.621,4983.0,4.0,3857.0,1917.172983848862
2026-09-13 05:49:25.325,0.21364768506429752,0.155,0.62,4983.0,4.0,3857.0,1917.172983848862
2026-09-13 05:49:26.723,0.033406586176978635,0.064,0.256,4983.0,4.0,3857.0,1917.172983848862
2026-09-13 05:49:26.775,0.03328037459724925,0.06425,0.257,4983.0,4.0,3857.0,1917.172983848862
2026-09-13 05:49:28.792,0.03331666249791386,0.064,0.256,4983.0,4.0,3857.0,1917.172983848862
2026-09-13 05:49:28.825,0.03331666249791386,0.064,0.256,4983.0,4.0,3857.0,1917.172983848862
2026-09-13 05:49:30.223,0.2136336427937633,0.155,0.62,4983.0,4.0,3857.0,1917.172983848862
2026-09-13 05:49:30.274,0.21379487832967356,0.15475,0.619,4983.0,4.0,3857.0,1917.172983848862
2026-09-13 05:49:32.292,0.2137948783296736,0.15475,0.619,4983.0,4.0,3857.0,1917.172983848862
2026-09-13 05:49:32.326,0.21360555548330962,0.155,0.62,4983.0,4.0,3857.0,1917.172983848862
2026-09-13 05:49:33.724,0.2141049197628737,0.15525,0.621,4983.0,4.0,3857.0,1917.172983848862
2026-09-13 05:49:33.774,0.214267745278347,0.155,0.62,4983.0,4.0,3857.0,1917.172983848862
2026-09-13 05:49:35.792,0.214267745278347,0.155,0.62,4983.0,4.0,3857.0,1917.172983848862
2026-09-13 05:49:35.826,0.214267745278347,0.155,0.62,4983.0,4.0,3857.0,1917.172983848862
2026-09-13 05:49:37.224,0.214267745278347,0.155,0.62,4983.0,4.0,3857.0,1917.172983848862
2026-09-13 05:49:37.274,0.214267745278347,0.155,0.62,4983.0,4.0,3857.0,1917.172983848862
2026-09-13 05:49:39.292,0.214267745278347,0.155,0.62,4983.0,4.0,3857.0,1917.172983848862
2026-09-13 05:49:39.326,0.214267745278347,0.155,0.62,4983.0,4.0,3857.0,1917.172983848862
2026-09-13 05:49:40.724,0.214267745278347,0.155,0.62,4983.0,4.0,3857.0,1917.172983848862
2026-09-13 05:49:40.775,0.2141049197628737,0.15525,0.621,4983.0,4.0,3857.0,1917.172983848862
2026-09-13 05:49:42.792,0.2141049197628737,0.15525,0.621,4983.0,4.0,3857.0,1917.172983848862
2026-09-13 05:49:42.826,0.2141049197628737,0.15525,0.621,4983.0,4.0,3857.0,1917.172983848862
2026-09-13 05:49:44.224,0.2141049197628737,0.15525,0.621,4983.0,4.0,3857.0,1917.172983848862
2026-09-13 05:49:44.275,0.2141049197628737,0.15525,0.621,4983.0,4.0,3857.0,1917.172983848862
2026-09-13 05:49:46.292,0.2141049197628737,0.15525,0.621,4983.0,4.0,3857.0,1917.172983848862
2026-09-13 05:49:46.326,0.2141049197628737,0.15525,0.621,4983.0,4.0,3857.0,1917.172983848862
2026-09-13 05:49:47.724,0.2136055554833096,0.155,0.62,4983.0,4.0,3857.0,1917.172983848862
2026-09-13 05:49:47.775,0.2136055554833096,0.155,0.62,4983.0,4.0,3857.0,1917.172983848862
2026-09-13 05:49:49.792,0.2136055554833096,0.155,0.62,4983.0,4.0,3857.0,1917.172983848862
2026-09-13 05:49:49.826,0.2136055554833096,0.155,0.62,4983.0,4.0,3857.0,1917.172983848862
2026-09-13 05:49:51.224,0.2136055554833096,0.155,0.62,4983.0,4.0,3857.0,1917.172983848862
2026-09-13 05:49:51.275,0.2136055554833096,0.155,0.62,4983.0,4.0,3857.0,1917.172983848862
2026-09-13 05:49:53.292,0.2136055554833096,0.155,0.62,4983.0,4.0,3857.0,1917.172983848862
2026-09-13 05:49:53.326,0.2136055554833096,0.155,0.62,4983.0,4.0,3857.0,1917.172983848862
2026-09-13 05:49:54.724,0.2136055554833096,0.155,0.62,4983.0,4.0,3857.0,1917.172983848862
2026-09-13 05:49:54.775,0.2136055554833096,0.155,0.62,4983.0,4.0,3857.0,1917.172983848862
2026-09-13 05:49:56.792,0.2136055554833096,0.155,0.62,4983.0,4.0,3857.0,1917.172983848862
2026-09-13 05:49:56.826,0.2136055554833096,0.155,0.62,4983.0,4.0,3857.0,1917.172983848862
2026-09-13 05:49:58.493,0.21310619418496476,0.15475,0.619,4983.0,4.0,3857.0,1917.172983848862
2026-09-13 05:49:58.545,0.21294443719743714,0.155,0.62,4983.0,4.0,3857.0,1917.172983848862
2026-09-13 05:50:00.561,0.21294443719743714,0.155,0.62,4983.0,4.0,3857.0,1917.172983848862
2026-09-13 05:50:00.595,0.21294443719743714,0.155,0.62,4983.0,4.0,3857.0,1917.172983848862
2026-09-13 05:50:01.993,0.21344378651064058,0.15525,0.621,4983.0,4.0,3857.0,1917.172983848862
2026-09-13 05:50:02.044,0.21360555548330956,0.155,0.62,4983.0,4.0,3857.0,1917.172983848862
2026-09-13 05:50:04.061,0.21360555548330956,0.155,0.62,4983.0,4.0,3857.0,1917.172983848862
2026-09-13 05:50:04.095,0.21360555548330956,0.155,0.62,4983.0,4.0,3857.0,1917.172983848862
2026-09-13 05:50:05.493,0.21360555548330956,0.155,0.62,4983.0,4.0,3857.0,1917.172983848862
2026-09-13 05:50:05.544,0.21360555548330956,0.155,0.62,4983.0,4.0,3857.0,1917.172983848862
2026-09-13 05:50:07.561,0.21360555548330956,0.155,0.62,4983.0,4.0,3857.0,1917.172983848862
2026-09-13 05:50:07.595,0.21360555548330956,0.155,0.62,4983.0,4.0,3857.0,1917.172983848862
2026-09-13 05:50:08.993,0.21360555548330956,0.155,0.62,4983.0,4.0,3857.0,1917.172983848862
2026-09-13 05:50:09.044,0.21360555548330956,0.155,0.62,4983.0,4.0,3857.0,1917.172983848862
2026-09-13 05:50:11.061,0.21360555548330956,0.155,0.62,4983.0,4.0,3857.0,1917.172983848862
2026-09-13 05:50:11.095,0.21360555548330956,0.155,0.62,4983.0,4.0,3857.0,1917.172983848862
2026-09-13 05:50:12.493,0.21360555548330956,0.155,0.62,4983.0,4.0,3857.0,1917.172983848862
2026-09-13 05:50:12.544,0.21360555548330956,0.155,0.62,4983.0,4.0,3857.0,1917.172983848862
2026-09-13 05:50:14.561,0.21360555548330956,0.155,0.62,4983.0,4.0,3857.0,1917.172983848862
2026-09-13 05:50:14.595,0.21360555548330956,0.155,0.62,4983.0,4.0,3857.0,1917.172983848862
2026-09-13 05:50:15.993,0.21360555548330956,0.155,0.62,4983.0,4.0,3857.0,1917.172983848862
2026-09-13 05:50:16.044,0.21360555548330956,0.155,0.62,4983.0,4.0,3857.0,1917.172983848862
2026-09-13 05:50:18.062,0.2134578412708231,0.15525,0.621,4983.0,4.0,3857.0,1917.172983848862
2026-09-13 05:50:18.096,0.2134578412708231,0.15525,0.621,4983.0,4.0,3857.0,1917.172983848862
2026-09-13 05:50:19.493,0.2134578412708231,0.15525,0.621,4983.0,4.0,3857.0,1917.172983848862
2026-09-13 05:50:19.544,0.2134578412708231,0.15525,0.621,4983.0,4.0,3857.0,1917.172983848862
2026-09-13 05:50:21.562,0.21360555548330956,0.155,0.62,4983.0,4.0,3857.0,1917.172983848862
2026-09-13 05:50:21.596,0.21360555548330956,0.155,0.62,4983.0,4.0,3857.0,1917.172983848862
2026-09-13 05:50:22.994,0.21410491976287366,0.15525,0.621,4983.0,4.0,3857.0,1917.172983848862
2026-09-13 05:50:23.044,0.21426774527834694,0.155,0.62,4983.0,4.0,3857.0,1917.172983848862
2026-09-13 05:50:25.062,0.21426774527834694,0.155,0.62,4983.0,4.0,3857.0,1917.172983848862
2026-09-13 05:50:25.096,0.21426774527834694,0.155,0.62,4983.0,4.0,3857.0,1917.172983848862
2026-09-13 05:50:26.494,0.21426774527834694,0.155,0.62,4983.0,4.0,3857.0,1917.172983848862
2026-09-13 05:50:26.545,0.21410491976287366,0.15525,0.621,4983.0,4.0,3857.0,1917.172983848862
2026-09-13 05:50:28.562,0.21410491976287366,0.15525,0.621,4983.0,4.0,3857.0,1917.172983848862
2026-09-13 05:50:28.596,0.21410491976287366,0.15525,0.621,4983.0,4.0,3857.0,1917.172983848862
2026-09-13 05:50:29.994,0.21410491976287366,0.15525,0.621,4983.0,4.0,3857.0,1917.172983848862
2026-09-13 05:50:30.045,0.21410491976287366,0.15525,0.621,4983.0,4.0,3857.0,1917.172983848862
2026-09-13 05:50:32.062,0.21410491976287366,0.15525,0.621,4983.0,4.0,3857.0,1917.172983848862
2026-09-13 05:50:32.096,0.21410491976287366,0.15525,0.621,4983.0,4.0,3857.0,1917.172983848862
2026-09-13 05:50:33.494,0.21410491976287366,0.15525,0.621,4983.0,4.0,3857.0,1917.172983848862
2026-09-13 05:50:33.545,0.21410491976287366,0.15525,0.621,4983.0,4.0,3857.0,1917.172983848862
2026-09-13 05:50:35.562,0.21410491976287366,0.15525,0.621,4983.0,4.0,3857.0,1917.172983848862
2026-09-13 05:50:35.596,0.21410491976287366,0.15525,0.621,4983.0,4.0,3857.0,1917.172983848862
2026-09-13 05:50:36.994,0.2136055554833095,0.155,0.62,4983.0,4.0,3857.0,1917.172983848862
2026-09-13 05:50:37.045,0.2136055554833095,0.155,0.62,4983.0,4.0,3857.0,1917.172983848862
2026-09-13 05:50:39.062,0.2136055554833095,0.155,0.62,4983.0,4.0,3857.0,1917.172983848862
2026-09-13 05:50:39.096,0.2136055554833095,0.155,0.62,4983.0,4.0,3857.0,1917.172983848862
2026-09-13 05:50:40.494,0.2136055554833095,0.155,0.62,4983.0,4.0,3857.0,1917.172983848862
2026-09-13 05:50:40.545,0.2136055554833095,0.155,0.62,4983.0,4.0,3857.0,1917.172983848862
2026-09-13 05:50:42.562,0.2136055554833095,0.155,0.62,4983.0,4.0,3857.0,1917.172983848862
2026-09-13 05:50:42.596,0.2136055554833095,0.155,0.62,4983.0,4.0,3857.0,1917.172983848862
2026-09-13 05:50:43.994,0.2136055554833095,0.155,0.62,4983.0,4.0,3857.0,1917.172983848862
2026-09-13 05:50:44.045,0.2136055554833095,0.155,0.62,4983.0,4.0,3857.0,1917.172983848862
2026-09-13 05:50:46.062,0.2136055554833095,0.155,0.62,4983.0,4.0,3857.0,1917.172983848862
2026-09-13 05:50:46.096,0.2136055554833095,0.155,0.62,4983.0,4.0,3857.0,1917.172983848862
2026-09-13 05:50:47.494,0.2136055554833095,0.155,0.62,4983.0,4.0,3857.0,1917.172983848862
2026-09-13 05:50:47.545,0.2136055554833095,0.155,0.62,4983.0,4.0,3857.0,1917.172983848862
2026-09-13 05:50:49.562,0.2136055554833095,0.155,0.62,4983.0,4.0,3857.0,1917.172983848862
2026-09-13 05:50:49.596,0.2136055554833095,0.155,0.62,4983.0,4.0,3857.0,1917.172983848862
2026-09-13 05:50:50.994,0.2136055554833095,0.155,0.62,4983.0,4.0,3857.0,1917.172983848862
2026-09-13 05:50:51.045,0.2136055554833095,0.155,0.62,4983.0,4.0,3857.0,1917.172983848862
2026-09-13 05:50:53.062,0.2136055554833095,0.155,0.62,4983.0,4.0,3857.0,1917.172983848862
2026-09-13 05:50:53.096,0.2136055554833095,0.155,0.62,4983.0,4.0,3857.0,1917.172983848862
2026-09-13 05:50:54.494,0.2136055554833095,0.155,0.62,4983.0,4.0,3857.0,1917.172983848862
2026-09-13 05:50:54.545,0.2136055554833095,0.155,0.62,4983.0,4.0,3857.0,1917.172983848862
2026-09-13 05:50:56.562,0.2136055554833095,0.155,0.62,4983.0,4.0,3857.0,1917.172983848862
2026-09-13 05:50:56.596,0.2136055554833095,0.155,0.62,4983.0,4.0,3857.0,1917.172983848862
2026-09-13 05:50:57.994,0.2136055554833095,0.155,0.62,4983.0,4.0,3857.0,1917.172983848862
2026-09-13 05:50:58.045,0.2136055554833095,0.155,0.62,4983.0,4.0,3857.0,1917.172983848862
2026-09-13 05:51:00.062,0.2136055554833095,0.155,0.62,4983.0,4.0,3857.0,1917.172983848862
2026-09-13 05:51:00.096,0.2136055554833095,0.155,0.62,4983.0,4.0,3857.0,1917.172983848862
2026-09-13 05:51:01.494,0.2136055554833095,0.155,0.62,4983.0,4.0,3857.0,1917.172983848862
2026-09-13 05:51:01.545,0.2136055554833095,0.155,0.62,4983.0,4.0,3857.0,1917.172983848862
2026-09-13 05:51:03.562,0.2136055554833095,0.155,0.62,4983.0,4.0,3857.0,1917.172983848862
2026-09-13 05:51:03.596,0.2136055554833095,0.155,0.62,4983.0,4.0,3857.0,1917.172983848862
2026-09-13 05:51:04.994,0.2136055554833095,0.155,0.62,4983.0,4.0,3857.0,1917.172983848862
2026-09-13 05:51:05.045,0.2136055554833095,0.155,0.62,4983.0,4.0,3857.0,1917.172983848862
2026-09-13 05:51:07.062,0.2136055554833095,0.155,0.62,4983.0,4.0,3857.0,1917.172983848862
2026-09-13 05:51:07.096,0.2136055554833095,0.155,0.62,4983.0,4.0,3857.0,1917.172983848862
2026-09-13 05:51:08.494,0.2136055554833095,0.155,0.62,4983.0,4.0,3857.0,1917.172983848862
2026-09-13 05:51:08.545,0.2136055554833095,0.155,0.62,4983.0,4.0,3857.0,1917.172983848862
2026-09-13 05:51:10.563,0.21345784127082304,0.15525,0.621,4983.0,4.0,3857.0,1917.172983848862
2026-09-13 05:51:10.597,0.21345784127082304,0.15525,0.621,4983.0,4.0,3857.0,1917.172983848862
2026-09-13 05:51:11.994,0.21345784127082304,0.15525,0.621,4983.0,4.0,3857.0,1917.172983848862
2026-09-13 05:51:12.045,0.21345784127082304,0.15525,0.621,4983.0,4.0,3857.0,1917.172983848862
2026-09-13 05:51:14.063,0.2136055554833095,0.155,0.62,4983.0,4.0,3857.0,1917.172983848862
2026-09-13 05:51:14.097,0.2136055554833095,0.155,0.62,4983.0,4.0,3857.0,1917.172983848862
2026-09-13 05:51:15.495,0.2136055554833095,0.155,0.62,4983.0,4.0,3857.0,1917.172983848862
2026-09-13 05:51:15.546,0.2136055554833095,0.155,0.62,4983.0,4.0,3857.0,1917.172983848862
2026-09-13 05:51:17.563,0.2136055554833095,0.155,0.62,4983.0,4.0,3857.0,1917.172983848862
2026-09-13 05:51:17.597,0.2136055554833095,0.155,0.62,4983.0,4.0,3857.0,1917.172983848862
2026-09-13 05:51:18.995,0.21410491976287363,0.15525,0.621,4983.0,4.0,3857.0,1917.172983848862
2026-09-13 05:51:19.046,0.21410491976287363,0.15525,0.621,4983.0,4.0,3857.0,1917.172983848862
2026-09-13 05:51:21.063,0.21410491976287363,0.15525,0.621,4983.0,4.0,3857.0,1917.172983848862
2026-09-13 05:51:21.097,0.21410491976287363,0.15525,0.621,4983.0,4.0,3857.0,1917.172983848862
2026-09-13 05:51:22.495,0.21410491976287363,0.15525,0.621,4983.0,4.0,3857.0,1917.172983848862
2026-09-13 05:51:22.546,0.21410491976287363,0.15525,0.621,4983.0,4.0,3857.0,1917.172983848862
2026-09-13 05:51:24.563,0.21410491976287363,0.15525,0.621,4983.0,4.0,3857.0,1917.172983848862
2026-09-13 05:51:24.597,0.21410491976287363,0.15525,0.621,4983.0,4.0,3857.0,1917.172983848862
2026-09-13 05:51:25.995,0.21410491976287363,0.15525,0.621,4983.0,4.0,3857.0,1917.172983848862
2026-09-13 05:51:26.046,0.21410491976287363,0.15525,0.621,4983.0,4.0,3857.0,1917.172983848862
2026-09-13 05:51:28.063,0.21410491976287363,0.15525,0.621,4983.0,4.0,3857.0,1917.172983848862
2026-09-13 05:51:28.097,0.21410491976287363,0.15525,0.621,4983.0,4.0,3857.0,1917.172983848862
2026-09-13 05:51:29.495,0.2136055554833095,0.155,0.62,4983.0,4.0,3857.0,1917.172983848862
2026-09-13 05:51:29.546,0.2136055554833095,0.155,0.62,4983.0,4.0,3857.0,1917.172983848862
2026-09-13 05:51:31.563,0.2136055554833095,0.155,0.62,4983.0,4.0,3857.0,1917.172983848862
2026-09-13 05:51:31.597,0.2136055554833095,0.155,0.62,4983.0,4.0,3857.0,1917.172983848862
2026-09-13 05:51:32.995,0.2136055554833095,0.155,0.62,4983.0,4.0,3857.0,1917.172983848862
2026-09-13 05:51:33.046,0.2136055554833095,0.155,0.62,4983.0,4.0,3857.0,1917.172983848862
2026-09-13 05:51:35.063,0.2136055554833095,0.155,0.62,4983.0,4.0,3857.0,1917.172983848862
2026-09-13 05:51:35.097,0.2136055554833095,0.155,0.62,4983.0,4.0,3857.0,1917.172983848862
2026-09-13 05:51:36.495,0.2136055554833095,0.155,0.62,4983.0,4.0,3857.0,1917.172983848862
2026-09-13 05:51:36.546,0.2136055554833095,0.155,0.62,4983.0,4.0,3857.0,1917.172983848862
2026-09-13 05:51:38.563,0.2136055554833095,0.155,0.62,4983.0,4.0,3857.0,1917.172983848862
2026-09-13 05:51:38.597,0.2136055554833095,0.155,0.62,4983.0,4.0,3857.0,1917.172983848862
2026-09-13 05:51:39.995,0.2136055554833095,0.155,0.62,4983.0,4.0,3857.0,1917.172983848862
2026-09-13 05:51:40.046,0.2136055554833095,0.155,0.62,4983.0,4.0,3857.0,1917.172983848862
2026-09-13 05:51:42.063,0.2136055554833095,0.155,0.62,4983.0,4.0,3857.0,1917.172983848862
2026-09-13 05:51:42.097,0.2136055554833095,0.155,0.62,4983.0,4.0,3857.0,1917.172983848862
2026-09-13 05:51:43.495,0.2136055554833095,0.155,0.62,4983.0,4.0,3857.0,1917.172983848862
2026-09-13 05:51:43.546,0.2136055554833095,0.155,0.62,4983.0,4.0,3857.0,1917.172983848862
2026-09-13 05:51:45.563,0.2136055554833095,0.155,0.62,4983.0,4.0,3857.0,1917.172983848862
2026-09-13 05:51:45.597,0.2136055554833095,0.155,0.62,4983.0,4.0,3857.0,1917.172983848862
2026-09-13 05:51:46.995,0.2136055554833095,0.155,0.62,4983.0,4.0,3857.0,1917.172983848862
2026-09-13 05:51:47.046,0.2136055554833095,0.155,0.62,4983.0,4.0,3857.0,1917.172983848862
2026-09-13 05:51:49.063,0.2136055554833095,0.155,0.62,4983.0,4.0,3857.0,1917.172983848862
2026-09-13 05:51:49.097,0.2136055554833095,0.155,0.62,4983.0,4.0,3857.0,1917.172983848862
2026-09-13 05:51:50.495,0.2136055554833095,0.155,0.62,4983.0,4.0,3857.0,1917.172983848862
2026-09-13 05:51:50.546,0.2136055554833095,0.155,0.62,4983.0,4.0,3857.0,1917.172983848862
2026-09-13 05:51:52.563,0.2136055554833095,0.155,0.62,4983.0,4.0,3857.0,1917.172983848862
2026-09-13 05:51:52.597,0.2136055554833095,0.155,0.62,4983.0,4.0,3857.0,1917.172983848862
2026-09-13 05:51:53.995,0.2136055554833095,0.155,0.62,4983.0,4.0,3857.0,1917.172983848862
2026-09-13 05:51:54.046,0.2136055554833095,0.155,0.62,4983.0,4.0,3857.0,1917.172983848862
2026-09-13 05:51:56.063,0.2136055554833095,0.155,0.62,4983.0,4.0,3857.0,1917.172983848862
2026-09-13 05:51:56.097,0.2136055554833095,0.155,0.62,4983.0,4.0,3857.0,1917.172983848862
2026-09-13 05:51:57.495,0.2136055554833095,0.155,0.62,4983.0,4.0,3857.0,1917.172983848862
2026-09-13 05:51:57.546,0.2136055554833095,0.155,0.62,4983.0,4.0,3857.0,1917.172983848862
2026-09-13 05:51:59.564,0.21345784127082304,0.15525,0.621,4983.0,4.0,3857.0,1917.172983848862
2026-09-13 05:51:59.597,0.2136476850642974,0.155,0.62,4983.0,4.0,3857.0,1917.172983848862
2026-09-13 05:52:00.995,0.2136476850642974,0.155,0.62,4983.0,4.0,3857.0,1917.172983848862
2026-09-13 05:52:01.046,0.2136476850642974,0.155,0.62,4983.0,4.0,3857.0,1917.172983848862
2026-09-13 05:52:03.064,0.21379487832967345,0.15475,0.619,4983.0,4.0,3857.0,1917.172983848862
2026-09-13 05:52:03.098,0.2136055554833095,0.155,0.62,4983.0,4.0,3857.0,1917.172983848862
2026-09-13 05:52:04.495,0.2136055554833095,0.155,0.62,4983.0,4.0,3857.0,1917.172983848862
2026-09-13 05:52:04.546,0.2136055554833095,0.155,0.62,4983.0,4.0,3857.0,1917.172983848862
2026-09-13 05:52:06.564,0.2136055554833095,0.155,0.62,4983.0,4.0,3857.0,1917.172983848862
2026-09-13 05:52:06.598,0.2136055554833095,0.155,0.62,4983.0,4.0,3857.0,1917.172983848862
2026-09-13 05:52:07.996,0.2141049197628736,0.15525,0.621,4983.0,4.0,3857.0,1917.172983848862
2026-09-13 05:52:08.047,0.2141049197628736,0.15525,0.621,4983.0,4.0,3857.0,1917.172983848862
2026-09-13 05:52:10.064,0.2141049197628736,0.15525,0.621,4983.0,4.0,3857.0,1917.172983848862
2026-09-13 05:52:10.098,0.2141049197628736,0.15525,0.621,4983.0,4.0,3857.0,1917.172983848862
2026-09-13 05:52:11.496,0.2141049197628736,0.15525,0.621,4983.0,4.0,3857.0,1917.172983848862
2026-09-13 05:52:11.547,0.2141049197628736,0.15525,0.621,4983.0,4.0,3857.0,1917.172983848862
2026-09-13 05:52:13.564,0.2141049197628736,0.15525,0.621,4983.0,4.0,3857.0,1917.172983848862
2026-09-13 05:52:13.598,0.2141049197628736,0.15525,0.621,4983.0,4.0,3857.0,1917.172983848862
2026-09-13 05:52:14.996,0.2141049197628736,0.15525,0.621,4983.0,4.0,3857.0,1917.172983848862
2026-09-13 05:52:15.047,0.2141049197628736,0.15525,0.621,4983.0,4.0,3857.0,1917.172983848862
2026-09-13 05:52:17.064,0.2141049197628736,0.15525,0.621,4983.0,4.0,3857.0,1917.172983848862
2026-09-13 05:52:17.098,0.2141049197628736,0.15525,0.621,4983.0,4.0,3857.0,1917.172983848862
2026-09-13 05:52:18.496,0.2141049197628736,0.15525,0.621,4983.0,4.0,3857.0,1917.172983848862
2026-09-13 05:52:18.547,0.2141049197628736,0.15525,0.621,4983.0,4.0,3857.0,1917.172983848862
2026-09-13 05:52:20.564,0.2141049197628736,0.15525,0.621,4983.0,4.0,3857.0,1917.172983848862
2026-09-13 05:52:20.598,0.2141049197628736,0.15525,0.621,4983.0,4.0,3857.0,1917.172983848862
2026-09-13 05:52:21.996,0.21360555548330948,0.155,0.62,4983.0,4.0,3857.0,1917.172983848862
2026-09-13 05:52:22.047,0.21360555548330948,0.155,0.62,4983.0,4.0,3857.0,1917.172983848862
2026-09-13 05:52:24.064,0.21360555548330948,0.155,0.62,4983.0,4.0,3857.0,1917.172983848862
2026-09-13 05:52:24.098,0.21360555548330948,0.155,0.62,4983.0,4.0,3857.0,1917.172983848862
2026-09-13 05:52:25.496,0.21360555548330948,0.155,0.62,4983.0,4.0,3857.0,1917.172983848862
2026-09-13 05:52:25.547,0.21360555548330948,0.155,0.62,4983.0,4.0,3857.0,1917.172983848862
2026-09-13 05:52:27.564,0.21360555548330948,0.155,0.62,4983.0,4.0,3857.0,1917.172983848862
2026-09-13 05:52:27.598,0.21360555548330948,0.155,0.62,4983.0,4.0,3857.0,1917.172983848862
2026-09-13 05:52:28.996,0.21360555548330948,0.155,0.62,4983.0,4.0,3857.0,1917.172983848862
2026-09-13 05:52:29.047,0.21360555548330948,0.155,0.62,4983.0,4.0,3857.0,1917.172983848862
2026-09-13 05:52:31.064,0.21360555548330948,0.155,0.62,4983.0,4.0,3857.0,1917.172983848862
2026-09-13 05:52:31.098,0.21360555548330948,0.155,0.62,4983.0,4.0,3857.0,1917.172983848862
2026-09-13 05:52:32.496,0.21360555548330948,0.155,0.62,4983.0,4.0,3857.0,1917.172983848862
2026-09-13 05:52:32.547,0.21360555548330948,0.155,0.62,4983.0,4.0,3857.0,1917.172983848862
2026-09-13 05:52:34.564,0.21360555548330948,0.155,0.62,4983.0,4.0,3857.0,1917.172983848862
2026-09-13 05:52:34.598,0.21360555548330948,0.155,0.62,4983.0,4.0,3857.0,1917.172983848862
2026-09-13 05:52:35.996,0.21360555548330948,0.155,0.62,4983.0,4.0,3857.0,1917.172983848862
2026-09-13 05:52:36.047,0.21360555548330948,0.155,0.62,4983.0,4.0,3857.0,1917.172983848862
2026-09-13 05:52:38.064,0.21360555548330948,0.155,0.62,4983.0,4.0,3857.0,1917.172983848862
2026-09-13 05:52:38.098,0.21360555548330948,0.155,0.62,4983.0,4.0,3857.0,1917.172983848862
2026-09-13 05:52:39.496,0.21360555548330948,0.155,0.62,4983.0,4.0,3857.0,1917.172983848862
2026-09-13 05:52:39.547,0.21360555548330948,0.155,0.62,4983.0,4.0,3857.0,1917.172983848862
2026-09-13 05:52:41.564,0.21360555548330948,0.155,0.62,4983.0,4.0,3857.0,1917.172983848862
2026-09-13 05:52:41.598,0.21360555548330948,0.155,0.62,4983.0,4.0,3857.0,1917.172983848862
2026-09-13 05:52:42.996,0.21360555548330948,0.155,0.62,4983.0,4.0,3857.0,1917.172983848862
2026-09-13 05:52:43.047,0.21360555548330948,0.155,0.62,4983.0,4.0,3857.0,1917.172983848862
2026-09-13 05:52:45.064,0.21360555548330948,0.155,0.62,4983.0,4.0,3857.0,1917.172983848862
2026-09-13 05:52:45.098,0.21360555548330948,0.155,0.62,4983.0,4.0,3857.0,1917.172983848862
2026-09-13 05:52:46.496,0.21360555548330948,0.155,0.62,4983.0,4.0,3857.0,1917.172983848862
2026-09-13 05:52:46.547,0.21360555548330948,0.155,0.62,4983.0,4.0,3857.0,1917.172983848862
2026-09-13 05:52:48.565,0.213457841270823,0.15525,0.621,4983.0,4.0,3857.0,1917.172983848862
2026-09-13 05:52:48.598,0.2136476850642974,0.155,0.62,4983.0,4.0,3857.0,1917.172983848862
2026-09-13 05:52:49.996,0.2136476850642974,0.155,0.62,4983.0,4.0,3857.0,1917.172983848862
2026-09-13 05:52:50.047,0.2136476850642974,0.155,0.62,4983.0,4.0,3857.0,1917.172983848862
2026-09-13 05:52:52.065,0.2136476850642974,0.155,0.62,4983.0,4.0,3857.0,1917.172983848862
2026-09-13 05:52:52.098,0.2136476850642974,0.155,0.62,4983.0,4.0,3857.0,1917.172983848862
2026-09-13 05:52:53.496,0.2136476850642974,0.155,0.62,4983.0,4.0,3857.0,1917.172983848862
2026-09-13 05:52:53.547,0.2136476850642974,0.155,0.62,4983.0,4.0,3857.0,1917.172983848862
2026-09-13 05:52:55.565,0.21379487832967342,0.15475,0.619,4983.0,4.0,3857.0,1917.172983848862
2026-09-13 05:52:55.599,0.21360555548330948,0.155,0.62,4983.0,4.0,3857.0,1917.172983848862
2026-09-13 05:52:56.997,0.21410491976287357,0.15525,0.621,4983.0,4.0,3857.0,1917.172983848862
2026-09-13 05:52:57.047,0.21426774527834688,0.155,0.62,4983.0,4.0,3857.0,1917.172983848862
2026-09-13 05:52:59.065,0.21426774527834688,0.155,0.62,4983.0,4.0,3857.0,1917.172983848862
2026-09-13 05:52:59.099,0.21426774527834688,0.155,0.62,4983.0,4.0,3857.0,1917.172983848862
2026-09-13 05:53:00.497,0.21426774527834683,0.155,0.62,4983.0,4.0,3857.0,1917.172983848862
2026-09-13 05:53:00.547,0.21426774527834683,0.155,0.62,4983.0,4.0,3857.0,1917.172983848862
2026-09-13 05:53:02.565,0.21426774527834683,0.155,0.62,4983.0,4.0,3857.0,1917.172983848862
2026-09-13 05:53:02.599,0.21426774527834683,0.155,0.62,4983.0,4.0,3857.0,1917.172983848862
2026-09-13 05:53:03.997,0.21426774527834683,0.155,0.62,4983.0,4.0,3857.0,1917.172983848862
2026-09-13 05:53:04.048,0.21410491976287357,0.15525,0.621,4983.0,4.0,3857.0,1917.172983848862
2026-09-13 05:53:06.065,0.21410491976287357,0.15525,0.621,4983.0,4.0,3857.0,1917.172983848862
2026-09-13 05:53:06.099,0.21410491976287357,0.15525,0.621,4983.0,4.0,3857.0,1917.172983848862
2026-09-13 05:53:07.497,0.21410491976287357,0.15525,0.621,4983.0,4.0,3857.0,1917.172983848862
2026-09-13 05:53:07.548,0.21410491976287357,0.15525,0.621,4983.0,4.0,3857.0,1917.172983848862
2026-09-13 05:53:09.565,0.21410491976287357,0.15525,0.621,4983.0,4.0,3857.0,1917.172983848862
2026-09-13 05:53:09.599,0.21410491976287357,0.15525,0.621,4983.0,4.0,3857.0,1917.172983848862
2026-09-13 05:53:10.997,0.21360555548330945,0.155,0.62,4983.0,4.0,3857.0,1917.172983848862
2026-09-13 05:53:11.048,0.21360555548330945,0.155,0.62,4983.0,4.0,3857.0,1917.172983848862
2026-09-13 05:53:13.065,0.21360555548330945,0.155,0.62,4983.0,4.0,3857.0,1917.172983848862
2026-09-13 05:53:13.099,0.21360555548330945,0.155,0.62,4983.0,4.0,3857.0,1917.172983848862
2026-09-13 05:53:14.497,0.21360555548330945,0.155,0.62,4983.0,4.0,3857.0,1917.172983848862
2026-09-13 05:53:14.548,0.21360555548330945,0.155,0.62,4983.0,4.0,3857.0,1917.172983848862
2026-09-13 05:53:16.565,0.21360555548330945,0.155,0.62,4983.0,4.0,3857.0,1917.172983848862
2026-09-13 05:53:16.599,0.21360555548330945,0.155,0.62,4983.0,4.0,3857.0,1917.172983848862
2026-09-13 05:53:17.997,0.21360555548330945,0.155,0.62,4983.0,4.0,3857.0,1917.172983848862
2026-09-13 05:53:18.048,0.21360555548330945,0.155,0.62,4983.0,4.0,3857.0,1917.172983848862
2026-09-13 05:53:20.065,0.21360555548330945,0.155,0.62,4983.0,4.0,3857.0,1917.172983848862
2026-09-13 05:53:20.099,0.21360555548330945,0.155,0.62,4983.0,4.0,3857.0,1917.172983848862
2026-09-13 05:53:21.497,0.21360555548330945,0.155,0.62,4983.0,4.0,3857.0,1917.172983848862
2026-09-13 05:53:21.548,0.21360555548330945,0.155,0.62,4983.0,4.0,3857.0,1917.172983848862
2026-09-13 05:53:23.565,0.21360555548330945,0.155,0.62,4983.0,4.0,3857.0,1917.172983848862
2026-09-13 05:53:23.599,0.21360555548330945,0.155,0.62,4983.0,4.0,3857.0,1917.172983848862
2026-09-13 05:53:24.997,0.21360555548330945,0.155,0.62,4983.0,4.0,3857.0,1917.172983848862
2026-09-13 05:53:25.048,0.21360555548330945,0.155,0.62,4983.0,4.0,3857.0,1917.172983848862
2026-09-13 05:53:27.065,0.21360555548330945,0.155,0.62,4983.0,4.0,3857.0,1917.172983848862
2026-09-13 05:53:27.099,0.21360555548330945,0.155,0.62,4983.0,4.0,3857.0,1917.172983848862
2026-09-13 05:53:28.497,0.21360555548330945,0.155,0.62,4983.0,4.0,3857.0,1917.172983848862
2026-09-13 05:53:28.548,0.21360555548330945,0.155,0.62,4983.0,4.0,3857.0,1917.172983848862
2026-09-13 05:53:30.565,0.21360555548330945,0.155,0.62,4983.0,4.0,3857.0,1917.172983848862
2026-09-13 05:53:30.599,0.21360555548330945,0.155,0.62,4983.0,4.0,3857.0,1917.172983848862
2026-09-13 05:53:31.997,0.21360555548330945,0.155,0.62,4983.0,4.0,3857.0,1917.172983848862
2026-09-13 05:53:32.048,0.21360555548330945,0.155,0.62,4983.0,4.0,3857.0,1917.172983848862
2026-09-13 05:53:34.065,0.21360555548330945,0.155,0.62,4983.0,4.0,3857.0,1917.172983848862
2026-09-13 05:53:34.099,0.21360555548330945,0.155,0.62,4983.0,4.0,3857.0,1917.172983848862
2026-09-13 05:53:35.497,0.21360555548330945,0.155,0.62,4983.0,4.0,3857.0,1917.172983848862
2026-09-13 05:53:35.548,0.21360555548330945,0.155,0.62,4983.0,4.0,3857.0,1917.172983848862
2026-09-13 05:53:37.565,0.21360555548330945,0.155,0.62,4983.0,4.0,3857.0,1917.172983848862
2026-09-13 05:53:37.599,0.21360555548330945,0.155,0.62,4983.0,4.0,3857.0,1917.172983848862
2026-09-13 05:53:38.997,0.21360555548330945,0.155,0.62,4983.0,4.0,3857.0,1917.172983848862
2026-09-13 05:53:39.048,0.21360555548330945,0.155,0.62,4983.0,4.0,3857.0,1917.172983848862
2026-09-13 05:53:41.066,0.21345784127082298,0.15525,0.621,4983.0,4.0,3857.0,1917.172983848862
2026-09-13 05:53:41.100,0.21345784127082298,0.15525,0.621,4983.0,4.0,3857.0,1917.172983848862
2026-09-13 05:53:42.497,0.21345784127082298,0.15525,0.621,4983.0,4.0,3857.0,1917.172983848862
2026-09-13 05:53:42.548,0.21345784127082298,0.15525,0.621,4983.0,4.0,3857.0,1917.172983848862
2026-09-13 05:53:44.566,0.21345784127082298,0.15525,0.621,4983.0,4.0,3857.0,1917.172983848862
2026-09-13 05:53:44.600,0.21345784127082298,0.15525,0.621,4983.0,4.0,3857.0,1917.172983848862
2026-09-13 05:53:45.997,0.21345784127082298,0.15525,0.621,4983.0,4.0,3857.0,1917.172983848862
2026-09-13 05:53:46.048,0.21345784127082298,0.15525,0.621,4983.0,4.0,3857.0,1917.172983848862
2026-09-13 05:53:48.066,0.21360555548330945,0.155,0.62,4983.0,4.0,3857.0,1917.172983848862
2026-09-13 05:53:48.100,0.21360555548330945,0.155,0.62,4983.0,4.0,3857.0,1917.172983848862
2026-09-13 05:53:49.498,0.21410491976287355,0.15525,0.621,4983.0,4.0,3857.0,1917.172983848862
2026-09-13 05:53:49.548,0.21426774527834683,0.155,0.62,4983.0,4.0,3857.0,1917.172983848862
2026-09-13 05:53:51.566,0.21426774527834683,0.155,0.62,4983.0,4.0,3857.0,1917.172983848862
2026-09-13 05:53:51.600,0.21426774527834683,0.155,0.62,4983.0,4.0,3857.0,1917.172983848862
2026-09-13 05:53:52.998,0.2142677452783468,0.155,0.62,4983.0,4.0,3857.0,1917.172983848862
2026-09-13 05:53:53.048,0.2142677452783468,0.155,0.62,4983.0,4.0,3857.0,1917.172983848862
2026-09-13 05:53:55.066,0.2142677452783468,0.155,0.62,4983.0,4.0,3857.0,1917.172983848862
2026-09-13 05:53:55.100,0.2142677452783468,0.155,0.62,4983.0,4.0,3857.0,1917.172983848862
2026-09-13 05:53:56.498,0.2142677452783468,0.155,0.62,4983.0,4.0,3857.0,1917.172983848862
2026-09-13 05:53:56.549,0.21410491976287352,0.15525,0.621,4983.0,4.0,3857.0,1917.172983848862
2026-09-13 05:53:58.566,0.21410491976287352,0.15525,0.621,4983.0,4.0,3857.0,1917.172983848862
2026-09-13 05:53:58.600,0.21410491976287352,0.15525,0.621,4983.0,4.0,3857.0,1917.172983848862
2026-09-13 05:53:59.998,0.21360555548330942,0.155,0.62,4983.0,4.0,3857.0,1917.172983848862
2026-09-13 05:54:00.049,0.21360555548330942,0.155,0.62,4983.0,4.0,3857.0,1917.172983848862
2026-09-13 05:54:02.066,0.21360555548330942,0.155,0.62,4983.0,4.0,3857.0,1917.172983848862
2026-09-13 05:54:02.100,0.21360555548330942,0.155,0.62,4983.0,4.0,3857.0,1917.172983848862
2026-09-13 05:54:03.498,0.21360555548330942,0.155,0.62,4983.0,4.0,3857.0,1917.172983848862
2026-09-13 05:54:03.549,0.21360555548330942,0.155,0.62,4983.0,4.0,3857.0,1917.172983848862
2026-09-13 05:54:05.566,0.21360555548330942,0.155,0.62,4983.0,4.0,3857.0,1917.172983848862
2026-09-13 05:54:05.600,0.21360555548330942,0.155,0.62,4983.0,4.0,3857.0,1917.172983848862
2026-09-13 05:54:06.998,0.21360555548330942,0.155,0.62,4983.0,4.0,3857.0,1917.172983848862
2026-09-13 05:54:07.049,0.21360555548330942,0.155,0.62,4983.0,4.0,3857.0,1917.172983848862
2026-09-13 05:54:09.066,0.21360555548330942,0.155,0.62,4983.0,4.0,3857.0,1917.172983848862
2026-09-13 05:54:09.100,0.21360555548330942,0.155,0.62,4983.0,4.0,3857.0,1917.172983848862
2026-09-13 05:54:10.498,0.21360555548330942,0.155,0.62,4983.0,4.0,3857.0,1917.172983848862
2026-09-13 05:54:10.549,0.21360555548330942,0.155,0.62,4983.0,4.0,3857.0,1917.172983848862
2026-09-13 05:54:12.566,0.21360555548330942,0.155,0.62,4983.0,4.0,3857.0,1917.172983848862
2026-09-13 05:54:12.600,0.21360555548330942,0.155,0.62,4983.0,4.0,3857.0,1917.172983848862
2026-09-13 05:54:13.998,0.21360555548330942,0.155,0.62,4983.0,4.0,3857.0,1917.172983848862
2026-09-13 05:54:14.049,0.21360555548330942,0.155,0.62,4983.0,4.0,3857.0,1917.172983848862
2026-09-13 05:54:16.066,0.21360555548330942,0.155,0.62,4983.0,4.0,3857.0,1917.172983848862
2026-09-13 05:54:16.100,0.21360555548330942,0.155,0.62,4983.0,4.0,3857.0,1917.172983848862
2026-09-13 05:54:17.816,0.21360555548330942,0.155,0.62,4983.0,4.0,3857.0,1917.172983848862
2026-09-13 05:54:17.867,0.21360555548330942,0.155,0.62,4983.0,4.0,3857.0,1917.172983848862
2026-09-13 05:54:19.884,0.21360555548330942,0.155,0.62,4983.0,4.0,3857.0,1917.172983848862
2026-09-13 05:54:19.918,0.21360555548330942,0.155,0.62,4983.0,4.0,3857.0,1917.172983848862
2026-09-13 05:54:21.316,0.21360555548330942,0.155,0.62,4983.0,4.0,3857.0,1917.172983848862
2026-09-13 05:54:21.367,0.21360555548330942,0.155,0.62,4983.0,4.0,3857.0,1917.172983848862
2026-09-13 05:54:23.384,0.21360555548330942,0.155,0.62,4983.0,4.0,3857.0,1917.172983848862
2026-09-13 05:54:23.418,0.21360555548330942,0.155,0.62,4983.0,4.0,3857.0,1917.172983848862
2026-09-13 05:54:24.816,0.21360555548330942,0.155,0.62,4983.0,4.0,3857.0,1917.172983848862
2026-09-13 05:54:24.867,0.21360555548330942,0.155,0.62,4983.0,4.0,3857.0,1917.172983848862
2026-09-13 05:54:26.884,0.21360555548330942,0.155,0.62,4983.0,4.0,3857.0,1917.172983848862
2026-09-13 05:54:26.918,0.21360555548330942,0.155,0.62,4983.0,4.0,3857.0,1917.172983848862
2026-09-13 05:54:28.316,0.21360555548330942,0.155,0.62,4983.0,4.0,3857.0,1917.172983848862
2026-09-13 05:54:28.367,0.21360555548330942,0.155,0.62,4983.0,4.0,3857.0,1917.172983848862
2026-09-13 05:54:30.384,0.21360555548330942,0.155,0.62,4983.0,4.0,3857.0,1917.172983848862
2026-09-13 05:54:30.418,0.21360555548330942,0.155,0.62,4983.0,4.0,3857.0,1917.172983848862
2026-09-13 05:54:31.816,0.21360555548330942,0.155,0.62,4983.0,4.0,3857.0,1917.172983848862
2026-09-13 05:54:31.867,0.21360555548330942,0.155,0.62,4983.0,4.0,3857.0,1917.172983848862
2026-09-13 05:54:33.884,0.21360555548330942,0.155,0.62,4983.0,4.0,3857.0,1917.172983848862
2026-09-13 05:54:33.918,0.21360555548330942,0.155,0.62,4983.0,4.0,3857.0,1917.172983848862
2026-09-13 05:54:35.316,0.21360555548330942,0.155,0.62,4983.0,4.0,3857.0,1917.172983848862
2026-09-13 05:54:35.367,0.21360555548330942,0.155,0.62,4983.0,4.0,3857.0,1917.172983848862
2026-09-13 05:54:37.385,0.21360555548330942,0.155,0.62,4983.0,4.0,3857.0,1917.172983848862
2026-09-13 05:54:37.418,0.21379487832967337,0.15475,0.619,4983.0,4.0,3857.0,1917.172983848862
2026-09-13 05:54:38.816,0.21379487832967337,0.15475,0.619,4983.0,4.0,3857.0,1917.172983848862
2026-09-13 05:54:38.867,0.21379487832967337,0.15475,0.619,4983.0,4.0,3857.0,1917.172983848862
2026-09-13 05:54:40.885,0.21379487832967337,0.15475,0.619,4983.0,4.0,3857.0,1917.172983848862
2026-09-13 05:54:40.919,0.2136055554833094,0.155,0.62,4983.0,4.0,3857.0,1917.172983848862
2026-09-13 05:54:42.317,0.21410491976287352,0.15525,0.621,4983.0,4.0,3857.0,1917.172983848862
2026-09-13 05:54:42.367,0.21426774527834677,0.155,0.62,4983.0,4.0,3857.0,1917.172983848862
2026-09-13 05:54:44.385,0.21426774527834677,0.155,0.62,4983.0,4.0,3857.0,1917.172983848862
2026-09-13 05:54:44.419,0.21426774527834677,0.155,0.62,4983.0,4.0,3857.0,1917.172983848862
2026-09-13 05:54:45.817,0.21426774527834677,0.155,0.62,4983.0,4.0,3857.0,1917.172983848862
2026-09-13 05:54:45.867,0.21426774527834677,0.155,0.62,4983.0,4.0,3857.0,1917.172983848862
2026-09-13 05:54:47.885,0.21426774527834677,0.155,0.62,4983.0,4.0,3857.0,1917.172983848862
2026-09-13 05:54:47.919,0.21426774527834677,0.155,0.62,4983.0,4.0,3857.0,1917.172983848862
2026-09-13 05:54:49.317,0.21426774527834677,0.155,0.62,4983.0,4.0,3857.0,1917.172983848862
2026-09-13 05:54:49.368,0.21410491976287352,0.15525,0.621,4983.0,4.0,3857.0,1917.172983848862
2026-09-13 05:54:51.385,0.21410491976287352,0.15525,0.621,4983.0,4.0,3857.0,1917.172983848862
2026-09-13 05:54:51.419,0.21410491976287352,0.15525,0.621,4983.0,4.0,3857.0,1917.172983848862
2026-09-13 05:54:52.817,0.21410491976287352,0.15525,0.621,4983.0,4.0,3857.0,1917.172983848862
2026-09-13 05:54:52.868,0.21410491976287352,0.15525,0.621,4983.0,4.0,3857.0,1917.172983848862
2026-09-13 05:54:54.885,0.21410491976287352,0.15525,0.621,4983.0,4.0,3857.0,1917.172983848862
2026-09-13 05:54:54.919,0.21410491976287352,0.15525,0.621,4983.0,4.0,3857.0,1917.172983848862
2026-09-13 05:54:56.317,0.21360555548330937,0.155,0.62,4983.0,4.0,3857.0,1917.172983848862
2026-09-13 05:54:56.368,0.21360555548330937,0.155,0.62,4983.0,4.0,3857.0,1917.172983848862
2026-09-13 05:54:58.385,0.21360555548330937,0.155,0.62,4983.0,4.0,3857.0,1917.172983848862
2026-09-13 05:54:58.419,0.21360555548330937,0.155,0.62,4983.0,4.0,3857.0,1917.172983848862
2026-09-13 05:54:59.817,0.21360555548330937,0.155,0.62,4983.0,4.0,3857.0,1917.172983848862
2026-09-13 05:54:59.868,0.21360555548330937,0.155,0.62,4983.0,4.0,3857.0,1917.172983848862
2026-09-13 05:55:01.885,0.21360555548330937,0.155,0.62,4983.0,4.0,3857.0,1917.172983848862
2026-09-13 05:55:01.919,0.21360555548330937,0.155,0.62,4983.0,4.0,3857.0,1917.172983848862
2026-09-13 05:55:03.317,0.21360555548330937,0.155,0.62,4983.0,4.0,3857.0,1917.172983848862
2026-09-13 05:55:03.368,0.21360555548330937,0.155,0.62,4983.0,4.0,3857.0,1917.172983848862
2026-09-13 05:55:05.385,0.21360555548330937,0.155,0.62,4983.0,4.0,3857.0,1917.172983848862
2026-09-13 05:55:05.419,0.21360555548330937,0.155,0.62,4983.0,4.0,3857.0,1917.172983848862
2026-09-13 05:55:06.817,0.21360555548330937,0.155,0.62,4983.0,4.0,3857.0,1917.172983848862
2026-09-13 05:55:06.868,0.21360555548330937,0.155,0.62,4983.0,4.0,3857.0,1917.172983848862
2026-09-13 05:55:08.885,0.21360555548330937,0.155,0.62,4983.0,4.0,3857.0,1917.172983848862
2026-09-13 05:55:08.919,0.21360555548330937,0.155,0.62,4983.0,4.0,3857.0,1917.172983848862
2026-09-13 05:55:10.317,0.21360555548330937,0.155,0.62,4983.0,4.0,3857.0,1917.172983848862
2026-09-13 05:55:10.368,0.21360555548330937,0.155,0.62,4983.0,4.0,3857.0,1917.172983848862
2026-09-13 05:55:12.385,0.21360555548330937,0.155,0.62,4983.0,4.0,3857.0,1917.172983848862
2026-09-13 05:55:12.419,0.21360555548330937,0.155,0.62,4983.0,4.0,3857.0,1917.172983848862
2026-09-13 05:55:13.817,0.21360555548330937,0.155,0.62,4983.0,4.0,3857.0,1917.172983848862
2026-09-13 05:55:13.868,0.21360555548330937,0.155,0.62,4983.0,4.0,3857.0,1917.172983848862
2026-09-13 05:55:15.885,0.21360555548330937,0.155,0.62,4983.0,4.0,3857.0,1917.172983848862
2026-09-13 05:55:15.919,0.21360555548330937,0.155,0.62,4983.0,4.0,3857.0,1917.172983848862
2026-09-13 05:55:17.317,0.21360555548330937,0.155,0.62,4983.0,4.0,3857.0,1917.172983848862
2026-09-13 05:55:17.368,0.21360555548330937,0.155,0.62,4983.0,4.0,3857.0,1917.172983848862
2026-09-13 05:55:19.385,0.21360555548330937,0.155,0.62,4983.0,4.0,3857.0,1917.172983848862
2026-09-13 05:55:19.419,0.21360555548330937,0.155,0.62,4983.0,4.0,3857.0,1917.172983848862
2026-09-13 05:55:20.817,0.21360555548330937,0.155,0.62,4983.0,4.0,3857.0,1917.172983848862
2026-09-13 05:55:20.868,0.21360555548330937,0.155,0.62,4983.0,4.0,3857.0,1917.172983848862
2026-09-13 05:55:22.886,0.2134578412708229,0.15525,0.621,4983.0,4.0,3857.0,1917.172983848862
2026-09-13 05:55:22.919,0.2136476850642973,0.155,0.62,4983.0,4.0,3857.0,1917.172983848862
2026-09-13 05:55:24.317,0.2136476850642973,0.155,0.62,4983.0,4.0,3857.0,1917.172983848862
2026-09-13 05:55:24.368,0.2136476850642973,0.155,0.62,4983.0,4.0,3857.0,1917.172983848862
2026-09-13 05:55:26.386,0.2136476850642973,0.155,0.62,4983.0,4.0,3857.0,1917.172983848862
2026-09-13 05:55:26.419,0.2136476850642973,0.155,0.62,4983.0,4.0,3857.0,1917.172983848862
2026-09-13 05:55:27.817,0.2136476850642973,0.155,0.62,4983.0,4.0,3857.0,1917.172983848862
2026-09-13 05:55:27.868,0.2136476850642973,0.155,0.62,4983.0,4.0,3857.0,1917.172983848862
2026-09-13 05:55:29.886,0.2137948783296733,0.15475,0.619,4983.0,4.0,3857.0,1917.172983848862
2026-09-13 05:55:29.920,0.21360555548330937,0.155,0.62,4983.0,4.0,3857.0,1917.172983848862
2026-09-13 05:55:31.318,0.21410491976287346,0.15525,0.621,4983.0,4.0,3857.0,1917.172983848862
2026-09-13 05:55:31.368,0.21426774527834674,0.155,0.62,4983.0,4.0,3857.0,1917.172983848862
2026-09-13 05:55:33.386,0.21426774527834674,0.155,0.62,4983.0,4.0,3857.0,1917.172983848862
2026-09-13 05:55:33.420,0.21426774527834674,0.155,0.62,4983.0,4.0,3857.0,1917.172983848862
2026-09-13 05:55:34.818,0.21426774527834674,0.155,0.62,4983.0,4.0,3857.0,1917.172983848862
2026-09-13 05:55:34.868,0.21426774527834674,0.155,0.62,4983.0,4.0,3857.0,1917.172983848862
2026-09-13 05:55:36.886,0.21426774527834674,0.155,0.62,4983.0,4.0,3857.0,1917.172983848862
2026-09-13 05:55:36.920,0.21426774527834674,0.155,0.62,4983.0,4.0,3857.0,1917.172983848862
2026-09-13 05:55:38.318,0.21426774527834674,0.155,0.62,4983.0,4.0,3857.0,1917.172983848862
2026-09-13 05:55:38.368,0.21426774527834674,0.155,0.62,4983.0,4.0,3857.0,1917.172983848862
2026-09-13 05:55:40.386,0.21426774527834674,0.155,0.62,4983.0,4.0,3857.0,1917.172983848862
2026-09-13 05:55:40.420,0.21426774527834674,0.155,0.62,4983.0,4.0,3857.0,1917.172983848862
2026-09-13 05:55:41.818,0.21426774527834674,0.155,0.62,4983.0,4.0,3857.0,1917.172983848862
2026-09-13 05:55:41.869,0.21410491976287346,0.15525,0.621,4983.0,4.0,3857.0,1917.172983848862
2026-09-13 05:55:43.886,0.21410491976287346,0.15525,0.621,4983.0,4.0,3857.0,1917.172983848862
2026-09-13 05:55:43.920,0.21410491976287346,0.15525,0.621,4983.0,4.0,3857.0,1917.172983848862
2026-09-13 05:55:45.318,0.21360555548330937,0.155,0.62,4983.0,4.0,3857.0,1917.172983848862
2026-09-13 05:55:45.369,0.21360555548330937,0.155,0.62,4983.0,4.0,3857.0,1917.172983848862
2026-09-13 05:55:47.386,0.21360555548330937,0.155,0.62,4983.0,4.0,3857.0,1917.172983848862
2026-09-13 05:55:47.420,0.21360555548330937,0.155,0.62,4983.0,4.0,3857.0,1917.172983848862
2026-09-13 05:55:48.818,0.21360555548330937,0.155,0.62,4983.0,4.0,3857.0,1917.172983848862
2026-09-13 05:55:48.869,0.21360555548330937,0.155,0.62,4983.0,4.0,3857.0,1917.172983848862
2026-09-13 05:55:50.886,0.21360555548330937,0.155,0.62,4983.0,4.0,3857.0,1917.172983848862
2026-09-13 05:55:50.920,0.21360555548330937,0.155,0.62,4983.0,4.0,3857.0,1917.172983848862
2026-09-13 05:55:52.318,0.21360555548330937,0.155,0.62,4983.0,4.0,3857.0,1917.172983848862
2026-09-13 05:55:52.369,0.21360555548330937,0.155,0.62,4983.0,4.0,3857.0,1917.172983848862
2026-09-13 05:55:54.386,0.21360555548330937,0.155,0.62,4983.0,4.0,3857.0,1917.172983848862
2026-09-13 05:55:54.420,0.21360555548330937,0.155,0.62,4983.0,4.0,3857.0,1917.172983848862
2026-09-13 05:55:55.818,0.21360555548330937,0.155,0.62,4983.0,4.0,3857.0,1917.172983848862
2026-09-13 05:55:55.869,0.21360555548330937,0.155,0.62,4983.0,4.0,3857.0,1917.172983848862
2026-09-13 05:55:57.886,0.21360555548330937,0.155,0.62,4983.0,4.0,3857.0,1917.172983848862
2026-09-13 05:55:57.920,0.21360555548330937,0.155,0.62,4983.0,4.0,3857.0,1917.172983848862
2026-09-13 05:55:59.318,0.21360555548330937,0.155,0.62,4983.0,4.0,3857.0,1917.172983848862
2026-09-13 05:55:59.369,0.21360555548330937,0.155,0.62,4983.0,4.0,3857.0,1917.172983848862
2026-09-13 05:56:01.386,0.21360555548330937,0.155,0.62,4983.0,4.0,3857.0,1917.172983848862
2026-09-13 05:56:01.420,0.21360555548330937,0.155,0.62,4983.0,4.0,3857.0,1917.172983848862
2026-09-13 05:56:02.818,0.21360555548330937,0.155,0.62,4983.0,4.0,3857.0,1917.172983848862
2026-09-13 05:56:02.869,0.21360555548330937,0.155,0.62,4983.0,4.0,3857.0,1917.172983848862
2026-09-13 05:56:04.886,0.21360555548330937,0.155,0.62,4983.0,4.0,3857.0,1917.172983848862
2026-09-13 05:56:04.920,0.21360555548330937,0.155,0.62,4983.0,4.0,3857.0,1917.172983848862
2026-09-13 05:56:06.318,0.21360555548330937,0.155,0.62,4983.0,4.0,3857.0,1917.172983848862
2026-09-13 05:56:06.369,0.21360555548330937,0.155,0.62,4983.0,4.0,3857.0,1917.172983848862
2026-09-13 05:56:08.387,0.21345784127082287,0.15525,0.621,4983.0,4.0,3857.0,1917.172983848862
2026-09-13 05:56:08.421,0.21345784127082287,0.15525,0.621,4983.0,4.0,3857.0,1917.172983848862
2026-09-13 05:56:09.818,0.21345784127082287,0.15525,0.621,4983.0,4.0,3857.0,1917.172983848862
2026-09-13 05:56:09.869,0.21345784127082287,0.15525,0.621,4983.0,4.0,3857.0,1917.172983848862
2026-09-13 05:56:11.886,0.21360555548330937,0.155,0.62,4983.0,4.0,3857.0,1917.172983848862
2026-09-13 05:56:11.920,0.21360555548330937,0.155,0.62,4983.0,4.0,3857.0,1917.172983848862
2026-09-13 05:56:13.318,0.21360555548330937,0.155,0.62,4983.0,4.0,3857.0,1917.172983848862
2026-09-13 05:56:13.369,0.21360555548330937,0.155,0.62,4983.0,4.0,3857.0,1917.172983848862
2026-09-13 05:56:15.387,0.21345784127082287,0.15525,0.621,4983.0,4.0,3857.0,1917.172983848862
2026-09-13 05:56:15.420,0.21364768506429727,0.155,0.62,4983.0,4.0,3857.0,1917.172983848862
2026-09-13 05:56:16.818,0.21364768506429727,0.155,0.62,4983.0,4.0,3857.0,1917.172983848862
2026-09-13 05:56:16.869,0.21364768506429727,0.155,0.62,4983.0,4.0,3857.0,1917.172983848862
2026-09-13 05:56:18.887,0.21364768506429727,0.155,0.62,4983.0,4.0,3857.0,1917.172983848862
2026-09-13 05:56:18.920,0.21364768506429727,0.155,0.62,4983.0,4.0,3857.0,1917.172983848862
2026-09-13 05:56:20.318,0.21364768506429727,0.155,0.62,4983.0,4.0,3857.0,1917.172983848862
2026-09-13 05:56:20.369,0.21364768506429727,0.155,0.62,4983.0,4.0,3857.0,1917.172983848862
2026-09-13 05:56:22.387,0.2137948783296733,0.15475,0.619,4983.0,4.0,3857.0,1917.172983848862
2026-09-13 05:56:22.421,0.21360555548330937,0.155,0.62,4983.0,4.0,3857.0,1917.172983848862
2026-09-13 05:56:23.819,0.21410491976287346,0.15525,0.621,4983.0,4.0,3857.0,1917.172983848862
2026-09-13 05:56:23.869,0.21426774527834674,0.155,0.62,4983.0,4.0,3857.0,1917.172983848862
2026-09-13 05:56:25.887,0.21426774527834674,0.155,0.62,4983.0,4.0,3857.0,1917.172983848862
2026-09-13 05:56:25.921,0.21426774527834674,0.155,0.62,4983.0,4.0,3857.0,1917.172983848862
2026-09-13 05:56:27.319,0.21426774527834674,0.155,0.62,4983.0,4.0,3857.0,1917.172983848862
2026-09-13 05:56:27.370,0.21410491976287346,0.15525,0.621,4983.0,4.0,3857.0,1917.172983848862
2026-09-13 05:56:29.387,0.21410491976287346,0.15525,0.621,4983.0,4.0,3857.0,1917.172983848862
2026-09-13 05:56:29.421,0.21410491976287346,0.15525,0.621,4983.0,4.0,3857.0,1917.172983848862
2026-09-13 05:56:30.819,0.21410491976287346,0.15525,0.621,4983.0,4.0,3857.0,1917.172983848862
2026-09-13 05:56:30.870,0.21410491976287346,0.15525,0.621,4983.0,4.0,3857.0,1917.172983848862
2026-09-13 05:56:32.887,0.21410491976287346,0.15525,0.621,4983.0,4.0,3857.0,1917.172983848862
2026-09-13 05:56:32.921,0.21410491976287346,0.15525,0.621,4983.0,4.0,3857.0,1917.172983848862
2026-09-13 05:56:34.319,0.21410491976287346,0.15525,0.621,4983.0,4.0,3857.0,1917.172983848862
2026-09-13 05:56:34.370,0.21410491976287346,0.15525,0.621,4983.0,4.0,3857.0,1917.172983848862
2026-09-13 05:56:36.387,0.21410491976287346,0.15525,0.621,4983.0,4.0,3857.0,1917.172983848862
2026-09-13 05:56:36.421,0.21410491976287346,0.15525,0.621,4983.0,4.0,3857.0,1917.172983848862
2026-09-13 05:56:37.819,0.2136055554833093,0.155,0.62,4983.0,4.0,3857.0,1917.172983848862
2026-09-13 05:56:37.870,0.2136055554833093,0.155,0.62,4983.0,4.0,3857.0,1917.172983848862
2026-09-13 05:56:39.887,0.2136055554833093,0.155,0.62,4983.0,4.0,3857.0,1917.172983848862
2026-09-13 05:56:39.921,0.2136055554833093,0.155,0.62,4983.0,4.0,3857.0,1917.172983848862
2026-09-13 05:56:41.319,0.2136055554833093,0.155,0.62,4983.0,4.0,3857.0,1917.172983848862
2026-09-13 05:56:41.370,0.2136055554833093,0.155,0.62,4983.0,4.0,3857.0,1917.172983848862
2026-09-13 05:56:43.387,0.2136055554833093,0.155,0.62,4983.0,4.0,3857.0,1917.172983848862
2026-09-13 05:56:43.421,0.2136055554833093,0.155,0.62,4983.0,4.0,3857.0,1917.172983848862
2026-09-13 05:56:44.819,0.2136055554833093,0.155,0.62,4983.0,4.0,3857.0,1917.172983848862
2026-09-13 05:56:44.870,0.2136055554833093,0.155,0.62,4983.0,4.0,3857.0,1917.172983848862
2026-09-13 05:56:46.887,0.2136055554833093,0.155,0.62,4983.0,4.0,3857.0,1917.172983848862
2026-09-13 05:56:46.921,0.2136055554833093,0.155,0.62,4983.0,4.0,3857.0,1917.172983848862
2026-09-13 05:56:48.319,0.2136055554833093,0.155,0.62,4983.0,4.0,3857.0,1917.172983848862
2026-09-13 05:56:48.370,0.2136055554833093,0.155,0.62,4983.0,4.0,3857.0,1917.172983848862
2026-09-13 05:56:50.387,0.2136055554833093,0.155,0.62,4983.0,4.0,3857.0,1917.172983848862
2026-09-13 05:56:50.421,0.2136055554833093,0.155,0.62,4983.0,4.0,3857.0,1917.172983848862
2026-09-13 05:56:51.819,0.2136055554833093,0.155,0.62,4983.0,4.0,3857.0,1917.172983848862
2026-09-13 05:56:51.870,0.2136055554833093,0.155,0.62,4983.0,4.0,3857.0,1917.172983848862
2026-09-13 05:56:53.887,0.2136055554833093,0.155,0.62,4983.0,4.0,3857.0,1917.172983848862
2026-09-13 05:56:53.921,0.2136055554833093,0.155,0.62,4983.0,4.0,3857.0,1917.172983848862
2026-09-13 05:56:55.319,0.2136055554833093,0.155,0.62,4983.0,4.0,3857.0,1917.172983848862
2026-09-13 05:56:55.370,0.2136055554833093,0.155,0.62,4983.0,4.0,3857.0,1917.172983848862
2026-09-13 05:56:57.388,0.21345784127082285,0.15525,0.621,4983.0,4.0,3857.0,1917.172983848862
2026-09-13 05:56:57.422,0.21345784127082285,0.15525,0.621,4983.0,4.0,3857.0,1917.172983848862
2026-09-13 05:56:58.819,0.21345784127082285,0.15525,0.621,4983.0,4.0,3857.0,1917.172983848862
2026-09-13 05:56:58.870,0.21345784127082285,0.15525,0.621,4983.0,4.0,3857.0,1917.172983848862
2026-09-13 05:57:00.887,0.2136055554833093,0.155,0.62,4983.0,4.0,3857.0,1917.172983848862
2026-09-13 05:57:00.921,0.2136055554833093,0.155,0.62,4983.0,4.0,3857.0,1917.172983848862
2026-09-13 05:57:02.319,0.2136055554833093,0.155,0.62,4983.0,4.0,3857.0,1917.172983848862
2026-09-13 05:57:02.370,0.2136055554833093,0.155,0.62,4983.0,4.0,3857.0,1917.172983848862
2026-09-13 05:57:04.387,0.2136055554833093,0.155,0.62,4983.0,4.0,3857.0,1917.172983848862
2026-09-13 05:57:04.421,0.2136055554833093,0.155,0.62,4983.0,4.0,3857.0,1917.172983848862
2026-09-13 05:57:05.819,0.2136055554833093,0.155,0.62,4983.0,4.0,3857.0,1917.172983848862
2026-09-13 05:57:05.870,0.2136055554833093,0.155,0.62,4983.0,4.0,3857.0,1917.172983848862
2026-09-13 05:57:07.888,0.21345784127082285,0.15525,0.621,4983.0,4.0,3857.0,1917.172983848862
2026-09-13 05:57:07.921,0.21364768506429724,0.155,0.62,4983.0,4.0,3857.0,1917.172983848862
2026-09-13 05:57:09.319,0.21364768506429724,0.155,0.62,4983.0,4.0,3857.0,1917.172983848862
2026-09-13 05:57:09.370,0.21364768506429724,0.155,0.62,4983.0,4.0,3857.0,1917.172983848862
2026-09-13 05:57:11.388,0.21379487832967328,0.15475,0.619,4983.0,4.0,3857.0,1917.172983848862
2026-09-13 05:57:11.422,0.2136055554833093,0.155,0.62,4983.0,4.0,3857.0,1917.172983848862
2026-09-13 05:57:12.819,0.2136055554833093,0.155,0.62,4983.0,4.0,3857.0,1917.172983848862
2026-09-13 05:57:12.870,0.2136055554833093,0.155,0.62,4983.0,4.0,3857.0,1917.172983848862
2026-09-13 05:57:14.888,0.2136055554833093,0.155,0.62,4983.0,4.0,3857.0,1917.172983848862
2026-09-13 05:57:14.922,0.2136055554833093,0.155,0.62,4983.0,4.0,3857.0,1917.172983848862
2026-09-13 05:57:16.320,0.21410491976287344,0.15525,0.621,4983.0,4.0,3857.0,1917.172983848862
2026-09-13 05:57:16.370,0.21426774527834672,0.155,0.62,4983.0,4.0,3857.0,1917.172983848862
2026-09-13 05:57:18.388,0.21426774527834672,0.155,0.62,4983.0,4.0,3857.0,1917.172983848862
2026-09-13 05:57:18.422,0.21426774527834672,0.155,0.62,4983.0,4.0,3857.0,1917.172983848862
2026-09-13 05:57:19.820,0.2142677452783467,0.155,0.62,4983.0,4.0,3857.0,1917.172983848862
2026-09-13 05:57:19.871,0.2141049197628734,0.15525,0.621,4983.0,4.0,3857.0,1917.172983848862
2026-09-13 05:57:21.888,0.2141049197628734,0.15525,0.621,4983.0,4.0,3857.0,1917.172983848862
2026-09-13 05:57:21.922,0.2141049197628734,0.15525,0.621,4983.0,4.0,3857.0,1917.172983848862
2026-09-13 05:57:23.320,0.2141049197628734,0.15525,0.621,4983.0,4.0,3857.0,1917.172983848862
2026-09-13 05:57:23.371,0.2141049197628734,0.15525,0.621,4983.0,4.0,3857.0,1917.172983848862
2026-09-13 05:57:25.388,0.2141049197628734,0.15525,0.621,4983.0,4.0,3857.0,1917.172983848862
2026-09-13 05:57:25.422,0.2141049197628734,0.15525,0.621,4983.0,4.0,3857.0,1917.172983848862
2026-09-13 05:57:26.820,0.12828711288875871,0.11225,0.449,4983.0,4.0,3857.0,1917.172983848862
2026-09-13 05:57:26.870,0.12844713568883678,0.112,0.448,4983.0,4.0,3857.0,1917.172983848862
2026-09-13 05:57:28.888,0.12844713568883678,0.112,0.448,4983.0,4.0,3857.0,1917.172983848862
2026-09-13 05:57:28.922,0.12844713568883678,0.112,0.448,4983.0,4.0,3857.0,1917.172983848862
2026-09-13 05:57:30.320,0.21376837153018324,0.15475,0.619,4983.0,4.0,3857.0,1917.172983848862
2026-09-13 05:57:30.371,0.2136055554833093,0.155,0.62,4983.0,4.0,3857.0,1917.172983848862
2026-09-13 05:57:32.388,0.2136055554833093,0.155,0.62,4983.0,4.0,3857.0,1917.172983848862
2026-09-13 05:57:32.422,0.2136055554833093,0.155,0.62,4983.0,4.0,3857.0,1917.172983848862
2026-09-13 05:57:33.820,0.2136055554833093,0.155,0.62,4983.0,4.0,3857.0,1917.172983848862
2026-09-13 05:57:33.871,0.2136055554833093,0.155,0.62,4983.0,4.0,3857.0,1917.172983848862
2026-09-13 05:57:35.888,0.2136055554833093,0.155,0.62,4983.0,4.0,3857.0,1917.172983848862
2026-09-13 05:57:35.922,0.2136055554833093,0.155,0.62,4983.0,4.0,3857.0,1917.172983848862
2026-09-13 05:57:37.320,0.2136055554833093,0.155,0.62,4983.0,4.0,3857.0,1917.172983848862
2026-09-13 05:57:37.371,0.2136055554833093,0.155,0.62,4983.0,4.0,3857.0,1917.172983848862
2026-09-13 05:57:39.388,0.2136055554833093,0.155,0.62,4983.0,4.0,3857.0,1917.172983848862
2026-09-13 05:57:39.422,0.2136055554833093,0.155,0.62,4983.0,4.0,3857.0,1917.172983848862
2026-09-13 05:57:40.820,0.2136055554833093,0.155,0.62,4983.0,4.0,3857.0,1917.172983848862
2026-09-13 05:57:40.871,0.2136055554833093,0.155,0.62,4983.0,4.0,3857.0,1917.172983848862
2026-09-13 05:57:42.888,0.2136055554833093,0.155,0.62,4983.0,4.0,3857.0,1917.172983848862
2026-09-13 05:57:42.922,0.2136055554833093,0.155,0.62,4983.0,4.0,3857.0,1917.172983848862
2026-09-13 05:57:44.320,0.2136055554833093,0.155,0.62,4983.0,4.0,3857.0,1917.172983848862
2026-09-13 05:57:44.371,0.2136055554833093,0.155,0.62,4983.0,4.0,3857.0,1917.172983848862
2026-09-13 05:57:46.388,0.2136055554833093,0.155,0.62,4983.0,4.0,3857.0,1917.172983848862
2026-09-13 05:57:46.422,0.2136055554833093,0.155,0.62,4983.0,4.0,3857.0,1917.172983848862
2026-09-13 05:57:47.820,0.026158172719052457,0.06025,0.241,4983.0,4.0,3857.0,1917.172983848862
2026-09-13 05:57:47.870,0.026280537792565183,0.06,0.24,4983.0,4.0,3857.0,1917.172983848862
2026-09-13 05:57:49.888,0.026280537792565183,0.06,0.24,4983.0,4.0,3857.0,1917.172983848862
2026-09-13 05:57:49.922,0.026280537792565183,0.06,0.24,4983.0,4.0,3857.0,1917.172983848862
2026-09-13 05:57:51.320,0.21376837153018327,0.15475,0.619,4983.0,4.0,3857.0,1917.172983848862
2026-09-13 05:57:51.371,0.2136055554833093,0.155,0.62,4983.0,4.0,3857.0,1917.172983848862
2026-09-13 05:57:53.388,0.2136055554833093,0.155,0.62,4983.0,4.0,3857.0,1917.172983848862
2026-09-13 05:57:53.422,0.2136055554833093,0.155,0.62,4983.0,4.0,3857.0,1917.172983848862
2026-09-13 05:57:54.820,0.2136055554833093,0.155,0.62,4983.0,4.0,3857.0,1917.172983848862
2026-09-13 05:57:54.871,0.2136055554833093,0.155,0.62,4983.0,4.0,3857.0,1917.172983848862
2026-09-13 05:57:56.889,0.21345784127082285,0.15525,0.621,4983.0,4.0,3857.0,1917.172983848862
2026-09-13 05:57:56.922,0.21364768506429724,0.155,0.62,4983.0,4.0,3857.0,1917.172983848862
2026-09-13 05:57:58.320,0.21364768506429724,0.155,0.62,4983.0,4.0,3857.0,1917.172983848862
2026-09-13 05:57:58.371,0.21364768506429724,0.155,0.62,4983.0,4.0,3857.0,1917.172983848862
2026-09-13 05:58:00.389,0.21364768506429724,0.155,0.62,4983.0,4.0,3857.0,1917.172983848862
2026-09-13 05:58:00.423,0.21345784127082285,0.15525,0.621,4983.0,4.0,3857.0,1917.172983848862
2026-09-13 05:58:01.820,0.21345784127082285,0.15525,0.621,4983.0,4.0,3857.0,1917.172983848862
2026-09-13 05:58:01.871,0.21345784127082285,0.15525,0.621,4983.0,4.0,3857.0,1917.172983848862
2026-09-13 05:58:03.889,0.2136055554833093,0.155,0.62,4983.0,4.0,3857.0,1917.172983848862
2026-09-13 05:58:03.923,0.2136055554833093,0.155,0.62,4983.0,4.0,3857.0,1917.172983848862
2026-09-13 05:58:05.321,0.21410491976287344,0.15525,0.621,4983.0,4.0,3857.0,1917.172983848862
2026-09-13 05:58:05.371,0.21426774527834672,0.155,0.62,4983.0,4.0,3857.0,1917.172983848862
2026-09-13 05:58:07.389,0.21426774527834672,0.155,0.62,4983.0,4.0,3857.0,1917.172983848862
2026-09-13 05:58:07.423,0.21426774527834672,0.155,0.62,4983.0,4.0,3857.0,1917.172983848862
2026-09-13 05:58:08.821,0.2142677452783467,0.155,0.62,4983.0,4.0,3857.0,1917.172983848862
2026-09-13 05:58:08.872,0.2141049197628734,0.15525,0.621,4983.0,4.0,3857.0,1917.172983848862
2026-09-13 05:58:10.889,0.2141049197628734,0.15525,0.621,4983.0,4.0,3857.0,1917.172983848862
2026-09-13 05:58:10.923,0.2141049197628734,0.15525,0.621,4983.0,4.0,3857.0,1917.172983848862
2026-09-13 05:58:12.321,0.2141049197628734,0.15525,0.621,4983.0,4.0,3857.0,1917.172983848862
2026-09-13 05:58:12.372,0.2141049197628734,0.15525,0.621,4983.0,4.0,3857.0,1917.172983848862
2026-09-13 05:58:14.389,0.2141049197628734,0.15525,0.621,4983.0,4.0,3857.0,1917.172983848862
2026-09-13 05:58:14.423,0.2141049197628734,0.15525,0.621,4983.0,4.0,3857.0,1917.172983848862
2026-09-13 05:58:15.821,0.2141049197628734,0.15525,0.621,4983.0,4.0,3857.0,1917.172983848862
2026-09-13 05:58:15.872,0.2141049197628734,0.15525,0.621,4983.0,4.0,3857.0,1917.172983848862
2026-09-13 05:58:17.889,0.2141049197628734,0.15525,0.621,4983.0,4.0,3857.0,1917.172983848862
2026-09-13 05:58:17.923,0.2141049197628734,0.15525,0.621,4983.0,4.0,3857.0,1917.172983848862
2026-09-13 05:58:19.321,0.21360555548330928,0.155,0.62,4983.0,4.0,3857.0,1917.172983848862
2026-09-13 05:58:19.372,0.21360555548330928,0.155,0.62,4983.0,4.0,3857.0,1917.172983848862
2026-09-13 05:58:21.389,0.21360555548330928,0.155,0.62,4983.0,4.0,3857.0,1917.172983848862
2026-09-13 05:58:21.423,0.21360555548330928,0.155,0.62,4983.0,4.0,3857.0,1917.172983848862
2026-09-13 05:58:22.821,0.21360555548330928,0.155,0.62,4983.0,4.0,3857.0,1917.172983848862
2026-09-13 05:58:22.872,0.21360555548330928,0.155,0.62,4983.0,4.0,3857.0,1917.172983848862
2026-09-13 05:58:24.889,0.21360555548330928,0.155,0.62,4983.0,4.0,3857.0,1917.172983848862
2026-09-13 05:58:24.923,0.21360555548330928,0.155,0.62,4983.0,4.0,3857.0,1917.172983848862
2026-09-13 05:58:26.321,0.21360555548330928,0.155,0.62,4983.0,4.0,3857.0,1917.172983848862
2026-09-13 05:58:26.372,0.21360555548330928,0.155,0.62,4983.0,4.0,3857.0,1917.172983848862
2026-09-13 05:58:28.389,0.21360555548330928,0.155,0.62,4983.0,4.0,3857.0,1917.172983848862
2026-09-13 05:58:28.423,0.21360555548330928,0.155,0.62,4983.0,4.0,3857.0,1917.172983848862
2026-09-13 05:58:29.821,0.21360555548330928,0.155,0.62,4983.0,4.0,3857.0,1917.172983848862
2026-09-13 05:58:29.872,0.21360555548330928,0.155,0.62,4983.0,4.0,3857.0,1917.172983848862
2026-09-13 05:58:31.938,0.21360555548330928,0.155,0.62,4983.0,4.0,3857.0,1917.172983848862
2026-09-13 05:58:31.972,0.21360555548330928,0.155,0.62,4983.0,4.0,3857.0,1917.172983848862
2026-09-13 05:58:33.370,0.21360555548330928,0.155,0.62,4983.0,4.0,3857.0,1917.172983848862
2026-09-13 05:58:33.421,0.21360555548330928,0.155,0.62,4983.0,4.0,3857.0,1917.172983848862
2026-09-13 05:58:35.553,0.21360555548330928,0.155,0.62,4983.0,4.0,3857.0,1917.172983848862
2026-09-13 05:58:35.587,0.21360555548330928,0.155,0.62,4983.0,4.0,3857.0,1917.172983848862
2026-09-13 05:58:36.870,0.21360555548330928,0.155,0.62,4983.0,4.0,3857.0,1917.172983848862
2026-09-13 05:58:36.921,0.21360555548330928,0.155,0.62,4983.0,4.0,3857.0,1917.172983848862
2026-09-13 05:58:38.938,0.21360555548330928,0.155,0.62,4983.0,4.0,3857.0,1917.172983848862
2026-09-13 05:58:38.972,0.21360555548330928,0.155,0.62,4983.0,4.0,3857.0,1917.172983848862
2026-09-13 05:58:40.370,0.21360555548330928,0.155,0.62,4983.0,4.0,3857.0,1917.172983848862
2026-09-13 05:58:40.421,0.21360555548330928,0.155,0.62,4983.0,4.0,3857.0,1917.172983848862
2026-09-13 05:58:42.438,0.21360555548330928,0.155,0.62,4983.0,4.0,3857.0,1917.172983848862
2026-09-13 05:58:42.472,0.21360555548330928,0.155,0.62,4983.0,4.0,3857.0,1917.172983848862
2026-09-13 05:58:43.870,0.21360555548330928,0.155,0.62,4983.0,4.0,3857.0,1917.172983848862
2026-09-13 05:58:43.921,0.21360555548330928,0.155,0.62,4983.0,4.0,3857.0,1917.172983848862
2026-09-13 05:58:45.939,0.21345784127082282,0.15525,0.621,4983.0,4.0,3857.0,1917.172983848862
2026-09-13 05:58:45.972,0.2136476850642972,0.155,0.62,4983.0,4.0,3857.0,1917.172983848862
2026-09-13 05:58:47.370,0.2136476850642972,0.155,0.62,4983.0,4.0,3857.0,1917.172983848862
2026-09-13 05:58:47.421,0.2136476850642972,0.155,0.62,4983.0,4.0,3857.0,1917.172983848862
2026-09-13 05:58:49.439,0.21379487832967323,0.15475,0.619,4983.0,4.0,3857.0,1917.172983848862
2026-09-13 05:58:49.473,0.21360555548330928,0.155,0.62,4983.0,4.0,3857.0,1917.172983848862
2026-09-13 05:58:50.871,0.17566445286397528,0.136,0.544,4983.0,4.0,3857.0,1917.172983848862
2026-09-13 05:58:50.920,0.17598958302505613,0.1355,0.542,4983.0,4.0,3857.0,1917.172983848862
2026-09-13 05:58:52.939,0.17598958302505613,0.1355,0.542,4983.0,4.0,3857.0,1917.172983848862
2026-09-13 05:58:52.973,0.17598958302505613,0.1355,0.542,4983.0,4.0,3857.0,1917.172983848862
2026-09-13 05:58:54.371,0.21443161303004382,0.15475,0.619,4983.0,4.0,3857.0,1917.172983848862
2026-09-13 05:58:54.421,0.2142677452783467,0.155,0.62,4983.0,4.0,3857.0,1917.172983848862
2026-09-13 05:58:56.439,0.2142677452783467,0.155,0.62,4983.0,4.0,3857.0,1917.172983848862
2026-09-13 05:58:56.473,0.2142677452783467,0.155,0.62,4983.0,4.0,3857.0,1917.172983848862
2026-09-13 05:58:57.871,0.21376837153018324,0.15475,0.619,4983.0,4.0,3857.0,1917.172983848862
2026-09-13 05:58:57.922,0.21360555548330928,0.155,0.62,4983.0,4.0,3857.0,1917.172983848862
2026-09-13 05:58:59.939,0.21360555548330928,0.155,0.62,4983.0,4.0,3857.0,1917.172983848862
2026-09-13 05:58:59.973,0.21360555548330928,0.155,0.62,4983.0,4.0,3857.0,1917.172983848862
2026-09-13 05:59:01.371,0.21360555548330928,0.155,0.62,4983.0,4.0,3857.0,1917.172983848862
2026-09-13 05:59:01.422,0.21360555548330928,0.155,0.62,4983.0,4.0,3857.0,1917.172983848862
2026-09-13 05:59:03.439,0.21360555548330928,0.155,0.62,4983.0,4.0,3857.0,1917.172983848862
2026-09-13 05:59:03.473,0.21360555548330928,0.155,0.62,4983.0,4.0,3857.0,1917.172983848862
2026-09-13 05:59:04.871,0.21360555548330928,0.155,0.62,4983.0,4.0,3857.0,1917.172983848862
2026-09-13 05:59:04.922,0.21360555548330928,0.155,0.62,4983.0,4.0,3857.0,1917.172983848862
2026-09-13 05:59:06.939,0.21360555548330928,0.155,0.62,4983.0,4.0,3857.0,1917.172983848862
2026-09-13 05:59:06.973,0.21360555548330928,0.155,0.62,4983.0,4.0,3857.0,1917.172983848862
2026-09-13 05:59:08.371,0.21360555548330928,0.155,0.62,4983.0,4.0,3857.0,1917.172983848862
2026-09-13 05:59:08.422,0.21360555548330928,0.155,0.62,4983.0,4.0,3857.0,1917.172983848862
2026-09-13 05:59:10.439,0.21360555548330928,0.155,0.62,4983.0,4.0,3857.0,1917.172983848862
2026-09-13 05:59:10.473,0.21360555548330928,0.155,0.62,4983.0,4.0,3857.0,1917.172983848862
2026-09-13 05:59:11.871,0.21360555548330928,0.155,0.62,4983.0,4.0,3857.0,1917.172983848862
2026-09-13 05:59:11.922,0.21360555548330928,0.155,0.62,4983.0,4.0,3857.0,1917.172983848862
2026-09-13 05:59:13.939,0.21360555548330928,0.155,0.62,4983.0,4.0,3857.0,1917.172983848862
2026-09-13 05:59:13.973,0.21360555548330928,0.155,0.62,4983.0,4.0,3857.0,1917.172983848862
2026-09-13 05:59:15.371,0.21360555548330928,0.155,0.62,4983.0,4.0,3857.0,1917.172983848862
2026-09-13 05:59:15.422,0.21360555548330928,0.155,0.62,4983.0,4.0,3857.0,1917.172983848862
2026-09-13 05:59:17.440,0.21345784127082282,0.15525,0.621,4983.0,4.0,3857.0,1917.172983848862
2026-09-13 05:59:17.474,0.21345784127082282,0.15525,0.621,4983.0,4.0,3857.0,1917.172983848862
2026-09-13 05:59:18.871,0.21345784127082282,0.15525,0.621,4983.0,4.0,3857.0,1917.172983848862
2026-09-13 05:59:18.922,0.21345784127082282,0.15525,0.621,4983.0,4.0,3857.0,1917.172983848862
2026-09-13 05:59:20.940,0.21360555548330928,0.155,0.62,4983.0,4.0,3857.0,1917.172983848862
2026-09-13 05:59:20.973,0.21379487832967325,0.15475,0.619,4983.0,4.0,3857.0,1917.172983848862
2026-09-13 05:59:22.372,0.2142941903085564,0.155,0.62,4983.0,4.0,3857.0,1917.172983848862
2026-09-13 05:59:22.423,0.2142941903085564,0.155,0.62,4983.0,4.0,3857.0,1917.172983848862
2026-09-13 05:59:24.440,0.21429419030855637,0.155,0.62,4983.0,4.0,3857.0,1917.172983848862
2026-09-13 05:59:24.474,0.21410491976287338,0.15525,0.621,4983.0,4.0,3857.0,1917.172983848862
2026-09-13 05:59:25.872,0.21410491976287338,0.15525,0.621,4983.0,4.0,3857.0,1917.172983848862
2026-09-13 05:59:25.923,0.21410491976287338,0.15525,0.621,4983.0,4.0,3857.0,1917.172983848862
2026-09-13 05:59:27.940,0.21410491976287338,0.15525,0.621,4983.0,4.0,3857.0,1917.172983848862
2026-09-13 05:59:27.974,0.21410491976287338,0.15525,0.621,4983.0,4.0,3857.0,1917.172983848862
2026-09-13 05:59:29.372,0.21410491976287338,0.15525,0.621,4983.0,4.0,3857.0,1917.172983848862
2026-09-13 05:59:29.423,0.21410491976287338,0.15525,0.621,4983.0,4.0,3857.0,1917.172983848862
2026-09-13 05:59:31.440,0.21410491976287338,0.15525,0.621,4983.0,4.0,3857.0,1917.172983848862
2026-09-13 05:59:31.474,0.21410491976287338,0.15525,0.621,4983.0,4.0,3857.0,1917.172983848862
2026-09-13 05:59:32.872,0.21360555548330926,0.155,0.62,4983.0,4.0,3857.0,1917.172983848862
2026-09-13 05:59:32.923,0.21360555548330926,0.155,0.62,4983.0,4.0,3857.0,1917.172983848862
2026-09-13 05:59:34.940,0.21360555548330926,0.155,0.62,4983.0,4.0,3857.0,1917.172983848862
2026-09-13 05:59:34.974,0.21360555548330926,0.155,0.62,4983.0,4.0,3857.0,1917.172983848862
2026-09-13 05:59:36.372,0.21360555548330926,0.155,0.62,4983.0,4.0,3857.0,1917.172983848862
2026-09-13 05:59:36.423,0.21360555548330926,0.155,0.62,4983.0,4.0,3857.0,1917.172983848862
2026-09-13 05:59:38.440,0.21360555548330926,0.155,0.62,4983.0,4.0,3857.0,1917.172983848862
2026-09-13 05:59:38.474,0.21360555548330926,0.155,0.62,4983.0,4.0,3857.0,1917.172983848862
2026-09-13 05:59:39.872,0.21360555548330926,0.155,0.62,4983.0,4.0,3857.0,1917.172983848862
2026-09-13 05:59:39.923,0.21360555548330926,0.155,0.62,4983.0,4.0,3857.0,1917.172983848862
2026-09-13 05:59:41.940,0.21360555548330926,0.155,0.62,4983.0,4.0,3857.0,1917.172983848862
2026-09-13 05:59:41.974,0.21360555548330926,0.155,0.62,4983.0,4.0,3857.0,1917.172983848862
2026-09-13 05:59:43.372,0.21360555548330926,0.155,0.62,4983.0,4.0,3857.0,1917.172983848862
2026-09-13 05:59:43.423,0.21360555548330926,0.155,0.62,4983.0,4.0,3857.0,1917.172983848862
2026-09-13 05:59:45.440,0.21360555548330926,0.155,0.62,4983.0,4.0,3857.0,1917.172983848862
2026-09-13 05:59:45.474,0.21360555548330926,0.155,0.62,4983.0,4.0,3857.0,1917.172983848862
2026-09-13 05:59:46.872,0.21360555548330926,0.155,0.62,4983.0,4.0,3857.0,1917.172983848862
2026-09-13 05:59:46.923,0.21360555548330926,0.155,0.62,4983.0,4.0,3857.0,1917.172983848862
2026-09-13 05:59:48.940,0.21360555548330926,0.155,0.62,4983.0,4.0,3857.0,1917.172983848862
2026-09-13 05:59:48.974,0.21360555548330926,0.155,0.62,4983.0,4.0,3857.0,1917.172983848862
2026-09-13 05:59:50.372,0.21360555548330926,0.155,0.62,4983.0,4.0,3857.0,1917.172983848862
2026-09-13 05:59:50.423,0.21360555548330926,0.155,0.62,4983.0,4.0,3857.0,1917.172983848862
2026-09-13 05:59:52.441,0.21360555548330926,0.155,0.62,4983.0,4.0,3857.0,1917.172983848862
2026-09-13 05:59:52.475,0.21360555548330926,0.155,0.62,4983.0,4.0,3857.0,1917.172983848862
2026-09-13 05:59:53.873,0.21410491976287338,0.15525,0.621,4983.0,4.0,3857.0,1917.172983848862
2026-09-13 05:59:53.923,0.21426774527834663,0.155,0.62,4983.0,4.0,3857.0,1917.172983848862
2026-09-13 05:59:55.941,0.21426774527834663,0.155,0.62,4983.0,4.0,3857.0,1917.172983848862
2026-09-13 05:59:55.975,0.21426774527834663,0.155,0.62,4983.0,4.0,3857.0,1917.172983848862
2026-09-13 05:59:57.373,0.21426774527834663,0.155,0.62,4983.0,4.0,3857.0,1917.172983848862
2026-09-13 05:59:57.423,0.21426774527834663,0.155,0.62,4983.0,4.0,3857.0,1917.172983848862
2026-09-13 05:59:59.441,0.21426774527834663,0.155,0.62,4983.0,4.0,3857.0,1917.172983848862
2026-09-13 05:59:59.475,0.21426774527834663,0.155,0.62,4983.0,4.0,3857.0,1917.172983848862
2026-09-13 06:00:00.873,0.21376837153018322,0.15475,0.619,4983.0,4.0,3857.0,1917.172983848862
2026-09-13 06:00:00.924,0.21360555548330926,0.155,0.62,4983.0,4.0,3857.0,1917.172983848862
2026-09-13 06:00:02.941,0.21360555548330926,0.155,0.62,4983.0,4.0,3857.0,1917.172983848862
2026-09-13 06:00:02.975,0.21360555548330926,0.155,0.62,4983.0,4.0,3857.0,1917.172983848862
2026-09-13 06:00:04.373,0.21360555548330926,0.155,0.62,4983.0,4.0,3857.0,1917.172983848862
2026-09-13 06:00:04.424,0.21360555548330926,0.155,0.62,4983.0,4.0,3857.0,1917.172983848862
2026-09-13 06:00:06.441,0.21360555548330926,0.155,0.62,4983.0,4.0,3857.0,1917.172983848862
2026-09-13 06:00:06.475,0.21360555548330926,0.155,0.62,4983.0,4.0,3857.0,1917.172983848862
2026-09-13 06:00:07.873,0.21360555548330926,0.155,0.62,4983.0,4.0,3857.0,1917.172983848862
2026-09-13 06:00:07.924,0.21360555548330926,0.155,0.62,4983.0,4.0,3857.0,1917.172983848862
2026-09-13 06:00:09.941,0.21360555548330926,0.155,0.62,4983.0,4.0,3857.0,1917.172983848862
2026-09-13 06:00:09.975,0.21360555548330926,0.155,0.62,4983.0,4.0,3857.0,1917.172983848862
2026-09-13 06:00:11.373,0.21360555548330926,0.155,0.62,4983.0,4.0,3857.0,1917.172983848862
2026-09-13 06:00:11.424,0.21360555548330926,0.155,0.62,4983.0,4.0,3857.0,1917.172983848862
2026-09-13 06:00:13.441,0.21360555548330926,0.155,0.62,4983.0,4.0,3857.0,1917.172983848862
2026-09-13 06:00:13.475,0.21360555548330926,0.155,0.62,4983.0,4.0,3857.0,1917.172983848862
2026-09-13 06:00:14.873,0.21360555548330926,0.155,0.62,4983.0,4.0,3857.0,1917.172983848862
2026-09-13 06:00:14.924,0.21360555548330926,0.155,0.62,4983.0,4.0,3857.0,1917.172983848862
2026-09-13 06:00:16.941,0.21360555548330926,0.155,0.62,4983.0,4.0,3857.0,1917.172983848862
2026-09-13 06:00:16.975,0.21360555548330926,0.155,0.62,4983.0,4.0,3857.0,1917.172983848862
2026-09-13 06:00:18.373,0.21360555548330926,0.155,0.62,4983.0,4.0,3857.0,1917.172983848862
2026-09-13 06:00:18.424,0.21360555548330926,0.155,0.62,4983.0,4.0,3857.0,1917.172983848862
2026-09-13 06:00:20.442,0.2134578412708228,0.15525,0.621,4983.0,4.0,3857.0,1917.172983848862
2026-09-13 06:00:20.475,0.21364768506429715,0.155,0.62,4983.0,4.0,3857.0,1917.172983848862
2026-09-13 06:00:21.873,0.21364768506429715,0.155,0.62,4983.0,4.0,3857.0,1917.172983848862
2026-09-13 06:00:21.924,0.21364768506429715,0.155,0.62,4983.0,4.0,3857.0,1917.172983848862
2026-09-13 06:00:23.942,0.2137948783296732,0.15475,0.619,4983.0,4.0,3857.0,1917.172983848862
2026-09-13 06:00:23.975,0.2137948783296732,0.15475,0.619,4983.0,4.0,3857.0,1917.172983848862
2026-09-13 06:00:25.373,0.2137948783296732,0.15475,0.619,4983.0,4.0,3857.0,1917.172983848862
2026-09-13 06:00:25.424,0.2137948783296732,0.15475,0.619,4983.0,4.0,3857.0,1917.172983848862
2026-09-13 06:00:27.442,0.2137948783296732,0.15475,0.619,4983.0,4.0,3857.0,1917.172983848862
2026-09-13 06:00:27.476,0.21360555548330923,0.155,0.62,4983.0,4.0,3857.0,1917.172983848862
2026-09-13 06:00:28.874,0.21410491976287332,0.15525,0.621,4983.0,4.0,3857.0,1917.172983848862
2026-09-13 06:00:28.925,0.21410491976287332,0.15525,0.621,4983.0,4.0,3857.0,1917.172983848862
2026-09-13 06:00:30.942,0.21410491976287332,0.15525,0.621,4983.0,4.0,3857.0,1917.172983848862
2026-09-13 06:00:30.976,0.21410491976287332,0.15525,0.621,4983.0,4.0,3857.0,1917.172983848862
2026-09-13 06:00:32.374,0.21410491976287332,0.15525,0.621,4983.0,4.0,3857.0,1917.172983848862
2026-09-13 06:00:32.425,0.21410491976287332,0.15525,0.621,4983.0,4.0,3857.0,1917.172983848862
2026-09-13 06:00:34.442,0.21410491976287332,0.15525,0.621,4983.0,4.0,3857.0,1917.172983848862
2026-09-13 06:00:34.476,0.21410491976287332,0.15525,0.621,4983.0,4.0,3857.0,1917.172983848862
2026-09-13 06:00:35.874,0.15221558176919037,0.12425,0.497,4983.0,4.0,3857.0,1917.172983848862
2026-09-13 06:00:35.924,0.15237672613186834,0.124,0.496,4983.0,4.0,3857.0,1917.172983848862
2026-09-13 06:00:37.942,0.15237672613186834,0.124,0.496,4983.0,4.0,3857.0,1917.172983848862
2026-09-13 06:00:37.976,0.15237672613186834,0.124,0.496,4983.0,4.0,3857.0,1917.172983848862
2026-09-13 06:00:39.374,0.21376837153018316,0.15475,0.619,4983.0,4.0,3857.0,1917.172983848862
2026-09-13 06:00:39.425,0.2136055554833092,0.155,0.62,4983.0,4.0,3857.0,1917.172983848862
2026-09-13 06:00:41.442,0.2136055554833092,0.155,0.62,4983.0,4.0,3857.0,1917.172983848862
2026-09-13 06:00:41.476,0.2136055554833092,0.155,0.62,4983.0,4.0,3857.0,1917.172983848862
2026-09-13 06:00:42.874,0.2136055554833092,0.155,0.62,4983.0,4.0,3857.0,1917.172983848862
2026-09-13 06:00:42.925,0.2136055554833092,0.155,0.62,4983.0,4.0,3857.0,1917.172983848862
2026-09-13 06:00:44.942,0.2136055554833092,0.155,0.62,4983.0,4.0,3857.0,1917.172983848862
2026-09-13 06:00:44.976,0.2136055554833092,0.155,0.62,4983.0,4.0,3857.0,1917.172983848862
2026-09-13 06:00:46.374,0.2136055554833092,0.155,0.62,4983.0,4.0,3857.0,1917.172983848862
2026-09-13 06:00:46.425,0.2136055554833092,0.155,0.62,4983.0,4.0,3857.0,1917.172983848862
2026-09-13 06:00:48.442,0.2136055554833092,0.155,0.62,4983.0,4.0,3857.0,1917.172983848862
2026-09-13 06:00:48.476,0.2136055554833092,0.155,0.62,4983.0,4.0,3857.0,1917.172983848862
2026-09-13 06:00:49.874,0.2136055554833092,0.155,0.62,4983.0,4.0,3857.0,1917.172983848862
2026-09-13 06:00:49.925,0.2136055554833092,0.155,0.62,4983.0,4.0,3857.0,1917.172983848862
2026-09-13 06:00:51.942,0.2136055554833092,0.155,0.62,4983.0,4.0,3857.0,1917.172983848862
2026-09-13 06:00:51.976,0.2136055554833092,0.155,0.62,4983.0,4.0,3857.0,1917.172983848862
2026-09-13 06:00:53.374,0.2136055554833092,0.155,0.62,4983.0,4.0,3857.0,1917.172983848862
2026-09-13 06:00:53.425,0.2136055554833092,0.155,0.62,4983.0,4.0,3857.0,1917.172983848862
2026-09-13 06:00:55.443,0.21345784127082273,0.15525,0.621,4983.0,4.0,3857.0,1917.172983848862
2026-09-13 06:00:55.477,0.21345784127082273,0.15525,0.621,4983.0,4.0,3857.0,1917.172983848862
2026-09-13 06:00:56.874,0.21345784127082273,0.15525,0.621,4983.0,4.0,3857.0,1917.172983848862
2026-09-13 06:00:56.925,0.21345784127082273,0.15525,0.621,4983.0,4.0,3857.0,1917.172983848862
2026-09-13 06:00:58.943,0.2136055554833092,0.155,0.62,4983.0,4.0,3857.0,1917.172983848862
2026-09-13 06:00:58.977,0.2136055554833092,0.155,0.62,4983.0,4.0,3857.0,1917.172983848862
2026-09-13 06:01:00.375,0.2136055554833092,0.155,0.62,4983.0,4.0,3857.0,1917.172983848862
2026-09-13 06:01:00.426,0.2136055554833092,0.155,0.62,4983.0,4.0,3857.0,1917.172983848862
2026-09-13 06:01:02.443,0.2136055554833092,0.155,0.62,4983.0,4.0,3857.0,1917.172983848862
2026-09-13 06:01:02.477,0.2136055554833092,0.155,0.62,4983.0,4.0,3857.0,1917.172983848862
2026-09-13 06:01:03.875,0.21410491976287332,0.15525,0.621,4983.0,4.0,3857.0,1917.172983848862
2026-09-13 06:01:03.926,0.21410491976287332,0.15525,0.621,4983.0,4.0,3857.0,1917.172983848862
2026-09-13 06:01:05.943,0.21410491976287332,0.15525,0.621,4983.0,4.0,3857.0,1917.172983848862
2026-09-13 06:01:05.977,0.21410491976287332,0.15525,0.621,4983.0,4.0,3857.0,1917.172983848862
2026-09-13 06:01:07.375,0.2136055554833092,0.155,0.62,4983.0,4.0,3857.0,1917.172983848862
2026-09-13 06:01:07.426,0.2136055554833092,0.155,0.62,4983.0,4.0,3857.0,1917.172983848862
2026-09-13 06:01:09.443,0.2136055554833092,0.155,0.62,4983.0,4.0,3857.0,1917.172983848862
2026-09-13 06:01:09.477,0.2136055554833092,0.155,0.62,4983.0,4.0,3857.0,1917.172983848862
2026-09-13 06:01:10.875,0.2136055554833092,0.155,0.62,4983.0,4.0,3857.0,1917.172983848862
2026-09-13 06:01:10.926,0.2136055554833092,0.155,0.62,4983.0,4.0,3857.0,1917.172983848862
2026-09-13 06:01:12.943,0.2136055554833092,0.155,0.62,4983.0,4.0,3857.0,1917.172983848862
2026-09-13 06:01:12.977,0.2136055554833092,0.155,0.62,4983.0,4.0,3857.0,1917.172983848862
2026-09-13 06:01:14.375,0.2136055554833092,0.155,0.62,4983.0,4.0,3857.0,1917.172983848862
2026-09-13 06:01:14.426,0.2136055554833092,0.155,0.62,4983.0,4.0,3857.0,1917.172983848862
2026-09-13 06:01:16.443,0.2136055554833092,0.155,0.62,4983.0,4.0,3857.0,1917.172983848862
2026-09-13 06:01:16.477,0.2136055554833092,0.155,0.62,4983.0,4.0,3857.0,1917.172983848862
2026-09-13 06:01:17.875,0.2136055554833092,0.155,0.62,4983.0,4.0,3857.0,1917.172983848862
2026-09-13 06:01:17.926,0.2136055554833092,0.155,0.62,4983.0,4.0,3857.0,1917.172983848862
2026-09-13 06:01:19.943,0.2136055554833092,0.155,0.62,4983.0,4.0,3857.0,1917.172983848862
2026-09-13 06:01:19.977,0.2136055554833092,0.155,0.62,4983.0,4.0,3857.0,1917.172983848862
2026-09-13 06:01:21.375,0.2136055554833092,0.155,0.62,4983.0,4.0,3857.0,1917.172983848862
2026-09-13 06:01:21.426,0.2136055554833092,0.155,0.62,4983.0,4.0,3857.0,1917.172983848862
2026-09-13 06:01:23.443,0.2136055554833092,0.155,0.62,4983.0,4.0,3857.0,1917.172983848862
2026-09-13 06:01:23.477,0.2136055554833092,0.155,0.62,4983.0,4.0,3857.0,1917.172983848862
2026-09-13 06:01:24.875,0.2136055554833092,0.155,0.62,4983.0,4.0,3857.0,1917.172983848862
2026-09-13 06:01:24.926,0.2136055554833092,0.155,0.62,4983.0,4.0,3857.0,1917.172983848862
2026-09-13 06:01:26.944,0.21345784127082273,0.15525,0.621,4983.0,4.0,3857.0,1917.172983848862
2026-09-13 06:01:26.977,0.21364768506429713,0.155,0.62,4983.0,4.0,3857.0,1917.172983848862
2026-09-13 06:01:28.375,0.21364768506429713,0.155,0.62,4983.0,4.0,3857.0,1917.172983848862
2026-09-13 06:01:28.426,0.21364768506429713,0.155,0.62,4983.0,4.0,3857.0,1917.172983848862
2026-09-13 06:01:30.444,0.21379487832967314,0.15475,0.619,4983.0,4.0,3857.0,1917.172983848862
2026-09-13 06:01:30.477,0.21379487832967314,0.15475,0.619,4983.0,4.0,3857.0,1917.172983848862
2026-09-13 06:01:31.876,0.2142941903085563,0.155,0.62,4983.0,4.0,3857.0,1917.172983848862
2026-09-13 06:01:31.926,0.21445648354231,0.15475,0.619,4983.0,4.0,3857.0,1917.172983848862
2026-09-13 06:01:33.944,0.21445648354231,0.15475,0.619,4983.0,4.0,3857.0,1917.172983848862
2026-09-13 06:01:33.978,0.21426774527834655,0.155,0.62,4983.0,4.0,3857.0,1917.172983848862
2026-09-13 06:01:35.376,0.21426774527834655,0.155,0.62,4983.0,4.0,3857.0,1917.172983848862
2026-09-13 06:01:35.426,0.21426774527834655,0.155,0.62,4983.0,4.0,3857.0,1917.172983848862
2026-09-13 06:01:37.444,0.21426774527834655,0.155,0.62,4983.0,4.0,3857.0,1917.172983848862
2026-09-13 06:01:37.478,0.21426774527834655,0.155,0.62,4983.0,4.0,3857.0,1917.172983848862
2026-09-13 06:01:38.876,0.21426774527834655,0.155,0.62,4983.0,4.0,3857.0,1917.172983848862
2026-09-13 06:01:38.927,0.21410491976287327,0.15525,0.621,4983.0,4.0,3857.0,1917.172983848862
2026-09-13 06:01:40.944,0.21410491976287327,0.15525,0.621,4983.0,4.0,3857.0,1917.172983848862
2026-09-13 06:01:40.978,0.21410491976287327,0.15525,0.621,4983.0,4.0,3857.0,1917.172983848862
2026-09-13 06:01:42.376,0.21360555548330917,0.155,0.62,4983.0,4.0,3857.0,1917.172983848862
2026-09-13 06:01:42.427,0.21360555548330917,0.155,0.62,4983.0,4.0,3857.0,1917.172983848862
2026-09-13 06:01:44.444,0.21360555548330917,0.155,0.62,4983.0,4.0,3857.0,1917.172983848862
2026-09-13 06:01:44.478,0.21360555548330917,0.155,0.62,4983.0,4.0,3857.0,1917.172983848862
2026-09-13 06:01:45.876,0.21360555548330917,0.155,0.62,4983.0,4.0,3857.0,1917.172983848862
2026-09-13 06:01:45.927,0.21360555548330917,0.155,0.62,4983.0,4.0,3857.0,1917.172983848862
2026-09-13 06:01:47.944,0.21360555548330917,0.155,0.62,4983.0,4.0,3857.0,1917.172983848862
2026-09-13 06:01:47.978,0.21360555548330917,0.155,0.62,4983.0,4.0,3857.0,1917.172983848862
2026-09-13 06:01:49.376,0.21360555548330917,0.155,0.62,4983.0,4.0,3857.0,1917.172983848862
2026-09-13 06:01:49.427,0.21360555548330917,0.155,0.62,4983.0,4.0,3857.0,1917.172983848862
2026-09-13 06:01:51.444,0.21360555548330917,0.155,0.62,4983.0,4.0,3857.0,1917.172983848862
2026-09-13 06:01:51.478,0.21360555548330917,0.155,0.62,4983.0,4.0,3857.0,1917.172983848862
2026-09-13 06:01:52.876,0.21360555548330917,0.155,0.62,4983.0,4.0,3857.0,1917.172983848862
2026-09-13 06:01:52.927,0.21360555548330917,0.155,0.62,4983.0,4.0,3857.0,1917.172983848862
2026-09-13 06:01:54.944,0.21360555548330917,0.155,0.62,4983.0,4.0,3857.0,1917.172983848862
2026-09-13 06:01:54.978,0.21360555548330917,0.155,0.62,4983.0,4.0,3857.0,1917.172983848862
2026-09-13 06:01:56.376,0.21360555548330917,0.155,0.62,4983.0,4.0,3857.0,1917.172983848862
2026-09-13 06:01:56.427,0.21360555548330917,0.155,0.62,4983.0,4.0,3857.0,1917.172983848862
2026-09-13 06:01:58.445,0.21345784127082268,0.15525,0.621,4983.0,4.0,3857.0,1917.172983848862
2026-09-13 06:01:58.479,0.21345784127082268,0.15525,0.621,4983.0,4.0,3857.0,1917.172983848862
2026-09-13 06:01:59.876,0.21345784127082268,0.15525,0.621,4983.0,4.0,3857.0,1917.172983848862
2026-09-13 06:01:59.927,0.21345784127082268,0.15525,0.621,4983.0,4.0,3857.0,1917.172983848862
2026-09-13 06:02:01.945,0.21345784127082268,0.15525,0.621,4983.0,4.0,3857.0,1917.172983848862
2026-09-13 06:02:01.978,0.21364768506429707,0.155,0.62,4983.0,4.0,3857.0,1917.172983848862
2026-09-13 06:02:03.376,0.21364768506429707,0.155,0.62,4983.0,4.0,3857.0,1917.172983848862
2026-09-13 06:02:03.427,0.21364768506429707,0.155,0.62,4983.0,4.0,3857.0,1917.172983848862
2026-09-13 06:02:05.445,0.21379487832967312,0.15475,0.619,4983.0,4.0,3857.0,1917.172983848862
2026-09-13 06:02:05.479,0.21360555548330912,0.155,0.62,4983.0,4.0,3857.0,1917.172983848862
2026-09-13 06:02:06.877,0.21410491976287324,0.15525,0.621,4983.0,4.0,3857.0,1917.172983848862
2026-09-13 06:02:06.927,0.21426774527834652,0.155,0.62,4983.0,4.0,3857.0,1917.172983848862
2026-09-13 06:02:08.945,0.21426774527834655,0.155,0.62,4983.0,4.0,3857.0,1917.172983848862
2026-09-13 06:02:08.979,0.21426774527834655,0.155,0.62,4983.0,4.0,3857.0,1917.172983848862
2026-09-13 06:02:10.377,0.21426774527834655,0.155,0.62,4983.0,4.0,3857.0,1917.172983848862
2026-09-13 06:02:10.427,0.21426774527834655,0.155,0.62,4983.0,4.0,3857.0,1917.172983848862
2026-09-13 06:02:12.445,0.21426774527834655,0.155,0.62,4983.0,4.0,3857.0,1917.172983848862
2026-09-13 06:02:12.479,0.21426774527834655,0.155,0.62,4983.0,4.0,3857.0,1917.172983848862
2026-09-13 06:02:13.877,0.2137683715301831,0.15475,0.619,4983.0,4.0,3857.0,1917.172983848862
2026-09-13 06:02:13.928,0.21360555548330917,0.155,0.62,4983.0,4.0,3857.0,1917.172983848862
2026-09-13 06:02:15.945,0.21360555548330917,0.155,0.62,4983.0,4.0,3857.0,1917.172983848862
2026-09-13 06:02:15.979,0.21360555548330917,0.155,0.62,4983.0,4.0,3857.0,1917.172983848862
2026-09-13 06:02:17.377,0.21360555548330917,0.155,0.62,4983.0,4.0,3857.0,1917.172983848862
2026-09-13 06:02:17.428,0.21360555548330917,0.155,0.62,4983.0,4.0,3857.0,1917.172983848862
2026-09-13 06:02:19.445,0.21360555548330917,0.155,0.62,4983.0,4.0,3857.0,1917.172983848862
2026-09-13 06:02:19.479,0.21360555548330917,0.155,0.62,4983.0,4.0,3857.0,1917.172983848862
2026-09-13 06:02:20.877,0.21360555548330917,0.155,0.62,4983.0,4.0,3857.0,1917.172983848862
2026-09-13 06:02:20.928,0.21360555548330917,0.155,0.62,4983.0,4.0,3857.0,1917.172983848862
2026-09-13 06:02:22.945,0.21360555548330917,0.155,0.62,4983.0,4.0,3857.0,1917.172983848862
2026-09-13 06:02:22.979,0.21360555548330917,0.155,0.62,4983.0,4.0,3857.0,1917.172983848862
2026-09-13 06:02:24.377,0.21360555548330917,0.155,0.62,4983.0,4.0,3857.0,1917.172983848862
2026-09-13 06:02:24.428,0.21360555548330917,0.155,0.62,4983.0,4.0,3857.0,1917.172983848862
2026-09-13 06:02:26.445,0.21360555548330917,0.155,0.62,4983.0,4.0,3857.0,1917.172983848862
2026-09-13 06:02:26.479,0.21360555548330917,0.155,0.62,4983.0,4.0,3857.0,1917.172983848862
2026-09-13 06:02:27.877,0.21360555548330917,0.155,0.62,4983.0,4.0,3857.0,1917.172983848862
2026-09-13 06:02:27.928,0.21360555548330917,0.155,0.62,4983.0,4.0,3857.0,1917.172983848862
2026-09-13 06:02:29.945,0.21360555548330917,0.155,0.62,4983.0,4.0,3857.0,1917.172983848862
2026-09-13 06:02:29.979,0.21360555548330917,0.155,0.62,4983.0,4.0,3857.0,1917.172983848862
2026-09-13 06:02:31.377,0.21360555548330917,0.155,0.62,4983.0,4.0,3857.0,1917.172983848862
2026-09-13 06:02:31.428,0.21360555548330917,0.155,0.62,4983.0,4.0,3857.0,1917.172983848862
2026-09-13 06:02:33.445,0.21360555548330917,0.155,0.62,4983.0,4.0,3857.0,1917.172983848862
2026-09-13 06:02:33.479,0.21360555548330917,0.155,0.62,4983.0,4.0,3857.0,1917.172983848862
2026-09-13 06:02:34.877,0.21360555548330917,0.155,0.62,4983.0,4.0,3857.0,1917.172983848862
2026-09-13 06:02:34.928,0.21360555548330917,0.155,0.62,4983.0,4.0,3857.0,1917.172983848862
2026-09-13 06:02:36.946,0.21345784127082268,0.15525,0.621,4983.0,4.0,3857.0,1917.172983848862
2026-09-13 06:02:36.980,0.21345784127082268,0.15525,0.621,4983.0,4.0,3857.0,1917.172983848862
2026-09-13 06:02:38.378,0.21395716082119431,0.1555,0.622,4983.0,4.0,3857.0,1917.172983848862
2026-09-13 06:02:38.428,0.21412048788785504,0.15525,0.621,4983.0,4.0,3857.0,1917.172983848862
2026-09-13 06:02:40.446,0.21426774527834655,0.155,0.62,4983.0,4.0,3857.0,1917.172983848862
2026-09-13 06:02:40.480,0.21426774527834655,0.155,0.62,4983.0,4.0,3857.0,1917.172983848862
2026-09-13 06:02:41.878,0.21426774527834652,0.155,0.62,4983.0,4.0,3857.0,1917.172983848862
2026-09-13 06:02:41.928,0.21426774527834652,0.155,0.62,4983.0,4.0,3857.0,1917.172983848862
2026-09-13 06:02:43.946,0.21426774527834655,0.155,0.62,4983.0,4.0,3857.0,1917.172983848862
2026-09-13 06:02:43.980,0.21426774527834655,0.155,0.62,4983.0,4.0,3857.0,1917.172983848862
2026-09-13 06:02:45.378,0.21426774527834655,0.155,0.62,4983.0,4.0,3857.0,1917.172983848862
2026-09-13 06:02:45.429,0.21410491976287327,0.15525,0.621,4983.0,4.0,3857.0,1917.172983848862
2026-09-13 06:02:47.446,0.21410491976287327,0.15525,0.621,4983.0,4.0,3857.0,1917.172983848862
2026-09-13 06:02:47.480,0.21410491976287327,0.15525,0.621,4983.0,4.0,3857.0,1917.172983848862
2026-09-13 06:02:48.878,0.21360555548330917,0.155,0.62,4983.0,4.0,3857.0,1917.172983848862
2026-09-13 06:02:48.929,0.21360555548330917,0.155,0.62,4983.0,4.0,3857.0,1917.172983848862
2026-09-13 06:02:50.946,0.21360555548330917,0.155,0.62,4983.0,4.0,3857.0,1917.172983848862
2026-09-13 06:02:50.980,0.21360555548330917,0.155,0.62,4983.0,4.0,3857.0,1917.172983848862
2026-09-13 06:02:52.378,0.21360555548330917,0.155,0.62,4983.0,4.0,3857.0,1917.172983848862
2026-09-13 06:02:52.429,0.21360555548330917,0.155,0.62,4983.0,4.0,3857.0,1917.172983848862
2026-09-13 06:02:54.446,0.21360555548330917,0.155,0.62,4983.0,4.0,3857.0,1917.172983848862
2026-09-13 06:02:54.480,0.21360555548330917,0.155,0.62,4983.0,4.0,3857.0,1917.172983848862
2026-09-13 06:02:55.878,0.21360555548330917,0.155,0.62,4983.0,4.0,3857.0,1917.172983848862
2026-09-13 06:02:55.929,0.21360555548330917,0.155,0.62,4983.0,4.0,3857.0,1917.172983848862
2026-09-13 06:02:57.946,0.21360555548330917,0.155,0.62,4983.0,4.0,3857.0,1917.172983848862
2026-09-13 06:02:57.980,0.21360555548330917,0.155,0.62,4983.0,4.0,3857.0,1917.172983848862
2026-09-13 06:02:59.650,0.21360555548330917,0.155,0.62,4983.0,4.0,3857.0,1917.172983848862
2026-09-13 06:02:59.702,0.21344378651064017,0.15525,0.621,4983.0,4.0,3857.0,1917.172983848862
2026-09-13 06:03:01.718,0.21344378651064017,0.15525,0.621,4983.0,4.0,3857.0,1917.172983848862
2026-09-13 06:03:01.752,0.21344378651064017,0.15525,0.621,4983.0,4.0,3857.0,1917.172983848862
2026-09-13 06:03:03.150,0.21344378651064017,0.15525,0.621,4983.0,4.0,3857.0,1917.172983848862
2026-09-13 06:03:03.201,0.21360555548330917,0.155,0.62,4983.0,4.0,3857.0,1917.172983848862
2026-09-13 06:03:05.218,0.21360555548330917,0.155,0.62,4983.0,4.0,3857.0,1917.172983848862
2026-09-13 06:03:05.252,0.21360555548330917,0.155,0.62,4983.0,4.0,3857.0,1917.172983848862
2026-09-13 06:03:06.650,0.21360555548330917,0.155,0.62,4983.0,4.0,3857.0,1917.172983848862
2026-09-13 06:03:06.701,0.21360555548330917,0.155,0.62,4983.0,4.0,3857.0,1917.172983848862
2026-09-13 06:03:08.718,0.21360555548330917,0.155,0.62,4983.0,4.0,3857.0,1917.172983848862
2026-09-13 06:03:08.752,0.21360555548330917,0.155,0.62,4983.0,4.0,3857.0,1917.172983848862
2026-09-13 06:03:10.150,0.21360555548330917,0.155,0.62,4983.0,4.0,3857.0,1917.172983848862
2026-09-13 06:03:10.202,0.21344378651064017,0.15525,0.621,4983.0,4.0,3857.0,1917.172983848862
2026-09-13 06:03:12.219,0.21329556957424065,0.1555,0.622,4983.0,4.0,3857.0,1917.172983848862
2026-09-13 06:03:12.253,0.21329556957424065,0.1555,0.622,4983.0,4.0,3857.0,1917.172983848862
2026-09-13 06:03:13.650,0.21329556957424065,0.1555,0.622,4983.0,4.0,3857.0,1917.172983848862
2026-09-13 06:03:13.701,0.2134578412708227,0.15525,0.621,4983.0,4.0,3857.0,1917.172983848862
2026-09-13 06:03:15.719,0.21360555548330917,0.155,0.62,4983.0,4.0,3857.0,1917.172983848862
2026-09-13 06:03:15.753,0.21360555548330917,0.155,0.62,4983.0,4.0,3857.0,1917.172983848862
2026-09-13 06:03:17.151,0.21410491976287327,0.15525,0.621,4983.0,4.0,3857.0,1917.172983848862
2026-09-13 06:03:17.201,0.21426774527834655,0.155,0.62,4983.0,4.0,3857.0,1917.172983848862
2026-09-13 06:03:19.219,0.21426774527834658,0.155,0.62,4983.0,4.0,3857.0,1917.172983848862
2026-09-13 06:03:19.253,0.21426774527834658,0.155,0.62,4983.0,4.0,3857.0,1917.172983848862
2026-09-13 06:03:20.651,0.21376837153018316,0.15475,0.619,4983.0,4.0,3857.0,1917.172983848862
2026-09-13 06:03:20.702,0.2136055554833092,0.155,0.62,4983.0,4.0,3857.0,1917.172983848862
2026-09-13 06:03:22.719,0.2136055554833092,0.155,0.62,4983.0,4.0,3857.0,1917.172983848862
2026-09-13 06:03:22.753,0.2136055554833092,0.155,0.62,4983.0,4.0,3857.0,1917.172983848862
2026-09-13 06:03:24.660,0.21260683588884535,0.1545,0.618,4983.0,4.0,3857.0,1917.172983848862
2026-09-13 06:03:24.710,0.212769632858325,0.15425,0.617,4983.0,4.0,3857.0,1917.172983848862
2026-09-13 06:03:26.728,0.212769632858325,0.15425,0.617,4983.0,4.0,3857.0,1917.172983848862
2026-09-13 06:03:26.762,0.212769632858325,0.15425,0.617,4983.0,4.0,3857.0,1917.172983848862
2026-09-13 06:03:28.160,0.21376837153018316,0.15475,0.619,4983.0,4.0,3857.0,1917.172983848862
2026-09-13 06:03:28.211,0.21360555548330923,0.155,0.62,4983.0,4.0,3857.0,1917.172983848862
2026-09-13 06:03:30.228,0.21360555548330923,0.155,0.62,4983.0,4.0,3857.0,1917.172983848862
2026-09-13 06:03:30.262,0.21360555548330923,0.155,0.62,4983.0,4.0,3857.0,1917.172983848862
2026-09-13 06:03:31.660,0.21360555548330923,0.155,0.62,4983.0,4.0,3857.0,1917.172983848862
2026-09-13 06:03:31.711,0.21360555548330923,0.155,0.62,4983.0,4.0,3857.0,1917.172983848862
2026-09-13 06:03:33.728,0.21360555548330923,0.155,0.62,4983.0,4.0,3857.0,1917.172983848862
2026-09-13 06:03:33.762,0.21360555548330923,0.155,0.62,4983.0,4.0,3857.0,1917.172983848862
2026-09-13 06:03:35.160,0.21360555548330923,0.155,0.62,4983.0,4.0,3857.0,1917.172983848862
2026-09-13 06:03:35.211,0.21360555548330923,0.155,0.62,4983.0,4.0,3857.0,1917.172983848862
2026-09-13 06:03:37.228,0.21360555548330923,0.155,0.62,4983.0,4.0,3857.0,1917.172983848862
2026-09-13 06:03:37.262,0.21360555548330923,0.155,0.62,4983.0,4.0,3857.0,1917.172983848862
2026-09-13 06:03:38.660,0.21360555548330923,0.155,0.62,4983.0,4.0,3857.0,1917.172983848862
2026-09-13 06:03:38.711,0.21360555548330923,0.155,0.62,4983.0,4.0,3857.0,1917.172983848862
2026-09-13 06:03:40.728,0.21360555548330923,0.155,0.62,4983.0,4.0,3857.0,1917.172983848862
2026-09-13 06:03:40.762,0.21360555548330923,0.155,0.62,4983.0,4.0,3857.0,1917.172983848862
2026-09-13 06:03:42.160,0.21360555548330923,0.155,0.62,4983.0,4.0,3857.0,1917.172983848862
2026-09-13 06:03:42.211,0.21360555548330923,0.155,0.62,4983.0,4.0,3857.0,1917.172983848862
2026-09-13 06:03:44.229,0.21345784127082273,0.15525,0.621,4983.0,4.0,3857.0,1917.172983848862
2026-09-13 06:03:44.263,0.21345784127082273,0.15525,0.621,4983.0,4.0,3857.0,1917.172983848862
2026-09-13 06:03:45.660,0.21345784127082273,0.15525,0.621,4983.0,4.0,3857.0,1917.172983848862
2026-09-13 06:03:45.711,0.21345784127082273,0.15525,0.621,4983.0,4.0,3857.0,1917.172983848862
2026-09-13 06:03:47.729,0.21345784127082273,0.15525,0.621,4983.0,4.0,3857.0,1917.172983848862
2026-09-13 06:03:47.762,0.21364768506429713,0.155,0.62,4983.0,4.0,3857.0,1917.172983848862
2026-09-13 06:03:49.160,0.21364768506429713,0.155,0.62,4983.0,4.0,3857.0,1917.172983848862
2026-09-13 06:03:49.211,0.21364768506429713,0.155,0.62,4983.0,4.0,3857.0,1917.172983848862
2026-09-13 06:03:51.229,0.21379487832967317,0.15475,0.619,4983.0,4.0,3857.0,1917.172983848862
2026-09-13 06:03:51.263,0.2136055554833092,0.155,0.62,4983.0,4.0,3857.0,1917.172983848862
2026-09-13 06:03:52.661,0.21410491976287332,0.15525,0.621,4983.0,4.0,3857.0,1917.172983848862
2026-09-13 06:03:52.711,0.2142677452783466,0.155,0.62,4983.0,4.0,3857.0,1917.172983848862
2026-09-13 06:03:54.729,0.2142677452783466,0.155,0.62,4983.0,4.0,3857.0,1917.172983848862
2026-09-13 06:03:54.763,0.2142677452783466,0.155,0.62,4983.0,4.0,3857.0,1917.172983848862
2026-09-13 06:03:56.161,0.21426774527834658,0.155,0.62,4983.0,4.0,3857.0,1917.172983848862
2026-09-13 06:03:56.212,0.21410491976287332,0.15525,0.621,4983.0,4.0,3857.0,1917.172983848862
2026-09-13 06:03:58.229,0.21410491976287332,0.15525,0.621,4983.0,4.0,3857.0,1917.172983848862
2026-09-13 06:03:58.263,0.21410491976287332,0.15525,0.621,4983.0,4.0,3857.0,1917.172983848862
2026-09-13 06:03:59.661,0.2136055554833092,0.155,0.62,4983.0,4.0,3857.0,1917.172983848862
2026-09-13 06:03:59.712,0.2136055554833092,0.155,0.62,4983.0,4.0,3857.0,1917.172983848862
2026-09-13 06:04:01.729,0.2136055554833092,0.155,0.62,4983.0,4.0,3857.0,1917.172983848862
2026-09-13 06:04:01.763,0.2136055554833092,0.155,0.62,4983.0,4.0,3857.0,1917.172983848862
2026-09-13 06:04:03.161,0.2136055554833092,0.155,0.62,4983.0,4.0,3857.0,1917.172983848862
2026-09-13 06:04:03.212,0.2136055554833092,0.155,0.62,4983.0,4.0,3857.0,1917.172983848862
2026-09-13 06:04:05.229,0.2136055554833092,0.155,0.62,4983.0,4.0,3857.0,1917.172983848862
2026-09-13 06:04:05.263,0.2136055554833092,0.155,0.62,4983.0,4.0,3857.0,1917.172983848862
2026-09-13 06:04:06.661,0.2136055554833092,0.155,0.62,4983.0,4.0,3857.0,1917.172983848862
2026-09-13 06:04:06.712,0.2136055554833092,0.155,0.62,4983.0,4.0,3857.0,1917.172983848862
2026-09-13 06:04:08.729,0.2136055554833092,0.155,0.62,4983.0,4.0,3857.0,1917.172983848862
2026-09-13 06:04:08.763,0.2136055554833092,0.155,0.62,4983.0,4.0,3857.0,1917.172983848862
2026-09-13 06:04:10.161,0.2136055554833092,0.155,0.62,4983.0,4.0,3857.0,1917.172983848862
2026-09-13 06:04:10.212,0.2136055554833092,0.155,0.62,4983.0,4.0,3857.0,1917.172983848862
2026-09-13 06:04:12.229,0.2136055554833092,0.155,0.62,4983.0,4.0,3857.0,1917.172983848862
2026-09-13 06:04:12.263,0.2136055554833092,0.155,0.62,4983.0,4.0,3857.0,1917.172983848862
2026-09-13 06:04:13.661,0.2136055554833092,0.155,0.62,4983.0,4.0,3857.0,1917.172983848862
2026-09-13 06:04:13.712,0.2136055554833092,0.155,0.62,4983.0,4.0,3857.0,1917.172983848862
2026-09-13 06:04:15.729,0.2136055554833092,0.155,0.62,4983.0,4.0,3857.0,1917.172983848862
2026-09-13 06:04:15.763,0.2136055554833092,0.155,0.62,4983.0,4.0,3857.0,1917.172983848862
2026-09-13 06:04:17.161,0.2136055554833092,0.155,0.62,4983.0,4.0,3857.0,1917.172983848862
2026-09-13 06:04:17.212,0.2136055554833092,0.155,0.62,4983.0,4.0,3857.0,1917.172983848862
2026-09-13 06:04:19.229,0.2136055554833092,0.155,0.62,4983.0,4.0,3857.0,1917.172983848862
2026-09-13 06:04:19.263,0.2136055554833092,0.155,0.62,4983.0,4.0,3857.0,1917.172983848862
2026-09-13 06:04:20.661,0.2136055554833092,0.155,0.62,4983.0,4.0,3857.0,1917.172983848862
2026-09-13 06:04:20.712,0.2136055554833092,0.155,0.62,4983.0,4.0,3857.0,1917.172983848862
2026-09-13 06:04:22.730,0.21345784127082273,0.15525,0.621,4983.0,4.0,3857.0,1917.172983848862
2026-09-13 06:04:22.763,0.21364768506429713,0.155,0.62,4983.0,4.0,3857.0,1917.172983848862
2026-09-13 06:04:24.161,0.21364768506429713,0.155,0.62,4983.0,4.0,3857.0,1917.172983848862
2026-09-13 06:04:24.212,0.21364768506429713,0.155,0.62,4983.0,4.0,3857.0,1917.172983848862
2026-09-13 06:04:26.230,0.21379487832967314,0.15475,0.619,4983.0,4.0,3857.0,1917.172983848862
2026-09-13 06:04:26.264,0.21360555548330917,0.155,0.62,4983.0,4.0,3857.0,1917.172983848862
2026-09-13 06:04:27.662,0.21410491976287327,0.15525,0.621,4983.0,4.0,3857.0,1917.172983848862
2026-09-13 06:04:27.712,0.21426774527834655,0.155,0.62,4983.0,4.0,3857.0,1917.172983848862
2026-09-13 06:04:29.730,0.21426774527834658,0.155,0.62,4983.0,4.0,3857.0,1917.172983848862
2026-09-13 06:04:29.764,0.21426774527834658,0.155,0.62,4983.0,4.0,3857.0,1917.172983848862
2026-09-13 06:04:31.162,0.21426774527834658,0.155,0.62,4983.0,4.0,3857.0,1917.172983848862
2026-09-13 06:04:31.212,0.21426774527834658,0.155,0.62,4983.0,4.0,3857.0,1917.172983848862
2026-09-13 06:04:33.230,0.21426774527834658,0.155,0.62,4983.0,4.0,3857.0,1917.172983848862
2026-09-13 06:04:33.264,0.21426774527834658,0.155,0.62,4983.0,4.0,3857.0,1917.172983848862
2026-09-13 06:04:34.662,0.21376837153018316,0.15475,0.619,4983.0,4.0,3857.0,1917.172983848862
2026-09-13 06:04:34.713,0.2136055554833092,0.155,0.62,4983.0,4.0,3857.0,1917.172983848862
2026-09-13 06:04:36.730,0.2136055554833092,0.155,0.62,4983.0,4.0,3857.0,1917.172983848862
2026-09-13 06:04:36.764,0.2136055554833092,0.155,0.62,4983.0,4.0,3857.0,1917.172983848862
2026-09-13 06:04:38.162,0.21410491976287332,0.15525,0.621,4983.0,4.0,3857.0,1917.172983848862
2026-09-13 06:04:38.213,0.21410491976287332,0.15525,0.621,4983.0,4.0,3857.0,1917.172983848862
2026-09-13 06:04:40.230,0.21410491976287332,0.15525,0.621,4983.0,4.0,3857.0,1917.172983848862
2026-09-13 06:04:40.264,0.21410491976287332,0.15525,0.621,4983.0,4.0,3857.0,1917.172983848862
2026-09-13 06:04:41.662,0.2136055554833092,0.155,0.62,4983.0,4.0,3857.0,1917.172983848862
2026-09-13 06:04:41.713,0.2136055554833092,0.155,0.62,4983.0,4.0,3857.0,1917.172983848862
2026-09-13 06:04:43.730,0.2136055554833092,0.155,0.62,4983.0,4.0,3857.0,1917.172983848862
2026-09-13 06:04:43.764,0.2136055554833092,0.155,0.62,4983.0,4.0,3857.0,1917.172983848862
2026-09-13 06:04:45.162,0.2136055554833092,0.155,0.62,4983.0,4.0,3857.0,1917.172983848862
2026-09-13 06:04:45.213,0.2136055554833092,0.155,0.62,4983.0,4.0,3857.0,1917.172983848862
2026-09-13 06:04:47.230,0.2136055554833092,0.155,0.62,4983.0,4.0,3857.0,1917.172983848862
2026-09-13 06:04:47.264,0.2136055554833092,0.155,0.62,4983.0,4.0,3857.0,1917.172983848862
2026-09-13 06:04:48.662,0.2136055554833092,0.155,0.62,4983.0,4.0,3857.0,1917.172983848862
2026-09-13 06:04:48.713,0.2136055554833092,0.155,0.62,4983.0,4.0,3857.0,1917.172983848862
2026-09-13 06:04:50.730,0.2136055554833092,0.155,0.62,4983.0,4.0,3857.0,1917.172983848862
2026-09-13 06:04:50.764,0.2136055554833092,0.155,0.62,4983.0,4.0,3857.0,1917.172983848862
2026-09-13 06:04:52.162,0.2136055554833092,0.155,0.62,4983.0,4.0,3857.0,1917.172983848862
2026-09-13 06:04:52.213,0.2136055554833092,0.155,0.62,4983.0,4.0,3857.0,1917.172983848862
2026-09-13 06:04:54.230,0.2136055554833092,0.155,0.62,4983.0,4.0,3857.0,1917.172983848862
2026-09-13 06:04:54.264,0.2136055554833092,0.155,0.62,4983.0,4.0,3857.0,1917.172983848862
2026-09-13 06:04:55.662,0.2136055554833092,0.155,0.62,4983.0,4.0,3857.0,1917.172983848862
2026-09-13 06:04:55.713,0.2136055554833092,0.155,0.62,4983.0,4.0,3857.0,1917.172983848862
2026-09-13 06:04:57.731,0.21345784127082273,0.15525,0.621,4983.0,4.0,3857.0,1917.172983848862
2026-09-13 06:04:57.764,0.21364768506429713,0.155,0.62,4983.0,4.0,3857.0,1917.172983848862
2026-09-13 06:04:59.162,0.21364768506429713,0.155,0.62,4983.0,4.0,3857.0,1917.172983848862
2026-09-13 06:04:59.213,0.21364768506429713,0.155,0.62,4983.0,4.0,3857.0,1917.172983848862
2026-09-13 06:05:01.230,0.21379487832967314,0.15475,0.619,4983.0,4.0,3857.0,1917.172983848862
2026-09-13 06:05:01.264,0.21360555548330917,0.155,0.62,4983.0,4.0,3857.0,1917.172983848862
2026-09-13 06:05:02.662,0.21360555548330917,0.155,0.62,4983.0,4.0,3857.0,1917.172983848862
2026-09-13 06:05:02.713,0.21360555548330917,0.155,0.62,4983.0,4.0,3857.0,1917.172983848862
2026-09-13 06:05:04.731,0.21360555548330917,0.155,0.62,4983.0,4.0,3857.0,1917.172983848862
2026-09-13 06:05:04.765,0.21360555548330917,0.155,0.62,4983.0,4.0,3857.0,1917.172983848862
2026-09-13 06:05:06.163,0.21410491976287327,0.15525,0.621,4983.0,4.0,3857.0,1917.172983848862
2026-09-13 06:05:06.214,0.21410491976287327,0.15525,0.621,4983.0,4.0,3857.0,1917.172983848862
2026-09-13 06:05:08.231,0.21410491976287327,0.15525,0.621,4983.0,4.0,3857.0,1917.172983848862
2026-09-13 06:05:08.265,0.21410491976287327,0.15525,0.621,4983.0,4.0,3857.0,1917.172983848862
2026-09-13 06:05:09.663,0.21360555548330917,0.155,0.62,4983.0,4.0,3857.0,1917.172983848862
2026-09-13 06:05:09.714,0.21360555548330917,0.155,0.62,4983.0,4.0,3857.0,1917.172983848862
2026-09-13 06:05:11.731,0.21360555548330917,0.155,0.62,4983.0,4.0,3857.0,1917.172983848862
2026-09-13 06:05:11.765,0.21360555548330917,0.155,0.62,4983.0,4.0,3857.0,1917.172983848862
2026-09-13 06:05:13.163,0.21360555548330917,0.155,0.62,4983.0,4.0,3857.0,1917.172983848862
2026-09-13 06:05:13.214,0.21360555548330917,0.155,0.62,4983.0,4.0,3857.0,1917.172983848862
2026-09-13 06:05:15.231,0.21360555548330917,0.155,0.62,4983.0,4.0,3857.0,1917.172983848862
2026-09-13 06:05:15.265,0.21360555548330917,0.155,0.62,4983.0,4.0,3857.0,1917.172983848862
2026-09-13 06:05:16.663,0.21360555548330917,0.155,0.62,4983.0,4.0,3857.0,1917.172983848862
2026-09-13 06:05:16.714,0.21360555548330917,0.155,0.62,4983.0,4.0,3857.0,1917.172983848862
2026-09-13 06:05:18.731,0.21360555548330917,0.155,0.62,4983.0,4.0,3857.0,1917.172983848862
2026-09-13 06:05:18.765,0.21360555548330917,0.155,0.62,4983.0,4.0,3857.0,1917.172983848862
2026-09-13 06:05:20.163,0.21310619418496438,0.15475,0.619,4983.0,4.0,3857.0,1917.172983848862
2026-09-13 06:05:20.213,0.21326900071662172,0.1545,0.618,4983.0,4.0,3857.0,1917.172983848862
2026-09-13 06:05:22.231,0.21326900071662172,0.1545,0.618,4983.0,4.0,3857.0,1917.172983848862
2026-09-13 06:05:22.265,0.21326900071662172,0.1545,0.618,4983.0,4.0,3857.0,1917.172983848862
2026-09-13 06:05:23.663,0.2137683715301831,0.15475,0.619,4983.0,4.0,3857.0,1917.172983848862
2026-09-13 06:05:23.714,0.21360555548330917,0.155,0.62,4983.0,4.0,3857.0,1917.172983848862
2026-09-13 06:05:25.731,0.21360555548330917,0.155,0.62,4983.0,4.0,3857.0,1917.172983848862
2026-09-13 06:05:25.765,0.21360555548330917,0.155,0.62,4983.0,4.0,3857.0,1917.172983848862
2026-09-13 06:05:27.163,0.21360555548330917,0.155,0.62,4983.0,4.0,3857.0,1917.172983848862
2026-09-13 06:05:27.214,0.21360555548330917,0.155,0.62,4983.0,4.0,3857.0,1917.172983848862
2026-09-13 06:05:29.232,0.21345784127082268,0.15525,0.621,4983.0,4.0,3857.0,1917.172983848862
2026-09-13 06:05:29.265,0.21364768506429707,0.155,0.62,4983.0,4.0,3857.0,1917.172983848862
2026-09-13 06:05:30.663,0.21364768506429707,0.155,0.62,4983.0,4.0,3857.0,1917.172983848862
2026-09-13 06:05:30.714,0.21364768506429707,0.155,0.62,4983.0,4.0,3857.0,1917.172983848862
2026-09-13 06:05:32.731,0.21379487832967312,0.15475,0.619,4983.0,4.0,3857.0,1917.172983848862
2026-09-13 06:05:32.765,0.21360555548330912,0.155,0.62,4983.0,4.0,3857.0,1917.172983848862
2026-09-13 06:05:34.163,0.21360555548330912,0.155,0.62,4983.0,4.0,3857.0,1917.172983848862
2026-09-13 06:05:34.214,0.21360555548330912,0.155,0.62,4983.0,4.0,3857.0,1917.172983848862
2026-09-13 06:05:36.232,0.21345784127082265,0.15525,0.621,4983.0,4.0,3857.0,1917.172983848862
2026-09-13 06:05:36.265,0.21364768506429704,0.155,0.62,4983.0,4.0,3857.0,1917.172983848862
2026-09-13 06:05:37.663,0.21364768506429704,0.155,0.62,4983.0,4.0,3857.0,1917.172983848862
2026-09-13 06:05:37.714,0.21364768506429704,0.155,0.62,4983.0,4.0,3857.0,1917.172983848862
2026-09-13 06:05:39.732,0.2137948783296731,0.15475,0.619,4983.0,4.0,3857.0,1917.172983848862
2026-09-13 06:05:39.765,0.2137948783296731,0.15475,0.619,4983.0,4.0,3857.0,1917.172983848862
2026-09-13 06:05:41.164,0.21429419030855623,0.155,0.62,4983.0,4.0,3857.0,1917.172983848862
2026-09-13 06:05:41.214,0.21445648354230992,0.15475,0.619,4983.0,4.0,3857.0,1917.172983848862
2026-09-13 06:05:43.232,0.21445648354230992,0.15475,0.619,4983.0,4.0,3857.0,1917.172983848862
2026-09-13 06:05:43.266,0.2142677452783465,0.155,0.62,4983.0,4.0,3857.0,1917.172983848862
2026-09-13 06:05:44.664,0.2142677452783465,0.155,0.62,4983.0,4.0,3857.0,1917.172983848862
2026-09-13 06:05:44.714,0.2142677452783465,0.155,0.62,4983.0,4.0,3857.0,1917.172983848862
2026-09-13 06:05:46.732,0.2142677452783465,0.155,0.62,4983.0,4.0,3857.0,1917.172983848862
2026-09-13 06:05:46.766,0.2142677452783465,0.155,0.62,4983.0,4.0,3857.0,1917.172983848862
2026-09-13 06:05:48.164,0.2142677452783465,0.155,0.62,4983.0,4.0,3857.0,1917.172983848862
2026-09-13 06:05:48.215,0.2141049197628732,0.15525,0.621,4983.0,4.0,3857.0,1917.172983848862
2026-09-13 06:05:50.232,0.2141049197628732,0.15525,0.621,4983.0,4.0,3857.0,1917.172983848862
2026-09-13 06:05:50.266,0.2141049197628732,0.15525,0.621,4983.0,4.0,3857.0,1917.172983848862
2026-09-13 06:05:51.664,0.2136055554833091,0.155,0.62,4983.0,4.0,3857.0,1917.172983848862
2026-09-13 06:05:51.715,0.2136055554833091,0.155,0.62,4983.0,4.0,3857.0,1917.172983848862
2026-09-13 06:05:53.732,0.2136055554833091,0.155,0.62,4983.0,4.0,3857.0,1917.172983848862
2026-09-13 06:05:53.766,0.2136055554833091,0.155,0.62,4983.0,4.0,3857.0,1917.172983848862
2026-09-13 06:05:55.164,0.2136055554833091,0.155,0.62,4983.0,4.0,3857.0,1917.172983848862
2026-09-13 06:05:55.215,0.2136055554833091,0.155,0.62,4983.0,4.0,3857.0,1917.172983848862
2026-09-13 06:05:57.232,0.2136055554833091,0.155,0.62,4983.0,4.0,3857.0,1917.172983848862
2026-09-13 06:05:57.266,0.2136055554833091,0.155,0.62,4983.0,4.0,3857.0,1917.172983848862
2026-09-13 06:05:58.664,0.2136055554833091,0.155,0.62,4983.0,4.0,3857.0,1917.172983848862
2026-09-13 06:05:58.715,0.2136055554833091,0.155,0.62,4983.0,4.0,3857.0,1917.172983848862
2026-09-13 06:06:00.732,0.2136055554833091,0.155,0.62,4983.0,4.0,3857.0,1917.172983848862
2026-09-13 06:06:00.766,0.2136055554833091,0.155,0.62,4983.0,4.0,3857.0,1917.172983848862
2026-09-13 06:06:02.164,0.2136055554833091,0.155,0.62,4983.0,4.0,3857.0,1917.172983848862
2026-09-13 06:06:02.215,0.2136055554833091,0.155,0.62,4983.0,4.0,3857.0,1917.172983848862
2026-09-13 06:06:04.232,0.2136055554833091,0.155,0.62,4983.0,4.0,3857.0,1917.172983848862
2026-09-13 06:06:04.266,0.2136055554833091,0.155,0.62,4983.0,4.0,3857.0,1917.172983848862
2026-09-13 06:06:05.664,0.2136055554833091,0.155,0.62,4983.0,4.0,3857.0,1917.172983848862
2026-09-13 06:06:05.715,0.2136055554833091,0.155,0.62,4983.0,4.0,3857.0,1917.172983848862
2026-09-13 06:06:07.732,0.2136055554833091,0.155,0.62,4983.0,4.0,3857.0,1917.172983848862
2026-09-13 06:06:07.766,0.2136055554833091,0.155,0.62,4983.0,4.0,3857.0,1917.172983848862
2026-09-13 06:06:09.164,0.2136055554833091,0.155,0.62,4983.0,4.0,3857.0,1917.172983848862
2026-09-13 06:06:09.215,0.2136055554833091,0.155,0.62,4983.0,4.0,3857.0,1917.172983848862
2026-09-13 06:06:11.232,0.2136055554833091,0.155,0.62,4983.0,4.0,3857.0,1917.172983848862
2026-09-13 06:06:11.266,0.2136055554833091,0.155,0.62,4983.0,4.0,3857.0,1917.172983848862
2026-09-13 06:06:12.664,0.015641824275522548,0.054,0.216,4983.0,4.0,3857.0,1917.172983848862
2026-09-13 06:06:12.714,0.01571358223532516,0.053750000000000006,0.21500000000000002,4983.0,4.0,3857.0,1917.172983848862
2026-09-13 06:06:14.733,0.015853495934114756,0.054000000000000006,0.21600000000000003,4983.0,4.0,3857.0,1917.172983848862
2026-09-13 06:06:14.766,0.016276260831847293,0.053750000000000006,0.21500000000000002,4983.0,4.0,3857.0,1917.172983848862
2026-09-13 06:06:16.164,0.21381046902962067,0.15475,0.619,4983.0,4.0,3857.0,1917.172983848862
2026-09-13 06:06:16.215,0.21364768506429704,0.155,0.62,4983.0,4.0,3857.0,1917.172983848862
2026-09-13 06:06:18.233,0.2137948783296731,0.15475,0.619,4983.0,4.0,3857.0,1917.172983848862
2026-09-13 06:06:18.267,0.21360555548330912,0.155,0.62,4983.0,4.0,3857.0,1917.172983848862
2026-09-13 06:06:19.665,0.21410491976287324,0.15525,0.621,4983.0,4.0,3857.0,1917.172983848862
2026-09-13 06:06:19.715,0.21426774527834652,0.155,0.62,4983.0,4.0,3857.0,1917.172983848862
2026-09-13 06:06:21.733,0.21426774527834652,0.155,0.62,4983.0,4.0,3857.0,1917.172983848862
2026-09-13 06:06:21.767,0.21426774527834652,0.155,0.62,4983.0,4.0,3857.0,1917.172983848862
2026-09-13 06:06:23.165,0.2142677452783465,0.155,0.62,4983.0,4.0,3857.0,1917.172983848862
2026-09-13 06:06:23.215,0.2142677452783465,0.155,0.62,4983.0,4.0,3857.0,1917.172983848862
2026-09-13 06:06:25.233,0.2142677452783465,0.155,0.62,4983.0,4.0,3857.0,1917.172983848862
2026-09-13 06:06:25.267,0.2142677452783465,0.155,0.62,4983.0,4.0,3857.0,1917.172983848862
2026-09-13 06:06:26.665,0.2142677452783465,0.155,0.62,4983.0,4.0,3857.0,1917.172983848862
2026-09-13 06:06:26.716,0.2141049197628732,0.15525,0.621,4983.0,4.0,3857.0,1917.172983848862
2026-09-13 06:06:28.733,0.2141049197628732,0.15525,0.621,4983.0,4.0,3857.0,1917.172983848862
2026-09-13 06:06:28.767,0.2141049197628732,0.15525,0.621,4983.0,4.0,3857.0,1917.172983848862
2026-09-13 06:06:30.165,0.21360555548330912,0.155,0.62,4983.0,4.0,3857.0,1917.172983848862
2026-09-13 06:06:30.216,0.21360555548330912,0.155,0.62,4983.0,4.0,3857.0,1917.172983848862
2026-09-13 06:06:32.233,0.21360555548330912,0.155,0.62,4983.0,4.0,3857.0,1917.172983848862
2026-09-13 06:06:32.267,0.21360555548330912,0.155,0.62,4983.0,4.0,3857.0,1917.172983848862
2026-09-13 06:06:33.688,0.015521490478246944,0.042749999999999996,0.17099999999999999,4983.0,4.0,3857.0,1917.172983848862
2026-09-13 06:06:33.738,0.015351438586214336,0.0425,0.17,4983.0,4.0,3857.0,1917.172983848862
2026-09-13 06:06:35.756,0.015351438586214336,0.0425,0.17,4983.0,4.0,3857.0,1917.172983848862
2026-09-13 06:06:35.790,0.015351438586214336,0.0425,0.17,4983.0,4.0,3857.0,1917.172983848862
2026-09-13 06:06:37.188,0.21376837153018305,0.15475,0.619,4983.0,4.0,3857.0,1917.172983848862
2026-09-13 06:06:37.239,0.2136055554833091,0.155,0.62,4983.0,4.0,3857.0,1917.172983848862
2026-09-13 06:06:39.256,0.2136055554833091,0.155,0.62,4983.0,4.0,3857.0,1917.172983848862
2026-09-13 06:06:39.290,0.2136055554833091,0.155,0.62,4983.0,4.0,3857.0,1917.172983848862
2026-09-13 06:06:40.688,0.2136055554833091,0.155,0.62,4983.0,4.0,3857.0,1917.172983848862
2026-09-13 06:06:40.739,0.2136055554833091,0.155,0.62,4983.0,4.0,3857.0,1917.172983848862
2026-09-13 06:06:42.756,0.2136055554833091,0.155,0.62,4983.0,4.0,3857.0,1917.172983848862
2026-09-13 06:06:42.790,0.2136055554833091,0.155,0.62,4983.0,4.0,3857.0,1917.172983848862
2026-09-13 06:06:44.188,0.2136055554833091,0.155,0.62,4983.0,4.0,3857.0,1917.172983848862
2026-09-13 06:06:44.239,0.2136055554833091,0.155,0.62,4983.0,4.0,3857.0,1917.172983848862
2026-09-13 06:06:46.256,0.2136055554833091,0.155,0.62,4983.0,4.0,3857.0,1917.172983848862
2026-09-13 06:06:46.290,0.2136055554833091,0.155,0.62,4983.0,4.0,3857.0,1917.172983848862
2026-09-13 06:06:47.688,0.2136055554833091,0.155,0.62,4983.0,4.0,3857.0,1917.172983848862
2026-09-13 06:06:47.739,0.2136055554833091,0.155,0.62,4983.0,4.0,3857.0,1917.172983848862
2026-09-13 06:06:49.756,0.2136055554833091,0.155,0.62,4983.0,4.0,3857.0,1917.172983848862
2026-09-13 06:06:49.790,0.2136055554833091,0.155,0.62,4983.0,4.0,3857.0,1917.172983848862
2026-09-13 06:06:51.188,0.2136055554833091,0.155,0.62,4983.0,4.0,3857.0,1917.172983848862
2026-09-13 06:06:51.239,0.2136055554833091,0.155,0.62,4983.0,4.0,3857.0,1917.172983848862
2026-09-13 06:06:53.257,0.21345784127082262,0.15525,0.621,4983.0,4.0,3857.0,1917.172983848862
2026-09-13 06:06:53.290,0.21364768506429702,0.155,0.62,4983.0,4.0,3857.0,1917.172983848862
2026-09-13 06:06:54.688,0.21364768506429702,0.155,0.62,4983.0,4.0,3857.0,1917.172983848862
2026-09-13 06:06:54.739,0.21364768506429702,0.155,0.62,4983.0,4.0,3857.0,1917.172983848862
2026-09-13 06:06:56.757,0.21379487832967303,0.15475,0.619,4983.0,4.0,3857.0,1917.172983848862
2026-09-13 06:06:56.791,0.2136055554833091,0.155,0.62,4983.0,4.0,3857.0,1917.172983848862
2026-09-13 06:06:58.189,0.21410491976287319,0.15525,0.621,4983.0,4.0,3857.0,1917.172983848862
2026-09-13 06:06:58.239,0.2142677452783465,0.155,0.62,4983.0,4.0,3857.0,1917.172983848862
2026-09-13 06:07:00.257,0.2142677452783465,0.155,0.62,4983.0,4.0,3857.0,1917.172983848862
2026-09-13 06:07:00.291,0.2142677452783465,0.155,0.62,4983.0,4.0,3857.0,1917.172983848862
2026-09-13 06:07:01.689,0.2142677452783465,0.155,0.62,4983.0,4.0,3857.0,1917.172983848862
2026-09-13 06:07:01.740,0.2141049197628732,0.15525,0.621,4983.0,4.0,3857.0,1917.172983848862
2026-09-13 06:07:03.757,0.2141049197628732,0.15525,0.621,4983.0,4.0,3857.0,1917.172983848862
2026-09-13 06:07:03.791,0.2141049197628732,0.15525,0.621,4983.0,4.0,3857.0,1917.172983848862
2026-09-13 06:07:05.189,0.2141049197628732,0.15525,0.621,4983.0,4.0,3857.0,1917.172983848862
2026-09-13 06:07:05.240,0.2141049197628732,0.15525,0.621,4983.0,4.0,3857.0,1917.172983848862
2026-09-13 06:07:07.257,0.2141049197628732,0.15525,0.621,4983.0,4.0,3857.0,1917.172983848862
2026-09-13 06:07:07.291,0.2141049197628732,0.15525,0.621,4983.0,4.0,3857.0,1917.172983848862
2026-09-13 06:07:08.689,0.2136055554833091,0.155,0.62,4983.0,4.0,3857.0,1917.172983848862
2026-09-13 06:07:08.740,0.2136055554833091,0.155,0.62,4983.0,4.0,3857.0,1917.172983848862
2026-09-13 06:07:10.757,0.2136055554833091,0.155,0.62,4983.0,4.0,3857.0,1917.172983848862
2026-09-13 06:07:10.791,0.2136055554833091,0.155,0.62,4983.0,4.0,3857.0,1917.172983848862
2026-09-13 06:07:12.189,0.2136055554833091,0.155,0.62,4983.0,4.0,3857.0,1917.172983848862
2026-09-13 06:07:12.240,0.2136055554833091,0.155,0.62,4983.0,4.0,3857.0,1917.172983848862
2026-09-13 06:07:16.776,0.2357532254993197,0.24575,0.983,4923.0,3.0,3864.0,1916.0083507124777
2026-09-13 06:07:16.827,0.2307639486574967,0.25,1.0,4923.0,2.0,7704.0,2210.0968304578764
2026-09-13 06:07:18.844,0.18454877404090148,0.14625,0.585,4983.0,3.0,7697.0,2212.119402292731
2026-09-13 06:07:18.878,0.1876432785899876,0.142,0.568,4983.0,4.0,3857.0,1917.172983848862
2026-09-13 06:07:20.276,0.2136055554833091,0.155,0.62,4983.0,4.0,3857.0,1917.172983848862
2026-09-13 06:07:20.327,0.2136055554833091,0.155,0.62,4983.0,4.0,3857.0,1917.172983848862
2026-09-13 06:07:22.344,0.2136055554833091,0.155,0.62,4983.0,4.0,3857.0,1917.172983848862
2026-09-13 06:07:22.378,0.2136055554833091,0.155,0.62,4983.0,4.0,3857.0,1917.172983848862
2026-09-13 06:07:23.776,0.2136055554833091,0.155,0.62,4983.0,4.0,3857.0,1917.172983848862
2026-09-13 06:07:23.827,0.2136055554833091,0.155,0.62,4983.0,4.0,3857.0,1917.172983848862
2026-09-13 06:07:25.845,0.21345784127082262,0.15525,0.621,4983.0,4.0,3857.0,1917.172983848862
2026-09-13 06:07:25.879,0.21345784127082262,0.15525,0.621,4983.0,4.0,3857.0,1917.172983848862
2026-09-13 06:07:27.276,0.21345784127082262,0.15525,0.621,4983.0,4.0,3857.0,1917.172983848862
2026-09-13 06:07:27.327,0.21345784127082262,0.15525,0.621,4983.0,4.0,3857.0,1917.172983848862
2026-09-13 06:07:29.344,0.2136055554833091,0.155,0.62,4983.0,4.0,3857.0,1917.172983848862
2026-09-13 06:07:29.378,0.2136055554833091,0.155,0.62,4983.0,4.0,3857.0,1917.172983848862
2026-09-13 06:07:30.776,0.2136055554833091,0.155,0.62,4983.0,4.0,3857.0,1917.172983848862
2026-09-13 06:07:30.827,0.2136055554833091,0.155,0.62,4983.0,4.0,3857.0,1917.172983848862
2026-09-13 06:07:32.871,0.21345784127082262,0.15525,0.621,4983.0,4.0,3857.0,1917.172983848862
2026-09-13 06:07:32.904,0.21364768506429702,0.155,0.62,4983.0,4.0,3857.0,1917.172983848862
2026-09-13 06:07:34.302,0.21364768506429702,0.155,0.62,4983.0,4.0,3857.0,1917.172983848862
2026-09-13 06:07:34.353,0.21364768506429702,0.155,0.62,4983.0,4.0,3857.0,1917.172983848862
2026-09-13 06:07:36.371,0.21379487832967303,0.15475,0.619,4983.0,4.0,3857.0,1917.172983848862
2026-09-13 06:07:36.404,0.21379487832967303,0.15475,0.619,4983.0,4.0,3857.0,1917.172983848862
2026-09-13 06:07:37.803,0.21429419030855618,0.155,0.62,4983.0,4.0,3857.0,1917.172983848862
2026-09-13 06:07:37.853,0.2144564835423099,0.15475,0.619,4983.0,4.0,3857.0,1917.172983848862
2026-09-13 06:07:39.871,0.2144564835423099,0.15475,0.619,4983.0,4.0,3857.0,1917.172983848862
2026-09-13 06:07:39.905,0.21426774527834644,0.155,0.62,4983.0,4.0,3857.0,1917.172983848862
2026-09-13 06:07:41.303,0.21426774527834644,0.155,0.62,4983.0,4.0,3857.0,1917.172983848862
2026-09-13 06:07:41.353,0.21426774527834644,0.155,0.62,4983.0,4.0,3857.0,1917.172983848862
2026-09-13 06:07:43.371,0.21426774527834644,0.155,0.62,4983.0,4.0,3857.0,1917.172983848862
2026-09-13 06:07:43.405,0.21426774527834644,0.155,0.62,4983.0,4.0,3857.0,1917.172983848862
2026-09-13 06:07:44.803,0.21376837153018302,0.15475,0.619,4983.0,4.0,3857.0,1917.172983848862
2026-09-13 06:07:44.854,0.21360555548330903,0.155,0.62,4983.0,4.0,3857.0,1917.172983848862
2026-09-13 06:07:46.871,0.21360555548330903,0.155,0.62,4983.0,4.0,3857.0,1917.172983848862
2026-09-13 06:07:46.905,0.21360555548330903,0.155,0.62,4983.0,4.0,3857.0,1917.172983848862
2026-09-13 06:07:48.303,0.21360555548330903,0.155,0.62,4983.0,4.0,3857.0,1917.172983848862
2026-09-13 06:07:48.354,0.21360555548330903,0.155,0.62,4983.0,4.0,3857.0,1917.172983848862
2026-09-13 06:07:50.371,0.21360555548330903,0.155,0.62,4983.0,4.0,3857.0,1917.172983848862
2026-09-13 06:07:50.405,0.21360555548330903,0.155,0.62,4983.0,4.0,3857.0,1917.172983848862
2026-09-13 06:07:51.803,0.21360555548330903,0.155,0.62,4983.0,4.0,3857.0,1917.172983848862
2026-09-13 06:07:51.854,0.21360555548330903,0.155,0.62,4983.0,4.0,3857.0,1917.172983848862
2026-09-13 06:07:53.871,0.21360555548330903,0.155,0.62,4983.0,4.0,3857.0,1917.172983848862
2026-09-13 06:07:53.905,0.21360555548330903,0.155,0.62,4983.0,4.0,3857.0,1917.172983848862
2026-09-13 06:07:55.309,0.015521490478246672,0.042749999999999996,0.17099999999999999,4983.0,4.0,3857.0,1917.172983848862
2026-09-13 06:07:55.359,0.015351438586214062,0.0425,0.17,4983.0,4.0,3857.0,1917.172983848862
2026-09-13 06:07:57.377,0.015351438586214062,0.0425,0.17,4983.0,4.0,3857.0,1917.172983848862
2026-09-13 06:07:57.411,0.015351438586214062,0.0425,0.17,4983.0,4.0,3857.0,1917.172983848862
2026-09-13 06:07:58.809,0.21376837153018297,0.15475,0.619,4983.0,4.0,3857.0,1917.172983848862
2026-09-13 06:07:58.860,0.21360555548330903,0.155,0.62,4983.0,4.0,3857.0,1917.172983848862
2026-09-13 06:08:00.877,0.21360555548330903,0.155,0.62,4983.0,4.0,3857.0,1917.172983848862
2026-09-13 06:08:00.911,0.21360555548330903,0.155,0.62,4983.0,4.0,3857.0,1917.172983848862
2026-09-13 06:08:02.309,0.21360555548330903,0.155,0.62,4983.0,4.0,3857.0,1917.172983848862
2026-09-13 06:08:02.360,0.21360555548330903,0.155,0.62,4983.0,4.0,3857.0,1917.172983848862
2026-09-13 06:08:04.377,0.21360555548330903,0.155,0.62,4983.0,4.0,3857.0,1917.172983848862
2026-09-13 06:08:04.411,0.21360555548330903,0.155,0.62,4983.0,4.0,3857.0,1917.172983848862
2026-09-13 06:08:05.809,0.21360555548330903,0.155,0.62,4983.0,4.0,3857.0,1917.172983848862
2026-09-13 06:08:05.860,0.21360555548330903,0.155,0.62,4983.0,4.0,3857.0,1917.172983848862
2026-09-13 06:08:07.878,0.21345784127082254,0.15525,0.621,4983.0,4.0,3857.0,1917.172983848862
2026-09-13 06:08:07.911,0.21364768506429693,0.155,0.62,4983.0,4.0,3857.0,1917.172983848862
2026-09-13 06:08:09.309,0.21364768506429693,0.155,0.62,4983.0,4.0,3857.0,1917.172983848862
2026-09-13 06:08:09.360,0.21364768506429693,0.155,0.62,4983.0,4.0,3857.0,1917.172983848862
2026-09-13 06:08:11.378,0.21364768506429693,0.155,0.62,4983.0,4.0,3857.0,1917.172983848862
2026-09-13 06:08:11.411,0.21364768506429693,0.155,0.62,4983.0,4.0,3857.0,1917.172983848862
2026-09-13 06:08:12.809,0.10497460010243584,0.1005,0.402,4983.0,4.0,3857.0,1917.172983848862
2026-09-13 06:08:12.860,0.10497460010243584,0.1005,0.402,4983.0,4.0,3857.0,1917.172983848862
2026-09-13 06:08:14.878,0.10510114176353963,0.10025,0.401,4983.0,4.0,3857.0,1917.172983848862
2026-09-13 06:08:14.912,0.10488883003764664,0.1005,0.402,4983.0,4.0,3857.0,1917.172983848862
2026-09-13 06:08:16.310,0.21410491976287316,0.15525,0.621,4983.0,4.0,3857.0,1917.172983848862
2026-09-13 06:08:16.360,0.21426774527834644,0.155,0.62,4983.0,4.0,3857.0,1917.172983848862
2026-09-13 06:08:18.378,0.21426774527834644,0.155,0.62,4983.0,4.0,3857.0,1917.172983848862
2026-09-13 06:08:18.412,0.21426774527834644,0.155,0.62,4983.0,4.0,3857.0,1917.172983848862
2026-09-13 06:08:19.810,0.21426774527834644,0.155,0.62,4983.0,4.0,3857.0,1917.172983848862
2026-09-13 06:08:19.860,0.21426774527834644,0.155,0.62,4983.0,4.0,3857.0,1917.172983848862
2026-09-13 06:08:21.878,0.21426774527834644,0.155,0.62,4983.0,4.0,3857.0,1917.172983848862
2026-09-13 06:08:21.912,0.21426774527834644,0.155,0.62,4983.0,4.0,3857.0,1917.172983848862
2026-09-13 06:08:23.310,0.21376837153018297,0.15475,0.619,4983.0,4.0,3857.0,1917.172983848862
2026-09-13 06:08:23.361,0.21360555548330903,0.155,0.62,4983.0,4.0,3857.0,1917.172983848862
2026-09-13 06:08:25.378,0.21360555548330903,0.155,0.62,4983.0,4.0,3857.0,1917.172983848862
2026-09-13 06:08:25.412,0.21360555548330903,0.155,0.62,4983.0,4.0,3857.0,1917.172983848862
2026-09-13 06:08:26.810,0.21360555548330903,0.155,0.62,4983.0,4.0,3857.0,1917.172983848862
2026-09-13 06:08:26.861,0.21360555548330903,0.155,0.62,4983.0,4.0,3857.0,1917.172983848862
2026-09-13 06:08:28.878,0.21360555548330903,0.155,0.62,4983.0,4.0,3857.0,1917.172983848862
2026-09-13 06:08:28.912,0.21360555548330903,0.155,0.62,4983.0,4.0,3857.0,1917.172983848862
2026-09-13 06:08:30.310,0.21360555548330903,0.155,0.62,4983.0,4.0,3857.0,1917.172983848862
2026-09-13 06:08:30.361,0.21360555548330903,0.155,0.62,4983.0,4.0,3857.0,1917.172983848862
2026-09-13 06:08:32.378,0.21360555548330903,0.155,0.62,4983.0,4.0,3857.0,1917.172983848862
2026-09-13 06:08:32.412,0.21360555548330903,0.155,0.62,4983.0,4.0,3857.0,1917.172983848862
2026-09-13 06:08:33.810,0.21360555548330903,0.155,0.62,4983.0,4.0,3857.0,1917.172983848862
2026-09-13 06:08:33.861,0.21360555548330903,0.155,0.62,4983.0,4.0,3857.0,1917.172983848862
2026-09-13 06:08:35.878,0.21360555548330903,0.155,0.62,4983.0,4.0,3857.0,1917.172983848862
2026-09-13 06:08:35.912,0.21360555548330903,0.155,0.62,4983.0,4.0,3857.0,1917.172983848862
2026-09-13 06:08:37.310,0.21360555548330903,0.155,0.62,4983.0,4.0,3857.0,1917.172983848862
2026-09-13 06:08:37.361,0.21360555548330903,0.155,0.62,4983.0,4.0,3857.0,1917.172983848862
2026-09-13 06:08:39.378,0.21360555548330903,0.155,0.62,4983.0,4.0,3857.0,1917.172983848862
2026-09-13 06:08:39.412,0.21360555548330903,0.155,0.62,4983.0,4.0,3857.0,1917.172983848862
2026-09-13 06:08:40.810,0.21360555548330903,0.155,0.62,4983.0,4.0,3857.0,1917.172983848862
2026-09-13 06:08:40.861,0.21360555548330903,0.155,0.62,4983.0,4.0,3857.0,1917.172983848862
2026-09-13 06:08:42.878,0.21360555548330903,0.155,0.62,4983.0,4.0,3857.0,1917.172983848862
2026-09-13 06:08:42.912,0.21360555548330903,0.155,0.62,4983.0,4.0,3857.0,1917.172983848862
2026-09-13 06:08:44.310,0.21360555548330903,0.155,0.62,4983.0,4.0,3857.0,1917.172983848862
2026-09-13 06:08:44.361,0.21360555548330903,0.155,0.62,4983.0,4.0,3857.0,1917.172983848862
2026-09-13 06:08:46.392,0.21360555548330903,0.155,0.62,4983.0,4.0,3857.0,1917.172983848862
2026-09-13 06:08:46.426,0.21360555548330903,0.155,0.62,4983.0,4.0,3857.0,1917.172983848862
2026-09-13 06:08:47.824,0.21360555548330903,0.155,0.62,4983.0,4.0,3857.0,1917.172983848862
2026-09-13 06:08:47.875,0.21360555548330903,0.155,0.62,4983.0,4.0,3857.0,1917.172983848862
2026-09-13 06:08:49.892,0.21360555548330903,0.155,0.62,4983.0,4.0,3857.0,1917.172983848862
2026-09-13 06:08:49.926,0.21360555548330903,0.155,0.62,4983.0,4.0,3857.0,1917.172983848862
2026-09-13 06:08:51.324,0.21360555548330903,0.155,0.62,4983.0,4.0,3857.0,1917.172983848862
2026-09-13 06:08:51.375,0.21360555548330903,0.155,0.62,4983.0,4.0,3857.0,1917.172983848862
2026-09-13 06:08:53.393,0.21360555548330903,0.155,0.62,4983.0,4.0,3857.0,1917.172983848862
2026-09-13 06:08:53.426,0.213794878329673,0.15475,0.619,4983.0,4.0,3857.0,1917.172983848862
2026-09-13 06:08:54.825,0.21429419030855615,0.155,0.62,4983.0,4.0,3857.0,1917.172983848862
2026-09-13 06:08:54.875,0.21445648354230984,0.15475,0.619,4983.0,4.0,3857.0,1917.172983848862
2026-09-13 06:08:56.893,0.21445648354230984,0.15475,0.619,4983.0,4.0,3857.0,1917.172983848862
2026-09-13 06:08:56.927,0.21426774527834644,0.155,0.62,4983.0,4.0,3857.0,1917.172983848862
2026-09-13 06:08:58.325,0.21426774527834644,0.155,0.62,4983.0,4.0,3857.0,1917.172983848862
2026-09-13 06:08:58.375,0.21426774527834644,0.155,0.62,4983.0,4.0,3857.0,1917.172983848862
2026-09-13 06:09:00.393,0.21426774527834644,0.155,0.62,4983.0,4.0,3857.0,1917.172983848862
2026-09-13 06:09:00.427,0.21426774527834644,0.155,0.62,4983.0,4.0,3857.0,1917.172983848862
2026-09-13 06:09:01.825,0.21376837153018297,0.15475,0.619,4983.0,4.0,3857.0,1917.172983848862
2026-09-13 06:09:01.876,0.21360555548330903,0.155,0.62,4983.0,4.0,3857.0,1917.172983848862
2026-09-13 06:09:03.893,0.21360555548330903,0.155,0.62,4983.0,4.0,3857.0,1917.172983848862
2026-09-13 06:09:03.927,0.21360555548330903,0.155,0.62,4983.0,4.0,3857.0,1917.172983848862
2026-09-13 06:09:05.325,0.21410491976287316,0.15525,0.621,4983.0,4.0,3857.0,1917.172983848862
2026-09-13 06:09:05.376,0.21410491976287316,0.15525,0.621,4983.0,4.0,3857.0,1917.172983848862
2026-09-13 06:09:07.393,0.21410491976287316,0.15525,0.621,4983.0,4.0,3857.0,1917.172983848862
2026-09-13 06:09:07.427,0.21410491976287316,0.15525,0.621,4983.0,4.0,3857.0,1917.172983848862
2026-09-13 06:09:08.830,0.21360555548330903,0.155,0.62,4983.0,4.0,3857.0,1917.172983848862
2026-09-13 06:09:08.881,0.21360555548330903,0.155,0.62,4983.0,4.0,3857.0,1917.172983848862
2026-09-13 06:09:10.898,0.21360555548330903,0.155,0.62,4983.0,4.0,3857.0,1917.172983848862
2026-09-13 06:09:10.932,0.21360555548330903,0.155,0.62,4983.0,4.0,3857.0,1917.172983848862
2026-09-13 06:09:12.330,0.21360555548330903,0.155,0.62,4983.0,4.0,3857.0,1917.172983848862
2026-09-13 06:09:12.381,0.21360555548330903,0.155,0.62,4983.0,4.0,3857.0,1917.172983848862
2026-09-13 06:09:14.398,0.21360555548330903,0.155,0.62,4983.0,4.0,3857.0,1917.172983848862
2026-09-13 06:09:14.432,0.21360555548330903,0.155,0.62,4983.0,4.0,3857.0,1917.172983848862
2026-09-13 06:09:15.830,0.21360555548330903,0.155,0.62,4983.0,4.0,3857.0,1917.172983848862
2026-09-13 06:09:15.881,0.21360555548330903,0.155,0.62,4983.0,4.0,3857.0,1917.172983848862
2026-09-13 06:09:17.898,0.21360555548330903,0.155,0.62,4983.0,4.0,3857.0,1917.172983848862
2026-09-13 06:09:17.932,0.21360555548330903,0.155,0.62,4983.0,4.0,3857.0,1917.172983848862
2026-09-13 06:09:19.330,0.21360555548330903,0.155,0.62,4983.0,4.0,3857.0,1917.172983848862
2026-09-13 06:09:19.381,0.21360555548330903,0.155,0.62,4983.0,4.0,3857.0,1917.172983848862
2026-09-13 06:09:21.398,0.21360555548330903,0.155,0.62,4983.0,4.0,3857.0,1917.172983848862
2026-09-13 06:09:21.432,0.21360555548330903,0.155,0.62,4983.0,4.0,3857.0,1917.172983848862
2026-09-13 06:09:22.830,0.21360555548330903,0.155,0.62,4983.0,4.0,3857.0,1917.172983848862
2026-09-13 06:09:22.881,0.21360555548330903,0.155,0.62,4983.0,4.0,3857.0,1917.172983848862
2026-09-13 06:09:24.898,0.21360555548330903,0.155,0.62,4983.0,4.0,3857.0,1917.172983848862
2026-09-13 06:09:24.932,0.21360555548330903,0.155,0.62,4983.0,4.0,3857.0,1917.172983848862
2026-09-13 06:09:26.330,0.21360555548330903,0.155,0.62,4983.0,4.0,3857.0,1917.172983848862
2026-09-13 06:09:26.381,0.21360555548330903,0.155,0.62,4983.0,4.0,3857.0,1917.172983848862
2026-09-13 06:09:28.398,0.21360555548330903,0.155,0.62,4983.0,4.0,3857.0,1917.172983848862
2026-09-13 06:09:28.432,0.21360555548330903,0.155,0.62,4983.0,4.0,3857.0,1917.172983848862
2026-09-13 06:09:29.830,0.21360555548330903,0.155,0.62,4983.0,4.0,3857.0,1917.172983848862
2026-09-13 06:09:29.881,0.21360555548330903,0.155,0.62,4983.0,4.0,3857.0,1917.172983848862
2026-09-13 06:09:31.899,0.21345784127082254,0.15525,0.621,4983.0,4.0,3857.0,1917.172983848862
2026-09-13 06:09:31.933,0.21345784127082254,0.15525,0.621,4983.0,4.0,3857.0,1917.172983848862
2026-09-13 06:09:33.330,0.21345784127082254,0.15525,0.621,4983.0,4.0,3857.0,1917.172983848862
2026-09-13 06:09:33.381,0.21345784127082254,0.15525,0.621,4983.0,4.0,3857.0,1917.172983848862
2026-09-13 06:09:35.399,0.21360555548330903,0.155,0.62,4983.0,4.0,3857.0,1917.172983848862
2026-09-13 06:09:35.433,0.21360555548330903,0.155,0.62,4983.0,4.0,3857.0,1917.172983848862
2026-09-13 06:09:36.831,0.21410491976287316,0.15525,0.621,4983.0,4.0,3857.0,1917.172983848862
2026-09-13 06:09:36.881,0.21426774527834644,0.155,0.62,4983.0,4.0,3857.0,1917.172983848862
2026-09-13 06:09:38.899,0.21426774527834644,0.155,0.62,4983.0,4.0,3857.0,1917.172983848862
2026-09-13 06:09:38.933,0.21426774527834644,0.155,0.62,4983.0,4.0,3857.0,1917.172983848862
2026-09-13 06:09:40.331,0.2142677452783464,0.155,0.62,4983.0,4.0,3857.0,1917.172983848862
2026-09-13 06:09:40.382,0.21410491976287313,0.15525,0.621,4983.0,4.0,3857.0,1917.172983848862
2026-09-13 06:09:42.399,0.21410491976287313,0.15525,0.621,4983.0,4.0,3857.0,1917.172983848862
2026-09-13 06:09:42.433,0.21410491976287313,0.15525,0.621,4983.0,4.0,3857.0,1917.172983848862
2026-09-13 06:09:43.831,0.21410491976287313,0.15525,0.621,4983.0,4.0,3857.0,1917.172983848862
2026-09-13 06:09:43.882,0.21410491976287313,0.15525,0.621,4983.0,4.0,3857.0,1917.172983848862
2026-09-13 06:09:45.899,0.21410491976287313,0.15525,0.621,4983.0,4.0,3857.0,1917.172983848862
2026-09-13 06:09:45.933,0.21410491976287313,0.15525,0.621,4983.0,4.0,3857.0,1917.172983848862
2026-09-13 06:09:47.331,0.213605555483309,0.155,0.62,4983.0,4.0,3857.0,1917.172983848862
2026-09-13 06:09:47.382,0.213605555483309,0.155,0.62,4983.0,4.0,3857.0,1917.172983848862
2026-09-13 06:09:49.399,0.213605555483309,0.155,0.62,4983.0,4.0,3857.0,1917.172983848862
2026-09-13 06:09:49.433,0.213605555483309,0.155,0.62,4983.0,4.0,3857.0,1917.172983848862
2026-09-13 06:09:50.831,0.213605555483309,0.155,0.62,4983.0,4.0,3857.0,1917.172983848862
2026-09-13 06:09:50.882,0.213605555483309,0.155,0.62,4983.0,4.0,3857.0,1917.172983848862
2026-09-13 06:09:52.899,0.213605555483309,0.155,0.62,4983.0,4.0,3857.0,1917.172983848862
2026-09-13 06:09:52.933,0.213605555483309,0.155,0.62,4983.0,4.0,3857.0,1917.172983848862
2026-09-13 06:09:54.331,0.213605555483309,0.155,0.62,4983.0,4.0,3857.0,1917.172983848862
2026-09-13 06:09:54.382,0.213605555483309,0.155,0.62,4983.0,4.0,3857.0,1917.172983848862
2026-09-13 06:09:56.399,0.213605555483309,0.155,0.62,4983.0,4.0,3857.0,1917.172983848862
2026-09-13 06:09:56.433,0.213605555483309,0.155,0.62,4983.0,4.0,3857.0,1917.172983848862
2026-09-13 06:09:57.831,0.213605555483309,0.155,0.62,4983.0,4.0,3857.0,1917.172983848862
2026-09-13 06:09:57.882,0.213605555483309,0.155,0.62,4983.0,4.0,3857.0,1917.172983848862
2026-09-13 06:09:59.899,0.213605555483309,0.155,0.62,4983.0,4.0,3857.0,1917.172983848862
2026-09-13 06:09:59.933,0.213605555483309,0.155,0.62,4983.0,4.0,3857.0,1917.172983848862
2026-09-13 06:10:01.331,0.213605555483309,0.155,0.62,4983.0,4.0,3857.0,1917.172983848862
2026-09-13 06:10:01.382,0.213605555483309,0.155,0.62,4983.0,4.0,3857.0,1917.172983848862
2026-09-13 06:10:03.399,0.213605555483309,0.155,0.62,4983.0,4.0,3857.0,1917.172983848862
2026-09-13 06:10:03.433,0.213605555483309,0.155,0.62,4983.0,4.0,3857.0,1917.172983848862
2026-09-13 06:10:04.831,0.213605555483309,0.155,0.62,4983.0,4.0,3857.0,1917.172983848862
2026-09-13 06:10:04.882,0.213605555483309,0.155,0.62,4983.0,4.0,3857.0,1917.172983848862
2026-09-13 06:10:06.900,0.21345784127082254,0.15525,0.621,4983.0,4.0,3857.0,1917.172983848862
2026-09-13 06:10:06.934,0.21345784127082254,0.15525,0.621,4983.0,4.0,3857.0,1917.172983848862
2026-09-13 06:10:08.331,0.21345784127082254,0.15525,0.621,4983.0,4.0,3857.0,1917.172983848862
2026-09-13 06:10:08.382,0.21345784127082254,0.15525,0.621,4983.0,4.0,3857.0,1917.172983848862
2026-09-13 06:10:10.400,0.21345784127082254,0.15525,0.621,4983.0,4.0,3857.0,1917.172983848862
2026-09-13 06:10:10.433,0.21364768506429693,0.155,0.62,4983.0,4.0,3857.0,1917.172983848862
2026-09-13 06:10:11.831,0.18070510046297256,0.1385,0.554,4983.0,4.0,3857.0,1917.172983848862
2026-09-13 06:10:11.881,0.18086712433901947,0.13824999999999998,0.5529999999999999,4983.0,4.0,3857.0,1917.172983848862
2026-09-13 06:10:13.900,0.18086712433901947,0.13825,0.553,4983.0,4.0,3857.0,1917.172983848862
2026-09-13 06:10:13.933,0.18086712433901944,0.13824999999999998,0.5529999999999999,4983.0,4.0,3857.0,1917.172983848862
2026-09-13 06:10:15.331,0.21381046902962056,0.15475,0.619,4983.0,4.0,3857.0,1917.172983848862
2026-09-13 06:10:15.382,0.2136476850642969,0.155,0.62,4983.0,4.0,3857.0,1917.172983848862
2026-09-13 06:10:17.400,0.21379487832967292,0.15475,0.619,4983.0,4.0,3857.0,1917.172983848862
2026-09-13 06:10:17.434,0.21360555548330898,0.155,0.62,4983.0,4.0,3857.0,1917.172983848862
2026-09-13 06:10:18.832,0.21410491976287307,0.15525,0.621,4983.0,4.0,3857.0,1917.172983848862
2026-09-13 06:10:18.882,0.21426774527834636,0.155,0.62,4983.0,4.0,3857.0,1917.172983848862
2026-09-13 06:10:20.900,0.21426774527834636,0.155,0.62,4983.0,4.0,3857.0,1917.172983848862
2026-09-13 06:10:20.934,0.21426774527834636,0.155,0.62,4983.0,4.0,3857.0,1917.172983848862
2026-09-13 06:10:22.332,0.21426774527834636,0.155,0.62,4983.0,4.0,3857.0,1917.172983848862
2026-09-13 06:10:22.383,0.21410491976287307,0.15525,0.621,4983.0,4.0,3857.0,1917.172983848862
2026-09-13 06:10:24.400,0.21410491976287307,0.15525,0.621,4983.0,4.0,3857.0,1917.172983848862
2026-09-13 06:10:24.434,0.21410491976287307,0.15525,0.621,4983.0,4.0,3857.0,1917.172983848862
2026-09-13 06:10:25.832,0.21360555548330898,0.155,0.62,4983.0,4.0,3857.0,1917.172983848862
2026-09-13 06:10:25.883,0.21360555548330898,0.155,0.62,4983.0,4.0,3857.0,1917.172983848862
2026-09-13 06:10:27.900,0.21360555548330898,0.155,0.62,4983.0,4.0,3857.0,1917.172983848862
2026-09-13 06:10:27.934,0.21360555548330898,0.155,0.62,4983.0,4.0,3857.0,1917.172983848862
2026-09-13 06:10:29.332,0.21360555548330898,0.155,0.62,4983.0,4.0,3857.0,1917.172983848862
2026-09-13 06:10:29.383,0.21360555548330898,0.155,0.62,4983.0,4.0,3857.0,1917.172983848862
2026-09-13 06:10:31.400,0.21360555548330898,0.155,0.62,4983.0,4.0,3857.0,1917.172983848862
2026-09-13 06:10:31.434,0.21360555548330898,0.155,0.62,4983.0,4.0,3857.0,1917.172983848862
2026-09-13 06:10:32.832,0.21360555548330898,0.155,0.62,4983.0,4.0,3857.0,1917.172983848862
2026-09-13 06:10:32.883,0.21360555548330898,0.155,0.62,4983.0,4.0,3857.0,1917.172983848862
2026-09-13 06:10:34.900,0.21360555548330898,0.155,0.62,4983.0,4.0,3857.0,1917.172983848862
2026-09-13 06:10:34.934,0.21360555548330898,0.155,0.62,4983.0,4.0,3857.0,1917.172983848862
2026-09-13 06:10:36.332,0.21360555548330898,0.155,0.62,4983.0,4.0,3857.0,1917.172983848862
2026-09-13 06:10:36.383,0.21360555548330898,0.155,0.62,4983.0,4.0,3857.0,1917.172983848862
2026-09-13 06:10:38.400,0.21360555548330898,0.155,0.62,4983.0,4.0,3857.0,1917.172983848862
2026-09-13 06:10:38.434,0.21360555548330898,0.155,0.62,4983.0,4.0,3857.0,1917.172983848862
2026-09-13 06:10:39.832,0.21360555548330898,0.155,0.62,4983.0,4.0,3857.0,1917.172983848862
2026-09-13 06:10:39.883,0.21360555548330898,0.155,0.62,4983.0,4.0,3857.0,1917.172983848862
2026-09-13 06:10:41.900,0.21360555548330898,0.155,0.62,4983.0,4.0,3857.0,1917.172983848862
2026-09-13 06:10:41.934,0.21360555548330898,0.155,0.62,4983.0,4.0,3857.0,1917.172983848862
2026-09-13 06:10:43.332,0.21360555548330898,0.155,0.62,4983.0,4.0,3857.0,1917.172983848862
2026-09-13 06:10:43.383,0.21360555548330898,0.155,0.62,4983.0,4.0,3857.0,1917.172983848862
2026-09-13 06:10:45.401,0.21345784127082248,0.15525,0.621,4983.0,4.0,3857.0,1917.172983848862
2026-09-13 06:10:45.434,0.21364768506429688,0.155,0.62,4983.0,4.0,3857.0,1917.172983848862
2026-09-13 06:10:46.832,0.21364768506429688,0.155,0.62,4983.0,4.0,3857.0,1917.172983848862
2026-09-13 06:10:46.883,0.21364768506429688,0.155,0.62,4983.0,4.0,3857.0,1917.172983848862
2026-09-13 06:10:48.900,0.21379487832967292,0.15475,0.619,4983.0,4.0,3857.0,1917.172983848862
2026-09-13 06:10:48.934,0.21360555548330898,0.155,0.62,4983.0,4.0,3857.0,1917.172983848862
2026-09-13 06:10:50.332,0.21360555548330898,0.155,0.62,4983.0,4.0,3857.0,1917.172983848862
2026-09-13 06:10:50.383,0.21360555548330898,0.155,0.62,4983.0,4.0,3857.0,1917.172983848862
2026-09-13 06:10:52.401,0.21345784127082248,0.15525,0.621,4983.0,4.0,3857.0,1917.172983848862
2026-09-13 06:10:52.434,0.21364768506429688,0.155,0.62,4983.0,4.0,3857.0,1917.172983848862
2026-09-13 06:10:53.832,0.21364768506429688,0.155,0.62,4983.0,4.0,3857.0,1917.172983848862
2026-09-13 06:10:53.883,0.21364768506429688,0.155,0.62,4983.0,4.0,3857.0,1917.172983848862
2026-09-13 06:10:55.901,0.21379487832967292,0.15475,0.619,4983.0,4.0,3857.0,1917.172983848862
2026-09-13 06:10:55.934,0.21379487832967292,0.15475,0.619,4983.0,4.0,3857.0,1917.172983848862
2026-09-13 06:10:57.333,0.21429419030855604,0.155,0.62,4983.0,4.0,3857.0,1917.172983848862
2026-09-13 06:10:57.383,0.21445648354230976,0.15475,0.619,4983.0,4.0,3857.0,1917.172983848862
2026-09-13 06:10:59.401,0.21445648354230976,0.15475,0.619,4983.0,4.0,3857.0,1917.172983848862
2026-09-13 06:10:59.435,0.21426774527834633,0.155,0.62,4983.0,4.0,3857.0,1917.172983848862
2026-09-13 06:11:00.833,0.21426774527834633,0.155,0.62,4983.0,4.0,3857.0,1917.172983848862
2026-09-13 06:11:00.883,0.21426774527834633,0.155,0.62,4983.0,4.0,3857.0,1917.172983848862
2026-09-13 06:11:02.901,0.21426774527834633,0.155,0.62,4983.0,4.0,3857.0,1917.172983848862
2026-09-13 06:11:02.935,0.21426774527834633,0.155,0.62,4983.0,4.0,3857.0,1917.172983848862
2026-09-13 06:11:04.333,0.21426774527834633,0.155,0.62,4983.0,4.0,3857.0,1917.172983848862
2026-09-13 06:11:04.384,0.21410491976287305,0.15525,0.621,4983.0,4.0,3857.0,1917.172983848862
2026-09-13 06:11:06.401,0.21410491976287305,0.15525,0.621,4983.0,4.0,3857.0,1917.172983848862
2026-09-13 06:11:06.435,0.21410491976287305,0.15525,0.621,4983.0,4.0,3857.0,1917.172983848862
2026-09-13 06:11:07.833,0.21360555548330892,0.155,0.62,4983.0,4.0,3857.0,1917.172983848862
2026-09-13 06:11:07.884,0.21360555548330892,0.155,0.62,4983.0,4.0,3857.0,1917.172983848862
2026-09-13 06:11:09.901,0.21360555548330892,0.155,0.62,4983.0,4.0,3857.0,1917.172983848862
2026-09-13 06:11:09.935,0.21360555548330892,0.155,0.62,4983.0,4.0,3857.0,1917.172983848862
2026-09-13 06:11:11.333,0.21360555548330892,0.155,0.62,4983.0,4.0,3857.0,1917.172983848862
2026-09-13 06:11:11.384,0.21360555548330892,0.155,0.62,4983.0,4.0,3857.0,1917.172983848862
2026-09-13 06:11:13.401,0.21360555548330892,0.155,0.62,4983.0,4.0,3857.0,1917.172983848862
2026-09-13 06:11:13.435,0.21360555548330892,0.155,0.62,4983.0,4.0,3857.0,1917.172983848862
2026-09-13 06:11:14.833,0.21360555548330892,0.155,0.62,4983.0,4.0,3857.0,1917.172983848862
2026-09-13 06:11:14.884,0.21360555548330892,0.155,0.62,4983.0,4.0,3857.0,1917.172983848862
2026-09-13 06:11:16.901,0.21360555548330892,0.155,0.62,4983.0,4.0,3857.0,1917.172983848862
2026-09-13 06:11:16.935,0.21360555548330892,0.155,0.62,4983.0,4.0,3857.0,1917.172983848862
2026-09-13 06:11:18.333,0.21360555548330892,0.155,0.62,4983.0,4.0,3857.0,1917.172983848862
2026-09-13 06:11:18.384,0.21360555548330892,0.155,0.62,4983.0,4.0,3857.0,1917.172983848862
2026-09-13 06:11:20.401,0.21360555548330892,0.155,0.62,4983.0,4.0,3857.0,1917.172983848862
2026-09-13 06:11:20.435,0.21360555548330892,0.155,0.62,4983.0,4.0,3857.0,1917.172983848862
2026-09-13 06:11:21.833,0.21360555548330892,0.155,0.62,4983.0,4.0,3857.0,1917.172983848862
2026-09-13 06:11:21.884,0.21360555548330892,0.155,0.62,4983.0,4.0,3857.0,1917.172983848862
2026-09-13 06:11:23.901,0.21360555548330892,0.155,0.62,4983.0,4.0,3857.0,1917.172983848862
2026-09-13 06:11:23.935,0.21360555548330892,0.155,0.62,4983.0,4.0,3857.0,1917.172983848862
2026-09-13 06:11:25.333,0.21360555548330892,0.155,0.62,4983.0,4.0,3857.0,1917.172983848862
2026-09-13 06:11:25.384,0.21360555548330892,0.155,0.62,4983.0,4.0,3857.0,1917.172983848862
2026-09-13 06:11:27.401,0.21360555548330892,0.155,0.62,4983.0,4.0,3857.0,1917.172983848862
2026-09-13 06:11:27.435,0.21360555548330892,0.155,0.62,4983.0,4.0,3857.0,1917.172983848862
2026-09-13 06:11:28.833,0.21360555548330892,0.155,0.62,4983.0,4.0,3857.0,1917.172983848862
2026-09-13 06:11:28.884,0.21360555548330892,0.155,0.62,4983.0,4.0,3857.0,1917.172983848862
2026-09-13 06:11:31.523,0.21360555548330892,0.155,0.62,4983.0,4.0,3857.0,1917.172983848862
2026-09-13 06:11:31.557,0.21360555548330892,0.155,0.62,4983.0,4.0,3857.0,1917.172983848862
2026-09-13 06:11:32.591,0.21360555548330892,0.155,0.62,4983.0,4.0,3857.0,1917.172983848862
2026-09-13 06:11:32.642,0.21360555548330892,0.155,0.62,4983.0,4.0,3857.0,1917.172983848862
2026-09-13 06:11:34.660,0.21345784127082246,0.15525,0.621,4983.0,4.0,3857.0,1917.172983848862
2026-09-13 06:11:34.693,0.21364768506429682,0.155,0.62,4983.0,4.0,3857.0,1917.172983848862
2026-09-13 06:11:36.091,0.21364768506429682,0.155,0.62,4983.0,4.0,3857.0,1917.172983848862
2026-09-13 06:11:36.142,0.21364768506429682,0.155,0.62,4983.0,4.0,3857.0,1917.172983848862
2026-09-13 06:11:38.160,0.21379487832967287,0.15475,0.619,4983.0,4.0,3857.0,1917.172983848862
2026-09-13 06:11:38.193,0.21379487832967287,0.15475,0.619,4983.0,4.0,3857.0,1917.172983848862
2026-09-13 06:11:39.592,0.214294190308556,0.155,0.62,4983.0,4.0,3857.0,1917.172983848862
2026-09-13 06:11:39.642,0.2144564835423097,0.15475,0.619,4983.0,4.0,3857.0,1917.172983848862
2026-09-13 06:11:41.660,0.2144564835423097,0.15475,0.619,4983.0,4.0,3857.0,1917.172983848862
2026-09-13 06:11:41.694,0.2142677452783463,0.155,0.62,4983.0,4.0,3857.0,1917.172983848862
2026-09-13 06:11:43.092,0.21426774527834624,0.155,0.62,4983.0,4.0,3857.0,1917.172983848862
2026-09-13 06:11:43.142,0.21426774527834624,0.155,0.62,4983.0,4.0,3857.0,1917.172983848862
2026-09-13 06:11:45.160,0.2142677452783463,0.155,0.62,4983.0,4.0,3857.0,1917.172983848862
2026-09-13 06:11:45.194,0.2142677452783463,0.155,0.62,4983.0,4.0,3857.0,1917.172983848862
2026-09-13 06:11:46.592,0.2142677452783463,0.155,0.62,4983.0,4.0,3857.0,1917.172983848862
2026-09-13 06:11:46.642,0.2142677452783463,0.155,0.62,4983.0,4.0,3857.0,1917.172983848862
2026-09-13 06:11:48.660,0.2142677452783463,0.155,0.62,4983.0,4.0,3857.0,1917.172983848862
2026-09-13 06:11:48.694,0.2142677452783463,0.155,0.62,4983.0,4.0,3857.0,1917.172983848862
2026-09-13 06:11:50.092,0.21376837153018285,0.15475,0.619,4983.0,4.0,3857.0,1917.172983848862
2026-09-13 06:11:50.143,0.2136055554833089,0.155,0.62,4983.0,4.0,3857.0,1917.172983848862
2026-09-13 06:11:52.160,0.2136055554833089,0.155,0.62,4983.0,4.0,3857.0,1917.172983848862
2026-09-13 06:11:52.194,0.2136055554833089,0.155,0.62,4983.0,4.0,3857.0,1917.172983848862
2026-09-13 06:11:53.592,0.2136055554833089,0.155,0.62,4983.0,4.0,3857.0,1917.172983848862
2026-09-13 06:11:53.643,0.2136055554833089,0.155,0.62,4983.0,4.0,3857.0,1917.172983848862
2026-09-13 06:11:55.660,0.2136055554833089,0.155,0.62,4983.0,4.0,3857.0,1917.172983848862
2026-09-13 06:11:55.694,0.2136055554833089,0.155,0.62,4983.0,4.0,3857.0,1917.172983848862
2026-09-13 06:11:57.092,0.2136055554833089,0.155,0.62,4983.0,4.0,3857.0,1917.172983848862
2026-09-13 06:11:57.143,0.2136055554833089,0.155,0.62,4983.0,4.0,3857.0,1917.172983848862
2026-09-13 06:11:59.160,0.2136055554833089,0.155,0.62,4983.0,4.0,3857.0,1917.172983848862
2026-09-13 06:11:59.194,0.2136055554833089,0.155,0.62,4983.0,4.0,3857.0,1917.172983848862
2026-09-13 06:12:00.592,0.2136055554833089,0.155,0.62,4983.0,4.0,3857.0,1917.172983848862
2026-09-13 06:12:00.643,0.2136055554833089,0.155,0.62,4983.0,4.0,3857.0,1917.172983848862
2026-09-13 06:12:02.660,0.2136055554833089,0.155,0.62,4983.0,4.0,3857.0,1917.172983848862
2026-09-13 06:12:02.694,0.2136055554833089,0.155,0.62,4983.0,4.0,3857.0,1917.172983848862
2026-09-13 06:12:04.092,0.2136055554833089,0.155,0.62,4983.0,4.0,3857.0,1917.172983848862
2026-09-13 06:12:04.143,0.2136055554833089,0.155,0.62,4983.0,4.0,3857.0,1917.172983848862
2026-09-13 06:12:06.160,0.2136055554833089,0.155,0.62,4983.0,4.0,3857.0,1917.172983848862
2026-09-13 06:12:06.194,0.2136055554833089,0.155,0.62,4983.0,4.0,3857.0,1917.172983848862
2026-09-13 06:12:07.592,0.2136055554833089,0.155,0.62,4983.0,4.0,3857.0,1917.172983848862
2026-09-13 06:12:07.643,0.2136055554833089,0.155,0.62,4983.0,4.0,3857.0,1917.172983848862
2026-09-13 06:12:09.660,0.2136055554833089,0.155,0.62,4983.0,4.0,3857.0,1917.172983848862
2026-09-13 06:12:09.694,0.2136055554833089,0.155,0.62,4983.0,4.0,3857.0,1917.172983848862
2026-09-13 06:12:11.092,0.2136055554833089,0.155,0.62,4983.0,4.0,3857.0,1917.172983848862
2026-09-13 06:12:11.143,0.2136055554833089,0.155,0.62,4983.0,4.0,3857.0,1917.172983848862
2026-09-13 06:12:13.160,0.2136055554833089,0.155,0.62,4983.0,4.0,3857.0,1917.172983848862
2026-09-13 06:12:13.194,0.2136055554833089,0.155,0.62,4983.0,4.0,3857.0,1917.172983848862
2026-09-13 06:12:14.592,0.2136055554833089,0.155,0.62,4983.0,4.0,3857.0,1917.172983848862
2026-09-13 06:12:14.643,0.2136055554833089,0.155,0.62,4983.0,4.0,3857.0,1917.172983848862
2026-09-13 06:12:16.661,0.21345784127082243,0.15525,0.621,4983.0,4.0,3857.0,1917.172983848862
2026-09-13 06:12:16.694,0.21364768506429682,0.155,0.62,4983.0,4.0,3857.0,1917.172983848862
2026-09-13 06:12:18.092,0.21364768506429682,0.155,0.62,4983.0,4.0,3857.0,1917.172983848862
2026-09-13 06:12:18.143,0.21364768506429682,0.155,0.62,4983.0,4.0,3857.0,1917.172983848862
2026-09-13 06:12:20.161,0.21379487832967284,0.15475,0.619,4983.0,4.0,3857.0,1917.172983848862
2026-09-13 06:12:20.195,0.21360555548330887,0.155,0.62,4983.0,4.0,3857.0,1917.172983848862
2026-09-13 06:12:21.593,0.214104919762873,0.15525,0.621,4983.0,4.0,3857.0,1917.172983848862
2026-09-13 06:12:21.643,0.21426774527834624,0.155,0.62,4983.0,4.0,3857.0,1917.172983848862
2026-09-13 06:12:23.661,0.2142677452783463,0.155,0.62,4983.0,4.0,3857.0,1917.172983848862
2026-09-13 06:12:23.695,0.2142677452783463,0.155,0.62,4983.0,4.0,3857.0,1917.172983848862
2026-09-13 06:12:25.093,0.2142677452783463,0.155,0.62,4983.0,4.0,3857.0,1917.172983848862
2026-09-13 06:12:25.144,0.214104919762873,0.15525,0.621,4983.0,4.0,3857.0,1917.172983848862
2026-09-13 06:12:27.161,0.214104919762873,0.15525,0.621,4983.0,4.0,3857.0,1917.172983848862
2026-09-13 06:12:27.195,0.214104919762873,0.15525,0.621,4983.0,4.0,3857.0,1917.172983848862
2026-09-13 06:12:28.593,0.214104919762873,0.15525,0.621,4983.0,4.0,3857.0,1917.172983848862
2026-09-13 06:12:28.644,0.214104919762873,0.15525,0.621,4983.0,4.0,3857.0,1917.172983848862
2026-09-13 06:12:30.661,0.214104919762873,0.15525,0.621,4983.0,4.0,3857.0,1917.172983848862
2026-09-13 06:12:30.695,0.214104919762873,0.15525,0.621,4983.0,4.0,3857.0,1917.172983848862
2026-09-13 06:12:32.093,0.21360555548330887,0.155,0.62,4983.0,4.0,3857.0,1917.172983848862
2026-09-13 06:12:32.144,0.21360555548330887,0.155,0.62,4983.0,4.0,3857.0,1917.172983848862
2026-09-13 06:12:34.161,0.21360555548330887,0.155,0.62,4983.0,4.0,3857.0,1917.172983848862
2026-09-13 06:12:34.195,0.21360555548330887,0.155,0.62,4983.0,4.0,3857.0,1917.172983848862
2026-09-13 06:12:35.593,0.21360555548330887,0.155,0.62,4983.0,4.0,3857.0,1917.172983848862
2026-09-13 06:12:35.644,0.21360555548330887,0.155,0.62,4983.0,4.0,3857.0,1917.172983848862
2026-09-13 06:12:37.661,0.21360555548330887,0.155,0.62,4983.0,4.0,3857.0,1917.172983848862
2026-09-13 06:12:37.695,0.21360555548330887,0.155,0.62,4983.0,4.0,3857.0,1917.172983848862
2026-09-13 06:12:39.093,0.21360555548330887,0.155,0.62,4983.0,4.0,3857.0,1917.172983848862
2026-09-13 06:12:39.144,0.21360555548330887,0.155,0.62,4983.0,4.0,3857.0,1917.172983848862
2026-09-13 06:12:41.161,0.21360555548330887,0.155,0.62,4983.0,4.0,3857.0,1917.172983848862
2026-09-13 06:12:41.195,0.21360555548330887,0.155,0.62,4983.0,4.0,3857.0,1917.172983848862
2026-09-13 06:12:42.593,0.21360555548330887,0.155,0.62,4983.0,4.0,3857.0,1917.172983848862
2026-09-13 06:12:42.644,0.21360555548330887,0.155,0.62,4983.0,4.0,3857.0,1917.172983848862
2026-09-13 06:12:44.661,0.21360555548330887,0.155,0.62,4983.0,4.0,3857.0,1917.172983848862
2026-09-13 06:12:44.695,0.21360555548330887,0.155,0.62,4983.0,4.0,3857.0,1917.172983848862
2026-09-13 06:12:46.093,0.01793506806974077,0.0555,0.222,4983.0,4.0,3857.0,1917.172983848862
2026-09-13 06:12:46.143,0.018025444978314258,0.05525000000000001,0.22100000000000003,4983.0,4.0,3857.0,1917.172983848862
2026-09-13 06:12:48.161,0.018025444978314258,0.05525000000000001,0.22100000000000003,4983.0,4.0,3857.0,1917.172983848862
2026-09-13 06:12:48.195,0.018025444978314258,0.05525000000000001,0.22100000000000003,4983.0,4.0,3857.0,1917.172983848862
2026-09-13 06:12:49.593,0.21376837153018283,0.15475,0.619,4983.0,4.0,3857.0,1917.172983848862
2026-09-13 06:12:49.644,0.2136055554833089,0.155,0.62,4983.0,4.0,3857.0,1917.172983848862
2026-09-13 06:12:51.661,0.2136055554833089,0.155,0.62,4983.0,4.0,3857.0,1917.172983848862
2026-09-13 06:12:51.695,0.2136055554833089,0.155,0.62,4983.0,4.0,3857.0,1917.172983848862
2026-09-13 06:12:53.093,0.2136055554833089,0.155,0.62,4983.0,4.0,3857.0,1917.172983848862
2026-09-13 06:12:53.144,0.2136055554833089,0.155,0.62,4983.0,4.0,3857.0,1917.172983848862
2026-09-13 06:12:55.161,0.2136055554833089,0.155,0.62,4983.0,4.0,3857.0,1917.172983848862
2026-09-13 06:12:55.195,0.2136055554833089,0.155,0.62,4983.0,4.0,3857.0,1917.172983848862
2026-09-13 06:12:56.593,0.2136055554833089,0.155,0.62,4983.0,4.0,3857.0,1917.172983848862
2026-09-13 06:12:56.644,0.2136055554833089,0.155,0.62,4983.0,4.0,3857.0,1917.172983848862
2026-09-13 06:12:58.662,0.21345784127082243,0.15525,0.621,4983.0,4.0,3857.0,1917.172983848862
2026-09-13 06:12:58.696,0.21345784127082243,0.15525,0.621,4983.0,4.0,3857.0,1917.172983848862
2026-09-13 06:13:00.093,0.21345784127082243,0.15525,0.621,4983.0,4.0,3857.0,1917.172983848862
2026-09-13 06:13:00.144,0.21345784127082243,0.15525,0.621,4983.0,4.0,3857.0,1917.172983848862
2026-09-13 06:13:02.162,0.2136055554833089,0.155,0.62,4983.0,4.0,3857.0,1917.172983848862
2026-09-13 06:13:02.196,0.2136055554833089,0.155,0.62,4983.0,4.0,3857.0,1917.172983848862
2026-09-13 06:13:03.594,0.21410491976287302,0.15525,0.621,4983.0,4.0,3857.0,1917.172983848862
2026-09-13 06:13:03.644,0.2142677452783463,0.155,0.62,4983.0,4.0,3857.0,1917.172983848862
2026-09-13 06:13:05.662,0.2142677452783463,0.155,0.62,4983.0,4.0,3857.0,1917.172983848862
2026-09-13 06:13:05.696,0.2142677452783463,0.155,0.62,4983.0,4.0,3857.0,1917.172983848862
2026-09-13 06:13:07.094,0.2142677452783463,0.155,0.62,4983.0,4.0,3857.0,1917.172983848862
2026-09-13 06:13:07.145,0.214104919762873,0.15525,0.621,4983.0,4.0,3857.0,1917.172983848862
2026-09-13 06:13:09.162,0.214104919762873,0.15525,0.621,4983.0,4.0,3857.0,1917.172983848862
2026-09-13 06:13:09.196,0.214104919762873,0.15525,0.621,4983.0,4.0,3857.0,1917.172983848862
2026-09-13 06:13:10.594,0.214104919762873,0.15525,0.621,4983.0,4.0,3857.0,1917.172983848862
2026-09-13 06:13:10.645,0.214104919762873,0.15525,0.621,4983.0,4.0,3857.0,1917.172983848862
2026-09-13 06:13:12.662,0.214104919762873,0.15525,0.621,4983.0,4.0,3857.0,1917.172983848862
2026-09-13 06:13:12.696,0.214104919762873,0.15525,0.621,4983.0,4.0,3857.0,1917.172983848862
2026-09-13 06:13:14.094,0.21360555548330887,0.155,0.62,4983.0,4.0,3857.0,1917.172983848862
2026-09-13 06:13:14.145,0.21360555548330887,0.155,0.62,4983.0,4.0,3857.0,1917.172983848862
2026-09-13 06:13:16.162,0.21360555548330887,0.155,0.62,4983.0,4.0,3857.0,1917.172983848862
2026-09-13 06:13:16.196,0.21360555548330887,0.155,0.62,4983.0,4.0,3857.0,1917.172983848862
2026-09-13 06:13:17.594,0.21360555548330887,0.155,0.62,4983.0,4.0,3857.0,1917.172983848862
2026-09-13 06:13:17.645,0.21360555548330887,0.155,0.62,4983.0,4.0,3857.0,1917.172983848862
2026-09-13 06:13:19.662,0.21360555548330887,0.155,0.62,4983.0,4.0,3857.0,1917.172983848862
2026-09-13 06:13:19.696,0.21360555548330887,0.155,0.62,4983.0,4.0,3857.0,1917.172983848862
2026-09-13 06:13:21.094,0.21360555548330887,0.155,0.62,4983.0,4.0,3857.0,1917.172983848862
2026-09-13 06:13:21.145,0.21360555548330887,0.155,0.62,4983.0,4.0,3857.0,1917.172983848862
2026-09-13 06:13:23.162,0.21360555548330887,0.155,0.62,4983.0,4.0,3857.0,1917.172983848862
2026-09-13 06:13:23.196,0.21360555548330887,0.155,0.62,4983.0,4.0,3857.0,1917.172983848862
2026-09-13 06:13:24.594,0.21360555548330887,0.155,0.62,4983.0,4.0,3857.0,1917.172983848862
2026-09-13 06:13:24.645,0.21360555548330887,0.155,0.62,4983.0,4.0,3857.0,1917.172983848862
2026-09-13 06:13:26.662,0.21360555548330887,0.155,0.62,4983.0,4.0,3857.0,1917.172983848862
2026-09-13 06:13:26.696,0.21360555548330887,0.155,0.62,4983.0,4.0,3857.0,1917.172983848862
2026-09-13 06:13:28.094,0.21360555548330887,0.155,0.62,4983.0,4.0,3857.0,1917.172983848862
2026-09-13 06:13:28.145,0.21360555548330887,0.155,0.62,4983.0,4.0,3857.0,1917.172983848862
2026-09-13 06:13:30.162,0.21360555548330887,0.155,0.62,4983.0,4.0,3857.0,1917.172983848862
2026-09-13 06:13:30.196,0.21360555548330887,0.155,0.62,4983.0,4.0,3857.0,1917.172983848862
2026-09-13 06:13:31.594,0.21360555548330887,0.155,0.62,4983.0,4.0,3857.0,1917.172983848862
2026-09-13 06:13:31.645,0.21360555548330887,0.155,0.62,4983.0,4.0,3857.0,1917.172983848862
2026-09-13 06:13:33.662,0.21360555548330887,0.155,0.62,4983.0,4.0,3857.0,1917.172983848862
2026-09-13 06:13:33.696,0.21360555548330887,0.155,0.62,4983.0,4.0,3857.0,1917.172983848862
2026-09-13 06:13:35.094,0.21360555548330887,0.155,0.62,4983.0,4.0,3857.0,1917.172983848862
2026-09-13 06:13:35.145,0.21360555548330887,0.155,0.62,4983.0,4.0,3857.0,1917.172983848862
2026-09-13 06:13:37.162,0.21360555548330887,0.155,0.62,4983.0,4.0,3857.0,1917.172983848862
2026-09-13 06:13:37.196,0.21360555548330887,0.155,0.62,4983.0,4.0,3857.0,1917.172983848862
2026-09-13 06:13:38.594,0.21360555548330887,0.155,0.62,4983.0,4.0,3857.0,1917.172983848862
2026-09-13 06:13:38.645,0.21360555548330887,0.155,0.62,4983.0,4.0,3857.0,1917.172983848862
2026-09-13 06:13:40.663,0.2134578412708224,0.15525,0.621,4983.0,4.0,3857.0,1917.172983848862
2026-09-13 06:13:40.696,0.2136476850642968,0.155,0.62,4983.0,4.0,3857.0,1917.172983848862
2026-09-13 06:13:42.094,0.2136476850642968,0.155,0.62,4983.0,4.0,3857.0,1917.172983848862
2026-09-13 06:13:42.145,0.2136476850642968,0.155,0.62,4983.0,4.0,3857.0,1917.172983848862
2026-09-13 06:13:44.163,0.21379487832967284,0.15475,0.619,4983.0,4.0,3857.0,1917.172983848862
2026-09-13 06:13:44.196,0.21379487832967284,0.15475,0.619,4983.0,4.0,3857.0,1917.172983848862
2026-09-13 06:13:45.595,0.21429419030855595,0.155,0.62,4983.0,4.0,3857.0,1917.172983848862
2026-09-13 06:13:45.645,0.21445648354230967,0.15475,0.619,4983.0,4.0,3857.0,1917.172983848862
2026-09-13 06:13:47.663,0.21445648354230967,0.15475,0.619,4983.0,4.0,3857.0,1917.172983848862
2026-09-13 06:13:47.697,0.21426774527834624,0.155,0.62,4983.0,4.0,3857.0,1917.172983848862
2026-09-13 06:13:49.095,0.21426774527834622,0.155,0.62,4983.0,4.0,3857.0,1917.172983848862
2026-09-13 06:13:49.145,0.21426774527834622,0.155,0.62,4983.0,4.0,3857.0,1917.172983848862
2026-09-13 06:13:51.163,0.21426774527834624,0.155,0.62,4983.0,4.0,3857.0,1917.172983848862
2026-09-13 06:13:51.197,0.21426774527834624,0.155,0.62,4983.0,4.0,3857.0,1917.172983848862
2026-09-13 06:13:52.595,0.21426774527834624,0.155,0.62,4983.0,4.0,3857.0,1917.172983848862
2026-09-13 06:13:52.646,0.21410491976287296,0.15525,0.621,4983.0,4.0,3857.0,1917.172983848862
2026-09-13 06:13:54.663,0.21410491976287296,0.15525,0.621,4983.0,4.0,3857.0,1917.172983848862
2026-09-13 06:13:54.697,0.21410491976287296,0.15525,0.621,4983.0,4.0,3857.0,1917.172983848862
2026-09-13 06:13:56.095,0.21410491976287296,0.15525,0.621,4983.0,4.0,3857.0,1917.172983848862
2026-09-13 06:13:56.146,0.21410491976287296,0.15525,0.621,4983.0,4.0,3857.0,1917.172983848862
2026-09-13 06:13:58.163,0.21410491976287296,0.15525,0.621,4983.0,4.0,3857.0,1917.172983848862
2026-09-13 06:13:58.197,0.21410491976287296,0.15525,0.621,4983.0,4.0,3857.0,1917.172983848862
2026-09-13 06:13:59.595,0.21360555548330884,0.155,0.62,4983.0,4.0,3857.0,1917.172983848862
2026-09-13 06:13:59.646,0.21360555548330884,0.155,0.62,4983.0,4.0,3857.0,1917.172983848862
2026-09-13 06:14:01.663,0.21360555548330884,0.155,0.62,4983.0,4.0,3857.0,1917.172983848862
2026-09-13 06:14:01.697,0.21360555548330884,0.155,0.62,4983.0,4.0,3857.0,1917.172983848862
2026-09-13 06:14:03.095,0.21360555548330884,0.155,0.62,4983.0,4.0,3857.0,1917.172983848862
2026-09-13 06:14:03.146,0.21360555548330884,0.155,0.62,4983.0,4.0,3857.0,1917.172983848862
2026-09-13 06:14:05.163,0.21360555548330884,0.155,0.62,4983.0,4.0,3857.0,1917.172983848862
2026-09-13 06:14:05.197,0.21360555548330884,0.155,0.62,4983.0,4.0,3857.0,1917.172983848862
2026-09-13 06:14:06.595,0.21360555548330884,0.155,0.62,4983.0,4.0,3857.0,1917.172983848862
2026-09-13 06:14:06.646,0.21360555548330884,0.155,0.62,4983.0,4.0,3857.0,1917.172983848862
2026-09-13 06:14:08.663,0.21360555548330884,0.155,0.62,4983.0,4.0,3857.0,1917.172983848862
2026-09-13 06:14:08.697,0.21360555548330884,0.155,0.62,4983.0,4.0,3857.0,1917.172983848862
2026-09-13 06:14:10.095,0.10837089092555978,0.10225000000000001,0.40900000000000003,4983.0,4.0,3857.0,1917.172983848862
2026-09-13 06:14:10.145,0.10852956586417474,0.10200000000000001,0.40800000000000003,4983.0,4.0,3857.0,1917.172983848862
2026-09-13 06:14:12.163,0.10852956586417474,0.10200000000000001,0.40800000000000003,4983.0,4.0,3857.0,1917.172983848862
2026-09-13 06:14:12.197,0.10852956586417474,0.10200000000000001,0.40800000000000003,4983.0,4.0,3857.0,1917.172983848862
2026-09-13 06:14:13.595,0.21376837153018277,0.15475,0.619,4983.0,4.0,3857.0,1917.172983848862
2026-09-13 06:14:13.646,0.21360555548330884,0.155,0.62,4983.0,4.0,3857.0,1917.172983848862
2026-09-13 06:14:15.663,0.21360555548330884,0.155,0.62,4983.0,4.0,3857.0,1917.172983848862
2026-09-13 06:14:15.697,0.21360555548330884,0.155,0.62,4983.0,4.0,3857.0,1917.172983848862
2026-09-13 06:14:17.095,0.21360555548330884,0.155,0.62,4983.0,4.0,3857.0,1917.172983848862
2026-09-13 06:14:17.146,0.21360555548330884,0.155,0.62,4983.0,4.0,3857.0,1917.172983848862
2026-09-13 06:14:19.163,0.21360555548330884,0.155,0.62,4983.0,4.0,3857.0,1917.172983848862
2026-09-13 06:14:19.197,0.21360555548330884,0.155,0.62,4983.0,4.0,3857.0,1917.172983848862
2026-09-13 06:14:20.595,0.21360555548330884,0.155,0.62,4983.0,4.0,3857.0,1917.172983848862
2026-09-13 06:14:20.646,0.21360555548330884,0.155,0.62,4983.0,4.0,3857.0,1917.172983848862
2026-09-13 06:14:22.664,0.21345784127082237,0.15525,0.621,4983.0,4.0,3857.0,1917.172983848862
2026-09-13 06:14:22.697,0.21364768506429677,0.155,0.62,4983.0,4.0,3857.0,1917.172983848862
2026-09-13 06:14:24.095,0.21364768506429677,0.155,0.62,4983.0,4.0,3857.0,1917.172983848862
2026-09-13 06:14:24.146,0.21364768506429677,0.155,0.62,4983.0,4.0,3857.0,1917.172983848862
2026-09-13 06:14:26.164,0.2137948783296728,0.15475,0.619,4983.0,4.0,3857.0,1917.172983848862
2026-09-13 06:14:26.197,0.2137948783296728,0.15475,0.619,4983.0,4.0,3857.0,1917.172983848862
2026-09-13 06:14:27.596,0.21429419030855595,0.155,0.62,4983.0,4.0,3857.0,1917.172983848862
2026-09-13 06:14:27.646,0.21445648354230964,0.15475,0.619,4983.0,4.0,3857.0,1917.172983848862
2026-09-13 06:14:29.664,0.21445648354230964,0.15475,0.619,4983.0,4.0,3857.0,1917.172983848862
2026-09-13 06:14:29.698,0.21426774527834622,0.155,0.62,4983.0,4.0,3857.0,1917.172983848862
2026-09-13 06:14:31.096,0.2142677452783462,0.155,0.62,4983.0,4.0,3857.0,1917.172983848862
2026-09-13 06:14:31.146,0.2142677452783462,0.155,0.62,4983.0,4.0,3857.0,1917.172983848862
2026-09-13 06:14:33.164,0.2142677452783462,0.155,0.62,4983.0,4.0,3857.0,1917.172983848862
2026-09-13 06:14:33.198,0.2142677452783462,0.155,0.62,4983.0,4.0,3857.0,1917.172983848862
2026-09-13 06:14:34.596,0.2142677452783462,0.155,0.62,4983.0,4.0,3857.0,1917.172983848862
2026-09-13 06:14:34.647,0.21410491976287294,0.15525,0.621,4983.0,4.0,3857.0,1917.172983848862
2026-09-13 06:14:36.664,0.21410491976287294,0.15525,0.621,4983.0,4.0,3857.0,1917.172983848862
2026-09-13 06:14:36.698,0.21410491976287294,0.15525,0.621,4983.0,4.0,3857.0,1917.172983848862
2026-09-13 06:14:38.096,0.2136055554833088,0.155,0.62,4983.0,4.0,3857.0,1917.172983848862
2026-09-13 06:14:38.147,0.2136055554833088,0.155,0.62,4983.0,4.0,3857.0,1917.172983848862
2026-09-13 06:14:40.164,0.2136055554833088,0.155,0.62,4983.0,4.0,3857.0,1917.172983848862
2026-09-13 06:14:40.198,0.2136055554833088,0.155,0.62,4983.0,4.0,3857.0,1917.172983848862
2026-09-13 06:14:41.596,0.2136055554833088,0.155,0.62,4983.0,4.0,3857.0,1917.172983848862
2026-09-13 06:14:41.647,0.2136055554833088,0.155,0.62,4983.0,4.0,3857.0,1917.172983848862
2026-09-13 06:14:43.664,0.2136055554833088,0.155,0.62,4983.0,4.0,3857.0,1917.172983848862
2026-09-13 06:14:43.698,0.2136055554833088,0.155,0.62,4983.0,4.0,3857.0,1917.172983848862
2026-09-13 06:14:45.096,0.2136055554833088,0.155,0.62,4983.0,4.0,3857.0,1917.172983848862
2026-09-13 06:14:45.147,0.2136055554833088,0.155,0.62,4983.0,4.0,3857.0,1917.172983848862
2026-09-13 06:14:47.164,0.2136055554833088,0.155,0.62,4983.0,4.0,3857.0,1917.172983848862
2026-09-13 06:14:47.198,0.2136055554833088,0.155,0.62,4983.0,4.0,3857.0,1917.172983848862
2026-09-13 06:14:48.596,0.12081528600857132,0.1085,0.434,4983.0,4.0,3857.0,1917.172983848862
2026-09-13 06:14:48.646,0.12097485964722679,0.10825,0.433,4983.0,4.0,3857.0,1917.172983848862
2026-09-13 06:14:50.664,0.12097485964722679,0.10825,0.433,4983.0,4.0,3857.0,1917.172983848862
2026-09-13 06:14:50.698,0.12097485964722679,0.10825,0.433,4983.0,4.0,3857.0,1917.172983848862
2026-09-13 06:14:52.096,0.21376837153018277,0.15475,0.619,4983.0,4.0,3857.0,1917.172983848862
2026-09-13 06:14:52.147,0.2136055554833088,0.155,0.62,4983.0,4.0,3857.0,1917.172983848862
2026-09-13 06:14:54.164,0.2136055554833088,0.155,0.62,4983.0,4.0,3857.0,1917.172983848862
2026-09-13 06:14:54.198,0.2136055554833088,0.155,0.62,4983.0,4.0,3857.0,1917.172983848862
2026-09-13 06:14:55.596,0.2136055554833088,0.155,0.62,4983.0,4.0,3857.0,1917.172983848862
2026-09-13 06:14:55.647,0.2136055554833088,0.155,0.62,4983.0,4.0,3857.0,1917.172983848862
2026-09-13 06:14:57.664,0.2136055554833088,0.155,0.62,4983.0,4.0,3857.0,1917.172983848862
2026-09-13 06:14:57.698,0.2136055554833088,0.155,0.62,4983.0,4.0,3857.0,1917.172983848862
2026-09-13 06:14:59.096,0.2136055554833088,0.155,0.62,4983.0,4.0,3857.0,1917.172983848862
2026-09-13 06:14:59.147,0.2136055554833088,0.155,0.62,4983.0,4.0,3857.0,1917.172983848862
2026-09-13 06:15:01.164,0.2136055554833088,0.155,0.62,4983.0,4.0,3857.0,1917.172983848862
2026-09-13 06:15:01.198,0.2136055554833088,0.155,0.62,4983.0,4.0,3857.0,1917.172983848862
2026-09-13 06:15:02.596,0.2136055554833088,0.155,0.62,4983.0,4.0,3857.0,1917.172983848862
2026-09-13 06:15:02.647,0.2136055554833088,0.155,0.62,4983.0,4.0,3857.0,1917.172983848862
2026-09-13 06:15:04.665,0.21345784127082235,0.15525,0.621,4983.0,4.0,3857.0,1917.172983848862
2026-09-13 06:15:04.698,0.21364768506429674,0.155,0.62,4983.0,4.0,3857.0,1917.172983848862
2026-09-13 06:15:06.096,0.21364768506429674,0.155,0.62,4983.0,4.0,3857.0,1917.172983848862
2026-09-13 06:15:06.147,0.21364768506429674,0.155,0.62,4983.0,4.0,3857.0,1917.172983848862
2026-09-13 06:15:08.165,0.21379487832967276,0.15475,0.619,4983.0,4.0,3857.0,1917.172983848862
2026-09-13 06:15:08.198,0.21379487832967276,0.15475,0.619,4983.0,4.0,3857.0,1917.172983848862
2026-09-13 06:15:09.597,0.2142941903085559,0.155,0.62,4983.0,4.0,3857.0,1917.172983848862
2026-09-13 06:15:09.647,0.2144564835423096,0.15475,0.619,4983.0,4.0,3857.0,1917.172983848862
2026-09-13 06:15:11.665,0.2144564835423096,0.15475,0.619,4983.0,4.0,3857.0,1917.172983848862
2026-09-13 06:15:11.699,0.21426774527834616,0.155,0.62,4983.0,4.0,3857.0,1917.172983848862
2026-09-13 06:15:13.097,0.21426774527834616,0.155,0.62,4983.0,4.0,3857.0,1917.172983848862
2026-09-13 06:15:13.147,0.21426774527834616,0.155,0.62,4983.0,4.0,3857.0,1917.172983848862
2026-09-13 06:15:15.165,0.21426774527834616,0.155,0.62,4983.0,4.0,3857.0,1917.172983848862
2026-09-13 06:15:15.199,0.21426774527834616,0.155,0.62,4983.0,4.0,3857.0,1917.172983848862
2026-09-13 06:15:16.597,0.21426774527834616,0.155,0.62,4983.0,4.0,3857.0,1917.172983848862
2026-09-13 06:15:16.647,0.21426774527834616,0.155,0.62,4983.0,4.0,3857.0,1917.172983848862
2026-09-13 06:15:18.665,0.21426774527834616,0.155,0.62,4983.0,4.0,3857.0,1917.172983848862
2026-09-13 06:15:18.699,0.21426774527834616,0.155,0.62,4983.0,4.0,3857.0,1917.172983848862
2026-09-13 06:15:20.097,0.2137683715301827,0.15475,0.619,4983.0,4.0,3857.0,1917.172983848862
2026-09-13 06:15:20.148,0.21360555548330873,0.155,0.62,4983.0,4.0,3857.0,1917.172983848862
2026-09-13 06:15:22.165,0.21360555548330873,0.155,0.62,4983.0,4.0,3857.0,1917.172983848862
2026-09-13 06:15:22.199,0.21360555548330873,0.155,0.62,4983.0,4.0,3857.0,1917.172983848862
2026-09-13 06:15:23.597,0.21360555548330873,0.155,0.62,4983.0,4.0,3857.0,1917.172983848862
2026-09-13 06:15:23.648,0.21360555548330873,0.155,0.62,4983.0,4.0,3857.0,1917.172983848862
2026-09-13 06:15:25.665,0.21360555548330873,0.155,0.62,4983.0,4.0,3857.0,1917.172983848862
2026-09-13 06:15:25.699,0.21360555548330873,0.155,0.62,4983.0,4.0,3857.0,1917.172983848862
2026-09-13 06:15:27.097,0.21360555548330873,0.155,0.62,4983.0,4.0,3857.0,1917.172983848862
2026-09-13 06:15:27.148,0.21360555548330873,0.155,0.62,4983.0,4.0,3857.0,1917.172983848862
2026-09-13 06:15:29.165,0.21360555548330873,0.155,0.62,4983.0,4.0,3857.0,1917.172983848862
2026-09-13 06:15:29.199,0.21360555548330873,0.155,0.62,4983.0,4.0,3857.0,1917.172983848862
2026-09-13 06:15:30.597,0.21360555548330873,0.155,0.62,4983.0,4.0,3857.0,1917.172983848862
2026-09-13 06:15:30.648,0.21360555548330873,0.155,0.62,4983.0,4.0,3857.0,1917.172983848862
2026-09-13 06:15:32.665,0.21360555548330873,0.155,0.62,4983.0,4.0,3857.0,1917.172983848862
2026-09-13 06:15:32.699,0.21360555548330873,0.155,0.62,4983.0,4.0,3857.0,1917.172983848862
2026-09-13 06:15:34.097,0.21360555548330873,0.155,0.62,4983.0,4.0,3857.0,1917.172983848862
2026-09-13 06:15:34.148,0.21360555548330873,0.155,0.62,4983.0,4.0,3857.0,1917.172983848862
2026-09-13 06:15:36.165,0.21360555548330873,0.155,0.62,4983.0,4.0,3857.0,1917.172983848862
2026-09-13 06:15:36.199,0.21360555548330873,0.155,0.62,4983.0,4.0,3857.0,1917.172983848862
2026-09-13 06:15:37.597,0.21360555548330873,0.155,0.62,4983.0,4.0,3857.0,1917.172983848862
2026-09-13 06:15:37.648,0.21360555548330873,0.155,0.62,4983.0,4.0,3857.0,1917.172983848862
2026-09-13 06:15:39.665,0.21360555548330873,0.155,0.62,4983.0,4.0,3857.0,1917.172983848862
2026-09-13 06:15:39.699,0.21360555548330873,0.155,0.62,4983.0,4.0,3857.0,1917.172983848862
2026-09-13 06:15:41.097,0.21360555548330873,0.155,0.62,4983.0,4.0,3857.0,1917.172983848862
2026-09-13 06:15:41.148,0.21360555548330873,0.155,0.62,4983.0,4.0,3857.0,1917.172983848862
2026-09-13 06:15:43.165,0.21360555548330873,0.155,0.62,4983.0,4.0,3857.0,1917.172983848862
2026-09-13 06:15:43.199,0.21360555548330873,0.155,0.62,4983.0,4.0,3857.0,1917.172983848862
2026-09-13 06:15:44.597,0.21360555548330873,0.155,0.62,4983.0,4.0,3857.0,1917.172983848862
2026-09-13 06:15:44.648,0.21360555548330873,0.155,0.62,4983.0,4.0,3857.0,1917.172983848862
2026-09-13 06:15:46.869,0.21360555548330873,0.155,0.62,4983.0,4.0,3857.0,1917.172983848862
2026-09-13 06:15:46.903,0.21360555548330873,0.155,0.62,4983.0,4.0,3857.0,1917.172983848862
2026-09-13 06:15:48.290,0.21360555548330873,0.155,0.62,4983.0,4.0,3857.0,1917.172983848862
2026-09-13 06:15:48.341,0.21360555548330873,0.155,0.62,4983.0,4.0,3857.0,1917.172983848862
2026-09-13 06:15:50.359,0.21360555548330873,0.155,0.62,4983.0,4.0,3857.0,1917.172983848862
2026-09-13 06:15:50.392,0.21379487832967273,0.15475,0.619,4983.0,4.0,3857.0,1917.172983848862
2026-09-13 06:15:51.791,0.2142941903085559,0.155,0.62,4983.0,4.0,3857.0,1917.172983848862
2026-09-13 06:15:51.841,0.21445648354230956,0.15475,0.619,4983.0,4.0,3857.0,1917.172983848862
2026-09-13 06:15:53.859,0.21445648354230953,0.15475,0.619,4983.0,4.0,3857.0,1917.172983848862
2026-09-13 06:15:53.893,0.21426774527834613,0.155,0.62,4983.0,4.0,3857.0,1917.172983848862
2026-09-13 06:15:55.291,0.21426774527834613,0.155,0.62,4983.0,4.0,3857.0,1917.172983848862
2026-09-13 06:15:55.341,0.21426774527834613,0.155,0.62,4983.0,4.0,3857.0,1917.172983848862
2026-09-13 06:15:57.359,0.21426774527834613,0.155,0.62,4983.0,4.0,3857.0,1917.172983848862
2026-09-13 06:15:57.393,0.21426774527834613,0.155,0.62,4983.0,4.0,3857.0,1917.172983848862
2026-09-13 06:15:58.791,0.21426774527834613,0.155,0.62,4983.0,4.0,3857.0,1917.172983848862
2026-09-13 06:15:58.841,0.21426774527834613,0.155,0.62,4983.0,4.0,3857.0,1917.172983848862
2026-09-13 06:16:00.859,0.21426774527834613,0.155,0.62,4983.0,4.0,3857.0,1917.172983848862
2026-09-13 06:16:00.893,0.21426774527834613,0.155,0.62,4983.0,4.0,3857.0,1917.172983848862
2026-09-13 06:16:02.291,0.2137683715301827,0.15475,0.619,4983.0,4.0,3857.0,1917.172983848862
2026-09-13 06:16:02.342,0.21360555548330873,0.155,0.62,4983.0,4.0,3857.0,1917.172983848862
2026-09-13 06:16:04.359,0.21360555548330873,0.155,0.62,4983.0,4.0,3857.0,1917.172983848862
2026-09-13 06:16:04.393,0.21360555548330873,0.155,0.62,4983.0,4.0,3857.0,1917.172983848862
2026-09-13 06:16:05.791,0.21360555548330873,0.155,0.62,4983.0,4.0,3857.0,1917.172983848862
2026-09-13 06:16:05.842,0.21360555548330873,0.155,0.62,4983.0,4.0,3857.0,1917.172983848862
2026-09-13 06:16:07.859,0.21360555548330873,0.155,0.62,4983.0,4.0,3857.0,1917.172983848862
2026-09-13 06:16:07.893,0.21360555548330873,0.155,0.62,4983.0,4.0,3857.0,1917.172983848862
2026-09-13 06:16:09.291,0.21360555548330873,0.155,0.62,4983.0,4.0,3857.0,1917.172983848862
2026-09-13 06:16:09.342,0.21360555548330873,0.155,0.62,4983.0,4.0,3857.0,1917.172983848862
2026-09-13 06:16:11.359,0.21360555548330873,0.155,0.62,4983.0,4.0,3857.0,1917.172983848862
2026-09-13 06:16:11.393,0.21360555548330873,0.155,0.62,4983.0,4.0,3857.0,1917.172983848862
2026-09-13 06:16:12.791,0.21360555548330873,0.155,0.62,4983.0,4.0,3857.0,1917.172983848862
2026-09-13 06:16:12.842,0.21360555548330873,0.155,0.62,4983.0,4.0,3857.0,1917.172983848862
2026-09-13 06:16:14.859,0.21360555548330873,0.155,0.62,4983.0,4.0,3857.0,1917.172983848862
2026-09-13 06:16:14.893,0.21360555548330873,0.155,0.62,4983.0,4.0,3857.0,1917.172983848862
2026-09-13 06:16:16.291,0.21360555548330873,0.155,0.62,4983.0,4.0,3857.0,1917.172983848862
2026-09-13 06:16:16.342,0.21360555548330873,0.155,0.62,4983.0,4.0,3857.0,1917.172983848862
2026-09-13 06:16:18.359,0.21360555548330873,0.155,0.62,4983.0,4.0,3857.0,1917.172983848862
2026-09-13 06:16:18.393,0.21360555548330873,0.155,0.62,4983.0,4.0,3857.0,1917.172983848862
2026-09-13 06:16:19.791,0.21360555548330873,0.155,0.62,4983.0,4.0,3857.0,1917.172983848862
2026-09-13 06:16:19.842,0.21360555548330873,0.155,0.62,4983.0,4.0,3857.0,1917.172983848862
2026-09-13 06:16:21.859,0.21360555548330873,0.155,0.62,4983.0,4.0,3857.0,1917.172983848862
2026-09-13 06:16:21.893,0.21360555548330873,0.155,0.62,4983.0,4.0,3857.0,1917.172983848862
2026-09-13 06:16:23.291,0.21360555548330873,0.155,0.62,4983.0,4.0,3857.0,1917.172983848862
2026-09-13 06:16:23.342,0.21360555548330873,0.155,0.62,4983.0,4.0,3857.0,1917.172983848862
2026-09-13 06:16:25.359,0.21360555548330873,0.155,0.62,4983.0,4.0,3857.0,1917.172983848862
2026-09-13 06:16:25.393,0.21360555548330873,0.155,0.62,4983.0,4.0,3857.0,1917.172983848862
2026-09-13 06:16:26.791,0.21360555548330873,0.155,0.62,4983.0,4.0,3857.0,1917.172983848862
2026-09-13 06:16:26.842,0.21360555548330873,0.155,0.62,4983.0,4.0,3857.0,1917.172983848862
2026-09-13 06:16:28.860,0.21345784127082226,0.15525,0.621,4983.0,4.0,3857.0,1917.172983848862
2026-09-13 06:16:28.893,0.21364768506429663,0.155,0.62,4983.0,4.0,3857.0,1917.172983848862
2026-09-13 06:16:30.291,0.21364768506429663,0.155,0.62,4983.0,4.0,3857.0,1917.172983848862
2026-09-13 06:16:30.342,0.21364768506429663,0.155,0.62,4983.0,4.0,3857.0,1917.172983848862
2026-09-13 06:16:32.360,0.21364768506429663,0.155,0.62,4983.0,4.0,3857.0,1917.172983848862
2026-09-13 06:16:32.393,0.21364768506429663,0.155,0.62,4983.0,4.0,3857.0,1917.172983848862
2026-09-13 06:16:33.791,0.21364768506429663,0.155,0.62,4983.0,4.0,3857.0,1917.172983848862
2026-09-13 06:16:33.843,0.21348594801531914,0.15525,0.621,4983.0,4.0,3857.0,1917.172983848862
2026-09-13 06:16:35.860,0.21363364279376243,0.155,0.62,4983.0,4.0,3857.0,1917.172983848862
2026-09-13 06:16:35.894,0.21344378651063972,0.15525,0.621,4983.0,4.0,3857.0,1917.172983848862
2026-09-13 06:16:37.292,0.21394313886326483,0.1555,0.622,4983.0,4.0,3857.0,1917.172983848862
2026-09-13 06:16:37.342,0.21426774527834613,0.155,0.62,4983.0,4.0,3857.0,1917.172983848862
2026-09-13 06:16:39.360,0.21426774527834613,0.155,0.62,4983.0,4.0,3857.0,1917.172983848862
2026-09-13 06:16:39.394,0.21426774527834613,0.155,0.62,4983.0,4.0,3857.0,1917.172983848862
2026-09-13 06:16:40.792,0.21426774527834613,0.155,0.62,4983.0,4.0,3857.0,1917.172983848862
2026-09-13 06:16:40.843,0.21410491976287285,0.15525,0.621,4983.0,4.0,3857.0,1917.172983848862
2026-09-13 06:16:42.860,0.21410491976287285,0.15525,0.621,4983.0,4.0,3857.0,1917.172983848862
2026-09-13 06:16:42.894,0.21410491976287285,0.15525,0.621,4983.0,4.0,3857.0,1917.172983848862
2026-09-13 06:16:44.292,0.21410491976287285,0.15525,0.621,4983.0,4.0,3857.0,1917.172983848862
2026-09-13 06:16:44.343,0.21410491976287285,0.15525,0.621,4983.0,4.0,3857.0,1917.172983848862
2026-09-13 06:16:46.360,0.21410491976287285,0.15525,0.621,4983.0,4.0,3857.0,1917.172983848862
2026-09-13 06:16:46.394,0.21410491976287285,0.15525,0.621,4983.0,4.0,3857.0,1917.172983848862
2026-09-13 06:16:47.792,0.21360555548330873,0.155,0.62,4983.0,4.0,3857.0,1917.172983848862
2026-09-13 06:16:47.843,0.21360555548330873,0.155,0.62,4983.0,4.0,3857.0,1917.172983848862
2026-09-13 06:16:49.860,0.21360555548330873,0.155,0.62,4983.0,4.0,3857.0,1917.172983848862
2026-09-13 06:16:49.894,0.21360555548330873,0.155,0.62,4983.0,4.0,3857.0,1917.172983848862
2026-09-13 06:16:51.292,0.21360555548330873,0.155,0.62,4983.0,4.0,3857.0,1917.172983848862
2026-09-13 06:16:51.343,0.21360555548330873,0.155,0.62,4983.0,4.0,3857.0,1917.172983848862
2026-09-13 06:16:53.360,0.21360555548330873,0.155,0.62,4983.0,4.0,3857.0,1917.172983848862
2026-09-13 06:16:53.394,0.21360555548330873,0.155,0.62,4983.0,4.0,3857.0,1917.172983848862
2026-09-13 06:16:54.792,0.21360555548330873,0.155,0.62,4983.0,4.0,3857.0,1917.172983848862
2026-09-13 06:16:54.843,0.21360555548330873,0.155,0.62,4983.0,4.0,3857.0,1917.172983848862
2026-09-13 06:16:56.860,0.21360555548330873,0.155,0.62,4983.0,4.0,3857.0,1917.172983848862
2026-09-13 06:16:56.894,0.21360555548330873,0.155,0.62,4983.0,4.0,3857.0,1917.172983848862
2026-09-13 06:16:58.292,0.21360555548330873,0.155,0.62,4983.0,4.0,3857.0,1917.172983848862
2026-09-13 06:16:58.343,0.21360555548330873,0.155,0.62,4983.0,4.0,3857.0,1917.172983848862
2026-09-13 06:17:00.360,0.21360555548330873,0.155,0.62,4983.0,4.0,3857.0,1917.172983848862
2026-09-13 06:17:00.394,0.21360555548330873,0.155,0.62,4983.0,4.0,3857.0,1917.172983848862
2026-09-13 06:17:01.792,0.21360555548330873,0.155,0.62,4983.0,4.0,3857.0,1917.172983848862
2026-09-13 06:17:01.843,0.21360555548330873,0.155,0.62,4983.0,4.0,3857.0,1917.172983848862
2026-09-13 06:17:03.860,0.21360555548330873,0.155,0.62,4983.0,4.0,3857.0,1917.172983848862
2026-09-13 06:17:03.894,0.21360555548330873,0.155,0.62,4983.0,4.0,3857.0,1917.172983848862
2026-09-13 06:17:05.292,0.21360555548330873,0.155,0.62,4983.0,4.0,3857.0,1917.172983848862
2026-09-13 06:17:05.343,0.21360555548330873,0.155,0.62,4983.0,4.0,3857.0,1917.172983848862
2026-09-13 06:17:07.360,0.21360555548330873,0.155,0.62,4983.0,4.0,3857.0,1917.172983848862
2026-09-13 06:17:07.394,0.21360555548330873,0.155,0.62,4983.0,4.0,3857.0,1917.172983848862
2026-09-13 06:17:08.792,0.21360555548330873,0.155,0.62,4983.0,4.0,3857.0,1917.172983848862
2026-09-13 06:17:08.843,0.21360555548330873,0.155,0.62,4983.0,4.0,3857.0,1917.172983848862
2026-09-13 06:17:10.861,0.21345784127082226,0.15525,0.621,4983.0,4.0,3857.0,1917.172983848862
2026-09-13 06:17:10.895,0.21345784127082226,0.15525,0.621,4983.0,4.0,3857.0,1917.172983848862
2026-09-13 06:17:12.292,0.21345784127082226,0.15525,0.621,4983.0,4.0,3857.0,1917.172983848862
2026-09-13 06:17:12.343,0.21345784127082226,0.15525,0.621,4983.0,4.0,3857.0,1917.172983848862
2026-09-13 06:17:14.361,0.21345784127082226,0.15525,0.621,4983.0,4.0,3857.0,1917.172983848862
2026-09-13 06:17:14.394,0.21364768506429663,0.155,0.62,4983.0,4.0,3857.0,1917.172983848862
2026-09-13 06:17:15.792,0.21364768506429663,0.155,0.62,4983.0,4.0,3857.0,1917.172983848862
2026-09-13 06:17:15.843,0.21364768506429663,0.155,0.62,4983.0,4.0,3857.0,1917.172983848862
2026-09-13 06:17:17.861,0.21379487832967267,0.15475,0.619,4983.0,4.0,3857.0,1917.172983848862
2026-09-13 06:17:17.894,0.21379487832967267,0.15475,0.619,4983.0,4.0,3857.0,1917.172983848862
2026-09-13 06:17:19.293,0.21429419030855582,0.155,0.62,4983.0,4.0,3857.0,1917.172983848862
2026-09-13 06:17:19.343,0.2144564835423095,0.15475,0.619,4983.0,4.0,3857.0,1917.172983848862
2026-09-13 06:17:21.361,0.2144564835423095,0.15475,0.619,4983.0,4.0,3857.0,1917.172983848862
2026-09-13 06:17:21.395,0.2142677452783461,0.155,0.62,4983.0,4.0,3857.0,1917.172983848862
2026-09-13 06:17:22.793,0.21426774527834605,0.155,0.62,4983.0,4.0,3857.0,1917.172983848862
2026-09-13 06:17:22.843,0.21426774527834605,0.155,0.62,4983.0,4.0,3857.0,1917.172983848862
2026-09-13 06:17:24.861,0.21426774527834605,0.155,0.62,4983.0,4.0,3857.0,1917.172983848862
2026-09-13 06:17:24.895,0.21426774527834605,0.155,0.62,4983.0,4.0,3857.0,1917.172983848862
2026-09-13 06:17:26.293,0.21426774527834605,0.155,0.62,4983.0,4.0,3857.0,1917.172983848862
2026-09-13 06:17:26.344,0.2141049197628728,0.15525,0.621,4983.0,4.0,3857.0,1917.172983848862
2026-09-13 06:17:28.361,0.2141049197628728,0.15525,0.621,4983.0,4.0,3857.0,1917.172983848862
2026-09-13 06:17:28.395,0.2141049197628728,0.15525,0.621,4983.0,4.0,3857.0,1917.172983848862
2026-09-13 06:17:29.793,0.21360555548330867,0.155,0.62,4983.0,4.0,3857.0,1917.172983848862
2026-09-13 06:17:29.844,0.21360555548330867,0.155,0.62,4983.0,4.0,3857.0,1917.172983848862
2026-09-13 06:17:31.861,0.21360555548330867,0.155,0.62,4983.0,4.0,3857.0,1917.172983848862
2026-09-13 06:17:31.895,0.21360555548330867,0.155,0.62,4983.0,4.0,3857.0,1917.172983848862
2026-09-13 06:17:33.293,0.21360555548330867,0.155,0.62,4983.0,4.0,3857.0,1917.172983848862
2026-09-13 06:17:33.344,0.21360555548330867,0.155,0.62,4983.0,4.0,3857.0,1917.172983848862
2026-09-13 06:17:35.361,0.21360555548330867,0.155,0.62,4983.0,4.0,3857.0,1917.172983848862
2026-09-13 06:17:35.395,0.21360555548330867,0.155,0.62,4983.0,4.0,3857.0,1917.172983848862
2026-09-13 06:17:36.793,0.21360555548330867,0.155,0.62,4983.0,4.0,3857.0,1917.172983848862
2026-09-13 06:17:36.844,0.21360555548330867,0.155,0.62,4983.0,4.0,3857.0,1917.172983848862
2026-09-13 06:17:38.861,0.21360555548330867,0.155,0.62,4983.0,4.0,3857.0,1917.172983848862
2026-09-13 06:17:38.895,0.21360555548330867,0.155,0.62,4983.0,4.0,3857.0,1917.172983848862
2026-09-13 06:17:40.335,0.21360555548330867,0.155,0.62,4983.0,4.0,3857.0,1917.172983848862
2026-09-13 06:17:40.386,0.21360555548330867,0.155,0.62,4983.0,4.0,3857.0,1917.172983848862
2026-09-13 06:17:42.403,0.21360555548330867,0.155,0.62,4983.0,4.0,3857.0,1917.172983848862
2026-09-13 06:17:42.437,0.21360555548330867,0.155,0.62,4983.0,4.0,3857.0,1917.172983848862
2026-09-13 06:17:43.835,0.21360555548330867,0.155,0.62,4983.0,4.0,3857.0,1917.172983848862
2026-09-13 06:17:43.886,0.21360555548330867,0.155,0.62,4983.0,4.0,3857.0,1917.172983848862
2026-09-13 06:17:45.903,0.21360555548330867,0.155,0.62,4983.0,4.0,3857.0,1917.172983848862
2026-09-13 06:17:45.937,0.21360555548330867,0.155,0.62,4983.0,4.0,3857.0,1917.172983848862
2026-09-13 06:17:47.335,0.21360555548330867,0.155,0.62,4983.0,4.0,3857.0,1917.172983848862
2026-09-13 06:17:47.386,0.21360555548330867,0.155,0.62,4983.0,4.0,3857.0,1917.172983848862
2026-09-13 06:17:49.403,0.21360555548330867,0.155,0.62,4983.0,4.0,3857.0,1917.172983848862
2026-09-13 06:17:49.437,0.21360555548330867,0.155,0.62,4983.0,4.0,3857.0,1917.172983848862
2026-09-13 06:17:50.835,0.21360555548330867,0.155,0.62,4983.0,4.0,3857.0,1917.172983848862
2026-09-13 06:17:50.886,0.21360555548330867,0.155,0.62,4983.0,4.0,3857.0,1917.172983848862
2026-09-13 06:17:52.903,0.21360555548330867,0.155,0.62,4983.0,4.0,3857.0,1917.172983848862
2026-09-13 06:17:52.937,0.21360555548330867,0.155,0.62,4983.0,4.0,3857.0,1917.172983848862
2026-09-13 06:17:54.335,0.21360555548330867,0.155,0.62,4983.0,4.0,3857.0,1917.172983848862
2026-09-13 06:17:54.386,0.21360555548330867,0.155,0.62,4983.0,4.0,3857.0,1917.172983848862
2026-09-13 06:17:56.403,0.21360555548330867,0.155,0.62,4983.0,4.0,3857.0,1917.172983848862
2026-09-13 06:17:56.437,0.21360555548330867,0.155,0.62,4983.0,4.0,3857.0,1917.172983848862
2026-09-13 06:17:57.835,0.21360555548330867,0.155,0.62,4983.0,4.0,3857.0,1917.172983848862
2026-09-13 06:17:57.886,0.21360555548330867,0.155,0.62,4983.0,4.0,3857.0,1917.172983848862
2026-09-13 06:17:59.904,0.2134578412708222,0.15525,0.621,4983.0,4.0,3857.0,1917.172983848862
2026-09-13 06:17:59.938,0.2134578412708222,0.15525,0.621,4983.0,4.0,3857.0,1917.172983848862
2026-09-13 06:18:01.335,0.2134578412708222,0.15525,0.621,4983.0,4.0,3857.0,1917.172983848862
2026-09-13 06:18:01.386,0.2134578412708222,0.15525,0.621,4983.0,4.0,3857.0,1917.172983848862
2026-09-13 06:18:03.404,0.21360555548330867,0.155,0.62,4983.0,4.0,3857.0,1917.172983848862
2026-09-13 06:18:03.438,0.21360555548330867,0.155,0.62,4983.0,4.0,3857.0,1917.172983848862
2026-09-13 06:18:04.836,0.2141049197628728,0.15525,0.621,4983.0,4.0,3857.0,1917.172983848862
2026-09-13 06:18:04.886,0.21426774527834605,0.155,0.62,4983.0,4.0,3857.0,1917.172983848862
2026-09-13 06:18:06.904,0.21426774527834605,0.155,0.62,4983.0,4.0,3857.0,1917.172983848862
2026-09-13 06:18:06.938,0.21426774527834605,0.155,0.62,4983.0,4.0,3857.0,1917.172983848862
2026-09-13 06:18:08.336,0.21426774527834605,0.155,0.62,4983.0,4.0,3857.0,1917.172983848862
2026-09-13 06:18:08.387,0.2141049197628728,0.15525,0.621,4983.0,4.0,3857.0,1917.172983848862
2026-09-13 06:18:10.404,0.2141049197628728,0.15525,0.621,4983.0,4.0,3857.0,1917.172983848862
2026-09-13 06:18:10.438,0.2141049197628728,0.15525,0.621,4983.0,4.0,3857.0,1917.172983848862
2026-09-13 06:18:11.836,0.2141049197628728,0.15525,0.621,4983.0,4.0,3857.0,1917.172983848862
2026-09-13 06:18:11.887,0.2141049197628728,0.15525,0.621,4983.0,4.0,3857.0,1917.172983848862
2026-09-13 06:18:13.904,0.2141049197628728,0.15525,0.621,4983.0,4.0,3857.0,1917.172983848862
2026-09-13 06:18:13.938,0.2141049197628728,0.15525,0.621,4983.0,4.0,3857.0,1917.172983848862
2026-09-13 06:18:15.336,0.21360555548330865,0.155,0.62,4983.0,4.0,3857.0,1917.172983848862
2026-09-13 06:18:15.387,0.21360555548330865,0.155,0.62,4983.0,4.0,3857.0,1917.172983848862
2026-09-13 06:18:17.404,0.21360555548330865,0.155,0.62,4983.0,4.0,3857.0,1917.172983848862
2026-09-13 06:18:17.438,0.21360555548330865,0.155,0.62,4983.0,4.0,3857.0,1917.172983848862
2026-09-13 06:18:18.836,0.21360555548330865,0.155,0.62,4983.0,4.0,3857.0,1917.172983848862
2026-09-13 06:18:18.887,0.21360555548330865,0.155,0.62,4983.0,4.0,3857.0,1917.172983848862
2026-09-13 06:18:20.904,0.21360555548330865,0.155,0.62,4983.0,4.0,3857.0,1917.172983848862
2026-09-13 06:18:20.938,0.21360555548330865,0.155,0.62,4983.0,4.0,3857.0,1917.172983848862
2026-09-13 06:18:22.336,0.21360555548330865,0.155,0.62,4983.0,4.0,3857.0,1917.172983848862
2026-09-13 06:18:22.387,0.21360555548330865,0.155,0.62,4983.0,4.0,3857.0,1917.172983848862
2026-09-13 06:18:24.404,0.21360555548330865,0.155,0.62,4983.0,4.0,3857.0,1917.172983848862
2026-09-13 06:18:24.438,0.21360555548330865,0.155,0.62,4983.0,4.0,3857.0,1917.172983848862
2026-09-13 06:18:25.836,0.21360555548330865,0.155,0.62,4983.0,4.0,3857.0,1917.172983848862
2026-09-13 06:18:25.887,0.21360555548330865,0.155,0.62,4983.0,4.0,3857.0,1917.172983848862
2026-09-13 06:18:27.904,0.21360555548330865,0.155,0.62,4983.0,4.0,3857.0,1917.172983848862
2026-09-13 06:18:27.938,0.21360555548330865,0.155,0.62,4983.0,4.0,3857.0,1917.172983848862
2026-09-13 06:18:29.336,0.21360555548330865,0.155,0.62,4983.0,4.0,3857.0,1917.172983848862
2026-09-13 06:18:29.387,0.21360555548330865,0.155,0.62,4983.0,4.0,3857.0,1917.172983848862
2026-09-13 06:18:31.404,0.21360555548330865,0.155,0.62,4983.0,4.0,3857.0,1917.172983848862
2026-09-13 06:18:31.438,0.21360555548330865,0.155,0.62,4983.0,4.0,3857.0,1917.172983848862
2026-09-13 06:18:32.836,0.21360555548330865,0.155,0.62,4983.0,4.0,3857.0,1917.172983848862
2026-09-13 06:18:32.887,0.21360555548330865,0.155,0.62,4983.0,4.0,3857.0,1917.172983848862
2026-09-13 06:18:34.904,0.21360555548330865,0.155,0.62,4983.0,4.0,3857.0,1917.172983848862
2026-09-13 06:18:34.938,0.21360555548330865,0.155,0.62,4983.0,4.0,3857.0,1917.172983848862
2026-09-13 06:18:36.336,0.21360555548330865,0.155,0.62,4983.0,4.0,3857.0,1917.172983848862
2026-09-13 06:18:36.387,0.21360555548330865,0.155,0.62,4983.0,4.0,3857.0,1917.172983848862
2026-09-13 06:18:38.404,0.21360555548330865,0.155,0.62,4983.0,4.0,3857.0,1917.172983848862
2026-09-13 06:18:38.438,0.21360555548330865,0.155,0.62,4983.0,4.0,3857.0,1917.172983848862
2026-09-13 06:18:39.836,0.21360555548330865,0.155,0.62,4983.0,4.0,3857.0,1917.172983848862
2026-09-13 06:18:39.887,0.21360555548330865,0.155,0.62,4983.0,4.0,3857.0,1917.172983848862
2026-09-13 06:18:41.905,0.21345784127082218,0.15525,0.621,4983.0,4.0,3857.0,1917.172983848862
2026-09-13 06:18:41.938,0.21364768506429657,0.155,0.62,4983.0,4.0,3857.0,1917.172983848862
2026-09-13 06:18:43.336,0.21364768506429657,0.155,0.62,4983.0,4.0,3857.0,1917.172983848862
2026-09-13 06:18:43.387,0.21364768506429657,0.155,0.62,4983.0,4.0,3857.0,1917.172983848862
2026-09-13 06:18:45.405,0.21379487832967262,0.15475,0.619,4983.0,4.0,3857.0,1917.172983848862
2026-09-13 06:18:45.438,0.21379487832967262,0.15475,0.619,4983.0,4.0,3857.0,1917.172983848862
2026-09-13 06:18:46.837,0.21429419030855576,0.155,0.62,4983.0,4.0,3857.0,1917.172983848862
2026-09-13 06:18:46.887,0.21445648354230945,0.15475,0.619,4983.0,4.0,3857.0,1917.172983848862
2026-09-13 06:18:48.905,0.21445648354230945,0.15475,0.619,4983.0,4.0,3857.0,1917.172983848862
2026-09-13 06:18:48.939,0.21426774527834602,0.155,0.62,4983.0,4.0,3857.0,1917.172983848862
2026-09-13 06:18:50.337,0.214267745278346,0.155,0.62,4983.0,4.0,3857.0,1917.172983848862
2026-09-13 06:18:50.387,0.214267745278346,0.155,0.62,4983.0,4.0,3857.0,1917.172983848862
2026-09-13 06:18:52.405,0.21426774527834602,0.155,0.62,4983.0,4.0,3857.0,1917.172983848862
2026-09-13 06:18:52.439,0.21426774527834602,0.155,0.62,4983.0,4.0,3857.0,1917.172983848862
2026-09-13 06:18:53.837,0.21426774527834602,0.155,0.62,4983.0,4.0,3857.0,1917.172983848862
2026-09-13 06:18:53.888,0.21410491976287274,0.15525,0.621,4983.0,4.0,3857.0,1917.172983848862
2026-09-13 06:18:55.905,0.21410491976287274,0.15525,0.621,4983.0,4.0,3857.0,1917.172983848862
2026-09-13 06:18:55.939,0.21410491976287274,0.15525,0.621,4983.0,4.0,3857.0,1917.172983848862
2026-09-13 06:18:57.337,0.21360555548330865,0.155,0.62,4983.0,4.0,3857.0,1917.172983848862
2026-09-13 06:18:57.388,0.21360555548330865,0.155,0.62,4983.0,4.0,3857.0,1917.172983848862
2026-09-13 06:18:59.405,0.21360555548330865,0.155,0.62,4983.0,4.0,3857.0,1917.172983848862
2026-09-13 06:18:59.439,0.21360555548330865,0.155,0.62,4983.0,4.0,3857.0,1917.172983848862
2026-09-13 06:19:00.837,0.21360555548330865,0.155,0.62,4983.0,4.0,3857.0,1917.172983848862
2026-09-13 06:19:00.888,0.21360555548330865,0.155,0.62,4983.0,4.0,3857.0,1917.172983848862
2026-09-13 06:19:02.905,0.21360555548330865,0.155,0.62,4983.0,4.0,3857.0,1917.172983848862
2026-09-13 06:19:02.939,0.21360555548330865,0.155,0.62,4983.0,4.0,3857.0,1917.172983848862
2026-09-13 06:19:04.337,0.21360555548330865,0.155,0.62,4983.0,4.0,3857.0,1917.172983848862
2026-09-13 06:19:04.388,0.21360555548330865,0.155,0.62,4983.0,4.0,3857.0,1917.172983848862
2026-09-13 06:19:06.405,0.21360555548330865,0.155,0.62,4983.0,4.0,3857.0,1917.172983848862
2026-09-13 06:19:06.439,0.21360555548330865,0.155,0.62,4983.0,4.0,3857.0,1917.172983848862
2026-09-13 06:19:07.837,0.21360555548330865,0.155,0.62,4983.0,4.0,3857.0,1917.172983848862
2026-09-13 06:19:07.888,0.21360555548330865,0.155,0.62,4983.0,4.0,3857.0,1917.172983848862
2026-09-13 06:19:09.905,0.21360555548330865,0.155,0.62,4983.0,4.0,3857.0,1917.172983848862
2026-09-13 06:19:09.939,0.21360555548330865,0.155,0.62,4983.0,4.0,3857.0,1917.172983848862
2026-09-13 06:19:11.337,0.21360555548330865,0.155,0.62,4983.0,4.0,3857.0,1917.172983848862
2026-09-13 06:19:11.388,0.21360555548330865,0.155,0.62,4983.0,4.0,3857.0,1917.172983848862
2026-09-13 06:19:13.405,0.21360555548330865,0.155,0.62,4983.0,4.0,3857.0,1917.172983848862
2026-09-13 06:19:13.439,0.21360555548330865,0.155,0.62,4983.0,4.0,3857.0,1917.172983848862
2026-09-13 06:19:14.837,0.21360555548330865,0.155,0.62,4983.0,4.0,3857.0,1917.172983848862
2026-09-13 06:19:14.888,0.21360555548330865,0.155,0.62,4983.0,4.0,3857.0,1917.172983848862
2026-09-13 06:19:16.905,0.21360555548330865,0.155,0.62,4983.0,4.0,3857.0,1917.172983848862
2026-09-13 06:19:16.939,0.21360555548330865,0.155,0.62,4983.0,4.0,3857.0,1917.172983848862
2026-09-13 06:19:18.337,0.21360555548330865,0.155,0.62,4983.0,4.0,3857.0,1917.172983848862
2026-09-13 06:19:18.388,0.21360555548330865,0.155,0.62,4983.0,4.0,3857.0,1917.172983848862
2026-09-13 06:19:20.405,0.21360555548330865,0.155,0.62,4983.0,4.0,3857.0,1917.172983848862
2026-09-13 06:19:20.439,0.21360555548330865,0.155,0.62,4983.0,4.0,3857.0,1917.172983848862
2026-09-13 06:19:21.837,0.21360555548330865,0.155,0.62,4983.0,4.0,3857.0,1917.172983848862
2026-09-13 06:19:21.888,0.21360555548330865,0.155,0.62,4983.0,4.0,3857.0,1917.172983848862
2026-09-13 06:19:23.905,0.21360555548330865,0.155,0.62,4983.0,4.0,3857.0,1917.172983848862
2026-09-13 06:19:23.939,0.21360555548330865,0.155,0.62,4983.0,4.0,3857.0,1917.172983848862
2026-09-13 06:19:25.337,0.21360555548330865,0.155,0.62,4983.0,4.0,3857.0,1917.172983848862
2026-09-13 06:19:25.388,0.21360555548330865,0.155,0.62,4983.0,4.0,3857.0,1917.172983848862
2026-09-13 06:19:27.406,0.21345784127082215,0.15525,0.621,4983.0,4.0,3857.0,1917.172983848862
2026-09-13 06:19:27.440,0.21345784127082215,0.15525,0.621,4983.0,4.0,3857.0,1917.172983848862
2026-09-13 06:19:28.837,0.21345784127082215,0.15525,0.621,4983.0,4.0,3857.0,1917.172983848862
2026-09-13 06:19:28.888,0.21345784127082215,0.15525,0.621,4983.0,4.0,3857.0,1917.172983848862
2026-09-13 06:19:30.906,0.21360555548330865,0.155,0.62,4983.0,4.0,3857.0,1917.172983848862
2026-09-13 06:19:30.940,0.21360555548330865,0.155,0.62,4983.0,4.0,3857.0,1917.172983848862
2026-09-13 06:19:32.338,0.21410491976287274,0.15525,0.621,4983.0,4.0,3857.0,1917.172983848862
2026-09-13 06:19:32.388,0.21426774527834602,0.155,0.62,4983.0,4.0,3857.0,1917.172983848862
2026-09-13 06:19:34.406,0.21426774527834602,0.155,0.62,4983.0,4.0,3857.0,1917.172983848862
2026-09-13 06:19:34.440,0.21426774527834602,0.155,0.62,4983.0,4.0,3857.0,1917.172983848862
2026-09-13 06:19:35.838,0.21426774527834602,0.155,0.62,4983.0,4.0,3857.0,1917.172983848862
2026-09-13 06:19:35.889,0.21410491976287274,0.15525,0.621,4983.0,4.0,3857.0,1917.172983848862
2026-09-13 06:19:37.911,0.21410491976287274,0.15525,0.621,4983.0,4.0,3857.0,1917.172983848862
2026-09-13 06:19:37.945,0.21410491976287274,0.15525,0.621,4983.0,4.0,3857.0,1917.172983848862
2026-09-13 06:19:39.343,0.21410491976287274,0.15525,0.621,4983.0,4.0,3857.0,1917.172983848862
2026-09-13 06:19:39.394,0.21410491976287274,0.15525,0.621,4983.0,4.0,3857.0,1917.172983848862
2026-09-13 06:19:41.411,0.21410491976287274,0.15525,0.621,4983.0,4.0,3857.0,1917.172983848862
2026-09-13 06:19:41.445,0.21410491976287274,0.15525,0.621,4983.0,4.0,3857.0,1917.172983848862
2026-09-13 06:19:42.843,0.21360555548330862,0.155,0.62,4983.0,4.0,3857.0,1917.172983848862
2026-09-13 06:19:42.894,0.21360555548330862,0.155,0.62,4983.0,4.0,3857.0,1917.172983848862
2026-09-13 06:19:44.911,0.21360555548330862,0.155,0.62,4983.0,4.0,3857.0,1917.172983848862
2026-09-13 06:19:44.945,0.21360555548330862,0.155,0.62,4983.0,4.0,3857.0,1917.172983848862
2026-09-13 06:19:46.343,0.21360555548330862,0.155,0.62,4983.0,4.0,3857.0,1917.172983848862
2026-09-13 06:19:46.394,0.21360555548330862,0.155,0.62,4983.0,4.0,3857.0,1917.172983848862
2026-09-13 06:19:48.411,0.21360555548330862,0.155,0.62,4983.0,4.0,3857.0,1917.172983848862
2026-09-13 06:19:48.445,0.21360555548330862,0.155,0.62,4983.0,4.0,3857.0,1917.172983848862
2026-09-13 06:19:49.843,0.21360555548330862,0.155,0.62,4983.0,4.0,3857.0,1917.172983848862
2026-09-13 06:19:49.894,0.21360555548330862,0.155,0.62,4983.0,4.0,3857.0,1917.172983848862
2026-09-13 06:19:51.911,0.21360555548330862,0.155,0.62,4983.0,4.0,3857.0,1917.172983848862
2026-09-13 06:19:51.945,0.21360555548330862,0.155,0.62,4983.0,4.0,3857.0,1917.172983848862
2026-09-13 06:19:53.343,0.21360555548330862,0.155,0.62,4983.0,4.0,3857.0,1917.172983848862
2026-09-13 06:19:53.394,0.21360555548330862,0.155,0.62,4983.0,4.0,3857.0,1917.172983848862
2026-09-13 06:19:55.411,0.21360555548330862,0.155,0.62,4983.0,4.0,3857.0,1917.172983848862
2026-09-13 06:19:55.445,0.21360555548330862,0.155,0.62,4983.0,4.0,3857.0,1917.172983848862
2026-09-13 06:19:56.843,0.21360555548330862,0.155,0.62,4983.0,4.0,3857.0,1917.172983848862
2026-09-13 06:19:56.894,0.21360555548330862,0.155,0.62,4983.0,4.0,3857.0,1917.172983848862
2026-09-13 06:19:58.911,0.21360555548330862,0.155,0.62,4983.0,4.0,3857.0,1917.172983848862
2026-09-13 06:19:58.945,0.21360555548330862,0.155,0.62,4983.0,4.0,3857.0,1917.172983848862
2026-09-13 06:20:00.343,0.21360555548330862,0.155,0.62,4983.0,4.0,3857.0,1917.172983848862
2026-09-13 06:20:00.394,0.21360555548330862,0.155,0.62,4983.0,4.0,3857.0,1917.172983848862
2026-09-13 06:20:04.930,0.24980042033591449,0.25875,1.035,4923.0,3.0,3864.0,1916.0083507124777
2026-09-13 06:20:04.982,0.24450817982227008,0.26325,1.053,4923.0,2.0,7704.0,2210.0968304578764
2026-09-13 06:20:06.998,0.21037189292615313,0.1595,0.638,4983.0,3.0,7697.0,2212.119402292731
2026-09-13 06:20:07.032,0.2134437865106396,0.15524999999999997,0.6209999999999999,4983.0,4.0,3857.0,1917.172983848862
2026-09-13 06:20:08.430,0.2134437865106396,0.15525,0.621,4983.0,4.0,3857.0,1917.172983848862
2026-09-13 06:20:08.481,0.21360555548330862,0.155,0.62,4983.0,4.0,3857.0,1917.172983848862
2026-09-13 06:20:10.499,0.21345784127082215,0.15525,0.621,4983.0,4.0,3857.0,1917.172983848862
2026-09-13 06:20:10.532,0.21364768506429654,0.155,0.62,4983.0,4.0,3857.0,1917.172983848862
2026-09-13 06:20:11.930,0.21364768506429654,0.155,0.62,4983.0,4.0,3857.0,1917.172983848862
2026-09-13 06:20:11.981,0.21364768506429654,0.155,0.62,4983.0,4.0,3857.0,1917.172983848862
2026-09-13 06:20:13.999,0.21379487832967256,0.15475,0.619,4983.0,4.0,3857.0,1917.172983848862
2026-09-13 06:20:14.033,0.2136055554833086,0.155,0.62,4983.0,4.0,3857.0,1917.172983848862
2026-09-13 06:20:15.431,0.21410491976287274,0.15525,0.621,4983.0,4.0,3857.0,1917.172983848862
2026-09-13 06:20:15.481,0.214267745278346,0.155,0.62,4983.0,4.0,3857.0,1917.172983848862
2026-09-13 06:20:17.499,0.214267745278346,0.155,0.62,4983.0,4.0,3857.0,1917.172983848862
2026-09-13 06:20:17.533,0.214267745278346,0.155,0.62,4983.0,4.0,3857.0,1917.172983848862
2026-09-13 06:20:18.931,0.21426774527834597,0.155,0.62,4983.0,4.0,3857.0,1917.172983848862
2026-09-13 06:20:18.982,0.2141049197628727,0.15525,0.621,4983.0,4.0,3857.0,1917.172983848862
2026-09-13 06:20:20.999,0.2141049197628727,0.15525,0.621,4983.0,4.0,3857.0,1917.172983848862
2026-09-13 06:20:21.033,0.2141049197628727,0.15525,0.621,4983.0,4.0,3857.0,1917.172983848862
2026-09-13 06:20:22.431,0.2141049197628727,0.15525,0.621,4983.0,4.0,3857.0,1917.172983848862
2026-09-13 06:20:22.482,0.2141049197628727,0.15525,0.621,4983.0,4.0,3857.0,1917.172983848862
2026-09-13 06:20:24.499,0.2141049197628727,0.15525,0.621,4983.0,4.0,3857.0,1917.172983848862
2026-09-13 06:20:24.533,0.2141049197628727,0.15525,0.621,4983.0,4.0,3857.0,1917.172983848862
2026-09-13 06:20:25.931,0.2141049197628727,0.15525,0.621,4983.0,4.0,3857.0,1917.172983848862
2026-09-13 06:20:25.982,0.2141049197628727,0.15525,0.621,4983.0,4.0,3857.0,1917.172983848862
2026-09-13 06:20:27.999,0.2141049197628727,0.15525,0.621,4983.0,4.0,3857.0,1917.172983848862
2026-09-13 06:20:28.033,0.2141049197628727,0.15525,0.621,4983.0,4.0,3857.0,1917.172983848862
2026-09-13 06:20:29.431,0.2136055554833086,0.155,0.62,4983.0,4.0,3857.0,1917.172983848862
2026-09-13 06:20:29.482,0.2136055554833086,0.155,0.62,4983.0,4.0,3857.0,1917.172983848862
2026-09-13 06:20:31.499,0.2136055554833086,0.155,0.62,4983.0,4.0,3857.0,1917.172983848862
2026-09-13 06:20:31.533,0.2136055554833086,0.155,0.62,4983.0,4.0,3857.0,1917.172983848862
2026-09-13 06:20:32.931,0.2136055554833086,0.155,0.62,4983.0,4.0,3857.0,1917.172983848862
2026-09-13 06:20:32.982,0.2136055554833086,0.155,0.62,4983.0,4.0,3857.0,1917.172983848862
2026-09-13 06:20:34.999,0.2136055554833086,0.155,0.62,4983.0,4.0,3857.0,1917.172983848862
2026-09-13 06:20:35.033,0.2136055554833086,0.155,0.62,4983.0,4.0,3857.0,1917.172983848862
2026-09-13 06:20:36.431,0.2136055554833086,0.155,0.62,4983.0,4.0,3857.0,1917.172983848862
2026-09-13 06:20:36.482,0.2136055554833086,0.155,0.62,4983.0,4.0,3857.0,1917.172983848862
2026-09-13 06:20:38.499,0.2136055554833086,0.155,0.62,4983.0,4.0,3857.0,1917.172983848862
2026-09-13 06:20:38.533,0.2136055554833086,0.155,0.62,4983.0,4.0,3857.0,1917.172983848862
2026-09-13 06:20:39.931,0.18814245489344722,0.14225,0.569,4983.0,4.0,3857.0,1917.172983848862
2026-09-13 06:20:39.981,0.1883047175900438,0.142,0.568,4983.0,4.0,3857.0,1917.172983848862
2026-09-13 06:20:41.999,0.1883047175900438,0.14200000000000002,0.5680000000000001,4983.0,4.0,3857.0,1917.172983848862
2026-09-13 06:20:42.033,0.1883047175900438,0.142,0.568,4983.0,4.0,3857.0,1917.172983848862
2026-09-13 06:20:43.431,0.21376837153018255,0.15475,0.619,4983.0,4.0,3857.0,1917.172983848862
2026-09-13 06:20:43.482,0.21360555548330862,0.155,0.62,4983.0,4.0,3857.0,1917.172983848862
2026-09-13 06:20:45.499,0.21360555548330862,0.155,0.62,4983.0,4.0,3857.0,1917.172983848862
2026-09-13 06:20:45.533,0.21360555548330862,0.155,0.62,4983.0,4.0,3857.0,1917.172983848862
2026-09-13 06:20:46.931,0.21360555548330862,0.155,0.62,4983.0,4.0,3857.0,1917.172983848862
2026-09-13 06:20:46.982,0.21360555548330862,0.155,0.62,4983.0,4.0,3857.0,1917.172983848862
2026-09-13 06:20:48.999,0.21360555548330862,0.155,0.62,4983.0,4.0,3857.0,1917.172983848862
2026-09-13 06:20:49.033,0.21360555548330862,0.155,0.62,4983.0,4.0,3857.0,1917.172983848862
2026-09-13 06:20:50.431,0.21360555548330862,0.155,0.62,4983.0,4.0,3857.0,1917.172983848862
2026-09-13 06:20:50.482,0.21360555548330862,0.155,0.62,4983.0,4.0,3857.0,1917.172983848862
2026-09-13 06:20:52.499,0.21360555548330862,0.155,0.62,4983.0,4.0,3857.0,1917.172983848862
2026-09-13 06:20:52.533,0.21360555548330862,0.155,0.62,4983.0,4.0,3857.0,1917.172983848862
2026-09-13 06:20:53.931,0.21360555548330862,0.155,0.62,4983.0,4.0,3857.0,1917.172983848862
2026-09-13 06:20:53.982,0.21360555548330862,0.155,0.62,4983.0,4.0,3857.0,1917.172983848862
2026-09-13 06:20:56.000,0.21345784127082215,0.15525,0.621,4983.0,4.0,3857.0,1917.172983848862
2026-09-13 06:20:56.034,0.21345784127082215,0.15525,0.621,4983.0,4.0,3857.0,1917.172983848862
2026-09-13 06:20:57.431,0.21345784127082215,0.15525,0.621,4983.0,4.0,3857.0,1917.172983848862
2026-09-13 06:20:57.482,0.21345784127082215,0.15525,0.621,4983.0,4.0,3857.0,1917.172983848862
2026-09-13 06:20:59.500,0.21360555548330862,0.155,0.62,4983.0,4.0,3857.0,1917.172983848862
2026-09-13 06:20:59.534,0.21360555548330862,0.155,0.62,4983.0,4.0,3857.0,1917.172983848862
2026-09-13 06:21:00.932,0.21410491976287274,0.15525,0.621,4983.0,4.0,3857.0,1917.172983848862
2026-09-13 06:21:00.982,0.214267745278346,0.155,0.62,4983.0,4.0,3857.0,1917.172983848862
2026-09-13 06:21:03.000,0.21426774527834602,0.155,0.62,4983.0,4.0,3857.0,1917.172983848862
2026-09-13 06:21:03.034,0.21426774527834602,0.155,0.62,4983.0,4.0,3857.0,1917.172983848862
2026-09-13 06:21:04.432,0.21426774527834602,0.155,0.62,4983.0,4.0,3857.0,1917.172983848862
2026-09-13 06:21:04.482,0.21426774527834602,0.155,0.62,4983.0,4.0,3857.0,1917.172983848862
2026-09-13 06:21:06.500,0.21426774527834602,0.155,0.62,4983.0,4.0,3857.0,1917.172983848862
2026-09-13 06:21:06.534,0.21426774527834602,0.155,0.62,4983.0,4.0,3857.0,1917.172983848862
2026-09-13 06:21:07.932,0.21426774527834602,0.155,0.62,4983.0,4.0,3857.0,1917.172983848862
2026-09-13 06:21:07.983,0.21410491976287274,0.15525,0.621,4983.0,4.0,3857.0,1917.172983848862
2026-09-13 06:21:10.000,0.21410491976287274,0.15525,0.621,4983.0,4.0,3857.0,1917.172983848862
2026-09-13 06:21:10.034,0.21410491976287274,0.15525,0.621,4983.0,4.0,3857.0,1917.172983848862
2026-09-13 06:21:11.432,0.21410491976287274,0.15525,0.621,4983.0,4.0,3857.0,1917.172983848862
2026-09-13 06:21:11.483,0.21410491976287274,0.15525,0.621,4983.0,4.0,3857.0,1917.172983848862
2026-09-13 06:21:13.500,0.21410491976287274,0.15525,0.621,4983.0,4.0,3857.0,1917.172983848862
2026-09-13 06:21:13.534,0.21410491976287274,0.15525,0.621,4983.0,4.0,3857.0,1917.172983848862
2026-09-13 06:21:14.932,0.21360555548330862,0.155,0.62,4983.0,4.0,3857.0,1917.172983848862
2026-09-13 06:21:14.983,0.21360555548330862,0.155,0.62,4983.0,4.0,3857.0,1917.172983848862
2026-09-13 06:21:17.000,0.21360555548330862,0.155,0.62,4983.0,4.0,3857.0,1917.172983848862
2026-09-13 06:21:17.034,0.21360555548330862,0.155,0.62,4983.0,4.0,3857.0,1917.172983848862
2026-09-13 06:21:18.432,0.21360555548330862,0.155,0.62,4983.0,4.0,3857.0,1917.172983848862
2026-09-13 06:21:18.483,0.21360555548330862,0.155,0.62,4983.0,4.0,3857.0,1917.172983848862
2026-09-13 06:21:20.500,0.21360555548330862,0.155,0.62,4983.0,4.0,3857.0,1917.172983848862
2026-09-13 06:21:20.534,0.21360555548330862,0.155,0.62,4983.0,4.0,3857.0,1917.172983848862
2026-09-13 06:21:21.932,0.21310619418496382,0.15475,0.619,4983.0,4.0,3857.0,1917.172983848862
2026-09-13 06:21:21.982,0.2132690007166212,0.1545,0.618,4983.0,4.0,3857.0,1917.172983848862
2026-09-13 06:21:24.000,0.2132690007166212,0.1545,0.618,4983.0,4.0,3857.0,1917.172983848862
2026-09-13 06:21:24.034,0.2132690007166212,0.1545,0.618,4983.0,4.0,3857.0,1917.172983848862
2026-09-13 06:21:25.432,0.21376837153018258,0.15475,0.619,4983.0,4.0,3857.0,1917.172983848862
2026-09-13 06:21:25.483,0.21360555548330862,0.155,0.62,4983.0,4.0,3857.0,1917.172983848862
2026-09-13 06:21:27.500,0.21360555548330862,0.155,0.62,4983.0,4.0,3857.0,1917.172983848862
2026-09-13 06:21:27.534,0.21360555548330862,0.155,0.62,4983.0,4.0,3857.0,1917.172983848862
2026-09-13 06:21:28.932,0.21360555548330862,0.155,0.62,4983.0,4.0,3857.0,1917.172983848862
2026-09-13 06:21:28.983,0.21360555548330862,0.155,0.62,4983.0,4.0,3857.0,1917.172983848862
2026-09-13 06:21:31.000,0.21360555548330862,0.155,0.62,4983.0,4.0,3857.0,1917.172983848862
2026-09-13 06:21:31.034,0.21360555548330862,0.155,0.62,4983.0,4.0,3857.0,1917.172983848862
2026-09-13 06:21:32.432,0.21360555548330862,0.155,0.62,4983.0,4.0,3857.0,1917.172983848862
2026-09-13 06:21:32.483,0.21360555548330862,0.155,0.62,4983.0,4.0,3857.0,1917.172983848862
2026-09-13 06:21:34.500,0.21360555548330862,0.155,0.62,4983.0,4.0,3857.0,1917.172983848862
2026-09-13 06:21:34.534,0.21360555548330862,0.155,0.62,4983.0,4.0,3857.0,1917.172983848862
2026-09-13 06:21:35.932,0.21360555548330862,0.155,0.62,4983.0,4.0,3857.0,1917.172983848862
2026-09-13 06:21:35.983,0.21360555548330862,0.155,0.62,4983.0,4.0,3857.0,1917.172983848862
2026-09-13 06:21:38.001,0.21345784127082215,0.15525,0.621,4983.0,4.0,3857.0,1917.172983848862
2026-09-13 06:21:38.034,0.21364768506429654,0.155,0.62,4983.0,4.0,3857.0,1917.172983848862
2026-09-13 06:21:39.432,0.21364768506429654,0.155,0.62,4983.0,4.0,3857.0,1917.172983848862
2026-09-13 06:21:39.483,0.21364768506429654,0.155,0.62,4983.0,4.0,3857.0,1917.172983848862
2026-09-13 06:21:41.501,0.21364768506429654,0.155,0.62,4983.0,4.0,3857.0,1917.172983848862
2026-09-13 06:21:41.535,0.21345784127082215,0.15525,0.621,4983.0,4.0,3857.0,1917.172983848862
2026-09-13 06:21:42.932,0.21345784127082215,0.15525,0.621,4983.0,4.0,3857.0,1917.172983848862
2026-09-13 06:21:42.984,0.21329556957424012,0.1555,0.622,4983.0,4.0,3857.0,1917.172983848862
2026-09-13 06:21:45.001,0.2134437865106396,0.15525,0.621,4983.0,4.0,3857.0,1917.172983848862
2026-09-13 06:21:45.035,0.2134437865106396,0.15525,0.621,4983.0,4.0,3857.0,1917.172983848862
2026-09-13 06:21:46.433,0.2139431388632647,0.1555,0.622,4983.0,4.0,3857.0,1917.172983848862
2026-09-13 06:21:46.483,0.214267745278346,0.155,0.62,4983.0,4.0,3857.0,1917.172983848862
2026-09-13 06:21:48.501,0.214267745278346,0.155,0.62,4983.0,4.0,3857.0,1917.172983848862
2026-09-13 06:21:48.535,0.214267745278346,0.155,0.62,4983.0,4.0,3857.0,1917.172983848862
2026-09-13 06:21:49.933,0.21426774527834597,0.155,0.62,4983.0,4.0,3857.0,1917.172983848862
2026-09-13 06:21:49.984,0.2141049197628727,0.15525,0.621,4983.0,4.0,3857.0,1917.172983848862
2026-09-13 06:21:52.001,0.2141049197628727,0.15525,0.621,4983.0,4.0,3857.0,1917.172983848862
2026-09-13 06:21:52.035,0.2141049197628727,0.15525,0.621,4983.0,4.0,3857.0,1917.172983848862
2026-09-13 06:21:53.433,0.2141049197628727,0.15525,0.621,4983.0,4.0,3857.0,1917.172983848862
2026-09-13 06:21:53.484,0.2141049197628727,0.15525,0.621,4983.0,4.0,3857.0,1917.172983848862
2026-09-13 06:21:55.501,0.2141049197628727,0.15525,0.621,4983.0,4.0,3857.0,1917.172983848862
2026-09-13 06:21:55.535,0.2141049197628727,0.15525,0.621,4983.0,4.0,3857.0,1917.172983848862
2026-09-13 06:21:56.933,0.2136055554833086,0.155,0.62,4983.0,4.0,3857.0,1917.172983848862
2026-09-13 06:21:56.984,0.2136055554833086,0.155,0.62,4983.0,4.0,3857.0,1917.172983848862
2026-09-13 06:21:59.001,0.2136055554833086,0.155,0.62,4983.0,4.0,3857.0,1917.172983848862
2026-09-13 06:21:59.035,0.2136055554833086,0.155,0.62,4983.0,4.0,3857.0,1917.172983848862
2026-09-13 06:22:00.433,0.07115476090887703,0.08349999999999999,0.33399999999999996,4983.0,4.0,3857.0,1917.172983848862
2026-09-13 06:22:00.483,0.0713086016316834,0.08325,0.333,4983.0,4.0,3857.0,1917.172983848862
2026-09-13 06:22:02.501,0.0713086016316834,0.08325,0.333,4983.0,4.0,3857.0,1917.172983848862
2026-09-13 06:22:02.535,0.0713086016316834,0.08324999999999999,0.33299999999999996,4983.0,4.0,3857.0,1917.172983848862
2026-09-13 06:22:03.933,0.21376837153018252,0.15475,0.619,4983.0,4.0,3857.0,1917.172983848862
2026-09-13 06:22:03.984,0.2136055554833086,0.155,0.62,4983.0,4.0,3857.0,1917.172983848862
2026-09-13 06:22:06.001,0.2136055554833086,0.155,0.62,4983.0,4.0,3857.0,1917.172983848862
2026-09-13 06:22:06.035,0.2136055554833086,0.155,0.62,4983.0,4.0,3857.0,1917.172983848862
2026-09-13 06:22:07.433,0.2136055554833086,0.155,0.62,4983.0,4.0,3857.0,1917.172983848862
2026-09-13 06:22:07.484,0.2136055554833086,0.155,0.62,4983.0,4.0,3857.0,1917.172983848862
2026-09-13 06:22:09.501,0.2136055554833086,0.155,0.62,4983.0,4.0,3857.0,1917.172983848862
2026-09-13 06:22:09.535,0.2136055554833086,0.155,0.62,4983.0,4.0,3857.0,1917.172983848862
2026-09-13 06:22:10.933,0.2136055554833086,0.155,0.62,4983.0,4.0,3857.0,1917.172983848862
2026-09-13 06:22:10.984,0.2136055554833086,0.155,0.62,4983.0,4.0,3857.0,1917.172983848862
2026-09-13 06:22:13.001,0.2136055554833086,0.155,0.62,4983.0,4.0,3857.0,1917.172983848862
2026-09-13 06:22:13.035,0.2136055554833086,0.155,0.62,4983.0,4.0,3857.0,1917.172983848862
2026-09-13 06:22:14.433,0.2136055554833086,0.155,0.62,4983.0,4.0,3857.0,1917.172983848862
2026-09-13 06:22:14.484,0.2136055554833086,0.155,0.62,4983.0,4.0,3857.0,1917.172983848862
2026-09-13 06:22:16.501,0.2136055554833086,0.155,0.62,4983.0,4.0,3857.0,1917.172983848862
2026-09-13 06:22:16.535,0.2136055554833086,0.155,0.62,4983.0,4.0,3857.0,1917.172983848862
2026-09-13 06:22:17.933,0.2136055554833086,0.155,0.62,4983.0,4.0,3857.0,1917.172983848862
2026-09-13 06:22:17.984,0.2136055554833086,0.155,0.62,4983.0,4.0,3857.0,1917.172983848862
2026-09-13 06:22:20.001,0.2136055554833086,0.155,0.62,4983.0,4.0,3857.0,1917.172983848862
2026-09-13 06:22:20.035,0.2136055554833086,0.155,0.62,4983.0,4.0,3857.0,1917.172983848862
2026-09-13 06:22:21.433,0.2136055554833086,0.155,0.62,4983.0,4.0,3857.0,1917.172983848862
2026-09-13 06:22:21.484,0.2136055554833086,0.155,0.62,4983.0,4.0,3857.0,1917.172983848862
2026-09-13 06:22:23.501,0.2136055554833086,0.155,0.62,4983.0,4.0,3857.0,1917.172983848862
2026-09-13 06:22:23.535,0.2136055554833086,0.155,0.62,4983.0,4.0,3857.0,1917.172983848862
2026-09-13 06:22:24.933,0.2136055554833086,0.155,0.62,4983.0,4.0,3857.0,1917.172983848862
2026-09-13 06:22:24.985,0.2134437865106396,0.15525,0.621,4983.0,4.0,3857.0,1917.172983848862
2026-09-13 06:22:27.002,0.2134437865106396,0.15525,0.621,4983.0,4.0,3857.0,1917.172983848862
2026-09-13 06:22:27.036,0.2134437865106396,0.15525,0.621,4983.0,4.0,3857.0,1917.172983848862
2026-09-13 06:22:28.434,0.2139431388632647,0.1555,0.622,4983.0,4.0,3857.0,1917.172983848862
2026-09-13 06:22:28.484,0.214267745278346,0.155,0.62,4983.0,4.0,3857.0,1917.172983848862
2026-09-13 06:22:30.502,0.214267745278346,0.155,0.62,4983.0,4.0,3857.0,1917.172983848862
2026-09-13 06:22:30.536,0.214267745278346,0.155,0.62,4983.0,4.0,3857.0,1917.172983848862
2026-09-13 06:22:31.934,0.21426774527834597,0.155,0.62,4983.0,4.0,3857.0,1917.172983848862
2026-09-13 06:22:31.985,0.2141049197628727,0.15525,0.621,4983.0,4.0,3857.0,1917.172983848862
2026-09-13 06:22:34.002,0.2141049197628727,0.15525,0.621,4983.0,4.0,3857.0,1917.172983848862
2026-09-13 06:22:34.036,0.2141049197628727,0.15525,0.621,4983.0,4.0,3857.0,1917.172983848862
2026-09-13 06:22:35.434,0.2141049197628727,0.15525,0.621,4983.0,4.0,3857.0,1917.172983848862
2026-09-13 06:22:35.485,0.2141049197628727,0.15525,0.621,4983.0,4.0,3857.0,1917.172983848862
2026-09-13 06:22:37.502,0.2141049197628727,0.15525,0.621,4983.0,4.0,3857.0,1917.172983848862
2026-09-13 06:22:37.536,0.2141049197628727,0.15525,0.621,4983.0,4.0,3857.0,1917.172983848862
2026-09-13 06:22:38.934,0.2136055554833086,0.155,0.62,4983.0,4.0,3857.0,1917.172983848862
2026-09-13 06:22:38.985,0.2136055554833086,0.155,0.62,4983.0,4.0,3857.0,1917.172983848862
2026-09-13 06:22:41.002,0.2136055554833086,0.155,0.62,4983.0,4.0,3857.0,1917.172983848862
2026-09-13 06:22:41.036,0.2136055554833086,0.155,0.62,4983.0,4.0,3857.0,1917.172983848862
2026-09-13 06:22:42.434,0.2136055554833086,0.155,0.62,4983.0,4.0,3857.0,1917.172983848862
2026-09-13 06:22:42.485,0.2136055554833086,0.155,0.62,4983.0,4.0,3857.0,1917.172983848862
2026-09-13 06:22:44.502,0.2136055554833086,0.155,0.62,4983.0,4.0,3857.0,1917.172983848862
2026-09-13 06:22:44.536,0.2136055554833086,0.155,0.62,4983.0,4.0,3857.0,1917.172983848862
2026-09-13 06:22:45.934,0.2136055554833086,0.155,0.62,4983.0,4.0,3857.0,1917.172983848862
2026-09-13 06:22:45.985,0.2136055554833086,0.155,0.62,4983.0,4.0,3857.0,1917.172983848862
2026-09-13 06:22:48.002,0.2136055554833086,0.155,0.62,4983.0,4.0,3857.0,1917.172983848862
2026-09-13 06:22:48.036,0.2136055554833086,0.155,0.62,4983.0,4.0,3857.0,1917.172983848862
2026-09-13 06:22:49.434,0.2136055554833086,0.155,0.62,4983.0,4.0,3857.0,1917.172983848862
2026-09-13 06:22:49.485,0.2136055554833086,0.155,0.62,4983.0,4.0,3857.0,1917.172983848862
2026-09-13 06:22:51.502,0.2136055554833086,0.155,0.62,4983.0,4.0,3857.0,1917.172983848862
2026-09-13 06:22:51.536,0.2136055554833086,0.155,0.62,4983.0,4.0,3857.0,1917.172983848862
2026-09-13 06:22:52.934,0.2136055554833086,0.155,0.62,4983.0,4.0,3857.0,1917.172983848862
2026-09-13 06:22:52.985,0.2136055554833086,0.155,0.62,4983.0,4.0,3857.0,1917.172983848862
2026-09-13 06:22:55.002,0.2136055554833086,0.155,0.62,4983.0,4.0,3857.0,1917.172983848862
2026-09-13 06:22:55.036,0.2136055554833086,0.155,0.62,4983.0,4.0,3857.0,1917.172983848862
2026-09-13 06:22:56.434,0.2136055554833086,0.155,0.62,4983.0,4.0,3857.0,1917.172983848862
2026-09-13 06:22:56.485,0.2136055554833086,0.155,0.62,4983.0,4.0,3857.0,1917.172983848862
2026-09-13 06:22:58.502,0.2136055554833086,0.155,0.62,4983.0,4.0,3857.0,1917.172983848862
2026-09-13 06:22:58.536,0.2136055554833086,0.155,0.62,4983.0,4.0,3857.0,1917.172983848862
2026-09-13 06:22:59.934,0.2136055554833086,0.155,0.62,4983.0,4.0,3857.0,1917.172983848862
2026-09-13 06:22:59.985,0.2136055554833086,0.155,0.62,4983.0,4.0,3857.0,1917.172983848862
2026-09-13 06:23:02.002,0.2136055554833086,0.155,0.62,4983.0,4.0,3857.0,1917.172983848862
2026-09-13 06:23:02.036,0.2136055554833086,0.155,0.62,4983.0,4.0,3857.0,1917.172983848862
2026-09-13 06:23:03.434,0.2136055554833086,0.155,0.62,4983.0,4.0,3857.0,1917.172983848862
2026-09-13 06:23:03.485,0.2136055554833086,0.155,0.62,4983.0,4.0,3857.0,1917.172983848862
2026-09-13 06:23:05.502,0.2136055554833086,0.155,0.62,4983.0,4.0,3857.0,1917.172983848862
2026-09-13 06:23:05.536,0.2136055554833086,0.155,0.62,4983.0,4.0,3857.0,1917.172983848862
2026-09-13 06:23:06.943,0.21310619418496377,0.15475,0.619,4983.0,4.0,3857.0,1917.172983848862
2026-09-13 06:23:06.995,0.21294443719743614,0.155,0.62,4983.0,4.0,3857.0,1917.172983848862
2026-09-13 06:23:09.012,0.21279626406494898,0.15525,0.621,4983.0,4.0,3857.0,1917.172983848862
2026-09-13 06:23:09.045,0.21298669755018226,0.155,0.62,4983.0,4.0,3857.0,1917.172983848862
2026-09-13 06:23:10.443,0.213485948015319,0.15525,0.621,4983.0,4.0,3857.0,1917.172983848862
2026-09-13 06:23:10.494,0.2136476850642965,0.155,0.62,4983.0,4.0,3857.0,1917.172983848862
2026-09-13 06:23:12.512,0.21379487832967253,0.15475,0.619,4983.0,4.0,3857.0,1917.172983848862
2026-09-13 06:23:12.545,0.21379487832967253,0.15475,0.619,4983.0,4.0,3857.0,1917.172983848862
2026-09-13 06:23:13.944,0.21429419030855565,0.155,0.62,4983.0,4.0,3857.0,1917.172983848862
2026-09-13 06:23:13.994,0.21445648354230937,0.15475,0.619,4983.0,4.0,3857.0,1917.172983848862
2026-09-13 06:23:16.012,0.21445648354230937,0.15475,0.619,4983.0,4.0,3857.0,1917.172983848862
2026-09-13 06:23:16.046,0.21426774527834594,0.155,0.62,4983.0,4.0,3857.0,1917.172983848862
2026-09-13 06:23:17.444,0.2142677452783459,0.155,0.62,4983.0,4.0,3857.0,1917.172983848862
2026-09-13 06:23:17.494,0.2142677452783459,0.155,0.62,4983.0,4.0,3857.0,1917.172983848862
2026-09-13 06:23:19.512,0.21426774527834594,0.155,0.62,4983.0,4.0,3857.0,1917.172983848862
2026-09-13 06:23:19.546,0.21426774527834594,0.155,0.62,4983.0,4.0,3857.0,1917.172983848862
2026-09-13 06:23:20.944,0.21426774527834594,0.155,0.62,4983.0,4.0,3857.0,1917.172983848862
2026-09-13 06:23:20.995,0.21410491976287266,0.15525,0.621,4983.0,4.0,3857.0,1917.172983848862
2026-09-13 06:23:23.012,0.21410491976287266,0.15525,0.621,4983.0,4.0,3857.0,1917.172983848862
2026-09-13 06:23:23.046,0.21410491976287266,0.15525,0.621,4983.0,4.0,3857.0,1917.172983848862
2026-09-13 06:23:24.444,0.21360555548330853,0.155,0.62,4983.0,4.0,3857.0,1917.172983848862
2026-09-13 06:23:24.495,0.21360555548330853,0.155,0.62,4983.0,4.0,3857.0,1917.172983848862
2026-09-13 06:23:26.512,0.21360555548330853,0.155,0.62,4983.0,4.0,3857.0,1917.172983848862
2026-09-13 06:23:26.546,0.21360555548330853,0.155,0.62,4983.0,4.0,3857.0,1917.172983848862
2026-09-13 06:23:27.944,0.21360555548330853,0.155,0.62,4983.0,4.0,3857.0,1917.172983848862
2026-09-13 06:23:27.995,0.21360555548330853,0.155,0.62,4983.0,4.0,3857.0,1917.172983848862
2026-09-13 06:23:30.012,0.21360555548330853,0.155,0.62,4983.0,4.0,3857.0,1917.172983848862
2026-09-13 06:23:30.046,0.21360555548330853,0.155,0.62,4983.0,4.0,3857.0,1917.172983848862
2026-09-13 06:23:31.444,0.010785793124881468,0.0485,0.194,4983.0,4.0,3857.0,1917.172983848862
2026-09-13 06:23:31.495,0.010785793124881468,0.0485,0.194,4983.0,4.0,3857.0,1917.172983848862
2026-09-13 06:23:33.512,0.010785793124881468,0.0485,0.194,4983.0,4.0,3857.0,1917.172983848862
2026-09-13 06:23:33.546,0.010785793124881468,0.0485,0.194,4983.0,4.0,3857.0,1917.172983848862
2026-09-13 06:23:34.944,0.21360555548330853,0.155,0.62,4983.0,4.0,3857.0,1917.172983848862
2026-09-13 06:23:34.995,0.21360555548330853,0.155,0.62,4983.0,4.0,3857.0,1917.172983848862
2026-09-13 06:23:37.012,0.21360555548330853,0.155,0.62,4983.0,4.0,3857.0,1917.172983848862
2026-09-13 06:23:37.046,0.21360555548330853,0.155,0.62,4983.0,4.0,3857.0,1917.172983848862
2026-09-13 06:23:38.444,0.21360555548330853,0.155,0.62,4983.0,4.0,3857.0,1917.172983848862
2026-09-13 06:23:38.495,0.21360555548330853,0.155,0.62,4983.0,4.0,3857.0,1917.172983848862
2026-09-13 06:23:40.512,0.21360555548330853,0.155,0.62,4983.0,4.0,3857.0,1917.172983848862
2026-09-13 06:23:40.546,0.21360555548330853,0.155,0.62,4983.0,4.0,3857.0,1917.172983848862
2026-09-13 06:23:41.944,0.21360555548330853,0.155,0.62,4983.0,4.0,3857.0,1917.172983848862
2026-09-13 06:23:41.995,0.21360555548330853,0.155,0.62,4983.0,4.0,3857.0,1917.172983848862
2026-09-13 06:23:44.012,0.21360555548330853,0.155,0.62,4983.0,4.0,3857.0,1917.172983848862
2026-09-13 06:23:44.046,0.21360555548330853,0.155,0.62,4983.0,4.0,3857.0,1917.172983848862
2026-09-13 06:23:45.444,0.21360555548330853,0.155,0.62,4983.0,4.0,3857.0,1917.172983848862
2026-09-13 06:23:45.495,0.21360555548330853,0.155,0.62,4983.0,4.0,3857.0,1917.172983848862
2026-09-13 06:23:47.512,0.21360555548330853,0.155,0.62,4983.0,4.0,3857.0,1917.172983848862
2026-09-13 06:23:47.546,0.21360555548330853,0.155,0.62,4983.0,4.0,3857.0,1917.172983848862
2026-09-13 06:23:48.944,0.21360555548330853,0.155,0.62,4983.0,4.0,3857.0,1917.172983848862
2026-09-13 06:23:48.995,0.21360555548330853,0.155,0.62,4983.0,4.0,3857.0,1917.172983848862
2026-09-13 06:23:51.012,0.21360555548330853,0.155,0.62,4983.0,4.0,3857.0,1917.172983848862
2026-09-13 06:23:51.046,0.21360555548330853,0.155,0.62,4983.0,4.0,3857.0,1917.172983848862
2026-09-13 06:23:52.444,0.21360555548330853,0.155,0.62,4983.0,4.0,3857.0,1917.172983848862
2026-09-13 06:23:52.495,0.21360555548330853,0.155,0.62,4983.0,4.0,3857.0,1917.172983848862
2026-09-13 06:23:54.513,0.21345784127082207,0.15525,0.621,4983.0,4.0,3857.0,1917.172983848862
2026-09-13 06:23:54.546,0.21364768506429646,0.155,0.62,4983.0,4.0,3857.0,1917.172983848862
2026-09-13 06:23:55.944,0.21364768506429646,0.155,0.62,4983.0,4.0,3857.0,1917.172983848862
2026-09-13 06:23:55.995,0.21364768506429646,0.155,0.62,4983.0,4.0,3857.0,1917.172983848862
2026-09-13 06:23:58.013,0.2137948783296725,0.15475,0.619,4983.0,4.0,3857.0,1917.172983848862
2026-09-13 06:23:58.047,0.21360555548330853,0.155,0.62,4983.0,4.0,3857.0,1917.172983848862
2026-09-13 06:23:59.445,0.21410491976287263,0.15525,0.621,4983.0,4.0,3857.0,1917.172983848862
2026-09-13 06:23:59.495,0.2142677452783459,0.155,0.62,4983.0,4.0,3857.0,1917.172983848862
2026-09-13 06:24:01.513,0.21426774527834594,0.155,0.62,4983.0,4.0,3857.0,1917.172983848862
2026-09-13 06:24:01.546,0.21445648354230934,0.15475,0.619,4983.0,4.0,3857.0,1917.172983848862
2026-09-13 06:24:02.945,0.21445648354230934,0.15475,0.619,4983.0,4.0,3857.0,1917.172983848862
2026-09-13 06:24:02.996,0.21429419030855565,0.155,0.62,4983.0,4.0,3857.0,1917.172983848862
2026-09-13 06:24:05.013,0.21429419030855565,0.155,0.62,4983.0,4.0,3857.0,1917.172983848862
2026-09-13 06:24:05.047,0.21410491976287263,0.15525,0.621,4983.0,4.0,3857.0,1917.172983848862
2026-09-13 06:24:06.445,0.21410491976287263,0.15525,0.621,4983.0,4.0,3857.0,1917.172983848862
2026-09-13 06:24:06.496,0.21410491976287263,0.15525,0.621,4983.0,4.0,3857.0,1917.172983848862
2026-09-13 06:24:08.513,0.21410491976287263,0.15525,0.621,4983.0,4.0,3857.0,1917.172983848862
2026-09-13 06:24:08.547,0.21410491976287263,0.15525,0.621,4983.0,4.0,3857.0,1917.172983848862
2026-09-13 06:24:09.945,0.21410491976287263,0.15525,0.621,4983.0,4.0,3857.0,1917.172983848862
2026-09-13 06:24:09.996,0.21410491976287263,0.15525,0.621,4983.0,4.0,3857.0,1917.172983848862
2026-09-13 06:24:12.013,0.21410491976287263,0.15525,0.621,4983.0,4.0,3857.0,1917.172983848862
2026-09-13 06:24:12.047,0.21410491976287263,0.15525,0.621,4983.0,4.0,3857.0,1917.172983848862
2026-09-13 06:24:13.445,0.2136055554833085,0.155,0.62,4983.0,4.0,3857.0,1917.172983848862
2026-09-13 06:24:13.496,0.2136055554833085,0.155,0.62,4983.0,4.0,3857.0,1917.172983848862
2026-09-13 06:24:15.513,0.2136055554833085,0.155,0.62,4983.0,4.0,3857.0,1917.172983848862
2026-09-13 06:24:15.547,0.2136055554833085,0.155,0.62,4983.0,4.0,3857.0,1917.172983848862
2026-09-13 06:24:16.945,0.2136055554833085,0.155,0.62,4983.0,4.0,3857.0,1917.172983848862
2026-09-13 06:24:16.996,0.2136055554833085,0.155,0.62,4983.0,4.0,3857.0,1917.172983848862
2026-09-13 06:24:19.013,0.2136055554833085,0.155,0.62,4983.0,4.0,3857.0,1917.172983848862
2026-09-13 06:24:19.047,0.2136055554833085,0.155,0.62,4983.0,4.0,3857.0,1917.172983848862
2026-09-13 06:24:20.445,0.2136055554833085,0.155,0.62,4983.0,4.0,3857.0,1917.172983848862
2026-09-13 06:24:20.496,0.2136055554833085,0.155,0.62,4983.0,4.0,3857.0,1917.172983848862
2026-09-13 06:24:22.513,0.2136055554833085,0.155,0.62,4983.0,4.0,3857.0,1917.172983848862
2026-09-13 06:24:22.547,0.2136055554833085,0.155,0.62,4983.0,4.0,3857.0,1917.172983848862
2026-09-13 06:24:23.945,0.2136055554833085,0.155,0.62,4983.0,4.0,3857.0,1917.172983848862
2026-09-13 06:24:23.996,0.2136055554833085,0.155,0.62,4983.0,4.0,3857.0,1917.172983848862
2026-09-13 06:24:26.340,0.2136055554833085,0.155,0.62,4983.0,4.0,3857.0,1917.172983848862
2026-09-13 06:24:26.374,0.2136055554833085,0.155,0.62,4983.0,4.0,3857.0,1917.172983848862
2026-09-13 06:24:27.772,0.2136055554833085,0.155,0.62,4983.0,4.0,3857.0,1917.172983848862
2026-09-13 06:24:27.823,0.2136055554833085,0.155,0.62,4983.0,4.0,3857.0,1917.172983848862
2026-09-13 06:24:29.840,0.2136055554833085,0.155,0.62,4983.0,4.0,3857.0,1917.172983848862
2026-09-13 06:24:29.874,0.2136055554833085,0.155,0.62,4983.0,4.0,3857.0,1917.172983848862
2026-09-13 06:24:31.272,0.2136055554833085,0.155,0.62,4983.0,4.0,3857.0,1917.172983848862
2026-09-13 06:24:31.323,0.2136055554833085,0.155,0.62,4983.0,4.0,3857.0,1917.172983848862
2026-09-13 06:24:33.340,0.2136055554833085,0.155,0.62,4983.0,4.0,3857.0,1917.172983848862
2026-09-13 06:24:33.374,0.2136055554833085,0.155,0.62,4983.0,4.0,3857.0,1917.172983848862
2026-09-13 06:24:34.772,0.2136055554833085,0.155,0.62,4983.0,4.0,3857.0,1917.172983848862
2026-09-13 06:24:34.823,0.2136055554833085,0.155,0.62,4983.0,4.0,3857.0,1917.172983848862
2026-09-13 06:24:36.840,0.2136055554833085,0.155,0.62,4983.0,4.0,3857.0,1917.172983848862
2026-09-13 06:24:36.874,0.2136055554833085,0.155,0.62,4983.0,4.0,3857.0,1917.172983848862
2026-09-13 06:24:38.272,0.2136055554833085,0.155,0.62,4983.0,4.0,3857.0,1917.172983848862
2026-09-13 06:24:38.323,0.2136055554833085,0.155,0.62,4983.0,4.0,3857.0,1917.172983848862
2026-09-13 06:24:40.341,0.2136055554833085,0.155,0.62,4983.0,4.0,3857.0,1917.172983848862
2026-09-13 06:24:40.374,0.21379487832967248,0.15475,0.619,4983.0,4.0,3857.0,1917.172983848862
2026-09-13 06:24:41.772,0.09665402216151914,0.096,0.384,4983.0,4.0,3857.0,1917.172983848862
2026-09-13 06:24:41.822,0.09681038167469144,0.09575,0.383,4983.0,4.0,3857.0,1917.172983848862
2026-09-13 06:24:43.841,0.09681038167469144,0.09575,0.383,4983.0,4.0,3857.0,1917.172983848862
2026-09-13 06:24:43.875,0.096595376010791,0.09599999999999999,0.38399999999999995,4983.0,4.0,3857.0,1917.172983848862
2026-09-13 06:24:45.273,0.2142677452783459,0.155,0.62,4983.0,4.0,3857.0,1917.172983848862
2026-09-13 06:24:45.323,0.2142677452783459,0.155,0.62,4983.0,4.0,3857.0,1917.172983848862
2026-09-13 06:24:47.341,0.2142677452783459,0.155,0.62,4983.0,4.0,3857.0,1917.172983848862
2026-09-13 06:24:47.375,0.2142677452783459,0.155,0.62,4983.0,4.0,3857.0,1917.172983848862
2026-09-13 06:24:48.773,0.21426774527834586,0.155,0.62,4983.0,4.0,3857.0,1917.172983848862
2026-09-13 06:24:48.823,0.21426774527834586,0.155,0.62,4983.0,4.0,3857.0,1917.172983848862
2026-09-13 06:24:50.841,0.2142677452783459,0.155,0.62,4983.0,4.0,3857.0,1917.172983848862
2026-09-13 06:24:50.875,0.2142677452783459,0.155,0.62,4983.0,4.0,3857.0,1917.172983848862
2026-09-13 06:24:52.273,0.2142677452783459,0.155,0.62,4983.0,4.0,3857.0,1917.172983848862
2026-09-13 06:24:52.324,0.2141049197628726,0.15525,0.621,4983.0,4.0,3857.0,1917.172983848862
2026-09-13 06:24:54.341,0.2141049197628726,0.15525,0.621,4983.0,4.0,3857.0,1917.172983848862
2026-09-13 06:24:54.375,0.2141049197628726,0.15525,0.621,4983.0,4.0,3857.0,1917.172983848862
2026-09-13 06:24:55.773,0.2141049197628726,0.15525,0.621,4983.0,4.0,3857.0,1917.172983848862
2026-09-13 06:24:55.824,0.2141049197628726,0.15525,0.621,4983.0,4.0,3857.0,1917.172983848862
2026-09-13 06:24:57.841,0.2141049197628726,0.15525,0.621,4983.0,4.0,3857.0,1917.172983848862
2026-09-13 06:24:57.875,0.2141049197628726,0.15525,0.621,4983.0,4.0,3857.0,1917.172983848862
2026-09-13 06:24:59.273,0.21360555548330848,0.155,0.62,4983.0,4.0,3857.0,1917.172983848862
2026-09-13 06:24:59.324,0.21360555548330848,0.155,0.62,4983.0,4.0,3857.0,1917.172983848862
2026-09-13 06:25:01.341,0.21360555548330848,0.155,0.62,4983.0,4.0,3857.0,1917.172983848862
2026-09-13 06:25:01.375,0.21360555548330848,0.155,0.62,4983.0,4.0,3857.0,1917.172983848862
2026-09-13 06:25:02.773,0.21360555548330848,0.155,0.62,4983.0,4.0,3857.0,1917.172983848862
2026-09-13 06:25:02.824,0.21360555548330848,0.155,0.62,4983.0,4.0,3857.0,1917.172983848862
2026-09-13 06:25:04.841,0.21360555548330848,0.155,0.62,4983.0,4.0,3857.0,1917.172983848862
2026-09-13 06:25:04.875,0.21360555548330848,0.155,0.62,4983.0,4.0,3857.0,1917.172983848862
2026-09-13 06:25:06.273,0.21360555548330848,0.155,0.62,4983.0,4.0,3857.0,1917.172983848862
2026-09-13 06:25:06.324,0.21360555548330848,0.155,0.62,4983.0,4.0,3857.0,1917.172983848862
2026-09-13 06:25:08.341,0.21360555548330848,0.155,0.62,4983.0,4.0,3857.0,1917.172983848862
2026-09-13 06:25:08.375,0.21360555548330848,0.155,0.62,4983.0,4.0,3857.0,1917.172983848862
2026-09-13 06:25:09.773,0.21360555548330848,0.155,0.62,4983.0,4.0,3857.0,1917.172983848862
2026-09-13 06:25:09.824,0.21360555548330848,0.155,0.62,4983.0,4.0,3857.0,1917.172983848862
2026-09-13 06:25:11.841,0.21360555548330848,0.155,0.62,4983.0,4.0,3857.0,1917.172983848862
2026-09-13 06:25:11.875,0.21360555548330848,0.155,0.62,4983.0,4.0,3857.0,1917.172983848862
2026-09-13 06:25:13.273,0.21360555548330848,0.155,0.62,4983.0,4.0,3857.0,1917.172983848862
2026-09-13 06:25:13.324,0.21360555548330848,0.155,0.62,4983.0,4.0,3857.0,1917.172983848862
2026-09-13 06:25:15.341,0.21360555548330848,0.155,0.62,4983.0,4.0,3857.0,1917.172983848862
2026-09-13 06:25:15.375,0.21360555548330848,0.155,0.62,4983.0,4.0,3857.0,1917.172983848862
2026-09-13 06:25:16.773,0.21360555548330848,0.155,0.62,4983.0,4.0,3857.0,1917.172983848862
2026-09-13 06:25:16.824,0.21360555548330848,0.155,0.62,4983.0,4.0,3857.0,1917.172983848862
2026-09-13 06:25:18.842,0.213457841270822,0.15525,0.621,4983.0,4.0,3857.0,1917.172983848862
2026-09-13 06:25:18.876,0.213457841270822,0.15525,0.621,4983.0,4.0,3857.0,1917.172983848862
2026-09-13 06:25:20.273,0.213457841270822,0.15525,0.621,4983.0,4.0,3857.0,1917.172983848862
2026-09-13 06:25:20.324,0.213457841270822,0.15525,0.621,4983.0,4.0,3857.0,1917.172983848862
2026-09-13 06:25:22.342,0.213457841270822,0.15525,0.621,4983.0,4.0,3857.0,1917.172983848862
2026-09-13 06:25:22.375,0.2136476850642964,0.155,0.62,4983.0,4.0,3857.0,1917.172983848862
2026-09-13 06:25:23.773,0.2136476850642964,0.155,0.62,4983.0,4.0,3857.0,1917.172983848862
2026-09-13 06:25:23.824,0.2136476850642964,0.155,0.62,4983.0,4.0,3857.0,1917.172983848862
2026-09-13 06:25:25.842,0.21379487832967245,0.15475,0.619,4983.0,4.0,3857.0,1917.172983848862
2026-09-13 06:25:25.875,0.21379487832967245,0.15475,0.619,4983.0,4.0,3857.0,1917.172983848862
2026-09-13 06:25:27.273,0.21379487832967245,0.15475,0.619,4983.0,4.0,3857.0,1917.172983848862
2026-09-13 06:25:27.324,0.21379487832967245,0.15475,0.619,4983.0,4.0,3857.0,1917.172983848862
2026-09-13 06:25:29.342,0.21379487832967245,0.15475,0.619,4983.0,4.0,3857.0,1917.172983848862
2026-09-13 06:25:29.376,0.21360555548330845,0.155,0.62,4983.0,4.0,3857.0,1917.172983848862
2026-09-13 06:25:30.774,0.2141049197628726,0.15525,0.621,4983.0,4.0,3857.0,1917.172983848862
2026-09-13 06:25:30.824,0.21426774527834586,0.155,0.62,4983.0,4.0,3857.0,1917.172983848862
2026-09-13 06:25:32.842,0.21426774527834586,0.155,0.62,4983.0,4.0,3857.0,1917.172983848862
2026-09-13 06:25:32.876,0.21426774527834586,0.155,0.62,4983.0,4.0,3857.0,1917.172983848862
2026-09-13 06:25:34.274,0.21426774527834586,0.155,0.62,4983.0,4.0,3857.0,1917.172983848862
2026-09-13 06:25:34.324,0.21426774527834586,0.155,0.62,4983.0,4.0,3857.0,1917.172983848862
2026-09-13 06:25:36.342,0.21426774527834586,0.155,0.62,4983.0,4.0,3857.0,1917.172983848862
2026-09-13 06:25:36.376,0.21426774527834586,0.155,0.62,4983.0,4.0,3857.0,1917.172983848862
2026-09-13 06:25:37.774,0.21376837153018244,0.15475,0.619,4983.0,4.0,3857.0,1917.172983848862
2026-09-13 06:25:37.825,0.21360555548330845,0.155,0.62,4983.0,4.0,3857.0,1917.172983848862
2026-09-13 06:25:39.842,0.21360555548330845,0.155,0.62,4983.0,4.0,3857.0,1917.172983848862
2026-09-13 06:25:39.876,0.21360555548330845,0.155,0.62,4983.0,4.0,3857.0,1917.172983848862
2026-09-13 06:25:41.274,0.21360555548330845,0.155,0.62,4983.0,4.0,3857.0,1917.172983848862
2026-09-13 06:25:41.325,0.21360555548330845,0.155,0.62,4983.0,4.0,3857.0,1917.172983848862
2026-09-13 06:25:43.342,0.21360555548330845,0.155,0.62,4983.0,4.0,3857.0,1917.172983848862
2026-09-13 06:25:43.376,0.21360555548330845,0.155,0.62,4983.0,4.0,3857.0,1917.172983848862
2026-09-13 06:25:44.774,0.21360555548330845,0.155,0.62,4983.0,4.0,3857.0,1917.172983848862
2026-09-13 06:25:44.825,0.21360555548330845,0.155,0.62,4983.0,4.0,3857.0,1917.172983848862
2026-09-13 06:25:46.842,0.21360555548330845,0.155,0.62,4983.0,4.0,3857.0,1917.172983848862
2026-09-13 06:25:46.876,0.21360555548330845,0.155,0.62,4983.0,4.0,3857.0,1917.172983848862
2026-09-13 06:25:48.274,0.21360555548330845,0.155,0.62,4983.0,4.0,3857.0,1917.172983848862
2026-09-13 06:25:48.325,0.21360555548330845,0.155,0.62,4983.0,4.0,3857.0,1917.172983848862
2026-09-13 06:25:50.342,0.21360555548330845,0.155,0.62,4983.0,4.0,3857.0,1917.172983848862
2026-09-13 06:25:50.376,0.21360555548330845,0.155,0.62,4983.0,4.0,3857.0,1917.172983848862
2026-09-13 06:25:51.774,0.21360555548330845,0.155,0.62,4983.0,4.0,3857.0,1917.172983848862
2026-09-13 06:25:51.825,0.21360555548330845,0.155,0.62,4983.0,4.0,3857.0,1917.172983848862
2026-09-13 06:25:53.842,0.21360555548330845,0.155,0.62,4983.0,4.0,3857.0,1917.172983848862
2026-09-13 06:25:53.876,0.21360555548330845,0.155,0.62,4983.0,4.0,3857.0,1917.172983848862
2026-09-13 06:25:55.274,0.21360555548330845,0.155,0.62,4983.0,4.0,3857.0,1917.172983848862
2026-09-13 06:25:55.325,0.21360555548330845,0.155,0.62,4983.0,4.0,3857.0,1917.172983848862
2026-09-13 06:25:57.342,0.21360555548330845,0.155,0.62,4983.0,4.0,3857.0,1917.172983848862
2026-09-13 06:25:57.376,0.21360555548330845,0.155,0.62,4983.0,4.0,3857.0,1917.172983848862
2026-09-13 06:25:58.774,0.21360555548330845,0.155,0.62,4983.0,4.0,3857.0,1917.172983848862
2026-09-13 06:25:58.825,0.21360555548330845,0.155,0.62,4983.0,4.0,3857.0,1917.172983848862
2026-09-13 06:26:00.842,0.21360555548330845,0.155,0.62,4983.0,4.0,3857.0,1917.172983848862
2026-09-13 06:26:00.876,0.21360555548330845,0.155,0.62,4983.0,4.0,3857.0,1917.172983848862
2026-09-13 06:26:02.274,0.21360555548330845,0.155,0.62,4983.0,4.0,3857.0,1917.172983848862
2026-09-13 06:26:02.325,0.21360555548330845,0.155,0.62,4983.0,4.0,3857.0,1917.172983848862
2026-09-13 06:26:04.342,0.21360555548330845,0.155,0.62,4983.0,4.0,3857.0,1917.172983848862
2026-09-13 06:26:04.376,0.21360555548330845,0.155,0.62,4983.0,4.0,3857.0,1917.172983848862
2026-09-13 06:26:05.774,0.21360555548330845,0.155,0.62,4983.0,4.0,3857.0,1917.172983848862
2026-09-13 06:26:05.825,0.21360555548330845,0.155,0.62,4983.0,4.0,3857.0,1917.172983848862
2026-09-13 06:26:07.843,0.21345784127082199,0.15525,0.621,4983.0,4.0,3857.0,1917.172983848862
2026-09-13 06:26:07.876,0.21364768506429638,0.155,0.62,4983.0,4.0,3857.0,1917.172983848862
2026-09-13 06:26:09.274,0.21364768506429638,0.155,0.62,4983.0,4.0,3857.0,1917.172983848862
2026-09-13 06:26:09.325,0.21364768506429638,0.155,0.62,4983.0,4.0,3857.0,1917.172983848862
2026-09-13 06:26:11.343,0.21379487832967242,0.15475,0.619,4983.0,4.0,3857.0,1917.172983848862
2026-09-13 06:26:11.376,0.21379487832967242,0.15475,0.619,4983.0,4.0,3857.0,1917.172983848862
2026-09-13 06:26:12.775,0.21429419030855557,0.155,0.62,4983.0,4.0,3857.0,1917.172983848862
2026-09-13 06:26:12.825,0.21445648354230923,0.15475,0.619,4983.0,4.0,3857.0,1917.172983848862
2026-09-13 06:26:14.843,0.21445648354230923,0.15475,0.619,4983.0,4.0,3857.0,1917.172983848862
2026-09-13 06:26:14.877,0.2142677452783458,0.155,0.62,4983.0,4.0,3857.0,1917.172983848862
2026-09-13 06:26:16.275,0.2142677452783458,0.155,0.62,4983.0,4.0,3857.0,1917.172983848862
2026-09-13 06:26:16.325,0.2142677452783458,0.155,0.62,4983.0,4.0,3857.0,1917.172983848862
2026-09-13 06:26:18.343,0.2142677452783458,0.155,0.62,4983.0,4.0,3857.0,1917.172983848862
2026-09-13 06:26:18.377,0.2142677452783458,0.155,0.62,4983.0,4.0,3857.0,1917.172983848862
2026-09-13 06:26:19.775,0.2142677452783458,0.155,0.62,4983.0,4.0,3857.0,1917.172983848862
2026-09-13 06:26:19.825,0.2142677452783458,0.155,0.62,4983.0,4.0,3857.0,1917.172983848862
2026-09-13 06:26:21.843,0.2142677452783458,0.155,0.62,4983.0,4.0,3857.0,1917.172983848862
2026-09-13 06:26:21.877,0.2142677452783458,0.155,0.62,4983.0,4.0,3857.0,1917.172983848862
2026-09-13 06:26:23.275,0.08021793232604571,0.08775,0.351,4983.0,4.0,3857.0,1917.172983848862
2026-09-13 06:26:23.325,0.08021793232604571,0.08775,0.351,4983.0,4.0,3857.0,1917.172983848862
2026-09-13 06:26:25.343,0.08021793232604571,0.08775,0.351,4983.0,4.0,3857.0,1917.172983848862
2026-09-13 06:26:25.377,0.08021793232604571,0.08775,0.351,4983.0,4.0,3857.0,1917.172983848862
2026-09-13 06:26:26.775,0.21376837153018236,0.15475,0.619,4983.0,4.0,3857.0,1917.172983848862
2026-09-13 06:26:26.826,0.2136055554833084,0.155,0.62,4983.0,4.0,3857.0,1917.172983848862
2026-09-13 06:26:28.843,0.2136055554833084,0.155,0.62,4983.0,4.0,3857.0,1917.172983848862
2026-09-13 06:26:28.877,0.2136055554833084,0.155,0.62,4983.0,4.0,3857.0,1917.172983848862
2026-09-13 06:26:30.275,0.2136055554833084,0.155,0.62,4983.0,4.0,3857.0,1917.172983848862
2026-09-13 06:26:30.326,0.2136055554833084,0.155,0.62,4983.0,4.0,3857.0,1917.172983848862
2026-09-13 06:26:32.343,0.2136055554833084,0.155,0.62,4983.0,4.0,3857.0,1917.172983848862
2026-09-13 06:26:32.377,0.2136055554833084,0.155,0.62,4983.0,4.0,3857.0,1917.172983848862
2026-09-13 06:26:33.775,0.2136055554833084,0.155,0.62,4983.0,4.0,3857.0,1917.172983848862
2026-09-13 06:26:33.826,0.2136055554833084,0.155,0.62,4983.0,4.0,3857.0,1917.172983848862
2026-09-13 06:26:35.843,0.2136055554833084,0.155,0.62,4983.0,4.0,3857.0,1917.172983848862
2026-09-13 06:26:35.877,0.2136055554833084,0.155,0.62,4983.0,4.0,3857.0,1917.172983848862
2026-09-13 06:26:37.275,0.2136055554833084,0.155,0.62,4983.0,4.0,3857.0,1917.172983848862
2026-09-13 06:26:37.326,0.2136055554833084,0.155,0.62,4983.0,4.0,3857.0,1917.172983848862
2026-09-13 06:26:39.343,0.2136055554833084,0.155,0.62,4983.0,4.0,3857.0,1917.172983848862
2026-09-13 06:26:39.377,0.2136055554833084,0.155,0.62,4983.0,4.0,3857.0,1917.172983848862
2026-09-13 06:26:40.775,0.2136055554833084,0.155,0.62,4983.0,4.0,3857.0,1917.172983848862
2026-09-13 06:26:40.826,0.2136055554833084,0.155,0.62,4983.0,4.0,3857.0,1917.172983848862
2026-09-13 06:26:42.843,0.2136055554833084,0.155,0.62,4983.0,4.0,3857.0,1917.172983848862
2026-09-13 06:26:42.877,0.2136055554833084,0.155,0.62,4983.0,4.0,3857.0,1917.172983848862
2026-09-13 06:26:44.275,0.2136055554833084,0.155,0.62,4983.0,4.0,3857.0,1917.172983848862
2026-09-13 06:26:44.326,0.2136055554833084,0.155,0.62,4983.0,4.0,3857.0,1917.172983848862
2026-09-13 06:26:46.343,0.2136055554833084,0.155,0.62,4983.0,4.0,3857.0,1917.172983848862
2026-09-13 06:26:46.377,0.2136055554833084,0.155,0.62,4983.0,4.0,3857.0,1917.172983848862
2026-09-13 06:26:47.775,0.2136055554833084,0.155,0.62,4983.0,4.0,3857.0,1917.172983848862
2026-09-13 06:26:47.826,0.2136055554833084,0.155,0.62,4983.0,4.0,3857.0,1917.172983848862
2026-09-13 06:26:49.843,0.2136055554833084,0.155,0.62,4983.0,4.0,3857.0,1917.172983848862
2026-09-13 06:26:49.877,0.2136055554833084,0.155,0.62,4983.0,4.0,3857.0,1917.172983848862
2026-09-13 06:26:51.275,0.2136055554833084,0.155,0.62,4983.0,4.0,3857.0,1917.172983848862
2026-09-13 06:26:51.326,0.2136055554833084,0.155,0.62,4983.0,4.0,3857.0,1917.172983848862
2026-09-13 06:26:53.344,0.21345784127082193,0.15525,0.621,4983.0,4.0,3857.0,1917.172983848862
2026-09-13 06:26:53.377,0.2136476850642963,0.155,0.62,4983.0,4.0,3857.0,1917.172983848862
2026-09-13 06:26:54.775,0.2136476850642963,0.155,0.62,4983.0,4.0,3857.0,1917.172983848862
2026-09-13 06:26:54.826,0.2136476850642963,0.155,0.62,4983.0,4.0,3857.0,1917.172983848862
2026-09-13 06:26:56.844,0.21379487832967237,0.15475,0.619,4983.0,4.0,3857.0,1917.172983848862
2026-09-13 06:26:56.877,0.21379487832967237,0.15475,0.619,4983.0,4.0,3857.0,1917.172983848862
2026-09-13 06:26:58.276,0.21429419030855554,0.155,0.62,4983.0,4.0,3857.0,1917.172983848862
2026-09-13 06:26:58.327,0.21429419030855554,0.155,0.62,4983.0,4.0,3857.0,1917.172983848862
2026-09-13 06:27:00.344,0.21429419030855554,0.155,0.62,4983.0,4.0,3857.0,1917.172983848862
2026-09-13 06:27:00.378,0.21410491976287255,0.15525,0.621,4983.0,4.0,3857.0,1917.172983848862
2026-09-13 06:27:01.776,0.21410491976287255,0.15525,0.621,4983.0,4.0,3857.0,1917.172983848862
2026-09-13 06:27:01.826,0.2142677452783458,0.155,0.62,4983.0,4.0,3857.0,1917.172983848862
2026-09-13 06:27:03.844,0.2142677452783458,0.155,0.62,4983.0,4.0,3857.0,1917.172983848862
2026-09-13 06:27:03.878,0.2142677452783458,0.155,0.62,4983.0,4.0,3857.0,1917.172983848862
2026-09-13 06:27:05.276,0.2142677452783458,0.155,0.62,4983.0,4.0,3857.0,1917.172983848862
2026-09-13 06:27:05.327,0.21410491976287255,0.15525,0.621,4983.0,4.0,3857.0,1917.172983848862
2026-09-13 06:27:07.344,0.21410491976287255,0.15525,0.621,4983.0,4.0,3857.0,1917.172983848862
2026-09-13 06:27:07.378,0.21410491976287255,0.15525,0.621,4983.0,4.0,3857.0,1917.172983848862
2026-09-13 06:27:08.776,0.21410491976287255,0.15525,0.621,4983.0,4.0,3857.0,1917.172983848862
2026-09-13 06:27:08.827,0.21410491976287255,0.15525,0.621,4983.0,4.0,3857.0,1917.172983848862
2026-09-13 06:27:10.844,0.21410491976287255,0.15525,0.621,4983.0,4.0,3857.0,1917.172983848862
2026-09-13 06:27:10.878,0.21410491976287255,0.15525,0.621,4983.0,4.0,3857.0,1917.172983848862
2026-09-13 06:27:12.276,0.2136055554833084,0.155,0.62,4983.0,4.0,3857.0,1917.172983848862
2026-09-13 06:27:12.327,0.2136055554833084,0.155,0.62,4983.0,4.0,3857.0,1917.172983848862
2026-09-13 06:27:14.344,0.2136055554833084,0.155,0.62,4983.0,4.0,3857.0,1917.172983848862
2026-09-13 06:27:14.378,0.2136055554833084,0.155,0.62,4983.0,4.0,3857.0,1917.172983848862
2026-09-13 06:27:15.776,0.2136055554833084,0.155,0.62,4983.0,4.0,3857.0,1917.172983848862
2026-09-13 06:27:15.827,0.2136055554833084,0.155,0.62,4983.0,4.0,3857.0,1917.172983848862
2026-09-13 06:27:17.844,0.2136055554833084,0.155,0.62,4983.0,4.0,3857.0,1917.172983848862
2026-09-13 06:27:17.878,0.2136055554833084,0.155,0.62,4983.0,4.0,3857.0,1917.172983848862
2026-09-13 06:27:19.276,0.2136055554833084,0.155,0.62,4983.0,4.0,3857.0,1917.172983848862
2026-09-13 06:27:19.327,0.2136055554833084,0.155,0.62,4983.0,4.0,3857.0,1917.172983848862
2026-09-13 06:27:21.344,0.2136055554833084,0.155,0.62,4983.0,4.0,3857.0,1917.172983848862
2026-09-13 06:27:21.378,0.2136055554833084,0.155,0.62,4983.0,4.0,3857.0,1917.172983848862
2026-09-13 06:27:22.776,0.2136055554833084,0.155,0.62,4983.0,4.0,3857.0,1917.172983848862
2026-09-13 06:27:22.827,0.2136055554833084,0.155,0.62,4983.0,4.0,3857.0,1917.172983848862
2026-09-13 06:27:24.844,0.2136055554833084,0.155,0.62,4983.0,4.0,3857.0,1917.172983848862
2026-09-13 06:27:24.878,0.2136055554833084,0.155,0.62,4983.0,4.0,3857.0,1917.172983848862
2026-09-13 06:27:26.276,0.2136055554833084,0.155,0.62,4983.0,4.0,3857.0,1917.172983848862
2026-09-13 06:27:26.327,0.2136055554833084,0.155,0.62,4983.0,4.0,3857.0,1917.172983848862
2026-09-13 06:27:28.344,0.2136055554833084,0.155,0.62,4983.0,4.0,3857.0,1917.172983848862
2026-09-13 06:27:28.378,0.2136055554833084,0.155,0.62,4983.0,4.0,3857.0,1917.172983848862
2026-09-13 06:27:29.776,0.2136055554833084,0.155,0.62,4983.0,4.0,3857.0,1917.172983848862
2026-09-13 06:27:29.827,0.2136055554833084,0.155,0.62,4983.0,4.0,3857.0,1917.172983848862
2026-09-13 06:27:31.844,0.2136055554833084,0.155,0.62,4983.0,4.0,3857.0,1917.172983848862
2026-09-13 06:27:31.878,0.2136055554833084,0.155,0.62,4983.0,4.0,3857.0,1917.172983848862
2026-09-13 06:27:33.276,0.2136055554833084,0.155,0.62,4983.0,4.0,3857.0,1917.172983848862
2026-09-13 06:27:33.327,0.2136055554833084,0.155,0.62,4983.0,4.0,3857.0,1917.172983848862
2026-09-13 06:27:35.344,0.2136055554833084,0.155,0.62,4983.0,4.0,3857.0,1917.172983848862
2026-09-13 06:27:35.378,0.2136055554833084,0.155,0.62,4983.0,4.0,3857.0,1917.172983848862
2026-09-13 06:27:36.776,0.2136055554833084,0.155,0.62,4983.0,4.0,3857.0,1917.172983848862
2026-09-13 06:27:36.827,0.2136055554833084,0.155,0.62,4983.0,4.0,3857.0,1917.172983848862
2026-09-13 06:27:38.845,0.21345784127082193,0.15525,0.621,4983.0,4.0,3857.0,1917.172983848862
2026-09-13 06:27:38.878,0.2136476850642963,0.155,0.62,4983.0,4.0,3857.0,1917.172983848862
2026-09-13 06:27:40.276,0.2136476850642963,0.155,0.62,4983.0,4.0,3857.0,1917.172983848862
2026-09-13 06:27:40.327,0.2136476850642963,0.155,0.62,4983.0,4.0,3857.0,1917.172983848862
2026-09-13 06:27:42.345,0.21379487832967234,0.15475,0.619,4983.0,4.0,3857.0,1917.172983848862
2026-09-13 06:27:42.378,0.21379487832967234,0.15475,0.619,4983.0,4.0,3857.0,1917.172983848862
2026-09-13 06:27:43.776,0.21379487832967234,0.15475,0.619,4983.0,4.0,3857.0,1917.172983848862
2026-09-13 06:27:43.828,0.21363364279376207,0.155,0.62,4983.0,4.0,3857.0,1917.172983848862
2026-09-13 06:27:45.845,0.21363364279376207,0.155,0.62,4983.0,4.0,3857.0,1917.172983848862
2026-09-13 06:27:45.879,0.2134437865106394,0.15525,0.621,4983.0,4.0,3857.0,1917.172983848862
2026-09-13 06:27:47.277,0.2139431388632645,0.1555,0.622,4983.0,4.0,3857.0,1917.172983848862
2026-09-13 06:27:47.327,0.21426774527834577,0.155,0.62,4983.0,4.0,3857.0,1917.172983848862
2026-09-13 06:27:49.345,0.21426774527834577,0.155,0.62,4983.0,4.0,3857.0,1917.172983848862
2026-09-13 06:27:49.379,0.21426774527834577,0.155,0.62,4983.0,4.0,3857.0,1917.172983848862
2026-09-13 06:27:50.777,0.21426774527834577,0.155,0.62,4983.0,4.0,3857.0,1917.172983848862
2026-09-13 06:27:50.828,0.2141049197628725,0.15525,0.621,4983.0,4.0,3857.0,1917.172983848862
2026-09-13 06:27:52.845,0.2141049197628725,0.15525,0.621,4983.0,4.0,3857.0,1917.172983848862
2026-09-13 06:27:52.879,0.2141049197628725,0.15525,0.621,4983.0,4.0,3857.0,1917.172983848862
2026-09-13 06:27:54.277,0.2141049197628725,0.15525,0.621,4983.0,4.0,3857.0,1917.172983848862
2026-09-13 06:27:54.328,0.2141049197628725,0.15525,0.621,4983.0,4.0,3857.0,1917.172983848862
2026-09-13 06:27:56.345,0.2141049197628725,0.15525,0.621,4983.0,4.0,3857.0,1917.172983848862
2026-09-13 06:27:56.379,0.2141049197628725,0.15525,0.621,4983.0,4.0,3857.0,1917.172983848862
2026-09-13 06:27:57.777,0.21360555548330834,0.155,0.62,4983.0,4.0,3857.0,1917.172983848862
2026-09-13 06:27:57.828,0.21360555548330834,0.155,0.62,4983.0,4.0,3857.0,1917.172983848862
2026-09-13 06:27:59.845,0.21360555548330834,0.155,0.62,4983.0,4.0,3857.0,1917.172983848862
2026-09-13 06:27:59.879,0.21360555548330834,0.155,0.62,4983.0,4.0,3857.0,1917.172983848862
2026-09-13 06:28:01.277,0.21360555548330834,0.155,0.62,4983.0,4.0,3857.0,1917.172983848862
2026-09-13 06:28:01.328,0.21360555548330834,0.155,0.62,4983.0,4.0,3857.0,1917.172983848862
2026-09-13 06:28:03.345,0.21360555548330834,0.155,0.62,4983.0,4.0,3857.0,1917.172983848862
2026-09-13 06:28:03.379,0.21360555548330834,0.155,0.62,4983.0,4.0,3857.0,1917.172983848862
2026-09-13 06:28:04.777,0.21360555548330834,0.155,0.62,4983.0,4.0,3857.0,1917.172983848862
2026-09-13 06:28:04.828,0.21360555548330834,0.155,0.62,4983.0,4.0,3857.0,1917.172983848862
2026-09-13 06:28:06.845,0.21360555548330834,0.155,0.62,4983.0,4.0,3857.0,1917.172983848862
2026-09-13 06:28:06.879,0.21360555548330834,0.155,0.62,4983.0,4.0,3857.0,1917.172983848862
2026-09-13 06:28:08.277,0.050497524691804005,0.073,0.292,4983.0,4.0,3857.0,1917.172983848862
2026-09-13 06:28:08.327,0.050645006334939104,0.07275,0.291,4983.0,4.0,3857.0,1917.172983848862
2026-09-13 06:28:10.345,0.050645006334939104,0.07275,0.291,4983.0,4.0,3857.0,1917.172983848862
2026-09-13 06:28:10.379,0.050645006334939104,0.07275,0.291,4983.0,4.0,3857.0,1917.172983848862
2026-09-13 06:28:11.777,0.2137683715301823,0.15475,0.619,4983.0,4.0,3857.0,1917.172983848862
2026-09-13 06:28:11.828,0.21360555548330837,0.155,0.62,4983.0,4.0,3857.0,1917.172983848862
2026-09-13 06:28:13.846,0.2134578412708219,0.15525,0.621,4983.0,4.0,3857.0,1917.172983848862
2026-09-13 06:28:13.880,0.2134578412708219,0.15525,0.621,4983.0,4.0,3857.0,1917.172983848862
2026-09-13 06:28:15.277,0.2134578412708219,0.15525,0.621,4983.0,4.0,3857.0,1917.172983848862
2026-09-13 06:28:15.328,0.2134578412708219,0.15525,0.621,4983.0,4.0,3857.0,1917.172983848862
2026-09-13 06:28:17.345,0.21360555548330837,0.155,0.62,4983.0,4.0,3857.0,1917.172983848862
2026-09-13 06:28:17.379,0.21360555548330837,0.155,0.62,4983.0,4.0,3857.0,1917.172983848862
2026-09-13 06:28:18.777,0.21360555548330837,0.155,0.62,4983.0,4.0,3857.0,1917.172983848862
2026-09-13 06:28:18.828,0.21360555548330837,0.155,0.62,4983.0,4.0,3857.0,1917.172983848862
2026-09-13 06:28:20.845,0.21360555548330837,0.155,0.62,4983.0,4.0,3857.0,1917.172983848862
2026-09-13 06:28:20.879,0.21360555548330837,0.155,0.62,4983.0,4.0,3857.0,1917.172983848862
2026-09-13 06:28:22.277,0.21360555548330837,0.155,0.62,4983.0,4.0,3857.0,1917.172983848862
2026-09-13 06:28:22.328,0.21360555548330837,0.155,0.62,4983.0,4.0,3857.0,1917.172983848862
2026-09-13 06:28:24.345,0.21360555548330837,0.155,0.62,4983.0,4.0,3857.0,1917.172983848862
2026-09-13 06:28:24.379,0.21360555548330837,0.155,0.62,4983.0,4.0,3857.0,1917.172983848862
2026-09-13 06:28:25.777,0.21360555548330837,0.155,0.62,4983.0,4.0,3857.0,1917.172983848862
2026-09-13 06:28:25.828,0.21360555548330837,0.155,0.62,4983.0,4.0,3857.0,1917.172983848862
2026-09-13 06:28:27.846,0.21360555548330837,0.155,0.62,4983.0,4.0,3857.0,1917.172983848862
2026-09-13 06:28:27.880,0.21360555548330837,0.155,0.62,4983.0,4.0,3857.0,1917.172983848862
2026-09-13 06:28:29.277,0.21360555548330837,0.155,0.62,4983.0,4.0,3857.0,1917.172983848862
2026-09-13 06:28:29.328,0.21360555548330837,0.155,0.62,4983.0,4.0,3857.0,1917.172983848862
2026-09-13 06:28:31.346,0.21360555548330837,0.155,0.62,4983.0,4.0,3857.0,1917.172983848862
2026-09-13 06:28:31.380,0.21360555548330837,0.155,0.62,4983.0,4.0,3857.0,1917.172983848862
2026-09-13 06:28:32.778,0.2141049197628725,0.15525,0.621,4983.0,4.0,3857.0,1917.172983848862
2026-09-13 06:28:32.828,0.21426774527834577,0.155,0.62,4983.0,4.0,3857.0,1917.172983848862
2026-09-13 06:28:34.846,0.21426774527834577,0.155,0.62,4983.0,4.0,3857.0,1917.172983848862
2026-09-13 06:28:34.880,0.21426774527834577,0.155,0.62,4983.0,4.0,3857.0,1917.172983848862
2026-09-13 06:28:36.278,0.21426774527834577,0.155,0.62,4983.0,4.0,3857.0,1917.172983848862
2026-09-13 06:28:36.329,0.2141049197628725,0.15525,0.621,4983.0,4.0,3857.0,1917.172983848862
2026-09-13 06:28:38.346,0.2141049197628725,0.15525,0.621,4983.0,4.0,3857.0,1917.172983848862
2026-09-13 06:28:38.380,0.2141049197628725,0.15525,0.621,4983.0,4.0,3857.0,1917.172983848862
2026-09-13 06:28:39.778,0.2141049197628725,0.15525,0.621,4983.0,4.0,3857.0,1917.172983848862
2026-09-13 06:28:39.829,0.2141049197628725,0.15525,0.621,4983.0,4.0,3857.0,1917.172983848862
2026-09-13 06:28:44.365,0.24951486261677105,0.2585,1.034,4923.0,3.0,3864.0,1916.0083507124777
2026-09-13 06:28:44.415,0.24479991830063885,0.2625,1.05,4923.0,2.0,7704.0,2210.0968304578764
2026-09-13 06:28:46.433,0.2097148858172274,0.1585,0.634,4983.0,3.0,7697.0,2212.119402292731
2026-09-13 06:28:46.467,0.21276963285832415,0.15424999999999997,0.6169999999999999,4983.0,4.0,3857.0,1917.172983848862
2026-09-13 06:28:47.865,0.2137683715301823,0.15475,0.619,4983.0,4.0,3857.0,1917.172983848862
2026-09-13 06:28:47.916,0.21360555548330834,0.155,0.62,4983.0,4.0,3857.0,1917.172983848862
2026-09-13 06:28:49.933,0.21360555548330834,0.155,0.62,4983.0,4.0,3857.0,1917.172983848862
2026-09-13 06:28:49.967,0.21360555548330834,0.155,0.62,4983.0,4.0,3857.0,1917.172983848862
2026-09-13 06:28:51.365,0.21360555548330834,0.155,0.62,4983.0,4.0,3857.0,1917.172983848862
2026-09-13 06:28:51.416,0.21360555548330834,0.155,0.62,4983.0,4.0,3857.0,1917.172983848862
2026-09-13 06:28:53.433,0.21360555548330834,0.155,0.62,4983.0,4.0,3857.0,1917.172983848862
2026-09-13 06:28:53.467,0.21360555548330834,0.155,0.62,4983.0,4.0,3857.0,1917.172983848862
2026-09-13 06:28:54.865,0.21360555548330834,0.155,0.62,4983.0,4.0,3857.0,1917.172983848862
2026-09-13 06:28:54.916,0.21360555548330834,0.155,0.62,4983.0,4.0,3857.0,1917.172983848862
2026-09-13 06:28:56.933,0.21360555548330834,0.155,0.62,4983.0,4.0,3857.0,1917.172983848862
2026-09-13 06:28:56.967,0.21360555548330834,0.155,0.62,4983.0,4.0,3857.0,1917.172983848862
2026-09-13 06:28:58.365,0.023902580055982565,0.059,0.236,4983.0,4.0,3857.0,1917.172983848862
2026-09-13 06:28:58.416,0.023902580055982565,0.059,0.236,4983.0,4.0,3857.0,1917.172983848862
2026-09-13 06:29:00.433,0.023902580055982565,0.059,0.236,4983.0,4.0,3857.0,1917.172983848862
2026-09-13 06:29:00.467,0.023902580055982565,0.059,0.236,4983.0,4.0,3857.0,1917.172983848862
2026-09-13 06:29:01.865,0.21360555548330834,0.155,0.62,4983.0,4.0,3857.0,1917.172983848862
2026-09-13 06:29:01.916,0.21360555548330834,0.155,0.62,4983.0,4.0,3857.0,1917.172983848862
2026-09-13 06:29:03.933,0.21360555548330834,0.155,0.62,4983.0,4.0,3857.0,1917.172983848862
2026-09-13 06:29:03.967,0.21360555548330834,0.155,0.62,4983.0,4.0,3857.0,1917.172983848862
2026-09-13 06:29:05.365,0.21360555548330834,0.155,0.62,4983.0,4.0,3857.0,1917.172983848862
2026-09-13 06:29:05.416,0.21360555548330834,0.155,0.62,4983.0,4.0,3857.0,1917.172983848862
2026-09-13 06:29:07.433,0.21360555548330834,0.155,0.62,4983.0,4.0,3857.0,1917.172983848862
2026-09-13 06:29:07.467,0.21360555548330834,0.155,0.62,4983.0,4.0,3857.0,1917.172983848862
2026-09-13 06:29:08.865,0.21360555548330834,0.155,0.62,4983.0,4.0,3857.0,1917.172983848862
2026-09-13 06:29:08.916,0.21360555548330834,0.155,0.62,4983.0,4.0,3857.0,1917.172983848862
2026-09-13 06:29:10.934,0.21345784127082187,0.15525,0.621,4983.0,4.0,3857.0,1917.172983848862
2026-09-13 06:29:10.967,0.21364768506429627,0.155,0.62,4983.0,4.0,3857.0,1917.172983848862
2026-09-13 06:29:12.365,0.21364768506429627,0.155,0.62,4983.0,4.0,3857.0,1917.172983848862
2026-09-13 06:29:12.416,0.21364768506429627,0.155,0.62,4983.0,4.0,3857.0,1917.172983848862
2026-09-13 06:29:14.434,0.21379487832967234,0.15475,0.619,4983.0,4.0,3857.0,1917.172983848862
2026-09-13 06:29:14.468,0.21360555548330837,0.155,0.62,4983.0,4.0,3857.0,1917.172983848862
2026-09-13 06:29:15.866,0.2141049197628725,0.15525,0.621,4983.0,4.0,3857.0,1917.172983848862
2026-09-13 06:29:15.916,0.21426774527834577,0.155,0.62,4983.0,4.0,3857.0,1917.172983848862
2026-09-13 06:29:17.934,0.21426774527834574,0.155,0.62,4983.0,4.0,3857.0,1917.172983848862
2026-09-13 06:29:17.968,0.21426774527834574,0.155,0.62,4983.0,4.0,3857.0,1917.172983848862
2026-09-13 06:29:19.366,0.21426774527834572,0.155,0.62,4983.0,4.0,3857.0,1917.172983848862
2026-09-13 06:29:19.416,0.21426774527834572,0.155,0.62,4983.0,4.0,3857.0,1917.172983848862
2026-09-13 06:29:21.434,0.21426774527834572,0.155,0.62,4983.0,4.0,3857.0,1917.172983848862
2026-09-13 06:29:21.468,0.21426774527834572,0.155,0.62,4983.0,4.0,3857.0,1917.172983848862
2026-09-13 06:29:22.866,0.21426774527834572,0.155,0.62,4983.0,4.0,3857.0,1917.172983848862
2026-09-13 06:29:22.917,0.21410491976287244,0.15525,0.621,4983.0,4.0,3857.0,1917.172983848862
2026-09-13 06:29:24.934,0.21410491976287244,0.15525,0.621,4983.0,4.0,3857.0,1917.172983848862
2026-09-13 06:29:24.968,0.21410491976287244,0.15525,0.621,4983.0,4.0,3857.0,1917.172983848862
2026-09-13 06:29:26.366,0.21360555548330834,0.155,0.62,4983.0,4.0,3857.0,1917.172983848862
2026-09-13 06:29:26.417,0.21360555548330834,0.155,0.62,4983.0,4.0,3857.0,1917.172983848862
2026-09-13 06:29:28.434,0.21360555548330834,0.155,0.62,4983.0,4.0,3857.0,1917.172983848862
2026-09-13 06:29:28.468,0.21360555548330834,0.155,0.62,4983.0,4.0,3857.0,1917.172983848862
2026-09-13 06:29:29.866,0.21360555548330834,0.155,0.62,4983.0,4.0,3857.0,1917.172983848862
2026-09-13 06:29:29.917,0.21360555548330834,0.155,0.62,4983.0,4.0,3857.0,1917.172983848862
2026-09-13 06:29:31.934,0.21360555548330834,0.155,0.62,4983.0,4.0,3857.0,1917.172983848862
2026-09-13 06:29:31.968,0.21360555548330834,0.155,0.62,4983.0,4.0,3857.0,1917.172983848862
2026-09-13 06:29:33.366,0.21360555548330834,0.155,0.62,4983.0,4.0,3857.0,1917.172983848862
2026-09-13 06:29:33.417,0.21360555548330834,0.155,0.62,4983.0,4.0,3857.0,1917.172983848862
2026-09-13 06:29:35.434,0.21360555548330834,0.155,0.62,4983.0,4.0,3857.0,1917.172983848862
2026-09-13 06:29:35.468,0.21360555548330834,0.155,0.62,4983.0,4.0,3857.0,1917.172983848862
2026-09-13 06:29:36.866,0.21360555548330834,0.155,0.62,4983.0,4.0,3857.0,1917.172983848862
2026-09-13 06:29:36.917,0.21360555548330834,0.155,0.62,4983.0,4.0,3857.0,1917.172983848862
2026-09-13 06:29:38.934,0.21360555548330834,0.155,0.62,4983.0,4.0,3857.0,1917.172983848862
2026-09-13 06:29:38.968,0.21360555548330834,0.155,0.62,4983.0,4.0,3857.0,1917.172983848862
2026-09-13 06:29:40.366,0.21360555548330834,0.155,0.62,4983.0,4.0,3857.0,1917.172983848862
2026-09-13 06:29:40.417,0.21360555548330834,0.155,0.62,4983.0,4.0,3857.0,1917.172983848862
2026-09-13 06:29:42.434,0.21360555548330834,0.155,0.62,4983.0,4.0,3857.0,1917.172983848862
2026-09-13 06:29:42.468,0.21360555548330834,0.155,0.62,4983.0,4.0,3857.0,1917.172983848862
2026-09-13 06:29:43.866,0.21360555548330834,0.155,0.62,4983.0,4.0,3857.0,1917.172983848862
2026-09-13 06:29:43.917,0.21360555548330834,0.155,0.62,4983.0,4.0,3857.0,1917.172983848862
2026-09-13 06:29:45.935,0.21345784127082187,0.15525,0.621,4983.0,4.0,3857.0,1917.172983848862
2026-09-13 06:29:45.969,0.21345784127082187,0.15525,0.621,4983.0,4.0,3857.0,1917.172983848862
2026-09-13 06:29:47.366,0.21345784127082187,0.15525,0.621,4983.0,4.0,3857.0,1917.172983848862
2026-09-13 06:29:47.417,0.21345784127082187,0.15525,0.621,4983.0,4.0,3857.0,1917.172983848862
2026-09-13 06:29:49.434,0.21360555548330834,0.155,0.62,4983.0,4.0,3857.0,1917.172983848862
2026-09-13 06:29:49.468,0.21360555548330834,0.155,0.62,4983.0,4.0,3857.0,1917.172983848862
2026-09-13 06:29:50.866,0.21360555548330834,0.155,0.62,4983.0,4.0,3857.0,1917.172983848862
2026-09-13 06:29:50.917,0.21360555548330834,0.155,0.62,4983.0,4.0,3857.0,1917.172983848862
2026-09-13 06:29:52.934,0.21360555548330834,0.155,0.62,4983.0,4.0,3857.0,1917.172983848862
2026-09-13 06:29:52.968,0.21360555548330834,0.155,0.62,4983.0,4.0,3857.0,1917.172983848862
2026-09-13 06:29:54.366,0.21360555548330834,0.155,0.62,4983.0,4.0,3857.0,1917.172983848862
2026-09-13 06:29:54.417,0.21360555548330834,0.155,0.62,4983.0,4.0,3857.0,1917.172983848862
2026-09-13 06:29:56.435,0.21345784127082187,0.15525,0.621,4983.0,4.0,3857.0,1917.172983848862
2026-09-13 06:29:56.469,0.21345784127082187,0.15525,0.621,4983.0,4.0,3857.0,1917.172983848862
2026-09-13 06:29:57.866,0.21345784127082187,0.15525,0.621,4983.0,4.0,3857.0,1917.172983848862
2026-09-13 06:29:57.917,0.21345784127082187,0.15525,0.621,4983.0,4.0,3857.0,1917.172983848862
2026-09-13 06:29:59.935,0.21360555548330834,0.155,0.62,4983.0,4.0,3857.0,1917.172983848862
2026-09-13 06:29:59.968,0.21379487832967228,0.15475,0.619,4983.0,4.0,3857.0,1917.172983848862
2026-09-13 06:30:01.367,0.21429419030855543,0.155,0.62,4983.0,4.0,3857.0,1917.172983848862
2026-09-13 06:30:01.417,0.21445648354230912,0.15475,0.619,4983.0,4.0,3857.0,1917.172983848862
2026-09-13 06:30:03.435,0.21445648354230912,0.15475,0.619,4983.0,4.0,3857.0,1917.172983848862
2026-09-13 06:30:03.469,0.21426774527834566,0.155,0.62,4983.0,4.0,3857.0,1917.172983848862
2026-09-13 06:30:04.867,0.21426774527834566,0.155,0.62,4983.0,4.0,3857.0,1917.172983848862
2026-09-13 06:30:04.918,0.2141049197628724,0.15525,0.621,4983.0,4.0,3857.0,1917.172983848862
2026-09-13 06:30:06.935,0.2141049197628724,0.15525,0.621,4983.0,4.0,3857.0,1917.172983848862
2026-09-13 06:30:06.969,0.2141049197628724,0.15525,0.621,4983.0,4.0,3857.0,1917.172983848862
2026-09-13 06:30:08.367,0.2141049197628724,0.15525,0.621,4983.0,4.0,3857.0,1917.172983848862
2026-09-13 06:30:08.418,0.2141049197628724,0.15525,0.621,4983.0,4.0,3857.0,1917.172983848862
2026-09-13 06:30:10.435,0.2141049197628724,0.15525,0.621,4983.0,4.0,3857.0,1917.172983848862
2026-09-13 06:30:10.469,0.2141049197628724,0.15525,0.621,4983.0,4.0,3857.0,1917.172983848862
2026-09-13 06:30:11.867,0.21360555548330826,0.155,0.62,4983.0,4.0,3857.0,1917.172983848862
2026-09-13 06:30:11.918,0.21360555548330826,0.155,0.62,4983.0,4.0,3857.0,1917.172983848862
2026-09-13 06:30:13.935,0.21360555548330826,0.155,0.62,4983.0,4.0,3857.0,1917.172983848862
2026-09-13 06:30:13.969,0.21360555548330826,0.155,0.62,4983.0,4.0,3857.0,1917.172983848862
2026-09-13 06:30:15.367,0.08006247560498816,0.088,0.352,4983.0,4.0,3857.0,1917.172983848862
2026-09-13 06:30:15.417,0.08021793232604535,0.08775,0.351,4983.0,4.0,3857.0,1917.172983848862
2026-09-13 06:30:17.435,0.08021793232604535,0.08775,0.351,4983.0,4.0,3857.0,1917.172983848862
2026-09-13 06:30:17.469,0.08021793232604535,0.08775,0.351,4983.0,4.0,3857.0,1917.172983848862
2026-09-13 06:30:18.867,0.21376837153018224,0.15475,0.619,4983.0,4.0,3857.0,1917.172983848862
2026-09-13 06:30:18.918,0.21360555548330828,0.155,0.62,4983.0,4.0,3857.0,1917.172983848862
2026-09-13 06:30:20.935,0.21360555548330828,0.155,0.62,4983.0,4.0,3857.0,1917.172983848862
2026-09-13 06:30:20.969,0.21360555548330828,0.155,0.62,4983.0,4.0,3857.0,1917.172983848862
2026-09-13 06:30:22.367,0.21360555548330828,0.155,0.62,4983.0,4.0,3857.0,1917.172983848862
2026-09-13 06:30:22.418,0.21360555548330828,0.155,0.62,4983.0,4.0,3857.0,1917.172983848862
2026-09-13 06:30:24.435,0.21360555548330828,0.155,0.62,4983.0,4.0,3857.0,1917.172983848862
2026-09-13 06:30:24.469,0.21360555548330828,0.155,0.62,4983.0,4.0,3857.0,1917.172983848862
2026-09-13 06:30:25.867,0.21360555548330828,0.155,0.62,4983.0,4.0,3857.0,1917.172983848862
2026-09-13 06:30:25.918,0.21360555548330828,0.155,0.62,4983.0,4.0,3857.0,1917.172983848862
2026-09-13 06:30:27.935,0.21360555548330828,0.155,0.62,4983.0,4.0,3857.0,1917.172983848862
2026-09-13 06:30:27.969,0.21360555548330828,0.155,0.62,4983.0,4.0,3857.0,1917.172983848862
2026-09-13 06:30:29.367,0.21360555548330828,0.155,0.62,4983.0,4.0,3857.0,1917.172983848862
2026-09-13 06:30:29.418,0.21360555548330828,0.155,0.62,4983.0,4.0,3857.0,1917.172983848862
2026-09-13 06:30:31.435,0.21360555548330828,0.155,0.62,4983.0,4.0,3857.0,1917.172983848862
2026-09-13 06:30:31.469,0.21360555548330828,0.155,0.62,4983.0,4.0,3857.0,1917.172983848862
2026-09-13 06:30:32.867,0.21360555548330828,0.155,0.62,4983.0,4.0,3857.0,1917.172983848862
2026-09-13 06:30:32.918,0.21360555548330828,0.155,0.62,4983.0,4.0,3857.0,1917.172983848862
2026-09-13 06:30:34.935,0.21360555548330828,0.155,0.62,4983.0,4.0,3857.0,1917.172983848862
2026-09-13 06:30:34.969,0.21360555548330828,0.155,0.62,4983.0,4.0,3857.0,1917.172983848862
2026-09-13 06:30:36.367,0.21360555548330828,0.155,0.62,4983.0,4.0,3857.0,1917.172983848862
2026-09-13 06:30:36.418,0.21360555548330828,0.155,0.62,4983.0,4.0,3857.0,1917.172983848862
2026-09-13 06:30:38.436,0.21345784127082182,0.15525,0.621,4983.0,4.0,3857.0,1917.172983848862
2026-09-13 06:30:38.469,0.2136476850642962,0.155,0.62,4983.0,4.0,3857.0,1917.172983848862
2026-09-13 06:30:39.867,0.2136476850642962,0.155,0.62,4983.0,4.0,3857.0,1917.172983848862
2026-09-13 06:30:39.918,0.2136476850642962,0.155,0.62,4983.0,4.0,3857.0,1917.172983848862
2026-09-13 06:30:41.936,0.2136476850642962,0.155,0.62,4983.0,4.0,3857.0,1917.172983848862
2026-09-13 06:30:41.969,0.2136476850642962,0.155,0.62,4983.0,4.0,3857.0,1917.172983848862
2026-09-13 06:30:43.367,0.2136476850642962,0.155,0.62,4983.0,4.0,3857.0,1917.172983848862
2026-09-13 06:30:43.418,0.2136476850642962,0.155,0.62,4983.0,4.0,3857.0,1917.172983848862
2026-09-13 06:30:45.436,0.21379487832967226,0.15475,0.619,4983.0,4.0,3857.0,1917.172983848862
2026-09-13 06:30:45.469,0.21379487832967226,0.15475,0.619,4983.0,4.0,3857.0,1917.172983848862
2026-09-13 06:30:46.868,0.21429419030855537,0.155,0.62,4983.0,4.0,3857.0,1917.172983848862
2026-09-13 06:30:46.918,0.2144564835423091,0.15475,0.619,4983.0,4.0,3857.0,1917.172983848862
2026-09-13 06:30:48.936,0.2144564835423091,0.15475,0.619,4983.0,4.0,3857.0,1917.172983848862
2026-09-13 06:30:48.970,0.21426774527834566,0.155,0.62,4983.0,4.0,3857.0,1917.172983848862
2026-09-13 06:30:50.368,0.21426774527834563,0.155,0.62,4983.0,4.0,3857.0,1917.172983848862
2026-09-13 06:30:50.418,0.21426774527834563,0.155,0.62,4983.0,4.0,3857.0,1917.172983848862
2026-09-13 06:30:52.436,0.21426774527834563,0.155,0.62,4983.0,4.0,3857.0,1917.172983848862
2026-09-13 06:30:52.470,0.21426774527834563,0.155,0.62,4983.0,4.0,3857.0,1917.172983848862
2026-09-13 06:30:53.868,0.2137683715301822,0.15475,0.619,4983.0,4.0,3857.0,1917.172983848862
2026-09-13 06:30:53.919,0.21360555548330826,0.155,0.62,4983.0,4.0,3857.0,1917.172983848862
2026-09-13 06:30:55.936,0.21360555548330826,0.155,0.62,4983.0,4.0,3857.0,1917.172983848862
2026-09-13 06:30:55.970,0.21360555548330826,0.155,0.62,4983.0,4.0,3857.0,1917.172983848862
2026-09-13 06:30:57.368,0.21360555548330826,0.155,0.62,4983.0,4.0,3857.0,1917.172983848862
2026-09-13 06:30:57.419,0.21360555548330826,0.155,0.62,4983.0,4.0,3857.0,1917.172983848862
2026-09-13 06:30:59.436,0.21360555548330826,0.155,0.62,4983.0,4.0,3857.0,1917.172983848862
2026-09-13 06:30:59.470,0.21360555548330826,0.155,0.62,4983.0,4.0,3857.0,1917.172983848862
2026-09-13 06:31:00.868,0.21360555548330826,0.155,0.62,4983.0,4.0,3857.0,1917.172983848862
2026-09-13 06:31:00.919,0.21360555548330826,0.155,0.62,4983.0,4.0,3857.0,1917.172983848862
2026-09-13 06:31:02.936,0.21360555548330826,0.155,0.62,4983.0,4.0,3857.0,1917.172983848862
2026-09-13 06:31:02.970,0.21360555548330826,0.155,0.62,4983.0,4.0,3857.0,1917.172983848862
2026-09-13 06:31:04.368,0.21360555548330826,0.155,0.62,4983.0,4.0,3857.0,1917.172983848862
2026-09-13 06:31:04.419,0.21360555548330826,0.155,0.62,4983.0,4.0,3857.0,1917.172983848862
2026-09-13 06:31:06.436,0.21360555548330826,0.155,0.62,4983.0,4.0,3857.0,1917.172983848862
2026-09-13 06:31:06.470,0.21360555548330826,0.155,0.62,4983.0,4.0,3857.0,1917.172983848862
2026-09-13 06:31:07.868,0.21360555548330826,0.155,0.62,4983.0,4.0,3857.0,1917.172983848862
2026-09-13 06:31:07.919,0.21360555548330826,0.155,0.62,4983.0,4.0,3857.0,1917.172983848862
2026-09-13 06:31:09.936,0.21360555548330826,0.155,0.62,4983.0,4.0,3857.0,1917.172983848862
2026-09-13 06:31:09.970,0.21360555548330826,0.155,0.62,4983.0,4.0,3857.0,1917.172983848862
2026-09-13 06:31:11.368,0.21360555548330826,0.155,0.62,4983.0,4.0,3857.0,1917.172983848862
2026-09-13 06:31:11.419,0.21360555548330826,0.155,0.62,4983.0,4.0,3857.0,1917.172983848862
2026-09-13 06:31:13.436,0.21360555548330826,0.155,0.62,4983.0,4.0,3857.0,1917.172983848862
2026-09-13 06:31:13.470,0.21360555548330826,0.155,0.62,4983.0,4.0,3857.0,1917.172983848862
2026-09-13 06:31:14.868,0.21360555548330826,0.155,0.62,4983.0,4.0,3857.0,1917.172983848862
2026-09-13 06:31:14.919,0.21360555548330826,0.155,0.62,4983.0,4.0,3857.0,1917.172983848862
2026-09-13 06:31:16.936,0.21360555548330826,0.155,0.62,4983.0,4.0,3857.0,1917.172983848862
2026-09-13 06:31:16.970,0.21360555548330826,0.155,0.62,4983.0,4.0,3857.0,1917.172983848862
2026-09-13 06:31:18.368,0.21360555548330826,0.155,0.62,4983.0,4.0,3857.0,1917.172983848862
2026-09-13 06:31:18.419,0.21360555548330826,0.155,0.62,4983.0,4.0,3857.0,1917.172983848862
2026-09-13 06:31:20.436,0.21360555548330826,0.155,0.62,4983.0,4.0,3857.0,1917.172983848862
2026-09-13 06:31:20.470,0.21360555548330826,0.155,0.62,4983.0,4.0,3857.0,1917.172983848862
2026-09-13 06:31:21.868,0.21360555548330826,0.155,0.62,4983.0,4.0,3857.0,1917.172983848862
2026-09-13 06:31:21.919,0.21360555548330826,0.155,0.62,4983.0,4.0,3857.0,1917.172983848862
2026-09-13 06:31:23.937,0.21345784127082176,0.15525,0.621,4983.0,4.0,3857.0,1917.172983848862
2026-09-13 06:31:23.971,0.21345784127082176,0.15525,0.621,4983.0,4.0,3857.0,1917.172983848862
2026-09-13 06:31:25.368,0.21345784127082176,0.15525,0.621,4983.0,4.0,3857.0,1917.172983848862
2026-09-13 06:31:25.419,0.21345784127082176,0.15525,0.621,4983.0,4.0,3857.0,1917.172983848862
2026-09-13 06:31:27.437,0.21345784127082176,0.15525,0.621,4983.0,4.0,3857.0,1917.172983848862
2026-09-13 06:31:27.470,0.21364768506429616,0.155,0.62,4983.0,4.0,3857.0,1917.172983848862
2026-09-13 06:31:28.868,0.21364768506429616,0.155,0.62,4983.0,4.0,3857.0,1917.172983848862
2026-09-13 06:31:28.919,0.21364768506429616,0.155,0.62,4983.0,4.0,3857.0,1917.172983848862
2026-09-13 06:31:30.937,0.2137948783296722,0.15475,0.619,4983.0,4.0,3857.0,1917.172983848862
2026-09-13 06:31:30.970,0.2137948783296722,0.15475,0.619,4983.0,4.0,3857.0,1917.172983848862
2026-09-13 06:31:32.369,0.21429419030855534,0.155,0.62,4983.0,4.0,3857.0,1917.172983848862
2026-09-13 06:31:32.419,0.21445648354230903,0.15475,0.619,4983.0,4.0,3857.0,1917.172983848862
2026-09-13 06:31:34.437,0.21445648354230903,0.15475,0.619,4983.0,4.0,3857.0,1917.172983848862
2026-09-13 06:31:34.471,0.21426774527834558,0.155,0.62,4983.0,4.0,3857.0,1917.172983848862
2026-09-13 06:31:35.869,0.21426774527834558,0.155,0.62,4983.0,4.0,3857.0,1917.172983848862
2026-09-13 06:31:35.919,0.21426774527834558,0.155,0.62,4983.0,4.0,3857.0,1917.172983848862
2026-09-13 06:31:37.937,0.21426774527834558,0.155,0.62,4983.0,4.0,3857.0,1917.172983848862
2026-09-13 06:31:37.971,0.21426774527834558,0.155,0.62,4983.0,4.0,3857.0,1917.172983848862
2026-09-13 06:31:39.369,0.21426774527834558,0.155,0.62,4983.0,4.0,3857.0,1917.172983848862
2026-09-13 06:31:39.420,0.2141049197628723,0.15525,0.621,4983.0,4.0,3857.0,1917.172983848862
2026-09-13 06:31:41.437,0.2141049197628723,0.15525,0.621,4983.0,4.0,3857.0,1917.172983848862
2026-09-13 06:31:41.471,0.2141049197628723,0.15525,0.621,4983.0,4.0,3857.0,1917.172983848862
2026-09-13 06:31:42.869,0.21360555548330817,0.155,0.62,4983.0,4.0,3857.0,1917.172983848862
2026-09-13 06:31:42.920,0.21360555548330817,0.155,0.62,4983.0,4.0,3857.0,1917.172983848862
2026-09-13 06:31:44.937,0.21360555548330817,0.155,0.62,4983.0,4.0,3857.0,1917.172983848862
2026-09-13 06:31:44.971,0.21360555548330817,0.155,0.62,4983.0,4.0,3857.0,1917.172983848862
2026-09-13 06:31:46.369,0.21360555548330817,0.155,0.62,4983.0,4.0,3857.0,1917.172983848862
2026-09-13 06:31:46.420,0.21360555548330817,0.155,0.62,4983.0,4.0,3857.0,1917.172983848862
2026-09-13 06:31:48.437,0.21360555548330817,0.155,0.62,4983.0,4.0,3857.0,1917.172983848862
2026-09-13 06:31:48.471,0.21360555548330817,0.155,0.62,4983.0,4.0,3857.0,1917.172983848862
2026-09-13 06:31:49.869,0.21360555548330817,0.155,0.62,4983.0,4.0,3857.0,1917.172983848862
2026-09-13 06:31:49.920,0.21360555548330817,0.155,0.62,4983.0,4.0,3857.0,1917.172983848862
2026-09-13 06:31:51.937,0.21360555548330817,0.155,0.62,4983.0,4.0,3857.0,1917.172983848862
2026-09-13 06:31:51.971,0.21360555548330817,0.155,0.62,4983.0,4.0,3857.0,1917.172983848862
2026-09-13 06:31:53.369,0.21360555548330817,0.155,0.62,4983.0,4.0,3857.0,1917.172983848862
2026-09-13 06:31:53.420,0.21360555548330817,0.155,0.62,4983.0,4.0,3857.0,1917.172983848862
2026-09-13 06:31:55.437,0.21360555548330817,0.155,0.62,4983.0,4.0,3857.0,1917.172983848862
2026-09-13 06:31:55.471,0.21360555548330817,0.155,0.62,4983.0,4.0,3857.0,1917.172983848862
2026-09-13 06:31:56.869,0.21360555548330817,0.155,0.62,4983.0,4.0,3857.0,1917.172983848862
2026-09-13 06:31:56.920,0.21360555548330817,0.155,0.62,4983.0,4.0,3857.0,1917.172983848862
2026-09-13 06:31:58.937,0.21360555548330817,0.155,0.62,4983.0,4.0,3857.0,1917.172983848862
2026-09-13 06:31:58.971,0.21360555548330817,0.155,0.62,4983.0,4.0,3857.0,1917.172983848862
2026-09-13 06:32:00.369,0.21360555548330817,0.155,0.62,4983.0,4.0,3857.0,1917.172983848862
2026-09-13 06:32:00.420,0.21360555548330817,0.155,0.62,4983.0,4.0,3857.0,1917.172983848862
2026-09-13 06:32:02.437,0.21360555548330817,0.155,0.62,4983.0,4.0,3857.0,1917.172983848862
2026-09-13 06:32:02.471,0.21360555548330817,0.155,0.62,4983.0,4.0,3857.0,1917.172983848862
2026-09-13 06:32:03.869,0.21360555548330817,0.155,0.62,4983.0,4.0,3857.0,1917.172983848862
2026-09-13 06:32:03.920,0.21360555548330817,0.155,0.62,4983.0,4.0,3857.0,1917.172983848862
2026-09-13 06:32:05.937,0.21360555548330817,0.155,0.62,4983.0,4.0,3857.0,1917.172983848862
2026-09-13 06:32:05.971,0.21360555548330817,0.155,0.62,4983.0,4.0,3857.0,1917.172983848862
2026-09-13 06:32:07.369,0.21360555548330817,0.155,0.62,4983.0,4.0,3857.0,1917.172983848862
2026-09-13 06:32:07.420,0.21360555548330817,0.155,0.62,4983.0,4.0,3857.0,1917.172983848862
2026-09-13 06:32:09.437,0.21360555548330817,0.155,0.62,4983.0,4.0,3857.0,1917.172983848862
2026-09-13 06:32:09.471,0.21360555548330817,0.155,0.62,4983.0,4.0,3857.0,1917.172983848862
2026-09-13 06:32:10.869,0.21360555548330817,0.155,0.62,4983.0,4.0,3857.0,1917.172983848862
2026-09-13 06:32:10.920,0.21360555548330817,0.155,0.62,4983.0,4.0,3857.0,1917.172983848862
2026-09-13 06:32:12.938,0.2134578412708217,0.15525,0.621,4983.0,4.0,3857.0,1917.172983848862
2026-09-13 06:32:12.972,0.2134578412708217,0.15525,0.621,4983.0,4.0,3857.0,1917.172983848862
2026-09-13 06:32:14.369,0.2134578412708217,0.15525,0.621,4983.0,4.0,3857.0,1917.172983848862
2026-09-13 06:32:14.420,0.2134578412708217,0.15525,0.621,4983.0,4.0,3857.0,1917.172983848862
2026-09-13 06:32:16.438,0.21360555548330817,0.155,0.62,4983.0,4.0,3857.0,1917.172983848862
2026-09-13 06:32:16.472,0.21360555548330817,0.155,0.62,4983.0,4.0,3857.0,1917.172983848862
2026-09-13 06:32:17.870,0.2141049197628723,0.15525,0.621,4983.0,4.0,3857.0,1917.172983848862
2026-09-13 06:32:17.921,0.2141049197628723,0.15525,0.621,4983.0,4.0,3857.0,1917.172983848862
2026-09-13 06:32:19.938,0.2141049197628723,0.15525,0.621,4983.0,4.0,3857.0,1917.172983848862
2026-09-13 06:32:19.972,0.2141049197628723,0.15525,0.621,4983.0,4.0,3857.0,1917.172983848862
2026-09-13 06:32:21.370,0.01241974234834469,0.04525,0.181,4983.0,4.0,3857.0,1917.172983848862
2026-09-13 06:32:21.419,0.012148388096064413,0.04475,0.179,4983.0,4.0,3857.0,1917.172983848862
2026-09-13 06:32:23.438,0.012148388096064413,0.04475,0.179,4983.0,4.0,3857.0,1917.172983848862
2026-09-13 06:32:23.472,0.012148388096064413,0.04475,0.179,4983.0,4.0,3857.0,1917.172983848862
2026-09-13 06:32:24.870,0.2144316130300427,0.15475,0.619,4983.0,4.0,3857.0,1917.172983848862
2026-09-13 06:32:24.921,0.2141049197628723,0.15525,0.621,4983.0,4.0,3857.0,1917.172983848862
2026-09-13 06:32:26.938,0.2141049197628723,0.15525,0.621,4983.0,4.0,3857.0,1917.172983848862
2026-09-13 06:32:26.972,0.2141049197628723,0.15525,0.621,4983.0,4.0,3857.0,1917.172983848862
2026-09-13 06:32:28.370,0.2141049197628723,0.15525,0.621,4983.0,4.0,3857.0,1917.172983848862
2026-09-13 06:32:28.421,0.2141049197628723,0.15525,0.621,4983.0,4.0,3857.0,1917.172983848862
2026-09-13 06:32:30.438,0.2141049197628723,0.15525,0.621,4983.0,4.0,3857.0,1917.172983848862
2026-09-13 06:32:30.472,0.2141049197628723,0.15525,0.621,4983.0,4.0,3857.0,1917.172983848862
2026-09-13 06:32:31.870,0.21360555548330815,0.155,0.62,4983.0,4.0,3857.0,1917.172983848862
2026-09-13 06:32:31.921,0.21360555548330815,0.155,0.62,4983.0,4.0,3857.0,1917.172983848862
2026-09-13 06:32:33.938,0.21360555548330815,0.155,0.62,4983.0,4.0,3857.0,1917.172983848862
2026-09-13 06:32:33.972,0.21360555548330815,0.155,0.62,4983.0,4.0,3857.0,1917.172983848862
2026-09-13 06:32:35.370,0.21360555548330815,0.155,0.62,4983.0,4.0,3857.0,1917.172983848862
2026-09-13 06:32:35.421,0.21360555548330815,0.155,0.62,4983.0,4.0,3857.0,1917.172983848862
2026-09-13 06:32:37.438,0.21360555548330815,0.155,0.62,4983.0,4.0,3857.0,1917.172983848862
2026-09-13 06:32:37.472,0.21360555548330815,0.155,0.62,4983.0,4.0,3857.0,1917.172983848862
2026-09-13 06:32:38.870,0.21360555548330815,0.155,0.62,4983.0,4.0,3857.0,1917.172983848862
2026-09-13 06:32:38.921,0.21360555548330815,0.155,0.62,4983.0,4.0,3857.0,1917.172983848862
2026-09-13 06:32:40.938,0.21360555548330815,0.155,0.62,4983.0,4.0,3857.0,1917.172983848862
2026-09-13 06:32:40.972,0.21360555548330815,0.155,0.62,4983.0,4.0,3857.0,1917.172983848862
2026-09-13 06:32:42.370,0.21360555548330815,0.155,0.62,4983.0,4.0,3857.0,1917.172983848862
2026-09-13 06:32:42.421,0.21360555548330815,0.155,0.62,4983.0,4.0,3857.0,1917.172983848862
2026-09-13 06:32:44.438,0.21360555548330815,0.155,0.62,4983.0,4.0,3857.0,1917.172983848862
2026-09-13 06:32:44.472,0.21360555548330815,0.155,0.62,4983.0,4.0,3857.0,1917.172983848862
2026-09-13 06:32:45.870,0.21360555548330815,0.155,0.62,4983.0,4.0,3857.0,1917.172983848862
2026-09-13 06:32:45.921,0.21360555548330815,0.155,0.62,4983.0,4.0,3857.0,1917.172983848862
2026-09-13 06:32:47.938,0.21360555548330815,0.155,0.62,4983.0,4.0,3857.0,1917.172983848862
2026-09-13 06:32:47.972,0.21360555548330815,0.155,0.62,4983.0,4.0,3857.0,1917.172983848862
2026-09-13 06:32:49.370,0.21360555548330815,0.155,0.62,4983.0,4.0,3857.0,1917.172983848862
2026-09-13 06:32:49.421,0.21360555548330815,0.155,0.62,4983.0,4.0,3857.0,1917.172983848862
2026-09-13 06:32:51.438,0.21360555548330815,0.155,0.62,4983.0,4.0,3857.0,1917.172983848862
2026-09-13 06:32:51.472,0.21360555548330815,0.155,0.62,4983.0,4.0,3857.0,1917.172983848862
2026-09-13 06:32:52.870,0.21360555548330815,0.155,0.62,4983.0,4.0,3857.0,1917.172983848862
2026-09-13 06:32:52.921,0.21360555548330815,0.155,0.62,4983.0,4.0,3857.0,1917.172983848862
2026-09-13 06:32:54.938,0.21360555548330815,0.155,0.62,4983.0,4.0,3857.0,1917.172983848862
2026-09-13 06:32:54.972,0.21360555548330815,0.155,0.62,4983.0,4.0,3857.0,1917.172983848862
2026-09-13 06:32:56.370,0.21360555548330815,0.155,0.62,4983.0,4.0,3857.0,1917.172983848862
2026-09-13 06:32:56.421,0.21360555548330815,0.155,0.62,4983.0,4.0,3857.0,1917.172983848862
2026-09-13 06:32:58.438,0.21360555548330815,0.155,0.62,4983.0,4.0,3857.0,1917.172983848862
2026-09-13 06:32:58.472,0.21360555548330815,0.155,0.62,4983.0,4.0,3857.0,1917.172983848862
2026-09-13 06:32:59.870,0.21360555548330815,0.155,0.62,4983.0,4.0,3857.0,1917.172983848862
2026-09-13 06:32:59.921,0.21360555548330815,0.155,0.62,4983.0,4.0,3857.0,1917.172983848862
2026-09-13 06:33:02.236,0.21345784127082168,0.15525,0.621,4983.0,4.0,3857.0,1917.172983848862
2026-09-13 06:33:02.270,0.21345784127082168,0.15525,0.621,4983.0,4.0,3857.0,1917.172983848862
2026-09-13 06:33:03.667,0.21345784127082168,0.15525,0.621,4983.0,4.0,3857.0,1917.172983848862
2026-09-13 06:33:03.718,0.21345784127082168,0.15525,0.621,4983.0,4.0,3857.0,1917.172983848862
2026-09-13 06:33:05.736,0.21360555548330815,0.155,0.62,4983.0,4.0,3857.0,1917.172983848862
2026-09-13 06:33:05.770,0.21360555548330815,0.155,0.62,4983.0,4.0,3857.0,1917.172983848862
2026-09-13 06:33:07.168,0.2141049197628723,0.15525,0.621,4983.0,4.0,3857.0,1917.172983848862
2026-09-13 06:33:07.218,0.21426774527834558,0.155,0.62,4983.0,4.0,3857.0,1917.172983848862
2026-09-13 06:33:09.236,0.21426774527834558,0.155,0.62,4983.0,4.0,3857.0,1917.172983848862
2026-09-13 06:33:09.270,0.21426774527834558,0.155,0.62,4983.0,4.0,3857.0,1917.172983848862
2026-09-13 06:33:10.668,0.21426774527834555,0.155,0.62,4983.0,4.0,3857.0,1917.172983848862
2026-09-13 06:33:10.719,0.21410491976287227,0.15525,0.621,4983.0,4.0,3857.0,1917.172983848862
2026-09-13 06:33:12.736,0.21410491976287227,0.15525,0.621,4983.0,4.0,3857.0,1917.172983848862
2026-09-13 06:33:12.770,0.21410491976287227,0.15525,0.621,4983.0,4.0,3857.0,1917.172983848862
2026-09-13 06:33:14.168,0.21410491976287227,0.15525,0.621,4983.0,4.0,3857.0,1917.172983848862
2026-09-13 06:33:14.219,0.21410491976287227,0.15525,0.621,4983.0,4.0,3857.0,1917.172983848862
2026-09-13 06:33:16.236,0.21410491976287227,0.15525,0.621,4983.0,4.0,3857.0,1917.172983848862
2026-09-13 06:33:16.270,0.21410491976287227,0.15525,0.621,4983.0,4.0,3857.0,1917.172983848862
2026-09-13 06:33:17.668,0.21410491976287227,0.15525,0.621,4983.0,4.0,3857.0,1917.172983848862
2026-09-13 06:33:17.719,0.21410491976287227,0.15525,0.621,4983.0,4.0,3857.0,1917.172983848862
2026-09-13 06:33:19.736,0.21410491976287227,0.15525,0.621,4983.0,4.0,3857.0,1917.172983848862
2026-09-13 06:33:19.770,0.21410491976287227,0.15525,0.621,4983.0,4.0,3857.0,1917.172983848862
2026-09-13 06:33:21.168,0.21360555548330815,0.155,0.62,4983.0,4.0,3857.0,1917.172983848862
2026-09-13 06:33:21.219,0.21360555548330815,0.155,0.62,4983.0,4.0,3857.0,1917.172983848862
2026-09-13 06:33:23.236,0.21360555548330815,0.155,0.62,4983.0,4.0,3857.0,1917.172983848862
2026-09-13 06:33:23.270,0.21360555548330815,0.155,0.62,4983.0,4.0,3857.0,1917.172983848862
2026-09-13 06:33:24.668,0.21360555548330815,0.155,0.62,4983.0,4.0,3857.0,1917.172983848862
2026-09-13 06:33:24.719,0.21360555548330815,0.155,0.62,4983.0,4.0,3857.0,1917.172983848862
2026-09-13 06:33:26.736,0.21360555548330815,0.155,0.62,4983.0,4.0,3857.0,1917.172983848862
2026-09-13 06:33:26.770,0.21360555548330815,0.155,0.62,4983.0,4.0,3857.0,1917.172983848862
2026-09-13 06:33:28.168,0.21360555548330815,0.155,0.62,4983.0,4.0,3857.0,1917.172983848862
2026-09-13 06:33:28.219,0.21360555548330815,0.155,0.62,4983.0,4.0,3857.0,1917.172983848862
2026-09-13 06:33:30.236,0.21360555548330815,0.155,0.62,4983.0,4.0,3857.0,1917.172983848862
2026-09-13 06:33:30.270,0.21360555548330815,0.155,0.62,4983.0,4.0,3857.0,1917.172983848862
2026-09-13 06:33:31.668,0.21360555548330815,0.155,0.62,4983.0,4.0,3857.0,1917.172983848862
2026-09-13 06:33:31.719,0.21360555548330815,0.155,0.62,4983.0,4.0,3857.0,1917.172983848862
2026-09-13 06:33:33.736,0.21360555548330815,0.155,0.62,4983.0,4.0,3857.0,1917.172983848862
2026-09-13 06:33:33.770,0.21360555548330815,0.155,0.62,4983.0,4.0,3857.0,1917.172983848862
2026-09-13 06:33:35.168,0.21360555548330815,0.155,0.62,4983.0,4.0,3857.0,1917.172983848862
2026-09-13 06:33:35.219,0.21360555548330815,0.155,0.62,4983.0,4.0,3857.0,1917.172983848862
2026-09-13 06:33:37.236,0.21360555548330815,0.155,0.62,4983.0,4.0,3857.0,1917.172983848862
2026-09-13 06:33:37.270,0.21360555548330815,0.155,0.62,4983.0,4.0,3857.0,1917.172983848862
2026-09-13 06:33:38.668,0.21360555548330815,0.155,0.62,4983.0,4.0,3857.0,1917.172983848862
2026-09-13 06:33:38.719,0.21360555548330815,0.155,0.62,4983.0,4.0,3857.0,1917.172983848862
2026-09-13 06:33:40.736,0.21360555548330815,0.155,0.62,4983.0,4.0,3857.0,1917.172983848862
2026-09-13 06:33:40.770,0.21360555548330815,0.155,0.62,4983.0,4.0,3857.0,1917.172983848862
2026-09-13 06:33:42.168,0.21360555548330815,0.155,0.62,4983.0,4.0,3857.0,1917.172983848862
2026-09-13 06:33:42.219,0.21360555548330815,0.155,0.62,4983.0,4.0,3857.0,1917.172983848862
2026-09-13 06:33:44.236,0.21360555548330815,0.155,0.62,4983.0,4.0,3857.0,1917.172983848862
2026-09-13 06:33:44.270,0.21360555548330815,0.155,0.62,4983.0,4.0,3857.0,1917.172983848862
2026-09-13 06:33:45.668,0.21360555548330815,0.155,0.62,4983.0,4.0,3857.0,1917.172983848862
2026-09-13 06:33:45.719,0.21360555548330815,0.155,0.62,4983.0,4.0,3857.0,1917.172983848862
2026-09-13 06:33:47.736,0.21360555548330815,0.155,0.62,4983.0,4.0,3857.0,1917.172983848862
2026-09-13 06:33:47.770,0.21360555548330815,0.155,0.62,4983.0,4.0,3857.0,1917.172983848862
2026-09-13 06:33:49.168,0.21360555548330815,0.155,0.62,4983.0,4.0,3857.0,1917.172983848862
2026-09-13 06:33:49.219,0.21360555548330815,0.155,0.62,4983.0,4.0,3857.0,1917.172983848862
2026-09-13 06:33:51.236,0.21360555548330815,0.155,0.62,4983.0,4.0,3857.0,1917.172983848862
2026-09-13 06:33:51.270,0.21360555548330815,0.155,0.62,4983.0,4.0,3857.0,1917.172983848862
2026-09-13 06:33:52.668,0.21360555548330815,0.155,0.62,4983.0,4.0,3857.0,1917.172983848862
2026-09-13 06:33:52.719,0.21360555548330815,0.155,0.62,4983.0,4.0,3857.0,1917.172983848862
2026-09-13 06:33:54.737,0.21345784127082168,0.15525,0.621,4983.0,4.0,3857.0,1917.172983848862
2026-09-13 06:33:54.770,0.21364768506429604,0.155,0.62,4983.0,4.0,3857.0,1917.172983848862
2026-09-13 06:33:56.168,0.21364768506429604,0.155,0.62,4983.0,4.0,3857.0,1917.172983848862
2026-09-13 06:33:56.219,0.21364768506429604,0.155,0.62,4983.0,4.0,3857.0,1917.172983848862
2026-09-13 06:33:58.237,0.2137948783296721,0.15475,0.619,4983.0,4.0,3857.0,1917.172983848862
2026-09-13 06:33:58.271,0.21360555548330812,0.155,0.62,4983.0,4.0,3857.0,1917.172983848862
2026-09-13 06:33:59.669,0.21410491976287224,0.15525,0.621,4983.0,4.0,3857.0,1917.172983848862
2026-09-13 06:33:59.720,0.21410491976287224,0.15525,0.621,4983.0,4.0,3857.0,1917.172983848862
2026-09-13 06:34:01.737,0.21410491976287224,0.15525,0.621,4983.0,4.0,3857.0,1917.172983848862
2026-09-13 06:34:01.771,0.21410491976287224,0.15525,0.621,4983.0,4.0,3857.0,1917.172983848862
2026-09-13 06:34:03.169,0.21410491976287224,0.15525,0.621,4983.0,4.0,3857.0,1917.172983848862
2026-09-13 06:34:03.220,0.21410491976287224,0.15525,0.621,4983.0,4.0,3857.0,1917.172983848862
2026-09-13 06:34:05.237,0.21410491976287224,0.15525,0.621,4983.0,4.0,3857.0,1917.172983848862
2026-09-13 06:34:05.271,0.21410491976287224,0.15525,0.621,4983.0,4.0,3857.0,1917.172983848862
2026-09-13 06:34:06.669,0.21410491976287224,0.15525,0.621,4983.0,4.0,3857.0,1917.172983848862
2026-09-13 06:34:06.720,0.21410491976287224,0.15525,0.621,4983.0,4.0,3857.0,1917.172983848862
2026-09-13 06:34:08.737,0.21410491976287224,0.15525,0.621,4983.0,4.0,3857.0,1917.172983848862
2026-09-13 06:34:08.771,0.21410491976287224,0.15525,0.621,4983.0,4.0,3857.0,1917.172983848862
2026-09-13 06:34:10.169,0.21410491976287224,0.15525,0.621,4983.0,4.0,3857.0,1917.172983848862
2026-09-13 06:34:10.220,0.21410491976287224,0.15525,0.621,4983.0,4.0,3857.0,1917.172983848862
2026-09-13 06:34:12.237,0.21410491976287224,0.15525,0.621,4983.0,4.0,3857.0,1917.172983848862
2026-09-13 06:34:12.271,0.21410491976287224,0.15525,0.621,4983.0,4.0,3857.0,1917.172983848862
2026-09-13 06:34:13.669,0.21360555548330812,0.155,0.62,4983.0,4.0,3857.0,1917.172983848862
2026-09-13 06:34:13.720,0.21360555548330812,0.155,0.62,4983.0,4.0,3857.0,1917.172983848862
2026-09-13 06:34:15.737,0.21360555548330812,0.155,0.62,4983.0,4.0,3857.0,1917.172983848862
2026-09-13 06:34:15.771,0.21360555548330812,0.155,0.62,4983.0,4.0,3857.0,1917.172983848862
2026-09-13 06:34:17.169,0.21360555548330812,0.155,0.62,4983.0,4.0,3857.0,1917.172983848862
2026-09-13 06:34:17.220,0.21360555548330812,0.155,0.62,4983.0,4.0,3857.0,1917.172983848862
2026-09-13 06:34:19.237,0.21360555548330812,0.155,0.62,4983.0,4.0,3857.0,1917.172983848862
2026-09-13 06:34:19.271,0.21360555548330812,0.155,0.62,4983.0,4.0,3857.0,1917.172983848862
2026-09-13 06:34:20.669,0.21360555548330812,0.155,0.62,4983.0,4.0,3857.0,1917.172983848862
2026-09-13 06:34:20.720,0.21360555548330812,0.155,0.62,4983.0,4.0,3857.0,1917.172983848862
2026-09-13 06:34:22.737,0.21360555548330812,0.155,0.62,4983.0,4.0,3857.0,1917.172983848862
2026-09-13 06:34:22.771,0.21360555548330812,0.155,0.62,4983.0,4.0,3857.0,1917.172983848862
2026-09-13 06:34:24.169,0.21360555548330812,0.155,0.62,4983.0,4.0,3857.0,1917.172983848862
2026-09-13 06:34:24.220,0.21360555548330812,0.155,0.62,4983.0,4.0,3857.0,1917.172983848862
2026-09-13 06:34:26.237,0.21360555548330812,0.155,0.62,4983.0,4.0,3857.0,1917.172983848862
2026-09-13 06:34:26.271,0.21360555548330812,0.155,0.62,4983.0,4.0,3857.0,1917.172983848862
2026-09-13 06:34:27.669,0.21360555548330812,0.155,0.62,4983.0,4.0,3857.0,1917.172983848862
2026-09-13 06:34:27.720,0.21360555548330812,0.155,0.62,4983.0,4.0,3857.0,1917.172983848862
2026-09-13 06:34:29.737,0.21360555548330812,0.155,0.62,4983.0,4.0,3857.0,1917.172983848862
2026-09-13 06:34:29.771,0.21360555548330812,0.155,0.62,4983.0,4.0,3857.0,1917.172983848862
2026-09-13 06:34:31.169,0.21360555548330812,0.155,0.62,4983.0,4.0,3857.0,1917.172983848862
2026-09-13 06:34:31.220,0.21360555548330812,0.155,0.62,4983.0,4.0,3857.0,1917.172983848862
2026-09-13 06:34:33.237,0.21360555548330812,0.155,0.62,4983.0,4.0,3857.0,1917.172983848862
2026-09-13 06:34:33.271,0.21360555548330812,0.155,0.62,4983.0,4.0,3857.0,1917.172983848862
2026-09-13 06:34:34.669,0.21360555548330812,0.155,0.62,4983.0,4.0,3857.0,1917.172983848862
2026-09-13 06:34:34.720,0.21360555548330812,0.155,0.62,4983.0,4.0,3857.0,1917.172983848862
2026-09-13 06:34:36.737,0.21360555548330812,0.155,0.62,4983.0,4.0,3857.0,1917.172983848862
2026-09-13 06:34:36.771,0.21360555548330812,0.155,0.62,4983.0,4.0,3857.0,1917.172983848862
2026-09-13 06:34:38.169,0.21360555548330812,0.155,0.62,4983.0,4.0,3857.0,1917.172983848862
2026-09-13 06:34:38.220,0.21360555548330812,0.155,0.62,4983.0,4.0,3857.0,1917.172983848862
2026-09-13 06:34:40.237,0.21360555548330812,0.155,0.62,4983.0,4.0,3857.0,1917.172983848862
2026-09-13 06:34:40.271,0.21360555548330812,0.155,0.62,4983.0,4.0,3857.0,1917.172983848862
2026-09-13 06:34:41.669,0.21360555548330812,0.155,0.62,4983.0,4.0,3857.0,1917.172983848862
2026-09-13 06:34:41.720,0.21360555548330812,0.155,0.62,4983.0,4.0,3857.0,1917.172983848862
2026-09-13 06:34:43.737,0.21360555548330812,0.155,0.62,4983.0,4.0,3857.0,1917.172983848862
2026-09-13 06:34:43.771,0.21360555548330812,0.155,0.62,4983.0,4.0,3857.0,1917.172983848862
2026-09-13 06:34:45.169,0.21360555548330812,0.155,0.62,4983.0,4.0,3857.0,1917.172983848862
2026-09-13 06:34:45.220,0.21360555548330812,0.155,0.62,4983.0,4.0,3857.0,1917.172983848862
2026-09-13 06:34:47.238,0.21345784127082165,0.15525,0.621,4983.0,4.0,3857.0,1917.172983848862
2026-09-13 06:34:47.271,0.21364768506429604,0.155,0.62,4983.0,4.0,3857.0,1917.172983848862
2026-09-13 06:34:48.669,0.21364768506429604,0.155,0.62,4983.0,4.0,3857.0,1917.172983848862
2026-09-13 06:34:48.720,0.21364768506429604,0.155,0.62,4983.0,4.0,3857.0,1917.172983848862
2026-09-13 06:34:50.738,0.21379487832967206,0.15475,0.619,4983.0,4.0,3857.0,1917.172983848862
2026-09-13 06:34:50.771,0.21379487832967206,0.15475,0.619,4983.0,4.0,3857.0,1917.172983848862
2026-09-13 06:34:52.170,0.2142941903085552,0.155,0.62,4983.0,4.0,3857.0,1917.172983848862
2026-09-13 06:34:52.220,0.21445648354230892,0.15475,0.619,4983.0,4.0,3857.0,1917.172983848862
2026-09-13 06:34:54.238,0.21445648354230892,0.15475,0.619,4983.0,4.0,3857.0,1917.172983848862
2026-09-13 06:34:54.271,0.21445648354230892,0.15475,0.619,4983.0,4.0,3857.0,1917.172983848862
2026-09-13 06:34:55.670,0.1341305334366462,0.1145,0.458,4983.0,4.0,3857.0,1917.172983848862
2026-09-13 06:34:55.719,0.1342916602027068,0.11425,0.457,4983.0,4.0,3857.0,1917.172983848862
2026-09-13 06:34:57.738,0.1342916602027068,0.11425,0.457,4983.0,4.0,3857.0,1917.172983848862
2026-09-13 06:34:57.772,0.13409076527983796,0.1145,0.458,4983.0,4.0,3857.0,1917.172983848862
2026-09-13 06:34:59.170,0.21443161303004263,0.15475,0.619,4983.0,4.0,3857.0,1917.172983848862
2026-09-13 06:34:59.221,0.21410491976287221,0.15525,0.621,4983.0,4.0,3857.0,1917.172983848862
2026-09-13 06:35:01.238,0.21410491976287221,0.15525,0.621,4983.0,4.0,3857.0,1917.172983848862
2026-09-13 06:35:01.272,0.21410491976287221,0.15525,0.621,4983.0,4.0,3857.0,1917.172983848862
2026-09-13 06:35:02.670,0.21360555548330806,0.155,0.62,4983.0,4.0,3857.0,1917.172983848862
2026-09-13 06:35:02.721,0.21360555548330806,0.155,0.62,4983.0,4.0,3857.0,1917.172983848862
2026-09-13 06:35:04.738,0.21360555548330806,0.155,0.62,4983.0,4.0,3857.0,1917.172983848862
2026-09-13 06:35:04.772,0.21360555548330806,0.155,0.62,4983.0,4.0,3857.0,1917.172983848862
2026-09-13 06:35:06.170,0.21360555548330806,0.155,0.62,4983.0,4.0,3857.0,1917.172983848862
2026-09-13 06:35:06.221,0.21360555548330806,0.155,0.62,4983.0,4.0,3857.0,1917.172983848862
2026-09-13 06:35:08.238,0.21360555548330806,0.155,0.62,4983.0,4.0,3857.0,1917.172983848862
2026-09-13 06:35:08.272,0.21360555548330806,0.155,0.62,4983.0,4.0,3857.0,1917.172983848862
2026-09-13 06:35:09.670,0.21360555548330806,0.155,0.62,4983.0,4.0,3857.0,1917.172983848862
2026-09-13 06:35:09.721,0.21360555548330806,0.155,0.62,4983.0,4.0,3857.0,1917.172983848862
2026-09-13 06:35:11.738,0.21360555548330806,0.155,0.62,4983.0,4.0,3857.0,1917.172983848862
2026-09-13 06:35:11.772,0.21360555548330806,0.155,0.62,4983.0,4.0,3857.0,1917.172983848862
2026-09-13 06:35:13.170,0.21360555548330806,0.155,0.62,4983.0,4.0,3857.0,1917.172983848862
2026-09-13 06:35:13.221,0.21360555548330806,0.155,0.62,4983.0,4.0,3857.0,1917.172983848862
2026-09-13 06:35:15.238,0.21360555548330806,0.155,0.62,4983.0,4.0,3857.0,1917.172983848862
2026-09-13 06:35:15.272,0.21360555548330806,0.155,0.62,4983.0,4.0,3857.0,1917.172983848862
2026-09-13 06:35:16.670,0.21360555548330806,0.155,0.62,4983.0,4.0,3857.0,1917.172983848862
2026-09-13 06:35:16.721,0.21360555548330806,0.155,0.62,4983.0,4.0,3857.0,1917.172983848862
2026-09-13 06:35:18.738,0.21360555548330806,0.155,0.62,4983.0,4.0,3857.0,1917.172983848862
2026-09-13 06:35:18.772,0.21360555548330806,0.155,0.62,4983.0,4.0,3857.0,1917.172983848862
2026-09-13 06:35:20.170,0.21360555548330806,0.155,0.62,4983.0,4.0,3857.0,1917.172983848862
2026-09-13 06:35:20.221,0.21360555548330806,0.155,0.62,4983.0,4.0,3857.0,1917.172983848862
2026-09-13 06:35:22.238,0.21360555548330806,0.155,0.62,4983.0,4.0,3857.0,1917.172983848862
2026-09-13 06:35:22.272,0.21360555548330806,0.155,0.62,4983.0,4.0,3857.0,1917.172983848862
2026-09-13 06:35:23.670,0.21360555548330806,0.155,0.62,4983.0,4.0,3857.0,1917.172983848862
2026-09-13 06:35:23.721,0.21360555548330806,0.155,0.62,4983.0,4.0,3857.0,1917.172983848862
2026-09-13 06:35:25.738,0.21360555548330806,0.155,0.62,4983.0,4.0,3857.0,1917.172983848862
2026-09-13 06:35:25.772,0.21360555548330806,0.155,0.62,4983.0,4.0,3857.0,1917.172983848862
2026-09-13 06:35:27.170,0.21360555548330806,0.155,0.62,4983.0,4.0,3857.0,1917.172983848862
2026-09-13 06:35:27.221,0.21360555548330806,0.155,0.62,4983.0,4.0,3857.0,1917.172983848862
2026-09-13 06:35:29.238,0.21360555548330806,0.155,0.62,4983.0,4.0,3857.0,1917.172983848862
2026-09-13 06:35:29.272,0.21360555548330806,0.155,0.62,4983.0,4.0,3857.0,1917.172983848862
2026-09-13 06:35:30.670,0.21360555548330806,0.155,0.62,4983.0,4.0,3857.0,1917.172983848862
2026-09-13 06:35:30.721,0.21360555548330806,0.155,0.62,4983.0,4.0,3857.0,1917.172983848862
2026-09-13 06:35:32.738,0.21360555548330806,0.155,0.62,4983.0,4.0,3857.0,1917.172983848862
2026-09-13 06:35:32.772,0.21360555548330806,0.155,0.62,4983.0,4.0,3857.0,1917.172983848862
2026-09-13 06:35:34.170,0.21360555548330806,0.155,0.62,4983.0,4.0,3857.0,1917.172983848862
2026-09-13 06:35:34.221,0.21360555548330806,0.155,0.62,4983.0,4.0,3857.0,1917.172983848862
2026-09-13 06:35:36.238,0.21360555548330806,0.155,0.62,4983.0,4.0,3857.0,1917.172983848862
2026-09-13 06:35:36.272,0.21360555548330806,0.155,0.62,4983.0,4.0,3857.0,1917.172983848862
2026-09-13 06:35:37.670,0.21360555548330806,0.155,0.62,4983.0,4.0,3857.0,1917.172983848862
2026-09-13 06:35:37.721,0.21360555548330806,0.155,0.62,4983.0,4.0,3857.0,1917.172983848862
2026-09-13 06:35:39.738,0.21360555548330806,0.155,0.62,4983.0,4.0,3857.0,1917.172983848862
2026-09-13 06:35:39.772,0.21360555548330806,0.155,0.62,4983.0,4.0,3857.0,1917.172983848862
2026-09-13 06:35:41.170,0.21360555548330806,0.155,0.62,4983.0,4.0,3857.0,1917.172983848862
2026-09-13 06:35:41.221,0.21360555548330806,0.155,0.62,4983.0,4.0,3857.0,1917.172983848862
2026-09-13 06:35:43.239,0.21360555548330806,0.155,0.62,4983.0,4.0,3857.0,1917.172983848862
2026-09-13 06:35:43.272,0.21379487832967206,0.15475,0.619,4983.0,4.0,3857.0,1917.172983848862
2026-09-13 06:35:44.671,0.21429419030855518,0.155,0.62,4983.0,4.0,3857.0,1917.172983848862
2026-09-13 06:35:44.721,0.2144564835423089,0.15475,0.619,4983.0,4.0,3857.0,1917.172983848862
2026-09-13 06:35:46.739,0.2144564835423089,0.15475,0.619,4983.0,4.0,3857.0,1917.172983848862
2026-09-13 06:35:46.772,0.2144564835423089,0.15475,0.619,4983.0,4.0,3857.0,1917.172983848862
2026-09-13 06:35:48.171,0.21445648354230887,0.15475,0.619,4983.0,4.0,3857.0,1917.172983848862
2026-09-13 06:35:48.221,0.21445648354230887,0.15475,0.619,4983.0,4.0,3857.0,1917.172983848862
2026-09-13 06:35:50.239,0.21445648354230887,0.15475,0.619,4983.0,4.0,3857.0,1917.172983848862
2026-09-13 06:35:50.273,0.21426774527834544,0.155,0.62,4983.0,4.0,3857.0,1917.172983848862
2026-09-13 06:35:51.671,0.2142677452783454,0.155,0.62,4983.0,4.0,3857.0,1917.172983848862
2026-09-13 06:35:51.721,0.2142677452783454,0.155,0.62,4983.0,4.0,3857.0,1917.172983848862
2026-09-13 06:35:53.739,0.2142677452783454,0.155,0.62,4983.0,4.0,3857.0,1917.172983848862
2026-09-13 06:35:53.773,0.2142677452783454,0.155,0.62,4983.0,4.0,3857.0,1917.172983848862
2026-09-13 06:35:55.171,0.2142677452783454,0.155,0.62,4983.0,4.0,3857.0,1917.172983848862
2026-09-13 06:35:55.221,0.2142677452783454,0.155,0.62,4983.0,4.0,3857.0,1917.172983848862
2026-09-13 06:35:57.239,0.2142677452783454,0.155,0.62,4983.0,4.0,3857.0,1917.172983848862
2026-09-13 06:35:57.273,0.2142677452783454,0.155,0.62,4983.0,4.0,3857.0,1917.172983848862
2026-09-13 06:35:58.671,0.213768371530182,0.15475,0.619,4983.0,4.0,3857.0,1917.172983848862
2026-09-13 06:35:58.722,0.21360555548330803,0.155,0.62,4983.0,4.0,3857.0,1917.172983848862
2026-09-13 06:36:00.739,0.21360555548330803,0.155,0.62,4983.0,4.0,3857.0,1917.172983848862
2026-09-13 06:36:00.773,0.21360555548330803,0.155,0.62,4983.0,4.0,3857.0,1917.172983848862
2026-09-13 06:36:02.171,0.21360555548330803,0.155,0.62,4983.0,4.0,3857.0,1917.172983848862
2026-09-13 06:36:02.222,0.21360555548330803,0.155,0.62,4983.0,4.0,3857.0,1917.172983848862
2026-09-13 06:36:04.239,0.21360555548330803,0.155,0.62,4983.0,4.0,3857.0,1917.172983848862
2026-09-13 06:36:04.273,0.21360555548330803,0.155,0.62,4983.0,4.0,3857.0,1917.172983848862
2026-09-13 06:36:05.671,0.21360555548330803,0.155,0.62,4983.0,4.0,3857.0,1917.172983848862
2026-09-13 06:36:05.722,0.21360555548330803,0.155,0.62,4983.0,4.0,3857.0,1917.172983848862
2026-09-13 06:36:07.739,0.21360555548330803,0.155,0.62,4983.0,4.0,3857.0,1917.172983848862
2026-09-13 06:36:07.773,0.21360555548330803,0.155,0.62,4983.0,4.0,3857.0,1917.172983848862
2026-09-13 06:36:09.171,0.21360555548330803,0.155,0.62,4983.0,4.0,3857.0,1917.172983848862
2026-09-13 06:36:09.222,0.21360555548330803,0.155,0.62,4983.0,4.0,3857.0,1917.172983848862
2026-09-13 06:36:11.239,0.21360555548330803,0.155,0.62,4983.0,4.0,3857.0,1917.172983848862
2026-09-13 06:36:11.273,0.21360555548330803,0.155,0.62,4983.0,4.0,3857.0,1917.172983848862
2026-09-13 06:36:12.671,0.21360555548330803,0.155,0.62,4983.0,4.0,3857.0,1917.172983848862
2026-09-13 06:36:12.722,0.21360555548330803,0.155,0.62,4983.0,4.0,3857.0,1917.172983848862
2026-09-13 06:36:14.739,0.21360555548330803,0.155,0.62,4983.0,4.0,3857.0,1917.172983848862
2026-09-13 06:36:14.773,0.21360555548330803,0.155,0.62,4983.0,4.0,3857.0,1917.172983848862
2026-09-13 06:36:16.171,0.21360555548330803,0.155,0.62,4983.0,4.0,3857.0,1917.172983848862
2026-09-13 06:36:16.222,0.21360555548330803,0.155,0.62,4983.0,4.0,3857.0,1917.172983848862
2026-09-13 06:36:18.264,0.21360555548330803,0.155,0.62,4983.0,4.0,3857.0,1917.172983848862
2026-09-13 06:36:18.298,0.21360555548330803,0.155,0.62,4983.0,4.0,3857.0,1917.172983848862
2026-09-13 06:36:19.686,0.21360555548330803,0.155,0.62,4983.0,4.0,3857.0,1917.172983848862
2026-09-13 06:36:19.737,0.21360555548330803,0.155,0.62,4983.0,4.0,3857.0,1917.172983848862
2026-09-13 06:36:21.754,0.21360555548330803,0.155,0.62,4983.0,4.0,3857.0,1917.172983848862
2026-09-13 06:36:21.788,0.21360555548330803,0.155,0.62,4983.0,4.0,3857.0,1917.172983848862
2026-09-13 06:36:23.186,0.21360555548330803,0.155,0.62,4983.0,4.0,3857.0,1917.172983848862
2026-09-13 06:36:23.237,0.21360555548330803,0.155,0.62,4983.0,4.0,3857.0,1917.172983848862
2026-09-13 06:36:25.254,0.21360555548330803,0.155,0.62,4983.0,4.0,3857.0,1917.172983848862
2026-09-13 06:36:25.288,0.21360555548330803,0.155,0.62,4983.0,4.0,3857.0,1917.172983848862
2026-09-13 06:36:26.686,0.21360555548330803,0.155,0.62,4983.0,4.0,3857.0,1917.172983848862
2026-09-13 06:36:26.737,0.21360555548330803,0.155,0.62,4983.0,4.0,3857.0,1917.172983848862
2026-09-13 06:36:28.754,0.21360555548330803,0.155,0.62,4983.0,4.0,3857.0,1917.172983848862
2026-09-13 06:36:28.788,0.21360555548330803,0.155,0.62,4983.0,4.0,3857.0,1917.172983848862
2026-09-13 06:36:30.186,0.21360555548330803,0.155,0.62,4983.0,4.0,3857.0,1917.172983848862
2026-09-13 06:36:30.237,0.21360555548330803,0.155,0.62,4983.0,4.0,3857.0,1917.172983848862
2026-09-13 06:36:32.255,0.21345784127082157,0.15525,0.621,4983.0,4.0,3857.0,1917.172983848862
2026-09-13 06:36:32.288,0.21364768506429596,0.155,0.62,4983.0,4.0,3857.0,1917.172983848862
2026-09-13 06:36:33.686,0.21364768506429596,0.155,0.62,4983.0,4.0,3857.0,1917.172983848862
2026-09-13 06:36:33.737,0.21364768506429596,0.155,0.62,4983.0,4.0,3857.0,1917.172983848862
2026-09-13 06:36:35.755,0.21379487832967198,0.15475,0.619,4983.0,4.0,3857.0,1917.172983848862
2026-09-13 06:36:35.789,0.213605555483308,0.155,0.62,4983.0,4.0,3857.0,1917.172983848862
2026-09-13 06:36:37.187,0.2141049197628721,0.15525,0.621,4983.0,4.0,3857.0,1917.172983848862
2026-09-13 06:36:37.237,0.21426774527834538,0.155,0.62,4983.0,4.0,3857.0,1917.172983848862
2026-09-13 06:36:39.255,0.2142677452783454,0.155,0.62,4983.0,4.0,3857.0,1917.172983848862
2026-09-13 06:36:39.289,0.2142677452783454,0.155,0.62,4983.0,4.0,3857.0,1917.172983848862
2026-09-13 06:36:40.687,0.2142677452783454,0.155,0.62,4983.0,4.0,3857.0,1917.172983848862
2026-09-13 06:36:40.737,0.2142677452783454,0.155,0.62,4983.0,4.0,3857.0,1917.172983848862
2026-09-13 06:36:42.755,0.2142677452783454,0.155,0.62,4983.0,4.0,3857.0,1917.172983848862
2026-09-13 06:36:42.789,0.2142677452783454,0.155,0.62,4983.0,4.0,3857.0,1917.172983848862
2026-09-13 06:36:44.187,0.2142677452783454,0.155,0.62,4983.0,4.0,3857.0,1917.172983848862
2026-09-13 06:36:44.238,0.21410491976287216,0.15525,0.621,4983.0,4.0,3857.0,1917.172983848862
2026-09-13 06:36:46.255,0.21410491976287216,0.15525,0.621,4983.0,4.0,3857.0,1917.172983848862
2026-09-13 06:36:46.289,0.21410491976287216,0.15525,0.621,4983.0,4.0,3857.0,1917.172983848862
2026-09-13 06:36:47.687,0.21360555548330803,0.155,0.62,4983.0,4.0,3857.0,1917.172983848862
2026-09-13 06:36:47.738,0.21360555548330803,0.155,0.62,4983.0,4.0,3857.0,1917.172983848862
2026-09-13 06:36:49.755,0.21360555548330803,0.155,0.62,4983.0,4.0,3857.0,1917.172983848862
2026-09-13 06:36:49.789,0.21360555548330803,0.155,0.62,4983.0,4.0,3857.0,1917.172983848862
2026-09-13 06:36:51.187,0.21360555548330803,0.155,0.62,4983.0,4.0,3857.0,1917.172983848862
2026-09-13 06:36:51.238,0.21360555548330803,0.155,0.62,4983.0,4.0,3857.0,1917.172983848862
2026-09-13 06:36:53.255,0.21360555548330803,0.155,0.62,4983.0,4.0,3857.0,1917.172983848862
2026-09-13 06:36:53.289,0.21360555548330803,0.155,0.62,4983.0,4.0,3857.0,1917.172983848862
2026-09-13 06:36:54.687,0.21360555548330803,0.155,0.62,4983.0,4.0,3857.0,1917.172983848862
2026-09-13 06:36:54.738,0.21360555548330803,0.155,0.62,4983.0,4.0,3857.0,1917.172983848862
2026-09-13 06:36:56.755,0.21360555548330803,0.155,0.62,4983.0,4.0,3857.0,1917.172983848862
2026-09-13 06:36:56.789,0.21360555548330803,0.155,0.62,4983.0,4.0,3857.0,1917.172983848862
2026-09-13 06:36:58.187,0.21360555548330803,0.155,0.62,4983.0,4.0,3857.0,1917.172983848862
2026-09-13 06:36:58.238,0.21360555548330803,0.155,0.62,4983.0,4.0,3857.0,1917.172983848862
2026-09-13 06:37:00.255,0.21360555548330803,0.155,0.62,4983.0,4.0,3857.0,1917.172983848862
2026-09-13 06:37:00.289,0.21360555548330803,0.155,0.62,4983.0,4.0,3857.0,1917.172983848862
2026-09-13 06:37:01.687,0.21360555548330803,0.155,0.62,4983.0,4.0,3857.0,1917.172983848862
2026-09-13 06:37:01.738,0.21360555548330803,0.155,0.62,4983.0,4.0,3857.0,1917.172983848862
2026-09-13 06:37:03.755,0.21360555548330803,0.155,0.62,4983.0,4.0,3857.0,1917.172983848862
2026-09-13 06:37:03.789,0.21360555548330803,0.155,0.62,4983.0,4.0,3857.0,1917.172983848862
2026-09-13 06:37:05.187,0.21360555548330803,0.155,0.62,4983.0,4.0,3857.0,1917.172983848862
2026-09-13 06:37:05.238,0.21360555548330803,0.155,0.62,4983.0,4.0,3857.0,1917.172983848862
2026-09-13 06:37:07.255,0.21360555548330803,0.155,0.62,4983.0,4.0,3857.0,1917.172983848862
2026-09-13 06:37:07.289,0.21360555548330803,0.155,0.62,4983.0,4.0,3857.0,1917.172983848862
2026-09-13 06:37:08.687,0.21360555548330803,0.155,0.62,4983.0,4.0,3857.0,1917.172983848862
2026-09-13 06:37:08.738,0.21360555548330803,0.155,0.62,4983.0,4.0,3857.0,1917.172983848862
2026-09-13 06:37:10.755,0.21360555548330803,0.155,0.62,4983.0,4.0,3857.0,1917.172983848862
2026-09-13 06:37:10.789,0.21360555548330803,0.155,0.62,4983.0,4.0,3857.0,1917.172983848862
2026-09-13 06:37:12.187,0.21360555548330803,0.155,0.62,4983.0,4.0,3857.0,1917.172983848862
2026-09-13 06:37:12.238,0.21360555548330803,0.155,0.62,4983.0,4.0,3857.0,1917.172983848862
2026-09-13 06:37:14.256,0.21345784127082157,0.15525,0.621,4983.0,4.0,3857.0,1917.172983848862
2026-09-13 06:37:14.290,0.21345784127082157,0.15525,0.621,4983.0,4.0,3857.0,1917.172983848862
2026-09-13 06:37:15.687,0.21345784127082157,0.15525,0.621,4983.0,4.0,3857.0,1917.172983848862
2026-09-13 06:37:15.738,0.21345784127082157,0.15525,0.621,4983.0,4.0,3857.0,1917.172983848862
2026-09-13 06:37:17.755,0.21360555548330803,0.155,0.62,4983.0,4.0,3857.0,1917.172983848862
2026-09-13 06:37:17.789,0.21360555548330803,0.155,0.62,4983.0,4.0,3857.0,1917.172983848862
2026-09-13 06:37:19.187,0.21360555548330803,0.155,0.62,4983.0,4.0,3857.0,1917.172983848862
2026-09-13 06:37:19.238,0.21360555548330803,0.155,0.62,4983.0,4.0,3857.0,1917.172983848862
2026-09-13 06:37:21.255,0.21360555548330803,0.155,0.62,4983.0,4.0,3857.0,1917.172983848862
2026-09-13 06:37:21.289,0.21360555548330803,0.155,0.62,4983.0,4.0,3857.0,1917.172983848862
2026-09-13 06:37:22.687,0.21360555548330803,0.155,0.62,4983.0,4.0,3857.0,1917.172983848862
2026-09-13 06:37:22.738,0.21360555548330803,0.155,0.62,4983.0,4.0,3857.0,1917.172983848862
2026-09-13 06:37:27.275,0.24980042033591401,0.25875,1.035,4923.0,3.0,3864.0,1916.0083507124777
2026-09-13 06:37:27.326,0.24479651413639994,0.263,1.052,4923.0,2.0,7704.0,2210.0968304578764
2026-09-13 06:37:29.343,0.210542751003209,0.15925,0.637,4983.0,3.0,7697.0,2212.119402292731
2026-09-13 06:37:29.377,0.21360555548330803,0.15499999999999997,0.6199999999999999,4983.0,4.0,3857.0,1917.172983848862
2026-09-13 06:37:30.775,0.21410491976287216,0.15525,0.621,4983.0,4.0,3857.0,1917.172983848862
2026-09-13 06:37:30.826,0.21410491976287216,0.15525,0.621,4983.0,4.0,3857.0,1917.172983848862
2026-09-13 06:37:32.843,0.21410491976287216,0.15525,0.621,4983.0,4.0,3857.0,1917.172983848862
2026-09-13 06:37:32.877,0.21410491976287216,0.15525,0.621,4983.0,4.0,3857.0,1917.172983848862
2026-09-13 06:37:34.275,0.21410491976287216,0.15525,0.621,4983.0,4.0,3857.0,1917.172983848862
2026-09-13 06:37:34.326,0.21410491976287216,0.15525,0.621,4983.0,4.0,3857.0,1917.172983848862
2026-09-13 06:37:36.343,0.21410491976287216,0.15525,0.621,4983.0,4.0,3857.0,1917.172983848862
2026-09-13 06:37:36.377,0.21410491976287216,0.15525,0.621,4983.0,4.0,3857.0,1917.172983848862
2026-09-13 06:37:37.775,0.21360555548330803,0.155,0.62,4983.0,4.0,3857.0,1917.172983848862
2026-09-13 06:37:37.826,0.21360555548330803,0.155,0.62,4983.0,4.0,3857.0,1917.172983848862
2026-09-13 06:37:39.843,0.21360555548330803,0.155,0.62,4983.0,4.0,3857.0,1917.172983848862
2026-09-13 06:37:39.877,0.21360555548330803,0.155,0.62,4983.0,4.0,3857.0,1917.172983848862
2026-09-13 06:37:41.275,0.21360555548330803,0.155,0.62,4983.0,4.0,3857.0,1917.172983848862
2026-09-13 06:37:41.326,0.21360555548330803,0.155,0.62,4983.0,4.0,3857.0,1917.172983848862
2026-09-13 06:37:43.364,0.21360555548330803,0.155,0.62,4983.0,4.0,3857.0,1917.172983848862
2026-09-13 06:37:43.398,0.21360555548330803,0.155,0.62,4983.0,4.0,3857.0,1917.172983848862
2026-09-13 06:37:44.796,0.21360555548330803,0.155,0.62,4983.0,4.0,3857.0,1917.172983848862
2026-09-13 06:37:44.847,0.21360555548330803,0.155,0.62,4983.0,4.0,3857.0,1917.172983848862
2026-09-13 06:37:46.864,0.21360555548330803,0.155,0.62,4983.0,4.0,3857.0,1917.172983848862
2026-09-13 06:37:46.898,0.21360555548330803,0.155,0.62,4983.0,4.0,3857.0,1917.172983848862
2026-09-13 06:37:48.296,0.21360555548330803,0.155,0.62,4983.0,4.0,3857.0,1917.172983848862
2026-09-13 06:37:48.347,0.21360555548330803,0.155,0.62,4983.0,4.0,3857.0,1917.172983848862
2026-09-13 06:37:50.364,0.21360555548330803,0.155,0.62,4983.0,4.0,3857.0,1917.172983848862
2026-09-13 06:37:50.398,0.21360555548330803,0.155,0.62,4983.0,4.0,3857.0,1917.172983848862
2026-09-13 06:37:51.796,0.21360555548330803,0.155,0.62,4983.0,4.0,3857.0,1917.172983848862
2026-09-13 06:37:51.847,0.21360555548330803,0.155,0.62,4983.0,4.0,3857.0,1917.172983848862
2026-09-13 06:37:53.864,0.21360555548330803,0.155,0.62,4983.0,4.0,3857.0,1917.172983848862
2026-09-13 06:37:53.898,0.21360555548330803,0.155,0.62,4983.0,4.0,3857.0,1917.172983848862
2026-09-13 06:37:55.296,0.21360555548330803,0.155,0.62,4983.0,4.0,3857.0,1917.172983848862
2026-09-13 06:37:55.347,0.21360555548330803,0.155,0.62,4983.0,4.0,3857.0,1917.172983848862
2026-09-13 06:37:57.364,0.21360555548330803,0.155,0.62,4983.0,4.0,3857.0,1917.172983848862
2026-09-13 06:37:57.398,0.21360555548330803,0.155,0.62,4983.0,4.0,3857.0,1917.172983848862
2026-09-13 06:37:58.796,0.21360555548330803,0.155,0.62,4983.0,4.0,3857.0,1917.172983848862
2026-09-13 06:37:58.847,0.21360555548330803,0.155,0.62,4983.0,4.0,3857.0,1917.172983848862
2026-09-13 06:38:00.864,0.21360555548330803,0.155,0.62,4983.0,4.0,3857.0,1917.172983848862
2026-09-13 06:38:00.898,0.21360555548330803,0.155,0.62,4983.0,4.0,3857.0,1917.172983848862
2026-09-13 06:38:02.296,0.21360555548330803,0.155,0.62,4983.0,4.0,3857.0,1917.172983848862
2026-09-13 06:38:02.347,0.21360555548330803,0.155,0.62,4983.0,4.0,3857.0,1917.172983848862
2026-09-13 06:38:04.383,0.21360555548330803,0.155,0.62,4983.0,4.0,3857.0,1917.172983848862
2026-09-13 06:38:04.417,0.21360555548330803,0.155,0.62,4983.0,4.0,3857.0,1917.172983848862
2026-09-13 06:38:05.815,0.21360555548330803,0.155,0.62,4983.0,4.0,3857.0,1917.172983848862
2026-09-13 06:38:05.866,0.21360555548330803,0.155,0.62,4983.0,4.0,3857.0,1917.172983848862
2026-09-13 06:38:07.883,0.21360555548330803,0.155,0.62,4983.0,4.0,3857.0,1917.172983848862
2026-09-13 06:38:07.917,0.21360555548330803,0.155,0.62,4983.0,4.0,3857.0,1917.172983848862
2026-09-13 06:38:09.315,0.21360555548330803,0.155,0.62,4983.0,4.0,3857.0,1917.172983848862
2026-09-13 06:38:09.366,0.21360555548330803,0.155,0.62,4983.0,4.0,3857.0,1917.172983848862
2026-09-13 06:38:11.383,0.21360555548330803,0.155,0.62,4983.0,4.0,3857.0,1917.172983848862
2026-09-13 06:38:11.417,0.21360555548330803,0.155,0.62,4983.0,4.0,3857.0,1917.172983848862
2026-09-13 06:38:12.815,0.21360555548330803,0.155,0.62,4983.0,4.0,3857.0,1917.172983848862
2026-09-13 06:38:12.866,0.21360555548330803,0.155,0.62,4983.0,4.0,3857.0,1917.172983848862
2026-09-13 06:38:14.883,0.21360555548330803,0.155,0.62,4983.0,4.0,3857.0,1917.172983848862
2026-09-13 06:38:14.917,0.21360555548330803,0.155,0.62,4983.0,4.0,3857.0,1917.172983848862
2026-09-13 06:38:16.315,0.21360555548330803,0.155,0.62,4983.0,4.0,3857.0,1917.172983848862
2026-09-13 06:38:16.366,0.21360555548330803,0.155,0.62,4983.0,4.0,3857.0,1917.172983848862
2026-09-13 06:38:18.384,0.21360555548330803,0.155,0.62,4983.0,4.0,3857.0,1917.172983848862
2026-09-13 06:38:18.418,0.21360555548330803,0.155,0.62,4983.0,4.0,3857.0,1917.172983848862
2026-09-13 06:38:19.816,0.21410491976287216,0.15525,0.621,4983.0,4.0,3857.0,1917.172983848862
2026-09-13 06:38:19.866,0.2142677452783454,0.155,0.62,4983.0,4.0,3857.0,1917.172983848862
2026-09-13 06:38:21.884,0.21426774527834538,0.155,0.62,4983.0,4.0,3857.0,1917.172983848862
2026-09-13 06:38:21.918,0.21426774527834538,0.155,0.62,4983.0,4.0,3857.0,1917.172983848862
2026-09-13 06:38:23.316,0.21426774527834538,0.155,0.62,4983.0,4.0,3857.0,1917.172983848862
2026-09-13 06:38:23.366,0.21426774527834538,0.155,0.62,4983.0,4.0,3857.0,1917.172983848862
2026-09-13 06:38:25.384,0.21426774527834538,0.155,0.62,4983.0,4.0,3857.0,1917.172983848862
2026-09-13 06:38:25.418,0.21426774527834538,0.155,0.62,4983.0,4.0,3857.0,1917.172983848862
2026-09-13 06:38:26.816,0.21376837153018194,0.15475,0.619,4983.0,4.0,3857.0,1917.172983848862
2026-09-13 06:38:26.867,0.21360555548330798,0.155,0.62,4983.0,4.0,3857.0,1917.172983848862
2026-09-13 06:38:28.884,0.21360555548330798,0.155,0.62,4983.0,4.0,3857.0,1917.172983848862
2026-09-13 06:38:28.918,0.21360555548330798,0.155,0.62,4983.0,4.0,3857.0,1917.172983848862
2026-09-13 06:38:30.316,0.21360555548330798,0.155,0.62,4983.0,4.0,3857.0,1917.172983848862
2026-09-13 06:38:30.367,0.21360555548330798,0.155,0.62,4983.0,4.0,3857.0,1917.172983848862
2026-09-13 06:38:32.384,0.21360555548330798,0.155,0.62,4983.0,4.0,3857.0,1917.172983848862
2026-09-13 06:38:32.418,0.21360555548330798,0.155,0.62,4983.0,4.0,3857.0,1917.172983848862
2026-09-13 06:38:33.816,0.21360555548330798,0.155,0.62,4983.0,4.0,3857.0,1917.172983848862
2026-09-13 06:38:33.867,0.21360555548330798,0.155,0.62,4983.0,4.0,3857.0,1917.172983848862
2026-09-13 06:38:35.884,0.21360555548330798,0.155,0.62,4983.0,4.0,3857.0,1917.172983848862
2026-09-13 06:38:35.918,0.21360555548330798,0.155,0.62,4983.0,4.0,3857.0,1917.172983848862
2026-09-13 06:38:37.316,0.21360555548330798,0.155,0.62,4983.0,4.0,3857.0,1917.172983848862
2026-09-13 06:38:37.367,0.21360555548330798,0.155,0.62,4983.0,4.0,3857.0,1917.172983848862
2026-09-13 06:38:39.384,0.21360555548330798,0.155,0.62,4983.0,4.0,3857.0,1917.172983848862
2026-09-13 06:38:39.418,0.21360555548330798,0.155,0.62,4983.0,4.0,3857.0,1917.172983848862
2026-09-13 06:38:40.816,0.21360555548330798,0.155,0.62,4983.0,4.0,3857.0,1917.172983848862
2026-09-13 06:38:40.867,0.21360555548330798,0.155,0.62,4983.0,4.0,3857.0,1917.172983848862
2026-09-13 06:38:42.884,0.21360555548330798,0.155,0.62,4983.0,4.0,3857.0,1917.172983848862
2026-09-13 06:38:42.918,0.21360555548330798,0.155,0.62,4983.0,4.0,3857.0,1917.172983848862
2026-09-13 06:38:44.316,0.21360555548330798,0.155,0.62,4983.0,4.0,3857.0,1917.172983848862
2026-09-13 06:38:44.367,0.21360555548330798,0.155,0.62,4983.0,4.0,3857.0,1917.172983848862
2026-09-13 06:38:46.384,0.21360555548330798,0.155,0.62,4983.0,4.0,3857.0,1917.172983848862
2026-09-13 06:38:46.418,0.21360555548330798,0.155,0.62,4983.0,4.0,3857.0,1917.172983848862
2026-09-13 06:38:47.816,0.21360555548330798,0.155,0.62,4983.0,4.0,3857.0,1917.172983848862
2026-09-13 06:38:47.867,0.21360555548330798,0.155,0.62,4983.0,4.0,3857.0,1917.172983848862
2026-09-13 06:38:49.884,0.21360555548330798,0.155,0.62,4983.0,4.0,3857.0,1917.172983848862
2026-09-13 06:38:49.918,0.21360555548330798,0.155,0.62,4983.0,4.0,3857.0,1917.172983848862
2026-09-13 06:38:51.316,0.21360555548330798,0.155,0.62,4983.0,4.0,3857.0,1917.172983848862
2026-09-13 06:38:51.367,0.21360555548330798,0.155,0.62,4983.0,4.0,3857.0,1917.172983848862
2026-09-13 06:38:53.384,0.21360555548330798,0.155,0.62,4983.0,4.0,3857.0,1917.172983848862
2026-09-13 06:38:53.418,0.21360555548330798,0.155,0.62,4983.0,4.0,3857.0,1917.172983848862
2026-09-13 06:38:54.816,0.21360555548330798,0.155,0.62,4983.0,4.0,3857.0,1917.172983848862
2026-09-13 06:38:54.867,0.21360555548330798,0.155,0.62,4983.0,4.0,3857.0,1917.172983848862
2026-09-13 06:38:56.884,0.21360555548330798,0.155,0.62,4983.0,4.0,3857.0,1917.172983848862
2026-09-13 06:38:56.918,0.21360555548330798,0.155,0.62,4983.0,4.0,3857.0,1917.172983848862
2026-09-13 06:38:58.316,0.21360555548330798,0.155,0.62,4983.0,4.0,3857.0,1917.172983848862
2026-09-13 06:38:58.367,0.21360555548330798,0.155,0.62,4983.0,4.0,3857.0,1917.172983848862
2026-09-13 06:39:00.384,0.21360555548330798,0.155,0.62,4983.0,4.0,3857.0,1917.172983848862
2026-09-13 06:39:00.418,0.21360555548330798,0.155,0.62,4983.0,4.0,3857.0,1917.172983848862
2026-09-13 06:39:01.816,0.21360555548330798,0.155,0.62,4983.0,4.0,3857.0,1917.172983848862
2026-09-13 06:39:01.867,0.21360555548330798,0.155,0.62,4983.0,4.0,3857.0,1917.172983848862
2026-09-13 06:39:03.885,0.2134578412708215,0.15525,0.621,4983.0,4.0,3857.0,1917.172983848862
2026-09-13 06:39:03.918,0.2136476850642959,0.155,0.62,4983.0,4.0,3857.0,1917.172983848862
2026-09-13 06:39:05.316,0.2136476850642959,0.155,0.62,4983.0,4.0,3857.0,1917.172983848862
2026-09-13 06:39:05.367,0.2136476850642959,0.155,0.62,4983.0,4.0,3857.0,1917.172983848862
2026-09-13 06:39:07.385,0.21379487832967195,0.15475,0.619,4983.0,4.0,3857.0,1917.172983848862
2026-09-13 06:39:07.419,0.21360555548330795,0.155,0.62,4983.0,4.0,3857.0,1917.172983848862
2026-09-13 06:39:08.817,0.21410491976287208,0.15525,0.621,4983.0,4.0,3857.0,1917.172983848862
2026-09-13 06:39:08.867,0.21426774527834536,0.155,0.62,4983.0,4.0,3857.0,1917.172983848862
2026-09-13 06:39:10.885,0.21426774527834538,0.155,0.62,4983.0,4.0,3857.0,1917.172983848862
2026-09-13 06:39:10.919,0.21426774527834538,0.155,0.62,4983.0,4.0,3857.0,1917.172983848862
2026-09-13 06:39:12.317,0.21426774527834538,0.155,0.62,4983.0,4.0,3857.0,1917.172983848862
2026-09-13 06:39:12.367,0.21426774527834538,0.155,0.62,4983.0,4.0,3857.0,1917.172983848862
2026-09-13 06:39:14.385,0.21426774527834538,0.155,0.62,4983.0,4.0,3857.0,1917.172983848862
2026-09-13 06:39:14.419,0.21426774527834538,0.155,0.62,4983.0,4.0,3857.0,1917.172983848862
2026-09-13 06:39:15.817,0.21426774527834538,0.155,0.62,4983.0,4.0,3857.0,1917.172983848862
2026-09-13 06:39:15.867,0.21426774527834538,0.155,0.62,4983.0,4.0,3857.0,1917.172983848862
2026-09-13 06:39:17.885,0.21426774527834538,0.155,0.62,4983.0,4.0,3857.0,1917.172983848862
2026-09-13 06:39:17.919,0.21426774527834538,0.155,0.62,4983.0,4.0,3857.0,1917.172983848862
2026-09-13 06:39:19.317,0.21426774527834538,0.155,0.62,4983.0,4.0,3857.0,1917.172983848862
2026-09-13 06:39:19.368,0.2141049197628721,0.15525,0.621,4983.0,4.0,3857.0,1917.172983848862
2026-09-13 06:39:21.385,0.2141049197628721,0.15525,0.621,4983.0,4.0,3857.0,1917.172983848862
2026-09-13 06:39:21.419,0.2141049197628721,0.15525,0.621,4983.0,4.0,3857.0,1917.172983848862
2026-09-13 06:39:22.817,0.21360555548330798,0.155,0.62,4983.0,4.0,3857.0,1917.172983848862
2026-09-13 06:39:22.868,0.21360555548330798,0.155,0.62,4983.0,4.0,3857.0,1917.172983848862
2026-09-13 06:39:24.885,0.21360555548330798,0.155,0.62,4983.0,4.0,3857.0,1917.172983848862
2026-09-13 06:39:24.919,0.21360555548330798,0.155,0.62,4983.0,4.0,3857.0,1917.172983848862
2026-09-13 06:39:26.317,0.21360555548330798,0.155,0.62,4983.0,4.0,3857.0,1917.172983848862
2026-09-13 06:39:26.368,0.21360555548330798,0.155,0.62,4983.0,4.0,3857.0,1917.172983848862
2026-09-13 06:39:28.385,0.21360555548330798,0.155,0.62,4983.0,4.0,3857.0,1917.172983848862
2026-09-13 06:39:28.419,0.21360555548330798,0.155,0.62,4983.0,4.0,3857.0,1917.172983848862
2026-09-13 06:39:29.817,0.21360555548330798,0.155,0.62,4983.0,4.0,3857.0,1917.172983848862
2026-09-13 06:39:29.868,0.21360555548330798,0.155,0.62,4983.0,4.0,3857.0,1917.172983848862
2026-09-13 06:39:31.885,0.21360555548330798,0.155,0.62,4983.0,4.0,3857.0,1917.172983848862
2026-09-13 06:39:31.919,0.21360555548330798,0.155,0.62,4983.0,4.0,3857.0,1917.172983848862
2026-09-13 06:39:33.317,0.21360555548330798,0.155,0.62,4983.0,4.0,3857.0,1917.172983848862
2026-09-13 06:39:33.368,0.21360555548330798,0.155,0.62,4983.0,4.0,3857.0,1917.172983848862
2026-09-13 06:39:35.385,0.21360555548330798,0.155,0.62,4983.0,4.0,3857.0,1917.172983848862
2026-09-13 06:39:35.419,0.21360555548330798,0.155,0.62,4983.0,4.0,3857.0,1917.172983848862
2026-09-13 06:39:36.817,0.21360555548330798,0.155,0.62,4983.0,4.0,3857.0,1917.172983848862
2026-09-13 06:39:36.868,0.21360555548330798,0.155,0.62,4983.0,4.0,3857.0,1917.172983848862
2026-09-13 06:39:38.885,0.21360555548330798,0.155,0.62,4983.0,4.0,3857.0,1917.172983848862
2026-09-13 06:39:38.919,0.21360555548330798,0.155,0.62,4983.0,4.0,3857.0,1917.172983848862
2026-09-13 06:39:40.317,0.21360555548330798,0.155,0.62,4983.0,4.0,3857.0,1917.172983848862
2026-09-13 06:39:40.368,0.21360555548330798,0.155,0.62,4983.0,4.0,3857.0,1917.172983848862
2026-09-13 06:39:42.385,0.21360555548330798,0.155,0.62,4983.0,4.0,3857.0,1917.172983848862
2026-09-13 06:39:42.419,0.21360555548330798,0.155,0.62,4983.0,4.0,3857.0,1917.172983848862
2026-09-13 06:39:43.817,0.21360555548330798,0.155,0.62,4983.0,4.0,3857.0,1917.172983848862
2026-09-13 06:39:43.868,0.21360555548330798,0.155,0.62,4983.0,4.0,3857.0,1917.172983848862
2026-09-13 06:39:45.885,0.21360555548330798,0.155,0.62,4983.0,4.0,3857.0,1917.172983848862
2026-09-13 06:39:45.919,0.21360555548330798,0.155,0.62,4983.0,4.0,3857.0,1917.172983848862
2026-09-13 06:39:47.317,0.21360555548330798,0.155,0.62,4983.0,4.0,3857.0,1917.172983848862
2026-09-13 06:39:47.368,0.21360555548330798,0.155,0.62,4983.0,4.0,3857.0,1917.172983848862
2026-09-13 06:39:49.386,0.2134578412708215,0.15525,0.621,4983.0,4.0,3857.0,1917.172983848862
2026-09-13 06:39:49.419,0.2136476850642959,0.155,0.62,4983.0,4.0,3857.0,1917.172983848862
2026-09-13 06:39:50.817,0.2136476850642959,0.155,0.62,4983.0,4.0,3857.0,1917.172983848862
2026-09-13 06:39:50.868,0.2136476850642959,0.155,0.62,4983.0,4.0,3857.0,1917.172983848862
2026-09-13 06:39:52.886,0.2136476850642959,0.155,0.62,4983.0,4.0,3857.0,1917.172983848862
2026-09-13 06:39:52.919,0.2136476850642959,0.155,0.62,4983.0,4.0,3857.0,1917.172983848862
2026-09-13 06:39:54.317,0.2136476850642959,0.155,0.62,4983.0,4.0,3857.0,1917.172983848862
2026-09-13 06:39:54.368,0.2136476850642959,0.155,0.62,4983.0,4.0,3857.0,1917.172983848862
2026-09-13 06:39:56.386,0.21379487832967195,0.15475,0.619,4983.0,4.0,3857.0,1917.172983848862
2026-09-13 06:39:56.419,0.21379487832967195,0.15475,0.619,4983.0,4.0,3857.0,1917.172983848862
2026-09-13 06:39:57.818,0.21429419030855507,0.155,0.62,4983.0,4.0,3857.0,1917.172983848862
2026-09-13 06:39:57.868,0.21445648354230876,0.15475,0.619,4983.0,4.0,3857.0,1917.172983848862
2026-09-13 06:39:59.886,0.21445648354230876,0.15475,0.619,4983.0,4.0,3857.0,1917.172983848862
2026-09-13 06:39:59.920,0.21426774527834533,0.155,0.62,4983.0,4.0,3857.0,1917.172983848862
2026-09-13 06:40:01.318,0.21426774527834533,0.155,0.62,4983.0,4.0,3857.0,1917.172983848862
2026-09-13 06:40:01.368,0.21426774527834533,0.155,0.62,4983.0,4.0,3857.0,1917.172983848862
2026-09-13 06:40:03.386,0.21426774527834533,0.155,0.62,4983.0,4.0,3857.0,1917.172983848862
2026-09-13 06:40:03.420,0.21426774527834533,0.155,0.62,4983.0,4.0,3857.0,1917.172983848862
2026-09-13 06:40:04.818,0.21426774527834533,0.155,0.62,4983.0,4.0,3857.0,1917.172983848862
2026-09-13 06:40:04.868,0.21426774527834533,0.155,0.62,4983.0,4.0,3857.0,1917.172983848862
2026-09-13 06:40:06.886,0.21426774527834533,0.155,0.62,4983.0,4.0,3857.0,1917.172983848862
2026-09-13 06:40:06.920,0.21426774527834533,0.155,0.62,4983.0,4.0,3857.0,1917.172983848862
2026-09-13 06:40:08.318,0.21426774527834533,0.155,0.62,4983.0,4.0,3857.0,1917.172983848862
2026-09-13 06:40:08.369,0.21410491976287205,0.15525,0.621,4983.0,4.0,3857.0,1917.172983848862
2026-09-13 06:40:10.386,0.21410491976287205,0.15525,0.621,4983.0,4.0,3857.0,1917.172983848862
2026-09-13 06:40:10.420,0.21410491976287205,0.15525,0.621,4983.0,4.0,3857.0,1917.172983848862
2026-09-13 06:40:11.818,0.21360555548330792,0.155,0.62,4983.0,4.0,3857.0,1917.172983848862
2026-09-13 06:40:11.869,0.21360555548330792,0.155,0.62,4983.0,4.0,3857.0,1917.172983848862
2026-09-13 06:40:13.886,0.21360555548330792,0.155,0.62,4983.0,4.0,3857.0,1917.172983848862
2026-09-13 06:40:13.920,0.21360555548330792,0.155,0.62,4983.0,4.0,3857.0,1917.172983848862
2026-09-13 06:40:15.318,0.21360555548330792,0.155,0.62,4983.0,4.0,3857.0,1917.172983848862
2026-09-13 06:40:15.369,0.21360555548330792,0.155,0.62,4983.0,4.0,3857.0,1917.172983848862
2026-09-13 06:40:17.386,0.21360555548330792,0.155,0.62,4983.0,4.0,3857.0,1917.172983848862
2026-09-13 06:40:17.420,0.21360555548330792,0.155,0.62,4983.0,4.0,3857.0,1917.172983848862
2026-09-13 06:40:18.818,0.21360555548330792,0.155,0.62,4983.0,4.0,3857.0,1917.172983848862
2026-09-13 06:40:18.869,0.21360555548330792,0.155,0.62,4983.0,4.0,3857.0,1917.172983848862
2026-09-13 06:40:20.886,0.21360555548330792,0.155,0.62,4983.0,4.0,3857.0,1917.172983848862
2026-09-13 06:40:20.920,0.21360555548330792,0.155,0.62,4983.0,4.0,3857.0,1917.172983848862
2026-09-13 06:40:22.318,0.21360555548330792,0.155,0.62,4983.0,4.0,3857.0,1917.172983848862
2026-09-13 06:40:22.369,0.21360555548330792,0.155,0.62,4983.0,4.0,3857.0,1917.172983848862
2026-09-13 06:40:24.386,0.21360555548330792,0.155,0.62,4983.0,4.0,3857.0,1917.172983848862
2026-09-13 06:40:24.420,0.21360555548330792,0.155,0.62,4983.0,4.0,3857.0,1917.172983848862
2026-09-13 06:40:25.818,0.21360555548330792,0.155,0.62,4983.0,4.0,3857.0,1917.172983848862
2026-09-13 06:40:25.869,0.21360555548330792,0.155,0.62,4983.0,4.0,3857.0,1917.172983848862
2026-09-13 06:40:27.886,0.21360555548330792,0.155,0.62,4983.0,4.0,3857.0,1917.172983848862
2026-09-13 06:40:27.920,0.21360555548330792,0.155,0.62,4983.0,4.0,3857.0,1917.172983848862
2026-09-13 06:40:29.318,0.21360555548330792,0.155,0.62,4983.0,4.0,3857.0,1917.172983848862
2026-09-13 06:40:29.369,0.21360555548330792,0.155,0.62,4983.0,4.0,3857.0,1917.172983848862
2026-09-13 06:40:31.386,0.21360555548330792,0.155,0.62,4983.0,4.0,3857.0,1917.172983848862
2026-09-13 06:40:31.420,0.21360555548330792,0.155,0.62,4983.0,4.0,3857.0,1917.172983848862
2026-09-13 06:40:32.818,0.21360555548330792,0.155,0.62,4983.0,4.0,3857.0,1917.172983848862
2026-09-13 06:40:32.869,0.21360555548330792,0.155,0.62,4983.0,4.0,3857.0,1917.172983848862
2026-09-13 06:40:34.886,0.21360555548330792,0.155,0.62,4983.0,4.0,3857.0,1917.172983848862
2026-09-13 06:40:34.920,0.21360555548330792,0.155,0.62,4983.0,4.0,3857.0,1917.172983848862
2026-09-13 06:40:36.318,0.21360555548330792,0.155,0.62,4983.0,4.0,3857.0,1917.172983848862
2026-09-13 06:40:36.369,0.21360555548330792,0.155,0.62,4983.0,4.0,3857.0,1917.172983848862
2026-09-13 06:40:38.386,0.21360555548330792,0.155,0.62,4983.0,4.0,3857.0,1917.172983848862
2026-09-13 06:40:38.420,0.21360555548330792,0.155,0.62,4983.0,4.0,3857.0,1917.172983848862
2026-09-13 06:40:39.818,0.21360555548330792,0.155,0.62,4983.0,4.0,3857.0,1917.172983848862
2026-09-13 06:40:39.869,0.21360555548330792,0.155,0.62,4983.0,4.0,3857.0,1917.172983848862
2026-09-13 06:40:41.887,0.21345784127082146,0.15525,0.621,4983.0,4.0,3857.0,1917.172983848862
2026-09-13 06:40:41.920,0.21364768506429585,0.155,0.62,4983.0,4.0,3857.0,1917.172983848862
2026-09-13 06:40:43.318,0.21364768506429585,0.155,0.62,4983.0,4.0,3857.0,1917.172983848862
2026-09-13 06:40:43.369,0.21364768506429585,0.155,0.62,4983.0,4.0,3857.0,1917.172983848862
2026-09-13 06:40:45.387,0.21379487832967187,0.15475,0.619,4983.0,4.0,3857.0,1917.172983848862
2026-09-13 06:40:45.420,0.21379487832967187,0.15475,0.619,4983.0,4.0,3857.0,1917.172983848862
2026-09-13 06:40:46.818,0.21379487832967187,0.15475,0.619,4983.0,4.0,3857.0,1917.172983848862
2026-09-13 06:40:46.869,0.21379487832967187,0.15475,0.619,4983.0,4.0,3857.0,1917.172983848862
2026-09-13 06:40:48.887,0.21379487832967187,0.15475,0.619,4983.0,4.0,3857.0,1917.172983848862
2026-09-13 06:40:48.920,0.21379487832967187,0.15475,0.619,4983.0,4.0,3857.0,1917.172983848862
2026-09-13 06:40:50.319,0.214294190308555,0.155,0.62,4983.0,4.0,3857.0,1917.172983848862
2026-09-13 06:40:50.369,0.21445648354230873,0.15475,0.619,4983.0,4.0,3857.0,1917.172983848862
2026-09-13 06:40:52.387,0.21445648354230873,0.15475,0.619,4983.0,4.0,3857.0,1917.172983848862
2026-09-13 06:40:52.421,0.21426774527834527,0.155,0.62,4983.0,4.0,3857.0,1917.172983848862
2026-09-13 06:40:53.819,0.21426774527834527,0.155,0.62,4983.0,4.0,3857.0,1917.172983848862
2026-09-13 06:40:53.869,0.21426774527834527,0.155,0.62,4983.0,4.0,3857.0,1917.172983848862
2026-09-13 06:40:55.887,0.21426774527834527,0.155,0.62,4983.0,4.0,3857.0,1917.172983848862
2026-09-13 06:40:55.921,0.21426774527834527,0.155,0.62,4983.0,4.0,3857.0,1917.172983848862
2026-09-13 06:40:57.319,0.21376837153018186,0.15475,0.619,4983.0,4.0,3857.0,1917.172983848862
2026-09-13 06:40:57.370,0.2136055554833079,0.155,0.62,4983.0,4.0,3857.0,1917.172983848862
2026-09-13 06:40:59.387,0.2136055554833079,0.155,0.62,4983.0,4.0,3857.0,1917.172983848862
2026-09-13 06:40:59.421,0.2136055554833079,0.155,0.62,4983.0,4.0,3857.0,1917.172983848862
2026-09-13 06:41:00.819,0.21410491976287202,0.15525,0.621,4983.0,4.0,3857.0,1917.172983848862
2026-09-13 06:41:00.870,0.21410491976287202,0.15525,0.621,4983.0,4.0,3857.0,1917.172983848862
2026-09-13 06:41:02.887,0.21410491976287202,0.15525,0.621,4983.0,4.0,3857.0,1917.172983848862
2026-09-13 06:41:02.921,0.21410491976287202,0.15525,0.621,4983.0,4.0,3857.0,1917.172983848862
2026-09-13 06:41:04.319,0.2136055554833079,0.155,0.62,4983.0,4.0,3857.0,1917.172983848862
2026-09-13 06:41:04.370,0.2136055554833079,0.155,0.62,4983.0,4.0,3857.0,1917.172983848862
2026-09-13 06:41:06.387,0.2136055554833079,0.155,0.62,4983.0,4.0,3857.0,1917.172983848862
2026-09-13 06:41:06.421,0.2136055554833079,0.155,0.62,4983.0,4.0,3857.0,1917.172983848862
2026-09-13 06:41:07.819,0.2136055554833079,0.155,0.62,4983.0,4.0,3857.0,1917.172983848862
2026-09-13 06:41:07.870,0.2136055554833079,0.155,0.62,4983.0,4.0,3857.0,1917.172983848862
2026-09-13 06:41:09.887,0.2136055554833079,0.155,0.62,4983.0,4.0,3857.0,1917.172983848862
2026-09-13 06:41:09.921,0.2136055554833079,0.155,0.62,4983.0,4.0,3857.0,1917.172983848862
2026-09-13 06:41:11.319,0.2136055554833079,0.155,0.62,4983.0,4.0,3857.0,1917.172983848862
2026-09-13 06:41:11.370,0.2136055554833079,0.155,0.62,4983.0,4.0,3857.0,1917.172983848862
2026-09-13 06:41:13.387,0.2136055554833079,0.155,0.62,4983.0,4.0,3857.0,1917.172983848862
2026-09-13 06:41:13.421,0.2136055554833079,0.155,0.62,4983.0,4.0,3857.0,1917.172983848862
2026-09-13 06:41:14.819,0.2136055554833079,0.155,0.62,4983.0,4.0,3857.0,1917.172983848862
2026-09-13 06:41:14.870,0.2136055554833079,0.155,0.62,4983.0,4.0,3857.0,1917.172983848862
2026-09-13 06:41:16.887,0.2136055554833079,0.155,0.62,4983.0,4.0,3857.0,1917.172983848862
2026-09-13 06:41:16.921,0.2136055554833079,0.155,0.62,4983.0,4.0,3857.0,1917.172983848862
2026-09-13 06:41:18.319,0.2136055554833079,0.155,0.62,4983.0,4.0,3857.0,1917.172983848862
2026-09-13 06:41:18.370,0.2136055554833079,0.155,0.62,4983.0,4.0,3857.0,1917.172983848862
2026-09-13 06:41:20.387,0.2136055554833079,0.155,0.62,4983.0,4.0,3857.0,1917.172983848862
2026-09-13 06:41:20.421,0.2136055554833079,0.155,0.62,4983.0,4.0,3857.0,1917.172983848862
2026-09-13 06:41:21.819,0.2136055554833079,0.155,0.62,4983.0,4.0,3857.0,1917.172983848862
2026-09-13 06:41:21.870,0.2136055554833079,0.155,0.62,4983.0,4.0,3857.0,1917.172983848862
2026-09-13 06:41:23.887,0.2136055554833079,0.155,0.62,4983.0,4.0,3857.0,1917.172983848862
2026-09-13 06:41:23.921,0.2136055554833079,0.155,0.62,4983.0,4.0,3857.0,1917.172983848862
2026-09-13 06:41:25.319,0.2136055554833079,0.155,0.62,4983.0,4.0,3857.0,1917.172983848862
2026-09-13 06:41:25.370,0.2136055554833079,0.155,0.62,4983.0,4.0,3857.0,1917.172983848862
2026-09-13 06:41:27.387,0.2136055554833079,0.155,0.62,4983.0,4.0,3857.0,1917.172983848862
2026-09-13 06:41:27.421,0.2136055554833079,0.155,0.62,4983.0,4.0,3857.0,1917.172983848862
2026-09-13 06:41:28.819,0.2136055554833079,0.155,0.62,4983.0,4.0,3857.0,1917.172983848862
2026-09-13 06:41:28.870,0.2136055554833079,0.155,0.62,4983.0,4.0,3857.0,1917.172983848862
2026-09-13 06:41:30.887,0.2136055554833079,0.155,0.62,4983.0,4.0,3857.0,1917.172983848862
2026-09-13 06:41:30.921,0.2136055554833079,0.155,0.62,4983.0,4.0,3857.0,1917.172983848862
2026-09-13 06:41:32.319,0.2136055554833079,0.155,0.62,4983.0,4.0,3857.0,1917.172983848862
2026-09-13 06:41:32.370,0.2136055554833079,0.155,0.62,4983.0,4.0,3857.0,1917.172983848862
2026-09-13 06:41:34.388,0.2136055554833079,0.155,0.62,4983.0,4.0,3857.0,1917.172983848862
2026-09-13 06:41:34.421,0.21379487832967187,0.15475,0.619,4983.0,4.0,3857.0,1917.172983848862
2026-09-13 06:41:35.819,0.21379487832967187,0.15475,0.619,4983.0,4.0,3857.0,1917.172983848862
2026-09-13 06:41:35.870,0.21379487832967187,0.15475,0.619,4983.0,4.0,3857.0,1917.172983848862
2026-09-13 06:41:37.888,0.21379487832967187,0.15475,0.619,4983.0,4.0,3857.0,1917.172983848862
2026-09-13 06:41:37.922,0.21360555548330787,0.155,0.62,4983.0,4.0,3857.0,1917.172983848862
2026-09-13 06:41:39.320,0.214104919762872,0.15525,0.621,4983.0,4.0,3857.0,1917.172983848862
2026-09-13 06:41:39.370,0.21426774527834527,0.155,0.62,4983.0,4.0,3857.0,1917.172983848862
2026-09-13 06:41:41.388,0.21426774527834527,0.155,0.62,4983.0,4.0,3857.0,1917.172983848862
2026-09-13 06:41:41.422,0.21426774527834527,0.155,0.62,4983.0,4.0,3857.0,1917.172983848862
2026-09-13 06:41:43.461,0.534607254595994,0.31525000000000003,1.2610000000000001,4983.0,4.0,3857.0,1917.172983848862
2026-09-13 06:41:43.511,0.534607254595994,0.31525000000000003,1.2610000000000001,4983.0,4.0,3857.0,1917.172983848862
2026-09-13 06:41:45.130,0.534607254595994,0.31525000000000003,1.2610000000000001,4983.0,4.0,3857.0,1917.172983848862
2026-09-13 06:41:45.164,0.534607254595994,0.31525000000000003,1.2610000000000001,4983.0,4.0,3857.0,1917.172983848862
2026-09-13 06:41:46.562,0.2137683715301818,0.15475000000000005,0.6190000000000002,4983.0,4.0,3857.0,1917.172983848862
2026-09-13 06:41:46.613,0.21360555548330787,0.15500000000000005,0.6200000000000002,4983.0,4.0,3857.0,1917.172983848862
2026-09-13 06:41:48.630,0.21360555548330787,0.15500000000000005,0.6200000000000002,4983.0,4.0,3857.0,1917.172983848862
2026-09-13 06:41:48.664,0.21360555548330787,0.15500000000000005,0.6200000000000002,4983.0,4.0,3857.0,1917.172983848862
2026-09-13 06:41:50.062,0.21360555548330787,0.15500000000000005,0.6200000000000002,4983.0,4.0,3857.0,1917.172983848862
2026-09-13 06:41:50.113,0.21360555548330787,0.15500000000000005,0.6200000000000002,4983.0,4.0,3857.0,1917.172983848862
2026-09-13 06:41:52.130,0.21360555548330787,0.15500000000000005,0.6200000000000002,4983.0,4.0,3857.0,1917.172983848862
2026-09-13 06:41:52.164,0.21360555548330787,0.15500000000000005,0.6200000000000002,4983.0,4.0,3857.0,1917.172983848862
2026-09-13 06:41:53.562,0.21360555548330787,0.15500000000000005,0.6200000000000002,4983.0,4.0,3857.0,1917.172983848862
2026-09-13 06:41:53.613,0.21360555548330787,0.15500000000000005,0.6200000000000002,4983.0,4.0,3857.0,1917.172983848862
2026-09-13 06:41:55.630,0.21360555548330787,0.15500000000000005,0.6200000000000002,4983.0,4.0,3857.0,1917.172983848862
2026-09-13 06:41:55.664,0.21360555548330787,0.15500000000000005,0.6200000000000002,4983.0,4.0,3857.0,1917.172983848862
2026-09-13 06:41:57.062,0.21360555548330787,0.15500000000000005,0.6200000000000002,4983.0,4.0,3857.0,1917.172983848862
2026-09-13 06:41:57.113,0.21360555548330787,0.15500000000000005,0.6200000000000002,4983.0,4.0,3857.0,1917.172983848862
2026-09-13 06:41:59.130,0.21360555548330787,0.15500000000000005,0.6200000000000002,4983.0,4.0,3857.0,1917.172983848862
2026-09-13 06:41:59.164,0.21360555548330787,0.15500000000000005,0.6200000000000002,4983.0,4.0,3857.0,1917.172983848862
2026-09-13 06:42:00.562,0.21360555548330787,0.15500000000000005,0.6200000000000002,4983.0,4.0,3857.0,1917.172983848862
2026-09-13 06:42:00.613,0.21360555548330787,0.15500000000000005,0.6200000000000002,4983.0,4.0,3857.0,1917.172983848862
2026-09-13 06:42:02.630,0.21360555548330787,0.15500000000000005,0.6200000000000002,4983.0,4.0,3857.0,1917.172983848862
2026-09-13 06:42:02.664,0.21360555548330787,0.15500000000000005,0.6200000000000002,4983.0,4.0,3857.0,1917.172983848862
2026-09-13 06:42:04.062,0.0359861084308812,0.06550000000000006,0.26200000000000023,4983.0,4.0,3857.0,1917.172983848862
2026-09-13 06:42:04.112,0.03612363030850866,0.06525000000000006,0.26100000000000023,4983.0,4.0,3857.0,1917.172983848862
2026-09-13 06:42:06.130,0.03612363030850866,0.06525000000000006,0.26100000000000023,4983.0,4.0,3857.0,1917.172983848862
2026-09-13 06:42:06.164,0.03612363030850866,0.06525000000000006,0.26100000000000023,4983.0,4.0,3857.0,1917.172983848862
2026-09-13 06:42:07.562,0.2137683715301818,0.15475000000000005,0.6190000000000002,4983.0,4.0,3857.0,1917.172983848862
2026-09-13 06:42:07.613,0.21360555548330787,0.15500000000000005,0.6200000000000002,4983.0,4.0,3857.0,1917.172983848862
2026-09-13 06:42:09.630,0.21360555548330787,0.15500000000000005,0.6200000000000002,4983.0,4.0,3857.0,1917.172983848862
2026-09-13 06:42:09.664,0.21360555548330787,0.15500000000000005,0.6200000000000002,4983.0,4.0,3857.0,1917.172983848862
2026-09-13 06:42:11.062,0.21360555548330787,0.15500000000000005,0.6200000000000002,4983.0,4.0,3857.0,1917.172983848862
2026-09-13 06:42:11.113,0.21360555548330787,0.15500000000000005,0.6200000000000002,4983.0,4.0,3857.0,1917.172983848862
2026-09-13 06:42:13.130,0.21360555548330787,0.15500000000000005,0.6200000000000002,4983.0,4.0,3857.0,1917.172983848862
2026-09-13 06:42:13.164,0.21360555548330787,0.15500000000000005,0.6200000000000002,4983.0,4.0,3857.0,1917.172983848862
2026-09-13 06:42:14.562,0.21360555548330787,0.15500000000000005,0.6200000000000002,4983.0,4.0,3857.0,1917.172983848862
2026-09-13 06:42:14.613,0.21360555548330787,0.15500000000000005,0.6200000000000002,4983.0,4.0,3857.0,1917.172983848862
2026-09-13 06:42:16.630,0.21360555548330787,0.15500000000000005,0.6200000000000002,4983.0,4.0,3857.0,1917.172983848862
2026-09-13 06:42:16.664,0.21360555548330787,0.15500000000000005,0.6200000000000002,4983.0,4.0,3857.0,1917.172983848862
2026-09-13 06:42:18.062,0.21360555548330787,0.15500000000000005,0.6200000000000002,4983.0,4.0,3857.0,1917.172983848862
2026-09-13 06:42:18.113,0.21360555548330787,0.15500000000000005,0.6200000000000002,4983.0,4.0,3857.0,1917.172983848862
2026-09-13 06:42:20.131,0.2134578412708214,0.15525000000000005,0.6210000000000002,4983.0,4.0,3857.0,1917.172983848862
2026-09-13 06:42:20.164,0.2136476850642958,0.15500000000000005,0.6200000000000002,4983.0,4.0,3857.0,1917.172983848862
2026-09-13 06:42:21.562,0.2136476850642958,0.15500000000000005,0.6200000000000002,4983.0,4.0,3857.0,1917.172983848862
2026-09-13 06:42:21.613,0.2136476850642958,0.15500000000000005,0.6200000000000002,4983.0,4.0,3857.0,1917.172983848862
2026-09-13 06:42:23.631,0.21379487832967184,0.15475000000000005,0.6190000000000002,4983.0,4.0,3857.0,1917.172983848862
2026-09-13 06:42:23.664,0.21379487832967184,0.15475000000000005,0.6190000000000002,4983.0,4.0,3857.0,1917.172983848862
2026-09-13 06:42:25.063,0.21429419030855498,0.15500000000000005,0.6200000000000002,4983.0,4.0,3857.0,1917.172983848862
2026-09-13 06:42:25.113,0.21445648354230867,0.15475000000000005,0.6190000000000002,4983.0,4.0,3857.0,1917.172983848862
2026-09-13 06:42:27.131,0.21445648354230867,0.15475000000000005,0.6190000000000002,4983.0,4.0,3857.0,1917.172983848862
2026-09-13 06:42:27.165,0.21426774527834525,0.15500000000000005,0.6200000000000002,4983.0,4.0,3857.0,1917.172983848862
2026-09-13 06:42:28.563,0.21426774527834522,0.15500000000000005,0.6200000000000002,4983.0,4.0,3857.0,1917.172983848862
2026-09-13 06:42:28.613,0.21426774527834522,0.15500000000000005,0.6200000000000002,4983.0,4.0,3857.0,1917.172983848862
2026-09-13 06:42:30.631,0.21426774527834525,0.15500000000000005,0.6200000000000002,4983.0,4.0,3857.0,1917.172983848862
2026-09-13 06:42:30.665,0.21426774527834525,0.15500000000000005,0.6200000000000002,4983.0,4.0,3857.0,1917.172983848862
2026-09-13 06:42:32.063,0.21426774527834525,0.15500000000000005,0.6200000000000002,4983.0,4.0,3857.0,1917.172983848862
2026-09-13 06:42:32.113,0.21426774527834525,0.15500000000000005,0.6200000000000002,4983.0,4.0,3857.0,1917.172983848862
2026-09-13 06:42:34.131,0.21426774527834525,0.15500000000000005,0.6200000000000002,4983.0,4.0,3857.0,1917.172983848862
2026-09-13 06:42:34.165,0.21426774527834525,0.15500000000000005,0.6200000000000002,4983.0,4.0,3857.0,1917.172983848862
2026-09-13 06:42:35.563,0.21426774527834525,0.15500000000000005,0.6200000000000002,4983.0,4.0,3857.0,1917.172983848862
2026-09-13 06:42:35.614,0.21410491976287196,0.15525000000000005,0.6210000000000002,4983.0,4.0,3857.0,1917.172983848862
2026-09-13 06:42:37.631,0.21410491976287196,0.15525000000000005,0.6210000000000002,4983.0,4.0,3857.0,1917.172983848862
2026-09-13 06:42:37.665,0.21410491976287196,0.15525000000000005,0.6210000000000002,4983.0,4.0,3857.0,1917.172983848862
2026-09-13 06:42:39.063,0.21360555548330787,0.15500000000000005,0.6200000000000002,4983.0,4.0,3857.0,1917.172983848862
2026-09-13 06:42:39.114,0.21360555548330787,0.15500000000000005,0.6200000000000002,4983.0,4.0,3857.0,1917.172983848862
2026-09-13 06:42:41.131,0.21360555548330787,0.15500000000000005,0.6200000000000002,4983.0,4.0,3857.0,1917.172983848862
2026-09-13 06:42:41.165,0.21360555548330787,0.15500000000000005,0.6200000000000002,4983.0,4.0,3857.0,1917.172983848862
2026-09-13 06:42:42.563,0.21360555548330787,0.15500000000000005,0.6200000000000002,4983.0,4.0,3857.0,1917.172983848862
2026-09-13 06:42:42.614,0.21360555548330787,0.15500000000000005,0.6200000000000002,4983.0,4.0,3857.0,1917.172983848862
2026-09-13 06:42:44.631,0.21360555548330787,0.15500000000000005,0.6200000000000002,4983.0,4.0,3857.0,1917.172983848862
2026-09-13 06:42:44.665,0.21360555548330787,0.15500000000000005,0.6200000000000002,4983.0,4.0,3857.0,1917.172983848862
2026-09-13 06:42:46.063,0.21360555548330787,0.15500000000000005,0.6200000000000002,4983.0,4.0,3857.0,1917.172983848862
2026-09-13 06:42:46.114,0.21360555548330787,0.15500000000000005,0.6200000000000002,4983.0,4.0,3857.0,1917.172983848862
2026-09-13 06:42:48.131,0.21360555548330787,0.15500000000000005,0.6200000000000002,4983.0,4.0,3857.0,1917.172983848862
2026-09-13 06:42:48.165,0.21360555548330787,0.15500000000000005,0.6200000000000002,4983.0,4.0,3857.0,1917.172983848862
2026-09-13 06:42:49.563,0.21360555548330787,0.15500000000000005,0.6200000000000002,4983.0,4.0,3857.0,1917.172983848862
2026-09-13 06:42:49.614,0.21360555548330787,0.15500000000000005,0.6200000000000002,4983.0,4.0,3857.0,1917.172983848862
2026-09-13 06:42:51.631,0.21360555548330787,0.15500000000000005,0.6200000000000002,4983.0,4.0,3857.0,1917.172983848862
2026-09-13 06:42:51.665,0.21360555548330787,0.15500000000000005,0.6200000000000002,4983.0,4.0,3857.0,1917.172983848862
2026-09-13 06:42:53.063,0.21360555548330787,0.15500000000000005,0.6200000000000002,4983.0,4.0,3857.0,1917.172983848862
2026-09-13 06:42:53.114,0.21360555548330787,0.15500000000000005,0.6200000000000002,4983.0,4.0,3857.0,1917.172983848862
2026-09-13 06:42:55.131,0.21360555548330787,0.15500000000000005,0.6200000000000002,4983.0,4.0,3857.0,1917.172983848862
2026-09-13 06:42:55.165,0.21360555548330787,0.15500000000000005,0.6200000000000002,4983.0,4.0,3857.0,1917.172983848862
2026-09-13 06:42:56.563,0.21360555548330787,0.15500000000000005,0.6200000000000002,4983.0,4.0,3857.0,1917.172983848862
2026-09-13 06:42:56.614,0.21360555548330787,0.15500000000000005,0.6200000000000002,4983.0,4.0,3857.0,1917.172983848862
2026-09-13 06:42:58.631,0.21360555548330787,0.15500000000000005,0.6200000000000002,4983.0,4.0,3857.0,1917.172983848862
2026-09-13 06:42:58.665,0.21360555548330787,0.15500000000000005,0.6200000000000002,4983.0,4.0,3857.0,1917.172983848862
2026-09-13 06:43:00.063,0.21360555548330787,0.15500000000000005,0.6200000000000002,4983.0,4.0,3857.0,1917.172983848862
2026-09-13 06:43:00.114,0.21360555548330787,0.15500000000000005,0.6200000000000002,4983.0,4.0,3857.0,1917.172983848862
2026-09-13 06:43:02.131,0.21360555548330787,0.15500000000000005,0.6200000000000002,4983.0,4.0,3857.0,1917.172983848862
2026-09-13 06:43:02.165,0.21360555548330787,0.15500000000000005,0.6200000000000002,4983.0,4.0,3857.0,1917.172983848862
2026-09-13 06:43:03.563,0.21360555548330787,0.15500000000000005,0.6200000000000002,4983.0,4.0,3857.0,1917.172983848862
2026-09-13 06:43:03.614,0.21360555548330787,0.15500000000000005,0.6200000000000002,4983.0,4.0,3857.0,1917.172983848862
2026-09-13 06:43:05.631,0.21360555548330787,0.15500000000000005,0.6200000000000002,4983.0,4.0,3857.0,1917.172983848862
2026-09-13 06:43:05.665,0.21360555548330787,0.15500000000000005,0.6200000000000002,4983.0,4.0,3857.0,1917.172983848862
2026-09-13 06:43:07.063,0.21360555548330787,0.15500000000000005,0.6200000000000002,4983.0,4.0,3857.0,1917.172983848862
2026-09-13 06:43:07.114,0.21360555548330787,0.15500000000000005,0.6200000000000002,4983.0,4.0,3857.0,1917.172983848862
2026-09-13 06:43:09.132,0.21345784127082137,0.15525000000000005,0.6210000000000002,4983.0,4.0,3857.0,1917.172983848862
2026-09-13 06:43:09.165,0.21364768506429577,0.15500000000000005,0.6200000000000002,4983.0,4.0,3857.0,1917.172983848862
2026-09-13 06:43:10.563,0.21364768506429577,0.15500000000000005,0.6200000000000002,4983.0,4.0,3857.0,1917.172983848862
2026-09-13 06:43:10.614,0.21364768506429577,0.15500000000000005,0.6200000000000002,4983.0,4.0,3857.0,1917.172983848862
2026-09-13 06:43:12.632,0.2137948783296718,0.15475000000000005,0.6190000000000002,4983.0,4.0,3857.0,1917.172983848862
2026-09-13 06:43:12.666,0.21360555548330784,0.15500000000000005,0.6200000000000002,4983.0,4.0,3857.0,1917.172983848862
2026-09-13 06:43:14.064,0.21410491976287194,0.15525000000000005,0.6210000000000002,4983.0,4.0,3857.0,1917.172983848862
2026-09-13 06:43:14.114,0.21426774527834522,0.15500000000000005,0.6200000000000002,4983.0,4.0,3857.0,1917.172983848862
2026-09-13 06:43:16.132,0.21426774527834525,0.15500000000000005,0.6200000000000002,4983.0,4.0,3857.0,1917.172983848862
2026-09-13 06:43:16.166,0.21426774527834525,0.15500000000000005,0.6200000000000002,4983.0,4.0,3857.0,1917.172983848862
2026-09-13 06:43:17.564,0.21426774527834525,0.15500000000000005,0.6200000000000002,4983.0,4.0,3857.0,1917.172983848862
2026-09-13 06:43:17.615,0.21410491976287196,0.15525000000000005,0.6210000000000002,4983.0,4.0,3857.0,1917.172983848862
2026-09-13 06:43:19.632,0.21410491976287196,0.15525000000000005,0.6210000000000002,4983.0,4.0,3857.0,1917.172983848862
2026-09-13 06:43:19.666,0.21410491976287196,0.15525000000000005,0.6210000000000002,4983.0,4.0,3857.0,1917.172983848862
2026-09-13 06:43:21.064,0.21410491976287196,0.15525000000000005,0.6210000000000002,4983.0,4.0,3857.0,1917.172983848862
2026-09-13 06:43:21.115,0.21410491976287196,0.15525000000000005,0.6210000000000002,4983.0,4.0,3857.0,1917.172983848862
2026-09-13 06:43:23.132,0.21410491976287196,0.15525000000000005,0.6210000000000002,4983.0,4.0,3857.0,1917.172983848862
2026-09-13 06:43:23.166,0.21410491976287196,0.15525000000000005,0.6210000000000002,4983.0,4.0,3857.0,1917.172983848862
2026-09-13 06:43:24.564,0.21410491976287196,0.15525000000000005,0.6210000000000002,4983.0,4.0,3857.0,1917.172983848862
2026-09-13 06:43:24.615,0.21410491976287196,0.15525000000000005,0.6210000000000002,4983.0,4.0,3857.0,1917.172983848862
2026-09-13 06:43:26.632,0.21410491976287196,0.15525000000000005,0.6210000000000002,4983.0,4.0,3857.0,1917.172983848862
2026-09-13 06:43:26.666,0.21410491976287196,0.15525000000000005,0.6210000000000002,4983.0,4.0,3857.0,1917.172983848862
2026-09-13 06:43:28.064,0.21360555548330784,0.15500000000000005,0.6200000000000002,4983.0,4.0,3857.0,1917.172983848862
2026-09-13 06:43:28.115,0.21360555548330784,0.15500000000000005,0.6200000000000002,4983.0,4.0,3857.0,1917.172983848862
2026-09-13 06:43:30.132,0.21360555548330784,0.15500000000000005,0.6200000000000002,4983.0,4.0,3857.0,1917.172983848862
2026-09-13 06:43:30.166,0.21360555548330784,0.15500000000000005,0.6200000000000002,4983.0,4.0,3857.0,1917.172983848862
2026-09-13 06:43:31.564,0.21360555548330784,0.15500000000000005,0.6200000000000002,4983.0,4.0,3857.0,1917.172983848862
2026-09-13 06:43:31.615,0.21360555548330784,0.15500000000000005,0.6200000000000002,4983.0,4.0,3857.0,1917.172983848862
2026-09-13 06:43:33.632,0.21360555548330784,0.15500000000000005,0.6200000000000002,4983.0,4.0,3857.0,1917.172983848862
2026-09-13 06:43:33.666,0.21360555548330784,0.15500000000000005,0.6200000000000002,4983.0,4.0,3857.0,1917.172983848862
2026-09-13 06:43:35.064,0.21360555548330784,0.15500000000000005,0.6200000000000002,4983.0,4.0,3857.0,1917.172983848862
2026-09-13 06:43:35.115,0.21360555548330784,0.15500000000000005,0.6200000000000002,4983.0,4.0,3857.0,1917.172983848862
2026-09-13 06:43:37.132,0.21360555548330784,0.15500000000000005,0.6200000000000002,4983.0,4.0,3857.0,1917.172983848862
2026-09-13 06:43:37.166,0.21360555548330784,0.15500000000000005,0.6200000000000002,4983.0,4.0,3857.0,1917.172983848862
2026-09-13 06:43:38.564,0.21360555548330784,0.15500000000000005,0.6200000000000002,4983.0,4.0,3857.0,1917.172983848862
2026-09-13 06:43:38.615,0.21360555548330784,0.15500000000000005,0.6200000000000002,4983.0,4.0,3857.0,1917.172983848862
2026-09-13 06:43:40.632,0.21360555548330784,0.15500000000000005,0.6200000000000002,4983.0,4.0,3857.0,1917.172983848862
2026-09-13 06:43:40.666,0.21360555548330784,0.15500000000000005,0.6200000000000002,4983.0,4.0,3857.0,1917.172983848862
2026-09-13 06:43:42.573,0.21360555548330784,0.15500000000000005,0.6200000000000002,4983.0,4.0,3857.0,1917.172983848862
2026-09-13 06:43:45.670,0.21218761352475904,0.15725000000000006,0.6290000000000002,1360.0,3.0,22.0,4.932882857008882
2026-09-13 06:43:45.704,0.21651385636951545,0.15075000000000005,0.6030000000000002,1360.0,3.0,17.0,5.678908341189991
2026-09-13 06:43:47.102,0.2473337825692221,0.261,1.044,1360.0,3.0,29.0,5.852349950886472
2026-09-13 06:43:47.153,0.21360555548330787,0.15500000000000005,0.6200000000000002,4983.0,4.0,3857.0,1917.172983848862
2026-09-13 06:43:49.170,0.21360555548330787,0.15500000000000005,0.6200000000000002,4983.0,4.0,3857.0,1917.172983848862
2026-09-13 06:43:49.204,0.21360555548330787,0.15500000000000005,0.6200000000000002,4983.0,4.0,3857.0,1917.172983848862
2026-09-13 06:43:50.602,0.21360555548330787,0.15500000000000005,0.6200000000000002,4983.0,4.0,3857.0,1917.172983848862
2026-09-13 06:43:50.653,0.21360555548330787,0.15500000000000005,0.6200000000000002,4983.0,4.0,3857.0,1917.172983848862
2026-09-13 06:43:53.180,0.21360555548330787,0.15500000000000005,0.6200000000000002,4983.0,4.0,3857.0,1917.172983848862
2026-09-13 06:43:53.214,0.21360555548330787,0.15500000000000005,0.6200000000000002,4983.0,4.0,3857.0,1917.172983848862
2026-09-13 06:43:55.122,0.4684573975649574,0.2825000000000001,1.1300000000000003,4983.0,4.0,3857.0,1917.172983848862
2026-09-13 06:43:58.729,0.466834017612255,0.2850000000000001,1.1400000000000003,1360.0,3.0,22.0,4.932882857008882
2026-09-13 06:44:00.737,0.4457387127006126,0.38850000000000007,1.5540000000000003,1360.0,3.0,29.0,5.852349950886472
2026-09-13 06:44:00.789,0.4410328785929676,0.39300000000000007,1.5720000000000003,4983.0,3.0,3869.0,1915.1695094690572
2026-09-13 06:44:04.264,0.45180305443854546,0.399,1.596,4983.0,3.0,3862.0,1916.336174405024
2026-09-13 06:44:07.293,0.4641496705446057,0.63625,2.545,4983.0,3.0,3869.0,1915.1695094690572
2026-09-13 06:44:11.339,0.4786668987928865,0.77,3.08,4983.0,3.0,3862.0,1916.336174405024
2026-09-13 06:44:11.374,0.48716689474279007,0.7657499999999999,3.0629999999999997,1360.0,3.0,22.0,4.9328828570086625
2026-09-13 06:44:12.408,0.4711937853297013,0.6322500000000001,2.5290000000000004,1360.0,3.0,29.0,5.852349950886299
2026-09-13 06:44:12.459,0.45873267451388916,0.3925,1.57,4983.0,4.0,3857.0,1917.172983848862
2026-09-13 06:44:14.476,0.21341723610492588,0.15525000000000005,0.6210000000000002,4983.0,4.0,3857.0,1917.172983848862
2026-09-13 06:44:14.510,0.21360555548330748,0.15500000000000005,0.6200000000000002,4983.0,4.0,3857.0,1917.172983848862
2026-09-13 06:44:15.908,0.21360555548330748,0.15500000000000005,0.6200000000000002,4983.0,4.0,3857.0,1917.172983848862
2026-09-13 06:44:15.959,0.21360555548330748,0.15500000000000005,0.6200000000000002,4983.0,4.0,3857.0,1917.172983848862
2026-09-13 06:44:17.976,0.21360555548330748,0.15500000000000005,0.6200000000000002,4983.0,4.0,3857.0,1917.172983848862
2026-09-13 06:44:18.010,0.21360555548330748,0.15500000000000005,0.6200000000000002,4983.0,4.0,3857.0,1917.172983848862
2026-09-13 06:44:19.408,0.21360555548330748,0.15500000000000005,0.6200000000000002,4983.0,4.0,3857.0,1917.172983848862
2026-09-13 06:44:19.459,0.21360555548330748,0.15500000000000005,0.6200000000000002,4983.0,4.0,3857.0,1917.172983848862
2026-09-13 06:44:21.476,0.21360555548330748,0.15500000000000005,0.6200000000000002,4983.0,4.0,3857.0,1917.172983848862
2026-09-13 06:44:21.510,0.21360555548330748,0.15500000000000005,0.6200000000000002,4983.0,4.0,3857.0,1917.172983848862
2026-09-13 06:44:22.908,0.21360555548330748,0.15500000000000005,0.6200000000000002,4983.0,4.0,3857.0,1917.172983848862
2026-09-13 06:44:22.959,0.21360555548330748,0.15500000000000005,0.6200000000000002,4983.0,4.0,3857.0,1917.172983848862
2026-09-13 06:44:24.976,0.21360555548330748,0.15500000000000005,0.6200000000000002,4983.0,4.0,3857.0,1917.172983848862
2026-09-13 06:44:25.010,0.21360555548330748,0.15500000000000005,0.6200000000000002,4983.0,4.0,3857.0,1917.172983848862
2026-09-13 06:44:26.408,0.21360555548330748,0.15500000000000005,0.6200000000000002,4983.0,4.0,3857.0,1917.172983848862
2026-09-13 06:44:26.459,0.21360555548330748,0.15500000000000005,0.6200000000000002,4983.0,4.0,3857.0,1917.172983848862
2026-09-13 06:44:28.476,0.21360555548330748,0.15500000000000005,0.6200000000000002,4983.0,4.0,3857.0,1917.172983848862
2026-09-13 06:44:28.510,0.21360555548330748,0.15500000000000005,0.6200000000000002,4983.0,4.0,3857.0,1917.172983848862
2026-09-13 06:44:29.908,0.21360555548330748,0.15500000000000005,0.6200000000000002,4983.0,4.0,3857.0,1917.172983848862
2026-09-13 06:44:29.959,0.21360555548330748,0.15500000000000005,0.6200000000000002,4983.0,4.0,3857.0,1917.172983848862
2026-09-13 06:44:31.976,0.21360555548330748,0.15500000000000005,0.6200000000000002,4983.0,4.0,3857.0,1917.172983848862
2026-09-13 06:44:32.010,0.21360555548330748,0.15500000000000005,0.6200000000000002,4983.0,4.0,3857.0,1917.172983848862
2026-09-13 06:44:33.918,0.4809541731461177,0.28875000000000006,1.1550000000000002,4983.0,4.0,3857.0,1917.172983848862
2026-09-13 06:44:33.968,0.48111918135391957,0.2885000000000001,1.1540000000000004,4983.0,4.0,3857.0,1917.172983848862
2026-09-13 06:44:37.445,0.5589132311906735,0.526,2.104,4983.0,4.0,3857.0,1917.172983848862
2026-09-13 06:44:37.480,0.5586199513085791,0.5262500000000001,2.1050000000000004,4983.0,4.0,3857.0,1917.172983848862
2026-09-13 06:44:39.964,0.5586199513085791,0.5262500000000001,2.1050000000000004,4983.0,4.0,3857.0,1917.172983848862
2026-09-13 06:44:45.061,0.4874999999999994,0.7662500000000001,3.0650000000000004,1360.0,3.0,22.0,4.932882857008882
2026-09-13 06:44:48.090,0.4874999999999994,0.7662500000000001,3.0650000000000004,1360.0,3.0,29.0,5.852349950886472
2026-09-13 06:44:53.166,0.0005000000000000375,1.00975,4.039,60.0,2.0,34.0,4.041451877849809
2026-09-13 06:44:56.195,0.0005000000000000375,1.00975,4.039,60.0,2.0,34.0,4.041451877849809
2026-09-13 06:45:00.241,0.0005773502691896156,1.0095,4.038,60.0,2.0,34.0,4.041451877849809
2026-09-13 06:45:04.290,0.0005773502691896156,1.0095,4.038,60.0,2.0,34.0,4.041451877849809
2026-09-13 06:45:08.336,0.0005773502691896156,1.0095,4.038,60.0,2.0,34.0,4.041451877849809
2026-09-13 06:45:11.365,0.0005773502691896156,1.0095,4.038,60.0,2.0,34.0,4.041451877849809
2026-09-13 06:45:11.415,0.47983356489516227,0.7697499999999999,3.0789999999999997,4983.0,3.0,3869.0,1915.1695094690572
2026-09-13 06:45:15.921,0.47966689830895487,0.7695000000000001,3.0780000000000003,4983.0,3.0,3862.0,1916.336174405024
2026-09-13 06:45:18.950,0.4758070337157,0.7635000000000001,3.0540000000000003,4983.0,3.0,3869.0,1915.1695094690572
2026-09-13 06:45:22.997,0.4758070337157,0.7635000000000001,3.0540000000000003,4983.0,3.0,3862.0,1916.336174405024
2026-09-13 06:45:23.031,0.4838047126682417,0.7595,3.038,1360.0,3.0,22.0,4.9328828570086625
2026-09-13 06:45:24.575,0.4839768417324669,0.75975,3.039,1360.0,3.0,29.0,5.852349950886299
2026-09-13 06:45:24.625,0.558913231190674,0.526,2.104,4983.0,4.0,3857.0,1917.172983848862
2026-09-13 06:45:28.692,0.480961103763426,0.28875,1.155,4983.0,4.0,3857.0,1917.172983848862
2026-09-13 06:45:28.726,0.480961103763426,0.28875,1.155,4983.0,4.0,3857.0,1917.172983848862
2026-09-13 06:45:30.632,0.21312183526486972,0.15475,0.619,4983.0,4.0,3857.0,1917.172983848862
2026-09-13 06:45:30.684,0.21279626406494923,0.15525,0.621,4983.0,4.0,3857.0,1917.172983848862
2026-09-13 06:45:33.209,0.2129444371974364,0.155,0.62,4983.0,4.0,3857.0,1917.172983848862
2026-09-13 06:45:33.243,0.2129444371974364,0.155,0.62,4983.0,4.0,3857.0,1917.172983848862
2026-09-13 06:45:34.641,0.21344378651063983,0.15525,0.621,4983.0,4.0,3857.0,1917.172983848862
2026-09-13 06:45:34.692,0.21360555548330884,0.155,0.62,4983.0,4.0,3857.0,1917.172983848862
2026-09-13 06:45:37.739,0.21360555548330884,0.155,0.62,4983.0,4.0,3857.0,1917.172983848862
2026-09-13 06:45:37.773,0.21360555548330884,0.155,0.62,4983.0,4.0,3857.0,1917.172983848862
2026-09-13 06:45:39.170,0.21360555548330884,0.155,0.62,4983.0,4.0,3857.0,1917.172983848862
2026-09-13 06:45:39.221,0.21360555548330884,0.155,0.62,4983.0,4.0,3857.0,1917.172983848862
2026-09-13 06:45:41.239,0.21360555548330884,0.155,0.62,4983.0,4.0,3857.0,1917.172983848862
2026-09-13 06:45:41.273,0.21360555548330884,0.155,0.62,4983.0,4.0,3857.0,1917.172983848862
2026-09-13 06:45:42.671,0.21410491976287294,0.15525,0.621,4983.0,4.0,3857.0,1917.172983848862
2026-09-13 06:45:42.721,0.21426774527834622,0.155,0.62,4983.0,4.0,3857.0,1917.172983848862
2026-09-13 06:45:44.739,0.21426774527834622,0.155,0.62,4983.0,4.0,3857.0,1917.172983848862
2026-09-13 06:45:44.773,0.21426774527834622,0.155,0.62,4983.0,4.0,3857.0,1917.172983848862
2026-09-13 06:45:46.171,0.2142677452783462,0.155,0.62,4983.0,4.0,3857.0,1917.172983848862
2026-09-13 06:45:46.221,0.2142677452783462,0.155,0.62,4983.0,4.0,3857.0,1917.172983848862
2026-09-13 06:45:48.239,0.2142677452783462,0.155,0.62,4983.0,4.0,3857.0,1917.172983848862
2026-09-13 06:45:48.273,0.2142677452783462,0.155,0.62,4983.0,4.0,3857.0,1917.172983848862
2026-09-13 06:45:49.671,0.21376837153018277,0.15475,0.619,4983.0,4.0,3857.0,1917.172983848862
2026-09-13 06:45:49.722,0.2136055554833088,0.155,0.62,4983.0,4.0,3857.0,1917.172983848862
2026-09-13 06:45:51.739,0.2136055554833088,0.155,0.62,4983.0,4.0,3857.0,1917.172983848862
2026-09-13 06:45:51.773,0.2136055554833088,0.155,0.62,4983.0,4.0,3857.0,1917.172983848862
2026-09-13 06:45:53.171,0.2136055554833088,0.155,0.62,4983.0,4.0,3857.0,1917.172983848862
2026-09-13 06:45:53.222,0.2136055554833088,0.155,0.62,4983.0,4.0,3857.0,1917.172983848862
2026-09-13 06:45:55.239,0.2136055554833088,0.155,0.62,4983.0,4.0,3857.0,1917.172983848862
2026-09-13 06:45:55.273,0.2136055554833088,0.155,0.62,4983.0,4.0,3857.0,1917.172983848862
2026-09-13 06:45:56.671,0.2136055554833088,0.155,0.62,4983.0,4.0,3857.0,1917.172983848862
2026-09-13 06:45:56.722,0.2136055554833088,0.155,0.62,4983.0,4.0,3857.0,1917.172983848862
2026-09-13 06:45:58.739,0.2136055554833088,0.155,0.62,4983.0,4.0,3857.0,1917.172983848862
2026-09-13 06:45:58.773,0.2136055554833088,0.155,0.62,4983.0,4.0,3857.0,1917.172983848862
2026-09-13 06:46:00.171,0.2136055554833088,0.155,0.62,4983.0,4.0,3857.0,1917.172983848862
2026-09-13 06:46:00.222,0.2136055554833088,0.155,0.62,4983.0,4.0,3857.0,1917.172983848862
2026-09-13 06:46:02.239,0.2136055554833088,0.155,0.62,4983.0,4.0,3857.0,1917.172983848862
2026-09-13 06:46:02.273,0.2136055554833088,0.155,0.62,4983.0,4.0,3857.0,1917.172983848862
2026-09-13 06:46:03.671,0.2136055554833088,0.155,0.62,4983.0,4.0,3857.0,1917.172983848862
2026-09-13 06:46:03.722,0.2136055554833088,0.155,0.62,4983.0,4.0,3857.0,1917.172983848862
2026-09-13 06:46:05.739,0.2136055554833088,0.155,0.62,4983.0,4.0,3857.0,1917.172983848862
2026-09-13 06:46:05.773,0.2136055554833088,0.155,0.62,4983.0,4.0,3857.0,1917.172983848862
2026-09-13 06:46:07.171,0.2136055554833088,0.155,0.62,4983.0,4.0,3857.0,1917.172983848862
2026-09-13 06:46:07.222,0.2136055554833088,0.155,0.62,4983.0,4.0,3857.0,1917.172983848862
2026-09-13 06:46:09.239,0.2136055554833088,0.155,0.62,4983.0,4.0,3857.0,1917.172983848862
2026-09-13 06:46:09.273,0.2136055554833088,0.155,0.62,4983.0,4.0,3857.0,1917.172983848862
2026-09-13 06:46:10.671,0.2136055554833088,0.155,0.62,4983.0,4.0,3857.0,1917.172983848862
2026-09-13 06:46:10.722,0.2136055554833088,0.155,0.62,4983.0,4.0,3857.0,1917.172983848862
2026-09-13 06:46:12.739,0.2136055554833088,0.155,0.62,4983.0,4.0,3857.0,1917.172983848862
2026-09-13 06:46:12.773,0.2136055554833088,0.155,0.62,4983.0,4.0,3857.0,1917.172983848862
2026-09-13 06:46:14.171,0.2136055554833088,0.155,0.62,4983.0,4.0,3857.0,1917.172983848862
2026-09-13 06:46:14.222,0.2136055554833088,0.155,0.62,4983.0,4.0,3857.0,1917.172983848862
2026-09-13 06:46:16.239,0.2136055554833088,0.155,0.62,4983.0,4.0,3857.0,1917.172983848862
2026-09-13 06:46:16.273,0.2136055554833088,0.155,0.62,4983.0,4.0,3857.0,1917.172983848862
2026-09-13 06:46:17.671,0.2136055554833088,0.155,0.62,4983.0,4.0,3857.0,1917.172983848862
2026-09-13 06:46:17.722,0.2136055554833088,0.155,0.62,4983.0,4.0,3857.0,1917.172983848862
2026-09-13 06:46:19.739,0.2136055554833088,0.155,0.62,4983.0,4.0,3857.0,1917.172983848862
2026-09-13 06:46:19.773,0.2136055554833088,0.155,0.62,4983.0,4.0,3857.0,1917.172983848862
2026-09-13 06:46:21.171,0.2136055554833088,0.155,0.62,4983.0,4.0,3857.0,1917.172983848862
2026-09-13 06:46:21.222,0.2136055554833088,0.155,0.62,4983.0,4.0,3857.0,1917.172983848862
2026-09-13 06:46:23.240,0.21345784127082235,0.15525,0.621,4983.0,4.0,3857.0,1917.172983848862
2026-09-13 06:46:23.273,0.21364768506429674,0.155,0.62,4983.0,4.0,3857.0,1917.172983848862
2026-09-13 06:46:24.671,0.21364768506429674,0.155,0.62,4983.0,4.0,3857.0,1917.172983848862
2026-09-13 06:46:24.722,0.21364768506429674,0.155,0.62,4983.0,4.0,3857.0,1917.172983848862
2026-09-13 06:46:26.740,0.21379487832967276,0.15475,0.619,4983.0,4.0,3857.0,1917.172983848862
2026-09-13 06:46:26.773,0.21379487832967276,0.15475,0.619,4983.0,4.0,3857.0,1917.172983848862
2026-09-13 06:46:28.171,0.21379487832967276,0.15475,0.619,4983.0,4.0,3857.0,1917.172983848862
2026-09-13 06:46:28.222,0.21379487832967276,0.15475,0.619,4983.0,4.0,3857.0,1917.172983848862
2026-09-13 06:46:30.240,0.21379487832967276,0.15475,0.619,4983.0,4.0,3857.0,1917.172983848862
2026-09-13 06:46:30.274,0.21360555548330878,0.155,0.62,4983.0,4.0,3857.0,1917.172983848862
2026-09-13 06:46:31.672,0.21410491976287288,0.15525,0.621,4983.0,4.0,3857.0,1917.172983848862
2026-09-13 06:46:31.722,0.21426774527834616,0.155,0.62,4983.0,4.0,3857.0,1917.172983848862
2026-09-13 06:46:33.740,0.2142677452783462,0.155,0.62,4983.0,4.0,3857.0,1917.172983848862
2026-09-13 06:46:33.774,0.2142677452783462,0.155,0.62,4983.0,4.0,3857.0,1917.172983848862
2026-09-13 06:46:35.172,0.2142677452783462,0.155,0.62,4983.0,4.0,3857.0,1917.172983848862
2026-09-13 06:46:35.223,0.21410491976287294,0.15525,0.621,4983.0,4.0,3857.0,1917.172983848862
2026-09-13 06:46:37.240,0.21410491976287294,0.15525,0.621,4983.0,4.0,3857.0,1917.172983848862
2026-09-13 06:46:37.274,0.21410491976287294,0.15525,0.621,4983.0,4.0,3857.0,1917.172983848862
2026-09-13 06:46:38.672,0.21410491976287294,0.15525,0.621,4983.0,4.0,3857.0,1917.172983848862
2026-09-13 06:46:38.723,0.21410491976287294,0.15525,0.621,4983.0,4.0,3857.0,1917.172983848862
2026-09-13 06:46:40.740,0.21410491976287294,0.15525,0.621,4983.0,4.0,3857.0,1917.172983848862
2026-09-13 06:46:40.774,0.21410491976287294,0.15525,0.621,4983.0,4.0,3857.0,1917.172983848862
2026-09-13 06:46:42.172,0.21360555548330878,0.155,0.62,4983.0,4.0,3857.0,1917.172983848862
2026-09-13 06:46:42.223,0.21360555548330878,0.155,0.62,4983.0,4.0,3857.0,1917.172983848862
2026-09-13 06:46:44.240,0.21360555548330878,0.155,0.62,4983.0,4.0,3857.0,1917.172983848862
2026-09-13 06:46:44.274,0.21360555548330878,0.155,0.62,4983.0,4.0,3857.0,1917.172983848862
2026-09-13 06:46:45.672,0.21360555548330878,0.155,0.62,4983.0,4.0,3857.0,1917.172983848862
2026-09-13 06:46:45.723,0.21360555548330878,0.155,0.62,4983.0,4.0,3857.0,1917.172983848862
2026-09-13 06:46:47.740,0.21360555548330878,0.155,0.62,4983.0,4.0,3857.0,1917.172983848862
2026-09-13 06:46:47.774,0.21360555548330878,0.155,0.62,4983.0,4.0,3857.0,1917.172983848862
2026-09-13 06:46:49.172,0.21360555548330878,0.155,0.62,4983.0,4.0,3857.0,1917.172983848862
2026-09-13 06:46:49.223,0.21360555548330878,0.155,0.62,4983.0,4.0,3857.0,1917.172983848862
2026-09-13 06:46:51.240,0.21360555548330878,0.155,0.62,4983.0,4.0,3857.0,1917.172983848862
2026-09-13 06:46:51.274,0.21360555548330878,0.155,0.62,4983.0,4.0,3857.0,1917.172983848862
2026-09-13 06:46:52.672,0.21360555548330878,0.155,0.62,4983.0,4.0,3857.0,1917.172983848862
2026-09-13 06:46:52.723,0.21360555548330878,0.155,0.62,4983.0,4.0,3857.0,1917.172983848862
2026-09-13 06:46:55.039,0.21360555548330878,0.155,0.62,4983.0,4.0,3857.0,1917.172983848862
2026-09-13 06:46:55.073,0.21360555548330878,0.155,0.62,4983.0,4.0,3857.0,1917.172983848862
2026-09-13 06:46:56.471,0.21360555548330878,0.155,0.62,4983.0,4.0,3857.0,1917.172983848862
2026-09-13 06:46:56.522,0.21360555548330878,0.155,0.62,4983.0,4.0,3857.0,1917.172983848862
2026-09-13 06:46:58.539,0.21360555548330878,0.155,0.62,4983.0,4.0,3857.0,1917.172983848862
2026-09-13 06:46:58.573,0.21360555548330878,0.155,0.62,4983.0,4.0,3857.0,1917.172983848862
2026-09-13 06:46:59.971,0.21360555548330878,0.155,0.62,4983.0,4.0,3857.0,1917.172983848862
2026-09-13 06:47:00.022,0.21360555548330878,0.155,0.62,4983.0,4.0,3857.0,1917.172983848862
2026-09-13 06:47:02.039,0.21360555548330878,0.155,0.62,4983.0,4.0,3857.0,1917.172983848862
2026-09-13 06:47:02.073,0.21360555548330878,0.155,0.62,4983.0,4.0,3857.0,1917.172983848862
2026-09-13 06:47:03.471,0.21360555548330878,0.155,0.62,4983.0,4.0,3857.0,1917.172983848862
2026-09-13 06:47:03.522,0.21360555548330878,0.155,0.62,4983.0,4.0,3857.0,1917.172983848862
2026-09-13 06:47:05.539,0.21360555548330878,0.155,0.62,4983.0,4.0,3857.0,1917.172983848862
2026-09-13 06:47:05.573,0.21360555548330878,0.155,0.62,4983.0,4.0,3857.0,1917.172983848862
2026-09-13 06:47:06.971,0.21360555548330878,0.155,0.62,4983.0,4.0,3857.0,1917.172983848862
2026-09-13 06:47:07.022,0.21360555548330878,0.155,0.62,4983.0,4.0,3857.0,1917.172983848862
2026-09-13 06:47:09.040,0.21345784127082232,0.15525,0.621,4983.0,4.0,3857.0,1917.172983848862
2026-09-13 06:47:09.073,0.2136476850642967,0.155,0.62,4983.0,4.0,3857.0,1917.172983848862
2026-09-13 06:47:10.471,0.2136476850642967,0.155,0.62,4983.0,4.0,3857.0,1917.172983848862
2026-09-13 06:47:10.522,0.2136476850642967,0.155,0.62,4983.0,4.0,3857.0,1917.172983848862
2026-09-13 06:47:12.540,0.2136476850642967,0.155,0.62,4983.0,4.0,3857.0,1917.172983848862
2026-09-13 06:47:12.573,0.2136476850642967,0.155,0.62,4983.0,4.0,3857.0,1917.172983848862
2026-09-13 06:47:13.971,0.2136476850642967,0.155,0.62,4983.0,4.0,3857.0,1917.172983848862
2026-09-13 06:47:14.022,0.2136476850642967,0.155,0.62,4983.0,4.0,3857.0,1917.172983848862
2026-09-13 06:47:16.040,0.21379487832967273,0.15475,0.619,4983.0,4.0,3857.0,1917.172983848862
2026-09-13 06:47:16.073,0.21379487832967273,0.15475,0.619,4983.0,4.0,3857.0,1917.172983848862
2026-09-13 06:47:17.472,0.2142941903085559,0.155,0.62,4983.0,4.0,3857.0,1917.172983848862
2026-09-13 06:47:17.522,0.2144564835423096,0.15475,0.619,4983.0,4.0,3857.0,1917.172983848862
2026-09-13 06:47:19.540,0.2144564835423096,0.15475,0.619,4983.0,4.0,3857.0,1917.172983848862
2026-09-13 06:47:19.574,0.21426774527834616,0.155,0.62,4983.0,4.0,3857.0,1917.172983848862
2026-09-13 06:47:20.972,0.21426774527834613,0.155,0.62,4983.0,4.0,3857.0,1917.172983848862
2026-09-13 06:47:21.022,0.21426774527834613,0.155,0.62,4983.0,4.0,3857.0,1917.172983848862
2026-09-13 06:47:23.040,0.21426774527834616,0.155,0.62,4983.0,4.0,3857.0,1917.172983848862
2026-09-13 06:47:23.074,0.21426774527834616,0.155,0.62,4983.0,4.0,3857.0,1917.172983848862
2026-09-13 06:47:24.472,0.21426774527834616,0.155,0.62,4983.0,4.0,3857.0,1917.172983848862
2026-09-13 06:47:24.523,0.21410491976287288,0.15525,0.621,4983.0,4.0,3857.0,1917.172983848862
2026-09-13 06:47:26.540,0.21410491976287288,0.15525,0.621,4983.0,4.0,3857.0,1917.172983848862
2026-09-13 06:47:26.574,0.21410491976287288,0.15525,0.621,4983.0,4.0,3857.0,1917.172983848862
2026-09-13 06:47:27.972,0.21410491976287288,0.15525,0.621,4983.0,4.0,3857.0,1917.172983848862
2026-09-13 06:47:28.023,0.21410491976287288,0.15525,0.621,4983.0,4.0,3857.0,1917.172983848862
2026-09-13 06:47:30.040,0.21410491976287288,0.15525,0.621,4983.0,4.0,3857.0,1917.172983848862
2026-09-13 06:47:30.074,0.21410491976287288,0.15525,0.621,4983.0,4.0,3857.0,1917.172983848862
2026-09-13 06:47:31.472,0.21360555548330873,0.155,0.62,4983.0,4.0,3857.0,1917.172983848862
2026-09-13 06:47:31.523,0.21360555548330873,0.155,0.62,4983.0,4.0,3857.0,1917.172983848862
2026-09-13 06:47:33.540,0.21360555548330873,0.155,0.62,4983.0,4.0,3857.0,1917.172983848862
2026-09-13 06:47:33.574,0.21360555548330873,0.155,0.62,4983.0,4.0,3857.0,1917.172983848862
2026-09-13 06:47:34.972,0.21360555548330873,0.155,0.62,4983.0,4.0,3857.0,1917.172983848862
2026-09-13 06:47:35.023,0.21360555548330873,0.155,0.62,4983.0,4.0,3857.0,1917.172983848862
2026-09-13 06:47:37.051,0.21360555548330873,0.155,0.62,4983.0,4.0,3857.0,1917.172983848862
2026-09-13 06:47:37.085,0.21360555548330873,0.155,0.62,4983.0,4.0,3857.0,1917.172983848862
2026-09-13 06:47:38.483,0.21360555548330873,0.155,0.62,4983.0,4.0,3857.0,1917.172983848862
2026-09-13 06:47:38.534,0.21360555548330873,0.155,0.62,4983.0,4.0,3857.0,1917.172983848862
2026-09-13 06:47:40.551,0.21360555548330873,0.155,0.62,4983.0,4.0,3857.0,1917.172983848862
2026-09-13 06:47:40.585,0.21360555548330873,0.155,0.62,4983.0,4.0,3857.0,1917.172983848862
2026-09-13 06:47:41.983,0.21360555548330873,0.155,0.62,4983.0,4.0,3857.0,1917.172983848862
2026-09-13 06:47:42.034,0.21360555548330873,0.155,0.62,4983.0,4.0,3857.0,1917.172983848862
2026-09-13 06:47:44.051,0.21360555548330873,0.155,0.62,4983.0,4.0,3857.0,1917.172983848862
2026-09-13 06:47:44.085,0.21360555548330873,0.155,0.62,4983.0,4.0,3857.0,1917.172983848862
2026-09-13 06:47:45.483,0.21360555548330873,0.155,0.62,4983.0,4.0,3857.0,1917.172983848862
2026-09-13 06:47:45.534,0.21360555548330873,0.155,0.62,4983.0,4.0,3857.0,1917.172983848862
2026-09-13 06:47:47.551,0.21360555548330873,0.155,0.62,4983.0,4.0,3857.0,1917.172983848862
2026-09-13 06:47:47.585,0.21360555548330873,0.155,0.62,4983.0,4.0,3857.0,1917.172983848862
2026-09-13 06:47:48.983,0.21360555548330873,0.155,0.62,4983.0,4.0,3857.0,1917.172983848862
2026-09-13 06:47:49.034,0.21360555548330873,0.155,0.62,4983.0,4.0,3857.0,1917.172983848862
2026-09-13 06:47:51.051,0.21360555548330873,0.155,0.62,4983.0,4.0,3857.0,1917.172983848862
2026-09-13 06:47:51.085,0.21360555548330873,0.155,0.62,4983.0,4.0,3857.0,1917.172983848862
2026-09-13 06:47:52.483,0.21360555548330873,0.155,0.62,4983.0,4.0,3857.0,1917.172983848862
2026-09-13 06:47:52.534,0.21360555548330873,0.155,0.62,4983.0,4.0,3857.0,1917.172983848862
2026-09-13 06:47:54.552,0.21345784127082226,0.15525,0.621,4983.0,4.0,3857.0,1917.172983848862
2026-09-13 06:47:54.585,0.21364768506429666,0.155,0.62,4983.0,4.0,3857.0,1917.172983848862
2026-09-13 06:47:55.983,0.21364768506429666,0.155,0.62,4983.0,4.0,3857.0,1917.172983848862
2026-09-13 06:47:56.034,0.21364768506429666,0.155,0.62,4983.0,4.0,3857.0,1917.172983848862
2026-09-13 06:47:58.052,0.21364768506429666,0.155,0.62,4983.0,4.0,3857.0,1917.172983848862
2026-09-13 06:47:58.085,0.21364768506429666,0.155,0.62,4983.0,4.0,3857.0,1917.172983848862
2026-09-13 06:47:59.483,0.024716728478222618,0.05925,0.237,4983.0,4.0,3857.0,1917.172983848862
2026-09-13 06:47:59.533,0.024832774042909116,0.059,0.236,4983.0,4.0,3857.0,1917.172983848862
2026-09-13 06:48:01.552,0.024832774042909116,0.059,0.236,4983.0,4.0,3857.0,1917.172983848862
2026-09-13 06:48:01.585,0.024832774042909116,0.059,0.236,4983.0,4.0,3857.0,1917.172983848862
2026-09-13 06:48:02.983,0.2138104690296203,0.15475,0.619,4983.0,4.0,3857.0,1917.172983848862
2026-09-13 06:48:03.034,0.21364768506429668,0.155,0.62,4983.0,4.0,3857.0,1917.172983848862
2026-09-13 06:48:05.052,0.21379487832967273,0.15475,0.619,4983.0,4.0,3857.0,1917.172983848862
2026-09-13 06:48:05.086,0.21360555548330873,0.155,0.62,4983.0,4.0,3857.0,1917.172983848862
2026-09-13 06:48:06.484,0.21410491976287288,0.15525,0.621,4983.0,4.0,3857.0,1917.172983848862
2026-09-13 06:48:06.534,0.21426774527834616,0.155,0.62,4983.0,4.0,3857.0,1917.172983848862
2026-09-13 06:48:08.552,0.21426774527834616,0.155,0.62,4983.0,4.0,3857.0,1917.172983848862
2026-09-13 06:48:08.586,0.21426774527834616,0.155,0.62,4983.0,4.0,3857.0,1917.172983848862
2026-09-13 06:48:09.984,0.21426774527834613,0.155,0.62,4983.0,4.0,3857.0,1917.172983848862
2026-09-13 06:48:10.035,0.21410491976287285,0.15525,0.621,4983.0,4.0,3857.0,1917.172983848862
2026-09-13 06:48:12.052,0.21410491976287285,0.15525,0.621,4983.0,4.0,3857.0,1917.172983848862
2026-09-13 06:48:12.086,0.21410491976287285,0.15525,0.621,4983.0,4.0,3857.0,1917.172983848862
2026-09-13 06:48:13.484,0.21360555548330873,0.155,0.62,4983.0,4.0,3857.0,1917.172983848862
2026-09-13 06:48:13.535,0.21360555548330873,0.155,0.62,4983.0,4.0,3857.0,1917.172983848862
2026-09-13 06:48:15.552,0.21360555548330873,0.155,0.62,4983.0,4.0,3857.0,1917.172983848862
2026-09-13 06:48:15.586,0.21360555548330873,0.155,0.62,4983.0,4.0,3857.0,1917.172983848862
2026-09-13 06:48:16.984,0.21360555548330873,0.155,0.62,4983.0,4.0,3857.0,1917.172983848862
2026-09-13 06:48:17.035,0.21360555548330873,0.155,0.62,4983.0,4.0,3857.0,1917.172983848862
2026-09-13 06:48:19.052,0.21360555548330873,0.155,0.62,4983.0,4.0,3857.0,1917.172983848862
2026-09-13 06:48:19.086,0.21360555548330873,0.155,0.62,4983.0,4.0,3857.0,1917.172983848862
2026-09-13 06:48:20.484,0.21360555548330873,0.155,0.62,4983.0,4.0,3857.0,1917.172983848862
2026-09-13 06:48:20.535,0.21360555548330873,0.155,0.62,4983.0,4.0,3857.0,1917.172983848862
2026-09-13 06:48:22.552,0.21360555548330873,0.155,0.62,4983.0,4.0,3857.0,1917.172983848862
2026-09-13 06:48:22.586,0.21360555548330873,0.155,0.62,4983.0,4.0,3857.0,1917.172983848862
2026-09-13 06:48:23.984,0.1736682661474635,0.135,0.54,4983.0,4.0,3857.0,1917.172983848862
2026-09-13 06:48:24.034,0.17383013739471706,0.13475,0.539,4983.0,4.0,3857.0,1917.172983848862
2026-09-13 06:48:26.052,0.17383013739471706,0.13475,0.539,4983.0,4.0,3857.0,1917.172983848862
2026-09-13 06:48:26.086,0.17383013739471706,0.13475,0.539,4983.0,4.0,3857.0,1917.172983848862
2026-09-13 06:48:27.484,0.2137683715301827,0.15475,0.619,4983.0,4.0,3857.0,1917.172983848862
2026-09-13 06:48:27.535,0.21360555548330873,0.155,0.62,4983.0,4.0,3857.0,1917.172983848862
2026-09-13 06:48:29.552,0.21360555548330873,0.155,0.62,4983.0,4.0,3857.0,1917.172983848862
2026-09-13 06:48:29.586,0.21360555548330873,0.155,0.62,4983.0,4.0,3857.0,1917.172983848862
2026-09-13 06:48:30.984,0.21360555548330873,0.155,0.62,4983.0,4.0,3857.0,1917.172983848862
2026-09-13 06:48:31.035,0.21360555548330873,0.155,0.62,4983.0,4.0,3857.0,1917.172983848862
2026-09-13 06:48:33.052,0.21360555548330873,0.155,0.62,4983.0,4.0,3857.0,1917.172983848862
2026-09-13 06:48:33.086,0.21360555548330873,0.155,0.62,4983.0,4.0,3857.0,1917.172983848862
2026-09-13 06:48:34.484,0.21360555548330873,0.155,0.62,4983.0,4.0,3857.0,1917.172983848862
2026-09-13 06:48:34.535,0.21360555548330873,0.155,0.62,4983.0,4.0,3857.0,1917.172983848862
2026-09-13 06:48:36.552,0.21360555548330873,0.155,0.62,4983.0,4.0,3857.0,1917.172983848862
2026-09-13 06:48:36.586,0.21360555548330873,0.155,0.62,4983.0,4.0,3857.0,1917.172983848862
2026-09-13 06:48:37.984,0.21360555548330873,0.155,0.62,4983.0,4.0,3857.0,1917.172983848862
2026-09-13 06:48:38.035,0.21360555548330873,0.155,0.62,4983.0,4.0,3857.0,1917.172983848862
2026-09-13 06:48:40.052,0.21360555548330873,0.155,0.62,4983.0,4.0,3857.0,1917.172983848862
2026-09-13 06:48:40.086,0.21360555548330873,0.155,0.62,4983.0,4.0,3857.0,1917.172983848862
2026-09-13 06:48:41.484,0.12579613136605672,0.111,0.444,4983.0,4.0,3857.0,1917.172983848862
2026-09-13 06:48:41.534,0.1259560108397618,0.11075,0.443,4983.0,4.0,3857.0,1917.172983848862
2026-09-13 06:48:43.552,0.1259560108397618,0.11075,0.443,4983.0,4.0,3857.0,1917.172983848862
2026-09-13 06:48:43.586,0.12595601083976182,0.11075,0.443,4983.0,4.0,3857.0,1917.172983848862
2026-09-13 06:48:44.984,0.2137683715301827,0.15475,0.619,4983.0,4.0,3857.0,1917.172983848862
2026-09-13 06:48:45.035,0.21360555548330873,0.155,0.62,4983.0,4.0,3857.0,1917.172983848862
2026-09-13 06:48:47.053,0.21345784127082226,0.15525,0.621,4983.0,4.0,3857.0,1917.172983848862
2026-09-13 06:48:47.086,0.21364768506429666,0.155,0.62,4983.0,4.0,3857.0,1917.172983848862
2026-09-13 06:48:48.484,0.21364768506429666,0.155,0.62,4983.0,4.0,3857.0,1917.172983848862
2026-09-13 06:48:48.535,0.21364768506429666,0.155,0.62,4983.0,4.0,3857.0,1917.172983848862
2026-09-13 06:48:50.553,0.2137948783296727,0.15475,0.619,4983.0,4.0,3857.0,1917.172983848862
2026-09-13 06:48:50.586,0.2137948783296727,0.15475,0.619,4983.0,4.0,3857.0,1917.172983848862
2026-09-13 06:48:51.984,0.2137948783296727,0.15475,0.619,4983.0,4.0,3857.0,1917.172983848862
2026-09-13 06:48:52.035,0.2137948783296727,0.15475,0.619,4983.0,4.0,3857.0,1917.172983848862
2026-09-13 06:48:54.053,0.2137948783296727,0.15475,0.619,4983.0,4.0,3857.0,1917.172983848862
2026-09-13 06:48:54.086,0.2137948783296727,0.15475,0.619,4983.0,4.0,3857.0,1917.172983848862
2026-09-13 06:48:55.485,0.21429419030855584,0.155,0.62,4983.0,4.0,3857.0,1917.172983848862
2026-09-13 06:48:55.535,0.21445648354230953,0.15475,0.619,4983.0,4.0,3857.0,1917.172983848862
2026-09-13 06:48:57.553,0.21445648354230953,0.15475,0.619,4983.0,4.0,3857.0,1917.172983848862
2026-09-13 06:48:57.587,0.2142677452783461,0.155,0.62,4983.0,4.0,3857.0,1917.172983848862
2026-09-13 06:48:58.985,0.2142677452783461,0.155,0.62,4983.0,4.0,3857.0,1917.172983848862
2026-09-13 06:48:59.035,0.2142677452783461,0.155,0.62,4983.0,4.0,3857.0,1917.172983848862
2026-09-13 06:49:01.053,0.2142677452783461,0.155,0.62,4983.0,4.0,3857.0,1917.172983848862
2026-09-13 06:49:01.087,0.2142677452783461,0.155,0.62,4983.0,4.0,3857.0,1917.172983848862
2026-09-13 06:49:02.485,0.2142677452783461,0.155,0.62,4983.0,4.0,3857.0,1917.172983848862
2026-09-13 06:49:02.536,0.21410491976287283,0.15525,0.621,4983.0,4.0,3857.0,1917.172983848862
2026-09-13 06:49:04.553,0.21410491976287283,0.15525,0.621,4983.0,4.0,3857.0,1917.172983848862
2026-09-13 06:49:04.587,0.21410491976287283,0.15525,0.621,4983.0,4.0,3857.0,1917.172983848862
2026-09-13 06:49:05.993,0.015521490478241584,0.042749999999999996,0.17099999999999999,4983.0,4.0,3857.0,1917.172983848862
2026-09-13 06:49:06.043,0.015351438586208918,0.0425,0.17,4983.0,4.0,3857.0,1917.172983848862
2026-09-13 06:49:08.060,0.015351438586208918,0.0425,0.17,4983.0,4.0,3857.0,1917.172983848862
2026-09-13 06:49:08.094,0.015351438586208918,0.0425,0.17,4983.0,4.0,3857.0,1917.172983848862
2026-09-13 06:49:09.492,0.21376837153018266,0.15475,0.619,4983.0,4.0,3857.0,1917.172983848862
2026-09-13 06:49:09.543,0.2136055554833087,0.155,0.62,4983.0,4.0,3857.0,1917.172983848862
2026-09-13 06:49:11.560,0.2136055554833087,0.155,0.62,4983.0,4.0,3857.0,1917.172983848862
2026-09-13 06:49:11.594,0.2136055554833087,0.155,0.62,4983.0,4.0,3857.0,1917.172983848862
2026-09-13 06:49:12.992,0.2136055554833087,0.155,0.62,4983.0,4.0,3857.0,1917.172983848862
2026-09-13 06:49:13.043,0.2136055554833087,0.155,0.62,4983.0,4.0,3857.0,1917.172983848862
2026-09-13 06:49:15.060,0.2136055554833087,0.155,0.62,4983.0,4.0,3857.0,1917.172983848862
2026-09-13 06:49:15.094,0.2136055554833087,0.155,0.62,4983.0,4.0,3857.0,1917.172983848862
2026-09-13 06:49:16.492,0.2136055554833087,0.155,0.62,4983.0,4.0,3857.0,1917.172983848862
2026-09-13 06:49:16.543,0.2136055554833087,0.155,0.62,4983.0,4.0,3857.0,1917.172983848862
2026-09-13 06:49:18.560,0.2136055554833087,0.155,0.62,4983.0,4.0,3857.0,1917.172983848862
2026-09-13 06:49:18.594,0.2136055554833087,0.155,0.62,4983.0,4.0,3857.0,1917.172983848862
2026-09-13 06:49:19.992,0.2136055554833087,0.155,0.62,4983.0,4.0,3857.0,1917.172983848862
2026-09-13 06:49:20.043,0.2136055554833087,0.155,0.62,4983.0,4.0,3857.0,1917.172983848862
2026-09-13 06:49:22.060,0.2136055554833087,0.155,0.62,4983.0,4.0,3857.0,1917.172983848862
2026-09-13 06:49:22.094,0.2136055554833087,0.155,0.62,4983.0,4.0,3857.0,1917.172983848862
2026-09-13 06:49:23.492,0.2136055554833087,0.155,0.62,4983.0,4.0,3857.0,1917.172983848862
2026-09-13 06:49:23.543,0.2136055554833087,0.155,0.62,4983.0,4.0,3857.0,1917.172983848862
2026-09-13 06:49:25.560,0.2136055554833087,0.155,0.62,4983.0,4.0,3857.0,1917.172983848862
2026-09-13 06:49:25.594,0.2136055554833087,0.155,0.62,4983.0,4.0,3857.0,1917.172983848862
2026-09-13 06:49:26.992,0.2136055554833087,0.155,0.62,4983.0,4.0,3857.0,1917.172983848862
2026-09-13 06:49:27.043,0.2136055554833087,0.155,0.62,4983.0,4.0,3857.0,1917.172983848862
2026-09-13 06:49:29.060,0.2136055554833087,0.155,0.62,4983.0,4.0,3857.0,1917.172983848862
2026-09-13 06:49:29.094,0.2136055554833087,0.155,0.62,4983.0,4.0,3857.0,1917.172983848862
2026-09-13 06:49:30.492,0.2136055554833087,0.155,0.62,4983.0,4.0,3857.0,1917.172983848862
2026-09-13 06:49:30.543,0.2136055554833087,0.155,0.62,4983.0,4.0,3857.0,1917.172983848862
2026-09-13 06:49:32.560,0.2136055554833087,0.155,0.62,4983.0,4.0,3857.0,1917.172983848862
2026-09-13 06:49:32.594,0.2136055554833087,0.155,0.62,4983.0,4.0,3857.0,1917.172983848862
2026-09-13 06:49:33.992,0.2136055554833087,0.155,0.62,4983.0,4.0,3857.0,1917.172983848862
2026-09-13 06:49:34.043,0.2136055554833087,0.155,0.62,4983.0,4.0,3857.0,1917.172983848862
2026-09-13 06:49:36.061,0.21345784127082224,0.15525,0.621,4983.0,4.0,3857.0,1917.172983848862
2026-09-13 06:49:36.094,0.21364768506429663,0.155,0.62,4983.0,4.0,3857.0,1917.172983848862
2026-09-13 06:49:37.492,0.21364768506429663,0.155,0.62,4983.0,4.0,3857.0,1917.172983848862
2026-09-13 06:49:37.543,0.21364768506429663,0.155,0.62,4983.0,4.0,3857.0,1917.172983848862
2026-09-13 06:49:39.561,0.21379487832967264,0.15475,0.619,4983.0,4.0,3857.0,1917.172983848862
2026-09-13 06:49:39.594,0.21379487832967264,0.15475,0.619,4983.0,4.0,3857.0,1917.172983848862
2026-09-13 06:49:40.993,0.2142941903085558,0.155,0.62,4983.0,4.0,3857.0,1917.172983848862
2026-09-13 06:49:41.043,0.2144564835423095,0.15475,0.619,4983.0,4.0,3857.0,1917.172983848862
2026-09-13 06:49:43.061,0.2144564835423095,0.15475,0.619,4983.0,4.0,3857.0,1917.172983848862
2026-09-13 06:49:43.095,0.21426774527834605,0.155,0.62,4983.0,4.0,3857.0,1917.172983848862
2026-09-13 06:49:44.493,0.21426774527834605,0.155,0.62,4983.0,4.0,3857.0,1917.172983848862
2026-09-13 06:49:44.543,0.21426774527834605,0.155,0.62,4983.0,4.0,3857.0,1917.172983848862
2026-09-13 06:49:46.561,0.21426774527834605,0.155,0.62,4983.0,4.0,3857.0,1917.172983848862
2026-09-13 06:49:46.595,0.21426774527834605,0.155,0.62,4983.0,4.0,3857.0,1917.172983848862
2026-09-13 06:49:47.993,0.18880391062334007,0.14225,0.569,4983.0,4.0,3857.0,1917.172983848862
2026-09-13 06:49:48.043,0.18880391062334007,0.14225,0.569,4983.0,4.0,3857.0,1917.172983848862
2026-09-13 06:49:50.061,0.18880391062334007,0.14225000000000002,0.5690000000000001,4983.0,4.0,3857.0,1917.172983848862
2026-09-13 06:49:50.095,0.18880391062334007,0.14225,0.569,4983.0,4.0,3857.0,1917.172983848862
2026-09-13 06:49:51.493,0.21426774527834605,0.155,0.62,4983.0,4.0,3857.0,1917.172983848862
2026-09-13 06:49:51.544,0.2141049197628728,0.15525,0.621,4983.0,4.0,3857.0,1917.172983848862
2026-09-13 06:49:53.561,0.2141049197628728,0.15525,0.621,4983.0,4.0,3857.0,1917.172983848862
2026-09-13 06:49:53.595,0.2141049197628728,0.15525,0.621,4983.0,4.0,3857.0,1917.172983848862
2026-09-13 06:49:54.993,0.21360555548330865,0.155,0.62,4983.0,4.0,3857.0,1917.172983848862
2026-09-13 06:49:55.044,0.21360555548330865,0.155,0.62,4983.0,4.0,3857.0,1917.172983848862
2026-09-13 06:49:57.061,0.21360555548330865,0.155,0.62,4983.0,4.0,3857.0,1917.172983848862
2026-09-13 06:49:57.095,0.21360555548330865,0.155,0.62,4983.0,4.0,3857.0,1917.172983848862
2026-09-13 06:49:58.493,0.21360555548330865,0.155,0.62,4983.0,4.0,3857.0,1917.172983848862
2026-09-13 06:49:58.544,0.21360555548330865,0.155,0.62,4983.0,4.0,3857.0,1917.172983848862
2026-09-13 06:50:00.561,0.21360555548330865,0.155,0.62,4983.0,4.0,3857.0,1917.172983848862
2026-09-13 06:50:00.595,0.21360555548330865,0.155,0.62,4983.0,4.0,3857.0,1917.172983848862
2026-09-13 06:50:01.993,0.21360555548330865,0.155,0.62,4983.0,4.0,3857.0,1917.172983848862
2026-09-13 06:50:02.044,0.21360555548330865,0.155,0.62,4983.0,4.0,3857.0,1917.172983848862
2026-09-13 06:50:04.061,0.21360555548330865,0.155,0.62,4983.0,4.0,3857.0,1917.172983848862
2026-09-13 06:50:04.095,0.21360555548330865,0.155,0.62,4983.0,4.0,3857.0,1917.172983848862
2026-09-13 06:50:05.493,0.21360555548330865,0.155,0.62,4983.0,4.0,3857.0,1917.172983848862
2026-09-13 06:50:05.544,0.21360555548330865,0.155,0.62,4983.0,4.0,3857.0,1917.172983848862
2026-09-13 06:50:07.561,0.21360555548330865,0.155,0.62,4983.0,4.0,3857.0,1917.172983848862
2026-09-13 06:50:07.595,0.21360555548330865,0.155,0.62,4983.0,4.0,3857.0,1917.172983848862
2026-09-13 06:50:08.993,0.21360555548330865,0.155,0.62,4983.0,4.0,3857.0,1917.172983848862
2026-09-13 06:50:09.044,0.21360555548330865,0.155,0.62,4983.0,4.0,3857.0,1917.172983848862
2026-09-13 06:50:11.061,0.21360555548330865,0.155,0.62,4983.0,4.0,3857.0,1917.172983848862
2026-09-13 06:50:11.095,0.21360555548330865,0.155,0.62,4983.0,4.0,3857.0,1917.172983848862
2026-09-13 06:50:12.493,0.21360555548330865,0.155,0.62,4983.0,4.0,3857.0,1917.172983848862
2026-09-13 06:50:12.544,0.21360555548330865,0.155,0.62,4983.0,4.0,3857.0,1917.172983848862
2026-09-13 06:50:14.561,0.21360555548330865,0.155,0.62,4983.0,4.0,3857.0,1917.172983848862
2026-09-13 06:50:14.595,0.21360555548330865,0.155,0.62,4983.0,4.0,3857.0,1917.172983848862
2026-09-13 06:50:15.993,0.21360555548330865,0.155,0.62,4983.0,4.0,3857.0,1917.172983848862
2026-09-13 06:50:16.044,0.21360555548330865,0.155,0.62,4983.0,4.0,3857.0,1917.172983848862
2026-09-13 06:50:18.061,0.21360555548330865,0.155,0.62,4983.0,4.0,3857.0,1917.172983848862
2026-09-13 06:50:18.095,0.21360555548330865,0.155,0.62,4983.0,4.0,3857.0,1917.172983848862
2026-09-13 06:50:19.493,0.21360555548330865,0.155,0.62,4983.0,4.0,3857.0,1917.172983848862
2026-09-13 06:50:19.544,0.21360555548330865,0.155,0.62,4983.0,4.0,3857.0,1917.172983848862
2026-09-13 06:50:21.562,0.21345784127082218,0.15525,0.621,4983.0,4.0,3857.0,1917.172983848862
2026-09-13 06:50:21.595,0.21364768506429657,0.155,0.62,4983.0,4.0,3857.0,1917.172983848862
2026-09-13 06:50:22.993,0.21364768506429657,0.155,0.62,4983.0,4.0,3857.0,1917.172983848862
2026-09-13 06:50:23.044,0.21364768506429657,0.155,0.62,4983.0,4.0,3857.0,1917.172983848862
2026-09-13 06:50:25.062,0.21379487832967262,0.15475,0.619,4983.0,4.0,3857.0,1917.172983848862
2026-09-13 06:50:25.096,0.21360555548330865,0.155,0.62,4983.0,4.0,3857.0,1917.172983848862
2026-09-13 06:50:26.493,0.21360555548330865,0.155,0.62,4983.0,4.0,3857.0,1917.172983848862
2026-09-13 06:50:26.544,0.21360555548330865,0.155,0.62,4983.0,4.0,3857.0,1917.172983848862
2026-09-13 06:50:28.562,0.21360555548330865,0.155,0.62,4983.0,4.0,3857.0,1917.172983848862
2026-09-13 06:50:28.596,0.21360555548330865,0.155,0.62,4983.0,4.0,3857.0,1917.172983848862
2026-09-13 06:50:29.994,0.21410491976287277,0.15525,0.621,4983.0,4.0,3857.0,1917.172983848862
2026-09-13 06:50:30.044,0.21426774527834605,0.155,0.62,4983.0,4.0,3857.0,1917.172983848862
2026-09-13 06:50:32.062,0.21426774527834605,0.155,0.62,4983.0,4.0,3857.0,1917.172983848862
2026-09-13 06:50:32.096,0.21426774527834605,0.155,0.62,4983.0,4.0,3857.0,1917.172983848862
2026-09-13 06:50:33.494,0.21426774527834602,0.155,0.62,4983.0,4.0,3857.0,1917.172983848862
2026-09-13 06:50:33.545,0.21410491976287274,0.15525,0.621,4983.0,4.0,3857.0,1917.172983848862
2026-09-13 06:50:35.562,0.21410491976287274,0.15525,0.621,4983.0,4.0,3857.0,1917.172983848862
2026-09-13 06:50:35.596,0.21410491976287274,0.15525,0.621,4983.0,4.0,3857.0,1917.172983848862
2026-09-13 06:50:36.994,0.21410491976287274,0.15525,0.621,4983.0,4.0,3857.0,1917.172983848862
2026-09-13 06:50:37.045,0.21410491976287274,0.15525,0.621,4983.0,4.0,3857.0,1917.172983848862
2026-09-13 06:50:39.062,0.21410491976287274,0.15525,0.621,4983.0,4.0,3857.0,1917.172983848862
2026-09-13 06:50:39.096,0.21410491976287274,0.15525,0.621,4983.0,4.0,3857.0,1917.172983848862
2026-09-13 06:50:40.494,0.21410491976287274,0.15525,0.621,4983.0,4.0,3857.0,1917.172983848862
2026-09-13 06:50:40.545,0.21410491976287274,0.15525,0.621,4983.0,4.0,3857.0,1917.172983848862
2026-09-13 06:50:42.562,0.21410491976287274,0.15525,0.621,4983.0,4.0,3857.0,1917.172983848862
2026-09-13 06:50:42.596,0.21410491976287274,0.15525,0.621,4983.0,4.0,3857.0,1917.172983848862
2026-09-13 06:50:43.994,0.21360555548330862,0.155,0.62,4983.0,4.0,3857.0,1917.172983848862
2026-09-13 06:50:44.045,0.21360555548330862,0.155,0.62,4983.0,4.0,3857.0,1917.172983848862
2026-09-13 06:50:46.062,0.21360555548330862,0.155,0.62,4983.0,4.0,3857.0,1917.172983848862
2026-09-13 06:50:46.096,0.21360555548330862,0.155,0.62,4983.0,4.0,3857.0,1917.172983848862
2026-09-13 06:50:47.494,0.21360555548330862,0.155,0.62,4983.0,4.0,3857.0,1917.172983848862
2026-09-13 06:50:47.545,0.21360555548330862,0.155,0.62,4983.0,4.0,3857.0,1917.172983848862
2026-09-13 06:50:49.562,0.21360555548330862,0.155,0.62,4983.0,4.0,3857.0,1917.172983848862
2026-09-13 06:50:49.596,0.21360555548330862,0.155,0.62,4983.0,4.0,3857.0,1917.172983848862
2026-09-13 06:50:50.994,0.21360555548330862,0.155,0.62,4983.0,4.0,3857.0,1917.172983848862
2026-09-13 06:50:51.045,0.21360555548330862,0.155,0.62,4983.0,4.0,3857.0,1917.172983848862
2026-09-13 06:50:53.062,0.21360555548330862,0.155,0.62,4983.0,4.0,3857.0,1917.172983848862
2026-09-13 06:50:53.096,0.21360555548330862,0.155,0.62,4983.0,4.0,3857.0,1917.172983848862
2026-09-13 06:50:54.494,0.21360555548330862,0.155,0.62,4983.0,4.0,3857.0,1917.172983848862
2026-09-13 06:50:54.545,0.21360555548330862,0.155,0.62,4983.0,4.0,3857.0,1917.172983848862
2026-09-13 06:50:56.562,0.21360555548330862,0.155,0.62,4983.0,4.0,3857.0,1917.172983848862
2026-09-13 06:50:56.596,0.21360555548330862,0.155,0.62,4983.0,4.0,3857.0,1917.172983848862
2026-09-13 06:50:57.994,0.21360555548330862,0.155,0.62,4983.0,4.0,3857.0,1917.172983848862
2026-09-13 06:50:58.045,0.21360555548330862,0.155,0.62,4983.0,4.0,3857.0,1917.172983848862
2026-09-13 06:51:00.062,0.21360555548330862,0.155,0.62,4983.0,4.0,3857.0,1917.172983848862
2026-09-13 06:51:00.096,0.21360555548330862,0.155,0.62,4983.0,4.0,3857.0,1917.172983848862
2026-09-13 06:51:01.494,0.21360555548330862,0.155,0.62,4983.0,4.0,3857.0,1917.172983848862
2026-09-13 06:51:01.545,0.21360555548330862,0.155,0.62,4983.0,4.0,3857.0,1917.172983848862
2026-09-13 06:51:03.562,0.21360555548330862,0.155,0.62,4983.0,4.0,3857.0,1917.172983848862
2026-09-13 06:51:03.596,0.21360555548330862,0.155,0.62,4983.0,4.0,3857.0,1917.172983848862
2026-09-13 06:51:04.994,0.21360555548330862,0.155,0.62,4983.0,4.0,3857.0,1917.172983848862
2026-09-13 06:51:05.045,0.21360555548330862,0.155,0.62,4983.0,4.0,3857.0,1917.172983848862
2026-09-13 06:51:07.062,0.21360555548330862,0.155,0.62,4983.0,4.0,3857.0,1917.172983848862
2026-09-13 06:51:07.096,0.21360555548330862,0.155,0.62,4983.0,4.0,3857.0,1917.172983848862
2026-09-13 06:51:08.494,0.21360555548330862,0.155,0.62,4983.0,4.0,3857.0,1917.172983848862
2026-09-13 06:51:08.545,0.21360555548330862,0.155,0.62,4983.0,4.0,3857.0,1917.172983848862
2026-09-13 06:51:10.562,0.21360555548330862,0.155,0.62,4983.0,4.0,3857.0,1917.172983848862
2026-09-13 06:51:10.596,0.21360555548330862,0.155,0.62,4983.0,4.0,3857.0,1917.172983848862
2026-09-13 06:51:11.994,0.21360555548330862,0.155,0.62,4983.0,4.0,3857.0,1917.172983848862
2026-09-13 06:51:12.045,0.21360555548330862,0.155,0.62,4983.0,4.0,3857.0,1917.172983848862
2026-09-13 06:51:14.063,0.21360555548330862,0.155,0.62,4983.0,4.0,3857.0,1917.172983848862
2026-09-13 06:51:14.096,0.2137948783296726,0.15475,0.619,4983.0,4.0,3857.0,1917.172983848862
2026-09-13 06:51:15.495,0.21429419030855573,0.155,0.62,4983.0,4.0,3857.0,1917.172983848862
2026-09-13 06:51:15.546,0.21429419030855573,0.155,0.62,4983.0,4.0,3857.0,1917.172983848862
2026-09-13 06:51:17.563,0.21429419030855573,0.155,0.62,4983.0,4.0,3857.0,1917.172983848862
2026-09-13 06:51:17.597,0.21410491976287274,0.15525,0.621,4983.0,4.0,3857.0,1917.172983848862
2026-09-13 06:51:18.995,0.21410491976287274,0.15525,0.621,4983.0,4.0,3857.0,1917.172983848862
2026-09-13 06:51:19.045,0.214267745278346,0.155,0.62,4983.0,4.0,3857.0,1917.172983848862
2026-09-13 06:51:21.063,0.214267745278346,0.155,0.62,4983.0,4.0,3857.0,1917.172983848862
2026-09-13 06:51:21.097,0.214267745278346,0.155,0.62,4983.0,4.0,3857.0,1917.172983848862
2026-09-13 06:51:22.495,0.21426774527834597,0.155,0.62,4983.0,4.0,3857.0,1917.172983848862
2026-09-13 06:51:22.545,0.21426774527834597,0.155,0.62,4983.0,4.0,3857.0,1917.172983848862
2026-09-13 06:51:24.563,0.21426774527834597,0.155,0.62,4983.0,4.0,3857.0,1917.172983848862
2026-09-13 06:51:24.597,0.21426774527834597,0.155,0.62,4983.0,4.0,3857.0,1917.172983848862
2026-09-13 06:51:25.995,0.21376837153018255,0.15475,0.619,4983.0,4.0,3857.0,1917.172983848862
2026-09-13 06:51:26.046,0.2136055554833086,0.155,0.62,4983.0,4.0,3857.0,1917.172983848862
2026-09-13 06:51:28.063,0.2136055554833086,0.155,0.62,4983.0,4.0,3857.0,1917.172983848862
2026-09-13 06:51:28.097,0.2136055554833086,0.155,0.62,4983.0,4.0,3857.0,1917.172983848862
2026-09-13 06:51:29.495,0.2136055554833086,0.155,0.62,4983.0,4.0,3857.0,1917.172983848862
2026-09-13 06:51:29.546,0.2136055554833086,0.155,0.62,4983.0,4.0,3857.0,1917.172983848862
2026-09-13 06:51:31.563,0.2136055554833086,0.155,0.62,4983.0,4.0,3857.0,1917.172983848862
2026-09-13 06:51:31.597,0.2136055554833086,0.155,0.62,4983.0,4.0,3857.0,1917.172983848862
2026-09-13 06:51:32.995,0.2136055554833086,0.155,0.62,4983.0,4.0,3857.0,1917.172983848862
2026-09-13 06:51:33.046,0.2136055554833086,0.155,0.62,4983.0,4.0,3857.0,1917.172983848862
2026-09-13 06:51:35.063,0.2136055554833086,0.155,0.62,4983.0,4.0,3857.0,1917.172983848862
2026-09-13 06:51:35.097,0.2136055554833086,0.155,0.62,4983.0,4.0,3857.0,1917.172983848862
2026-09-13 06:51:36.495,0.2136055554833086,0.155,0.62,4983.0,4.0,3857.0,1917.172983848862
2026-09-13 06:51:36.546,0.2136055554833086,0.155,0.62,4983.0,4.0,3857.0,1917.172983848862
2026-09-13 06:51:38.563,0.2136055554833086,0.155,0.62,4983.0,4.0,3857.0,1917.172983848862
2026-09-13 06:51:38.597,0.2136055554833086,0.155,0.62,4983.0,4.0,3857.0,1917.172983848862
2026-09-13 06:51:39.995,0.2136055554833086,0.155,0.62,4983.0,4.0,3857.0,1917.172983848862
2026-09-13 06:51:40.046,0.2136055554833086,0.155,0.62,4983.0,4.0,3857.0,1917.172983848862
2026-09-13 06:51:42.063,0.2136055554833086,0.155,0.62,4983.0,4.0,3857.0,1917.172983848862
2026-09-13 06:51:42.097,0.2136055554833086,0.155,0.62,4983.0,4.0,3857.0,1917.172983848862
2026-09-13 06:51:43.495,0.2136055554833086,0.155,0.62,4983.0,4.0,3857.0,1917.172983848862
2026-09-13 06:51:43.546,0.2136055554833086,0.155,0.62,4983.0,4.0,3857.0,1917.172983848862
2026-09-13 06:51:45.563,0.2136055554833086,0.155,0.62,4983.0,4.0,3857.0,1917.172983848862
2026-09-13 06:51:45.597,0.2136055554833086,0.155,0.62,4983.0,4.0,3857.0,1917.172983848862
2026-09-13 06:51:46.995,0.2136055554833086,0.155,0.62,4983.0,4.0,3857.0,1917.172983848862
2026-09-13 06:51:47.046,0.2136055554833086,0.155,0.62,4983.0,4.0,3857.0,1917.172983848862
2026-09-13 06:51:49.063,0.2136055554833086,0.155,0.62,4983.0,4.0,3857.0,1917.172983848862
2026-09-13 06:51:49.097,0.2136055554833086,0.155,0.62,4983.0,4.0,3857.0,1917.172983848862
2026-09-13 06:51:50.495,0.2136055554833086,0.155,0.62,4983.0,4.0,3857.0,1917.172983848862
2026-09-13 06:51:50.546,0.2136055554833086,0.155,0.62,4983.0,4.0,3857.0,1917.172983848862
2026-09-13 06:51:52.563,0.2136055554833086,0.155,0.62,4983.0,4.0,3857.0,1917.172983848862
2026-09-13 06:51:52.597,0.2136055554833086,0.155,0.62,4983.0,4.0,3857.0,1917.172983848862
2026-09-13 06:51:53.995,0.2136055554833086,0.155,0.62,4983.0,4.0,3857.0,1917.172983848862
2026-09-13 06:51:54.046,0.2136055554833086,0.155,0.62,4983.0,4.0,3857.0,1917.172983848862
2026-09-13 06:51:56.064,0.21345784127082212,0.15525,0.621,4983.0,4.0,3857.0,1917.172983848862
2026-09-13 06:51:56.097,0.21364768506429652,0.155,0.62,4983.0,4.0,3857.0,1917.172983848862
2026-09-13 06:51:57.495,0.21364768506429652,0.155,0.62,4983.0,4.0,3857.0,1917.172983848862
2026-09-13 06:51:57.546,0.21364768506429652,0.155,0.62,4983.0,4.0,3857.0,1917.172983848862
2026-09-13 06:51:59.564,0.21364768506429652,0.155,0.62,4983.0,4.0,3857.0,1917.172983848862
2026-09-13 06:51:59.597,0.21364768506429652,0.155,0.62,4983.0,4.0,3857.0,1917.172983848862
2026-09-13 06:52:00.995,0.21364768506429652,0.155,0.62,4983.0,4.0,3857.0,1917.172983848862
2026-09-13 06:52:01.046,0.21364768506429652,0.155,0.62,4983.0,4.0,3857.0,1917.172983848862
2026-09-13 06:52:03.064,0.21379487832967253,0.15475,0.619,4983.0,4.0,3857.0,1917.172983848862
2026-09-13 06:52:03.098,0.2136055554833086,0.155,0.62,4983.0,4.0,3857.0,1917.172983848862
2026-09-13 06:52:04.496,0.2141049197628727,0.15525,0.621,4983.0,4.0,3857.0,1917.172983848862
2026-09-13 06:52:04.546,0.21426774527834597,0.155,0.62,4983.0,4.0,3857.0,1917.172983848862
2026-09-13 06:52:06.564,0.21426774527834597,0.155,0.62,4983.0,4.0,3857.0,1917.172983848862
2026-09-13 06:52:06.598,0.21426774527834597,0.155,0.62,4983.0,4.0,3857.0,1917.172983848862
2026-09-13 06:52:07.996,0.21426774527834597,0.155,0.62,4983.0,4.0,3857.0,1917.172983848862
2026-09-13 06:52:08.046,0.21426774527834597,0.155,0.62,4983.0,4.0,3857.0,1917.172983848862
2026-09-13 06:52:10.064,0.21426774527834597,0.155,0.62,4983.0,4.0,3857.0,1917.172983848862
2026-09-13 06:52:10.098,0.21426774527834597,0.155,0.62,4983.0,4.0,3857.0,1917.172983848862
2026-09-13 06:52:11.496,0.21426774527834597,0.155,0.62,4983.0,4.0,3857.0,1917.172983848862
2026-09-13 06:52:11.547,0.2141049197628727,0.15525,0.621,4983.0,4.0,3857.0,1917.172983848862
2026-09-13 06:52:13.564,0.2141049197628727,0.15525,0.621,4983.0,4.0,3857.0,1917.172983848862
2026-09-13 06:52:13.598,0.2141049197628727,0.15525,0.621,4983.0,4.0,3857.0,1917.172983848862
2026-09-13 06:52:14.996,0.2136055554833086,0.155,0.62,4983.0,4.0,3857.0,1917.172983848862
2026-09-13 06:52:15.047,0.2136055554833086,0.155,0.62,4983.0,4.0,3857.0,1917.172983848862
2026-09-13 06:52:17.064,0.2136055554833086,0.155,0.62,4983.0,4.0,3857.0,1917.172983848862
2026-09-13 06:52:17.098,0.2136055554833086,0.155,0.62,4983.0,4.0,3857.0,1917.172983848862
2026-09-13 06:52:18.496,0.2136055554833086,0.155,0.62,4983.0,4.0,3857.0,1917.172983848862
2026-09-13 06:52:18.547,0.2136055554833086,0.155,0.62,4983.0,4.0,3857.0,1917.172983848862
2026-09-13 06:52:20.564,0.2136055554833086,0.155,0.62,4983.0,4.0,3857.0,1917.172983848862
2026-09-13 06:52:20.598,0.2136055554833086,0.155,0.62,4983.0,4.0,3857.0,1917.172983848862
2026-09-13 06:52:21.996,0.2136055554833086,0.155,0.62,4983.0,4.0,3857.0,1917.172983848862
2026-09-13 06:52:22.047,0.2136055554833086,0.155,0.62,4983.0,4.0,3857.0,1917.172983848862
2026-09-13 06:52:24.064,0.2136055554833086,0.155,0.62,4983.0,4.0,3857.0,1917.172983848862
2026-09-13 06:52:24.098,0.2136055554833086,0.155,0.62,4983.0,4.0,3857.0,1917.172983848862
2026-09-13 06:52:25.496,0.2136055554833086,0.155,0.62,4983.0,4.0,3857.0,1917.172983848862
2026-09-13 06:52:25.547,0.2136055554833086,0.155,0.62,4983.0,4.0,3857.0,1917.172983848862
2026-09-13 06:52:27.564,0.2136055554833086,0.155,0.62,4983.0,4.0,3857.0,1917.172983848862
2026-09-13 06:52:27.598,0.2136055554833086,0.155,0.62,4983.0,4.0,3857.0,1917.172983848862
2026-09-13 06:52:28.996,0.2136055554833086,0.155,0.62,4983.0,4.0,3857.0,1917.172983848862
2026-09-13 06:52:29.047,0.2136055554833086,0.155,0.62,4983.0,4.0,3857.0,1917.172983848862
2026-09-13 06:52:31.064,0.2136055554833086,0.155,0.62,4983.0,4.0,3857.0,1917.172983848862
2026-09-13 06:52:31.098,0.2136055554833086,0.155,0.62,4983.0,4.0,3857.0,1917.172983848862
2026-09-13 06:52:32.496,0.2136055554833086,0.155,0.62,4983.0,4.0,3857.0,1917.172983848862
2026-09-13 06:52:32.547,0.2136055554833086,0.155,0.62,4983.0,4.0,3857.0,1917.172983848862
2026-09-13 06:52:34.564,0.2136055554833086,0.155,0.62,4983.0,4.0,3857.0,1917.172983848862
2026-09-13 06:52:34.598,0.2136055554833086,0.155,0.62,4983.0,4.0,3857.0,1917.172983848862
2026-09-13 06:52:35.996,0.2136055554833086,0.155,0.62,4983.0,4.0,3857.0,1917.172983848862
2026-09-13 06:52:36.047,0.2136055554833086,0.155,0.62,4983.0,4.0,3857.0,1917.172983848862
2026-09-13 06:52:38.064,0.2136055554833086,0.155,0.62,4983.0,4.0,3857.0,1917.172983848862
2026-09-13 06:52:38.098,0.2136055554833086,0.155,0.62,4983.0,4.0,3857.0,1917.172983848862
2026-09-13 06:52:39.496,0.2136055554833086,0.155,0.62,4983.0,4.0,3857.0,1917.172983848862
2026-09-13 06:52:39.547,0.2136055554833086,0.155,0.62,4983.0,4.0,3857.0,1917.172983848862
2026-09-13 06:52:41.564,0.2136055554833086,0.155,0.62,4983.0,4.0,3857.0,1917.172983848862
2026-09-13 06:52:41.598,0.2136055554833086,0.155,0.62,4983.0,4.0,3857.0,1917.172983848862
2026-09-13 06:52:42.996,0.2136055554833086,0.155,0.62,4983.0,4.0,3857.0,1917.172983848862
2026-09-13 06:52:43.047,0.2136055554833086,0.155,0.62,4983.0,4.0,3857.0,1917.172983848862
2026-09-13 06:52:45.065,0.21345784127082212,0.15525,0.621,4983.0,4.0,3857.0,1917.172983848862
2026-09-13 06:52:45.099,0.21345784127082212,0.15525,0.621,4983.0,4.0,3857.0,1917.172983848862
2026-09-13 06:52:46.496,0.21345784127082212,0.15525,0.621,4983.0,4.0,3857.0,1917.172983848862
2026-09-13 06:52:46.547,0.21345784127082212,0.15525,0.621,4983.0,4.0,3857.0,1917.172983848862
2026-09-13 06:52:48.565,0.2136055554833086,0.155,0.62,4983.0,4.0,3857.0,1917.172983848862
2026-09-13 06:52:48.598,0.21379487832967253,0.15475,0.619,4983.0,4.0,3857.0,1917.172983848862
2026-09-13 06:52:49.996,0.21379487832967253,0.15475,0.619,4983.0,4.0,3857.0,1917.172983848862
2026-09-13 06:52:50.047,0.21379487832967253,0.15475,0.619,4983.0,4.0,3857.0,1917.172983848862
2026-09-13 06:52:52.065,0.21379487832967253,0.15475,0.619,4983.0,4.0,3857.0,1917.172983848862
2026-09-13 06:52:52.099,0.2136055554833086,0.155,0.62,4983.0,4.0,3857.0,1917.172983848862
2026-09-13 06:52:53.497,0.2141049197628727,0.15525,0.621,4983.0,4.0,3857.0,1917.172983848862
2026-09-13 06:52:53.547,0.21426774527834597,0.155,0.62,4983.0,4.0,3857.0,1917.172983848862
2026-09-13 06:52:55.565,0.21426774527834597,0.155,0.62,4983.0,4.0,3857.0,1917.172983848862
2026-09-13 06:52:55.599,0.21426774527834597,0.155,0.62,4983.0,4.0,3857.0,1917.172983848862
2026-09-13 06:52:56.997,0.21426774527834597,0.155,0.62,4983.0,4.0,3857.0,1917.172983848862
2026-09-13 06:52:57.048,0.2141049197628727,0.15525,0.621,4983.0,4.0,3857.0,1917.172983848862
2026-09-13 06:52:59.065,0.2141049197628727,0.15525,0.621,4983.0,4.0,3857.0,1917.172983848862
2026-09-13 06:52:59.099,0.2141049197628727,0.15525,0.621,4983.0,4.0,3857.0,1917.172983848862
2026-09-13 06:53:00.497,0.2141049197628727,0.15525,0.621,4983.0,4.0,3857.0,1917.172983848862
2026-09-13 06:53:00.548,0.2141049197628727,0.15525,0.621,4983.0,4.0,3857.0,1917.172983848862
2026-09-13 06:53:02.565,0.2141049197628727,0.15525,0.621,4983.0,4.0,3857.0,1917.172983848862
2026-09-13 06:53:02.599,0.2141049197628727,0.15525,0.621,4983.0,4.0,3857.0,1917.172983848862
2026-09-13 06:53:03.997,0.2136055554833086,0.155,0.62,4983.0,4.0,3857.0,1917.172983848862
2026-09-13 06:53:04.048,0.2136055554833086,0.155,0.62,4983.0,4.0,3857.0,1917.172983848862
2026-09-13 06:53:06.065,0.2136055554833086,0.155,0.62,4983.0,4.0,3857.0,1917.172983848862
2026-09-13 06:53:06.099,0.2136055554833086,0.155,0.62,4983.0,4.0,3857.0,1917.172983848862
2026-09-13 06:53:07.497,0.2136055554833086,0.155,0.62,4983.0,4.0,3857.0,1917.172983848862
2026-09-13 06:53:07.548,0.2136055554833086,0.155,0.62,4983.0,4.0,3857.0,1917.172983848862
2026-09-13 06:53:09.565,0.2136055554833086,0.155,0.62,4983.0,4.0,3857.0,1917.172983848862
2026-09-13 06:53:09.599,0.2136055554833086,0.155,0.62,4983.0,4.0,3857.0,1917.172983848862
2026-09-13 06:53:10.997,0.2136055554833086,0.155,0.62,4983.0,4.0,3857.0,1917.172983848862
2026-09-13 06:53:11.048,0.2136055554833086,0.155,0.62,4983.0,4.0,3857.0,1917.172983848862
2026-09-13 06:53:13.065,0.2136055554833086,0.155,0.62,4983.0,4.0,3857.0,1917.172983848862
2026-09-13 06:53:13.099,0.2136055554833086,0.155,0.62,4983.0,4.0,3857.0,1917.172983848862
2026-09-13 06:53:14.497,0.2136055554833086,0.155,0.62,4983.0,4.0,3857.0,1917.172983848862
2026-09-13 06:53:14.548,0.2136055554833086,0.155,0.62,4983.0,4.0,3857.0,1917.172983848862
2026-09-13 06:53:16.565,0.2136055554833086,0.155,0.62,4983.0,4.0,3857.0,1917.172983848862
2026-09-13 06:53:16.599,0.2136055554833086,0.155,0.62,4983.0,4.0,3857.0,1917.172983848862
2026-09-13 06:53:17.997,0.2136055554833086,0.155,0.62,4983.0,4.0,3857.0,1917.172983848862
2026-09-13 06:53:18.048,0.2136055554833086,0.155,0.62,4983.0,4.0,3857.0,1917.172983848862
2026-09-13 06:53:20.065,0.2136055554833086,0.155,0.62,4983.0,4.0,3857.0,1917.172983848862
2026-09-13 06:53:20.099,0.2136055554833086,0.155,0.62,4983.0,4.0,3857.0,1917.172983848862
2026-09-13 06:53:21.497,0.2136055554833086,0.155,0.62,4983.0,4.0,3857.0,1917.172983848862
2026-09-13 06:53:21.548,0.2136055554833086,0.155,0.62,4983.0,4.0,3857.0,1917.172983848862
2026-09-13 06:53:23.565,0.2136055554833086,0.155,0.62,4983.0,4.0,3857.0,1917.172983848862
2026-09-13 06:53:23.599,0.2136055554833086,0.155,0.62,4983.0,4.0,3857.0,1917.172983848862
2026-09-13 06:53:24.997,0.2136055554833086,0.155,0.62,4983.0,4.0,3857.0,1917.172983848862
2026-09-13 06:53:25.048,0.2136055554833086,0.155,0.62,4983.0,4.0,3857.0,1917.172983848862
2026-09-13 06:53:27.065,0.2136055554833086,0.155,0.62,4983.0,4.0,3857.0,1917.172983848862
2026-09-13 06:53:27.099,0.2136055554833086,0.155,0.62,4983.0,4.0,3857.0,1917.172983848862
2026-09-13 06:53:28.497,0.2136055554833086,0.155,0.62,4983.0,4.0,3857.0,1917.172983848862
2026-09-13 06:53:28.548,0.2136055554833086,0.155,0.62,4983.0,4.0,3857.0,1917.172983848862
2026-09-13 06:53:30.566,0.2134578412708221,0.15525,0.621,4983.0,4.0,3857.0,1917.172983848862
2026-09-13 06:53:30.599,0.2136476850642965,0.155,0.62,4983.0,4.0,3857.0,1917.172983848862
2026-09-13 06:53:31.997,0.2136476850642965,0.155,0.62,4983.0,4.0,3857.0,1917.172983848862
2026-09-13 06:53:32.048,0.2136476850642965,0.155,0.62,4983.0,4.0,3857.0,1917.172983848862
2026-09-13 06:53:34.066,0.2136476850642965,0.155,0.62,4983.0,4.0,3857.0,1917.172983848862
2026-09-13 06:53:34.100,0.2134578412708221,0.15525,0.621,4983.0,4.0,3857.0,1917.172983848862
2026-09-13 06:53:35.497,0.2134578412708221,0.15525,0.621,4983.0,4.0,3857.0,1917.172983848862
2026-09-13 06:53:35.548,0.2134578412708221,0.15525,0.621,4983.0,4.0,3857.0,1917.172983848862
2026-09-13 06:53:37.566,0.2136055554833086,0.155,0.62,4983.0,4.0,3857.0,1917.172983848862
2026-09-13 06:53:37.600,0.2136055554833086,0.155,0.62,4983.0,4.0,3857.0,1917.172983848862
2026-09-13 06:53:38.998,0.2141049197628727,0.15525,0.621,4983.0,4.0,3857.0,1917.172983848862
2026-09-13 06:53:39.048,0.21426774527834597,0.155,0.62,4983.0,4.0,3857.0,1917.172983848862
2026-09-13 06:53:41.066,0.21426774527834597,0.155,0.62,4983.0,4.0,3857.0,1917.172983848862
2026-09-13 06:53:41.100,0.21426774527834597,0.155,0.62,4983.0,4.0,3857.0,1917.172983848862
2026-09-13 06:53:42.498,0.21426774527834597,0.155,0.62,4983.0,4.0,3857.0,1917.172983848862
2026-09-13 06:53:42.549,0.2141049197628727,0.15525,0.621,4983.0,4.0,3857.0,1917.172983848862
2026-09-13 06:53:44.566,0.2141049197628727,0.15525,0.621,4983.0,4.0,3857.0,1917.172983848862
2026-09-13 06:53:44.600,0.2141049197628727,0.15525,0.621,4983.0,4.0,3857.0,1917.172983848862
2026-09-13 06:53:45.998,0.2141049197628727,0.15525,0.621,4983.0,4.0,3857.0,1917.172983848862
2026-09-13 06:53:46.049,0.2141049197628727,0.15525,0.621,4983.0,4.0,3857.0,1917.172983848862
2026-09-13 06:53:48.066,0.2141049197628727,0.15525,0.621,4983.0,4.0,3857.0,1917.172983848862
2026-09-13 06:53:48.100,0.2141049197628727,0.15525,0.621,4983.0,4.0,3857.0,1917.172983848862
2026-09-13 06:53:49.498,0.2141049197628727,0.15525,0.621,4983.0,4.0,3857.0,1917.172983848862
2026-09-13 06:53:49.549,0.2141049197628727,0.15525,0.621,4983.0,4.0,3857.0,1917.172983848862
2026-09-13 06:53:51.566,0.2141049197628727,0.15525,0.621,4983.0,4.0,3857.0,1917.172983848862
2026-09-13 06:53:51.600,0.2141049197628727,0.15525,0.621,4983.0,4.0,3857.0,1917.172983848862
2026-09-13 06:53:52.998,0.21360555548330853,0.155,0.62,4983.0,4.0,3857.0,1917.172983848862
2026-09-13 06:53:53.049,0.21360555548330853,0.155,0.62,4983.0,4.0,3857.0,1917.172983848862
2026-09-13 06:53:55.066,0.21360555548330853,0.155,0.62,4983.0,4.0,3857.0,1917.172983848862
2026-09-13 06:53:55.100,0.21360555548330853,0.155,0.62,4983.0,4.0,3857.0,1917.172983848862
2026-09-13 06:53:56.498,0.21360555548330853,0.155,0.62,4983.0,4.0,3857.0,1917.172983848862
2026-09-13 06:53:56.549,0.21360555548330853,0.155,0.62,4983.0,4.0,3857.0,1917.172983848862
2026-09-13 06:53:58.566,0.21360555548330853,0.155,0.62,4983.0,4.0,3857.0,1917.172983848862
2026-09-13 06:53:58.600,0.21360555548330853,0.155,0.62,4983.0,4.0,3857.0,1917.172983848862
2026-09-13 06:53:59.998,0.21360555548330853,0.155,0.62,4983.0,4.0,3857.0,1917.172983848862
2026-09-13 06:54:00.049,0.21360555548330853,0.155,0.62,4983.0,4.0,3857.0,1917.172983848862
2026-09-13 06:54:02.066,0.21360555548330853,0.155,0.62,4983.0,4.0,3857.0,1917.172983848862
2026-09-13 06:54:02.100,0.21360555548330853,0.155,0.62,4983.0,4.0,3857.0,1917.172983848862
2026-09-13 06:54:03.498,0.029848227194694488,0.06225,0.249,4983.0,4.0,3857.0,1917.172983848862
2026-09-13 06:54:03.548,0.02997776954121336,0.062,0.248,4983.0,4.0,3857.0,1917.172983848862
2026-09-13 06:54:05.566,0.02997776954121336,0.062,0.248,4983.0,4.0,3857.0,1917.172983848862
2026-09-13 06:54:05.600,0.02997776954121336,0.062,0.248,4983.0,4.0,3857.0,1917.172983848862
2026-09-13 06:54:06.998,0.2137683715301825,0.15475,0.619,4983.0,4.0,3857.0,1917.172983848862
2026-09-13 06:54:07.049,0.2136055554833086,0.155,0.62,4983.0,4.0,3857.0,1917.172983848862
2026-09-13 06:54:09.066,0.2136055554833086,0.155,0.62,4983.0,4.0,3857.0,1917.172983848862
2026-09-13 06:54:09.100,0.2136055554833086,0.155,0.62,4983.0,4.0,3857.0,1917.172983848862
2026-09-13 06:54:10.498,0.2136055554833086,0.155,0.62,4983.0,4.0,3857.0,1917.172983848862
2026-09-13 06:54:10.549,0.2136055554833086,0.155,0.62,4983.0,4.0,3857.0,1917.172983848862
2026-09-13 06:54:12.566,0.2136055554833086,0.155,0.62,4983.0,4.0,3857.0,1917.172983848862
2026-09-13 06:54:12.600,0.2136055554833086,0.155,0.62,4983.0,4.0,3857.0,1917.172983848862
2026-09-13 06:54:13.998,0.2136055554833086,0.155,0.62,4983.0,4.0,3857.0,1917.172983848862
2026-09-13 06:54:14.049,0.2136055554833086,0.155,0.62,4983.0,4.0,3857.0,1917.172983848862
2026-09-13 06:54:16.066,0.2136055554833086,0.155,0.62,4983.0,4.0,3857.0,1917.172983848862
2026-09-13 06:54:16.100,0.2136055554833086,0.155,0.62,4983.0,4.0,3857.0,1917.172983848862
2026-09-13 06:54:17.498,0.2136055554833086,0.155,0.62,4983.0,4.0,3857.0,1917.172983848862
2026-09-13 06:54:17.549,0.2136055554833086,0.155,0.62,4983.0,4.0,3857.0,1917.172983848862
2026-09-13 06:54:19.567,0.2134578412708221,0.15525,0.621,4983.0,4.0,3857.0,1917.172983848862
2026-09-13 06:54:19.600,0.2136476850642965,0.155,0.62,4983.0,4.0,3857.0,1917.172983848862
2026-09-13 06:54:20.998,0.2136476850642965,0.155,0.62,4983.0,4.0,3857.0,1917.172983848862
2026-09-13 06:54:21.049,0.2136476850642965,0.155,0.62,4983.0,4.0,3857.0,1917.172983848862
2026-09-13 06:54:23.067,0.21379487832967253,0.15475,0.619,4983.0,4.0,3857.0,1917.172983848862
2026-09-13 06:54:23.101,0.21360555548330853,0.155,0.62,4983.0,4.0,3857.0,1917.172983848862
2026-09-13 06:54:24.498,0.21360555548330853,0.155,0.62,4983.0,4.0,3857.0,1917.172983848862
2026-09-13 06:54:24.549,0.21360555548330853,0.155,0.62,4983.0,4.0,3857.0,1917.172983848862
2026-09-13 06:54:26.567,0.21360555548330853,0.155,0.62,4983.0,4.0,3857.0,1917.172983848862
2026-09-13 06:54:26.601,0.21360555548330853,0.155,0.62,4983.0,4.0,3857.0,1917.172983848862
2026-09-13 06:54:27.999,0.2141049197628727,0.15525,0.621,4983.0,4.0,3857.0,1917.172983848862
2026-09-13 06:54:28.049,0.21426774527834597,0.155,0.62,4983.0,4.0,3857.0,1917.172983848862
2026-09-13 06:54:30.067,0.21426774527834597,0.155,0.62,4983.0,4.0,3857.0,1917.172983848862
2026-09-13 06:54:30.101,0.21426774527834597,0.155,0.62,4983.0,4.0,3857.0,1917.172983848862
2026-09-13 06:54:31.499,0.21426774527834594,0.155,0.62,4983.0,4.0,3857.0,1917.172983848862
2026-09-13 06:54:31.550,0.21410491976287266,0.15525,0.621,4983.0,4.0,3857.0,1917.172983848862
2026-09-13 06:54:33.567,0.21410491976287266,0.15525,0.621,4983.0,4.0,3857.0,1917.172983848862
2026-09-13 06:54:33.601,0.21410491976287266,0.15525,0.621,4983.0,4.0,3857.0,1917.172983848862
2026-09-13 06:54:34.999,0.21360555548330853,0.155,0.62,4983.0,4.0,3857.0,1917.172983848862
2026-09-13 06:54:35.050,0.21360555548330853,0.155,0.62,4983.0,4.0,3857.0,1917.172983848862
2026-09-13 06:54:37.067,0.21360555548330853,0.155,0.62,4983.0,4.0,3857.0,1917.172983848862
2026-09-13 06:54:37.101,0.21360555548330853,0.155,0.62,4983.0,4.0,3857.0,1917.172983848862
2026-09-13 06:54:38.499,0.21360555548330853,0.155,0.62,4983.0,4.0,3857.0,1917.172983848862
2026-09-13 06:54:38.550,0.21360555548330853,0.155,0.62,4983.0,4.0,3857.0,1917.172983848862
2026-09-13 06:54:40.567,0.21360555548330853,0.155,0.62,4983.0,4.0,3857.0,1917.172983848862
2026-09-13 06:54:40.601,0.21360555548330853,0.155,0.62,4983.0,4.0,3857.0,1917.172983848862
2026-09-13 06:54:41.999,0.21360555548330853,0.155,0.62,4983.0,4.0,3857.0,1917.172983848862
2026-09-13 06:54:42.050,0.21360555548330853,0.155,0.62,4983.0,4.0,3857.0,1917.172983848862
2026-09-13 06:54:44.067,0.21360555548330853,0.155,0.62,4983.0,4.0,3857.0,1917.172983848862
2026-09-13 06:54:44.101,0.21360555548330853,0.155,0.62,4983.0,4.0,3857.0,1917.172983848862
2026-09-13 06:54:45.499,0.21360555548330853,0.155,0.62,4983.0,4.0,3857.0,1917.172983848862
2026-09-13 06:54:45.550,0.21360555548330853,0.155,0.62,4983.0,4.0,3857.0,1917.172983848862
2026-09-13 06:54:47.567,0.21360555548330853,0.155,0.62,4983.0,4.0,3857.0,1917.172983848862
2026-09-13 06:54:47.601,0.21360555548330853,0.155,0.62,4983.0,4.0,3857.0,1917.172983848862
2026-09-13 06:54:48.999,0.21360555548330853,0.155,0.62,4983.0,4.0,3857.0,1917.172983848862
2026-09-13 06:54:49.050,0.21360555548330853,0.155,0.62,4983.0,4.0,3857.0,1917.172983848862
2026-09-13 06:54:51.067,0.21360555548330853,0.155,0.62,4983.0,4.0,3857.0,1917.172983848862
2026-09-13 06:54:51.101,0.21360555548330853,0.155,0.62,4983.0,4.0,3857.0,1917.172983848862
2026-09-13 06:54:52.499,0.21360555548330853,0.155,0.62,4983.0,4.0,3857.0,1917.172983848862
2026-09-13 06:54:52.550,0.21360555548330853,0.155,0.62,4983.0,4.0,3857.0,1917.172983848862
2026-09-13 06:54:54.567,0.21360555548330853,0.155,0.62,4983.0,4.0,3857.0,1917.172983848862
2026-09-13 06:54:54.601,0.21360555548330853,0.155,0.62,4983.0,4.0,3857.0,1917.172983848862
2026-09-13 06:54:55.999,0.21360555548330853,0.155,0.62,4983.0,4.0,3857.0,1917.172983848862
2026-09-13 06:54:56.050,0.21360555548330853,0.155,0.62,4983.0,4.0,3857.0,1917.172983848862
2026-09-13 06:54:58.067,0.21360555548330853,0.155,0.62,4983.0,4.0,3857.0,1917.172983848862
2026-09-13 06:54:58.101,0.21360555548330853,0.155,0.62,4983.0,4.0,3857.0,1917.172983848862
2026-09-13 06:54:59.499,0.21360555548330853,0.155,0.62,4983.0,4.0,3857.0,1917.172983848862
2026-09-13 06:54:59.550,0.21360555548330853,0.155,0.62,4983.0,4.0,3857.0,1917.172983848862
2026-09-13 06:55:01.568,0.21345784127082207,0.15525,0.621,4983.0,4.0,3857.0,1917.172983848862
2026-09-13 06:55:01.602,0.21345784127082207,0.15525,0.621,4983.0,4.0,3857.0,1917.172983848862
2026-09-13 06:55:02.999,0.21345784127082207,0.15525,0.621,4983.0,4.0,3857.0,1917.172983848862
2026-09-13 06:55:03.050,0.21345784127082207,0.15525,0.621,4983.0,4.0,3857.0,1917.172983848862
2026-09-13 06:55:05.068,0.21345784127082207,0.15525,0.621,4983.0,4.0,3857.0,1917.172983848862
2026-09-13 06:55:05.101,0.21364768506429646,0.155,0.62,4983.0,4.0,3857.0,1917.172983848862
2026-09-13 06:55:06.500,0.21314842246659832,0.15475,0.619,4983.0,4.0,3857.0,1917.172983848862
2026-09-13 06:55:06.552,0.21298669755018224,0.155,0.62,4983.0,4.0,3857.0,1917.172983848862
2026-09-13 06:55:08.569,0.21298669755018224,0.155,0.62,4983.0,4.0,3857.0,1917.172983848862
2026-09-13 06:55:08.602,0.21298669755018224,0.155,0.62,4983.0,4.0,3857.0,1917.172983848862
2026-09-13 06:55:10.000,0.21348594801531895,0.15525,0.621,4983.0,4.0,3857.0,1917.172983848862
2026-09-13 06:55:10.051,0.21364768506429643,0.155,0.62,4983.0,4.0,3857.0,1917.172983848862
2026-09-13 06:55:12.069,0.21379487832967248,0.15475,0.619,4983.0,4.0,3857.0,1917.172983848862
2026-09-13 06:55:12.103,0.21360555548330853,0.155,0.62,4983.0,4.0,3857.0,1917.172983848862
2026-09-13 06:55:13.501,0.21410491976287263,0.15525,0.621,4983.0,4.0,3857.0,1917.172983848862
2026-09-13 06:55:13.551,0.2142677452783459,0.155,0.62,4983.0,4.0,3857.0,1917.172983848862
2026-09-13 06:55:15.569,0.21426774527834594,0.155,0.62,4983.0,4.0,3857.0,1917.172983848862
2026-09-13 06:55:15.603,0.21426774527834594,0.155,0.62,4983.0,4.0,3857.0,1917.172983848862
2026-09-13 06:55:17.001,0.21426774527834594,0.155,0.62,4983.0,4.0,3857.0,1917.172983848862
2026-09-13 06:55:17.051,0.21426774527834594,0.155,0.62,4983.0,4.0,3857.0,1917.172983848862
2026-09-13 06:55:19.069,0.21426774527834594,0.155,0.62,4983.0,4.0,3857.0,1917.172983848862
2026-09-13 06:55:19.103,0.21426774527834594,0.155,0.62,4983.0,4.0,3857.0,1917.172983848862
2026-09-13 06:55:20.501,0.2137683715301825,0.15475,0.619,4983.0,4.0,3857.0,1917.172983848862
2026-09-13 06:55:20.552,0.21360555548330853,0.155,0.62,4983.0,4.0,3857.0,1917.172983848862
2026-09-13 06:55:22.569,0.21360555548330853,0.155,0.62,4983.0,4.0,3857.0,1917.172983848862
2026-09-13 06:55:22.603,0.21360555548330853,0.155,0.62,4983.0,4.0,3857.0,1917.172983848862
2026-09-13 06:55:24.001,0.21360555548330853,0.155,0.62,4983.0,4.0,3857.0,1917.172983848862
2026-09-13 06:55:24.052,0.21360555548330853,0.155,0.62,4983.0,4.0,3857.0,1917.172983848862
2026-09-13 06:55:26.069,0.21360555548330853,0.155,0.62,4983.0,4.0,3857.0,1917.172983848862
2026-09-13 06:55:26.103,0.21360555548330853,0.155,0.62,4983.0,4.0,3857.0,1917.172983848862
2026-09-13 06:55:27.501,0.0179350680697364,0.0555,0.222,4983.0,4.0,3857.0,1917.172983848862
2026-09-13 06:55:27.551,0.01802544497830991,0.05525000000000001,0.22100000000000003,4983.0,4.0,3857.0,1917.172983848862
2026-09-13 06:55:29.569,0.01802544497830991,0.05525000000000001,0.22100000000000003,4983.0,4.0,3857.0,1917.172983848862
2026-09-13 06:55:29.603,0.01802544497830991,0.05525000000000001,0.22100000000000003,4983.0,4.0,3857.0,1917.172983848862
