timestamp,hex_data
"2026-08-23 00:17:33.159","01 10 0B 13 00 03 06 00 E8 00 71 00 F7 43 B4 01 10 0B 13 00 03 73 E9 01 03 04 B0 00 05 85 1E 01 03 0A 00 00 00 00 00 00 00 00 00 00 24 B6 01"
"2026-08-23 00:17:33.210","01 10 0B 13 00 03 06 00 F7 00 6D 00 FF 16 76"
"2026-08-23 00:17:33.222","01 10 0B 13 00 03 73 E9"
"2026-08-23 00:17:33.233","01 03 04 B0 00 05 85 1E"
"2026-08-23 00:17:33.254","01 03 0A 00 00 00 00 00 00 00 00 00 00 24 B6"
"2026-08-23 00:17:33.697","01 01 00 19 00 03 AD CC"
"2026-08-23 00:17:33.708","01 01 01 00 51 88"
"2026-08-23 00:17:34.198","01 02 00 04 00 0C 39 CE"
"2026-08-23 00:17:34.210","01 02 02 01 00 B8 28"
"2026-08-23 00:17:34.700","01 03 04 EC 00 0C 85 0A"
"2026-08-23 00:17:34.742","01 03 18 27 0F 00 17 00 28 00 45 00 73 00 AF 00 EC 01 3C 01 93 01 FA 02 6C 02 EC A8 94"
"2026-08-23 00:17:35.201","01 04 00 56 00 03 50 1B"
"2026-08-23 00:17:35.212","01 04 06 02 BA 00 00 00 00 B8 AA"
"2026-08-23 00:17:35.702","01 05 23 34 FF 00 C6 70"
"2026-08-23 00:17:35.714","01 05 23 34 FF 00 C6 70"
"2026-08-23 00:17:36.153","01 06 04 FC 06 19 8A A0"
"2026-08-23 00:17:36.165","01 06 04 FC 06 19 8A A0"
"2026-08-23 00:17:36.707","01 10 0B 13 00 03 06 00 D9 00 6D 00 F8 BF B2"
"2026-08-23 00:17:36.718","01 10 0B 13 00 03 73 E9"
"2026-08-23 00:17:36.730","01 03 04 B0 00 05 85 1E"
"2026-08-23 00:17:36.752","01 03 0A 00 00 00 00 00 00 00 00 00 00 24 B6"
"2026-08-23 00:17:37.201","01 01 00 19 00 03 AD CC"
"2026-08-23 00:17:37.213","01 01 01 00 51 88"
"2026-08-23 00:17:37.703","01 02 00 04 00 0C 39 CE"
"2026-08-23 00:17:37.714","01 02 02 00 00 B9 B8"
"2026-08-23 00:17:38.195","01 03 04 EC 00 0C 85 0A"
"2026-08-23 00:17:38.237","01 03 18 27 0F 00 17 00 28 00 45 00 73 00 AF 00 EC 01 3C 01 93 01 FA 02 6C 02 EC A8 94"
"2026-08-23 00:17:38.697","01 04 00 56 00 03 50 1B"
"2026-08-23 00:17:38.719","01 04 06 02 EA 00 00 00 00 78 A6"
"2026-08-23 00:17:40.206","01 10 0B 13 00 03 06 00 F7 00 6B 00 F5 76 70"
"2026-08-23 00:17:40.218","01 10 0B 13 00 03 73 E9"
"2026-08-23 00:17:40.229","01 03 04 B0 00 05 85 1E"
"2026-08-23 00:17:40.261","01 03 0A 00 00 00 00 00 00 00 00 00 00 24 B6"
"2026-08-23 00:17:40.699","01 01 00 19 00 03 AD CC"
"2026-08-23 00:17:40.710","01 01 01 00 51 88"
"2026-08-23 00:17:41.199","01 02 00 04 00 0C 39 CE"
"2026-08-23 00:17:41.210","01 02 02 01 00 B8 28"
"2026-08-23 00:17:41.699","01 03 04 EC 00 0C 85 0A"
"2026-08-23 00:17:41.741","01 03 18 27 0F 00 17 00 28 00 45 00 73 00 AF 00 EC 01 3C 01 93 01 FA 02 6C 02 EC A8 94"
"2026-08-23 00:17:42.200","01 04 00 56 00 03 50 1B"
"2026-08-23 00:17:42.212","01 04 06 01 C4 00 00 00 00 90 93"
"2026-08-23 00:17:43.707","01 10 0B 13 00 03 06 00 F7 00 65 00 F9 17 B6"
"2026-08-23 00:17:43.719","01 10 0B 13 00 03 73 E9"
"2026-08-23 00:17:43.731","01 03 04 B0 00 05 85 1E"
"2026-08-23 00:17:43.752","01 03 0A 00 00 00 00 00 00 00 00 00 00 24 B6"
"2026-08-23 00:17:44.201","01 01 00 19 00 03 AD CC"
"2026-08-23 00:17:44.213","01 01 01 00 51 88"
"2026-08-23 00:17:44.703","01 02 00 04 00 0C 39 CE"
"2026-08-23 00:17:44.714","01 02 02 01 00 B8 28"
"2026-08-23 00:17:45.203","01 03 04 EC 00 0C 85 0A"
"2026-08-23 00:17:45.235","01 03 18 27 0F 00 17 00 28 00 45 00 73 00 AF 00 EC 01 3C 01 93 01 FA 02 6C 02 EC A8 94"
"2026-08-23 00:17:45.704","01 04 00 56 00 03 50 1B"
"2026-08-23 00:17:45.715","01 04 06 00 FC 00 00 00 00 30 87"
"2026-08-23 00:17:46.703","01 06 01 41 00 24 D8 39"
"2026-08-23 00:17:46.715","01 06 01 41 00 24 D8 39"
"2026-08-23 00:17:47.204","01 10 0B 13 00 03 06 00 F7 00 64 00 F6 06 72"
"2026-08-23 00:17:47.226","01 10 0B 13 00 03 73 E9"
"2026-08-23 00:17:47.237","01 03 04 B0 00 05 85 1E"
"2026-08-23 00:17:47.259","01 03 0A 00 00 00 00 00 00 00 00 00 00 24 B6"
"2026-08-23 00:17:47.697","01 01 00 19 00 03 AD CC"
"2026-08-23 00:17:47.709","01 01 01 00 51 88"
"2026-08-23 00:17:48.199","01 02 00 04 00 0C 39 CE"
"2026-08-23 00:17:48.210","01 02 02 01 00 B8 28"
"2026-08-23 00:17:48.700","01 03 04 EC 00 0C 85 0A"
"2026-08-23 00:17:48.742","01 03 18 27 0F 00 17 00 28 00 45 00 73 00 AF 00 EC 01 3C 01 93 01 FA 02 6C 02 EC A8 94"
"2026-08-23 00:17:49.201","01 04 00 56 00 03 50 1B"
"2026-08-23 00:17:49.213","01 04 06 03 61 00 00 00 00 DD 68"
"2026-08-23 00:17:50.710","01 10 0B 13 00 03 06 00 ED 00 6D 00 FE 8E 74"
"2026-08-23 00:17:50.721","01 10 0B 13 00 03 73 E9"
"2026-08-23 00:17:50.732","01 03 04 B0 00 05 85 1E"
"2026-08-23 00:17:50.754","01 03 0A 00 00 00 00 00 00 00 00 00 00 24 B6"
"2026-08-23 00:17:50.816","01 06 04 F8 03 70 08 1F"
"2026-08-23 00:17:50.827","01 06 04 F8 03 70 08 1F"
"2026-08-23 00:17:51.204","01 01 00 19 00 03 AD CC"
"2026-08-23 00:17:51.216","01 01 01 00 51 88"
"2026-08-23 00:17:51.696","01 02 00 04 00 0C 39 CE"
"2026-08-23 00:17:51.707","01 02 02 01 00 B8 28"
"2026-08-23 00:17:52.197","01 03 04 EC 00 0C 85 0A"
"2026-08-23 00:17:52.240","01 03 18 27 0F 00 17 00 28 00 45 00 73 00 AF 00 EC 01 3C 01 93 01 FA 02 6C 02 EC A8 94"
"2026-08-23 00:17:52.698","01 04 00 56 00 03 50 1B"
"2026-08-23 00:17:52.720","01 04 06 01 DD 00 00 00 00 8D 51"
"2026-08-23 00:17:54.205","01 10 0B 13 00 03 06 00 EB 00 74 01 02 D6 62"
"2026-08-23 00:17:54.218","01 10 0B 13 00 03 73 E9"
"2026-08-23 00:17:54.239","01 03 04 B0 00 05 85 1E"
"2026-08-23 00:17:54.261","01 03 0A 00 00 00 00 00 00 00 00 00 00 24 B6"
"2026-08-23 00:17:54.699","01 01 00 19 00 03 AD CC"
"2026-08-23 00:17:54.710","01 01 01 00 51 88"
"2026-08-23 00:17:55.199","01 02 00 04 00 0C 39 CE"
"2026-08-23 00:17:55.211","01 02 02 00 00 B9 B8"
"2026-08-23 00:17:55.700","01 03 04 EC 00 0C 85 0A"
"2026-08-23 00:17:55.742","01 03 18 27 0F 00 17 00 28 00 45 00 73 00 AF 00 EC 01 3C 01 93 01 FA 02 6C 02 EC A8 94"
"2026-08-23 00:17:56.200","01 04 00 56 00 03 50 1B"
"2026-08-23 00:17:56.212","01 04 06 00 84 00 00 00 00 90 8D"
"2026-08-23 00:17:57.707","01 10 0B 13 00 03 06 00 F2 00 71 00 F4 5A 77"
"2026-08-23 00:17:57.719","01 10 0B 13 00 03 73 E9"
"2026-08-23 00:17:57.730","01 03 04 B0 00 05 85 1E"
"2026-08-23 00:17:57.751","01 03 0A 00 00 00 00 00 00 00 00 00 00 24 B6"
"2026-08-23 00:17:58.199","01 01 00 19 00 03 AD CC"
"2026-08-23 00:17:58.211","01 01 01 00 51 88"
"2026-08-23 00:17:58.700","01 02 00 04 00 0C 39 CE"
"2026-08-23 00:17:58.712","01 02 02 00 00 B9 B8"
"2026-08-23 00:17:59.201","01 03 04 EC 00 0C 85 0A"
"2026-08-23 00:17:59.243","01 03 18 27 0F 00 17 00 28 00 45 00 73 00 AF 00 EC 01 3C 01 93 01 FA 02 6C 02 EC A8 94"
"2026-08-23 00:17:59.702","01 04 00 56 00 03 50 1B"
"2026-08-23 00:17:59.713","01 04 06 03 AE 00 00 00 00 89 78"
"2026-08-23 00:18:00.579","01 06 04 ED 00 1E 98 C7"
"2026-08-23 00:18:00.590","01 06 04 ED 00 1E 98 C7"
"2026-08-23 00:18:01.211","01 10 0B 13 00 03 06 00 DB 00 6B 00 F5 E7 B6"
"2026-08-23 00:18:01.223","01 10 0B 13 00 03 73 E9"
"2026-08-23 00:18:01.234","01 03 04 B0 00 05 85 1E"
"2026-08-23 00:18:01.255","01 03 0A 00 00 00 00 00 00 00 00 00 00 24 B6"
"2026-08-23 00:18:01.704","01 01 00 19 00 03 AD CC"
"2026-08-23 00:18:01.715","01 01 01 00 51 88"
"2026-08-23 00:18:02.195","01 02 00 04 00 0C 39 CE"
"2026-08-23 00:18:02.217","01 02 02 01 00 B8 28"
"2026-08-23 00:18:02.697","01 03 04 EC 00 0C 85 0A"
"2026-08-23 00:18:02.739","01 03 18 27 0F 00 1E 00 28 00 45 00 73 00 AF 00 EC 01 3C 01 93 01 FA 02 6C 02 EC 31 0D"
"2026-08-23 00:18:03.197","01 04 00 56 00 03 50 1B"
"2026-08-23 00:18:03.219","01 04 06 03 64 00 00 00 00 11 68"
"2026-08-23 00:18:04.707","01 10 0B 13 00 03 06 00 D7 00 68 00 F8 C6 72"
"2026-08-23 00:18:04.718","01 10 0B 13 00 03 73 E9"
"2026-08-23 00:18:04.739","01 03 04 B0 00 05 85 1E"
"2026-08-23 00:18:04.760","01 03 0A 00 00 00 00 00 00 00 00 00 00 24 B6"
"2026-08-23 00:18:05.199","01 01 00 19 00 03 AD CC"
"2026-08-23 00:18:05.210","01 01 01 00 51 88"
"2026-08-23 00:18:05.702","01 02 00 04 00 0C 39 CE"
"2026-08-23 00:18:05.713","01 02 02 01 00 B8 28"
"2026-08-23 00:18:06.196","01 03 04 EC 00 0C 85 0A"
"2026-08-23 00:18:06.238","01 03 18 27 0F 00 1E 00 28 00 45 00 73 00 AF 00 EC 01 3C 01 93 01 FA 02 6C 02 EC 31 0D"
"2026-08-23 00:18:06.703","01 04 00 56 00 03 50 1B"
"2026-08-23 00:18:06.715","01 04 06 02 DF 00 00 00 00 F4 A2"
"2026-08-23 00:18:07.197","01 05 23 34 00 00 87 80"
"2026-08-23 00:18:07.208","01 05 23 34 00 00 87 80"
"2026-08-23 00:18:08.211","01 10 0B 13 00 03 06 00 D0 00 6B 00 F3 C2 75"
"2026-08-23 00:18:08.223","01 10 0B 13 00 03 73 E9"
"2026-08-23 00:18:08.234","01 03 04 B0 00 05 85 1E"
"2026-08-23 00:18:08.256","01 03 0A 00 00 00 00 00 00 00 00 00 00 24 B6"
"2026-08-23 00:18:08.698","01 01 00 19 00 03 AD CC"
"2026-08-23 00:18:08.710","01 01 01 00 51 88"
"2026-08-23 00:18:09.204","01 02 00 04 00 0C 39 CE"
"2026-08-23 00:18:09.215","01 02 02 00 00 B9 B8"
"2026-08-23 00:18:09.698","01 03 04 EC 00 0C 85 0A"
"2026-08-23 00:18:09.740","01 03 18 27 0F 00 1E 00 28 00 45 00 73 00 AF 00 EC 01 3C 01 93 01 FA 02 6C 02 EC 31 0D"
"2026-08-23 00:18:10.200","01 04 00 56 00 03 50 1B"
"2026-08-23 00:18:10.221","01 04 06 00 D3 00 00 00 00 E5 41"
"2026-08-23 00:18:11.705","01 10 0B 13 00 03 06 00 EB 00 66 00 F9 36 74"
"2026-08-23 00:18:11.726","01 10 0B 13 00 03 73 E9"
"2026-08-23 00:18:11.737","01 03 04 B0 00 05 85 1E"
"2026-08-23 00:18:11.758","01 03 0A 00 00 00 00 00 00 00 00 00 00 24 B6"
"2026-08-23 00:18:12.199","01 01 00 19 00 03 AD CC"
"2026-08-23 00:18:12.210","01 01 01 00 51 88"
"2026-08-23 00:18:12.701","01 02 00 04 00 0C 39 CE"
"2026-08-23 00:18:12.712","01 02 02 01 00 B8 28"
"2026-08-23 00:18:13.203","01 03 04 EC 00 0C 85 0A"
"2026-08-23 00:18:13.234","01 03 18 27 0F 00 1E 00 28 00 45 00 73 00 AF 00 EC 01 3C 01 93 01 FA 02 6C 02 EC 31 0D"
"2026-08-23 00:18:13.705","01 04 00 56 00 03 50 1B"
"2026-08-23 00:18:13.716","01 04 06 03 65 00 00 00 00 2C A8"
"2026-08-23 00:18:15.154","01 06 04 ED 00 1F 59 07"
"2026-08-23 00:18:15.165","01 06 04 ED 00 1F 59 07"
"2026-08-23 00:18:15.207","01 10 0B 13 00 03 06 00 CE 00 72 00 F1 3A 71"
"2026-08-23 00:18:15.219","01 10 0B 13 00 03 73 E9"
"2026-08-23 00:18:15.230","01 03 04 B0 00 05 85 1E"
"2026-08-23 00:18:15.252","01 03 0A 00 00 00 00 00 00 00 00 00 00 24 B6"
"2026-08-23 00:18:15.701","01 01 00 19 00 03 AD CC"
"2026-08-23 00:18:15.712","01 01 01 00 51 88"
"2026-08-23 00:18:16.202","01 02 00 04 00 0C 39 CE"
"2026-08-23 00:18:16.213","01 02 02 00 00 B9 B8"
"2026-08-23 00:18:16.703","01 03 04 EC 00 0C 85 0A"
"2026-08-23 00:18:16.735","01 03 18 27 0F 00 1F 00 28 00 45 00 73 00 AF 00 EC 01 3C 01 93 01 FA 02 6C 02 EC 21 DC"
"2026-08-23 00:18:17.203","01 04 00 56 00 03 50 1B"
"2026-08-23 00:18:17.215","01 04 06 01 73 00 00 00 00 64 89"
"2026-08-23 00:18:18.710","01 10 0B 13 00 03 06 00 E7 00 65 00 F0 16 73"
"2026-08-23 00:18:18.722","01 10 0B 13 00 03 73 E9"
"2026-08-23 00:18:18.733","01 03 04 B0 00 05 85 1E"
"2026-08-23 00:18:18.754","01 03 0A 00 00 00 00 00 00 00 00 00 00 24 B6"
"2026-08-23 00:18:19.203","01 01 00 19 00 03 AD CC"
"2026-08-23 00:18:19.214","01 01 01 00 51 88"
"2026-08-23 00:18:19.704","01 02 00 04 00 0C 39 CE"
"2026-08-23 00:18:19.715","01 02 02 01 00 B8 28"
"2026-08-23 00:18:20.204","01 03 04 EC 00 0C 85 0A"
"2026-08-23 00:18:20.236","01 03 18 27 0F 00 1F 00 28 00 45 00 73 00 AF 00 EC 01 3C 01 93 01 FA 02 6C 02 EC 21 DC"
"2026-08-23 00:18:20.705","01 04 00 56 00 03 50 1B"
"2026-08-23 00:18:20.716","01 04 06 02 1C 00 00 00 00 B0 B3"
"2026-08-23 00:18:21.204","01 05 23 34 FF 00 C6 70"
"2026-08-23 00:18:21.216","01 05 23 34 FF 00 C6 70"
"2026-08-23 00:18:22.205","01 10 0B 13 00 03 06 00 C8 00 67 01 02 E2 60"
"2026-08-23 00:18:22.217","01 10 0B 13 00 03 73 E9"
"2026-08-23 00:18:22.238","01 03 04 B0 00 05 85 1E"
"2026-08-23 00:18:22.259","01 03 0A 00 00 00 00 00 00 00 00 00 00 24 B6"
"2026-08-23 00:18:22.699","01 01 00 19 00 03 AD CC"
"2026-08-23 00:18:22.711","01 01 01 00 51 88"
"2026-08-23 00:18:23.200","01 02 00 04 00 0C 39 CE"
"2026-08-23 00:18:23.212","01 02 02 01 00 B8 28"
"2026-08-23 00:18:23.701","01 03 04 EC 00 0C 85 0A"
"2026-08-23 00:18:23.744","01 03 18 27 0F 00 1F 00 28 00 45 00 73 00 AF 00 EC 01 3C 01 93 01 FA 02 6C 02 EC 21 DC"
"2026-08-23 00:18:24.203","01 04 00 56 00 03 50 1B"
"2026-08-23 00:18:24.215","01 04 06 01 6F 00 00 00 00 B5 4B"
"2026-08-23 00:18:25.203","01 06 01 41 00 20 D9 FA"
"2026-08-23 00:18:25.215","01 06 01 41 00 20 D9 FA"
"2026-08-23 00:18:25.707","01 10 0B 13 00 03 06 00 EB 00 71 00 F3 06 77"
"2026-08-23 00:18:25.719","01 10 0B 13 00 03 73 E9"
"2026-08-23 00:18:25.740","01 03 04 B0 00 05 85 1E"
"2026-08-23 00:18:25.762","01 03 0A 00 00 00 00 00 00 00 00 00 00 24 B6"
"2026-08-23 00:18:26.201","01 01 00 19 00 03 AD CC"
"2026-08-23 00:18:26.212","01 01 01 00 51 88"
"2026-08-23 00:18:26.702","01 02 00 04 00 0C 39 CE"
"2026-08-23 00:18:26.714","01 02 02 00 00 B9 B8"
"2026-08-23 00:18:27.203","01 03 04 EC 00 0C 85 0A"
"2026-08-23 00:18:27.235","01 03 18 27 0F 00 1F 00 28 00 45 00 73 00 AF 00 EC 01 3C 01 93 01 FA 02 6C 02 EC 21 DC"
"2026-08-23 00:18:27.695","01 04 00 56 00 03 50 1B"
"2026-08-23 00:18:27.717","01 04 06 03 8B 00 00 00 00 C4 BF"
"2026-08-23 00:18:27.840","01 06 04 ED 00 1F 59 07"
"2026-08-23 00:18:27.852","01 06 04 ED 00 1F 59 07"
"2026-08-23 00:18:28.698","01 06 01 41 00 1F 99 EA"
"2026-08-23 00:18:28.719","01 06 01 41 00 1F 99 EA"
"2026-08-23 00:18:29.209","01 10 0B 13 00 03 06 00 CD 00 6E 00 FD BF B2"
"2026-08-23 00:18:29.221","01 10 0B 13 00 03 73 E9"
"2026-08-23 00:18:29.232","01 03 04 B0 00 05 85 1E"
"2026-08-23 00:18:29.254","01 03 0A 00 00 00 00 00 00 00 00 00 00 24 B6"
"2026-08-23 00:18:29.702","01 01 00 19 00 03 AD CC"
"2026-08-23 00:18:29.713","01 01 01 00 51 88"
"2026-08-23 00:18:30.203","01 02 00 04 00 0C 39 CE"
"2026-08-23 00:18:30.214","01 02 02 00 00 B9 B8"
"2026-08-23 00:18:30.704","01 03 04 EC 00 0C 85 0A"
"2026-08-23 00:18:30.736","01 03 18 27 0F 00 1F 00 28 00 45 00 73 00 AF 00 EC 01 3C 01 93 01 FA 02 6C 02 EC 21 DC"
"2026-08-23 00:18:31.196","01 04 00 56 00 03 50 1B"
"2026-08-23 00:18:31.218","01 04 06 00 C1 00 00 00 00 5D 42"
"2026-08-23 00:18:31.698","01 05 23 34 FF 00 C6 70"
"2026-08-23 00:18:31.719","01 05 23 34 FF 00 C6 70"
"2026-08-23 00:18:32.707","01 10 0B 13 00 03 06 00 DC 00 6B 01 03 D3 A0"
"2026-08-23 00:18:32.719","01 10 0B 13 00 03 73 E9"
"2026-08-23 00:18:32.740","01 03 04 B0 00 05 85 1E"
"2026-08-23 00:18:32.761","01 03 0A 00 00 00 00 00 00 00 00 00 00 24 B6"
"2026-08-23 00:18:33.200","01 01 00 19 00 03 AD CC"
"2026-08-23 00:18:33.211","01 01 01 00 51 88"
"2026-08-23 00:18:33.702","01 02 00 04 00 0C 39 CE"
"2026-08-23 00:18:33.714","01 02 02 00 00 B9 B8"
"2026-08-23 00:18:34.204","01 03 04 EC 00 0C 85 0A"
"2026-08-23 00:18:34.236","01 03 18 27 0F 00 1F 00 28 00 45 00 73 00 AF 00 EC 01 3C 01 93 01 FA 02 6C 02 EC 21 DC"
"2026-08-23 00:18:34.696","01 04 00 56 00 03 50 1B"
"2026-08-23 00:18:34.717","01 04 06 01 E0 00 00 00 00 E0 94"
"2026-08-23 00:18:36.213","01 10 0B 13 00 03 06 00 D3 00 64 00 F4 F7 B4"
"2026-08-23 00:18:36.224","01 10 0B 13 00 03 73 E9"
"2026-08-23 00:18:36.235","01 03 04 B0 00 05 85 1E"
"2026-08-23 00:18:36.257","01 03 0A 00 00 00 00 00 00 00 00 00 00 24 B6"
"2026-08-23 00:18:36.705","01 01 00 19 00 03 AD CC"
"2026-08-23 00:18:36.716","01 01 01 00 51 88"
"2026-08-23 00:18:37.205","01 02 00 04 00 0C 39 CE"
"2026-08-23 00:18:37.217","01 02 02 00 00 B9 B8"
"2026-08-23 00:18:37.697","01 03 04 EC 00 0C 85 0A"
"2026-08-23 00:18:37.739","01 03 18 27 0F 00 1F 00 28 00 45 00 73 00 AF 00 EC 01 3C 01 93 01 FA 02 6C 02 EC 21 DC"
"2026-08-23 00:18:37.862","01 06 04 FE 07 B1 2B 4E"
"2026-08-23 00:18:37.884","01 06 04 FE 07 B1 2B 4E"
"2026-08-23 00:18:38.200","01 04 00 56 00 03 50 1B"
"2026-08-23 00:18:38.221","01 04 06 03 78 00 00 00 00 C0 AA"
"2026-08-23 00:18:38.700","01 05 23 34 00 00 87 80"
"2026-08-23 00:18:38.712","01 05 23 34 00 00 87 80"
"2026-08-23 00:18:39.710","01 10 0B 13 00 03 06 00 EA 00 70 00 FD EB B3"
"2026-08-23 00:18:39.722","01 10 0B 13 00 03 73 E9"
"2026-08-23 00:18:39.733","01 03 04 B0 00 05 85 1E"
"2026-08-23 00:18:39.754","01 03 0A 00 00 00 00 00 00 00 00 00 00 24 B6"
"2026-08-23 00:18:40.203","01 01 00 19 00 03 AD CC"
"2026-08-23 00:18:40.214","01 01 01 00 51 88"
"2026-08-23 00:18:40.704","01 02 00 04 00 0C 39 CE"
"2026-08-23 00:18:40.715","01 02 02 01 00 B8 28"
"2026-08-23 00:18:41.204","01 03 04 EC 00 0C 85 0A"
"2026-08-23 00:18:41.236","01 03 18 27 0F 00 1F 00 28 00 45 00 73 00 AF 00 EC 01 3C 01 93 01 FA 02 6C 02 EC 21 DC"
"2026-08-23 00:18:41.705","01 04 00 56 00 03 50 1B"
"2026-08-23 00:18:41.717","01 04 06 01 3A 00 00 00 00 B9 47"
"2026-08-23 00:18:43.212","01 10 0B 13 00 03 06 00 D9 00 77 00 F4 9E 70"
"2026-08-23 00:18:43.224","01 10 0B 13 00 03 73 E9"
"2026-08-23 00:18:43.235","01 03 04 B0 00 05 85 1E"
"2026-08-23 00:18:43.256","01 03 0A 00 00 00 00 00 00 00 00 00 00 24 B6"
"2026-08-23 00:18:43.705","01 01 00 19 00 03 AD CC"
"2026-08-23 00:18:43.716","01 01 01 00 51 88"
"2026-08-23 00:18:44.205","01 02 00 04 00 0C 39 CE"
"2026-08-23 00:18:44.216","01 02 02 00 00 B9 B8"
"2026-08-23 00:18:44.696","01 03 04 EC 00 0C 85 0A"
"2026-08-23 00:18:44.739","01 03 18 27 0F 00 1F 00 28 00 45 00 73 00 AF 00 EC 01 3C 01 93 01 FA 02 6C 02 EC 21 DC"
"2026-08-23 00:18:45.198","01 04 00 56 00 03 50 1B"
"2026-08-23 00:18:45.220","01 04 06 02 31 00 00 00 00 1C B5"
"2026-08-23 00:18:46.707","01 10 0B 13 00 03 06 00 F3 00 67 01 00 86 64"
"2026-08-23 00:18:46.719","01 10 0B 13 00 03 73 E9"
"2026-08-23 00:18:46.741","01 03 04 B0 00 05 85 1E"
"2026-08-23 00:18:46.762","01 03 0A 00 00 00 00 00 00 00 00 00 00 24 B6"
"2026-08-23 00:18:47.200","01 01 00 19 00 03 AD CC"
"2026-08-23 00:18:47.212","01 01 01 00 51 88"
"2026-08-23 00:18:47.702","01 02 00 04 00 0C 39 CE"
"2026-08-23 00:18:47.714","01 02 02 00 00 B9 B8"
"2026-08-23 00:18:48.203","01 03 04 EC 00 0C 85 0A"
"2026-08-23 00:18:48.234","01 03 18 27 0F 00 1F 00 28 00 45 00 73 00 AF 00 EC 01 3C 01 93 01 FA 02 6C 02 EC 21 DC"
"2026-08-23 00:18:48.704","01 04 00 56 00 03 50 1B"
"2026-08-23 00:18:48.716","01 04 06 00 9F 00 00 00 00 F4 8F"
"2026-08-23 00:18:49.704","01 06 01 41 00 2A 59 FD"
"2026-08-23 00:18:49.716","01 06 01 41 00 2A 59 FD"
"2026-08-23 00:18:50.206","01 10 0B 13 00 03 06 00 D7 00 74 00 FF 46 76"
"2026-08-23 00:18:50.218","01 10 0B 13 00 03 73 E9"
"2026-08-23 00:18:50.239","01 03 04 B0 00 05 85 1E"
"2026-08-23 00:18:50.261","01 03 0A 00 00 00 00 00 00 00 00 00 00 24 B6"
"2026-08-23 00:18:50.700","01 01 00 19 00 03 AD CC"
"2026-08-23 00:18:50.712","01 01 01 00 51 88"
"2026-08-23 00:18:51.201","01 02 00 04 00 0C 39 CE"
"2026-08-23 00:18:51.213","01 02 02 01 00 B8 28"
"2026-08-23 00:18:51.692","01 06 04 F6 02 68 68 46"
"2026-08-23 00:18:51.704","01 06 04 F6 02 68 68 46"
"2026-08-23 00:18:51.715","01 03 04 EC 00 0C 85 0A"
"2026-08-23 00:18:51.757","01 03 18 27 0F 00 1F 00 28 00 45 00 73 00 AF 00 EC 01 3C 01 93 01 FA 02 68 02 EC 60 1D"
"2026-08-23 00:18:52.217","01 04 00 56 00 03 50 1B"
"2026-08-23 00:18:52.239","01 04 06 01 F5 00 00 00 00 ED 57"
"2026-08-23 00:18:53.725","01 10 0B 13 00 03 06 00 D9 00 6D 01 00 BF A0"
"2026-08-23 00:18:53.737","01 10 0B 13 00 03 73 E9"
"2026-08-23 00:18:53.758","01 03 04 B0 00 05 85 1E"
"2026-08-23 00:18:53.780","01 03 0A 00 00 00 00 00 00 00 00 00 00 24 B6"
"2026-08-23 00:18:54.219","01 01 00 19 00 03 AD CC"
"2026-08-23 00:18:54.230","01 01 01 00 51 88"
"2026-08-23 00:18:54.720","01 02 00 04 00 0C 39 CE"
"2026-08-23 00:18:54.732","01 02 02 00 00 B9 B8"
"2026-08-23 00:18:55.221","01 03 04 EC 00 0C 85 0A"
"2026-08-23 00:18:55.253","01 03 18 27 0F 00 1F 00 28 00 45 00 73 00 AF 00 EC 01 3C 01 93 01 FA 02 68 02 EC 60 1D"
"2026-08-23 00:18:55.723","01 04 00 56 00 03 50 1B"
"2026-08-23 00:18:55.735","01 04 06 03 77 00 00 00 00 94 AB"
"2026-08-23 00:18:57.232","01 10 0B 13 00 03 06 00 D8 00 73 00 F8 E2 74"
"2026-08-23 00:18:57.243","01 10 0B 13 00 03 73 E9"
"2026-08-23 00:18:57.255","01 03 04 B0 00 05 85 1E"
"2026-08-23 00:18:57.276","01 03 0A 00 00 00 00 00 00 00 00 00 00 24 B6"
"2026-08-23 00:18:57.716","01 01 00 19 00 03 AD CC"
"2026-08-23 00:18:57.728","01 01 01 00 51 88"
"2026-08-23 00:18:58.218","01 02 00 04 00 0C 39 CE"
"2026-08-23 00:18:58.230","01 02 02 01 00 B8 28"
"2026-08-23 00:18:58.719","01 03 04 EC 00 0C 85 0A"
"2026-08-23 00:18:58.761","01 03 18 27 0F 00 1F 00 28 00 45 00 73 00 AF 00 EC 01 3C 01 93 01 FA 02 68 02 EC 60 1D"
"2026-08-23 00:18:59.219","01 04 00 56 00 03 50 1B"
"2026-08-23 00:18:59.231","01 04 06 01 77 00 00 00 00 95 49"
"2026-08-23 00:19:00.726","01 10 0B 13 00 03 06 00 EE 00 6D 00 FF 0B B4"
"2026-08-23 00:19:00.738","01 10 0B 13 00 03 73 E9"
"2026-08-23 00:19:00.749","01 03 04 B0 00 05 85 1E"
"2026-08-23 00:19:00.780","01 03 0A 00 00 00 00 00 00 00 00 00 00 24 B6"
"2026-08-23 00:19:01.218","01 01 00 19 00 03 AD CC"
"2026-08-23 00:19:01.230","01 01 01 00 51 88"
"2026-08-23 00:19:01.719","01 02 00 04 00 0C 39 CE"
"2026-08-23 00:19:01.731","01 02 02 01 00 B8 28"
"2026-08-23 00:19:02.220","01 03 04 EC 00 0C 85 0A"
"2026-08-23 00:19:02.262","01 03 18 27 0F 00 1F 00 28 00 45 00 73 00 AF 00 EC 01 3C 01 93 01 FA 02 68 02 EC 60 1D"
"2026-08-23 00:19:02.721","01 04 00 56 00 03 50 1B"
"2026-08-23 00:19:02.733","01 04 06 00 65 00 00 00 00 2C 9B"
"2026-08-23 00:19:03.181","01 06 04 FB 05 5C FA 62"
"2026-08-23 00:19:03.193","01 06 04 FB 05 5C FA 62"
"2026-08-23 00:19:04.231","01 10 0B 13 00 03 06 00 E6 00 68 01 02 3A 65"
"2026-08-23 00:19:04.243","01 10 0B 13 00 03 73 E9"
"2026-08-23 00:19:04.254","01 03 04 B0 00 05 85 1E"
"2026-08-23 00:19:04.275","01 03 0A 00 00 00 00 00 00 00 00 00 00 24 B6"
"2026-08-23 00:19:04.724","01 01 00 19 00 03 AD CC"
"2026-08-23 00:19:04.735","01 01 01 00 51 88"
"2026-08-23 00:19:05.224","01 02 00 04 00 0C 39 CE"
"2026-08-23 00:19:05.235","01 02 02 01 00 B8 28"
"2026-08-23 00:19:05.715","01 03 04 EC 00 0C 85 0A"
"2026-08-23 00:19:05.757","01 03 18 27 0F 00 1F 00 28 00 45 00 73 00 AF 00 EC 01 3C 01 93 01 FA 02 68 02 EC 60 1D"
"2026-08-23 00:19:06.216","01 04 00 56 00 03 50 1B"
"2026-08-23 00:19:06.238","01 04 06 03 65 00 00 00 00 2C A8"
"2026-08-23 00:19:07.216","01 06 01 41 00 1F 99 EA"
"2026-08-23 00:19:07.227","01 06 01 41 00 1F 99 EA"
"2026-08-23 00:19:07.727","01 10 0B 13 00 03 06 00 F6 00 67 00 FF 0B B4"
"2026-08-23 00:19:07.738","01 10 0B 13 00 03 73 E9"
"2026-08-23 00:19:07.749","01 03 04 B0 00 05 85 1E"
"2026-08-23 00:19:07.771","01 03 0A 00 00 00 00 00 00 00 00 00 00 24 B6"
"2026-08-23 00:19:08.220","01 01 00 19 00 03 AD CC"
"2026-08-23 00:19:08.231","01 01 01 00 51 88"
"2026-08-23 00:19:08.721","01 02 00 04 00 0C 39 CE"
"2026-08-23 00:19:08.732","01 02 02 01 00 B8 28"
"2026-08-23 00:19:09.221","01 03 04 EC 00 0C 85 0A"
"2026-08-23 00:19:09.253","01 03 18 27 0F 00 1F 00 28 00 45 00 73 00 AF 00 EC 01 3C 01 93 01 FA 02 68 02 EC 60 1D"
"2026-08-23 00:19:09.714","01 04 00 56 00 03 50 1B"
"2026-08-23 00:19:09.736","01 04 06 02 19 00 00 00 00 7C B3"
"2026-08-23 00:19:10.723","01 06 01 41 00 2B 98 3D"
"2026-08-23 00:19:10.734","01 06 01 41 00 2B 98 3D"
"2026-08-23 00:19:11.224","01 10 0B 13 00 03 06 00 D2 00 64 00 F2 4A 76"
"2026-08-23 00:19:11.246","01 10 0B 13 00 03 73 E9"
"2026-08-23 00:19:11.257","01 03 04 B0 00 05 85 1E"
"2026-08-23 00:19:11.279","01 03 0A 00 00 00 00 00 00 00 00 00 00 24 B6"
"2026-08-23 00:19:11.718","01 01 00 19 00 03 AD CC"
"2026-08-23 00:19:11.730","01 01 01 00 51 88"
"2026-08-23 00:19:12.220","01 02 00 04 00 0C 39 CE"
"2026-08-23 00:19:12.232","01 02 02 01 00 B8 28"
"2026-08-23 00:19:12.722","01 03 04 EC 00 0C 85 0A"
"2026-08-23 00:19:12.754","01 03 18 27 0F 00 1F 00 28 00 45 00 73 00 AF 00 EC 01 3C 01 93 01 FA 02 68 02 EC 60 1D"
"2026-08-23 00:19:13.224","01 04 00 56 00 03 50 1B"
"2026-08-23 00:19:13.236","01 04 06 02 E7 00 00 00 00 55 67"
"2026-08-23 00:19:13.399","01 06 04 F4 01 93 88 F5"
"2026-08-23 00:19:13.411","01 06 04 F4 01 93 88 F5"
"2026-08-23 00:19:14.724","01 10 0B 13 00 03 06 00 E6 00 73 00 FD 0B B2"
"2026-08-23 00:19:14.736","01 10 0B 13 00 03 73 E9"
"2026-08-23 00:19:14.758","01 03 04 B0 00 05 85 1E"
"2026-08-23 00:19:14.779","01 03 0A 00 00 00 00 00 00 00 00 00 00 24 B6"
"2026-08-23 00:19:15.217","01 01 00 19 00 03 AD CC"
"2026-08-23 00:19:15.229","01 01 01 00 51 88"
"2026-08-23 00:19:15.719","01 02 00 04 00 0C 39 CE"
"2026-08-23 00:19:15.731","01 02 02 01 00 B8 28"
"2026-08-23 00:19:16.220","01 03 04 EC 00 0C 85 0A"
"2026-08-23 00:19:16.263","01 03 18 27 0F 00 1F 00 28 00 45 00 73 00 AF 00 EC 01 3C 01 93 01 FA 02 68 02 EC 60 1D"
"2026-08-23 00:19:16.723","01 04 00 56 00 03 50 1B"
"2026-08-23 00:19:16.734","01 04 06 03 3C 00 00 00 00 30 A5"
"2026-08-23 00:19:17.224","01 05 23 34 FF 00 C6 70"
"2026-08-23 00:19:17.236","01 05 23 34 FF 00 C6 70"
"2026-08-23 00:19:18.224","01 10 0B 13 00 03 06 00 F0 00 74 00 F7 73 B7"
"2026-08-23 00:19:18.246","01 10 0B 13 00 03 73 E9"
"2026-08-23 00:19:18.257","01 03 04 B0 00 05 85 1E"
"2026-08-23 00:19:18.279","01 03 0A 00 00 00 00 00 00 00 00 00 00 24 B6"
"2026-08-23 00:19:18.717","01 01 00 19 00 03 AD CC"
"2026-08-23 00:19:18.729","01 01 01 00 51 88"
"2026-08-23 00:19:19.218","01 02 00 04 00 0C 39 CE"
"2026-08-23 00:19:19.230","01 02 02 00 00 B9 B8"
"2026-08-23 00:19:19.720","01 03 04 EC 00 0C 85 0A"
"2026-08-23 00:19:19.753","01 03 18 27 0F 00 1F 00 28 00 45 00 73 00 AF 00 EC 01 3C 01 93 01 FA 02 68 02 EC 60 1D"
"2026-08-23 00:19:20.222","01 04 00 56 00 03 50 1B"
"2026-08-23 00:19:20.234","01 04 06 02 33 00 00 00 00 65 75"
"2026-08-23 00:19:20.714","01 05 23 34 00 00 87 80"
"2026-08-23 00:19:20.736","01 05 23 34 00 00 87 80"
"2026-08-23 00:19:21.733","01 10 0B 13 00 03 06 00 F0 00 69 01 03 E3 A6"
"2026-08-23 00:19:21.744","01 10 0B 13 00 03 73 E9"
"2026-08-23 00:19:21.755","01 03 04 B0 00 05 85 1E"
"2026-08-23 00:19:21.777","01 03 0A 00 00 00 00 00 00 00 00 00 00 24 B6"
"2026-08-23 00:19:22.214","01 01 00 19 00 03 AD CC"
"2026-08-23 00:19:22.226","01 01 01 00 51 88"
"2026-08-23 00:19:22.716","01 02 00 04 00 0C 39 CE"
"2026-08-23 00:19:22.728","01 02 02 01 00 B8 28"
"2026-08-23 00:19:23.217","01 03 04 EC 00 0C 85 0A"
"2026-08-23 00:19:23.259","01 03 18 27 0F 00 1F 00 28 00 45 00 73 00 AF 00 EC 01 3C 01 93 01 FA 02 68 02 EC 60 1D"
"2026-08-23 00:19:23.718","01 04 00 56 00 03 50 1B"
"2026-08-23 00:19:23.740","01 04 06 02 7E 00 00 00 00 49 7B"
"2026-08-23 00:19:24.718","01 06 01 41 00 15 19 ED"
"2026-08-23 00:19:24.729","01 06 01 41 00 15 19 ED"
"2026-08-23 00:19:25.228","01 10 0B 13 00 03 06 00 D5 00 6C 00 FF BF B1"
"2026-08-23 00:19:25.240","01 10 0B 13 00 03 73 E9"
"2026-08-23 00:19:25.251","01 03 04 B0 00 05 85 1E"
"2026-08-23 00:19:25.272","01 03 0A 00 00 00 00 00 00 00 00 00 00 24 B6"
"2026-08-23 00:19:25.720","01 01 00 19 00 03 AD CC"
"2026-08-23 00:19:25.732","01 01 01 00 51 88"
"2026-08-23 00:19:26.221","01 02 00 04 00 0C 39 CE"
"2026-08-23 00:19:26.232","01 02 02 01 00 B8 28"
"2026-08-23 00:19:26.721","01 03 04 EC 00 0C 85 0A"
"2026-08-23 00:19:26.753","01 03 18 27 0F 00 1F 00 28 00 45 00 73 00 AF 00 EC 01 3C 01 93 01 FA 02 68 02 EC 60 1D"
"2026-08-23 00:19:27.222","01 04 00 56 00 03 50 1B"
"2026-08-23 00:19:27.234","01 04 06 00 A4 00 00 00 00 11 4A"
"2026-08-23 00:19:27.367","01 06 04 F6 02 6F 29 84"
"2026-08-23 00:19:27.378","01 06 04 F6 02 6F 29 84"
"2026-08-23 00:19:28.222","01 06 01 41 00 21 18 3A"
"2026-08-23 00:19:28.233","01 06 01 41 00 21 18 3A"
"2026-08-23 00:19:28.723","01 10 0B 13 00 03 06 00 F4 00 6F 00 FF F3 B6"
"2026-08-23 00:19:28.745","01 10 0B 13 00 03 73 E9"
"2026-08-23 00:19:28.756","01 03 04 B0 00 05 85 1E"
"2026-08-23 00:19:28.777","01 03 0A 00 00 00 00 00 00 00 00 00 00 24 B6"
"2026-08-23 00:19:29.216","01 01 00 19 00 03 AD CC"
"2026-08-23 00:19:29.227","01 01 01 00 51 88"
"2026-08-23 00:19:29.717","01 02 00 04 00 0C 39 CE"
"2026-08-23 00:19:29.728","01 02 02 00 00 B9 B8"
"2026-08-23 00:19:30.218","01 03 04 EC 00 0C 85 0A"
"2026-08-23 00:19:30.260","01 03 18 27 0F 00 1F 00 28 00 45 00 73 00 AF 00 EC 01 3C 01 93 01 FA 02 6F 02 EC D1 DC"
"2026-08-23 00:19:30.719","01 04 00 56 00 03 50 1B"
"2026-08-23 00:19:30.740","01 04 06 02 1C 00 00 00 00 B0 B3"
"2026-08-23 00:19:31.717","01 06 01 41 00 1B 98 29"
"2026-08-23 00:19:31.729","01 06 01 41 00 1B 98 29"
"2026-08-23 00:19:32.227","01 10 0B 13 00 03 06 00 CB 00 73 00 F3 26 70"
"2026-08-23 00:19:32.239","01 10 0B 13 00 03 73 E9"
"2026-08-23 00:19:32.260","01 03 04 B0 00 05 85 1E"
"2026-08-23 00:19:32.281","01 03 0A 00 00 00 00 00 00 00 00 00 00 24 B6"
"2026-08-23 00:19:32.720","01 01 00 19 00 03 AD CC"
"2026-08-23 00:19:32.731","01 01 01 00 51 88"
"2026-08-23 00:19:33.220","01 02 00 04 00 0C 39 CE"
"2026-08-23 00:19:33.232","01 02 02 01 00 B8 28"
"2026-08-23 00:19:33.723","01 03 04 EC 00 0C 85 0A"
"2026-08-23 00:19:33.755","01 03 18 27 0F 00 1F 00 28 00 45 00 73 00 AF 00 EC 01 3C 01 93 01 FA 02 6F 02 EC D1 DC"
"2026-08-23 00:19:34.215","01 04 00 56 00 03 50 1B"
"2026-08-23 00:19:34.237","01 04 06 01 11 00 00 00 00 9D 41"
"2026-08-23 00:19:35.732","01 10 0B 13 00 03 06 00 E5 00 6D 01 03 AF A4"
"2026-08-23 00:19:35.744","01 10 0B 13 00 03 73 E9"
"2026-08-23 00:19:35.755","01 03 04 B0 00 05 85 1E"
"2026-08-23 00:19:35.776","01 03 0A 00 00 00 00 00 00 00 00 00 00 24 B6"
"2026-08-23 00:19:36.225","01 01 00 19 00 03 AD CC"
"2026-08-23 00:19:36.236","01 01 01 00 51 88"
"2026-08-23 00:19:36.715","01 02 00 04 00 0C 39 CE"
"2026-08-23 00:19:36.737","01 02 02 00 00 B9 B8"
"2026-08-23 00:19:37.216","01 03 04 EC 00 0C 85 0A"
"2026-08-23 00:19:37.258","01 03 18 27 0F 00 1F 00 28 00 45 00 73 00 AF 00 EC 01 3C 01 93 01 FA 02 6F 02 EC D1 DC"
"2026-08-23 00:19:37.289","01 06 04 EE 00 28 E8 D1"
"2026-08-23 00:19:37.301","01 06 04 EE 00 28 E8 D1"
"2026-08-23 00:19:37.719","01 04 00 56 00 03 50 1B"
"2026-08-23 00:19:37.740","01 04 06 00 65 00 00 00 00 2C 9B"
"2026-08-23 00:19:38.718","01 06 01 41 00 11 18 2E"
"2026-08-23 00:19:38.729","01 06 01 41 00 11 18 2E"
"2026-08-23 00:19:39.229","01 10 0B 13 00 03 06 00 CD 00 74 00 F5 9F B3"
"2026-08-23 00:19:39.240","01 10 0B 13 00 03 73 E9"
"2026-08-23 00:19:39.252","01 03 04 B0 00 05 85 1E"
"2026-08-23 00:19:39.273","01 03 0A 00 00 00 00 00 00 00 00 00 00 24 B6"
"2026-08-23 00:19:39.722","01 01 00 19 00 03 AD CC"
"2026-08-23 00:19:39.733","01 01 01 00 51 88"
"2026-08-23 00:19:40.223","01 02 00 04 00 0C 39 CE"
"2026-08-23 00:19:40.235","01 02 02 01 00 B8 28"
"2026-08-23 00:19:40.715","01 03 04 EC 00 0C 85 0A"
"2026-08-23 00:19:40.757","01 03 18 27 0F 00 1F 00 28 00 45 00 73 00 AF 00 EC 01 3C 01 93 01 FA 02 6F 02 EC D1 DC"
"2026-08-23 00:19:41.216","01 04 00 56 00 03 50 1B"
"2026-08-23 00:19:41.238","01 04 06 03 8E 00 00 00 00 08 BF"
"2026-08-23 00:19:42.216","01 06 01 41 00 2F 99 FE"
"2026-08-23 00:19:42.238","01 06 01 41 00 2F 99 FE"
"2026-08-23 00:19:42.727","01 10 0B 13 00 03 06 00 F4 00 64 01 03 83 A5"
"2026-08-23 00:19:42.739","01 10 0B 13 00 03 73 E9"
"2026-08-23 00:19:42.750","01 03 04 B0 00 05 85 1E"
"2026-08-23 00:19:42.771","01 03 0A 00 00 00 00 00 00 00 00 00 00 24 B6"
"2026-08-23 00:19:43.219","01 01 00 19 00 03 AD CC"
"2026-08-23 00:19:43.231","01 01 01 00 51 88"
"2026-08-23 00:19:43.721","01 02 00 04 00 0C 39 CE"
"2026-08-23 00:19:43.733","01 02 02 01 00 B8 28"
"2026-08-23 00:19:44.222","01 03 04 EC 00 0C 85 0A"
"2026-08-23 00:19:44.254","01 03 18 27 0F 00 1F 00 28 00 45 00 73 00 AF 00 EC 01 3C 01 93 01 FA 02 6F 02 EC D1 DC"
"2026-08-23 00:19:44.724","01 04 00 56 00 03 50 1B"
"2026-08-23 00:19:44.735","01 04 06 03 B1 00 00 00 00 1C BA"
"2026-08-23 00:19:45.294","01 06 04 FA 04 AC AA 76"
"2026-08-23 00:19:45.306","01 06 04 FA 04 AC AA 76"
"2026-08-23 00:19:45.725","01 06 01 41 00 21 18 3A"
"2026-08-23 00:19:45.736","01 06 01 41 00 21 18 3A"
"2026-08-23 00:19:46.226","01 10 0B 13 00 03 06 00 F9 00 67 00 F8 1E 77"
"2026-08-23 00:19:46.237","01 10 0B 13 00 03 73 E9"
"2026-08-23 00:19:46.259","01 03 04 B0 00 05 85 1E"
"2026-08-23 00:19:46.280","01 03 0A 00 00 00 00 00 00 00 00 00 00 24 B6"
"2026-08-23 00:19:46.719","01 01 00 19 00 03 AD CC"
"2026-08-23 00:19:46.730","01 01 01 00 51 88"
"2026-08-23 00:19:47.220","01 02 00 04 00 0C 39 CE"
"2026-08-23 00:19:47.232","01 02 02 00 00 B9 B8"
"2026-08-23 00:19:47.723","01 03 04 EC 00 0C 85 0A"
"2026-08-23 00:19:47.755","01 03 18 27 0F 00 1F 00 28 00 45 00 73 00 AF 00 EC 01 3C 01 93 01 FA 02 6F 02 EC D1 DC"
"2026-08-23 00:19:48.225","01 04 00 56 00 03 50 1B"
"2026-08-23 00:19:48.236","01 04 06 02 12 00 00 00 00 D9 72"
"2026-08-23 00:19:48.716","01 05 23 34 00 00 87 80"
"2026-08-23 00:19:48.738","01 05 23 34 00 00 87 80"
"2026-08-23 00:19:49.729","01 10 0B 13 00 03 06 00 CD 00 70 01 01 DE 65"
"2026-08-23 00:19:49.740","01 10 0B 13 00 03 73 E9"
"2026-08-23 00:19:49.752","01 03 04 B0 00 05 85 1E"
"2026-08-23 00:19:49.773","01 03 0A 00 00 00 00 00 00 00 00 00 00 24 B6"
"2026-08-23 00:19:50.222","01 01 00 19 00 03 AD CC"
"2026-08-23 00:19:50.234","01 01 01 00 51 88"
"2026-08-23 00:19:50.725","01 02 00 04 00 0C 39 CE"
"2026-08-23 00:19:50.736","01 02 02 01 00 B8 28"
"2026-08-23 00:19:51.225","01 03 04 EC 00 0C 85 0A"
"2026-08-23 00:19:51.257","01 03 18 27 0F 00 1F 00 28 00 45 00 73 00 AF 00 EC 01 3C 01 93 01 FA 02 6F 02 EC D1 DC"
"2026-08-23 00:19:51.716","01 04 00 56 00 03 50 1B"
"2026-08-23 00:19:51.737","01 04 06 00 8B 00 00 00 00 C4 8C"
"2026-08-23 00:19:52.216","01 05 23 34 00 00 87 80"
"2026-08-23 00:19:52.237","01 05 23 34 00 00 87 80"
"2026-08-23 00:19:52.716","01 06 01 41 00 18 D8 28"
"2026-08-23 00:19:52.738","01 06 01 41 00 18 D8 28"
"2026-08-23 00:19:53.035","01 06 04 F0 00 77 C8 EF"
"2026-08-23 00:19:53.046","01 06 04 F0 00 77 C8 EF"
"2026-08-23 00:19:53.230","01 10 0B 13 00 03 06 00 D1 00 6E 00 FE 2E 71"
"2026-08-23 00:19:53.242","01 10 0B 13 00 03 73 E9"
"2026-08-23 00:19:53.254","01 03 04 B0 00 05 85 1E"
"2026-08-23 00:19:53.276","01 03 0A 00 00 00 00 00 00 00 00 00 00 24 B6"
"2026-08-23 00:19:53.725","01 01 00 19 00 03 AD CC"
"2026-08-23 00:19:53.737","01 01 01 00 51 88"
"2026-08-23 00:19:54.217","01 02 00 04 00 0C 39 CE"
"2026-08-23 00:19:54.229","01 02 02 00 00 B9 B8"
"2026-08-23 00:19:54.720","01 03 04 EC 00 0C 85 0A"
"2026-08-23 00:19:54.763","01 03 18 27 0F 00 1F 00 28 00 45 00 77 00 AF 00 EC 01 3C 01 93 01 FA 02 6F 02 EC D5 DF"
"2026-08-23 00:19:55.221","01 04 00 56 00 03 50 1B"
"2026-08-23 00:19:55.233","01 04 06 00 AF 00 00 00 00 B4 8B"
"2026-08-23 00:19:56.220","01 06 01 41 00 1B 98 29"
"2026-08-23 00:19:56.231","01 06 01 41 00 1B 98 29"
"2026-08-23 00:19:56.730","01 10 0B 13 00 03 06 00 CB 00 75 00 FB C7 B7"
"2026-08-23 00:19:56.742","01 10 0B 13 00 03 73 E9"
"2026-08-23 00:19:56.753","01 03 04 B0 00 05 85 1E"
"2026-08-23 00:19:56.774","01 03 0A 00 00 00 00 00 00 00 00 00 00 24 B6"
"2026-08-23 00:19:57.222","01 01 00 19 00 03 AD CC"
"2026-08-23 00:19:57.234","01 01 01 00 51 88"
"2026-08-23 00:19:57.723","01 02 00 04 00 0C 39 CE"
"2026-08-23 00:19:57.735","01 02 02 00 00 B9 B8"
"2026-08-23 00:19:58.223","01 03 04 EC 00 0C 85 0A"
"2026-08-23 00:19:58.255","01 03 18 27 0F 00 1F 00 28 00 45 00 77 00 AF 00 EC 01 3C 01 93 01 FA 02 6F 02 EC D5 DF"
"2026-08-23 00:19:58.725","01 04 00 56 00 03 50 1B"
"2026-08-23 00:19:58.736","01 04 06 03 75 00 00 00 00 ED 6B"
"2026-08-23 00:19:59.723","01 06 01 41 00 12 58 2F"
"2026-08-23 00:19:59.734","01 06 01 41 00 12 58 2F"
"2026-08-23 00:20:00.233","01 10 0B 13 00 03 06 00 DA 00 65 00 FE FA 72"
"2026-08-23 00:20:00.245","01 10 0B 13 00 03 73 E9"
"2026-08-23 00:20:00.256","01 03 04 B0 00 05 85 1E"
"2026-08-23 00:20:00.277","01 03 0A 00 00 00 00 00 00 00 00 00 00 24 B6"
"2026-08-23 00:20:00.715","01 01 00 19 00 03 AD CC"
"2026-08-23 00:20:00.727","01 01 01 00 51 88"
"2026-08-23 00:20:01.215","01 02 00 04 00 0C 39 CE"
"2026-08-23 00:20:01.237","01 02 02 00 00 B9 B8"
"2026-08-23 00:20:01.715","01 03 04 EC 00 0C 85 0A"
"2026-08-23 00:20:01.758","01 03 18 27 0F 00 1F 00 28 00 45 00 77 00 AF 00 EC 01 3C 01 93 01 FA 02 6F 02 EC D5 DF"
"2026-08-23 00:20:02.216","01 04 00 56 00 03 50 1B"
"2026-08-23 00:20:02.238","01 04 06 03 90 00 00 00 00 A0 BD"
"2026-08-23 00:20:03.732","01 10 0B 13 00 03 06 00 DD 00 65 01 02 4E 63"
"2026-08-23 00:20:03.744","01 10 0B 13 00 03 73 E9"
"2026-08-23 00:20:03.755","01 03 04 B0 00 05 85 1E"
"2026-08-23 00:20:03.776","01 03 0A 00 00 00 00 00 00 00 00 00 00 24 B6"
"2026-08-23 00:20:04.225","01 01 00 19 00 03 AD CC"
"2026-08-23 00:20:04.236","01 01 01 00 51 88"
"2026-08-23 00:20:04.716","01 02 00 04 00 0C 39 CE"
"2026-08-23 00:20:04.738","01 02 02 00 00 B9 B8"
"2026-08-23 00:20:04.911","01 06 04 F8 03 71 C9 DF"
"2026-08-23 00:20:04.923","01 06 04 F8 03 71 C9 DF"
"2026-08-23 00:20:05.221","01 03 04 EC 00 0C 85 0A"
"2026-08-23 00:20:05.253","01 03 18 27 0F 00 1F 00 28 00 45 00 77 00 AF 00 EC 01 3C 01 93 01 FA 02 6F 02 EC D5 DF"
"2026-08-23 00:20:05.723","01 04 00 56 00 03 50 1B"
"2026-08-23 00:20:05.734","01 04 06 03 2E 00 00 00 00 88 A6"
"2026-08-23 00:20:06.224","01 05 23 34 FF 00 C6 70"
"2026-08-23 00:20:06.235","01 05 23 34 FF 00 C6 70"
"2026-08-23 00:20:07.231","01 10 0B 13 00 03 06 00 EC 00 6C 01 01 A3 A4"
"2026-08-23 00:20:07.243","01 10 0B 13 00 03 73 E9"
"2026-08-23 00:20:07.254","01 03 04 B0 00 05 85 1E"
"2026-08-23 00:20:07.275","01 03 0A 00 00 00 00 00 00 00 00 00 00 24 B6"
"2026-08-23 00:20:07.724","01 01 00 19 00 03 AD CC"
"2026-08-23 00:20:07.736","01 01 01 00 51 88"
"2026-08-23 00:20:08.224","01 02 00 04 00 0C 39 CE"
"2026-08-23 00:20:08.236","01 02 02 01 00 B8 28"
"2026-08-23 00:20:08.716","01 03 04 EC 00 0C 85 0A"
"2026-08-23 00:20:08.758","01 03 18 27 0F 00 1F 00 28 00 45 00 77 00 AF 00 EC 01 3C 01 93 01 FA 02 6F 02 EC D5 DF"
"2026-08-23 00:20:09.216","01 04 00 56 00 03 50 1B"
"2026-08-23 00:20:09.238","01 04 06 01 0D 00 00 00 00 4C 83"
"2026-08-23 00:20:09.719","01 05 23 34 00 00 87 80"
"2026-08-23 00:20:09.731","01 05 23 34 00 00 87 80"
"2026-08-23 00:20:10.728","01 10 0B 13 00 03 06 00 CA 00 70 01 01 6B A5"
"2026-08-23 00:20:10.740","01 10 0B 13 00 03 73 E9"
"2026-08-23 00:20:10.751","01 03 04 B0 00 05 85 1E"
"2026-08-23 00:20:10.772","01 03 0A 00 00 00 00 00 00 00 00 00 00 24 B6"
"2026-08-23 00:20:11.220","01 01 00 19 00 03 AD CC"
"2026-08-23 00:20:11.232","01 01 01 00 51 88"
"2026-08-23 00:20:11.722","01 02 00 04 00 0C 39 CE"
"2026-08-23 00:20:11.733","01 02 02 01 00 B8 28"
"2026-08-23 00:20:12.223","01 03 04 EC 00 0C 85 0A"
"2026-08-23 00:20:12.255","01 03 18 27 0F 00 1F 00 28 00 45 00 77 00 AF 00 EC 01 3C 01 93 01 FA 02 6F 02 EC D5 DF"
"2026-08-23 00:20:12.409","01 06 04 F1 00 A8 D8 B7"
"2026-08-23 00:20:12.420","01 06 04 F1 00 A8 D8 B7"
"2026-08-23 00:20:12.716","01 04 00 56 00 03 50 1B"
"2026-08-23 00:20:12.737","01 04 06 01 36 00 00 00 00 A9 46"
"2026-08-23 00:20:14.233","01 10 0B 13 00 03 06 00 E0 00 71 00 F0 E3 B7"
"2026-08-23 00:20:14.245","01 10 0B 13 00 03 73 E9"
"2026-08-23 00:20:14.256","01 03 04 B0 00 05 85 1E"
"2026-08-23 00:20:14.278","01 03 0A 00 00 00 00 00 00 00 00 00 00 24 B6"
"2026-08-23 00:20:14.718","01 01 00 19 00 03 AD CC"
"2026-08-23 00:20:14.729","01 01 01 00 51 88"
"2026-08-23 00:20:15.219","01 02 00 04 00 0C 39 CE"
"2026-08-23 00:20:15.231","01 02 02 01 00 B8 28"
"2026-08-23 00:20:15.722","01 03 04 EC 00 0C 85 0A"
"2026-08-23 00:20:15.755","01 03 18 27 0F 00 1F 00 28 00 45 00 77 00 A8 00 EC 01 3C 01 93 01 FA 02 6F 02 EC DE 98"
"2026-08-23 00:20:16.224","01 04 00 56 00 03 50 1B"
"2026-08-23 00:20:16.235","01 04 06 01 0F 00 00 00 00 35 43"
"2026-08-23 00:20:17.732","01 10 0B 13 00 03 06 00 D6 00 67 01 01 0A 63"
"2026-08-23 00:20:17.744","01 10 0B 13 00 03 73 E9"
"2026-08-23 00:20:17.755","01 03 04 B0 00 05 85 1E"
"2026-08-23 00:20:17.777","01 03 0A 00 00 00 00 00 00 00 00 00 00 24 B6"
"2026-08-23 00:20:18.226","01 01 00 19 00 03 AD CC"
"2026-08-23 00:20:18.237","01 01 01 00 51 88"
"2026-08-23 00:20:18.717","01 02 00 04 00 0C 39 CE"
"2026-08-23 00:20:18.729","01 02 02 01 00 B8 28"
"2026-08-23 00:20:19.219","01 03 04 EC 00 0C 85 0A"
"2026-08-23 00:20:19.261","01 03 18 27 0F 00 1F 00 28 00 45 00 77 00 A8 00 EC 01 3C 01 93 01 FA 02 6F 02 EC DE 98"
"2026-08-23 00:20:19.721","01 04 00 56 00 03 50 1B"
"2026-08-23 00:20:19.743","01 04 06 02 2F 00 00 00 00 B4 B7"
"2026-08-23 00:20:20.720","01 06 01 41 00 19 19 E8"
"2026-08-23 00:20:20.731","01 06 01 41 00 19 19 E8"
"2026-08-23 00:20:21.230","01 10 0B 13 00 03 06 00 DD 00 6C 00 F9 DE 72"
"2026-08-23 00:20:21.241","01 10 0B 13 00 03 73 E9"
"2026-08-23 00:20:21.252","01 03 04 B0 00 05 85 1E"
"2026-08-23 00:20:21.274","01 03 0A 00 00 00 00 00 00 00 00 00 00 24 B6"
"2026-08-23 00:20:21.722","01 01 00 19 00 03 AD CC"
"2026-08-23 00:20:21.734","01 01 01 00 51 88"
"2026-08-23 00:20:22.223","01 02 00 04 00 0C 39 CE"
"2026-08-23 00:20:22.235","01 02 02 01 00 B8 28"
"2026-08-23 00:20:22.725","01 03 04 EC 00 0C 85 0A"
"2026-08-23 00:20:22.757","01 03 18 27 0F 00 1F 00 28 00 45 00 77 00 A8 00 EC 01 3C 01 93 01 FA 02 6F 02 EC DE 98"
"2026-08-23 00:20:23.216","01 04 00 56 00 03 50 1B"
"2026-08-23 00:20:23.238","01 04 06 00 F3 00 00 00 00 64 86"
"2026-08-23 00:20:23.523","01 06 04 F2 00 F0 29 4D"
"2026-08-23 00:20:23.545","01 06 04 F2 00 F0 29 4D"
"2026-08-23 00:20:23.719","01 05 23 34 00 00 87 80"
"2026-08-23 00:20:23.732","01 05 23 34 00 00 87 80"
"2026-08-23 00:20:24.222","01 06 01 41 00 30 D8 36"
"2026-08-23 00:20:24.233","01 06 01 41 00 30 D8 36"
"2026-08-23 00:20:24.732","01 10 0B 13 00 03 06 00 CE 00 6B 01 02 AA 63"
"2026-08-23 00:20:24.744","01 10 0B 13 00 03 73 E9"
"2026-08-23 00:20:24.755","01 03 04 B0 00 05 85 1E"
"2026-08-23 00:20:24.776","01 03 0A 00 00 00 00 00 00 00 00 00 00 24 B6"
"2026-08-23 00:20:25.225","01 01 00 19 00 03 AD CC"
"2026-08-23 00:20:25.237","01 01 01 00 51 88"
"2026-08-23 00:20:25.716","01 02 00 04 00 0C 39 CE"
"2026-08-23 00:20:25.728","01 02 02 01 00 B8 28"
"2026-08-23 00:20:26.218","01 03 04 EC 00 0C 85 0A"
"2026-08-23 00:20:26.260","01 03 18 27 0F 00 1F 00 28 00 45 00 77 00 A8 00 F0 01 3C 01 93 01 FA 02 6F 02 EC B5 08"
"2026-08-23 00:20:26.719","01 04 00 56 00 03 50 1B"
"2026-08-23 00:20:26.741","01 04 06 02 12 00 00 00 00 D9 72"
"2026-08-23 00:20:28.227","01 10 0B 13 00 03 06 00 E3 00 66 01 01 D7 A7"
"2026-08-23 00:20:28.238","01 10 0B 13 00 03 73 E9"
"2026-08-23 00:20:28.260","01 03 04 B0 00 05 85 1E"
"2026-08-23 00:20:28.281","01 03 0A 00 00 00 00 00 00 00 00 00 00 24 B6"
"2026-08-23 00:20:28.719","01 01 00 19 00 03 AD CC"
"2026-08-23 00:20:28.730","01 01 01 00 51 88"
"2026-08-23 00:20:29.219","01 02 00 04 00 0C 39 CE"
"2026-08-23 00:20:29.230","01 02 02 01 00 B8 28"
"2026-08-23 00:20:29.720","01 03 04 EC 00 0C 85 0A"
"2026-08-23 00:20:29.762","01 03 18 27 0F 00 1F 00 28 00 45 00 77 00 A8 00 F0 01 3C 01 93 01 FA 02 6F 02 EC B5 08"
"2026-08-23 00:20:30.221","01 04 00 56 00 03 50 1B"
"2026-08-23 00:20:30.233","01 04 06 02 F0 00 00 00 00 21 64"
"2026-08-23 00:20:30.723","01 05 23 34 00 00 87 80"
"2026-08-23 00:20:30.734","01 05 23 34 00 00 87 80"
"2026-08-23 00:20:31.731","01 10 0B 13 00 03 06 00 F3 00 72 00 F5 56 77"
"2026-08-23 00:20:31.743","01 10 0B 13 00 03 73 E9"
"2026-08-23 00:20:31.755","01 03 04 B0 00 05 85 1E"
"2026-08-23 00:20:31.777","01 03 0A 00 00 00 00 00 00 00 00 00 00 24 B6"
"2026-08-23 00:20:32.226","01 01 00 19 00 03 AD CC"
"2026-08-23 00:20:32.238","01 01 01 00 51 88"
"2026-08-23 00:20:32.717","01 02 00 04 00 0C 39 CE"
"2026-08-23 00:20:32.729","01 02 02 00 00 B9 B8"
"2026-08-23 00:20:33.117","01 06 04 FC 06 12 CB 67"
"2026-08-23 00:20:33.129","01 06 04 FC 06 12 CB 67"
"2026-08-23 00:20:33.222","01 03 04 EC 00 0C 85 0A"
"2026-08-23 00:20:33.254","01 03 18 27 0F 00 1F 00 28 00 45 00 77 00 A8 00 F0 01 3C 01 93 01 FA 02 6F 02 EC B5 08"
"2026-08-23 00:20:33.723","01 04 00 56 00 03 50 1B"
"2026-08-23 00:20:33.735","01 04 06 03 73 00 00 00 00 65 6B"
"2026-08-23 00:20:34.723","01 06 01 41 00 0F 98 26"
"2026-08-23 00:20:34.735","01 06 01 41 00 0F 98 26"
"2026-08-23 00:20:35.224","01 10 0B 13 00 03 06 00 C9 00 6D 00 FA FF B0"
"2026-08-23 00:20:35.246","01 10 0B 13 00 03 73 E9"
"2026-08-23 00:20:35.258","01 03 04 B0 00 05 85 1E"
"2026-08-23 00:20:35.279","01 03 0A 00 00 00 00 00 00 00 00 00 00 24 B6"
"2026-08-23 00:20:35.717","01 01 00 19 00 03 AD CC"
"2026-08-23 00:20:35.729","01 01 01 00 51 88"
"2026-08-23 00:20:36.219","01 02 00 04 00 0C 39 CE"
"2026-08-23 00:20:36.230","01 02 02 00 00 B9 B8"
"2026-08-23 00:20:36.719","01 03 04 EC 00 0C 85 0A"
"2026-08-23 00:20:36.761","01 03 18 27 0F 00 1F 00 28 00 45 00 77 00 A8 00 F0 01 3C 01 93 01 FA 02 6F 02 EC B5 08"
"2026-08-23 00:20:37.220","01 04 00 56 00 03 50 1B"
"2026-08-23 00:20:37.241","01 04 06 01 11 00 00 00 00 9D 41"
"2026-08-23 00:20:38.727","01 10 0B 13 00 03 06 00 D9 00 66 00 FF 8F B2"
"2026-08-23 00:20:38.739","01 10 0B 13 00 03 73 E9"
"2026-08-23 00:20:38.760","01 03 04 B0 00 05 85 1E"
"2026-08-23 00:20:38.782","01 03 0A 00 00 00 00 00 00 00 00 00 00 24 B6"
"2026-08-23 00:20:39.220","01 01 00 19 00 03 AD CC"
"2026-08-23 00:20:39.231","01 01 01 00 51 88"
"2026-08-23 00:20:39.721","01 02 00 04 00 0C 39 CE"
"2026-08-23 00:20:39.733","01 02 02 01 00 B8 28"
"2026-08-23 00:20:40.222","01 03 04 EC 00 0C 85 0A"
"2026-08-23 00:20:40.254","01 03 18 27 0F 00 1F 00 28 00 45 00 77 00 A8 00 F0 01 3C 01 93 01 FA 02 6F 02 EC B5 08"
"2026-08-23 00:20:40.723","01 04 00 56 00 03 50 1B"
"2026-08-23 00:20:40.734","01 04 06 03 72 00 00 00 00 58 AB"
"2026-08-23 00:20:42.229","01 10 0B 13 00 03 06 00 F9 00 72 00 F8 0F B3"
"2026-08-23 00:20:42.240","01 10 0B 13 00 03 73 E9"
"2026-08-23 00:20:42.251","01 03 04 B0 00 05 85 1E"
"2026-08-23 00:20:42.273","01 03 0A 00 00 00 00 00 00 00 00 00 00 24 B6"
"2026-08-23 00:20:42.721","01 01 00 19 00 03 AD CC"
"2026-08-23 00:20:42.733","01 01 01 00 51 88"
"2026-08-23 00:20:43.223","01 02 00 04 00 0C 39 CE"
"2026-08-23 00:20:43.235","01 02 02 01 00 B8 28"
"2026-08-23 00:20:43.724","01 03 04 EC 00 0C 85 0A"
"2026-08-23 00:20:43.757","01 03 18 27 0F 00 1F 00 28 00 45 00 77 00 A8 00 F0 01 3C 01 93 01 FA 02 6F 02 EC B5 08"
"2026-08-23 00:20:44.084","01 06 04 F9 04 07 1B C9"
"2026-08-23 00:20:44.105","01 06 04 F9 04 07 1B C9"
"2026-08-23 00:20:44.218","01 04 00 56 00 03 50 1B"
"2026-08-23 00:20:44.240","01 04 06 01 7B 00 00 00 00 85 48"
"2026-08-23 00:20:45.733","01 10 0B 13 00 03 06 00 D5 00 69 00 F5 2F B7"
"2026-08-23 00:20:45.745","01 10 0B 13 00 03 73 E9"
"2026-08-23 00:20:45.756","01 03 04 B0 00 05 85 1E"
"2026-08-23 00:20:45.777","01 03 0A 00 00 00 00 00 00 00 00 00 00 24 B6"
"2026-08-23 00:20:46.216","01 01 00 19 00 03 AD CC"
"2026-08-23 00:20:46.227","01 01 01 00 51 88"
"2026-08-23 00:20:46.717","01 02 00 04 00 0C 39 CE"
"2026-08-23 00:20:46.738","01 02 02 00 00 B9 B8"
"2026-08-23 00:20:47.218","01 03 04 EC 00 0C 85 0A"
"2026-08-23 00:20:47.260","01 03 18 27 0F 00 1F 00 28 00 45 00 77 00 A8 00 F0 01 3C 01 93 01 FA 02 6F 02 EC B5 08"
"2026-08-23 00:20:47.719","01 04 00 56 00 03 50 1B"
"2026-08-23 00:20:47.741","01 04 06 01 66 00 00 00 00 69 4A"
"2026-08-23 00:20:48.220","01 05 23 34 FF 00 C6 70"
"2026-08-23 00:20:48.231","01 05 23 34 FF 00 C6 70"
"2026-08-23 00:20:49.228","01 10 0B 13 00 03 06 00 EA 00 70 00 F5 EA 75"
"2026-08-23 00:20:49.239","01 10 0B 13 00 03 73 E9"
"2026-08-23 00:20:49.260","01 03 04 B0 00 05 85 1E"
"2026-08-23 00:20:49.282","01 03 0A 00 00 00 00 00 00 00 00 00 00 24 B6"
"2026-08-23 00:20:49.720","01 01 00 19 00 03 AD CC"
"2026-08-23 00:20:49.731","01 01 01 00 51 88"
"2026-08-23 00:20:50.221","01 02 00 04 00 0C 39 CE"
"2026-08-23 00:20:50.233","01 02 02 01 00 B8 28"
"2026-08-23 00:20:50.723","01 03 04 EC 00 0C 85 0A"
"2026-08-23 00:20:50.765","01 03 18 27 0F 00 1F 00 28 00 45 00 77 00 A8 00 F0 01 3C 01 93 01 FA 02 6F 02 EC B5 08"
"2026-08-23 00:20:51.224","01 04 00 56 00 03 50 1B"
"2026-08-23 00:20:51.235","01 04 06 01 EE 00 00 00 00 89 55"
"2026-08-23 00:20:52.223","01 06 01 41 00 19 19 E8"
"2026-08-23 00:20:52.234","01 06 01 41 00 19 19 E8"
"2026-08-23 00:20:52.734","01 10 0B 13 00 03 06 00 F7 00 66 00 F6 A7 B2"
"2026-08-23 00:20:52.745","01 10 0B 13 00 03 73 E9"
"2026-08-23 00:20:52.756","01 03 04 B0 00 05 85 1E"
"2026-08-23 00:20:52.778","01 03 0A 00 00 00 00 00 00 00 00 00 00 24 B6"
"2026-08-23 00:20:53.226","01 01 00 19 00 03 AD CC"
"2026-08-23 00:20:53.238","01 01 01 00 51 88"
"2026-08-23 00:20:53.718","01 02 00 04 00 0C 39 CE"
"2026-08-23 00:20:53.730","01 02 02 00 00 B9 B8"
"2026-08-23 00:20:54.220","01 03 04 EC 00 0C 85 0A"
"2026-08-23 00:20:54.262","01 03 18 27 0F 00 1F 00 28 00 45 00 77 00 A8 00 F0 01 3C 01 93 01 FA 02 6F 02 EC B5 08"
"2026-08-23 00:20:54.720","01 04 00 56 00 03 50 1B"
"2026-08-23 00:20:54.742","01 04 06 03 9F 00 00 00 00 F4 BC"
"2026-08-23 00:20:55.719","01 06 01 41 00 12 58 2F"
"2026-08-23 00:20:55.730","01 06 01 41 00 12 58 2F"
"2026-08-23 00:20:56.230","01 10 0B 13 00 03 06 00 F6 00 74 01 02 3A 60"
"2026-08-23 00:20:56.241","01 10 0B 13 00 03 73 E9"
"2026-08-23 00:20:56.252","01 03 04 B0 00 05 85 1E"
"2026-08-23 00:20:56.274","01 03 0A 00 00 00 00 00 00 00 00 00 00 24 B6"
"2026-08-23 00:20:56.692","01 06 04 FF 08 8A 3E AD"
"2026-08-23 00:20:56.703","01 06 04 FF 08 8A 3E AD"
"2026-08-23 00:20:56.724","01 01 00 19 00 03 AD CC"
"2026-08-23 00:20:56.735","01 01 01 00 51 88"
"2026-08-23 00:20:57.224","01 02 00 04 00 0C 39 CE"
"2026-08-23 00:20:57.236","01 02 02 01 00 B8 28"
"2026-08-23 00:20:57.724","01 03 04 EC 00 0C 85 0A"
"2026-08-23 00:20:57.757","01 03 18 27 0F 00 1F 00 28 00 45 00 77 00 A8 00 F0 01 3C 01 93 01 FA 02 6F 02 EC B5 08"
"2026-08-23 00:20:58.226","01 04 00 56 00 03 50 1B"
"2026-08-23 00:20:58.237","01 04 06 02 A5 00 00 00 00 2D 68"
"2026-08-23 00:20:59.732","01 10 0B 13 00 03 06 00 CF 00 73 00 F8 96 77"
"2026-08-23 00:20:59.743","01 10 0B 13 00 03 73 E9"
"2026-08-23 00:20:59.755","01 03 04 B0 00 05 85 1E"
"2026-08-23 00:20:59.776","01 03 0A 00 00 00 00 00 00 00 00 00 00 24 B6"
"2026-08-23 00:21:00.224","01 01 00 19 00 03 AD CC"
"2026-08-23 00:21:00.236","01 01 01 00 51 88"
"2026-08-23 00:21:00.726","01 02 00 04 00 0C 39 CE"
"2026-08-23 00:21:00.737","01 02 02 00 00 B9 B8"
"2026-08-23 00:21:01.217","01 03 04 EC 00 0C 85 0A"
"2026-08-23 00:21:01.259","01 03 18 27 0F 00 1F 00 28 00 45 00 77 00 A8 00 F0 01 3C 01 93 01 FA 02 6F 02 EC B5 08"
"2026-08-23 00:21:01.717","01 04 00 56 00 03 50 1B"
"2026-08-23 00:21:01.739","01 04 06 03 1E 00 00 00 00 C8 A2"
"2026-08-23 00:21:03.234","01 10 0B 13 00 03 06 00 DB 00 6B 00 F5 E7 B6"
"2026-08-23 00:21:03.246","01 10 0B 13 00 03 73 E9"
"2026-08-23 00:21:03.257","01 03 04 B0 00 05 85 1E"
"2026-08-23 00:21:03.278","01 03 0A 00 00 00 00 00 00 00 00 00 00 24 B6"
"2026-08-23 00:21:03.716","01 01 00 19 00 03 AD CC"
"2026-08-23 00:21:03.727","01 01 01 00 51 88"
"2026-08-23 00:21:04.217","01 02 00 04 00 0C 39 CE"
"2026-08-23 00:21:04.228","01 02 02 00 00 B9 B8"
"2026-08-23 00:21:04.719","01 03 04 EC 00 0C 85 0A"
"2026-08-23 00:21:04.761","01 03 18 27 0F 00 1F 00 28 00 45 00 77 00 A8 00 F0 01 3C 01 93 01 FA 02 6F 02 EC B5 08"
"2026-08-23 00:21:05.221","01 04 00 56 00 03 50 1B"
"2026-08-23 00:21:05.242","01 04 06 01 62 00 00 00 00 98 8A"
"2026-08-23 00:21:06.220","01 06 01 41 00 10 D9 EE"
"2026-08-23 00:21:06.232","01 06 01 41 00 10 D9 EE"
"2026-08-23 00:21:06.732","01 10 0B 13 00 03 06 00 DE 00 65 01 03 CB A3"
"2026-08-23 00:21:06.743","01 10 0B 13 00 03 73 E9"
"2026-08-23 00:21:06.754","01 03 04 B0 00 05 85 1E"
"2026-08-23 00:21:06.776","01 03 0A 00 00 00 00 00 00 00 00 00 00 24 B6"
"2026-08-23 00:21:07.224","01 01 00 19 00 03 AD CC"
"2026-08-23 00:21:07.235","01 01 01 00 51 88"
"2026-08-23 00:21:07.726","01 02 00 04 00 0C 39 CE"
"2026-08-23 00:21:07.737","01 02 02 01 00 B8 28"
"2026-08-23 00:21:08.218","01 03 04 EC 00 0C 85 0A"
"2026-08-23 00:21:08.260","01 03 18 27 0F 00 1F 00 28 00 45 00 77 00 A8 00 F0 01 3C 01 93 01 FA 02 6F 02 EC B5 08"
"2026-08-23 00:21:08.720","01 04 00 56 00 03 50 1B"
"2026-08-23 00:21:08.741","01 04 06 01 7B 00 00 00 00 85 48"
"2026-08-23 00:21:10.229","01 10 0B 13 00 03 06 00 D0 00 6B 00 F7 C3 B6"
"2026-08-23 00:21:10.241","01 10 0B 13 00 03 73 E9"
"2026-08-23 00:21:10.252","01 03 04 B0 00 05 85 1E"
"2026-08-23 00:21:10.274","01 03 0A 00 00 00 00 00 00 00 00 00 00 24 B6"
"2026-08-23 00:21:10.295","01 06 04 ED 00 18 18 C5"
"2026-08-23 00:21:10.307","01 06 04 ED 00 18 18 C5"
"2026-08-23 00:21:10.721","01 01 00 19 00 03 AD CC"
"2026-08-23 00:21:10.732","01 01 01 00 51 88"
"2026-08-23 00:21:11.222","01 02 00 04 00 0C 39 CE"
"2026-08-23 00:21:11.234","01 02 02 01 00 B8 28"
"2026-08-23 00:21:11.723","01 03 04 EC 00 0C 85 0A"
"2026-08-23 00:21:11.756","01 03 18 27 0F 00 18 00 28 00 45 00 77 00 A8 00 F0 01 3C 01 93 01 FA 02 6F 02 EC C3 BF"
"2026-08-23 00:21:12.225","01 04 00 56 00 03 50 1B"
"2026-08-23 00:21:12.237","01 04 06 01 82 00 00 00 00 19 5C"
"2026-08-23 00:21:13.730","01 10 0B 13 00 03 06 00 CA 00 64 00 FA 6B B2"
"2026-08-23 00:21:13.742","01 10 0B 13 00 03 73 E9"
"2026-08-23 00:21:13.753","01 03 04 B0 00 05 85 1E"
"2026-08-23 00:21:13.775","01 03 0A 00 00 00 00 00 00 00 00 00 00 24 B6"
"2026-08-23 00:21:14.223","01 01 00 19 00 03 AD CC"
"2026-08-23 00:21:14.234","01 01 01 00 51 88"
"2026-08-23 00:21:14.724","01 02 00 04 00 0C 39 CE"
"2026-08-23 00:21:14.735","01 02 02 01 00 B8 28"
"2026-08-23 00:21:15.224","01 03 04 EC 00 0C 85 0A"
"2026-08-23 00:21:15.256","01 03 18 27 0F 00 18 00 28 00 45 00 77 00 A8 00 F0 01 3C 01 93 01 FA 02 6F 02 EC C3 BF"
"2026-08-23 00:21:15.724","01 04 00 56 00 03 50 1B"
"2026-08-23 00:21:15.736","01 04 06 02 EB 00 00 00 00 45 66"
"2026-08-23 00:21:17.230","01 10 0B 13 00 03 06 00 DE 00 75 01 03 CA 66"
"2026-08-23 00:21:17.241","01 10 0B 13 00 03 73 E9"
"2026-08-23 00:21:17.252","01 03 04 B0 00 05 85 1E"
"2026-08-23 00:21:17.274","01 03 0A 00 00 00 00 00 00 00 00 00 00 24 B6"
"2026-08-23 00:21:17.723","01 01 00 19 00 03 AD CC"
"2026-08-23 00:21:17.734","01 01 01 00 51 88"
"2026-08-23 00:21:18.223","01 02 00 04 00 0C 39 CE"
"2026-08-23 00:21:18.235","01 02 02 01 00 B8 28"
"2026-08-23 00:21:18.723","01 03 04 EC 00 0C 85 0A"
"2026-08-23 00:21:18.765","01 03 18 27 0F 00 18 00 28 00 45 00 77 00 A8 00 F0 01 3C 01 93 01 FA 02 6F 02 EC C3 BF"
"2026-08-23 00:21:19.224","01 04 00 56 00 03 50 1B"
"2026-08-23 00:21:19.235","01 04 06 01 81 00 00 00 00 5D 5C"
"2026-08-23 00:21:19.724","01 05 23 34 00 00 87 80"
"2026-08-23 00:21:19.736","01 05 23 34 00 00 87 80"
"2026-08-23 00:21:20.732","01 10 0B 13 00 03 06 00 CF 00 70 00 F7 26 73"
"2026-08-23 00:21:20.744","01 10 0B 13 00 03 73 E9"
"2026-08-23 00:21:20.755","01 03 04 B0 00 05 85 1E"
"2026-08-23 00:21:20.776","01 03 0A 00 00 00 00 00 00 00 00 00 00 24 B6"
"2026-08-23 00:21:21.225","01 01 00 19 00 03 AD CC"
"2026-08-23 00:21:21.236","01 01 01 00 51 88"
"2026-08-23 00:21:21.726","01 02 00 04 00 0C 39 CE"
"2026-08-23 00:21:21.738","01 02 02 01 00 B8 28"
"2026-08-23 00:21:22.218","01 03 04 EC 00 0C 85 0A"
"2026-08-23 00:21:22.260","01 03 18 27 0F 00 18 00 28 00 45 00 77 00 A8 00 F0 01 3C 01 93 01 FA 02 6F 02 EC C3 BF"
"2026-08-23 00:21:22.719","01 04 00 56 00 03 50 1B"
"2026-08-23 00:21:22.740","01 04 06 02 F1 00 00 00 00 1C A4"
"2026-08-23 00:21:23.604","01 06 04 F4 01 94 C9 37"
"2026-08-23 00:21:23.616","01 06 04 F4 01 94 C9 37"
"2026-08-23 00:21:24.227","01 10 0B 13 00 03 06 00 ED 00 76 01 03 3E 62"
"2026-08-23 00:21:24.238","01 10 0B 13 00 03 73 E9"
"2026-08-23 00:21:24.260","01 03 04 B0 00 05 85 1E"
"2026-08-23 00:21:24.281","01 03 0A 00 00 00 00 00 00 00 00 00 00 24 B6"
"2026-08-23 00:21:24.719","01 01 00 19 00 03 AD CC"
"2026-08-23 00:21:24.731","01 01 01 00 51 88"
"2026-08-23 00:21:25.219","01 02 00 04 00 0C 39 CE"
"2026-08-23 00:21:25.231","01 02 02 01 00 B8 28"
"2026-08-23 00:21:25.719","01 03 04 EC 00 0C 85 0A"
"2026-08-23 00:21:25.762","01 03 18 27 0F 00 18 00 28 00 45 00 77 00 A8 00 F0 01 3C 01 94 01 FA 02 6F 02 EC B5 7F"
"2026-08-23 00:21:26.221","01 04 00 56 00 03 50 1B"
"2026-08-23 00:21:26.242","01 04 06 02 FF 00 00 00 00 75 65"
"2026-08-23 00:21:27.727","01 10 0B 13 00 03 06 00 CD 00 6E 00 FE FF B3"
"2026-08-23 00:21:27.748","01 10 0B 13 00 03 73 E9"
"2026-08-23 00:21:27.759","01 03 04 B0 00 05 85 1E"
"2026-08-23 00:21:27.781","01 03 0A 00 00 00 00 00 00 00 00 00 00 24 B6"
"2026-08-23 00:21:28.220","01 01 00 19 00 03 AD CC"
"2026-08-23 00:21:28.231","01 01 01 00 51 88"
"2026-08-23 00:21:28.720","01 02 00 04 00 0C 39 CE"
"2026-08-23 00:21:28.732","01 02 02 00 00 B9 B8"
"2026-08-23 00:21:29.221","01 03 04 EC 00 0C 85 0A"
"2026-08-23 00:21:29.263","01 03 18 27 0F 00 18 00 28 00 45 00 77 00 A8 00 F0 01 3C 01 94 01 FA 02 6F 02 EC B5 7F"
"2026-08-23 00:21:29.722","01 04 00 56 00 03 50 1B"
"2026-08-23 00:21:29.733","01 04 06 01 23 00 00 00 00 A4 85"
"2026-08-23 00:21:30.223","01 05 23 34 FF 00 C6 70"
"2026-08-23 00:21:30.235","01 05 23 34 FF 00 C6 70"
"2026-08-23 00:21:31.232","01 10 0B 13 00 03 06 00 D6 00 75 00 F3 2A 73"
"2026-08-23 00:21:31.243","01 10 0B 13 00 03 73 E9"
"2026-08-23 00:21:31.255","01 03 04 B0 00 05 85 1E"
"2026-08-23 00:21:31.276","01 03 0A 00 00 00 00 00 00 00 00 00 00 24 B6"
"2026-08-23 00:21:31.724","01 01 00 19 00 03 AD CC"
"2026-08-23 00:21:31.736","01 01 01 00 51 88"
"2026-08-23 00:21:32.225","01 02 00 04 00 0C 39 CE"
"2026-08-23 00:21:32.237","01 02 02 00 00 B9 B8"
"2026-08-23 00:21:32.727","01 03 04 EC 00 0C 85 0A"
"2026-08-23 00:21:32.758","01 03 18 27 0F 00 18 00 28 00 45 00 77 00 A8 00 F0 01 3C 01 94 01 FA 02 6F 02 EC B5 7F"
"2026-08-23 00:21:33.217","01 04 00 56 00 03 50 1B"
"2026-08-23 00:21:33.239","01 04 06 02 83 00 00 00 00 24 AF"
"2026-08-23 00:21:34.734","01 10 0B 13 00 03 06 00 F6 00 73 00 F8 0A 72"
"2026-08-23 00:21:34.746","01 10 0B 13 00 03 73 E9"
"2026-08-23 00:21:34.757","01 03 04 B0 00 05 85 1E"
"2026-08-23 00:21:34.778","01 03 0A 00 00 00 00 00 00 00 00 00 00 24 B6"
"2026-08-23 00:21:35.227","01 01 00 19 00 03 AD CC"
"2026-08-23 00:21:35.239","01 01 01 00 51 88"
"2026-08-23 00:21:35.718","01 02 00 04 00 0C 39 CE"
"2026-08-23 00:21:35.729","01 02 02 01 00 B8 28"
"2026-08-23 00:21:36.220","01 03 04 EC 00 0C 85 0A"
"2026-08-23 00:21:36.262","01 03 18 27 0F 00 18 00 28 00 45 00 77 00 A8 00 F0 01 3C 01 94 01 FA 02 6F 02 EC B5 7F"
"2026-08-23 00:21:36.721","01 04 00 56 00 03 50 1B"
"2026-08-23 00:21:36.743","01 04 06 03 9E 00 00 00 00 C9 7C"
"2026-08-23 00:21:37.192","01 06 04 F3 01 3D B8 88"
"2026-08-23 00:21:37.204","01 06 04 F3 01 3D B8 88"
"2026-08-23 00:21:38.231","01 10 0B 13 00 03 06 00 E3 00 68 00 F9 B6 76"
"2026-08-23 00:21:38.243","01 10 0B 13 00 03 73 E9"
"2026-08-23 00:21:38.254","01 03 04 B0 00 05 85 1E"
"2026-08-23 00:21:38.275","01 03 0A 00 00 00 00 00 00 00 00 00 00 24 B6"
"2026-08-23 00:21:38.724","01 01 00 19 00 03 AD CC"
"2026-08-23 00:21:38.736","01 01 01 00 51 88"
"2026-08-23 00:21:39.225","01 02 00 04 00 0C 39 CE"
"2026-08-23 00:21:39.237","01 02 02 01 00 B8 28"
"2026-08-23 00:21:39.726","01 03 04 EC 00 0C 85 0A"
"2026-08-23 00:21:39.758","01 03 18 27 0F 00 18 00 28 00 45 00 77 00 A8 00 F0 01 3D 01 94 01 FA 02 6F 02 EC B8 EF"
"2026-08-23 00:21:40.227","01 04 00 56 00 03 50 1B"
"2026-08-23 00:21:40.239","01 04 06 01 C7 00 00 00 00 D4 93"
"2026-08-23 00:21:41.226","01 06 01 41 00 1D 18 2B"
"2026-08-23 00:21:41.238","01 06 01 41 00 1D 18 2B"
"2026-08-23 00:21:41.727","01 10 0B 13 00 03 06 00 D1 00 73 01 01 FF A7"
"2026-08-23 00:21:41.749","01 10 0B 13 00 03 73 E9"
"2026-08-23 00:21:41.760","01 03 04 B0 00 05 85 1E"
"2026-08-23 00:21:41.782","01 03 0A 00 00 00 00 00 00 00 00 00 00 24 B6"
"2026-08-23 00:21:42.221","01 01 00 19 00 03 AD CC"
"2026-08-23 00:21:42.233","01 01 01 00 51 88"
"2026-08-23 00:21:42.723","01 02 00 04 00 0C 39 CE"
"2026-08-23 00:21:42.735","01 02 02 01 00 B8 28"
"2026-08-23 00:21:43.223","01 03 04 EC 00 0C 85 0A"
"2026-08-23 00:21:43.265","01 03 18 27 0F 00 18 00 28 00 45 00 77 00 A8 00 F0 01 3D 01 94 01 FA 02 6F 02 EC B8 EF"
"2026-08-23 00:21:43.724","01 04 00 56 00 03 50 1B"
"2026-08-23 00:21:43.736","01 04 06 02 A4 00 00 00 00 10 A8"
"2026-08-23 00:21:45.231","01 10 0B 13 00 03 06 00 F7 00 70 00 F3 86 75"
"2026-08-23 00:21:45.242","01 10 0B 13 00 03 73 E9"
"2026-08-23 00:21:45.253","01 03 04 B0 00 05 85 1E"
"2026-08-23 00:21:45.275","01 03 0A 00 00 00 00 00 00 00 00 00 00 24 B6"
"2026-08-23 00:21:45.723","01 01 00 19 00 03 AD CC"
"2026-08-23 00:21:45.735","01 01 01 00 51 88"
"2026-08-23 00:21:46.225","01 02 00 04 00 0C 39 CE"
"2026-08-23 00:21:46.237","01 02 02 00 00 B9 B8"
"2026-08-23 00:21:46.727","01 03 04 EC 00 0C 85 0A"
"2026-08-23 00:21:46.759","01 03 18 27 0F 00 18 00 28 00 45 00 77 00 A8 00 F0 01 3D 01 94 01 FA 02 6F 02 EC B8 EF"
"2026-08-23 00:21:47.219","01 04 00 56 00 03 50 1B"
"2026-08-23 00:21:47.241","01 04 06 02 BE 00 00 00 00 49 6A"
"2026-08-23 00:21:47.720","01 05 23 34 FF 00 C6 70"
"2026-08-23 00:21:47.732","01 05 23 34 FF 00 C6 70"
"2026-08-23 00:21:48.202","01 06 05 00 09 73 CE B3"
"2026-08-23 00:21:48.214","01 06 05 00 09 73 CE B3"
"2026-08-23 00:21:48.735","01 10 0B 13 00 03 06 00 F9 00 74 00 F5 2E 77"
"2026-08-23 00:21:48.756","01 10 0B 13 00 03 73 E9"
"2026-08-23 00:21:48.768","01 03 04 B0 00 05 85 1E"
"2026-08-23 00:21:48.789","01 03 0A 00 00 00 00 00 00 00 00 00 00 24 B6"
"2026-08-23 00:21:49.227","01 01 00 19 00 03 AD CC"
"2026-08-23 00:21:49.239","01 01 01 00 51 88"
"2026-08-23 00:21:49.728","01 02 00 04 00 0C 39 CE"
"2026-08-23 00:21:49.740","01 02 02 01 00 B8 28"
"2026-08-23 00:21:50.230","01 03 04 EC 00 0C 85 0A"
"2026-08-23 00:21:50.272","01 03 18 27 0F 00 18 00 28 00 45 00 77 00 A8 00 F0 01 3D 01 94 01 FA 02 6F 02 EC B8 EF"
"2026-08-23 00:21:50.732","01 04 00 56 00 03 50 1B"
"2026-08-23 00:21:50.744","01 04 06 01 02 00 00 00 00 18 82"
"2026-08-23 00:21:52.238","01 10 0B 13 00 03 06 00 D5 00 65 00 F3 6F B6"
"2026-08-23 00:21:52.250","01 10 0B 13 00 03 73 E9"
"2026-08-23 00:21:52.261","01 03 04 B0 00 05 85 1E"
"2026-08-23 00:21:52.282","01 03 0A 00 00 00 00 00 00 00 00 00 00 24 B6"
"2026-08-23 00:21:52.731","01 01 00 19 00 03 AD CC"
"2026-08-23 00:21:52.742","01 01 01 00 51 88"
"2026-08-23 00:21:53.232","01 02 00 04 00 0C 39 CE"
"2026-08-23 00:21:53.244","01 02 02 01 00 B8 28"
"2026-08-23 00:21:53.733","01 03 04 EC 00 0C 85 0A"
"2026-08-23 00:21:53.765","01 03 18 27 0F 00 18 00 28 00 45 00 77 00 A8 00 F0 01 3D 01 94 01 FA 02 6F 02 EC B8 EF"
"2026-08-23 00:21:54.234","01 04 00 56 00 03 50 1B"
"2026-08-23 00:21:54.246","01 04 06 01 AF 00 00 00 00 B5 5A"
"2026-08-23 00:21:55.742","01 10 0B 13 00 03 06 00 EF 00 77 01 01 97 A3"
"2026-08-23 00:21:55.753","01 10 0B 13 00 03 73 E9"
"2026-08-23 00:21:55.765","01 03 04 B0 00 05 85 1E"
"2026-08-23 00:21:55.786","01 03 0A 00 00 00 00 00 00 00 00 00 00 24 B6"
"2026-08-23 00:21:56.235","01 01 00 19 00 03 AD CC"
"2026-08-23 00:21:56.246","01 01 01 00 51 88"
"2026-08-23 00:21:56.726","01 02 00 04 00 0C 39 CE"
"2026-08-23 00:21:56.737","01 02 02 00 00 B9 B8"
"2026-08-23 00:21:57.226","01 03 04 EC 00 0C 85 0A"
"2026-08-23 00:21:57.268","01 03 18 27 0F 00 18 00 28 00 45 00 77 00 A8 00 F0 01 3D 01 94 01 FA 02 6F 02 EC B8 EF"
"2026-08-23 00:21:57.290","01 06 04 F0 00 76 09 2F"
"2026-08-23 00:21:57.301","01 06 04 F0 00 76 09 2F"
"2026-08-23 00:21:57.729","01 04 00 56 00 03 50 1B"
"2026-08-23 00:21:57.750","01 04 06 02 E8 00 00 00 00 01 66"
"2026-08-23 00:21:59.235","01 10 0B 13 00 03 06 00 EB 00 6A 00 F9 F6 77"
"2026-08-23 00:21:59.256","01 10 0B 13 00 03 73 E9"
"2026-08-23 00:21:59.267","01 03 04 B0 00 05 85 1E"
"2026-08-23 00:21:59.289","01 03 0A 00 00 00 00 00 00 00 00 00 00 24 B6"
"2026-08-23 00:21:59.727","01 01 00 19 00 03 AD CC"
"2026-08-23 00:21:59.739","01 01 01 00 51 88"
"2026-08-23 00:22:00.228","01 02 00 04 00 0C 39 CE"
"2026-08-23 00:22:00.239","01 02 02 00 00 B9 B8"
"2026-08-23 00:22:00.728","01 03 04 EC 00 0C 85 0A"
"2026-08-23 00:22:00.770","01 03 18 27 0F 00 18 00 28 00 45 00 76 00 A8 00 F0 01 3D 01 94 01 FA 02 6F 02 EC 79 EF"
"2026-08-23 00:22:01.229","01 04 00 56 00 03 50 1B"
"2026-08-23 00:22:01.250","01 04 06 02 E4 00 00 00 00 11 67"
"2026-08-23 00:22:02.737","01 10 0B 13 00 03 06 00 D9 00 65 01 02 BF A3"
"2026-08-23 00:22:02.748","01 10 0B 13 00 03 73 E9"
"2026-08-23 00:22:02.770","01 03 04 B0 00 05 85 1E"
"2026-08-23 00:22:02.792","01 03 0A 00 00 00 00 00 00 00 00 00 00 24 B6"
"2026-08-23 00:22:03.230","01 01 00 19 00 03 AD CC"
"2026-08-23 00:22:03.242","01 01 01 00 51 88"
"2026-08-23 00:22:03.732","01 02 00 04 00 0C 39 CE"
"2026-08-23 00:22:03.744","01 02 02 01 00 B8 28"
"2026-08-23 00:22:04.235","01 03 04 EC 00 0C 85 0A"
"2026-08-23 00:22:04.267","01 03 18 27 0F 00 18 00 28 00 45 00 76 00 A8 00 F0 01 3D 01 94 01 FA 02 6F 02 EC 79 EF"
"2026-08-23 00:22:04.727","01 04 00 56 00 03 50 1B"
"2026-08-23 00:22:04.749","01 04 06 02 53 00 00 00 00 E5 7D"
"2026-08-23 00:22:05.227","01 05 23 34 00 00 87 80"
"2026-08-23 00:22:05.239","01 05 23 34 00 00 87 80"
"2026-08-23 00:22:06.185","01 06 04 FC 06 0F 0B 6E"
"2026-08-23 00:22:06.197","01 06 04 FC 06 0F 0B 6E"
"2026-08-23 00:22:06.239","01 10 0B 13 00 03 06 00 E3 00 66 01 01 D7 A7"
"2026-08-23 00:22:06.250","01 10 0B 13 00 03 73 E9"
"2026-08-23 00:22:06.261","01 03 04 B0 00 05 85 1E"
"2026-08-23 00:22:06.283","01 03 0A 00 00 00 00 00 00 00 00 00 00 24 B6"
"2026-08-23 00:22:06.731","01 01 00 19 00 03 AD CC"
"2026-08-23 00:22:06.742","01 01 01 00 51 88"
"2026-08-23 00:22:07.231","01 02 00 04 00 0C 39 CE"
"2026-08-23 00:22:07.243","01 02 02 00 00 B9 B8"
"2026-08-23 00:22:07.732","01 03 04 EC 00 0C 85 0A"
"2026-08-23 00:22:07.765","01 03 18 27 0F 00 18 00 28 00 45 00 76 00 A8 00 F0 01 3D 01 94 01 FA 02 6F 02 EC 79 EF"
"2026-08-23 00:22:08.234","01 04 00 56 00 03 50 1B"
"2026-08-23 00:22:08.246","01 04 06 02 CD 00 00 00 00 4C A1"
"2026-08-23 00:22:09.734","01 10 0B 13 00 03 06 00 F8 00 6A 01 01 73 A6"
"2026-08-23 00:22:09.756","01 10 0B 13 00 03 73 E9"
"2026-08-23 00:22:09.767","01 03 04 B0 00 05 85 1E"
"2026-08-23 00:22:09.788","01 03 0A 00 00 00 00 00 00 00 00 00 00 24 B6"
"2026-08-23 00:22:10.227","01 01 00 19 00 03 AD CC"
"2026-08-23 00:22:10.239","01 01 01 00 51 88"
"2026-08-23 00:22:10.728","01 02 00 04 00 0C 39 CE"
"2026-08-23 00:22:10.740","01 02 02 00 00 B9 B8"
"2026-08-23 00:22:11.229","01 03 04 EC 00 0C 85 0A"
"2026-08-23 00:22:11.271","01 03 18 27 0F 00 18 00 28 00 45 00 76 00 A8 00 F0 01 3D 01 94 01 FA 02 6F 02 EC 79 EF"
"2026-08-23 00:22:11.730","01 04 00 56 00 03 50 1B"
"2026-08-23 00:22:11.752","01 04 06 02 EB 00 00 00 00 45 66"
"2026-08-23 00:22:12.232","01 05 23 34 00 00 87 80"
"2026-08-23 00:22:12.244","01 05 23 34 00 00 87 80"
"2026-08-23 00:22:13.241","01 10 0B 13 00 03 06 00 CD 00 67 00 F8 AF B3"
"2026-08-23 00:22:13.253","01 10 0B 13 00 03 73 E9"
"2026-08-23 00:22:13.264","01 03 04 B0 00 05 85 1E"
"2026-08-23 00:22:13.285","01 03 0A 00 00 00 00 00 00 00 00 00 00 24 B6"
"2026-08-23 00:22:13.733","01 01 00 19 00 03 AD CC"
"2026-08-23 00:22:13.745","01 01 01 00 51 88"
"2026-08-23 00:22:14.235","01 02 00 04 00 0C 39 CE"
"2026-08-23 00:22:14.246","01 02 02 01 00 B8 28"
"2026-08-23 00:22:14.726","01 03 04 EC 00 0C 85 0A"
"2026-08-23 00:22:14.768","01 03 18 27 0F 00 18 00 28 00 45 00 76 00 A8 00 F0 01 3D 01 94 01 FA 02 6F 02 EC 79 EF"
"2026-08-23 00:22:15.227","01 04 00 56 00 03 50 1B"
"2026-08-23 00:22:15.249","01 04 06 02 A9 00 00 00 00 3D 69"
"2026-08-23 00:22:15.352","01 06 04 FD 06 DC 1B 33"
"2026-08-23 00:22:15.364","01 06 04 FD 06 DC 1B 33"
"2026-08-23 00:22:15.732","01 05 23 34 00 00 87 80"
"2026-08-23 00:22:15.743","01 05 23 34 00 00 87 80"
"2026-08-23 00:22:16.742","01 10 0B 13 00 03 06 00 DF 00 6F 00 F0 97 B4"
"2026-08-23 00:22:16.753","01 10 0B 13 00 03 73 E9"
"2026-08-23 00:22:16.764","01 03 04 B0 00 05 85 1E"
"2026-08-23 00:22:16.786","01 03 0A 00 00 00 00 00 00 00 00 00 00 24 B6"
"2026-08-23 00:22:17.233","01 01 00 19 00 03 AD CC"
"2026-08-23 00:22:17.245","01 01 01 00 51 88"
"2026-08-23 00:22:17.734","01 02 00 04 00 0C 39 CE"
"2026-08-23 00:22:17.745","01 02 02 00 00 B9 B8"
"2026-08-23 00:22:18.234","01 03 04 EC 00 0C 85 0A"
"2026-08-23 00:22:18.266","01 03 18 27 0F 00 18 00 28 00 45 00 76 00 A8 00 F0 01 3D 01 94 01 FA 02 6F 02 EC 79 EF"
"2026-08-23 00:22:18.735","01 04 00 56 00 03 50 1B"
"2026-08-23 00:22:18.747","01 04 06 01 01 00 00 00 00 5C 82"
"2026-08-23 00:22:19.733","01 06 01 41 00 16 59 EC"
"2026-08-23 00:22:19.745","01 06 01 41 00 16 59 EC"
"2026-08-23 00:22:20.235","01 10 0B 13 00 03 06 00 E1 00 68 00 F8 0E 76"
"2026-08-23 00:22:20.257","01 10 0B 13 00 03 73 E9"
"2026-08-23 00:22:20.268","01 03 04 B0 00 05 85 1E"
"2026-08-23 00:22:20.290","01 03 0A 00 00 00 00 00 00 00 00 00 00 24 B6"
"2026-08-23 00:22:20.728","01 01 00 19 00 03 AD CC"
"2026-08-23 00:22:20.739","01 01 01 00 51 88"
"2026-08-23 00:22:21.228","01 02 00 04 00 0C 39 CE"
"2026-08-23 00:22:21.239","01 02 02 01 00 B8 28"
"2026-08-23 00:22:21.342","01 06 04 F7 02 E8 38 26"
"2026-08-23 00:22:21.353","01 06 04 F7 02 E8 38 26"
"2026-08-23 00:22:21.730","01 03 04 EC 00 0C 85 0A"
"2026-08-23 00:22:21.772","01 03 18 27 0F 00 18 00 28 00 45 00 76 00 A8 00 F0 01 3D 01 94 01 FA 02 6F 02 E8 78 2C"
"2026-08-23 00:22:22.231","01 04 00 56 00 03 50 1B"
"2026-08-23 00:22:22.252","01 04 06 02 3C 00 00 00 00 31 74"
"2026-08-23 00:22:23.739","01 10 0B 13 00 03 06 00 C9 00 6D 00 FA FF B0"
"2026-08-23 00:22:23.751","01 10 0B 13 00 03 73 E9"
"2026-08-23 00:22:23.763","01 03 04 B0 00 05 85 1E"
"2026-08-23 00:22:23.784","01 03 0A 00 00 00 00 00 00 00 00 00 00 24 B6"
"2026-08-23 00:22:24.235","01 01 00 19 00 03 AD CC"
"2026-08-23 00:22:24.246","01 01 01 00 51 88"
"2026-08-23 00:22:24.727","01 02 00 04 00 0C 39 CE"
"2026-08-23 00:22:24.739","01 02 02 01 00 B8 28"
"2026-08-23 00:22:25.228","01 03 04 EC 00 0C 85 0A"
"2026-08-23 00:22:25.270","01 03 18 27 0F 00 18 00 28 00 45 00 76 00 A8 00 F0 01 3D 01 94 01 FA 02 6F 02 E8 78 2C"
"2026-08-23 00:22:25.728","01 04 00 56 00 03 50 1B"
"2026-08-23 00:22:25.750","01 04 06 01 30 00 00 00 00 21 46"
"2026-08-23 00:22:26.728","01 06 01 41 00 0E 59 E6"
"2026-08-23 00:22:26.739","01 06 01 41 00 0E 59 E6"
"2026-08-23 00:22:27.238","01 10 0B 13 00 03 06 00 F6 00 64 00 F0 BB B0"
"2026-08-23 00:22:27.250","01 10 0B 13 00 03 73 E9"
"2026-08-23 00:22:27.261","01 03 04 B0 00 05 85 1E"
"2026-08-23 00:22:27.282","01 03 0A 00 00 00 00 00 00 00 00 00 00 24 B6"
"2026-08-23 00:22:27.734","01 01 00 19 00 03 AD CC"
"2026-08-23 00:22:27.746","01 01 01 00 51 88"
"2026-08-23 00:22:28.235","01 02 00 04 00 0C 39 CE"
"2026-08-23 00:22:28.247","01 02 02 01 00 B8 28"
"2026-08-23 00:22:28.350","01 06 04 EE 00 2B A8 D0"
"2026-08-23 00:22:28.372","01 06 04 EE 00 2B A8 D0"
"2026-08-23 00:22:28.731","01 03 04 EC 00 0C 85 0A"
"2026-08-23 00:22:28.773","01 03 18 27 0F 00 18 00 2B 00 45 00 76 00 A8 00 F0 01 3D 01 94 01 FA 02 6F 02 E8 3C 68"
"2026-08-23 00:22:29.232","01 04 00 56 00 03 50 1B"
"2026-08-23 00:22:29.244","01 04 06 02 96 00 00 00 00 29 6C"
"2026-08-23 00:22:30.235","01 06 01 41 00 15 19 ED"
"2026-08-23 00:22:30.247","01 06 01 41 00 15 19 ED"
"2026-08-23 00:22:30.738","01 10 0B 13 00 03 06 00 EE 00 74 00 F2 1B B6"
"2026-08-23 00:22:30.749","01 10 0B 13 00 03 73 E9"
"2026-08-23 00:22:30.771","01 03 04 B0 00 05 85 1E"
"2026-08-23 00:22:30.782","01 03 0A 00 00 00 00 00 00 00 00 00 00 24 B6"
"2026-08-23 00:22:31.231","01 01 00 19 00 03 AD CC"
"2026-08-23 00:22:31.243","01 01 01 00 51 88"
"2026-08-23 00:22:31.732","01 02 00 04 00 0C 39 CE"
"2026-08-23 00:22:31.744","01 02 02 00 00 B9 B8"
"2026-08-23 00:22:32.235","01 03 04 EC 00 0C 85 0A"
"2026-08-23 00:22:32.267","01 03 18 27 0F 00 18 00 2B 00 45 00 76 00 A8 00 F0 01 3D 01 94 01 FA 02 6F 02 E8 3C 68"
"2026-08-23 00:22:32.728","01 04 00 56 00 03 50 1B"
"2026-08-23 00:22:32.750","01 04 06 00 7B 00 00 00 00 84 99"
"2026-08-23 00:22:33.231","01 05 23 34 FF 00 C6 70"
"2026-08-23 00:22:33.242","01 05 23 34 FF 00 C6 70"
"2026-08-23 00:22:34.240","01 10 0B 13 00 03 06 00 CE 00 6B 00 F6 AA 74"
"2026-08-23 00:22:34.251","01 10 0B 13 00 03 73 E9"
"2026-08-23 00:22:34.262","01 03 04 B0 00 05 85 1E"
"2026-08-23 00:22:34.284","01 03 0A 00 00 00 00 00 00 00 00 00 00 24 B6"
"2026-08-23 00:22:34.733","01 01 00 19 00 03 AD CC"
"2026-08-23 00:22:34.744","01 01 01 00 51 88"
"2026-08-23 00:22:35.234","01 02 00 04 00 0C 39 CE"
"2026-08-23 00:22:35.245","01 02 02 01 00 B8 28"
"2026-08-23 00:22:35.735","01 03 04 EC 00 0C 85 0A"
"2026-08-23 00:22:35.767","01 03 18 27 0F 00 18 00 2B 00 45 00 76 00 A8 00 F0 01 3D 01 94 01 FA 02 6F 02 E8 3C 68"
"2026-08-23 00:22:36.229","01 04 00 56 00 03 50 1B"
"2026-08-23 00:22:36.251","01 04 06 00 B1 00 00 00 00 1C 89"
"2026-08-23 00:22:37.229","01 06 01 41 00 0E 59 E6"
"2026-08-23 00:22:37.240","01 06 01 41 00 0E 59 E6"
"2026-08-23 00:22:37.740","01 10 0B 13 00 03 06 00 EF 00 69 00 FD F6 74"
"2026-08-23 00:22:37.752","01 10 0B 13 00 03 73 E9"
"2026-08-23 00:22:37.763","01 03 04 B0 00 05 85 1E"
"2026-08-23 00:22:37.785","01 03 0A 00 00 00 00 00 00 00 00 00 00 24 B6"
"2026-08-23 00:22:38.234","01 01 00 19 00 03 AD CC"
"2026-08-23 00:22:38.246","01 01 01 00 51 88"
"2026-08-23 00:22:38.726","01 02 00 04 00 0C 39 CE"
"2026-08-23 00:22:38.748","01 02 02 00 00 B9 B8"
"2026-08-23 00:22:39.228","01 03 04 EC 00 0C 85 0A"
"2026-08-23 00:22:39.270","01 03 18 27 0F 00 18 00 2B 00 45 00 76 00 A8 00 F0 01 3D 01 94 01 FA 02 6F 02 E8 3C 68"
"2026-08-23 00:22:39.730","01 04 00 56 00 03 50 1B"
"2026-08-23 00:22:39.752","01 04 06 03 64 00 00 00 00 11 68"
"2026-08-23 00:22:40.232","01 05 23 34 FF 00 C6 70"
"2026-08-23 00:22:40.243","01 05 23 34 FF 00 C6 70"
"2026-08-23 00:22:41.241","01 10 0B 13 00 03 06 00 F8 00 66 00 FC 73 B4"
"2026-08-23 00:22:41.253","01 10 0B 13 00 03 73 E9"
"2026-08-23 00:22:41.264","01 03 04 B0 00 05 85 1E"
"2026-08-23 00:22:41.285","01 03 0A 00 00 00 00 00 00 00 00 00 00 24 B6"
"2026-08-23 00:22:41.734","01 01 00 19 00 03 AD CC"
"2026-08-23 00:22:41.746","01 01 01 00 51 88"
"2026-08-23 00:22:42.227","01 02 00 04 00 0C 39 CE"
"2026-08-23 00:22:42.249","01 02 02 01 00 B8 28"
"2026-08-23 00:22:42.729","01 03 04 EC 00 0C 85 0A"
"2026-08-23 00:22:42.772","01 03 18 27 0F 00 18 00 2B 00 45 00 76 00 A8 00 F0 01 3D 01 94 01 FA 02 6F 02 E8 3C 68"
"2026-08-23 00:22:42.793","01 06 04 F3 01 37 38 8F"
"2026-08-23 00:22:42.805","01 06 04 F3 01 37 38 8F"
"2026-08-23 00:22:43.234","01 04 00 56 00 03 50 1B"
"2026-08-23 00:22:43.245","01 04 06 01 4F 00 00 00 00 34 8C"
"2026-08-23 00:22:44.742","01 10 0B 13 00 03 06 00 F2 00 6E 00 FD AB B7"
"2026-08-23 00:22:44.753","01 10 0B 13 00 03 73 E9"
"2026-08-23 00:22:44.765","01 03 04 B0 00 05 85 1E"
"2026-08-23 00:22:44.786","01 03 0A 00 00 00 00 00 00 00 00 00 00 24 B6"
"2026-08-23 00:22:45.235","01 01 00 19 00 03 AD CC"
"2026-08-23 00:22:45.247","01 01 01 00 51 88"
"2026-08-23 00:22:45.727","01 02 00 04 00 0C 39 CE"
"2026-08-23 00:22:45.738","01 02 02 01 00 B8 28"
"2026-08-23 00:22:46.228","01 03 04 EC 00 0C 85 0A"
"2026-08-23 00:22:46.271","01 03 18 27 0F 00 18 00 2B 00 45 00 76 00 A8 00 F0 01 37 01 94 01 FA 02 6F 02 E8 42 C8"
"2026-08-23 00:22:46.731","01 04 00 56 00 03 50 1B"
"2026-08-23 00:22:46.753","01 04 06 02 81 00 00 00 00 5D 6F"
"2026-08-23 00:22:48.238","01 10 0B 13 00 03 06 00 F7 00 64 00 F3 C6 71"
"2026-08-23 00:22:48.250","01 10 0B 13 00 03 73 E9"
"2026-08-23 00:22:48.271","01 03 04 B0 00 05 85 1E"
"2026-08-23 00:22:48.293","01 03 0A 00 00 00 00 00 00 00 00 00 00 24 B6"
"2026-08-23 00:22:48.732","01 01 00 19 00 03 AD CC"
"2026-08-23 00:22:48.744","01 01 01 00 51 88"
"2026-08-23 00:22:49.233","01 02 00 04 00 0C 39 CE"
"2026-08-23 00:22:49.245","01 02 02 00 00 B9 B8"
"2026-08-23 00:22:49.735","01 03 04 EC 00 0C 85 0A"
"2026-08-23 00:22:49.767","01 03 18 27 0F 00 18 00 2B 00 45 00 76 00 A8 00 F0 01 37 01 94 01 FA 02 6F 02 E8 42 C8"
"2026-08-23 00:22:49.932","01 06 04 FC 06 10 4A A6"
"2026-08-23 00:22:49.953","01 06 04 FC 06 10 4A A6"
"2026-08-23 00:22:50.230","01 04 00 56 00 03 50 1B"
"2026-08-23 00:22:50.252","01 04 06 02 55 00 00 00 00 6D 7D"
"2026-08-23 00:22:51.229","01 06 01 41 00 1F 99 EA"
"2026-08-23 00:22:51.241","01 06 01 41 00 1F 99 EA"
"2026-08-23 00:22:51.741","01 10 0B 13 00 03 06 00 C9 00 6B 00 F2 1E 77"
"2026-08-23 00:22:51.752","01 10 0B 13 00 03 73 E9"
"2026-08-23 00:22:51.764","01 03 04 B0 00 05 85 1E"
"2026-08-23 00:22:51.785","01 03 0A 00 00 00 00 00 00 00 00 00 00 24 B6"
"2026-08-23 00:22:52.235","01 01 00 19 00 03 AD CC"
"2026-08-23 00:22:52.247","01 01 01 00 51 88"
"2026-08-23 00:22:52.727","01 02 00 04 00 0C 39 CE"
"2026-08-23 00:22:52.748","01 02 02 00 00 B9 B8"
"2026-08-23 00:22:53.228","01 03 04 EC 00 0C 85 0A"
"2026-08-23 00:22:53.270","01 03 18 27 0F 00 18 00 2B 00 45 00 76 00 A8 00 F0 01 37 01 94 01 FA 02 6F 02 E8 42 C8"
"2026-08-23 00:22:53.729","01 04 00 56 00 03 50 1B"
"2026-08-23 00:22:53.750","01 04 06 02 CF 00 00 00 00 35 61"
"2026-08-23 00:22:54.728","01 06 01 41 00 1F 99 EA"
"2026-08-23 00:22:54.750","01 06 01 41 00 1F 99 EA"
"2026-08-23 00:22:55.239","01 10 0B 13 00 03 06 00 F3 00 76 01 00 D6 61"
"2026-08-23 00:22:55.251","01 10 0B 13 00 03 73 E9"
"2026-08-23 00:22:55.262","01 03 04 B0 00 05 85 1E"
"2026-08-23 00:22:55.283","01 03 0A 00 00 00 00 00 00 00 00 00 00 24 B6"
"2026-08-23 00:22:55.732","01 01 00 19 00 03 AD CC"
"2026-08-23 00:22:55.743","01 01 01 00 51 88"
"2026-08-23 00:22:56.232","01 02 00 04 00 0C 39 CE"
"2026-08-23 00:22:56.244","01 02 02 00 00 B9 B8"
"2026-08-23 00:22:56.735","01 03 04 EC 00 0C 85 0A"
"2026-08-23 00:22:56.767","01 03 18 27 0F 00 18 00 2B 00 45 00 76 00 A8 00 F0 01 37 01 94 01 FA 02 6F 02 E8 42 C8"
"2026-08-23 00:22:57.235","01 04 00 56 00 03 50 1B"
"2026-08-23 00:22:57.246","01 04 06 02 5E 00 00 00 00 C8 BC"
"2026-08-23 00:22:58.740","01 10 0B 13 00 03 06 00 F3 00 70 00 F2 B6 75"
"2026-08-23 00:22:58.751","01 10 0B 13 00 03 73 E9"
"2026-08-23 00:22:58.763","01 03 04 B0 00 05 85 1E"
"2026-08-23 00:22:58.784","01 03 0A 00 00 00 00 00 00 00 00 00 00 24 B6"
"2026-08-23 00:22:59.232","01 01 00 19 00 03 AD CC"
"2026-08-23 00:22:59.243","01 01 01 00 51 88"
"2026-08-23 00:22:59.732","01 02 00 04 00 0C 39 CE"
"2026-08-23 00:22:59.744","01 02 02 00 00 B9 B8"
"2026-08-23 00:23:00.233","01 03 04 EC 00 0C 85 0A"
"2026-08-23 00:23:00.276","01 03 18 27 0F 00 18 00 2B 00 45 00 76 00 A8 00 F0 01 37 01 94 01 FA 02 6F 02 E8 42 C8"
"2026-08-23 00:23:00.735","01 04 00 56 00 03 50 1B"
"2026-08-23 00:23:00.747","01 04 06 03 9E 00 00 00 00 C9 7C"
"2026-08-23 00:23:01.226","01 05 23 34 00 00 87 80"
"2026-08-23 00:23:01.248","01 05 23 34 00 00 87 80"
"2026-08-23 00:23:02.236","01 10 0B 13 00 03 06 00 DD 00 70 00 F9 1F B4"
"2026-08-23 00:23:02.258","01 10 0B 13 00 03 73 E9"
"2026-08-23 00:23:02.269","01 03 04 B0 00 05 85 1E"
"2026-08-23 00:23:02.291","01 03 0A 00 00 00 00 00 00 00 00 00 00 24 B6"
"2026-08-23 00:23:02.729","01 01 00 19 00 03 AD CC"
"2026-08-23 00:23:02.740","01 01 01 00 51 88"
"2026-08-23 00:23:03.230","01 02 00 04 00 0C 39 CE"
"2026-08-23 00:23:03.241","01 02 02 01 00 B8 28"
"2026-08-23 00:23:03.631","01 06 04 EE 00 31 29 1B"
"2026-08-23 00:23:03.642","01 06 04 EE 00 31 29 1B"
"2026-08-23 00:23:03.735","01 03 04 EC 00 0C 85 0A"
"2026-08-23 00:23:03.767","01 03 18 27 0F 00 18 00 31 00 45 00 76 00 A8 00 F0 01 37 01 94 01 FA 02 6F 02 E8 1D D2"
"2026-08-23 00:23:04.236","01 04 00 56 00 03 50 1B"
"2026-08-23 00:23:04.247","01 04 06 01 8C 00 00 00 00 70 9D"
"2026-08-23 00:23:04.727","01 05 23 34 00 00 87 80"
"2026-08-23 00:23:04.749","01 05 23 34 00 00 87 80"
"2026-08-23 00:23:05.735","01 10 0B 13 00 03 06 00 CF 00 77 00 FD 17 B5"
"2026-08-23 00:23:05.757","01 10 0B 13 00 03 73 E9"
"2026-08-23 00:23:05.768","01 03 04 B0 00 05 85 1E"
"2026-08-23 00:23:05.789","01 03 0A 00 00 00 00 00 00 00 00 00 00 24 B6"
"2026-08-23 00:23:06.229","01 01 00 19 00 03 AD CC"
"2026-08-23 00:23:06.240","01 01 01 00 51 88"
"2026-08-23 00:23:06.731","01 02 00 04 00 0C 39 CE"
"2026-08-23 00:23:06.742","01 02 02 01 00 B8 28"
"2026-08-23 00:23:07.232","01 03 04 EC 00 0C 85 0A"
"2026-08-23 00:23:07.274","01 03 18 27 0F 00 18 00 31 00 45 00 76 00 A8 00 F0 01 37 01 94 01 FA 02 6F 02 E8 1D D2"
"2026-08-23 00:23:07.732","01 04 00 56 00 03 50 1B"
"2026-08-23 00:23:07.744","01 04 06 02 AF 00 00 00 00 B5 69"
"2026-08-23 00:23:08.233","01 05 23 34 00 00 87 80"
"2026-08-23 00:23:08.245","01 05 23 34 00 00 87 80"
"2026-08-23 00:23:09.242","01 10 0B 13 00 03 06 00 EB 00 68 00 F3 D7 B0"
"2026-08-23 00:23:09.254","01 10 0B 13 00 03 73 E9"
"2026-08-23 00:23:09.265","01 03 04 B0 00 05 85 1E"
"2026-08-23 00:23:09.286","01 03 0A 00 00 00 00 00 00 00 00 00 00 24 B6"
"2026-08-23 00:23:09.734","01 01 00 19 00 03 AD CC"
"2026-08-23 00:23:09.746","01 01 01 00 51 88"
"2026-08-23 00:23:10.235","01 02 00 04 00 0C 39 CE"
"2026-08-23 00:23:10.247","01 02 02 01 00 B8 28"
"2026-08-23 00:23:10.735","01 03 04 EC 00 0C 85 0A"
"2026-08-23 00:23:10.767","01 03 18 27 0F 00 18 00 31 00 45 00 76 00 A8 00 F0 01 37 01 94 01 FA 02 6F 02 E8 1D D2"
"2026-08-23 00:23:11.237","01 04 00 56 00 03 50 1B"
"2026-08-23 00:23:11.248","01 04 06 00 A4 00 00 00 00 11 4A"
"2026-08-23 00:23:12.235","01 06 01 41 00 0A 58 25"
"2026-08-23 00:23:12.247","01 06 01 41 00 0A 58 25"
"2026-08-23 00:23:12.736","01 10 0B 13 00 03 06 00 DC 00 69 00 FF 73 B1"
"2026-08-23 00:23:12.758","01 10 0B 13 00 03 73 E9"
"2026-08-23 00:23:12.770","01 03 04 B0 00 05 85 1E"
"2026-08-23 00:23:12.791","01 03 0A 00 00 00 00 00 00 00 00 00 00 24 B6"
"2026-08-23 00:23:12.802","01 06 04 EE 00 30 E8 DB"
"2026-08-23 00:23:12.814","01 06 04 EE 00 30 E8 DB"
"2026-08-23 00:23:13.232","01 01 00 19 00 03 AD CC"
"2026-08-23 00:23:13.243","01 01 01 00 51 88"
"2026-08-23 00:23:13.733","01 02 00 04 00 0C 39 CE"
"2026-08-23 00:23:13.745","01 02 02 01 00 B8 28"
"2026-08-23 00:23:14.235","01 03 04 EC 00 0C 85 0A"
"2026-08-23 00:23:14.267","01 03 18 27 0F 00 18 00 30 00 45 00 76 00 A8 00 F0 01 37 01 94 01 FA 02 6F 02 E8 20 2E"
"2026-08-23 00:23:14.736","01 04 00 56 00 03 50 1B"
"2026-08-23 00:23:14.748","01 04 06 00 A1 00 00 00 00 DD 4A"
"2026-08-23 00:23:15.236","01 05 23 34 00 00 87 80"
"2026-08-23 00:23:15.248","01 05 23 34 00 00 87 80"
"2026-08-23 00:23:16.244","01 10 0B 13 00 03 06 00 F9 00 64 00 FD 2E 74"
"2026-08-23 00:23:16.256","01 10 0B 13 00 03 73 E9"
"2026-08-23 00:23:16.267","01 03 04 B0 00 05 85 1E"
"2026-08-23 00:23:16.288","01 03 0A 00 00 00 00 00 00 00 00 00 00 24 B6"
"2026-08-23 00:23:16.737","01 01 00 19 00 03 AD CC"
"2026-08-23 00:23:16.748","01 01 01 00 51 88"
"2026-08-23 00:23:17.228","01 02 00 04 00 0C 39 CE"
"2026-08-23 00:23:17.239","01 02 02 00 00 B9 B8"
"2026-08-23 00:23:17.731","01 03 04 EC 00 0C 85 0A"
"2026-08-23 00:23:17.773","01 03 18 27 0F 00 18 00 30 00 45 00 76 00 A8 00 F0 01 37 01 94 01 FA 02 6F 02 E8 20 2E"
"2026-08-23 00:23:18.233","01 04 00 56 00 03 50 1B"
"2026-08-23 00:23:18.245","01 04 06 02 76 00 00 00 00 A8 BA"
"2026-08-23 00:23:18.736","01 05 23 34 00 00 87 80"
"2026-08-23 00:23:18.747","01 05 23 34 00 00 87 80"
"2026-08-23 00:23:19.735","01 10 0B 13 00 03 06 00 ED 00 67 00 F6 AF B0"
"2026-08-23 00:23:19.757","01 10 0B 13 00 03 73 E9"
"2026-08-23 00:23:19.768","01 03 04 B0 00 05 85 1E"
"2026-08-23 00:23:19.789","01 03 0A 00 00 00 00 00 00 00 00 00 00 24 B6"
"2026-08-23 00:23:20.228","01 01 00 19 00 03 AD CC"
"2026-08-23 00:23:20.239","01 01 01 00 51 88"
"2026-08-23 00:23:20.730","01 02 00 04 00 0C 39 CE"
"2026-08-23 00:23:20.741","01 02 02 00 00 B9 B8"
"2026-08-23 00:23:21.230","01 03 04 EC 00 0C 85 0A"
"2026-08-23 00:23:21.273","01 03 18 27 0F 00 18 00 30 00 45 00 76 00 A8 00 F0 01 37 01 94 01 FA 02 6F 02 E8 20 2E"
"2026-08-23 00:23:21.731","01 04 00 56 00 03 50 1B"
"2026-08-23 00:23:21.752","01 04 06 01 2B 00 00 00 00 45 44"
"2026-08-23 00:23:23.236","01 10 0B 13 00 03 06 00 D5 00 71 00 FF 2F B7"
"2026-08-23 00:23:23.258","01 10 0B 13 00 03 73 E9"
"2026-08-23 00:23:23.269","01 03 04 B0 00 05 85 1E"
"2026-08-23 00:23:23.290","01 03 0A 00 00 00 00 00 00 00 00 00 00 24 B6"
"2026-08-23 00:23:23.728","01 01 00 19 00 03 AD CC"
"2026-08-23 00:23:23.740","01 01 01 00 51 88"
"2026-08-23 00:23:24.228","01 02 00 04 00 0C 39 CE"
"2026-08-23 00:23:24.240","01 02 02 01 00 B8 28"
"2026-08-23 00:23:24.729","01 03 04 EC 00 0C 85 0A"
"2026-08-23 00:23:24.772","01 03 18 27 0F 00 18 00 30 00 45 00 76 00 A8 00 F0 01 37 01 94 01 FA 02 6F 02 E8 20 2E"
"2026-08-23 00:23:25.149","01 06 04 F6 02 70 68 4C"
"2026-08-23 00:23:25.160","01 06 04 F6 02 70 68 4C"
"2026-08-23 00:23:25.232","01 04 00 56 00 03 50 1B"
"2026-08-23 00:23:25.254","01 04 06 02 29 00 00 00 00 3C B7"
"2026-08-23 00:23:25.732","01 05 23 34 00 00 87 80"
"2026-08-23 00:23:25.744","01 05 23 34 00 00 87 80"
"2026-08-23 00:23:26.741","01 10 0B 13 00 03 06 00 F3 00 66 01 00 D7 A4"
"2026-08-23 00:23:26.752","01 10 0B 13 00 03 73 E9"
"2026-08-23 00:23:26.763","01 03 04 B0 00 05 85 1E"
"2026-08-23 00:23:26.785","01 03 0A 00 00 00 00 00 00 00 00 00 00 24 B6"
"2026-08-23 00:23:27.232","01 01 00 19 00 03 AD CC"
"2026-08-23 00:23:27.244","01 01 01 00 51 88"
"2026-08-23 00:23:27.732","01 02 00 04 00 0C 39 CE"
"2026-08-23 00:23:27.744","01 02 02 01 00 B8 28"
"2026-08-23 00:23:28.233","01 03 04 EC 00 0C 85 0A"
"2026-08-23 00:23:28.265","01 03 18 27 0F 00 18 00 30 00 45 00 76 00 A8 00 F0 01 37 01 94 01 FA 02 70 02 E8 11 E8"
"2026-08-23 00:23:28.734","01 04 00 56 00 03 50 1B"
"2026-08-23 00:23:28.746","01 04 06 03 12 00 00 00 00 D8 A3"
"2026-08-23 00:23:29.234","01 05 23 34 FF 00 C6 70"
"2026-08-23 00:23:29.246","01 05 23 34 FF 00 C6 70"
"2026-08-23 00:23:30.242","01 10 0B 13 00 03 06 00 E7 00 74 00 F6 C6 74"
"2026-08-23 00:23:30.253","01 10 0B 13 00 03 73 E9"
"2026-08-23 00:23:30.265","01 03 04 B0 00 05 85 1E"
"2026-08-23 00:23:30.286","01 03 0A 00 00 00 00 00 00 00 00 00 00 24 B6"
"2026-08-23 00:23:30.734","01 01 00 19 00 03 AD CC"
"2026-08-23 00:23:30.746","01 01 01 00 51 88"
"2026-08-23 00:23:31.234","01 02 00 04 00 0C 39 CE"
"2026-08-23 00:23:31.246","01 02 02 00 00 B9 B8"
"2026-08-23 00:23:31.440","01 06 04 F0 00 70 89 2D"
"2026-08-23 00:23:31.452","01 06 04 F0 00 70 89 2D"
"2026-08-23 00:23:31.729","01 03 04 EC 00 0C 85 0A"
"2026-08-23 00:23:31.771","01 03 18 27 0F 00 18 00 30 00 45 00 70 00 A8 00 F0 01 37 01 94 01 FA 02 70 02 E8 97 EA"
"2026-08-23 00:23:32.230","01 04 00 56 00 03 50 1B"
"2026-08-23 00:23:32.252","01 04 06 01 20 00 00 00 00 E0 85"
"2026-08-23 00:23:32.731","01 05 23 34 00 00 87 80"
"2026-08-23 00:23:32.742","01 05 23 34 00 00 87 80"
"2026-08-23 00:23:33.738","01 10 0B 13 00 03 06 00 CB 00 76 00 F5 B6 73"
"2026-08-23 00:23:33.750","01 10 0B 13 00 03 73 E9"
"2026-08-23 00:23:33.771","01 03 04 B0 00 05 85 1E"
"2026-08-23 00:23:33.793","01 03 0A 00 00 00 00 00 00 00 00 00 00 24 B6"
"2026-08-23 00:23:34.231","01 01 00 19 00 03 AD CC"
"2026-08-23 00:23:34.243","01 01 01 00 51 88"
"2026-08-23 00:23:34.733","01 02 00 04 00 0C 39 CE"
"2026-08-23 00:23:34.744","01 02 02 01 00 B8 28"
"2026-08-23 00:23:35.233","01 03 04 EC 00 0C 85 0A"
"2026-08-23 00:23:35.276","01 03 18 27 0F 00 18 00 30 00 45 00 70 00 A8 00 F0 01 37 01 94 01 FA 02 70 02 E8 97 EA"
"2026-08-23 00:23:35.734","01 04 00 56 00 03 50 1B"
"2026-08-23 00:23:35.745","01 04 06 02 41 00 00 00 00 5D 7E"
"2026-08-23 00:23:37.240","01 10 0B 13 00 03 06 00 F6 00 70 00 FD 3A 71"
"2026-08-23 00:23:37.252","01 10 0B 13 00 03 73 E9"
"2026-08-23 00:23:37.263","01 03 04 B0 00 05 85 1E"
"2026-08-23 00:23:37.285","01 03 0A 00 00 00 00 00 00 00 00 00 00 24 B6"
"2026-08-23 00:23:37.357","01 06 04 FC 06 19 8A A0"
"2026-08-23 00:23:37.368","01 06 04 FC 06 19 8A A0"
"2026-08-23 00:23:37.735","01 01 00 19 00 03 AD CC"
"2026-08-23 00:23:37.746","01 01 01 00 51 88"
"2026-08-23 00:23:38.235","01 02 00 04 00 0C 39 CE"
"2026-08-23 00:23:38.247","01 02 02 00 00 B9 B8"
"2026-08-23 00:23:38.737","01 03 04 EC 00 0C 85 0A"
"2026-08-23 00:23:38.770","01 03 18 27 0F 00 18 00 30 00 45 00 70 00 A8 00 F0 01 37 01 94 01 FA 02 70 02 E8 97 EA"
"2026-08-23 00:23:39.228","01 04 00 56 00 03 50 1B"
"2026-08-23 00:23:39.250","01 04 06 01 18 00 00 00 00 41 40"
"2026-08-23 00:23:40.745","01 10 0B 13 00 03 06 00 F4 00 71 01 01 13 A0"
"2026-08-23 00:23:40.757","01 10 0B 13 00 03 73 E9"
"2026-08-23 00:23:40.768","01 03 04 B0 00 05 85 1E"
"2026-08-23 00:23:40.789","01 03 0A 00 00 00 00 00 00 00 00 00 00 24 B6"
"2026-08-23 00:23:41.227","01 01 00 19 00 03 AD CC"
"2026-08-23 00:23:41.239","01 01 01 00 51 88"
"2026-08-23 00:23:41.728","01 02 00 04 00 0C 39 CE"
"2026-08-23 00:23:41.749","01 02 02 01 00 B8 28"
"2026-08-23 00:23:42.238","01 03 04 EC 00 0C 85 0A"
"2026-08-23 00:23:42.270","01 03 18 27 0F 00 18 00 30 00 45 00 70 00 A8 00 F0 01 37 01 94 01 FA 02 70 02 E8 97 EA"
"2026-08-23 00:23:42.728","01 04 00 56 00 03 50 1B"
"2026-08-23 00:23:42.750","01 04 06 00 BD 00 00 00 00 0C 88"
"2026-08-23 00:23:43.229","01 05 23 34 FF 00 C6 70"
"2026-08-23 00:23:43.251","01 05 23 34 FF 00 C6 70"
"2026-08-23 00:23:44.237","01 10 0B 13 00 03 06 00 F9 00 6F 00 FE 1F B7"
"2026-08-23 00:23:44.249","01 10 0B 13 00 03 73 E9"
"2026-08-23 00:23:44.270","01 03 04 B0 00 05 85 1E"
"2026-08-23 00:23:44.292","01 03 0A 00 00 00 00 00 00 00 00 00 00 24 B6"
"2026-08-23 00:23:44.679","01 06 04 F6 02 67 28 42"
"2026-08-23 00:23:44.690","01 06 04 F6 02 67 28 42"
"2026-08-23 00:23:44.732","01 01 00 19 00 03 AD CC"
"2026-08-23 00:23:44.744","01 01 01 00 51 88"
"2026-08-23 00:23:45.232","01 02 00 04 00 0C 39 CE"
"2026-08-23 00:23:45.244","01 02 02 00 00 B9 B8"
"2026-08-23 00:23:45.732","01 03 04 EC 00 0C 85 0A"
"2026-08-23 00:23:45.775","01 03 18 27 0F 00 18 00 30 00 45 00 70 00 A8 00 F0 01 37 01 94 01 FA 02 67 02 E8 27 EE"
"2026-08-23 00:23:46.234","01 04 00 56 00 03 50 1B"
"2026-08-23 00:23:46.246","01 04 06 03 10 00 00 00 00 A1 63"
"2026-08-23 00:23:47.741","01 10 0B 13 00 03 06 00 DF 00 77 00 F0 17 B3"
"2026-08-23 00:23:47.752","01 10 0B 13 00 03 73 E9"
"2026-08-23 00:23:47.763","01 03 04 B0 00 05 85 1E"
"2026-08-23 00:23:47.784","01 03 0A 00 00 00 00 00 00 00 00 00 00 24 B6"
"2026-08-23 00:23:48.234","01 01 00 19 00 03 AD CC"
"2026-08-23 00:23:48.245","01 01 01 00 51 88"
"2026-08-23 00:23:48.734","01 02 00 04 00 0C 39 CE"
"2026-08-23 00:23:48.746","01 02 02 00 00 B9 B8"
"2026-08-23 00:23:49.235","01 03 04 EC 00 0C 85 0A"
"2026-08-23 00:23:49.268","01 03 18 27 0F 00 18 00 30 00 45 00 70 00 A8 00 F0 01 37 01 94 01 FA 02 67 02 E8 27 EE"
"2026-08-23 00:23:49.736","01 04 00 56 00 03 50 1B"
"2026-08-23 00:23:49.748","01 04 06 00 6C 00 00 00 00 F0 9A"
"2026-08-23 00:23:50.227","01 05 23 34 00 00 87 80"
"2026-08-23 00:23:50.249","01 05 23 34 00 00 87 80"
"2026-08-23 00:23:51.237","01 10 0B 13 00 03 06 00 D9 00 68 00 FD 6F B0"
"2026-08-23 00:23:51.259","01 10 0B 13 00 03 73 E9"
"2026-08-23 00:23:51.270","01 03 04 B0 00 05 85 1E"
"2026-08-23 00:23:51.292","01 03 0A 00 00 00 00 00 00 00 00 00 00 24 B6"
"2026-08-23 00:23:51.731","01 01 00 19 00 03 AD CC"
"2026-08-23 00:23:51.742","01 01 01 00 51 88"
"2026-08-23 00:23:52.233","01 02 00 04 00 0C 39 CE"
"2026-08-23 00:23:52.245","01 02 02 01 00 B8 28"
"2026-08-23 00:23:52.734","01 03 04 EC 00 0C 85 0A"
"2026-08-23 00:23:52.767","01 03 18 27 0F 00 18 00 30 00 45 00 70 00 A8 00 F0 01 37 01 94 01 FA 02 67 02 E8 27 EE"
"2026-08-23 00:23:53.236","01 04 00 56 00 03 50 1B"
"2026-08-23 00:23:53.248","01 04 06 00 D9 00 00 00 00 7D 40"
"2026-08-23 00:23:53.728","01 05 23 34 00 00 87 80"
"2026-08-23 00:23:53.749","01 05 23 34 00 00 87 80"
"2026-08-23 00:23:54.737","01 10 0B 13 00 03 06 00 DA 00 64 01 02 AA 63"
"2026-08-23 00:23:54.758","01 10 0B 13 00 03 73 E9"
"2026-08-23 00:23:54.770","01 03 04 B0 00 05 85 1E"
"2026-08-23 00:23:54.791","01 03 0A 00 00 00 00 00 00 00 00 00 00 24 B6"
"2026-08-23 00:23:55.229","01 01 00 19 00 03 AD CC"
"2026-08-23 00:23:55.240","01 01 01 00 51 88"
"2026-08-23 00:23:55.729","01 02 00 04 00 0C 39 CE"
"2026-08-23 00:23:55.740","01 02 02 00 00 B9 B8"
"2026-08-23 00:23:56.229","01 03 04 EC 00 0C 85 0A"
"2026-08-23 00:23:56.272","01 03 18 27 0F 00 18 00 30 00 45 00 70 00 A8 00 F0 01 37 01 94 01 FA 02 67 02 E8 27 EE"
"2026-08-23 00:23:56.730","01 04 00 56 00 03 50 1B"
"2026-08-23 00:23:56.752","01 04 06 02 68 00 00 00 00 00 B8"
"2026-08-23 00:23:56.946","01 06 04 F5 01 FE 18 D8"
"2026-08-23 00:23:56.958","01 06 04 F5 01 FE 18 D8"
"2026-08-23 00:23:58.239","01 10 0B 13 00 03 06 00 CB 00 6A 00 F7 F6 74"
"2026-08-23 00:23:58.250","01 10 0B 13 00 03 73 E9"
"2026-08-23 00:23:58.271","01 03 04 B0 00 05 85 1E"
"2026-08-23 00:23:58.293","01 03 0A 00 00 00 00 00 00 00 00 00 00 24 B6"
"2026-08-23 00:23:58.731","01 01 00 19 00 03 AD CC"
"2026-08-23 00:23:58.743","01 01 01 00 51 88"
"2026-08-23 00:23:59.231","01 02 00 04 00 0C 39 CE"
"2026-08-23 00:23:59.243","01 02 02 01 00 B8 28"
"2026-08-23 00:23:59.732","01 03 04 EC 00 0C 85 0A"
"2026-08-23 00:23:59.774","01 03 18 27 0F 00 18 00 30 00 45 00 70 00 A8 00 F0 01 37 01 94 01 FE 02 67 02 E8 D6 2E"
"2026-08-23 00:24:00.232","01 04 00 56 00 03 50 1B"
"2026-08-23 00:24:00.254","01 04 06 01 0F 00 00 00 00 35 43"
"2026-08-23 00:24:00.733","01 05 23 34 00 00 87 80"
"2026-08-23 00:24:00.745","01 05 23 34 00 00 87 80"
"2026-08-23 00:24:01.234","01 06 01 41 00 16 59 EC"
"2026-08-23 00:24:01.245","01 06 01 41 00 16 59 EC"
"2026-08-23 00:24:01.744","01 10 0B 13 00 03 06 00 CD 00 77 00 FE 2E 74"
"2026-08-23 00:24:01.756","01 10 0B 13 00 03 73 E9"
"2026-08-23 00:24:01.767","01 03 04 B0 00 05 85 1E"
"2026-08-23 00:24:01.788","01 03 0A 00 00 00 00 00 00 00 00 00 00 24 B6"
"2026-08-23 00:24:02.236","01 01 00 19 00 03 AD CC"
"2026-08-23 00:24:02.248","01 01 01 00 51 88"
"2026-08-23 00:24:02.738","01 02 00 04 00 0C 39 CE"
"2026-08-23 00:24:02.749","01 02 02 00 00 B9 B8"
"2026-08-23 00:24:03.228","01 03 04 EC 00 0C 85 0A"
"2026-08-23 00:24:03.271","01 03 18 27 0F 00 18 00 30 00 45 00 70 00 A8 00 F0 01 37 01 94 01 FE 02 67 02 E8 D6 2E"
"2026-08-23 00:24:03.729","01 04 00 56 00 03 50 1B"
"2026-08-23 00:24:03.751","01 04 06 00 77 00 00 00 00 94 98"
"2026-08-23 00:24:04.737","01 06 01 41 00 25 19 F9"
"2026-08-23 00:24:04.749","01 06 01 41 00 25 19 F9"
"2026-08-23 00:24:05.238","01 10 0B 13 00 03 06 00 C9 00 69 00 F0 3E 76"
"2026-08-23 00:24:05.250","01 10 0B 13 00 03 73 E9"
"2026-08-23 00:24:05.271","01 03 04 B0 00 05 85 1E"
"2026-08-23 00:24:05.292","01 03 0A 00 00 00 00 00 00 00 00 00 00 24 B6"
"2026-08-23 00:24:05.730","01 01 00 19 00 03 AD CC"
"2026-08-23 00:24:05.742","01 01 01 00 51 88"
"2026-08-23 00:24:06.231","01 02 00 04 00 0C 39 CE"
"2026-08-23 00:24:06.243","01 02 02 00 00 B9 B8"
"2026-08-23 00:24:06.732","01 03 04 EC 00 0C 85 0A"
"2026-08-23 00:24:06.774","01 03 18 27 0F 00 18 00 30 00 45 00 70 00 A8 00 F0 01 37 01 94 01 FE 02 67 02 E8 D6 2E"
"2026-08-23 00:24:07.233","01 04 00 56 00 03 50 1B"
"2026-08-23 00:24:07.255","01 04 06 01 CD 00 00 00 00 4C 92"
"2026-08-23 00:24:07.733","01 05 23 34 00 00 87 80"
"2026-08-23 00:24:07.745","01 05 23 34 00 00 87 80"
"2026-08-23 00:24:08.743","01 10 0B 13 00 03 06 00 CC 00 76 00 FA 43 B7"
"2026-08-23 00:24:08.754","01 10 0B 13 00 03 73 E9"
"2026-08-23 00:24:08.765","01 03 04 B0 00 05 85 1E"
"2026-08-23 00:24:08.787","01 03 0A 00 00 00 00 00 00 00 00 00 00 24 B6"
"2026-08-23 00:24:09.235","01 01 00 19 00 03 AD CC"
"2026-08-23 00:24:09.247","01 01 01 00 51 88"
"2026-08-23 00:24:09.737","01 02 00 04 00 0C 39 CE"
"2026-08-23 00:24:09.749","01 02 02 00 00 B9 B8"
"2026-08-23 00:24:10.229","01 03 04 EC 00 0C 85 0A"
"2026-08-23 00:24:10.271","01 03 18 27 0F 00 18 00 30 00 45 00 70 00 A8 00 F0 01 37 01 94 01 FE 02 67 02 E8 D6 2E"
"2026-08-23 00:24:10.730","01 04 00 56 00 03 50 1B"
"2026-08-23 00:24:10.752","01 04 06 01 BB 00 00 00 00 85 59"
"2026-08-23 00:24:10.947","01 06 04 EF 00 4E 39 3B"
"2026-08-23 00:24:10.958","01 06 04 EF 00 4E 39 3B"
"2026-08-23 00:24:12.240","01 10 0B 13 00 03 06 00 F1 00 77 00 F3 BF B4"
"2026-08-23 00:24:12.251","01 10 0B 13 00 03 73 E9"
"2026-08-23 00:24:12.272","01 03 04 B0 00 05 85 1E"
"2026-08-23 00:24:12.294","01 03 0A 00 00 00 00 00 00 00 00 00 00 24 B6"
"2026-08-23 00:24:12.733","01 01 00 19 00 03 AD CC"
"2026-08-23 00:24:12.744","01 01 01 00 51 88"
"2026-08-23 00:24:13.234","01 02 00 04 00 0C 39 CE"
"2026-08-23 00:24:13.246","01 02 02 01 00 B8 28"
"2026-08-23 00:24:13.735","01 03 04 EC 00 0C 85 0A"
"2026-08-23 00:24:13.767","01 03 18 27 0F 00 18 00 30 00 4E 00 70 00 A8 00 F0 01 37 01 94 01 FE 02 67 02 E8 A1 1C"
"2026-08-23 00:24:14.236","01 04 00 56 00 03 50 1B"
"2026-08-23 00:24:14.247","01 04 06 01 D2 00 00 00 00 D9 50"
"2026-08-23 00:24:15.235","01 06 01 41 00 10 D9 EE"
"2026-08-23 00:24:15.246","01 06 01 41 00 10 D9 EE"
"2026-08-23 00:24:15.746","01 10 0B 13 00 03 06 00 D6 00 76 00 F1 5B B2"
"2026-08-23 00:24:15.757","01 10 0B 13 00 03 73 E9"
"2026-08-23 00:24:15.768","01 03 04 B0 00 05 85 1E"
"2026-08-23 00:24:15.790","01 03 0A 00 00 00 00 00 00 00 00 00 00 24 B6"
"2026-08-23 00:24:16.238","01 01 00 19 00 03 AD CC"
"2026-08-23 00:24:16.249","01 01 01 00 51 88"
"2026-08-23 00:24:16.729","01 02 00 04 00 0C 39 CE"
"2026-08-23 00:24:16.751","01 02 02 01 00 B8 28"
"2026-08-23 00:24:17.230","01 03 04 EC 00 0C 85 0A"
"2026-08-23 00:24:17.272","01 03 18 27 0F 00 18 00 30 00 4E 00 70 00 A8 00 F0 01 37 01 94 01 FE 02 67 02 E8 A1 1C"
"2026-08-23 00:24:17.731","01 04 00 56 00 03 50 1B"
"2026-08-23 00:24:17.753","01 04 06 01 5D 00 00 00 00 8C 8F"
"2026-08-23 00:24:18.232","01 05 23 34 FF 00 C6 70"
"2026-08-23 00:24:18.244","01 05 23 34 FF 00 C6 70"
"2026-08-23 00:24:19.241","01 10 0B 13 00 03 06 00 E7 00 6E 01 01 A7 A5"
"2026-08-23 00:24:19.252","01 10 0B 13 00 03 73 E9"
"2026-08-23 00:24:19.264","01 03 04 B0 00 05 85 1E"
"2026-08-23 00:24:19.285","01 03 0A 00 00 00 00 00 00 00 00 00 00 24 B6"
"2026-08-23 00:24:19.733","01 01 00 19 00 03 AD CC"
"2026-08-23 00:24:19.744","01 01 01 00 51 88"
"2026-08-23 00:24:20.233","01 02 00 04 00 0C 39 CE"
"2026-08-23 00:24:20.245","01 02 02 01 00 B8 28"
"2026-08-23 00:24:20.734","01 03 04 EC 00 0C 85 0A"
"2026-08-23 00:24:20.776","01 03 18 27 0F 00 18 00 30 00 4E 00 70 00 A8 00 F0 01 37 01 94 01 FE 02 67 02 E8 A1 1C"
"2026-08-23 00:24:21.235","01 04 00 56 00 03 50 1B"
"2026-08-23 00:24:21.246","01 04 06 02 CB 00 00 00 00 C4 A1"
"2026-08-23 00:24:22.741","01 10 0B 13 00 03 06 00 D4 00 72 00 F6 22 71"
"2026-08-23 00:24:22.752","01 10 0B 13 00 03 73 E9"
"2026-08-23 00:24:22.764","01 03 04 B0 00 05 85 1E"
"2026-08-23 00:24:22.785","01 03 0A 00 00 00 00 00 00 00 00 00 00 24 B6"
"2026-08-23 00:24:23.233","01 01 00 19 00 03 AD CC"
"2026-08-23 00:24:23.245","01 01 01 00 51 88"
"2026-08-23 00:24:23.734","01 02 00 04 00 0C 39 CE"
"2026-08-23 00:24:23.746","01 02 02 00 00 B9 B8"
"2026-08-23 00:24:24.236","01 03 04 EC 00 0C 85 0A"
"2026-08-23 00:24:24.268","01 03 18 27 0F 00 18 00 30 00 4E 00 70 00 A8 00 F0 01 37 01 94 01 FE 02 67 02 E8 A1 1C"
"2026-08-23 00:24:24.737","01 04 00 56 00 03 50 1B"
"2026-08-23 00:24:24.749","01 04 06 02 C3 00 00 00 00 25 60"
"2026-08-23 00:24:25.238","01 05 23 34 00 00 87 80"
"2026-08-23 00:24:25.250","01 05 23 34 00 00 87 80"
"2026-08-23 00:24:25.678","01 06 04 F9 04 06 DA 09"
"2026-08-23 00:24:25.690","01 06 04 F9 04 06 DA 09"
"2026-08-23 00:24:26.240","01 10 0B 13 00 03 06 00 F7 00 73 00 F4 37 B7"
"2026-08-23 00:24:26.251","01 10 0B 13 00 03 73 E9"
"2026-08-23 00:24:26.273","01 03 04 B0 00 05 85 1E"
"2026-08-23 00:24:26.294","01 03 0A 00 00 00 00 00 00 00 00 00 00 24 B6"
"2026-08-23 00:24:26.732","01 01 00 19 00 03 AD CC"
"2026-08-23 00:24:26.743","01 01 01 00 51 88"
"2026-08-23 00:24:27.232","01 02 00 04 00 0C 39 CE"
"2026-08-23 00:24:27.244","01 02 02 01 00 B8 28"
"2026-08-23 00:24:27.732","01 03 04 EC 00 0C 85 0A"
"2026-08-23 00:24:27.774","01 03 18 27 0F 00 18 00 30 00 4E 00 70 00 A8 00 F0 01 37 01 94 01 FE 02 67 02 E8 A1 1C"
"2026-08-23 00:24:28.233","01 04 00 56 00 03 50 1B"
"2026-08-23 00:24:28.254","01 04 06 01 D8 00 00 00 00 41 51"
"2026-08-23 00:24:29.739","01 10 0B 13 00 03 06 00 F2 00 65 00 F5 DB B3"
"2026-08-23 00:24:29.751","01 10 0B 13 00 03 73 E9"
"2026-08-23 00:24:29.772","01 03 04 B0 00 05 85 1E"
"2026-08-23 00:24:29.794","01 03 0A 00 00 00 00 00 00 00 00 00 00 24 B6"
"2026-08-23 00:24:30.232","01 01 00 19 00 03 AD CC"
"2026-08-23 00:24:30.244","01 01 01 00 51 88"
"2026-08-23 00:24:30.733","01 02 00 04 00 0C 39 CE"
"2026-08-23 00:24:30.745","01 02 02 00 00 B9 B8"
"2026-08-23 00:24:31.234","01 03 04 EC 00 0C 85 0A"
"2026-08-23 00:24:31.276","01 03 18 27 0F 00 18 00 30 00 4E 00 70 00 A8 00 F0 01 37 01 94 01 FE 02 67 02 E8 A1 1C"
"2026-08-23 00:24:31.735","01 04 00 56 00 03 50 1B"
"2026-08-23 00:24:31.746","01 04 06 02 20 00 00 00 00 E0 B6"
"2026-08-23 00:24:33.241","01 10 0B 13 00 03 06 00 D4 00 76 00 F4 E2 71"
"2026-08-23 00:24:33.253","01 10 0B 13 00 03 73 E9"
"2026-08-23 00:24:33.264","01 03 04 B0 00 05 85 1E"
"2026-08-23 00:24:33.285","01 03 0A 00 00 00 00 00 00 00 00 00 00 24 B6"
"2026-08-23 00:24:33.734","01 01 00 19 00 03 AD CC"
"2026-08-23 00:24:33.746","01 01 01 00 51 88"
"2026-08-23 00:24:34.236","01 02 00 04 00 0C 39 CE"
"2026-08-23 00:24:34.248","01 02 02 01 00 B8 28"
"2026-08-23 00:24:34.421","01 06 04 FB 05 5F BA 63"
"2026-08-23 00:24:34.433","01 06 04 FB 05 5F BA 63"
"2026-08-23 00:24:34.729","01 03 04 EC 00 0C 85 0A"
"2026-08-23 00:24:34.772","01 03 18 27 0F 00 18 00 30 00 4E 00 70 00 A8 00 F0 01 37 01 94 01 FE 02 67 02 E8 A1 1C"
"2026-08-23 00:24:35.233","01 04 00 56 00 03 50 1B"
"2026-08-23 00:24:35.255","01 04 06 01 2B 00 00 00 00 45 44"
"2026-08-23 00:24:36.739","01 10 0B 13 00 03 06 00 EC 00 76 00 F5 82 74"
"2026-08-23 00:24:36.751","01 10 0B 13 00 03 73 E9"
"2026-08-23 00:24:36.772","01 03 04 B0 00 05 85 1E"
"2026-08-23 00:24:36.794","01 03 0A 00 00 00 00 00 00 00 00 00 00 24 B6"
"2026-08-23 00:24:37.232","01 01 00 19 00 03 AD CC"
"2026-08-23 00:24:37.243","01 01 01 00 51 88"
"2026-08-23 00:24:37.733","01 02 00 04 00 0C 39 CE"
"2026-08-23 00:24:37.745","01 02 02 01 00 B8 28"
"2026-08-23 00:24:38.235","01 03 04 EC 00 0C 85 0A"
"2026-08-23 00:24:38.267","01 03 18 27 0F 00 18 00 30 00 4E 00 70 00 A8 00 F0 01 37 01 94 01 FE 02 67 02 E8 A1 1C"
"2026-08-23 00:24:38.736","01 04 00 56 00 03 50 1B"
"2026-08-23 00:24:38.747","01 04 06 00 C3 00 00 00 00 24 82"
"2026-08-23 00:24:40.244","01 10 0B 13 00 03 06 00 D1 00 65 00 F0 DE 77"
"2026-08-23 00:24:40.255","01 10 0B 13 00 03 73 E9"
"2026-08-23 00:24:40.267","01 03 04 B0 00 05 85 1E"
"2026-08-23 00:24:40.288","01 03 0A 00 00 00 00 00 00 00 00 00 00 24 B6"
"2026-08-23 00:24:40.730","01 01 00 19 00 03 AD CC"
"2026-08-23 00:24:40.741","01 01 01 00 51 88"
"2026-08-23 00:24:41.231","01 02 00 04 00 0C 39 CE"
"2026-08-23 00:24:41.242","01 02 02 01 00 B8 28"
"2026-08-23 00:24:41.732","01 03 04 EC 00 0C 85 0A"
"2026-08-23 00:24:41.775","01 03 18 27 0F 00 18 00 30 00 4E 00 70 00 A8 00 F0 01 37 01 94 01 FE 02 67 02 E8 A1 1C"
"2026-08-23 00:24:42.234","01 04 00 56 00 03 50 1B"
"2026-08-23 00:24:42.246","01 04 06 00 72 00 00 00 00 58 98"
"2026-08-23 00:24:42.735","01 05 23 34 00 00 87 80"
"2026-08-23 00:24:42.746","01 05 23 34 00 00 87 80"
"2026-08-23 00:24:43.237","01 06 01 41 00 22 58 3B"
"2026-08-23 00:24:43.253","01 06 01 41 00 22 58 3B"
"2026-08-23 00:24:43.739","01 10 0B 13 00 03 06 00 E1 00 6F 00 F1 7F B1"
"2026-08-23 00:24:43.750","01 10 0B 13 00 03 73 E9"
"2026-08-23 00:24:43.772","01 03 04 B0 00 05 85 1E"
"2026-08-23 00:24:43.793","01 03 0A 00 00 00 00 00 00 00 00 00 00 24 B6"
"2026-08-23 00:24:44.231","01 01 00 19 00 03 AD CC"
"2026-08-23 00:24:44.243","01 01 01 00 51 88"
"2026-08-23 00:24:44.732","01 02 00 04 00 0C 39 CE"
"2026-08-23 00:24:44.743","01 02 02 01 00 B8 28"
"2026-08-23 00:24:45.232","01 03 04 EC 00 0C 85 0A"
"2026-08-23 00:24:45.274","01 03 18 27 0F 00 18 00 30 00 4E 00 70 00 A8 00 F0 01 37 01 94 01 FE 02 67 02 E8 A1 1C"
"2026-08-23 00:24:45.733","01 04 00 56 00 03 50 1B"
"2026-08-23 00:24:45.755","01 04 06 01 42 00 00 00 00 19 4D"
"2026-08-23 00:24:47.239","01 10 0B 13 00 03 06 00 D8 00 76 00 FE 72 77"
"2026-08-23 00:24:47.251","01 10 0B 13 00 03 73 E9"
"2026-08-23 00:24:47.272","01 03 04 B0 00 05 85 1E"
"2026-08-23 00:24:47.294","01 03 0A 00 00 00 00 00 00 00 00 00 00 24 B6"
"2026-08-23 00:24:47.731","01 01 00 19 00 03 AD CC"
"2026-08-23 00:24:47.743","01 01 01 00 51 88"
"2026-08-23 00:24:48.232","01 02 00 04 00 0C 39 CE"
"2026-08-23 00:24:48.243","01 02 02 00 00 B9 B8"
"2026-08-23 00:24:48.733","01 03 04 EC 00 0C 85 0A"
"2026-08-23 00:24:48.775","01 03 18 27 0F 00 18 00 30 00 4E 00 70 00 A8 00 F0 01 37 01 94 01 FE 02 67 02 E8 A1 1C"
"2026-08-23 00:24:48.888","01 06 04 F1 00 AF 99 75"
"2026-08-23 00:24:48.900","01 06 04 F1 00 AF 99 75"
"2026-08-23 00:24:49.236","01 04 00 56 00 03 50 1B"
"2026-08-23 00:24:49.248","01 04 06 01 B3 00 00 00 00 64 98"
"2026-08-23 00:24:49.737","01 05 23 34 FF 00 C6 70"
"2026-08-23 00:24:49.748","01 05 23 34 FF 00 C6 70"
"2026-08-23 00:24:50.238","01 06 01 41 00 1E 58 2A"
"2026-08-23 00:24:50.249","01 06 01 41 00 1E 58 2A"
"2026-08-23 00:24:50.739","01 10 0B 13 00 03 06 00 F0 00 72 01 00 D3 A0"
"2026-08-23 00:24:50.750","01 10 0B 13 00 03 73 E9"
"2026-08-23 00:24:50.772","01 03 04 B0 00 05 85 1E"
"2026-08-23 00:24:50.793","01 03 0A 00 00 00 00 00 00 00 00 00 00 24 B6"
"2026-08-23 00:24:51.232","01 01 00 19 00 03 AD CC"
"2026-08-23 00:24:51.243","01 01 01 00 51 88"
"2026-08-23 00:24:51.732","01 02 00 04 00 0C 39 CE"
"2026-08-23 00:24:51.744","01 02 02 00 00 B9 B8"
"2026-08-23 00:24:52.233","01 03 04 EC 00 0C 85 0A"
"2026-08-23 00:24:52.275","01 03 18 27 0F 00 18 00 30 00 4E 00 70 00 AF 00 F0 01 37 01 94 01 FE 02 67 02 E8 AA 5B"
"2026-08-23 00:24:52.735","01 04 00 56 00 03 50 1B"
"2026-08-23 00:24:52.747","01 04 06 03 46 00 00 00 00 E9 6F"
"2026-08-23 00:24:54.243","01 10 0B 13 00 03 06 00 DC 00 76 00 F2 83 B2"
"2026-08-23 00:24:54.254","01 10 0B 13 00 03 73 E9"
"2026-08-23 00:24:54.265","01 03 04 B0 00 05 85 1E"
"2026-08-23 00:24:54.287","01 03 0A 00 00 00 00 00 00 00 00 00 00 24 B6"
"2026-08-23 00:24:54.735","01 01 00 19 00 03 AD CC"
"2026-08-23 00:24:54.746","01 01 01 00 51 88"
"2026-08-23 00:24:55.235","01 02 00 04 00 0C 39 CE"
"2026-08-23 00:24:55.247","01 02 02 00 00 B9 B8"
"2026-08-23 00:24:55.735","01 03 04 EC 00 0C 85 0A"
"2026-08-23 00:24:55.777","01 03 18 27 0F 00 18 00 30 00 4E 00 70 00 AF 00 F0 01 37 01 94 01 FE 02 67 02 E8 AA 5B"
"2026-08-23 00:24:56.236","01 04 00 56 00 03 50 1B"
"2026-08-23 00:24:56.248","01 04 06 02 67 00 00 00 00 54 B9"
"2026-08-23 00:24:56.738","01 05 23 34 FF 00 C6 70"
"2026-08-23 00:24:56.749","01 05 23 34 FF 00 C6 70"
"2026-08-23 00:24:57.745","01 10 0B 13 00 03 06 00 EB 00 77 00 F6 26 75"
"2026-08-23 00:24:57.757","01 10 0B 13 00 03 73 E9"
"2026-08-23 00:24:57.768","01 03 04 B0 00 05 85 1E"
"2026-08-23 00:24:57.789","01 03 0A 00 00 00 00 00 00 00 00 00 00 24 B6"
"2026-08-23 00:24:58.238","01 01 00 19 00 03 AD CC"
"2026-08-23 00:24:58.249","01 01 01 00 51 88"
"2026-08-23 00:24:58.738","01 02 00 04 00 0C 39 CE"
"2026-08-23 00:24:58.750","01 02 02 01 00 B8 28"
"2026-08-23 00:24:59.239","01 03 04 EC 00 0C 85 0A"
"2026-08-23 00:24:59.270","01 03 18 27 0F 00 18 00 30 00 4E 00 70 00 AF 00 F0 01 37 01 94 01 FE 02 67 02 E8 AA 5B"
"2026-08-23 00:24:59.729","01 04 00 56 00 03 50 1B"
"2026-08-23 00:24:59.751","01 04 06 02 D4 00 00 00 00 51 63"
"2026-08-23 00:25:00.230","01 05 23 34 FF 00 C6 70"
"2026-08-23 00:25:00.251","01 05 23 34 FF 00 C6 70"
"2026-08-23 00:25:01.238","01 10 0B 13 00 03 06 00 CE 00 64 00 FF 5A 71"
"2026-08-23 00:25:01.260","01 10 0B 13 00 03 73 E9"
"2026-08-23 00:25:01.271","01 03 04 B0 00 05 85 1E"
"2026-08-23 00:25:01.292","01 03 0A 00 00 00 00 00 00 00 00 00 00 24 B6"
"2026-08-23 00:25:01.730","01 01 00 19 00 03 AD CC"
"2026-08-23 00:25:01.741","01 01 01 00 51 88"
"2026-08-23 00:25:02.231","01 02 00 04 00 0C 39 CE"
"2026-08-23 00:25:02.242","01 02 02 00 00 B9 B8"
"2026-08-23 00:25:02.731","01 03 04 EC 00 0C 85 0A"
"2026-08-23 00:25:02.773","01 03 18 27 0F 00 18 00 30 00 4E 00 70 00 AF 00 F0 01 37 01 94 01 FE 02 67 02 E8 AA 5B"
"2026-08-23 00:25:03.059","01 06 04 FB 05 5E 7B A3"
"2026-08-23 00:25:03.081","01 06 04 FB 05 5E 7B A3"
"2026-08-23 00:25:03.234","01 04 00 56 00 03 50 1B"
"2026-08-23 00:25:03.256","01 04 06 02 4C 00 00 00 00 70 BF"
"2026-08-23 00:25:03.734","01 05 23 34 00 00 87 80"
"2026-08-23 00:25:03.745","01 05 23 34 00 00 87 80"
"2026-08-23 00:25:04.742","01 10 0B 13 00 03 06 00 EE 00 6C 00 FD DB B5"
"2026-08-23 00:25:04.754","01 10 0B 13 00 03 73 E9"
"2026-08-23 00:25:04.765","01 03 04 B0 00 05 85 1E"
"2026-08-23 00:25:04.786","01 03 0A 00 00 00 00 00 00 00 00 00 00 24 B6"
"2026-08-23 00:25:05.235","01 01 00 19 00 03 AD CC"
"2026-08-23 00:25:05.246","01 01 01 00 51 88"
"2026-08-23 00:25:05.736","01 02 00 04 00 0C 39 CE"
"2026-08-23 00:25:05.747","01 02 02 01 00 B8 28"
"2026-08-23 00:25:06.237","01 03 04 EC 00 0C 85 0A"
"2026-08-23 00:25:06.269","01 03 18 27 0F 00 18 00 30 00 4E 00 70 00 AF 00 F0 01 37 01 94 01 FE 02 67 02 E8 AA 5B"
"2026-08-23 00:25:06.738","01 04 00 56 00 03 50 1B"
"2026-08-23 00:25:06.749","01 04 06 02 5B 00 00 00 00 04 BC"
"2026-08-23 00:25:07.736","01 06 01 41 00 2A 59 FD"
"2026-08-23 00:25:07.747","01 06 01 41 00 2A 59 FD"
"2026-08-23 00:25:08.246","01 10 0B 13 00 03 06 00 DA 00 69 00 FB FA 72"
"2026-08-23 00:25:08.258","01 10 0B 13 00 03 73 E9"
"2026-08-23 00:25:08.269","01 03 04 B0 00 05 85 1E"
"2026-08-23 00:25:08.290","01 03 0A 00 00 00 00 00 00 00 00 00 00 24 B6"
"2026-08-23 00:25:08.739","01 01 00 19 00 03 AD CC"
"2026-08-23 00:25:08.750","01 01 01 00 51 88"
"2026-08-23 00:25:09.229","01 02 00 04 00 0C 39 CE"
"2026-08-23 00:25:09.241","01 02 02 00 00 B9 B8"
"2026-08-23 00:25:09.731","01 03 04 EC 00 0C 85 0A"
"2026-08-23 00:25:09.774","01 03 18 27 0F 00 18 00 30 00 4E 00 70 00 AF 00 F0 01 37 01 94 01 FE 02 67 02 E8 AA 5B"
"2026-08-23 00:25:10.233","01 04 00 56 00 03 50 1B"
"2026-08-23 00:25:10.255","01 04 06 02 91 00 00 00 00 9C AC"
"2026-08-23 00:25:11.741","01 10 0B 13 00 03 06 00 D5 00 66 00 FF 9F B3"
"2026-08-23 00:25:11.752","01 10 0B 13 00 03 73 E9"
"2026-08-23 00:25:11.774","01 03 04 B0 00 05 85 1E"
"2026-08-23 00:25:11.795","01 03 0A 00 00 00 00 00 00 00 00 00 00 24 B6"
"2026-08-23 00:25:12.233","01 01 00 19 00 03 AD CC"
"2026-08-23 00:25:12.245","01 01 01 00 51 88"
"2026-08-23 00:25:12.734","01 02 00 04 00 0C 39 CE"
"2026-08-23 00:25:12.745","01 02 02 01 00 B8 28"
"2026-08-23 00:25:13.235","01 03 04 EC 00 0C 85 0A"
"2026-08-23 00:25:13.277","01 03 18 27 0F 00 18 00 30 00 4E 00 70 00 AF 00 F0 01 37 01 94 01 FE 02 67 02 E8 AA 5B"
"2026-08-23 00:25:13.737","01 04 00 56 00 03 50 1B"
"2026-08-23 00:25:13.749","01 04 06 01 B9 00 00 00 00 FC 99"
"2026-08-23 00:25:15.245","01 10 0B 13 00 03 06 00 F0 00 6F 00 F6 C2 70"
"2026-08-23 00:25:15.256","01 10 0B 13 00 03 73 E9"
"2026-08-23 00:25:15.267","01 03 04 B0 00 05 85 1E"
"2026-08-23 00:25:15.289","01 03 0A 00 00 00 00 00 00 00 00 00 00 24 B6"
"2026-08-23 00:25:15.737","01 01 00 19 00 03 AD CC"
"2026-08-23 00:25:15.748","01 01 01 00 51 88"
"2026-08-23 00:25:16.024","01 06 04 F4 01 91 09 34"
"2026-08-23 00:25:16.036","01 06 04 F4 01 91 09 34"
"2026-08-23 00:25:16.230","01 02 00 04 00 0C 39 CE"
"2026-08-23 00:25:16.242","01 02 02 00 00 B9 B8"
"2026-08-23 00:25:16.733","01 03 04 EC 00 0C 85 0A"
"2026-08-23 00:25:16.775","01 03 18 27 0F 00 18 00 30 00 4E 00 70 00 AF 00 F0 01 37 01 91 01 FE 02 67 02 E8 FF 5B"
"2026-08-23 00:25:17.235","01 04 00 56 00 03 50 1B"
"2026-08-23 00:25:17.247","01 04 06 01 4C 00 00 00 00 70 8C"
"2026-08-23 00:25:18.743","01 10 0B 13 00 03 06 00 F7 00 70 00 FA 46 73"
"2026-08-23 00:25:18.754","01 10 0B 13 00 03 73 E9"
"2026-08-23 00:25:18.766","01 03 04 B0 00 05 85 1E"
"2026-08-23 00:25:18.787","01 03 0A 00 00 00 00 00 00 00 00 00 00 24 B6"
"2026-08-23 00:25:19.236","01 01 00 19 00 03 AD CC"
"2026-08-23 00:25:19.248","01 01 01 00 51 88"
"2026-08-23 00:25:19.737","01 02 00 04 00 0C 39 CE"
"2026-08-23 00:25:19.749","01 02 02 00 00 B9 B8"
"2026-08-23 00:25:20.238","01 03 04 EC 00 0C 85 0A"
"2026-08-23 00:25:20.270","01 03 18 27 0F 00 18 00 30 00 4E 00 70 00 AF 00 F0 01 37 01 91 01 FE 02 67 02 E8 FF 5B"
"2026-08-23 00:25:20.739","01 04 00 56 00 03 50 1B"
"2026-08-23 00:25:20.750","01 04 06 01 2C 00 00 00 00 F0 84"
"2026-08-23 00:25:21.239","01 05 23 34 FF 00 C6 70"
"2026-08-23 00:25:21.251","01 05 23 34 FF 00 C6 70"
"2026-08-23 00:25:22.247","01 10 0B 13 00 03 06 00 CF 00 64 00 FC 27 B0"
"2026-08-23 00:25:22.259","01 10 0B 13 00 03 73 E9"
"2026-08-23 00:25:22.270","01 03 04 B0 00 05 85 1E"
"2026-08-23 00:25:22.291","01 03 0A 00 00 00 00 00 00 00 00 00 00 24 B6"
"2026-08-23 00:25:22.739","01 01 00 19 00 03 AD CC"
"2026-08-23 00:25:22.751","01 01 01 00 51 88"
"2026-08-23 00:25:23.229","01 02 00 04 00 0C 39 CE"
"2026-08-23 00:25:23.251","01 02 02 00 00 B9 B8"
"2026-08-23 00:25:23.729","01 03 04 EC 00 0C 85 0A"
"2026-08-23 00:25:23.772","01 03 18 27 0F 00 18 00 30 00 4E 00 70 00 AF 00 F0 01 37 01 91 01 FE 02 67 02 E8 FF 5B"
"2026-08-23 00:25:24.230","01 04 00 56 00 03 50 1B"
"2026-08-23 00:25:24.252","01 04 06 01 66 00 00 00 00 69 4A"
"2026-08-23 00:25:24.731","01 05 23 34 FF 00 C6 70"
"2026-08-23 00:25:24.752","01 05 23 34 FF 00 C6 70"
"2026-08-23 00:25:25.231","01 06 01 41 00 1E 58 2A"
"2026-08-23 00:25:25.252","01 06 01 41 00 1E 58 2A"
"2026-08-23 00:25:25.741","01 10 0B 13 00 03 06 00 DA 00 75 00 F9 BA 75"
"2026-08-23 00:25:25.753","01 10 0B 13 00 03 73 E9"
"2026-08-23 00:25:25.774","01 03 04 B0 00 05 85 1E"
"2026-08-23 00:25:25.795","01 03 0A 00 00 00 00 00 00 00 00 00 00 24 B6"
"2026-08-23 00:25:26.233","01 01 00 19 00 03 AD CC"
"2026-08-23 00:25:26.245","01 01 01 00 51 88"
"2026-08-23 00:25:26.734","01 02 00 04 00 0C 39 CE"
"2026-08-23 00:25:26.746","01 02 02 00 00 B9 B8"
"2026-08-23 00:25:26.991","01 06 04 F0 00 71 48 ED"
"2026-08-23 00:25:27.002","01 06 04 F0 00 71 48 ED"
"2026-08-23 00:25:27.237","01 03 04 EC 00 0C 85 0A"
"2026-08-23 00:25:27.269","01 03 18 27 0F 00 18 00 30 00 4E 00 71 00 AF 00 F0 01 37 01 91 01 FE 02 67 02 E8 3E 5B"
"2026-08-23 00:25:27.738","01 04 00 56 00 03 50 1B"
"2026-08-23 00:25:27.749","01 04 06 01 81 00 00 00 00 5D 5C"
"2026-08-23 00:25:28.238","01 05 23 34 FF 00 C6 70"
"2026-08-23 00:25:28.250","01 05 23 34 FF 00 C6 70"
"2026-08-23 00:25:29.246","01 10 0B 13 00 03 06 00 D4 00 64 01 01 83 A3"
"2026-08-23 00:25:29.257","01 10 0B 13 00 03 73 E9"
"2026-08-23 00:25:29.269","01 03 04 B0 00 05 85 1E"
"2026-08-23 00:25:29.290","01 03 0A 00 00 00 00 00 00 00 00 00 00 24 B6"
"2026-08-23 00:25:29.738","01 01 00 19 00 03 AD CC"
"2026-08-23 00:25:29.749","01 01 01 00 51 88"
"2026-08-23 00:25:30.238","01 02 00 04 00 0C 39 CE"
"2026-08-23 00:25:30.250","01 02 02 01 00 B8 28"
"2026-08-23 00:25:30.739","01 03 04 EC 00 0C 85 0A"
"2026-08-23 00:25:30.771","01 03 18 27 0F 00 18 00 30 00 4E 00 71 00 AF 00 F0 01 37 01 91 01 FE 02 67 02 E8 3E 5B"
"2026-08-23 00:25:31.230","01 04 00 56 00 03 50 1B"
"2026-08-23 00:25:31.251","01 04 06 03 54 00 00 00 00 51 6C"
"2026-08-23 00:25:31.730","01 05 23 34 00 00 87 80"
"2026-08-23 00:25:31.752","01 05 23 34 00 00 87 80"
"2026-08-23 00:25:32.738","01 10 0B 13 00 03 06 00 E4 00 6D 00 F3 93 B0"
"2026-08-23 00:25:32.760","01 10 0B 13 00 03 73 E9"
"2026-08-23 00:25:32.771","01 03 04 B0 00 05 85 1E"
"2026-08-23 00:25:32.792","01 03 0A 00 00 00 00 00 00 00 00 00 00 24 B6"
"2026-08-23 00:25:33.231","01 01 00 19 00 03 AD CC"
"2026-08-23 00:25:33.242","01 01 01 00 51 88"
"2026-08-23 00:25:33.731","01 02 00 04 00 0C 39 CE"
"2026-08-23 00:25:33.742","01 02 02 00 00 B9 B8"
"2026-08-23 00:25:34.232","01 03 04 EC 00 0C 85 0A"
"2026-08-23 00:25:34.274","01 03 18 27 0F 00 18 00 30 00 4E 00 71 00 AF 00 F0 01 37 01 91 01 FE 02 67 02 E8 3E 5B"
"2026-08-23 00:25:34.733","01 04 00 56 00 03 50 1B"
"2026-08-23 00:25:34.755","01 04 06 02 BE 00 00 00 00 49 6A"
"2026-08-23 00:25:36.241","01 10 0B 13 00 03 06 00 F8 00 71 00 F2 42 74"
"2026-08-23 00:25:36.253","01 10 0B 13 00 03 73 E9"
"2026-08-23 00:25:36.274","01 03 04 B0 00 05 85 1E"
"2026-08-23 00:25:36.295","01 03 0A 00 00 00 00 00 00 00 00 00 00 24 B6"
"2026-08-23 00:25:36.733","01 01 00 19 00 03 AD CC"
"2026-08-23 00:25:36.745","01 01 01 00 51 88"
"2026-08-23 00:25:36.888","01 06 04 F7 02 EA B9 E7"
"2026-08-23 00:25:36.900","01 06 04 F7 02 EA B9 E7"
"2026-08-23 00:25:37.236","01 02 00 04 00 0C 39 CE"
"2026-08-23 00:25:37.248","01 02 02 00 00 B9 B8"
"2026-08-23 00:25:37.737","01 03 04 EC 00 0C 85 0A"
"2026-08-23 00:25:37.769","01 03 18 27 0F 00 18 00 30 00 4E 00 71 00 AF 00 F0 01 37 01 91 01 FE 02 67 02 EA BF 9A"
"2026-08-23 00:25:38.238","01 04 00 56 00 03 50 1B"
"2026-08-23 00:25:38.249","01 04 06 00 A0 00 00 00 00 E0 8A"
"2026-08-23 00:25:38.739","01 05 23 34 00 00 87 80"
"2026-08-23 00:25:38.750","01 05 23 34 00 00 87 80"
"2026-08-23 00:25:39.747","01 10 0B 13 00 03 06 00 C9 00 74 01 03 EF A5"
"2026-08-23 00:25:39.758","01 10 0B 13 00 03 73 E9"
"2026-08-23 00:25:39.769","01 03 04 B0 00 05 85 1E"
"2026-08-23 00:25:39.791","01 03 0A 00 00 00 00 00 00 00 00 00 00 24 B6"
"2026-08-23 00:25:40.239","01 01 00 19 00 03 AD CC"
"2026-08-23 00:25:40.250","01 01 01 00 51 88"
"2026-08-23 00:25:40.729","01 02 00 04 00 0C 39 CE"
"2026-08-23 00:25:40.751","01 02 02 01 00 B8 28"
"2026-08-23 00:25:41.230","01 03 04 EC 00 0C 85 0A"
"2026-08-23 00:25:41.272","01 03 18 27 0F 00 18 00 30 00 4E 00 71 00 AF 00 F0 01 37 01 91 01 FE 02 67 02 EA BF 9A"
"2026-08-23 00:25:41.731","01 04 00 56 00 03 50 1B"
"2026-08-23 00:25:41.752","01 04 06 03 1A 00 00 00 00 39 62"
"2026-08-23 00:25:43.246","01 10 0B 13 00 03 06 00 F2 00 6E 00 F6 EA 70"
"2026-08-23 00:25:43.258","01 10 0B 13 00 03 73 E9"
"2026-08-23 00:25:43.269","01 03 04 B0 00 05 85 1E"
"2026-08-23 00:25:43.290","01 03 0A 00 00 00 00 00 00 00 00 00 00 24 B6"
"2026-08-23 00:25:43.739","01 01 00 19 00 03 AD CC"
"2026-08-23 00:25:43.750","01 01 01 00 51 88"
"2026-08-23 00:25:43.893","01 06 04 F2 00 E8 29 47"
"2026-08-23 00:25:43.904","01 06 04 F2 00 E8 29 47"
"2026-08-23 00:25:44.231","01 02 00 04 00 0C 39 CE"
"2026-08-23 00:25:44.242","01 02 02 00 00 B9 B8"
"2026-08-23 00:25:44.731","01 03 04 EC 00 0C 85 0A"
"2026-08-23 00:25:44.773","01 03 18 27 0F 00 18 00 30 00 4E 00 71 00 AF 00 E8 01 37 01 91 01 FE 02 67 02 EA C1 3A"
"2026-08-23 00:25:45.231","01 04 00 56 00 03 50 1B"
"2026-08-23 00:25:45.253","01 04 06 01 DF 00 00 00 00 F4 91"
"2026-08-23 00:25:46.747","01 10 0B 13 00 03 06 00 E9 00 6D 00 F0 FE 70"
"2026-08-23 00:25:46.758","01 10 0B 13 00 03 73 E9"
"2026-08-23 00:25:46.770","01 03 04 B0 00 05 85 1E"
"2026-08-23 00:25:46.791","01 03 0A 00 00 00 00 00 00 00 00 00 00 24 B6"
"2026-08-23 00:25:47.230","01 01 00 19 00 03 AD CC"
"2026-08-23 00:25:47.242","01 01 01 00 51 88"
"2026-08-23 00:25:47.731","01 02 00 04 00 0C 39 CE"
"2026-08-23 00:25:47.743","01 02 02 00 00 B9 B8"
"2026-08-23 00:25:48.233","01 03 04 EC 00 0C 85 0A"
"2026-08-23 00:25:48.275","01 03 18 27 0F 00 18 00 30 00 4E 00 71 00 AF 00 E8 01 37 01 91 01 FE 02 67 02 EA C1 3A"
"2026-08-23 00:25:48.734","01 04 00 56 00 03 50 1B"
"2026-08-23 00:25:48.756","01 04 06 02 25 00 00 00 00 2C B6"
"2026-08-23 00:25:49.734","01 06 01 41 00 28 D8 3C"
"2026-08-23 00:25:49.745","01 06 01 41 00 28 D8 3C"
"2026-08-23 00:25:50.246","01 10 0B 13 00 03 06 00 DF 00 71 00 F7 B6 70"
"2026-08-23 00:25:50.258","01 10 0B 13 00 03 73 E9"
"2026-08-23 00:25:50.269","01 03 04 B0 00 05 85 1E"
"2026-08-23 00:25:50.291","01 03 0A 00 00 00 00 00 00 00 00 00 00 24 B6"
"2026-08-23 00:25:50.730","01 01 00 19 00 03 AD CC"
"2026-08-23 00:25:50.742","01 01 01 00 51 88"
"2026-08-23 00:25:51.232","01 02 00 04 00 0C 39 CE"
"2026-08-23 00:25:51.243","01 02 02 00 00 B9 B8"
"2026-08-23 00:25:51.732","01 03 04 EC 00 0C 85 0A"
"2026-08-23 00:25:51.775","01 03 18 27 0F 00 18 00 30 00 4E 00 71 00 AF 00 E8 01 37 01 91 01 FE 02 67 02 EA C1 3A"
"2026-08-23 00:25:52.235","01 04 00 56 00 03 50 1B"
"2026-08-23 00:25:52.257","01 04 06 01 54 00 00 00 00 50 8E"
"2026-08-23 00:25:53.236","01 06 01 41 00 1B 98 29"
"2026-08-23 00:25:53.247","01 06 01 41 00 1B 98 29"
"2026-08-23 00:25:53.748","01 10 0B 13 00 03 06 00 DF 00 6C 00 F1 A6 74"
"2026-08-23 00:25:53.759","01 10 0B 13 00 03 73 E9"
"2026-08-23 00:25:53.771","01 03 04 B0 00 05 85 1E"
"2026-08-23 00:25:53.792","01 03 0A 00 00 00 00 00 00 00 00 00 00 24 B6"
"2026-08-23 00:25:54.231","01 01 00 19 00 03 AD CC"
"2026-08-23 00:25:54.243","01 01 01 00 51 88"
"2026-08-23 00:25:54.732","01 02 00 04 00 0C 39 CE"
"2026-08-23 00:25:54.743","01 02 02 00 00 B9 B8"
"2026-08-23 00:25:55.233","01 03 04 EC 00 0C 85 0A"
"2026-08-23 00:25:55.275","01 03 18 27 0F 00 18 00 30 00 4E 00 71 00 AF 00 E8 01 37 01 91 01 FE 02 67 02 EA C1 3A"
"2026-08-23 00:25:55.734","01 04 00 56 00 03 50 1B"
"2026-08-23 00:25:55.755","01 04 06 01 21 00 00 00 00 DD 45"
"2026-08-23 00:25:56.583","01 06 04 FC 06 10 4A A6"
"2026-08-23 00:25:56.595","01 06 04 FC 06 10 4A A6"
"2026-08-23 00:25:57.246","01 10 0B 13 00 03 06 00 D3 00 6E 00 F6 56 77"
"2026-08-23 00:25:57.258","01 10 0B 13 00 03 73 E9"
"2026-08-23 00:25:57.269","01 03 04 B0 00 05 85 1E"
"2026-08-23 00:25:57.290","01 03 0A 00 00 00 00 00 00 00 00 00 00 24 B6"
"2026-08-23 00:25:57.738","01 01 00 19 00 03 AD CC"
"2026-08-23 00:25:57.750","01 01 01 00 51 88"
"2026-08-23 00:25:58.239","01 02 00 04 00 0C 39 CE"
"2026-08-23 00:25:58.251","01 02 02 00 00 B9 B8"
"2026-08-23 00:25:58.740","01 03 04 EC 00 0C 85 0A"
"2026-08-23 00:25:58.772","01 03 18 27 0F 00 18 00 30 00 4E 00 71 00 AF 00 E8 01 37 01 91 01 FE 02 67 02 EA C1 3A"
"2026-08-23 00:25:59.230","01 04 00 56 00 03 50 1B"
"2026-08-23 00:25:59.252","01 04 06 01 24 00 00 00 00 11 45"
"2026-08-23 00:26:00.746","01 10 0B 13 00 03 06 00 CE 00 74 00 F8 1A 76"
"2026-08-23 00:26:00.758","01 10 0B 13 00 03 73 E9"
"2026-08-23 00:26:00.769","01 03 04 B0 00 05 85 1E"
"2026-08-23 00:26:00.790","01 03 0A 00 00 00 00 00 00 00 00 00 00 24 B6"
"2026-08-23 00:26:01.238","01 01 00 19 00 03 AD CC"
"2026-08-23 00:26:01.250","01 01 01 00 51 88"
"2026-08-23 00:26:01.738","01 02 00 04 00 0C 39 CE"
"2026-08-23 00:26:01.750","01 02 02 01 00 B8 28"
"2026-08-23 00:26:02.239","01 03 04 EC 00 0C 85 0A"
"2026-08-23 00:26:02.271","01 03 18 27 0F 00 18 00 30 00 4E 00 71 00 AF 00 E8 01 37 01 91 01 FE 02 67 02 EA C1 3A"
"2026-08-23 00:26:02.739","01 04 00 56 00 03 50 1B"
"2026-08-23 00:26:02.750","01 04 06 03 06 00 00 00 00 E8 A0"
"2026-08-23 00:26:04.244","01 10 0B 13 00 03 06 00 EF 00 6B 00 F6 16 73"
"2026-08-23 00:26:04.256","01 10 0B 13 00 03 73 E9"
"2026-08-23 00:26:04.267","01 03 04 B0 00 05 85 1E"
"2026-08-23 00:26:04.288","01 03 0A 00 00 00 00 00 00 00 00 00 00 24 B6"
"2026-08-23 00:26:04.737","01 01 00 19 00 03 AD CC"
"2026-08-23 00:26:04.748","01 01 01 00 51 88"
"2026-08-23 00:26:05.237","01 02 00 04 00 0C 39 CE"
"2026-08-23 00:26:05.249","01 02 02 00 00 B9 B8"
"2026-08-23 00:26:05.737","01 03 04 EC 00 0C 85 0A"
"2026-08-23 00:26:05.769","01 03 18 27 0F 00 18 00 30 00 4E 00 71 00 AF 00 E8 01 37 01 91 01 FE 02 67 02 EA C1 3A"
"2026-08-23 00:26:06.238","01 04 00 56 00 03 50 1B"
"2026-08-23 00:26:06.250","01 04 06 00 7A 00 00 00 00 B9 59"
"2026-08-23 00:26:07.743","01 10 0B 13 00 03 06 00 F8 00 76 00 FB 33 B3"
"2026-08-23 00:26:07.755","01 10 0B 13 00 03 73 E9"
"2026-08-23 00:26:07.766","01 03 04 B0 00 05 85 1E"
"2026-08-23 00:26:07.788","01 03 0A 00 00 00 00 00 00 00 00 00 00 24 B6"
"2026-08-23 00:26:08.236","01 01 00 19 00 03 AD CC"
"2026-08-23 00:26:08.247","01 01 01 00 51 88"
"2026-08-23 00:26:08.736","01 02 00 04 00 0C 39 CE"
"2026-08-23 00:26:08.748","01 02 02 00 00 B9 B8"
"2026-08-23 00:26:09.236","01 03 04 EC 00 0C 85 0A"
"2026-08-23 00:26:09.278","01 03 18 27 0F 00 18 00 30 00 4E 00 71 00 AF 00 E8 01 37 01 91 01 FE 02 67 02 EA C1 3A"
"2026-08-23 00:26:09.737","01 04 00 56 00 03 50 1B"
"2026-08-23 00:26:09.749","01 04 06 01 71 00 00 00 00 1D 49"
"2026-08-23 00:26:11.242","01 10 0B 13 00 03 06 00 F3 00 76 00 FA 57 B2"
"2026-08-23 00:26:11.254","01 10 0B 13 00 03 73 E9"
"2026-08-23 00:26:11.265","01 03 04 B0 00 05 85 1E"
"2026-08-23 00:26:11.286","01 03 0A 00 00 00 00 00 00 00 00 00 00 24 B6"
"2026-08-23 00:26:11.480","01 06 04 EF 00 4B F9 38"
"2026-08-23 00:26:11.502","01 06 04 EF 00 4B F9 38"
"2026-08-23 00:26:11.738","01 01 00 19 00 03 AD CC"
"2026-08-23 00:26:11.749","01 01 01 00 51 88"
"2026-08-23 00:26:12.238","01 02 00 04 00 0C 39 CE"
"2026-08-23 00:26:12.250","01 02 02 00 00 B9 B8"
"2026-08-23 00:26:12.738","01 03 04 EC 00 0C 85 0A"
"2026-08-23 00:26:12.772","01 03 18 27 0F 00 18 00 30 00 4B 00 71 00 AF 00 E8 01 37 01 91 01 FE 02 67 02 EA D2 6B"
"2026-08-23 00:26:13.240","01 04 00 56 00 03 50 1B"
"2026-08-23 00:26:13.252","01 04 06 02 4B 00 00 00 00 C5 7F"
"2026-08-23 00:26:14.746","01 10 0B 13 00 03 06 00 E6 00 76 00 FC DA 73"
"2026-08-23 00:26:14.757","01 10 0B 13 00 03 73 E9"
"2026-08-23 00:26:14.769","01 03 04 B0 00 05 85 1E"
"2026-08-23 00:26:14.790","01 03 0A 00 00 00 00 00 00 00 00 00 00 24 B6"
"2026-08-23 00:26:15.239","01 01 00 19 00 03 AD CC"
"2026-08-23 00:26:15.250","01 01 01 00 51 88"
"2026-08-23 00:26:15.739","01 02 00 04 00 0C 39 CE"
"2026-08-23 00:26:15.750","01 02 02 01 00 B8 28"
"2026-08-23 00:26:16.239","01 03 04 EC 00 0C 85 0A"
"2026-08-23 00:26:16.271","01 03 18 27 0F 00 18 00 30 00 4B 00 71 00 AF 00 E8 01 37 01 91 01 FE 02 67 02 EA D2 6B"
"2026-08-23 00:26:16.648","01 06 04 F2 00 EF 68 85"
"2026-08-23 00:26:16.660","01 06 04 F2 00 EF 68 85"
"2026-08-23 00:26:16.732","01 04 00 56 00 03 50 1B"
"2026-08-23 00:26:16.754","01 04 06 02 09 00 00 00 00 BD 70"
"2026-08-23 00:26:18.239","01 10 0B 13 00 03 06 00 F7 00 6A 00 FD 26 76"
"2026-08-23 00:26:18.261","01 10 0B 13 00 03 73 E9"
"2026-08-23 00:26:18.272","01 03 04 B0 00 05 85 1E"
"2026-08-23 00:26:18.294","01 03 0A 00 00 00 00 00 00 00 00 00 00 24 B6"
"2026-08-23 00:26:18.733","01 01 00 19 00 03 AD CC"
"2026-08-23 00:26:18.745","01 01 01 00 51 88"
"2026-08-23 00:26:19.235","01 02 00 04 00 0C 39 CE"
"2026-08-23 00:26:19.247","01 02 02 00 00 B9 B8"
"2026-08-23 00:26:19.736","01 03 04 EC 00 0C 85 0A"
"2026-08-23 00:26:19.778","01 03 18 27 0F 00 18 00 30 00 4B 00 71 00 AF 00 EF 01 37 01 91 01 FE 02 67 02 EA C8 1F"
"2026-08-23 00:26:20.237","01 04 00 56 00 03 50 1B"
"2026-08-23 00:26:20.248","01 04 06 02 54 00 00 00 00 50 BD"
"2026-08-23 00:26:21.743","01 10 0B 13 00 03 06 00 CD 00 73 01 02 6E 64"
"2026-08-23 00:26:21.755","01 10 0B 13 00 03 73 E9"
"2026-08-23 00:26:21.766","01 03 04 B0 00 05 85 1E"
"2026-08-23 00:26:21.787","01 03 0A 00 00 00 00 00 00 00 00 00 00 24 B6"
"2026-08-23 00:26:22.236","01 01 00 19 00 03 AD CC"
"2026-08-23 00:26:22.247","01 01 01 00 51 88"
"2026-08-23 00:26:22.737","01 02 00 04 00 0C 39 CE"
"2026-08-23 00:26:22.749","01 02 02 01 00 B8 28"
"2026-08-23 00:26:23.237","01 03 04 EC 00 0C 85 0A"
"2026-08-23 00:26:23.270","01 03 18 27 0F 00 18 00 30 00 4B 00 71 00 AF 00 EF 01 37 01 91 01 FE 02 67 02 EA C8 1F"
"2026-08-23 00:26:23.738","01 04 00 56 00 03 50 1B"
"2026-08-23 00:26:23.750","01 04 06 01 C2 00 00 00 00 18 93"
"2026-08-23 00:26:25.244","01 10 0B 13 00 03 06 00 E7 00 77 00 FA 36 71"
"2026-08-23 00:26:25.256","01 10 0B 13 00 03 73 E9"
"2026-08-23 00:26:25.267","01 03 04 B0 00 05 85 1E"
"2026-08-23 00:26:25.289","01 03 0A 00 00 00 00 00 00 00 00 00 00 24 B6"
"2026-08-23 00:26:25.738","01 01 00 19 00 03 AD CC"
"2026-08-23 00:26:25.750","01 01 01 00 51 88"
"2026-08-23 00:26:26.240","01 02 00 04 00 0C 39 CE"
"2026-08-23 00:26:26.251","01 02 02 00 00 B9 B8"
"2026-08-23 00:26:26.730","01 03 04 EC 00 0C 85 0A"
"2026-08-23 00:26:26.773","01 03 18 27 0F 00 18 00 30 00 4B 00 71 00 AF 00 EF 01 37 01 91 01 FE 02 67 02 EA C8 1F"
"2026-08-23 00:26:27.231","01 04 00 56 00 03 50 1B"
"2026-08-23 00:26:27.253","01 04 06 02 60 00 00 00 00 E1 79"
"2026-08-23 00:26:28.747","01 10 0B 13 00 03 06 00 EB 00 70 00 FA 97 B1"
"2026-08-23 00:26:28.758","01 10 0B 13 00 03 73 E9"
"2026-08-23 00:26:28.770","01 03 04 B0 00 05 85 1E"
"2026-08-23 00:26:28.791","01 03 0A 00 00 00 00 00 00 00 00 00 00 24 B6"
"2026-08-23 00:26:29.239","01 01 00 19 00 03 AD CC"
"2026-08-23 00:26:29.251","01 01 01 00 51 88"
"2026-08-23 00:26:29.740","01 02 00 04 00 0C 39 CE"
"2026-08-23 00:26:29.751","01 02 02 01 00 B8 28"
"2026-08-23 00:26:30.230","01 03 04 EC 00 0C 85 0A"
"2026-08-23 00:26:30.273","01 03 18 27 0F 00 18 00 30 00 4B 00 71 00 AF 00 EF 01 37 01 91 01 FE 02 67 02 EA C8 1F"
"2026-08-23 00:26:30.436","01 06 04 F4 01 97 89 36"
"2026-08-23 00:26:30.448","01 06 04 F4 01 97 89 36"
"2026-08-23 00:26:30.736","01 04 00 56 00 03 50 1B"
"2026-08-23 00:26:30.757","01 04 06 02 6F 00 00 00 00 B5 78"
"2026-08-23 00:26:31.734","01 06 01 41 00 22 58 3B"
"2026-08-23 00:26:31.746","01 06 01 41 00 22 58 3B"
"2026-08-23 00:26:32.246","01 10 0B 13 00 03 06 00 ED 00 76 01 02 FF A2"
"2026-08-23 00:26:32.258","01 10 0B 13 00 03 73 E9"
"2026-08-23 00:26:32.269","01 03 04 B0 00 05 85 1E"
"2026-08-23 00:26:32.290","01 03 0A 00 00 00 00 00 00 00 00 00 00 24 B6"
"2026-08-23 00:26:32.740","01 01 00 19 00 03 AD CC"
"2026-08-23 00:26:32.751","01 01 01 00 51 88"
"2026-08-23 00:26:33.241","01 02 00 04 00 0C 39 CE"
"2026-08-23 00:26:33.252","01 02 02 00 00 B9 B8"
"2026-08-23 00:26:33.741","01 03 04 EC 00 0C 85 0A"
"2026-08-23 00:26:33.773","01 03 18 27 0F 00 18 00 30 00 4B 00 71 00 AF 00 EF 01 37 01 97 01 FE 02 67 02 EA AE 1F"
"2026-08-23 00:26:34.232","01 04 00 56 00 03 50 1B"
"2026-08-23 00:26:34.254","01 04 06 01 6B 00 00 00 00 44 8B"
"2026-08-23 00:26:34.735","01 05 23 34 00 00 87 80"
"2026-08-23 00:26:34.746","01 05 23 34 00 00 87 80"
"2026-08-23 00:26:35.236","01 06 01 41 00 26 59 F8"
"2026-08-23 00:26:35.248","01 06 01 41 00 26 59 F8"
"2026-08-23 00:26:35.748","01 10 0B 13 00 03 06 00 C8 00 69 00 FF 43 B2"
"2026-08-23 00:26:35.760","01 10 0B 13 00 03 73 E9"
"2026-08-23 00:26:35.771","01 03 04 B0 00 05 85 1E"
"2026-08-23 00:26:35.793","01 03 0A 00 00 00 00 00 00 00 00 00 00 24 B6"
"2026-08-23 00:26:36.232","01 01 00 19 00 03 AD CC"
"2026-08-23 00:26:36.243","01 01 01 00 51 88"
"2026-08-23 00:26:36.732","01 02 00 04 00 0C 39 CE"
"2026-08-23 00:26:36.744","01 02 02 00 00 B9 B8"
"2026-08-23 00:26:37.233","01 03 04 EC 00 0C 85 0A"
"2026-08-23 00:26:37.275","01 03 18 27 0F 00 18 00 30 00 4B 00 71 00 AF 00 EF 01 37 01 97 01 FE 02 67 02 EA AE 1F"
"2026-08-23 00:26:37.733","01 04 00 56 00 03 50 1B"
"2026-08-23 00:26:37.755","01 04 06 00 D3 00 00 00 00 E5 41"
"2026-08-23 00:26:38.234","01 05 23 34 00 00 87 80"
"2026-08-23 00:26:38.245","01 05 23 34 00 00 87 80"
"2026-08-23 00:26:38.735","01 06 01 41 00 2E 58 3E"
"2026-08-23 00:26:38.747","01 06 01 41 00 2E 58 3E"
"2026-08-23 00:26:39.246","01 10 0B 13 00 03 06 00 F6 00 71 00 F0 AA 74"
"2026-08-23 00:26:39.257","01 10 0B 13 00 03 73 E9"
"2026-08-23 00:26:39.269","01 03 04 B0 00 05 85 1E"
"2026-08-23 00:26:39.290","01 03 0A 00 00 00 00 00 00 00 00 00 00 24 B6"
"2026-08-23 00:26:39.738","01 01 00 19 00 03 AD CC"
"2026-08-23 00:26:39.749","01 01 01 00 51 88"
"2026-08-23 00:26:40.239","01 02 00 04 00 0C 39 CE"
"2026-08-23 00:26:40.250","01 02 02 01 00 B8 28"
"2026-08-23 00:26:40.740","01 03 04 EC 00 0C 85 0A"
"2026-08-23 00:26:40.772","01 03 18 27 0F 00 18 00 30 00 4B 00 71 00 AF 00 EF 01 37 01 97 01 FE 02 67 02 EA AE 1F"
"2026-08-23 00:26:41.240","01 04 00 56 00 03 50 1B"
"2026-08-23 00:26:41.251","01 04 06 01 F9 00 00 00 00 FD 56"
"2026-08-23 00:26:41.456","01 06 04 F7 02 EA B9 E7"
"2026-08-23 00:26:41.467","01 06 04 F7 02 EA B9 E7"
"2026-08-23 00:26:42.739","01 10 0B 13 00 03 06 00 DD 00 73 00 F6 AF B0"
"2026-08-23 00:26:42.761","01 10 0B 13 00 03 73 E9"
"2026-08-23 00:26:42.772","01 03 04 B0 00 05 85 1E"
"2026-08-23 00:26:42.794","01 03 0A 00 00 00 00 00 00 00 00 00 00 24 B6"
"2026-08-23 00:26:43.232","01 01 00 19 00 03 AD CC"
"2026-08-23 00:26:43.243","01 01 01 00 51 88"
"2026-08-23 00:26:43.732","01 02 00 04 00 0C 39 CE"
"2026-08-23 00:26:43.743","01 02 02 01 00 B8 28"
"2026-08-23 00:26:44.232","01 03 04 EC 00 0C 85 0A"
"2026-08-23 00:26:44.274","01 03 18 27 0F 00 18 00 30 00 4B 00 71 00 AF 00 EF 01 37 01 97 01 FE 02 67 02 EA AE 1F"
"2026-08-23 00:26:44.733","01 04 00 56 00 03 50 1B"
"2026-08-23 00:26:44.755","01 04 06 03 97 00 00 00 00 15 7D"
"2026-08-23 00:26:45.234","01 05 23 34 FF 00 C6 70"
"2026-08-23 00:26:45.245","01 05 23 34 FF 00 C6 70"
"2026-08-23 00:26:46.243","01 10 0B 13 00 03 06 00 F6 00 64 00 FF FB B4"
"2026-08-23 00:26:46.254","01 10 0B 13 00 03 73 E9"
"2026-08-23 00:26:46.265","01 03 04 B0 00 05 85 1E"
"2026-08-23 00:26:46.297","01 03 0A 00 00 00 00 00 00 00 00 00 00 24 B6"
"2026-08-23 00:26:46.735","01 01 00 19 00 03 AD CC"
"2026-08-23 00:26:46.747","01 01 01 00 51 88"
"2026-08-23 00:26:47.235","01 02 00 04 00 0C 39 CE"
"2026-08-23 00:26:47.247","01 02 02 00 00 B9 B8"
"2026-08-23 00:26:47.736","01 03 04 EC 00 0C 85 0A"
"2026-08-23 00:26:47.778","01 03 18 27 0F 00 18 00 30 00 4B 00 71 00 AF 00 EF 01 37 01 97 01 FE 02 67 02 EA AE 1F"
"2026-08-23 00:26:48.238","01 04 00 56 00 03 50 1B"
"2026-08-23 00:26:48.249","01 04 06 02 BF 00 00 00 00 74 AA"
"2026-08-23 00:26:48.433","01 06 04 FD 06 DD DA F3"
"2026-08-23 00:26:48.445","01 06 04 FD 06 DD DA F3"
"2026-08-23 00:26:49.749","01 10 0B 13 00 03 06 00 D5 00 67 00 F9 4E 71"
"2026-08-23 00:26:49.760","01 10 0B 13 00 03 73 E9"
"2026-08-23 00:26:49.771","01 03 04 B0 00 05 85 1E"
"2026-08-23 00:26:49.793","01 03 0A 00 00 00 00 00 00 00 00 00 00 24 B6"
"2026-08-23 00:26:50.241","01 01 00 19 00 03 AD CC"
"2026-08-23 00:26:50.253","01 01 01 00 51 88"
"2026-08-23 00:26:50.732","01 02 00 04 00 0C 39 CE"
"2026-08-23 00:26:50.743","01 02 02 00 00 B9 B8"
"2026-08-23 00:26:51.233","01 03 04 EC 00 0C 85 0A"
"2026-08-23 00:26:51.275","01 03 18 27 0F 00 18 00 30 00 4B 00 71 00 AF 00 EF 01 37 01 97 01 FE 02 67 02 EA AE 1F"
"2026-08-23 00:26:51.733","01 04 00 56 00 03 50 1B"
"2026-08-23 00:26:51.755","01 04 06 01 E3 00 00 00 00 A4 94"
"2026-08-23 00:26:53.242","01 10 0B 13 00 03 06 00 ED 00 64 01 02 5F A7"
"2026-08-23 00:26:53.253","01 10 0B 13 00 03 73 E9"
"2026-08-23 00:26:53.275","01 03 04 B0 00 05 85 1E"
"2026-08-23 00:26:53.297","01 03 0A 00 00 00 00 00 00 00 00 00 00 24 B6"
"2026-08-23 00:26:53.736","01 01 00 19 00 03 AD CC"
"2026-08-23 00:26:53.747","01 01 01 00 51 88"
"2026-08-23 00:26:54.237","01 02 00 04 00 0C 39 CE"
"2026-08-23 00:26:54.249","01 02 02 01 00 B8 28"
"2026-08-23 00:26:54.739","01 03 04 EC 00 0C 85 0A"
"2026-08-23 00:26:54.771","01 03 18 27 0F 00 18 00 30 00 4B 00 71 00 AF 00 EF 01 37 01 97 01 FE 02 67 02 EA AE 1F"
"2026-08-23 00:26:55.241","01 04 00 56 00 03 50 1B"
"2026-08-23 00:26:55.252","01 04 06 02 04 00 00 00 00 90 B1"
"2026-08-23 00:26:56.239","01 06 01 41 00 2D 18 3F"
"2026-08-23 00:26:56.251","01 06 01 41 00 2D 18 3F"
"2026-08-23 00:26:56.740","01 10 0B 13 00 03 06 00 E2 00 6E 00 F4 AA 72"
"2026-08-23 00:26:56.762","01 10 0B 13 00 03 73 E9"
"2026-08-23 00:26:56.773","01 03 04 B0 00 05 85 1E"
"2026-08-23 00:26:56.794","01 03 0A 00 00 00 00 00 00 00 00 00 00 24 B6"
"2026-08-23 00:26:57.232","01 01 00 19 00 03 AD CC"
"2026-08-23 00:26:57.244","01 01 01 00 51 88"
"2026-08-23 00:26:57.733","01 02 00 04 00 0C 39 CE"
"2026-08-23 00:26:57.745","01 02 02 01 00 B8 28"
"2026-08-23 00:26:58.235","01 03 04 EC 00 0C 85 0A"
"2026-08-23 00:26:58.277","01 03 18 27 0F 00 18 00 30 00 4B 00 71 00 AF 00 EF 01 37 01 97 01 FE 02 67 02 EA AE 1F"
"2026-08-23 00:26:58.736","01 04 00 56 00 03 50 1B"
"2026-08-23 00:26:58.758","01 04 06 00 EC 00 00 00 00 F1 44"
"2026-08-23 00:26:59.543","01 06 04 FA 04 AA 2A 74"
"2026-08-23 00:26:59.554","01 06 04 FA 04 AA 2A 74"
"2026-08-23 00:27:00.248","01 10 0B 13 00 03 06 00 CE 00 67 00 F4 EB B6"
"2026-08-23 00:27:00.260","01 10 0B 13 00 03 73 E9"
"2026-08-23 00:27:00.271","01 03 04 B0 00 05 85 1E"
"2026-08-23 00:27:00.293","01 03 0A 00 00 00 00 00 00 00 00 00 00 24 B6"
"2026-08-23 00:27:00.741","01 01 00 19 00 03 AD CC"
"2026-08-23 00:27:00.753","01 01 01 00 51 88"
"2026-08-23 00:27:01.233","01 02 00 04 00 0C 39 CE"
"2026-08-23 00:27:01.245","01 02 02 01 00 B8 28"
"2026-08-23 00:27:01.735","01 03 04 EC 00 0C 85 0A"
"2026-08-23 00:27:01.777","01 03 18 27 0F 00 18 00 30 00 4B 00 71 00 AF 00 EF 01 37 01 97 01 FE 02 67 02 EA AE 1F"
"2026-08-23 00:27:02.236","01 04 00 56 00 03 50 1B"
"2026-08-23 00:27:02.257","01 04 06 01 9C 00 00 00 00 B1 5E"
"2026-08-23 00:27:02.738","01 05 23 34 FF 00 C6 70"
"2026-08-23 00:27:02.750","01 05 23 34 FF 00 C6 70"
"2026-08-23 00:27:03.747","01 10 0B 13 00 03 06 00 DF 00 73 00 F3 16 73"
"2026-08-23 00:27:03.759","01 10 0B 13 00 03 73 E9"
"2026-08-23 00:27:03.770","01 03 04 B0 00 05 85 1E"
"2026-08-23 00:27:03.791","01 03 0A 00 00 00 00 00 00 00 00 00 00 24 B6"
"2026-08-23 00:27:04.240","01 01 00 19 00 03 AD CC"
"2026-08-23 00:27:04.252","01 01 01 00 51 88"
"2026-08-23 00:27:04.731","01 02 00 04 00 0C 39 CE"
"2026-08-23 00:27:04.753","01 02 02 01 00 B8 28"
"2026-08-23 00:27:05.242","01 03 04 EC 00 0C 85 0A"
"2026-08-23 00:27:05.274","01 03 18 27 0F 00 18 00 30 00 4B 00 71 00 AF 00 EF 01 37 01 97 01 FE 02 67 02 EA AE 1F"
"2026-08-23 00:27:05.733","01 04 00 56 00 03 50 1B"
"2026-08-23 00:27:05.755","01 04 06 00 BC 00 00 00 00 31 48"
"2026-08-23 00:27:07.139","01 06 04 FC 06 18 4B 60"
"2026-08-23 00:27:07.150","01 06 04 FC 06 18 4B 60"
"2026-08-23 00:27:07.243","01 10 0B 13 00 03 06 00 DC 00 6C 00 FD E2 71"
"2026-08-23 00:27:07.254","01 10 0B 13 00 03 73 E9"
"2026-08-23 00:27:07.275","01 03 04 B0 00 05 85 1E"
"2026-08-23 00:27:07.297","01 03 0A 00 00 00 00 00 00 00 00 00 00 24 B6"
"2026-08-23 00:27:07.735","01 01 00 19 00 03 AD CC"
"2026-08-23 00:27:07.746","01 01 01 00 51 88"
"2026-08-23 00:27:08.236","01 02 00 04 00 0C 39 CE"
"2026-08-23 00:27:08.247","01 02 02 01 00 B8 28"
"2026-08-23 00:27:08.737","01 03 04 EC 00 0C 85 0A"
"2026-08-23 00:27:08.779","01 03 18 27 0F 00 18 00 30 00 4B 00 71 00 AF 00 EF 01 37 01 97 01 FE 02 67 02 EA AE 1F"
"2026-08-23 00:27:09.237","01 04 00 56 00 03 50 1B"
"2026-08-23 00:27:09.249","01 04 06 00 D0 00 00 00 00 A1 41"
"2026-08-23 00:27:10.744","01 10 0B 13 00 03 06 00 F6 00 71 00 F7 EB B6"
"2026-08-23 00:27:10.756","01 10 0B 13 00 03 73 E9"
"2026-08-23 00:27:10.767","01 03 04 B0 00 05 85 1E"
"2026-08-23 00:27:10.788","01 03 0A 00 00 00 00 00 00 00 00 00 00 24 B6"
"2026-08-23 00:27:11.236","01 01 00 19 00 03 AD CC"
"2026-08-23 00:27:11.248","01 01 01 00 51 88"
"2026-08-23 00:27:11.737","01 02 00 04 00 0C 39 CE"
"2026-08-23 00:27:11.748","01 02 02 01 00 B8 28"
"2026-08-23 00:27:12.238","01 03 04 EC 00 0C 85 0A"
"2026-08-23 00:27:12.280","01 03 18 27 0F 00 18 00 30 00 4B 00 71 00 AF 00 EF 01 37 01 97 01 FE 02 67 02 EA AE 1F"
"2026-08-23 00:27:12.738","01 04 00 56 00 03 50 1B"
"2026-08-23 00:27:12.750","01 04 06 01 F9 00 00 00 00 FD 56"
"2026-08-23 00:27:13.736","01 06 01 41 00 0D 19 E7"
"2026-08-23 00:27:13.747","01 06 01 41 00 0D 19 E7"
"2026-08-23 00:27:14.226","01 06 04 F2 00 EF 68 85"
"2026-08-23 00:27:14.238","01 06 04 F2 00 EF 68 85"
"2026-08-23 00:27:14.269","01 10 0B 13 00 03 06 00 DE 00 67 00 F0 2B B6"
"2026-08-23 00:27:14.291","01 10 0B 13 00 03 73 E9"
"2026-08-23 00:27:14.302","01 03 04 B0 00 05 85 1E"
"2026-08-23 00:27:14.323","01 03 0A 00 00 00 00 00 00 00 00 00 00 24 B6"
"2026-08-23 00:27:14.751","01 01 00 19 00 03 AD CC"
"2026-08-23 00:27:14.762","01 01 01 00 51 88"
"2026-08-23 00:27:15.251","01 02 00 04 00 0C 39 CE"
"2026-08-23 00:27:15.263","01 02 02 01 00 B8 28"
"2026-08-23 00:27:15.751","01 03 04 EC 00 0C 85 0A"
"2026-08-23 00:27:15.793","01 03 18 27 0F 00 18 00 30 00 4B 00 71 00 AF 00 EF 01 37 01 97 01 FE 02 67 02 EA AE 1F"
"2026-08-23 00:27:16.253","01 04 00 56 00 03 50 1B"
"2026-08-23 00:27:16.274","01 04 06 01 97 00 00 00 00 14 9F"
"2026-08-23 00:27:16.754","01 05 23 34 FF 00 C6 70"
"2026-08-23 00:27:16.766","01 05 23 34 FF 00 C6 70"
"2026-08-23 00:27:17.763","01 10 0B 13 00 03 06 00 DA 00 6C 00 F6 2B B6"
"2026-08-23 00:27:17.774","01 10 0B 13 00 03 73 E9"
"2026-08-23 00:27:17.785","01 03 04 B0 00 05 85 1E"
"2026-08-23 00:27:17.807","01 03 0A 00 00 00 00 00 00 00 00 00 00 24 B6"
"2026-08-23 00:27:18.255","01 01 00 19 00 03 AD CC"
"2026-08-23 00:27:18.266","01 01 01 00 51 88"
"2026-08-23 00:27:18.756","01 02 00 04 00 0C 39 CE"
"2026-08-23 00:27:18.767","01 02 02 00 00 B9 B8"
"2026-08-23 00:27:19.257","01 03 04 EC 00 0C 85 0A"
"2026-08-23 00:27:19.290","01 03 18 27 0F 00 18 00 30 00 4B 00 71 00 AF 00 EF 01 37 01 97 01 FE 02 67 02 EA AE 1F"
"2026-08-23 00:27:19.759","01 04 00 56 00 03 50 1B"
"2026-08-23 00:27:19.771","01 04 06 02 6F 00 00 00 00 B5 78"
"2026-08-23 00:27:21.258","01 10 0B 13 00 03 06 00 F2 00 77 01 01 7B A1"
"2026-08-23 00:27:21.280","01 10 0B 13 00 03 73 E9"
"2026-08-23 00:27:21.292","01 03 04 B0 00 05 85 1E"
"2026-08-23 00:27:21.313","01 03 0A 00 00 00 00 00 00 00 00 00 00 24 B6"
"2026-08-23 00:27:21.752","01 01 00 19 00 03 AD CC"
"2026-08-23 00:27:21.763","01 01 01 00 51 88"
"2026-08-23 00:27:22.253","01 02 00 04 00 0C 39 CE"
"2026-08-23 00:27:22.264","01 02 02 00 00 B9 B8"
"2026-08-23 00:27:22.753","01 03 04 EC 00 0C 85 0A"
"2026-08-23 00:27:22.795","01 03 18 27 0F 00 18 00 30 00 4B 00 71 00 AF 00 EF 01 37 01 97 01 FE 02 67 02 EA AE 1F"
"2026-08-23 00:27:23.254","01 04 00 56 00 03 50 1B"
"2026-08-23 00:27:23.275","01 04 06 03 1A 00 00 00 00 39 62"
"2026-08-23 00:27:24.413","01 06 04 F1 00 A9 19 77"
"2026-08-23 00:27:24.425","01 06 04 F1 00 A9 19 77"
"2026-08-23 00:27:24.762","01 10 0B 13 00 03 06 00 D5 00 65 00 F3 6F B6"
"2026-08-23 00:27:24.773","01 10 0B 13 00 03 73 E9"
"2026-08-23 00:27:24.795","01 03 04 B0 00 05 85 1E"
"2026-08-23 00:27:24.806","01 03 0A 00 00 00 00 00 00 00 00 00 00 24 B6"
"2026-08-23 00:27:25.254","01 01 00 19 00 03 AD CC"
"2026-08-23 00:27:25.266","01 01 01 00 51 88"
"2026-08-23 00:27:25.756","01 02 00 04 00 0C 39 CE"
"2026-08-23 00:27:25.767","01 02 02 01 00 B8 28"
"2026-08-23 00:27:26.256","01 03 04 EC 00 0C 85 0A"
"2026-08-23 00:27:26.288","01 03 18 27 0F 00 18 00 30 00 4B 00 71 00 A9 00 EF 01 37 01 97 01 FE 02 67 02 EA A7 D9"
"2026-08-23 00:27:26.758","01 04 00 56 00 03 50 1B"
"2026-08-23 00:27:26.769","01 04 06 02 B6 00 00 00 00 A8 AB"
"2026-08-23 00:27:27.756","01 06 01 41 00 2F 99 FE"
"2026-08-23 00:27:27.767","01 06 01 41 00 2F 99 FE"
"2026-08-23 00:27:28.266","01 10 0B 13 00 03 06 00 CA 00 74 00 FA 6A 77"
"2026-08-23 00:27:28.278","01 10 0B 13 00 03 73 E9"
"2026-08-23 00:27:28.289","01 03 04 B0 00 05 85 1E"
"2026-08-23 00:27:28.311","01 03 0A 00 00 00 00 00 00 00 00 00 00 24 B6"
"2026-08-23 00:27:28.759","01 01 00 19 00 03 AD CC"
"2026-08-23 00:27:28.771","01 01 01 00 51 88"
"2026-08-23 00:27:29.250","01 02 00 04 00 0C 39 CE"
"2026-08-23 00:27:29.272","01 02 02 01 00 B8 28"
"2026-08-23 00:27:29.751","01 03 04 EC 00 0C 85 0A"
"2026-08-23 00:27:29.793","01 03 18 27 0F 00 18 00 30 00 4B 00 71 00 A9 00 EF 01 37 01 97 01 FE 02 67 02 EA A7 D9"
"2026-08-23 00:27:30.252","01 04 00 56 00 03 50 1B"
"2026-08-23 00:27:30.274","01 04 06 03 AA 00 00 00 00 78 B8"
"2026-08-23 00:27:31.251","01 06 01 41 00 0B 99 E5"
"2026-08-23 00:27:31.263","01 06 01 41 00 0B 99 E5"
"2026-08-23 00:27:31.763","01 10 0B 13 00 03 06 00 F4 00 6F 00 F1 72 72"
"2026-08-23 00:27:31.774","01 10 0B 13 00 03 73 E9"
"2026-08-23 00:27:31.786","01 03 04 B0 00 05 85 1E"
"2026-08-23 00:27:31.807","01 03 0A 00 00 00 00 00 00 00 00 00 00 24 B6"
"2026-08-23 00:27:32.257","01 01 00 19 00 03 AD CC"
"2026-08-23 00:27:32.269","01 01 01 00 51 88"
"2026-08-23 00:27:32.759","01 02 00 04 00 0C 39 CE"
"2026-08-23 00:27:32.770","01 02 02 00 00 B9 B8"
"2026-08-23 00:27:32.944","01 06 04 EE 00 27 A8 D5"
"2026-08-23 00:27:32.966","01 06 04 EE 00 27 A8 D5"
"2026-08-23 00:27:33.253","01 03 04 EC 00 0C 85 0A"
"2026-08-23 00:27:33.296","01 03 18 27 0F 00 18 00 27 00 4B 00 71 00 A9 00 EF 01 37 01 97 01 FE 02 67 02 EA D6 6E"
"2026-08-23 00:27:33.755","01 04 00 56 00 03 50 1B"
"2026-08-23 00:27:33.776","01 04 06 00 D0 00 00 00 00 A1 41"
"2026-08-23 00:27:34.255","01 05 23 34 FF 00 C6 70"
"2026-08-23 00:27:34.267","01 05 23 34 FF 00 C6 70"
"2026-08-23 00:27:35.264","01 10 0B 13 00 03 06 00 CD 00 65 01 02 8F A0"
"2026-08-23 00:27:35.276","01 10 0B 13 00 03 73 E9"
"2026-08-23 00:27:35.287","01 03 04 B0 00 05 85 1E"
"2026-08-23 00:27:35.308","01 03 0A 00 00 00 00 00 00 00 00 00 00 24 B6"
"2026-08-23 00:27:35.756","01 01 00 19 00 03 AD CC"
"2026-08-23 00:27:35.768","01 01 01 00 51 88"
"2026-08-23 00:27:36.257","01 02 00 04 00 0C 39 CE"
"2026-08-23 00:27:36.269","01 02 02 01 00 B8 28"
"2026-08-23 00:27:36.758","01 03 04 EC 00 0C 85 0A"
"2026-08-23 00:27:36.790","01 03 18 27 0F 00 18 00 27 00 4B 00 71 00 A9 00 EF 01 37 01 97 01 FE 02 67 02 EA D6 6E"
"2026-08-23 00:27:37.250","01 04 00 56 00 03 50 1B"
"2026-08-23 00:27:37.272","01 04 06 01 12 00 00 00 00 D9 41"
"2026-08-23 00:27:37.752","01 05 23 34 00 00 87 80"
"2026-08-23 00:27:37.763","01 05 23 34 00 00 87 80"
"2026-08-23 00:27:38.253","01 06 01 41 00 0B 99 E5"
"2026-08-23 00:27:38.265","01 06 01 41 00 0B 99 E5"
"2026-08-23 00:27:38.765","01 10 0B 13 00 03 06 00 D8 00 67 00 F6 23 B4"
"2026-08-23 00:27:38.776","01 10 0B 13 00 03 73 E9"
"2026-08-23 00:27:38.787","01 03 04 B0 00 05 85 1E"
"2026-08-23 00:27:38.809","01 03 0A 00 00 00 00 00 00 00 00 00 00 24 B6"
"2026-08-23 00:27:39.258","01 01 00 19 00 03 AD CC"
"2026-08-23 00:27:39.269","01 01 01 00 51 88"
"2026-08-23 00:27:39.758","01 02 00 04 00 0C 39 CE"
"2026-08-23 00:27:39.770","01 02 02 01 00 B8 28"
"2026-08-23 00:27:40.259","01 03 04 EC 00 0C 85 0A"
"2026-08-23 00:27:40.290","01 03 18 27 0F 00 18 00 27 00 4B 00 71 00 A9 00 EF 01 37 01 97 01 FE 02 67 02 EA D6 6E"
"2026-08-23 00:27:40.759","01 04 00 56 00 03 50 1B"
"2026-08-23 00:27:40.771","01 04 06 00 A6 00 00 00 00 68 8A"
"2026-08-23 00:27:41.756","01 06 01 41 00 31 19 F6"
"2026-08-23 00:27:41.768","01 06 01 41 00 31 19 F6"
"2026-08-23 00:27:42.268","01 10 0B 13 00 03 06 00 CA 00 6A 00 FF CA 72"
"2026-08-23 00:27:42.280","01 10 0B 13 00 03 73 E9"
"2026-08-23 00:27:42.291","01 03 04 B0 00 05 85 1E"
"2026-08-23 00:27:42.313","01 03 0A 00 00 00 00 00 00 00 00 00 00 24 B6"
"2026-08-23 00:27:42.751","01 01 00 19 00 03 AD CC"
"2026-08-23 00:27:42.763","01 01 01 00 51 88"
"2026-08-23 00:27:43.253","01 02 00 04 00 0C 39 CE"
"2026-08-23 00:27:43.265","01 02 02 01 00 B8 28"
"2026-08-23 00:27:43.754","01 03 04 EC 00 0C 85 0A"
"2026-08-23 00:27:43.796","01 03 18 27 0F 00 18 00 27 00 4B 00 71 00 A9 00 EF 01 37 01 97 01 FE 02 67 02 EA D6 6E"
"2026-08-23 00:27:44.215","01 06 04 EE 00 29 29 11"
"2026-08-23 00:27:44.226","01 06 04 EE 00 29 29 11"
"2026-08-23 00:27:44.258","01 04 00 56 00 03 50 1B"
"2026-08-23 00:27:44.269","01 04 06 03 29 00 00 00 00 3D 66"
"2026-08-23 00:27:45.257","01 06 01 41 00 28 D8 3C"
"2026-08-23 00:27:45.268","01 06 01 41 00 28 D8 3C"
"2026-08-23 00:27:45.759","01 10 0B 13 00 03 06 00 D4 00 71 00 F0 52 73"
"2026-08-23 00:27:45.781","01 10 0B 13 00 03 73 E9"
"2026-08-23 00:27:45.792","01 03 04 B0 00 05 85 1E"
"2026-08-23 00:27:45.813","01 03 0A 00 00 00 00 00 00 00 00 00 00 24 B6"
"2026-08-23 00:27:46.252","01 01 00 19 00 03 AD CC"
"2026-08-23 00:27:46.263","01 01 01 00 51 88"
"2026-08-23 00:27:46.753","01 02 00 04 00 0C 39 CE"
"2026-08-23 00:27:46.764","01 02 02 00 00 B9 B8"
"2026-08-23 00:27:47.254","01 03 04 EC 00 0C 85 0A"
"2026-08-23 00:27:47.296","01 03 18 27 0F 00 18 00 29 00 4B 00 71 00 A9 00 EF 01 37 01 97 01 FE 02 67 02 EA BC 87"
"2026-08-23 00:27:47.755","01 04 00 56 00 03 50 1B"
"2026-08-23 00:27:47.777","01 04 06 02 F0 00 00 00 00 21 64"
"2026-08-23 00:27:48.258","01 05 23 34 FF 00 C6 70"
"2026-08-23 00:27:48.270","01 05 23 34 FF 00 C6 70"
"2026-08-23 00:27:48.761","01 06 01 41 00 2E 58 3E"
"2026-08-23 00:27:48.772","01 06 01 41 00 2E 58 3E"
"2026-08-23 00:27:49.262","01 10 0B 13 00 03 06 00 CE 00 6F 01 01 AB A3"
"2026-08-23 00:27:49.274","01 10 0B 13 00 03 73 E9"
"2026-08-23 00:27:49.296","01 03 04 B0 00 05 85 1E"
"2026-08-23 00:27:49.307","01 03 0A 00 00 00 00 00 00 00 00 00 00 24 B6"
"2026-08-23 00:27:49.756","01 01 00 19 00 03 AD CC"
"2026-08-23 00:27:49.768","01 01 01 00 51 88"
"2026-08-23 00:27:50.259","01 02 00 04 00 0C 39 CE"
"2026-08-23 00:27:50.270","01 02 02 01 00 B8 28"
"2026-08-23 00:27:50.759","01 03 04 EC 00 0C 85 0A"
"2026-08-23 00:27:50.791","01 03 18 27 0F 00 18 00 29 00 4B 00 71 00 A9 00 EF 01 37 01 97 01 FE 02 67 02 EA BC 87"
"2026-08-23 00:27:51.250","01 04 00 56 00 03 50 1B"
"2026-08-23 00:27:51.272","01 04 06 02 57 00 00 00 00 14 BD"
"2026-08-23 00:27:52.259","01 06 01 41 00 0B 99 E5"
"2026-08-23 00:27:52.271","01 06 01 41 00 0B 99 E5"
"2026-08-23 00:27:52.761","01 10 0B 13 00 03 06 00 DB 00 74 00 F6 96 71"
"2026-08-23 00:27:52.772","01 10 0B 13 00 03 73 E9"
"2026-08-23 00:27:52.794","01 03 04 B0 00 05 85 1E"
"2026-08-23 00:27:52.815","01 03 0A 00 00 00 00 00 00 00 00 00 00 24 B6"
"2026-08-23 00:27:53.253","01 01 00 19 00 03 AD CC"
"2026-08-23 00:27:53.265","01 01 01 00 51 88"
"2026-08-23 00:27:53.753","01 02 00 04 00 0C 39 CE"
"2026-08-23 00:27:53.765","01 02 02 00 00 B9 B8"
"2026-08-23 00:27:54.254","01 03 04 EC 00 0C 85 0A"
"2026-08-23 00:27:54.296","01 03 18 27 0F 00 18 00 29 00 4B 00 71 00 A9 00 EF 01 37 01 97 01 FE 02 67 02 EA BC 87"
"2026-08-23 00:27:54.756","01 04 00 56 00 03 50 1B"
"2026-08-23 00:27:54.767","01 04 06 01 83 00 00 00 00 24 9C"
"2026-08-23 00:27:56.163","01 06 04 FC 06 12 CB 67"
"2026-08-23 00:27:56.174","01 06 04 FC 06 12 CB 67"
"2026-08-23 00:27:56.267","01 10 0B 13 00 03 06 00 E4 00 73 00 FC B3 B2"
"2026-08-23 00:27:56.278","01 10 0B 13 00 03 73 E9"
"2026-08-23 00:27:56.290","01 03 04 B0 00 05 85 1E"
"2026-08-23 00:27:56.311","01 03 0A 00 00 00 00 00 00 00 00 00 00 24 B6"
"2026-08-23 00:27:56.750","01 01 00 19 00 03 AD CC"
"2026-08-23 00:27:56.762","01 01 01 00 51 88"
"2026-08-23 00:27:57.251","01 02 00 04 00 0C 39 CE"
"2026-08-23 00:27:57.272","01 02 02 00 00 B9 B8"
"2026-08-23 00:27:57.752","01 03 04 EC 00 0C 85 0A"
"2026-08-23 00:27:57.794","01 03 18 27 0F 00 18 00 29 00 4B 00 71 00 A9 00 EF 01 37 01 97 01 FE 02 67 02 EA BC 87"
"2026-08-23 00:27:58.253","01 04 00 56 00 03 50 1B"
"2026-08-23 00:27:58.275","01 04 06 02 B4 00 00 00 00 D1 6B"
"2026-08-23 00:27:59.252","01 06 01 41 00 10 D9 EE"
"2026-08-23 00:27:59.264","01 06 01 41 00 10 D9 EE"
"2026-08-23 00:27:59.764","01 10 0B 13 00 03 06 00 D3 00 6C 00 F9 B7 B3"
"2026-08-23 00:27:59.775","01 10 0B 13 00 03 73 E9"
"2026-08-23 00:27:59.787","01 03 04 B0 00 05 85 1E"
"2026-08-23 00:27:59.808","01 03 0A 00 00 00 00 00 00 00 00 00 00 24 B6"
"2026-08-23 00:28:00.257","01 01 00 19 00 03 AD CC"
"2026-08-23 00:28:00.269","01 01 01 00 51 88"
"2026-08-23 00:28:00.758","01 02 00 04 00 0C 39 CE"
"2026-08-23 00:28:00.769","01 02 02 01 00 B8 28"
"2026-08-23 00:28:01.258","01 03 04 EC 00 0C 85 0A"
"2026-08-23 00:28:01.290","01 03 18 27 0F 00 18 00 29 00 4B 00 71 00 A9 00 EF 01 37 01 97 01 FE 02 67 02 EA BC 87"
"2026-08-23 00:28:01.760","01 04 00 56 00 03 50 1B"
"2026-08-23 00:28:01.771","01 04 06 03 B1 00 00 00 00 1C BA"
"2026-08-23 00:28:03.268","01 10 0B 13 00 03 06 00 E4 00 6F 00 F1 B3 B1"
"2026-08-23 00:28:03.280","01 10 0B 13 00 03 73 E9"
"2026-08-23 00:28:03.291","01 03 04 B0 00 05 85 1E"
"2026-08-23 00:28:03.313","01 03 0A 00 00 00 00 00 00 00 00 00 00 24 B6"
"2026-08-23 00:28:03.752","01 01 00 19 00 03 AD CC"
"2026-08-23 00:28:03.763","01 01 01 00 51 88"
"2026-08-23 00:28:03.917","01 06 04 F0 00 74 88 EE"
"2026-08-23 00:28:03.928","01 06 04 F0 00 74 88 EE"
"2026-08-23 00:28:04.256","01 02 00 04 00 0C 39 CE"
"2026-08-23 00:28:04.267","01 02 02 01 00 B8 28"
"2026-08-23 00:28:04.760","01 03 04 EC 00 0C 85 0A"
"2026-08-23 00:28:04.792","01 03 18 27 0F 00 18 00 29 00 4B 00 74 00 A9 00 EF 01 37 01 97 01 FE 02 67 02 EA 79 84"
"2026-08-23 00:28:05.260","01 04 00 56 00 03 50 1B"
"2026-08-23 00:28:05.271","01 04 06 03 13 00 00 00 00 E5 63"
"2026-08-23 00:28:05.751","01 05 23 34 00 00 87 80"
"2026-08-23 00:28:05.772","01 05 23 34 00 00 87 80"
"2026-08-23 00:28:06.253","01 06 01 41 00 2A 59 FD"
"2026-08-23 00:28:06.275","01 06 01 41 00 2A 59 FD"
"2026-08-23 00:28:06.766","01 10 0B 13 00 03 06 00 E3 00 64 00 F5 76 70"
"2026-08-23 00:28:06.778","01 10 0B 13 00 03 73 E9"
"2026-08-23 00:28:06.789","01 03 04 B0 00 05 85 1E"
"2026-08-23 00:28:06.811","01 03 0A 00 00 00 00 00 00 00 00 00 00 24 B6"
"2026-08-23 00:28:07.260","01 01 00 19 00 03 AD CC"
"2026-08-23 00:28:07.272","01 01 01 00 51 88"
"2026-08-23 00:28:07.751","01 02 00 04 00 0C 39 CE"
"2026-08-23 00:28:07.763","01 02 02 01 00 B8 28"
"2026-08-23 00:28:08.252","01 03 04 EC 00 0C 85 0A"
"2026-08-23 00:28:08.294","01 03 18 27 0F 00 18 00 29 00 4B 00 74 00 A9 00 EF 01 37 01 97 01 FE 02 67 02 EA 79 84"
"2026-08-23 00:28:08.755","01 04 00 56 00 03 50 1B"
"2026-08-23 00:28:08.777","01 04 06 01 1C 00 00 00 00 B0 80"
"2026-08-23 00:28:10.264","01 10 0B 13 00 03 06 00 F1 00 6B 00 F6 BE 71"
"2026-08-23 00:28:10.276","01 10 0B 13 00 03 73 E9"
"2026-08-23 00:28:10.287","01 03 04 B0 00 05 85 1E"
"2026-08-23 00:28:10.308","01 03 0A 00 00 00 00 00 00 00 00 00 00 24 B6"
"2026-08-23 00:28:10.757","01 01 00 19 00 03 AD CC"
"2026-08-23 00:28:10.768","01 01 01 00 51 88"
"2026-08-23 00:28:11.258","01 02 00 04 00 0C 39 CE"
"2026-08-23 00:28:11.270","01 02 02 01 00 B8 28"
"2026-08-23 00:28:11.759","01 03 04 EC 00 0C 85 0A"
"2026-08-23 00:28:11.791","01 03 18 27 0F 00 18 00 29 00 4B 00 74 00 A9 00 EF 01 37 01 97 01 FE 02 67 02 EA 79 84"
"2026-08-23 00:28:12.251","01 04 00 56 00 03 50 1B"
"2026-08-23 00:28:12.273","01 04 06 01 E6 00 00 00 00 68 94"
"2026-08-23 00:28:12.752","01 05 23 34 00 00 87 80"
"2026-08-23 00:28:12.773","01 05 23 34 00 00 87 80"
"2026-08-23 00:28:13.252","01 06 01 41 00 2E 58 3E"
"2026-08-23 00:28:13.274","01 06 01 41 00 2E 58 3E"
"2026-08-23 00:28:13.763","01 10 0B 13 00 03 06 00 F1 00 74 00 F7 4E 77"
"2026-08-23 00:28:13.774","01 10 0B 13 00 03 73 E9"
"2026-08-23 00:28:13.785","01 03 04 B0 00 05 85 1E"
"2026-08-23 00:28:13.817","01 03 0A 00 00 00 00 00 00 00 00 00 00 24 B6"
"2026-08-23 00:28:14.255","01 01 00 19 00 03 AD CC"
"2026-08-23 00:28:14.267","01 01 01 00 51 88"
"2026-08-23 00:28:14.757","01 02 00 04 00 0C 39 CE"
"2026-08-23 00:28:14.769","01 02 02 01 00 B8 28"
"2026-08-23 00:28:15.259","01 03 04 EC 00 0C 85 0A"
"2026-08-23 00:28:15.292","01 03 18 27 0F 00 18 00 29 00 4B 00 74 00 A9 00 EF 01 37 01 97 01 FE 02 67 02 EA 79 84"
"2026-08-23 00:28:15.753","01 04 00 56 00 03 50 1B"
"2026-08-23 00:28:15.774","01 04 06 03 3E 00 00 00 00 49 65"
"2026-08-23 00:28:16.254","01 05 23 34 00 00 87 80"
"2026-08-23 00:28:16.266","01 05 23 34 00 00 87 80"
"2026-08-23 00:28:17.265","01 10 0B 13 00 03 06 00 D5 00 6A 00 F9 DF B2"
"2026-08-23 00:28:17.276","01 10 0B 13 00 03 73 E9"
"2026-08-23 00:28:17.287","01 03 04 B0 00 05 85 1E"
"2026-08-23 00:28:17.309","01 03 0A 00 00 00 00 00 00 00 00 00 00 24 B6"
"2026-08-23 00:28:17.756","01 01 00 19 00 03 AD CC"
"2026-08-23 00:28:17.768","01 01 01 00 51 88"
"2026-08-23 00:28:18.257","01 02 00 04 00 0C 39 CE"
"2026-08-23 00:28:18.268","01 02 02 01 00 B8 28"
"2026-08-23 00:28:18.686","01 06 04 EF 00 4A 38 F8"
"2026-08-23 00:28:18.697","01 06 04 EF 00 4A 38 F8"
"2026-08-23 00:28:18.759","01 03 04 EC 00 0C 85 0A"
"2026-08-23 00:28:18.791","01 03 18 27 0F 00 18 00 29 00 4A 00 74 00 A9 00 EF 01 37 01 97 01 FE 02 67 02 EA 28 14"
"2026-08-23 00:28:19.260","01 04 00 56 00 03 50 1B"
"2026-08-23 00:28:19.271","01 04 06 03 3E 00 00 00 00 49 65"
"2026-08-23 00:28:19.761","01 05 23 34 FF 00 C6 70"
"2026-08-23 00:28:19.773","01 05 23 34 FF 00 C6 70"
"2026-08-23 00:28:20.762","01 10 0B 13 00 03 06 00 DA 00 6F 00 FA DB B3"
"2026-08-23 00:28:20.773","01 10 0B 13 00 03 73 E9"
"2026-08-23 00:28:20.795","01 03 04 B0 00 05 85 1E"
"2026-08-23 00:28:20.816","01 03 0A 00 00 00 00 00 00 00 00 00 00 24 B6"
"2026-08-23 00:28:21.255","01 01 00 19 00 03 AD CC"
"2026-08-23 00:28:21.267","01 01 01 00 51 88"
"2026-08-23 00:28:21.757","01 02 00 04 00 0C 39 CE"
"2026-08-23 00:28:21.769","01 02 02 00 00 B9 B8"
"2026-08-23 00:28:22.259","01 03 04 EC 00 0C 85 0A"
"2026-08-23 00:28:22.291","01 03 18 27 0F 00 18 00 29 00 4A 00 74 00 A9 00 EF 01 37 01 97 01 FE 02 67 02 EA 28 14"
"2026-08-23 00:28:22.761","01 04 00 56 00 03 50 1B"
"2026-08-23 00:28:22.772","01 04 06 03 06 00 00 00 00 E8 A0"
"2026-08-23 00:28:24.259","01 10 0B 13 00 03 06 00 D9 00 75 00 F6 BE 71"
"2026-08-23 00:28:24.281","01 10 0B 13 00 03 73 E9"
"2026-08-23 00:28:24.292","01 03 04 B0 00 05 85 1E"
"2026-08-23 00:28:24.314","01 03 0A 00 00 00 00 00 00 00 00 00 00 24 B6"
"2026-08-23 00:28:24.753","01 01 00 19 00 03 AD CC"
"2026-08-23 00:28:24.764","01 01 01 00 51 88"
"2026-08-23 00:28:25.254","01 02 00 04 00 0C 39 CE"
"2026-08-23 00:28:25.266","01 02 02 01 00 B8 28"
"2026-08-23 00:28:25.755","01 03 04 EC 00 0C 85 0A"
"2026-08-23 00:28:25.798","01 03 18 27 0F 00 18 00 29 00 4A 00 74 00 A9 00 EF 01 37 01 97 01 FE 02 67 02 EA 28 14"
"2026-08-23 00:28:26.257","01 04 00 56 00 03 50 1B"
"2026-08-23 00:28:26.269","01 04 06 01 BD 00 00 00 00 0D 59"
"2026-08-23 00:28:27.764","01 10 0B 13 00 03 06 00 F2 00 71 00 F0 5B B4"
"2026-08-23 00:28:27.776","01 10 0B 13 00 03 73 E9"
"2026-08-23 00:28:27.787","01 03 04 B0 00 05 85 1E"
"2026-08-23 00:28:27.808","01 03 0A 00 00 00 00 00 00 00 00 00 00 24 B6"
"2026-08-23 00:28:28.257","01 01 00 19 00 03 AD CC"
"2026-08-23 00:28:28.268","01 01 01 00 51 88"
"2026-08-23 00:28:28.757","01 02 00 04 00 0C 39 CE"
"2026-08-23 00:28:28.769","01 02 02 01 00 B8 28"
"2026-08-23 00:28:29.258","01 03 04 EC 00 0C 85 0A"
"2026-08-23 00:28:29.300","01 03 18 27 0F 00 18 00 29 00 4A 00 74 00 A9 00 EF 01 37 01 97 01 FE 02 67 02 EA 28 14"
"2026-08-23 00:28:29.758","01 04 00 56 00 03 50 1B"
"2026-08-23 00:28:29.770","01 04 06 02 F0 00 00 00 00 21 64"
"2026-08-23 00:28:30.391","01 06 04 FB 05 5D 3B A2"
"2026-08-23 00:28:30.403","01 06 04 FB 05 5D 3B A2"
"2026-08-23 00:28:31.268","01 10 0B 13 00 03 06 00 D4 00 65 00 F2 93 B6"
"2026-08-23 00:28:31.279","01 10 0B 13 00 03 73 E9"
"2026-08-23 00:28:31.290","01 03 04 B0 00 05 85 1E"
"2026-08-23 00:28:31.312","01 03 0A 00 00 00 00 00 00 00 00 00 00 24 B6"
"2026-08-23 00:28:31.760","01 01 00 19 00 03 AD CC"
"2026-08-23 00:28:31.772","01 01 01 00 51 88"
"2026-08-23 00:28:32.251","01 02 00 04 00 0C 39 CE"
"2026-08-23 00:28:32.263","01 02 02 01 00 B8 28"
"2026-08-23 00:28:32.752","01 03 04 EC 00 0C 85 0A"
"2026-08-23 00:28:32.795","01 03 18 27 0F 00 18 00 29 00 4A 00 74 00 A9 00 EF 01 37 01 97 01 FE 02 67 02 EA 28 14"
"2026-08-23 00:28:33.254","01 04 00 56 00 03 50 1B"
"2026-08-23 00:28:33.276","01 04 06 00 F4 00 00 00 00 D1 46"
"2026-08-23 00:28:33.755","01 05 23 34 00 00 87 80"
"2026-08-23 00:28:33.766","01 05 23 34 00 00 87 80"
"2026-08-23 00:28:34.764","01 10 0B 13 00 03 06 00 F3 00 73 00 F1 06 74"
"2026-08-23 00:28:34.776","01 10 0B 13 00 03 73 E9"
"2026-08-23 00:28:34.787","01 03 04 B0 00 05 85 1E"
"2026-08-23 00:28:34.809","01 03 0A 00 00 00 00 00 00 00 00 00 00 24 B6"
"2026-08-23 00:28:35.258","01 01 00 19 00 03 AD CC"
"2026-08-23 00:28:35.269","01 01 01 00 51 88"
"2026-08-23 00:28:35.759","01 02 00 04 00 0C 39 CE"
"2026-08-23 00:28:35.770","01 02 02 01 00 B8 28"
"2026-08-23 00:28:36.260","01 03 04 EC 00 0C 85 0A"
"2026-08-23 00:28:36.292","01 03 18 27 0F 00 18 00 29 00 4A 00 74 00 A9 00 EF 01 37 01 97 01 FE 02 67 02 EA 28 14"
"2026-08-23 00:28:36.760","01 04 00 56 00 03 50 1B"
"2026-08-23 00:28:36.772","01 04 06 01 76 00 00 00 00 A8 89"
"2026-08-23 00:28:37.251","01 05 23 34 FF 00 C6 70"
"2026-08-23 00:28:37.273","01 05 23 34 FF 00 C6 70"
"2026-08-23 00:28:37.752","01 06 01 41 00 2B 98 3D"
"2026-08-23 00:28:37.773","01 06 01 41 00 2B 98 3D"
"2026-08-23 00:28:38.262","01 10 0B 13 00 03 06 00 ED 00 70 00 F1 5E 76"
"2026-08-23 00:28:38.274","01 10 0B 13 00 03 73 E9"
"2026-08-23 00:28:38.295","01 03 04 B0 00 05 85 1E"
"2026-08-23 00:28:38.316","01 03 0A 00 00 00 00 00 00 00 00 00 00 24 B6"
"2026-08-23 00:28:38.755","01 01 00 19 00 03 AD CC"
"2026-08-23 00:28:38.766","01 01 01 00 51 88"
"2026-08-23 00:28:39.255","01 02 00 04 00 0C 39 CE"
"2026-08-23 00:28:39.267","01 02 02 00 00 B9 B8"
"2026-08-23 00:28:39.573","01 06 04 F8 03 73 48 1E"
"2026-08-23 00:28:39.585","01 06 04 F8 03 73 48 1E"
"2026-08-23 00:28:39.758","01 03 04 EC 00 0C 85 0A"
"2026-08-23 00:28:39.790","01 03 18 27 0F 00 18 00 29 00 4A 00 74 00 A9 00 EF 01 37 01 97 01 FE 02 67 02 EA 28 14"
"2026-08-23 00:28:40.260","01 04 00 56 00 03 50 1B"
"2026-08-23 00:28:40.272","01 04 06 02 04 00 00 00 00 90 B1"
"2026-08-23 00:28:41.260","01 06 01 41 00 1A 59 E9"
"2026-08-23 00:28:41.271","01 06 01 41 00 1A 59 E9"
"2026-08-23 00:28:41.760","01 10 0B 13 00 03 06 00 CE 00 75 00 F8 4B B6"
"2026-08-23 00:28:41.782","01 10 0B 13 00 03 73 E9"
"2026-08-23 00:28:41.793","01 03 04 B0 00 05 85 1E"
"2026-08-23 00:28:41.814","01 03 0A 00 00 00 00 00 00 00 00 00 00 24 B6"
"2026-08-23 00:28:42.253","01 01 00 19 00 03 AD CC"
"2026-08-23 00:28:42.264","01 01 01 00 51 88"
"2026-08-23 00:28:42.753","01 02 00 04 00 0C 39 CE"
"2026-08-23 00:28:42.765","01 02 02 00 00 B9 B8"
"2026-08-23 00:28:43.254","01 03 04 EC 00 0C 85 0A"
"2026-08-23 00:28:43.296","01 03 18 27 0F 00 18 00 29 00 4A 00 74 00 A9 00 EF 01 37 01 97 01 FE 02 67 02 EA 28 14"
"2026-08-23 00:28:43.757","01 04 00 56 00 03 50 1B"
"2026-08-23 00:28:43.768","01 04 06 00 8F 00 00 00 00 35 4C"
"2026-08-23 00:28:45.262","01 10 0B 13 00 03 06 00 DC 00 71 01 00 B2 66"
"2026-08-23 00:28:45.273","01 10 0B 13 00 03 73 E9"
"2026-08-23 00:28:45.294","01 03 04 B0 00 05 85 1E"
"2026-08-23 00:28:45.316","01 03 0A 00 00 00 00 00 00 00 00 00 00 24 B6"
"2026-08-23 00:28:45.754","01 01 00 19 00 03 AD CC"
"2026-08-23 00:28:45.766","01 01 01 00 51 88"
"2026-08-23 00:28:46.255","01 02 00 04 00 0C 39 CE"
"2026-08-23 00:28:46.267","01 02 02 00 00 B9 B8"
"2026-08-23 00:28:46.756","01 03 04 EC 00 0C 85 0A"
"2026-08-23 00:28:46.798","01 03 18 27 0F 00 18 00 29 00 4A 00 74 00 A9 00 EF 01 37 01 97 01 FE 02 67 02 EA 28 14"
"2026-08-23 00:28:47.065","01 06 04 EE 00 2B A8 D0"
"2026-08-23 00:28:47.077","01 06 04 EE 00 2B A8 D0"
"2026-08-23 00:28:47.260","01 04 00 56 00 03 50 1B"
"2026-08-23 00:28:47.273","01 04 06 03 95 00 00 00 00 6C BD"
"2026-08-23 00:28:48.261","01 06 01 41 00 2E 58 3E"
"2026-08-23 00:28:48.273","01 06 01 41 00 2E 58 3E"
"2026-08-23 00:28:48.763","01 10 0B 13 00 03 06 00 D7 00 6F 01 00 77 A1"
"2026-08-23 00:28:48.774","01 10 0B 13 00 03 73 E9"
"2026-08-23 00:28:48.795","01 03 04 B0 00 05 85 1E"
"2026-08-23 00:28:48.817","01 03 0A 00 00 00 00 00 00 00 00 00 00 24 B6"
"2026-08-23 00:28:49.255","01 01 00 19 00 03 AD CC"
"2026-08-23 00:28:49.266","01 01 01 00 51 88"
"2026-08-23 00:28:49.755","01 02 00 04 00 0C 39 CE"
"2026-08-23 00:28:49.767","01 02 02 00 00 B9 B8"
"2026-08-23 00:28:50.257","01 03 04 EC 00 0C 85 0A"
"2026-08-23 00:28:50.299","01 03 18 27 0F 00 18 00 2B 00 4A 00 74 00 A9 00 EF 01 37 01 97 01 FE 02 67 02 EA 51 AC"
"2026-08-23 00:28:50.757","01 04 00 56 00 03 50 1B"
"2026-08-23 00:28:50.769","01 04 06 03 5E 00 00 00 00 C9 6D"
"2026-08-23 00:28:52.264","01 10 0B 13 00 03 06 00 F8 00 74 01 01 13 A0"
"2026-08-23 00:28:52.275","01 10 0B 13 00 03 73 E9"
"2026-08-23 00:28:52.296","01 03 04 B0 00 05 85 1E"
"2026-08-23 00:28:52.318","01 03 0A 00 00 00 00 00 00 00 00 00 00 24 B6"
"2026-08-23 00:28:52.756","01 01 00 19 00 03 AD CC"
"2026-08-23 00:28:52.767","01 01 01 00 51 88"
"2026-08-23 00:28:53.256","01 02 00 04 00 0C 39 CE"
"2026-08-23 00:28:53.267","01 02 02 00 00 B9 B8"
"2026-08-23 00:28:53.756","01 03 04 EC 00 0C 85 0A"
"2026-08-23 00:28:53.799","01 03 18 27 0F 00 18 00 2B 00 4A 00 74 00 A9 00 EF 01 37 01 97 01 FE 02 67 02 EA 51 AC"
"2026-08-23 00:28:54.257","01 04 00 56 00 03 50 1B"
"2026-08-23 00:28:54.269","01 04 06 00 E0 00 00 00 00 E1 45"
"2026-08-23 00:28:55.255","01 06 01 41 00 0F 98 26"
"2026-08-23 00:28:55.266","01 06 01 41 00 0F 98 26"
"2026-08-23 00:28:55.765","01 10 0B 13 00 03 06 00 D6 00 71 00 FA AB B4"
"2026-08-23 00:28:55.777","01 10 0B 13 00 03 73 E9"
"2026-08-23 00:28:55.788","01 03 04 B0 00 05 85 1E"
"2026-08-23 00:28:55.809","01 03 0A 00 00 00 00 00 00 00 00 00 00 24 B6"
"2026-08-23 00:28:56.258","01 01 00 19 00 03 AD CC"
"2026-08-23 00:28:56.269","01 01 01 00 51 88"
"2026-08-23 00:28:56.758","01 02 00 04 00 0C 39 CE"
"2026-08-23 00:28:56.770","01 02 02 01 00 B8 28"
"2026-08-23 00:28:57.259","01 03 04 EC 00 0C 85 0A"
"2026-08-23 00:28:57.291","01 03 18 27 0F 00 18 00 2B 00 4A 00 74 00 A9 00 EF 01 37 01 97 01 FE 02 67 02 EA 51 AC"
"2026-08-23 00:28:57.761","01 04 00 56 00 03 50 1B"
"2026-08-23 00:28:57.772","01 04 06 03 7E 00 00 00 00 48 AA"
"2026-08-23 00:28:58.760","01 06 01 41 00 12 58 2F"
"2026-08-23 00:28:58.771","01 06 01 41 00 12 58 2F"
"2026-08-23 00:28:59.260","01 10 0B 13 00 03 06 00 EA 00 67 00 FB DB B5"
"2026-08-23 00:28:59.281","01 10 0B 13 00 03 73 E9"
"2026-08-23 00:28:59.292","01 03 04 B0 00 05 85 1E"
"2026-08-23 00:28:59.314","01 03 0A 00 00 00 00 00 00 00 00 00 00 24 B6"
"2026-08-23 00:28:59.752","01 01 00 19 00 03 AD CC"
"2026-08-23 00:28:59.764","01 01 01 00 51 88"
"2026-08-23 00:29:00.254","01 02 00 04 00 0C 39 CE"
"2026-08-23 00:29:00.265","01 02 02 01 00 B8 28"
"2026-08-23 00:29:00.439","01 06 04 ED 00 16 99 01"
"2026-08-23 00:29:00.450","01 06 04 ED 00 16 99 01"
"2026-08-23 00:29:00.756","01 03 04 EC 00 0C 85 0A"
"2026-08-23 00:29:00.798","01 03 18 27 0F 00 16 00 2B 00 4A 00 74 00 A9 00 EF 01 37 01 97 01 FE 02 67 02 EA BE 82"
"2026-08-23 00:29:01.258","01 04 00 56 00 03 50 1B"
"2026-08-23 00:29:01.270","01 04 06 01 C9 00 00 00 00 BD 52"
"2026-08-23 00:29:01.759","01 05 23 34 00 00 87 80"
"2026-08-23 00:29:01.770","01 05 23 34 00 00 87 80"
"2026-08-23 00:29:02.260","01 06 01 41 00 25 19 F9"
"2026-08-23 00:29:02.272","01 06 01 41 00 25 19 F9"
"2026-08-23 00:29:02.762","01 10 0B 13 00 03 06 00 CF 00 70 00 FA E7 B6"
"2026-08-23 00:29:02.773","01 10 0B 13 00 03 73 E9"
"2026-08-23 00:29:02.795","01 03 04 B0 00 05 85 1E"
"2026-08-23 00:29:02.816","01 03 0A 00 00 00 00 00 00 00 00 00 00 24 B6"
"2026-08-23 00:29:03.256","01 01 00 19 00 03 AD CC"
"2026-08-23 00:29:03.267","01 01 01 00 51 88"
"2026-08-23 00:29:03.756","01 02 00 04 00 0C 39 CE"
"2026-08-23 00:29:03.768","01 02 02 00 00 B9 B8"
"2026-08-23 00:29:04.257","01 03 04 EC 00 0C 85 0A"
"2026-08-23 00:29:04.290","01 03 18 27 0F 00 16 00 2B 00 4A 00 74 00 A9 00 EF 01 37 01 97 01 FE 02 67 02 EA BE 82"
"2026-08-23 00:29:04.760","01 04 00 56 00 03 50 1B"
"2026-08-23 00:29:04.772","01 04 06 00 C8 00 00 00 00 81 43"
"2026-08-23 00:29:05.760","01 06 01 41 00 1F 99 EA"
"2026-08-23 00:29:05.772","01 06 01 41 00 1F 99 EA"
"2026-08-23 00:29:06.262","01 10 0B 13 00 03 06 00 E9 00 68 00 F5 2E 72"
"2026-08-23 00:29:06.274","01 10 0B 13 00 03 73 E9"
"2026-08-23 00:29:06.295","01 03 04 B0 00 05 85 1E"
"2026-08-23 00:29:06.316","01 03 0A 00 00 00 00 00 00 00 00 00 00 24 B6"
"2026-08-23 00:29:06.755","01 01 00 19 00 03 AD CC"
"2026-08-23 00:29:06.767","01 01 01 00 51 88"
"2026-08-23 00:29:07.257","01 02 00 04 00 0C 39 CE"
"2026-08-23 00:29:07.269","01 02 02 00 00 B9 B8"
"2026-08-23 00:29:07.758","01 03 04 EC 00 0C 85 0A"
"2026-08-23 00:29:07.790","01 03 18 27 0F 00 16 00 2B 00 4A 00 74 00 A9 00 EF 01 37 01 97 01 FE 02 67 02 EA BE 82"
"2026-08-23 00:29:07.883","01 06 04 FF 08 8F FE AE"
"2026-08-23 00:29:07.894","01 06 04 FF 08 8F FE AE"
"2026-08-23 00:29:08.252","01 04 00 56 00 03 50 1B"
"2026-08-23 00:29:08.274","01 04 06 01 B6 00 00 00 00 A8 98"
"2026-08-23 00:29:08.754","01 05 23 34 FF 00 C6 70"
"2026-08-23 00:29:08.766","01 05 23 34 FF 00 C6 70"
"2026-08-23 00:29:09.763","01 10 0B 13 00 03 06 00 F8 00 72 00 F1 F2 75"
"2026-08-23 00:29:09.774","01 10 0B 13 00 03 73 E9"
"2026-08-23 00:29:09.796","01 03 04 B0 00 05 85 1E"
"2026-08-23 00:29:09.817","01 03 0A 00 00 00 00 00 00 00 00 00 00 24 B6"
"2026-08-23 00:29:10.256","01 01 00 19 00 03 AD CC"
"2026-08-23 00:29:10.268","01 01 01 00 51 88"
"2026-08-23 00:29:10.757","01 02 00 04 00 0C 39 CE"
"2026-08-23 00:29:10.769","01 02 02 00 00 B9 B8"
"2026-08-23 00:29:11.258","01 03 04 EC 00 0C 85 0A"
"2026-08-23 00:29:11.290","01 03 18 27 0F 00 16 00 2B 00 4A 00 74 00 A9 00 EF 01 37 01 97 01 FE 02 67 02 EA BE 82"
"2026-08-23 00:29:11.759","01 04 00 56 00 03 50 1B"
"2026-08-23 00:29:11.771","01 04 06 03 41 00 00 00 00 5C AF"
"2026-08-23 00:29:12.759","01 06 01 41 00 0D 19 E7"
"2026-08-23 00:29:12.770","01 06 01 41 00 0D 19 E7"
"2026-08-23 00:29:13.270","01 10 0B 13 00 03 06 00 E1 00 6A 01 02 2E 65"
"2026-08-23 00:29:13.281","01 10 0B 13 00 03 73 E9"
"2026-08-23 00:29:13.292","01 03 04 B0 00 05 85 1E"
"2026-08-23 00:29:13.314","01 03 0A 00 00 00 00 00 00 00 00 00 00 24 B6"
"2026-08-23 00:29:13.752","01 01 00 19 00 03 AD CC"
"2026-08-23 00:29:13.763","01 01 01 00 51 88"
"2026-08-23 00:29:14.252","01 02 00 04 00 0C 39 CE"
"2026-08-23 00:29:14.274","01 02 02 01 00 B8 28"
"2026-08-23 00:29:14.754","01 03 04 EC 00 0C 85 0A"
"2026-08-23 00:29:14.796","01 03 18 27 0F 00 16 00 2B 00 4A 00 74 00 A9 00 EF 01 37 01 97 01 FE 02 67 02 EA BE 82"
"2026-08-23 00:29:15.255","01 04 00 56 00 03 50 1B"
"2026-08-23 00:29:15.276","01 04 06 02 73 00 00 00 00 64 BA"
"2026-08-23 00:29:15.471","01 06 04 F4 01 90 C8 F4"
"2026-08-23 00:29:15.493","01 06 04 F4 01 90 C8 F4"
"2026-08-23 00:29:15.759","01 05 23 34 00 00 87 80"
"2026-08-23 00:29:15.771","01 05 23 34 00 00 87 80"
"2026-08-23 00:29:16.760","01 10 0B 13 00 03 06 00 E4 00 76 00 F0 A3 B6"
"2026-08-23 00:29:16.782","01 10 0B 13 00 03 73 E9"
"2026-08-23 00:29:16.794","01 03 04 B0 00 05 85 1E"
"2026-08-23 00:29:16.815","01 03 0A 00 00 00 00 00 00 00 00 00 00 24 B6"
"2026-08-23 00:29:17.254","01 01 00 19 00 03 AD CC"
"2026-08-23 00:29:17.266","01 01 01 00 51 88"
"2026-08-23 00:29:17.756","01 02 00 04 00 0C 39 CE"
"2026-08-23 00:29:17.767","01 02 02 01 00 B8 28"
"2026-08-23 00:29:18.258","01 03 04 EC 00 0C 85 0A"
"2026-08-23 00:29:18.300","01 03 18 27 0F 00 16 00 2B 00 4A 00 74 00 A9 00 EF 01 37 01 90 01 FE 02 67 02 EA C8 42"
"2026-08-23 00:29:18.760","01 04 00 56 00 03 50 1B"
"2026-08-23 00:29:18.772","01 04 06 00 8D 00 00 00 00 4C 8C"
"2026-08-23 00:29:20.266","01 10 0B 13 00 03 06 00 EA 00 77 00 F1 5A 77"
"2026-08-23 00:29:20.277","01 10 0B 13 00 03 73 E9"
"2026-08-23 00:29:20.289","01 03 04 B0 00 05 85 1E"
"2026-08-23 00:29:20.310","01 03 0A 00 00 00 00 00 00 00 00 00 00 24 B6"
"2026-08-23 00:29:20.738","01 06 04 F3 01 3F 39 49"
"2026-08-23 00:29:20.749","01 06 04 F3 01 3F 39 49"
"2026-08-23 00:29:20.771","01 01 00 19 00 03 AD CC"
"2026-08-23 00:29:20.782","01 01 01 00 51 88"
"2026-08-23 00:29:21.271","01 02 00 04 00 0C 39 CE"
"2026-08-23 00:29:21.282","01 02 02 00 00 B9 B8"
"2026-08-23 00:29:21.771","01 03 04 EC 00 0C 85 0A"
"2026-08-23 00:29:21.803","01 03 18 27 0F 00 16 00 2B 00 4A 00 74 00 A9 00 EF 01 3F 01 90 01 FE 02 67 02 EA AF 82"
"2026-08-23 00:29:22.261","01 04 00 56 00 03 50 1B"
"2026-08-23 00:29:22.283","01 04 06 02 AD 00 00 00 00 CC A9"
"2026-08-23 00:29:23.769","01 10 0B 13 00 03 06 00 DA 00 73 01 00 9B A6"
"2026-08-23 00:29:23.791","01 10 0B 13 00 03 73 E9"
"2026-08-23 00:29:23.803","01 03 04 B0 00 05 85 1E"
"2026-08-23 00:29:23.824","01 03 0A 00 00 00 00 00 00 00 00 00 00 24 B6"
"2026-08-23 00:29:24.262","01 01 00 19 00 03 AD CC"
"2026-08-23 00:29:24.273","01 01 01 00 51 88"
"2026-08-23 00:29:24.763","01 02 00 04 00 0C 39 CE"
"2026-08-23 00:29:24.774","01 02 02 00 00 B9 B8"
"2026-08-23 00:29:25.264","01 03 04 EC 00 0C 85 0A"
"2026-08-23 00:29:25.306","01 03 18 27 0F 00 16 00 2B 00 4A 00 74 00 A9 00 EF 01 3F 01 90 01 FE 02 67 02 EA AF 82"
"2026-08-23 00:29:25.764","01 04 00 56 00 03 50 1B"
"2026-08-23 00:29:25.786","01 04 06 01 A3 00 00 00 00 A5 5B"
"2026-08-23 00:29:27.279","01 10 0B 13 00 03 06 00 DB 00 71 00 F4 07 B1"
"2026-08-23 00:29:27.291","01 10 0B 13 00 03 73 E9"
"2026-08-23 00:29:27.302","01 03 04 B0 00 05 85 1E"
"2026-08-23 00:29:27.323","01 03 0A 00 00 00 00 00 00 00 00 00 00 24 B6"
"2026-08-23 00:29:27.761","01 01 00 19 00 03 AD CC"
"2026-08-23 00:29:27.773","01 01 01 00 51 88"
"2026-08-23 00:29:28.262","01 02 00 04 00 0C 39 CE"
"2026-08-23 00:29:28.283","01 02 02 01 00 B8 28"
"2026-08-23 00:29:28.691","01 06 04 FA 04 AB EB B4"
"2026-08-23 00:29:28.703","01 06 04 FA 04 AB EB B4"
"2026-08-23 00:29:28.765","01 03 04 EC 00 0C 85 0A"
"2026-08-23 00:29:28.807","01 03 18 27 0F 00 16 00 2B 00 4A 00 74 00 A9 00 EF 01 3F 01 90 01 FE 02 67 02 EA AF 82"
"2026-08-23 00:29:29.265","01 04 00 56 00 03 50 1B"
"2026-08-23 00:29:29.287","01 04 06 01 32 00 00 00 00 58 86"
"2026-08-23 00:29:30.771","01 10 0B 13 00 03 06 00 D7 00 6D 00 F9 17 B3"
"2026-08-23 00:29:30.792","01 10 0B 13 00 03 73 E9"
"2026-08-23 00:29:30.804","01 03 04 B0 00 05 85 1E"
"2026-08-23 00:29:30.825","01 03 0A 00 00 00 00 00 00 00 00 00 00 24 B6"
"2026-08-23 00:29:31.263","01 01 00 19 00 03 AD CC"
"2026-08-23 00:29:31.275","01 01 01 00 51 88"
"2026-08-23 00:29:31.764","01 02 00 04 00 0C 39 CE"
"2026-08-23 00:29:31.775","01 02 02 00 00 B9 B8"
"2026-08-23 00:29:32.265","01 03 04 EC 00 0C 85 0A"
"2026-08-23 00:29:32.307","01 03 18 27 0F 00 16 00 2B 00 4A 00 74 00 A9 00 EF 01 3F 01 90 01 FE 02 67 02 EA AF 82"
"2026-08-23 00:29:32.766","01 04 00 56 00 03 50 1B"
"2026-08-23 00:29:32.777","01 04 06 02 31 00 00 00 00 1C B5"
"2026-08-23 00:29:33.764","01 06 01 41 00 19 19 E8"
"2026-08-23 00:29:33.775","01 06 01 41 00 19 19 E8"
"2026-08-23 00:29:34.275","01 10 0B 13 00 03 06 00 E9 00 66 00 FE 0E 76"
"2026-08-23 00:29:34.286","01 10 0B 13 00 03 73 E9"
"2026-08-23 00:29:34.297","01 03 04 B0 00 05 85 1E"
"2026-08-23 00:29:34.319","01 03 0A 00 00 00 00 00 00 00 00 00 00 24 B6"
"2026-08-23 00:29:34.767","01 01 00 19 00 03 AD CC"
"2026-08-23 00:29:34.779","01 01 01 00 51 88"
"2026-08-23 00:29:35.267","01 02 00 04 00 0C 39 CE"
"2026-08-23 00:29:35.279","01 02 02 00 00 B9 B8"
"2026-08-23 00:29:35.768","01 03 04 EC 00 0C 85 0A"
"2026-08-23 00:29:35.799","01 03 18 27 0F 00 16 00 2B 00 4A 00 74 00 A9 00 EF 01 3F 01 90 01 FE 02 67 02 EA AF 82"
"2026-08-23 00:29:35.851","01 06 04 F7 02 EA B9 E7"
"2026-08-23 00:29:35.873","01 06 04 F7 02 EA B9 E7"
"2026-08-23 00:29:36.270","01 04 00 56 00 03 50 1B"
"2026-08-23 00:29:36.282","01 04 06 00 BD 00 00 00 00 0C 88"
"2026-08-23 00:29:37.777","01 10 0B 13 00 03 06 00 CD 00 6F 01 00 2E 63"
"2026-08-23 00:29:37.788","01 10 0B 13 00 03 73 E9"
"2026-08-23 00:29:37.799","01 03 04 B0 00 05 85 1E"
"2026-08-23 00:29:37.821","01 03 0A 00 00 00 00 00 00 00 00 00 00 24 B6"
"2026-08-23 00:29:38.270","01 01 00 19 00 03 AD CC"
"2026-08-23 00:29:38.282","01 01 01 00 51 88"
"2026-08-23 00:29:38.762","01 02 00 04 00 0C 39 CE"
"2026-08-23 00:29:38.773","01 02 02 01 00 B8 28"
"2026-08-23 00:29:39.262","01 03 04 EC 00 0C 85 0A"
"2026-08-23 00:29:39.304","01 03 18 27 0F 00 16 00 2B 00 4A 00 74 00 A9 00 EF 01 3F 01 90 01 FE 02 67 02 EA AF 82"
"2026-08-23 00:29:39.763","01 04 00 56 00 03 50 1B"
"2026-08-23 00:29:39.785","01 04 06 01 89 00 00 00 00 BC 9D"
"2026-08-23 00:29:41.271","01 10 0B 13 00 03 06 00 CD 00 6C 00 FA 5F B0"
"2026-08-23 00:29:41.292","01 10 0B 13 00 03 73 E9"
"2026-08-23 00:29:41.304","01 03 04 B0 00 05 85 1E"
"2026-08-23 00:29:41.325","01 03 0A 00 00 00 00 00 00 00 00 00 00 24 B6"
"2026-08-23 00:29:41.763","01 01 00 19 00 03 AD CC"
"2026-08-23 00:29:41.774","01 01 01 00 51 88"
"2026-08-23 00:29:42.263","01 02 00 04 00 0C 39 CE"
"2026-08-23 00:29:42.275","01 02 02 01 00 B8 28"
"2026-08-23 00:29:42.764","01 03 04 EC 00 0C 85 0A"
"2026-08-23 00:29:42.806","01 03 18 27 0F 00 16 00 2B 00 4A 00 74 00 A9 00 EF 01 3F 01 90 01 FE 02 67 02 EA AF 82"
"2026-08-23 00:29:43.264","01 04 00 56 00 03 50 1B"
"2026-08-23 00:29:43.286","01 04 06 00 99 00 00 00 00 7C 8F"
"2026-08-23 00:29:44.262","01 06 01 41 00 22 58 3B"
"2026-08-23 00:29:44.284","01 06 01 41 00 22 58 3B"
"2026-08-23 00:29:44.774","01 10 0B 13 00 03 06 00 DD 00 66 00 FD FF B3"
"2026-08-23 00:29:44.785","01 10 0B 13 00 03 73 E9"
"2026-08-23 00:29:44.797","01 03 04 B0 00 05 85 1E"
"2026-08-23 00:29:44.818","01 03 0A 00 00 00 00 00 00 00 00 00 00 24 B6"
"2026-08-23 00:29:45.267","01 01 00 19 00 03 AD CC"
"2026-08-23 00:29:45.279","01 01 01 00 51 88"
"2026-08-23 00:29:45.769","01 02 00 04 00 0C 39 CE"
"2026-08-23 00:29:45.781","01 02 02 00 00 B9 B8"
"2026-08-23 00:29:46.270","01 03 04 EC 00 0C 85 0A"
"2026-08-23 00:29:46.302","01 03 18 27 0F 00 16 00 2B 00 4A 00 74 00 A9 00 EF 01 3F 01 90 01 FE 02 67 02 EA AF 82"
"2026-08-23 00:29:46.761","01 04 00 56 00 03 50 1B"
"2026-08-23 00:29:46.783","01 04 06 03 57 00 00 00 00 15 6C"
"2026-08-23 00:29:47.263","01 05 23 34 00 00 87 80"
"2026-08-23 00:29:47.275","01 05 23 34 00 00 87 80"
"2026-08-23 00:29:48.273","01 10 0B 13 00 03 06 00 DE 00 67 01 01 EB A2"
"2026-08-23 00:29:48.285","01 10 0B 13 00 03 73 E9"
"2026-08-23 00:29:48.296","01 03 04 B0 00 05 85 1E"
"2026-08-23 00:29:48.318","01 03 0A 00 00 00 00 00 00 00 00 00 00 24 B6"
"2026-08-23 00:29:48.767","01 01 00 19 00 03 AD CC"
"2026-08-23 00:29:48.778","01 01 01 00 51 88"
"2026-08-23 00:29:49.035","01 06 04 FC 06 14 4B 65"
"2026-08-23 00:29:49.046","01 06 04 FC 06 14 4B 65"
"2026-08-23 00:29:49.262","01 02 00 04 00 0C 39 CE"
"2026-08-23 00:29:49.284","01 02 02 01 00 B8 28"
"2026-08-23 00:29:49.763","01 03 04 EC 00 0C 85 0A"
"2026-08-23 00:29:49.805","01 03 18 27 0F 00 16 00 2B 00 4A 00 74 00 A9 00 EF 01 3F 01 90 01 FE 02 67 02 EA AF 82"
"2026-08-23 00:29:50.263","01 04 00 56 00 03 50 1B"
"2026-08-23 00:29:50.284","01 04 06 02 C5 00 00 00 00 AD 60"
"2026-08-23 00:29:51.779","01 10 0B 13 00 03 06 00 EC 00 6C 00 F2 E2 71"
"2026-08-23 00:29:51.790","01 10 0B 13 00 03 73 E9"
"2026-08-23 00:29:51.801","01 03 04 B0 00 05 85 1E"
"2026-08-23 00:29:51.823","01 03 0A 00 00 00 00 00 00 00 00 00 00 24 B6"
"2026-08-23 00:29:52.271","01 01 00 19 00 03 AD CC"
"2026-08-23 00:29:52.282","01 01 01 00 51 88"
"2026-08-23 00:29:52.772","01 02 00 04 00 0C 39 CE"
"2026-08-23 00:29:52.783","01 02 02 01 00 B8 28"
"2026-08-23 00:29:53.263","01 03 04 EC 00 0C 85 0A"
"2026-08-23 00:29:53.305","01 03 18 27 0F 00 16 00 2B 00 4A 00 74 00 A9 00 EF 01 3F 01 90 01 FE 02 67 02 EA AF 82"
"2026-08-23 00:29:53.764","01 04 00 56 00 03 50 1B"
"2026-08-23 00:29:53.785","01 04 06 02 9A 00 00 00 00 39 6D"
"2026-08-23 00:29:54.763","01 06 01 41 00 2F 99 FE"
"2026-08-23 00:29:54.785","01 06 01 41 00 2F 99 FE"
"2026-08-23 00:29:55.224","01 06 04 FF 08 86 3E A8"
"2026-08-23 00:29:55.235","01 06 04 FF 08 86 3E A8"
"2026-08-23 00:29:55.277","01 10 0B 13 00 03 06 00 D3 00 69 00 FE E6 70"
"2026-08-23 00:29:55.288","01 10 0B 13 00 03 73 E9"
"2026-08-23 00:29:55.299","01 03 04 B0 00 05 85 1E"
"2026-08-23 00:29:55.321","01 03 0A 00 00 00 00 00 00 00 00 00 00 24 B6"
"2026-08-23 00:29:55.771","01 01 00 19 00 03 AD CC"
"2026-08-23 00:29:55.782","01 01 01 00 51 88"
"2026-08-23 00:29:56.271","01 02 00 04 00 0C 39 CE"
"2026-08-23 00:29:56.282","01 02 02 01 00 B8 28"
"2026-08-23 00:29:56.771","01 03 04 EC 00 0C 85 0A"
"2026-08-23 00:29:56.803","01 03 18 27 0F 00 16 00 2B 00 4A 00 74 00 A9 00 EF 01 3F 01 90 01 FE 02 67 02 EA AF 82"
"2026-08-23 00:29:57.262","01 04 00 56 00 03 50 1B"
"2026-08-23 00:29:57.283","01 04 06 00 94 00 00 00 00 51 4E"
"2026-08-23 00:29:58.777","01 10 0B 13 00 03 06 00 E9 00 73 00 F2 1F B7"
"2026-08-23 00:29:58.789","01 10 0B 13 00 03 73 E9"
"2026-08-23 00:29:58.800","01 03 04 B0 00 05 85 1E"
"2026-08-23 00:29:58.821","01 03 0A 00 00 00 00 00 00 00 00 00 00 24 B6"
"2026-08-23 00:29:59.269","01 01 00 19 00 03 AD CC"
"2026-08-23 00:29:59.281","01 01 01 00 51 88"
"2026-08-23 00:29:59.771","01 02 00 04 00 0C 39 CE"
"2026-08-23 00:29:59.782","01 02 02 01 00 B8 28"
"2026-08-23 00:30:00.272","01 03 04 EC 00 0C 85 0A"
"2026-08-23 00:30:00.304","01 03 18 27 0F 00 16 00 2B 00 4A 00 74 00 A9 00 EF 01 3F 01 90 01 FE 02 67 02 EA AF 82"
"2026-08-23 00:30:00.762","01 04 00 56 00 03 50 1B"
"2026-08-23 00:30:00.784","01 04 06 03 86 00 00 00 00 E9 7E"
"2026-08-23 00:30:02.277","01 10 0B 13 00 03 06 00 EA 00 75 00 FD FB B2"
"2026-08-23 00:30:02.289","01 10 0B 13 00 03 73 E9"
"2026-08-23 00:30:02.300","01 03 04 B0 00 05 85 1E"
"2026-08-23 00:30:02.321","01 03 0A 00 00 00 00 00 00 00 00 00 00 24 B6"
"2026-08-23 00:30:02.769","01 01 00 19 00 03 AD CC"
"2026-08-23 00:30:02.781","01 01 01 00 51 88"
"2026-08-23 00:30:03.271","01 02 00 04 00 0C 39 CE"
"2026-08-23 00:30:03.283","01 02 02 01 00 B8 28"
"2026-08-23 00:30:03.763","01 03 04 EC 00 0C 85 0A"
"2026-08-23 00:30:03.805","01 03 18 27 0F 00 16 00 2B 00 4A 00 74 00 A9 00 EF 01 3F 01 90 01 FE 02 67 02 EA AF 82"
"2026-08-23 00:30:04.263","01 04 00 56 00 03 50 1B"
"2026-08-23 00:30:04.285","01 04 06 03 2C 00 00 00 00 F1 66"
"2026-08-23 00:30:04.764","01 05 23 34 00 00 87 80"
"2026-08-23 00:30:04.775","01 05 23 34 00 00 87 80"
"2026-08-23 00:30:05.772","01 10 0B 13 00 03 06 00 E3 00 76 00 FA 96 71"
"2026-08-23 00:30:05.783","01 10 0B 13 00 03 73 E9"
"2026-08-23 00:30:05.805","01 03 04 B0 00 05 85 1E"
"2026-08-23 00:30:05.826","01 03 0A 00 00 00 00 00 00 00 00 00 00 24 B6"
"2026-08-23 00:30:06.264","01 01 00 19 00 03 AD CC"
"2026-08-23 00:30:06.275","01 01 01 00 51 88"
"2026-08-23 00:30:06.765","01 02 00 04 00 0C 39 CE"
"2026-08-23 00:30:06.777","01 02 02 01 00 B8 28"
"2026-08-23 00:30:06.819","01 06 05 00 09 74 8F 71"
"2026-08-23 00:30:06.830","01 06 05 00 09 74 8F 71"
"2026-08-23 00:30:07.268","01 03 04 EC 00 0C 85 0A"
"2026-08-23 00:30:07.300","01 03 18 27 0F 00 16 00 2B 00 4A 00 74 00 A9 00 EF 01 3F 01 90 01 FE 02 67 02 EA AF 82"
"2026-08-23 00:30:07.768","01 04 00 56 00 03 50 1B"
"2026-08-23 00:30:07.779","01 04 06 00 72 00 00 00 00 58 98"
"2026-08-23 00:30:09.275","01 10 0B 13 00 03 06 00 DF 00 70 00 F2 27 B3"
"2026-08-23 00:30:09.287","01 10 0B 13 00 03 73 E9"
"2026-08-23 00:30:09.298","01 03 04 B0 00 05 85 1E"
"2026-08-23 00:30:09.320","01 03 0A 00 00 00 00 00 00 00 00 00 00 24 B6"
"2026-08-23 00:30:09.769","01 01 00 19 00 03 AD CC"
"2026-08-23 00:30:09.780","01 01 01 00 51 88"
"2026-08-23 00:30:10.270","01 02 00 04 00 0C 39 CE"
"2026-08-23 00:30:10.282","01 02 02 01 00 B8 28"
"2026-08-23 00:30:10.771","01 03 04 EC 00 0C 85 0A"
"2026-08-23 00:30:10.803","01 03 18 27 0F 00 16 00 2B 00 4A 00 74 00 A9 00 EF 01 3F 01 90 01 FE 02 67 02 EA AF 82"
"2026-08-23 00:30:11.263","01 04 00 56 00 03 50 1B"
"2026-08-23 00:30:11.284","01 04 06 01 2B 00 00 00 00 45 44"
"2026-08-23 00:30:12.271","01 06 01 41 00 31 19 F6"
"2026-08-23 00:30:12.282","01 06 01 41 00 31 19 F6"
"2026-08-23 00:30:12.773","01 10 0B 13 00 03 06 00 E9 00 71 00 F9 FF B0"
"2026-08-23 00:30:12.785","01 10 0B 13 00 03 73 E9"
"2026-08-23 00:30:12.806","01 03 04 B0 00 05 85 1E"
"2026-08-23 00:30:12.828","01 03 0A 00 00 00 00 00 00 00 00 00 00 24 B6"
"2026-08-23 00:30:13.266","01 01 00 19 00 03 AD CC"
"2026-08-23 00:30:13.278","01 01 01 00 51 88"
"2026-08-23 00:30:13.766","01 02 00 04 00 0C 39 CE"
"2026-08-23 00:30:13.778","01 02 02 00 00 B9 B8"
"2026-08-23 00:30:14.267","01 03 04 EC 00 0C 85 0A"
"2026-08-23 00:30:14.309","01 03 18 27 0F 00 16 00 2B 00 4A 00 74 00 A9 00 EF 01 3F 01 90 01 FE 02 67 02 EA AF 82"
"2026-08-23 00:30:14.768","01 04 00 56 00 03 50 1B"
"2026-08-23 00:30:14.780","01 04 06 02 33 00 00 00 00 65 75"
"2026-08-23 00:30:15.270","01 05 23 34 00 00 87 80"
"2026-08-23 00:30:15.282","01 05 23 34 00 00 87 80"
"2026-08-23 00:30:16.279","01 10 0B 13 00 03 06 00 EC 00 6A 00 F7 C2 73"
"2026-08-23 00:30:16.291","01 10 0B 13 00 03 73 E9"
"2026-08-23 00:30:16.302","01 03 04 B0 00 05 85 1E"
"2026-08-23 00:30:16.324","01 03 0A 00 00 00 00 00 00 00 00 00 00 24 B6"
"2026-08-23 00:30:16.763","01 01 00 19 00 03 AD CC"
"2026-08-23 00:30:16.775","01 01 01 00 51 88"
"2026-08-23 00:30:17.265","01 02 00 04 00 0C 39 CE"
"2026-08-23 00:30:17.277","01 02 02 00 00 B9 B8"
"2026-08-23 00:30:17.766","01 03 04 EC 00 0C 85 0A"
"2026-08-23 00:30:17.809","01 03 18 27 0F 00 16 00 2B 00 4A 00 74 00 A9 00 EF 01 3F 01 90 01 FE 02 67 02 EA AF 82"
"2026-08-23 00:30:18.268","01 04 00 56 00 03 50 1B"
"2026-08-23 00:30:18.279","01 04 06 01 71 00 00 00 00 1D 49"
"2026-08-23 00:30:19.776","01 10 0B 13 00 03 06 00 D8 00 74 01 00 53 A7"
"2026-08-23 00:30:19.788","01 10 0B 13 00 03 73 E9"
"2026-08-23 00:30:19.799","01 03 04 B0 00 05 85 1E"
"2026-08-23 00:30:19.821","01 03 0A 00 00 00 00 00 00 00 00 00 00 24 B6"
"2026-08-23 00:30:19.842","01 06 04 ED 00 1A 99 04"
"2026-08-23 00:30:19.854","01 06 04 ED 00 1A 99 04"
"2026-08-23 00:30:20.262","01 01 00 19 00 03 AD CC"
"2026-08-23 00:30:20.274","01 01 01 00 51 88"
"2026-08-23 00:30:20.764","01 02 00 04 00 0C 39 CE"
"2026-08-23 00:30:20.776","01 02 02 01 00 B8 28"
"2026-08-23 00:30:21.265","01 03 04 EC 00 0C 85 0A"
"2026-08-23 00:30:21.307","01 03 18 27 0F 00 1A 00 2B 00 4A 00 74 00 A9 00 EF 01 3F 01 90 01 FE 02 67 02 EA 63 4E"
"2026-08-23 00:30:21.766","01 04 00 56 00 03 50 1B"
"2026-08-23 00:30:21.787","01 04 06 03 78 00 00 00 00 C0 AA"
"2026-08-23 00:30:22.266","01 05 23 34 00 00 87 80"
"2026-08-23 00:30:22.277","01 05 23 34 00 00 87 80"
"2026-08-23 00:30:23.274","01 10 0B 13 00 03 06 00 D0 00 6F 00 F6 43 B7"
"2026-08-23 00:30:23.286","01 10 0B 13 00 03 73 E9"
"2026-08-23 00:30:23.297","01 03 04 B0 00 05 85 1E"
"2026-08-23 00:30:23.328","01 03 0A 00 00 00 00 00 00 00 00 00 00 24 B6"
"2026-08-23 00:30:23.766","01 01 00 19 00 03 AD CC"
"2026-08-23 00:30:23.778","01 01 01 00 51 88"
"2026-08-23 00:30:24.267","01 02 00 04 00 0C 39 CE"
"2026-08-23 00:30:24.279","01 02 02 01 00 B8 28"
"2026-08-23 00:30:24.768","01 03 04 EC 00 0C 85 0A"
"2026-08-23 00:30:24.810","01 03 18 27 0F 00 1A 00 2B 00 4A 00 74 00 A9 00 EF 01 3F 01 90 01 FE 02 67 02 EA 63 4E"
"2026-08-23 00:30:25.269","01 04 00 56 00 03 50 1B"
"2026-08-23 00:30:25.280","01 04 06 01 26 00 00 00 00 68 85"
"2026-08-23 00:30:26.775","01 10 0B 13 00 03 06 00 DA 00 6E 00 F0 0A 74"
"2026-08-23 00:30:26.787","01 10 0B 13 00 03 73 E9"
"2026-08-23 00:30:26.798","01 03 04 B0 00 05 85 1E"
"2026-08-23 00:30:26.820","01 03 0A 00 00 00 00 00 00 00 00 00 00 24 B6"
"2026-08-23 00:30:27.268","01 01 00 19 00 03 AD CC"
"2026-08-23 00:30:27.279","01 01 01 00 51 88"
"2026-08-23 00:30:27.769","01 02 00 04 00 0C 39 CE"
"2026-08-23 00:30:27.780","01 02 02 01 00 B8 28"
"2026-08-23 00:30:28.270","01 03 04 EC 00 0C 85 0A"
"2026-08-23 00:30:28.302","01 03 18 27 0F 00 1A 00 2B 00 4A 00 74 00 A9 00 EF 01 3F 01 90 01 FE 02 67 02 EA 63 4E"
"2026-08-23 00:30:28.771","01 04 00 56 00 03 50 1B"
"2026-08-23 00:30:28.783","01 04 06 00 7C 00 00 00 00 31 59"
"2026-08-23 00:30:30.277","01 10 0B 13 00 03 06 00 F2 00 76 00 F8 EB B3"
"2026-08-23 00:30:30.288","01 10 0B 13 00 03 73 E9"
"2026-08-23 00:30:30.300","01 03 04 B0 00 05 85 1E"
"2026-08-23 00:30:30.321","01 03 0A 00 00 00 00 00 00 00 00 00 00 24 B6"
"2026-08-23 00:30:30.769","01 01 00 19 00 03 AD CC"
"2026-08-23 00:30:30.781","01 01 01 00 51 88"
"2026-08-23 00:30:31.271","01 02 00 04 00 0C 39 CE"
"2026-08-23 00:30:31.282","01 02 02 01 00 B8 28"
"2026-08-23 00:30:31.771","01 03 04 EC 00 0C 85 0A"
"2026-08-23 00:30:31.803","01 03 18 27 0F 00 1A 00 2B 00 4A 00 74 00 A9 00 EF 01 3F 01 90 01 FE 02 67 02 EA 63 4E"
"2026-08-23 00:30:32.271","01 04 00 56 00 03 50 1B"
"2026-08-23 00:30:32.283","01 04 06 01 32 00 00 00 00 58 86"
"2026-08-23 00:30:33.271","01 06 01 41 00 0D 19 E7"
"2026-08-23 00:30:33.282","01 06 01 41 00 0D 19 E7"
"2026-08-23 00:30:33.771","01 10 0B 13 00 03 06 00 E6 00 76 00 F9 1A 70"
"2026-08-23 00:30:33.793","01 10 0B 13 00 03 73 E9"
"2026-08-23 00:30:33.804","01 03 04 B0 00 05 85 1E"
"2026-08-23 00:30:33.825","01 03 0A 00 00 00 00 00 00 00 00 00 00 24 B6"
"2026-08-23 00:30:34.090","01 06 04 F9 04 0F 1A 0F"
"2026-08-23 00:30:34.112","01 06 04 F9 04 0F 1A 0F"
"2026-08-23 00:30:34.265","01 01 00 19 00 03 AD CC"
"2026-08-23 00:30:34.276","01 01 01 00 51 88"
"2026-08-23 00:30:34.765","01 02 00 04 00 0C 39 CE"
"2026-08-23 00:30:34.777","01 02 02 00 00 B9 B8"
"2026-08-23 00:30:35.267","01 03 04 EC 00 0C 85 0A"
"2026-08-23 00:30:35.309","01 03 18 27 0F 00 1A 00 2B 00 4A 00 74 00 A9 00 EF 01 3F 01 90 01 FE 02 67 02 EA 63 4E"
"2026-08-23 00:30:35.768","01 04 00 56 00 03 50 1B"
"2026-08-23 00:30:35.779","01 04 06 00 C1 00 00 00 00 5D 42"
"2026-08-23 00:30:37.274","01 10 0B 13 00 03 06 00 EA 00 74 00 F0 6B B7"
"2026-08-23 00:30:37.286","01 10 0B 13 00 03 73 E9"
"2026-08-23 00:30:37.307","01 03 04 B0 00 05 85 1E"
"2026-08-23 00:30:37.328","01 03 0A 00 00 00 00 00 00 00 00 00 00 24 B6"
"2026-08-23 00:30:37.766","01 01 00 19 00 03 AD CC"
"2026-08-23 00:30:37.777","01 01 01 00 51 88"
"2026-08-23 00:30:38.267","01 02 00 04 00 0C 39 CE"
"2026-08-23 00:30:38.278","01 02 02 01 00 B8 28"
"2026-08-23 00:30:38.767","01 03 04 EC 00 0C 85 0A"
"2026-08-23 00:30:38.810","01 03 18 27 0F 00 1A 00 2B 00 4A 00 74 00 A9 00 EF 01 3F 01 90 01 FE 02 67 02 EA 63 4E"
"2026-08-23 00:30:39.269","01 04 00 56 00 03 50 1B"
"2026-08-23 00:30:39.280","01 04 06 00 76 00 00 00 00 A9 58"
"2026-08-23 00:30:40.775","01 10 0B 13 00 03 06 00 E5 00 73 00 F4 8F B4"
"2026-08-23 00:30:40.787","01 10 0B 13 00 03 73 E9"
"2026-08-23 00:30:40.798","01 03 04 B0 00 05 85 1E"
"2026-08-23 00:30:40.819","01 03 0A 00 00 00 00 00 00 00 00 00 00 24 B6"
"2026-08-23 00:30:41.267","01 01 00 19 00 03 AD CC"
"2026-08-23 00:30:41.279","01 01 01 00 51 88"
"2026-08-23 00:30:41.768","01 02 00 04 00 0C 39 CE"
"2026-08-23 00:30:41.780","01 02 02 00 00 B9 B8"
"2026-08-23 00:30:42.269","01 03 04 EC 00 0C 85 0A"
"2026-08-23 00:30:42.301","01 03 18 27 0F 00 1A 00 2B 00 4A 00 74 00 A9 00 EF 01 3F 01 90 01 FE 02 67 02 EA 63 4E"
"2026-08-23 00:30:42.770","01 04 00 56 00 03 50 1B"
"2026-08-23 00:30:42.781","01 04 06 01 C7 00 00 00 00 D4 93"
"2026-08-23 00:30:43.769","01 06 01 41 00 15 19 ED"
"2026-08-23 00:30:43.781","01 06 01 41 00 15 19 ED"
"2026-08-23 00:30:44.270","01 10 0B 13 00 03 06 00 D5 00 74 00 FA FF B5"
"2026-08-23 00:30:44.292","01 10 0B 13 00 03 73 E9"
"2026-08-23 00:30:44.303","01 03 04 B0 00 05 85 1E"
"2026-08-23 00:30:44.325","01 03 0A 00 00 00 00 00 00 00 00 00 00 24 B6"
"2026-08-23 00:30:44.765","01 01 00 19 00 03 AD CC"
"2026-08-23 00:30:44.776","01 01 01 00 51 88"
"2026-08-23 00:30:45.266","01 02 00 04 00 0C 39 CE"
"2026-08-23 00:30:45.278","01 02 02 01 00 B8 28"
"2026-08-23 00:30:45.767","01 03 04 EC 00 0C 85 0A"
"2026-08-23 00:30:45.809","01 03 18 27 0F 00 1A 00 2B 00 4A 00 74 00 A9 00 EF 01 3F 01 90 01 FE 02 67 02 EA 63 4E"
"2026-08-23 00:30:46.268","01 04 00 56 00 03 50 1B"
"2026-08-23 00:30:46.279","01 04 06 02 7E 00 00 00 00 49 7B"
"2026-08-23 00:30:47.268","01 06 01 41 00 15 19 ED"
"2026-08-23 00:30:47.280","01 06 01 41 00 15 19 ED"
"2026-08-23 00:30:47.495","01 06 04 F4 01 98 C9 32"
"2026-08-23 00:30:47.506","01 06 04 F4 01 98 C9 32"
"2026-08-23 00:30:47.773","01 10 0B 13 00 03 06 00 E2 00 6A 01 01 2A 64"
"2026-08-23 00:30:47.785","01 10 0B 13 00 03 73 E9"
"2026-08-23 00:30:47.806","01 03 04 B0 00 05 85 1E"
"2026-08-23 00:30:47.828","01 03 0A 00 00 00 00 00 00 00 00 00 00 24 B6"
"2026-08-23 00:30:48.266","01 01 00 19 00 03 AD CC"
"2026-08-23 00:30:48.277","01 01 01 00 51 88"
"2026-08-23 00:30:48.767","01 02 00 04 00 0C 39 CE"
"2026-08-23 00:30:48.779","01 02 02 01 00 B8 28"
"2026-08-23 00:30:49.268","01 03 04 EC 00 0C 85 0A"
"2026-08-23 00:30:49.310","01 03 18 27 0F 00 1A 00 2B 00 4A 00 74 00 A9 00 EF 01 3F 01 98 01 FE 02 67 02 EA EA 8E"
"2026-08-23 00:30:49.768","01 04 00 56 00 03 50 1B"
"2026-08-23 00:30:49.780","01 04 06 02 F3 00 00 00 00 65 64"
"2026-08-23 00:30:51.276","01 10 0B 13 00 03 06 00 E8 00 67 00 F0 E3 B2"
"2026-08-23 00:30:51.287","01 10 0B 13 00 03 73 E9"
"2026-08-23 00:30:51.299","01 03 04 B0 00 05 85 1E"
"2026-08-23 00:30:51.320","01 03 0A 00 00 00 00 00 00 00 00 00 00 24 B6"
"2026-08-23 00:30:51.768","01 01 00 19 00 03 AD CC"
"2026-08-23 00:30:51.780","01 01 01 00 51 88"
"2026-08-23 00:30:52.269","01 02 00 04 00 0C 39 CE"
"2026-08-23 00:30:52.281","01 02 02 01 00 B8 28"
"2026-08-23 00:30:52.770","01 03 04 EC 00 0C 85 0A"
"2026-08-23 00:30:52.802","01 03 18 27 0F 00 1A 00 2B 00 4A 00 74 00 A9 00 EF 01 3F 01 98 01 FE 02 67 02 EA EA 8E"
"2026-08-23 00:30:53.271","01 04 00 56 00 03 50 1B"
"2026-08-23 00:30:53.283","01 04 06 03 92 00 00 00 00 D9 7D"
"2026-08-23 00:30:53.772","01 05 23 34 00 00 87 80"
"2026-08-23 00:30:53.783","01 05 23 34 00 00 87 80"
"2026-08-23 00:30:54.262","01 06 01 41 00 21 18 3A"
"2026-08-23 00:30:54.284","01 06 01 41 00 21 18 3A"
"2026-08-23 00:30:54.774","01 10 0B 13 00 03 06 00 F0 00 6F 00 FD 83 B7"
"2026-08-23 00:30:54.786","01 10 0B 13 00 03 73 E9"
"2026-08-23 00:30:54.798","01 03 04 B0 00 05 85 1E"
"2026-08-23 00:30:54.819","01 03 0A 00 00 00 00 00 00 00 00 00 00 24 B6"
"2026-08-23 00:30:55.166","01 06 04 FA 04 AC AA 76"
"2026-08-23 00:30:55.179","01 06 04 FA 04 AC AA 76"
"2026-08-23 00:30:55.271","01 01 00 19 00 03 AD CC"
"2026-08-23 00:30:55.283","01 01 01 00 51 88"
"2026-08-23 00:30:55.772","01 02 00 04 00 0C 39 CE"
"2026-08-23 00:30:55.784","01 02 02 01 00 B8 28"
"2026-08-23 00:30:56.264","01 03 04 EC 00 0C 85 0A"
"2026-08-23 00:30:56.306","01 03 18 27 0F 00 1A 00 2B 00 4A 00 74 00 A9 00 EF 01 3F 01 98 01 FE 02 67 02 EA EA 8E"
"2026-08-23 00:30:56.767","01 04 00 56 00 03 50 1B"
"2026-08-23 00:30:56.789","01 04 06 00 BA 00 00 00 00 B9 48"
"2026-08-23 00:30:57.269","01 05 23 34 FF 00 C6 70"
"2026-08-23 00:30:57.281","01 05 23 34 FF 00 C6 70"
"2026-08-23 00:30:58.279","01 10 0B 13 00 03 06 00 F1 00 6D 00 FA 5E 75"
"2026-08-23 00:30:58.291","01 10 0B 13 00 03 73 E9"
"2026-08-23 00:30:58.302","01 03 04 B0 00 05 85 1E"
"2026-08-23 00:30:58.323","01 03 0A 00 00 00 00 00 00 00 00 00 00 24 B6"
"2026-08-23 00:30:58.773","01 01 00 19 00 03 AD CC"
"2026-08-23 00:30:58.785","01 01 01 00 51 88"
"2026-08-23 00:30:59.266","01 02 00 04 00 0C 39 CE"
"2026-08-23 00:30:59.277","01 02 02 01 00 B8 28"
"2026-08-23 00:30:59.767","01 03 04 EC 00 0C 85 0A"
"2026-08-23 00:30:59.809","01 03 18 27 0F 00 1A 00 2B 00 4A 00 74 00 A9 00 EF 01 3F 01 98 01 FE 02 67 02 EA EA 8E"
"2026-08-23 00:31:00.268","01 04 00 56 00 03 50 1B"
"2026-08-23 00:31:00.280","01 04 06 01 6C 00 00 00 00 F1 4B"
"2026-08-23 00:31:01.776","01 10 0B 13 00 03 06 00 F5 00 6B 00 F3 8F B2"
"2026-08-23 00:31:01.788","01 10 0B 13 00 03 73 E9"
"2026-08-23 00:31:01.799","01 03 04 B0 00 05 85 1E"
"2026-08-23 00:31:01.821","01 03 0A 00 00 00 00 00 00 00 00 00 00 24 B6"
"2026-08-23 00:31:02.269","01 01 00 19 00 03 AD CC"
"2026-08-23 00:31:02.281","01 01 01 00 51 88"
"2026-08-23 00:31:02.771","01 02 00 04 00 0C 39 CE"
"2026-08-23 00:31:02.783","01 02 02 00 00 B9 B8"
"2026-08-23 00:31:03.263","01 03 04 EC 00 0C 85 0A"
"2026-08-23 00:31:03.305","01 03 18 27 0F 00 1A 00 2B 00 4A 00 74 00 A9 00 EF 01 3F 01 98 01 FE 02 67 02 EA EA 8E"
"2026-08-23 00:31:03.763","01 04 00 56 00 03 50 1B"
"2026-08-23 00:31:03.785","01 04 06 03 56 00 00 00 00 28 AC"
"2026-08-23 00:31:05.280","01 10 0B 13 00 03 06 00 D4 00 66 00 FE 63 B3"
"2026-08-23 00:31:05.291","01 10 0B 13 00 03 73 E9"
"2026-08-23 00:31:05.302","01 03 04 B0 00 05 85 1E"
"2026-08-23 00:31:05.323","01 03 0A 00 00 00 00 00 00 00 00 00 00 24 B6"
"2026-08-23 00:31:05.467","01 06 04 F3 01 3C 79 48"
"2026-08-23 00:31:05.478","01 06 04 F3 01 3C 79 48"
"2026-08-23 00:31:05.773","01 01 00 19 00 03 AD CC"
"2026-08-23 00:31:05.785","01 01 01 00 51 88"
"2026-08-23 00:31:06.264","01 02 00 04 00 0C 39 CE"
"2026-08-23 00:31:06.275","01 02 02 00 00 B9 B8"
"2026-08-23 00:31:06.764","01 03 04 EC 00 0C 85 0A"
"2026-08-23 00:31:06.806","01 03 18 27 0F 00 1A 00 2B 00 4A 00 74 00 A9 00 EF 01 3C 01 98 01 FE 02 67 02 EA FE 7E"
"2026-08-23 00:31:07.265","01 04 00 56 00 03 50 1B"
"2026-08-23 00:31:07.287","01 04 06 02 A3 00 00 00 00 A5 68"
"2026-08-23 00:31:07.766","01 05 23 34 00 00 87 80"
"2026-08-23 00:31:07.778","01 05 23 34 00 00 87 80"
"2026-08-23 00:31:08.775","01 10 0B 13 00 03 06 00 CB 00 77 00 F8 26 76"
"2026-08-23 00:31:08.786","01 10 0B 13 00 03 73 E9"
"2026-08-23 00:31:08.798","01 03 04 B0 00 05 85 1E"
"2026-08-23 00:31:08.829","01 03 0A 00 00 00 00 00 00 00 00 00 00 24 B6"
"2026-08-23 00:31:09.268","01 01 00 19 00 03 AD CC"
"2026-08-23 00:31:09.280","01 01 01 00 51 88"
"2026-08-23 00:31:09.769","01 02 00 04 00 0C 39 CE"
"2026-08-23 00:31:09.781","01 02 02 00 00 B9 B8"
"2026-08-23 00:31:10.270","01 03 04 EC 00 0C 85 0A"
"2026-08-23 00:31:10.303","01 03 18 27 0F 00 1A 00 2B 00 4A 00 74 00 A9 00 EF 01 3C 01 98 01 FE 02 67 02 EA FE 7E"
"2026-08-23 00:31:10.772","01 04 00 56 00 03 50 1B"
"2026-08-23 00:31:10.784","01 04 06 01 B5 00 00 00 00 EC 98"
"2026-08-23 00:31:12.279","01 10 0B 13 00 03 06 00 EB 00 69 00 FC C6 74"
"2026-08-23 00:31:12.290","01 10 0B 13 00 03 73 E9"
"2026-08-23 00:31:12.302","01 03 04 B0 00 05 85 1E"
"2026-08-23 00:31:12.323","01 03 0A 00 00 00 00 00 00 00 00 00 00 24 B6"
"2026-08-23 00:31:12.772","01 01 00 19 00 03 AD CC"
"2026-08-23 00:31:12.784","01 01 01 00 51 88"
"2026-08-23 00:31:13.263","01 02 00 04 00 0C 39 CE"
"2026-08-23 00:31:13.275","01 02 02 00 00 B9 B8"
"2026-08-23 00:31:13.764","01 03 04 EC 00 0C 85 0A"
"2026-08-23 00:31:13.806","01 03 18 27 0F 00 1A 00 2B 00 4A 00 74 00 A9 00 EF 01 3C 01 98 01 FE 02 67 02 EA FE 7E"
"2026-08-23 00:31:14.264","01 04 00 56 00 03 50 1B"
"2026-08-23 00:31:14.286","01 04 06 03 1A 00 00 00 00 39 62"
"2026-08-23 00:31:14.767","01 05 23 34 FF 00 C6 70"
"2026-08-23 00:31:14.778","01 05 23 34 FF 00 C6 70"
"2026-08-23 00:31:15.267","01 06 01 41 00 18 D8 28"
"2026-08-23 00:31:15.289","01 06 01 41 00 18 D8 28"
"2026-08-23 00:31:15.778","01 10 0B 13 00 03 06 00 F2 00 65 00 F7 5A 72"
"2026-08-23 00:31:15.790","01 10 0B 13 00 03 73 E9"
"2026-08-23 00:31:15.801","01 03 04 B0 00 05 85 1E"
"2026-08-23 00:31:15.822","01 03 0A 00 00 00 00 00 00 00 00 00 00 24 B6"
"2026-08-23 00:31:16.270","01 01 00 19 00 03 AD CC"
"2026-08-23 00:31:16.282","01 01 01 00 51 88"
"2026-08-23 00:31:16.771","01 02 00 04 00 0C 39 CE"
"2026-08-23 00:31:16.782","01 02 02 00 00 B9 B8"
"2026-08-23 00:31:17.272","01 03 04 EC 00 0C 85 0A"
"2026-08-23 00:31:17.303","01 03 18 27 0F 00 1A 00 2B 00 4A 00 74 00 A9 00 EF 01 3C 01 98 01 FE 02 67 02 EA FE 7E"
"2026-08-23 00:31:17.772","01 04 00 56 00 03 50 1B"
"2026-08-23 00:31:17.784","01 04 06 01 95 00 00 00 00 6D 5F"
"2026-08-23 00:31:19.279","01 10 0B 13 00 03 06 00 D2 00 6A 00 F3 EA 75"
"2026-08-23 00:31:19.291","01 10 0B 13 00 03 73 E9"
"2026-08-23 00:31:19.302","01 03 04 B0 00 05 85 1E"
"2026-08-23 00:31:19.324","01 03 0A 00 00 00 00 00 00 00 00 00 00 24 B6"
"2026-08-23 00:31:19.764","01 01 00 19 00 03 AD CC"
"2026-08-23 00:31:19.775","01 01 01 00 51 88"
"2026-08-23 00:31:20.073","01 06 04 FA 04 B1 6A 7F"
"2026-08-23 00:31:20.085","01 06 04 FA 04 B1 6A 7F"
"2026-08-23 00:31:20.269","01 02 00 04 00 0C 39 CE"
"2026-08-23 00:31:20.280","01 02 02 01 00 B8 28"
"2026-08-23 00:31:20.771","01 03 04 EC 00 0C 85 0A"
"2026-08-23 00:31:20.804","01 03 18 27 0F 00 1A 00 2B 00 4A 00 74 00 A9 00 EF 01 3C 01 98 01 FE 02 67 02 EA FE 7E"
"2026-08-23 00:31:21.263","01 04 00 56 00 03 50 1B"
"2026-08-23 00:31:21.285","01 04 06 00 66 00 00 00 00 68 9B"
"2026-08-23 00:31:21.764","01 05 23 34 FF 00 C6 70"
"2026-08-23 00:31:21.786","01 05 23 34 FF 00 C6 70"
"2026-08-23 00:31:22.774","01 10 0B 13 00 03 06 00 DB 00 70 00 F9 97 B4"
"2026-08-23 00:31:22.786","01 10 0B 13 00 03 73 E9"
"2026-08-23 00:31:22.807","01 03 04 B0 00 05 85 1E"
"2026-08-23 00:31:22.829","01 03 0A 00 00 00 00 00 00 00 00 00 00 24 B6"
"2026-08-23 00:31:23.267","01 01 00 19 00 03 AD CC"
"2026-08-23 00:31:23.278","01 01 01 00 51 88"
"2026-08-23 00:31:23.767","01 02 00 04 00 0C 39 CE"
"2026-08-23 00:31:23.779","01 02 02 01 00 B8 28"
"2026-08-23 00:31:24.268","01 03 04 EC 00 0C 85 0A"
"2026-08-23 00:31:24.310","01 03 18 27 0F 00 1A 00 2B 00 4A 00 74 00 A9 00 EF 01 3C 01 98 01 FE 02 67 02 EA FE 7E"
"2026-08-23 00:31:24.769","01 04 00 56 00 03 50 1B"
"2026-08-23 00:31:24.780","01 04 06 03 05 00 00 00 00 AC A0"
"2026-08-23 00:31:25.767","01 06 01 41 00 15 19 ED"
"2026-08-23 00:31:25.778","01 06 01 41 00 15 19 ED"
"2026-08-23 00:31:26.278","01 10 0B 13 00 03 06 00 D1 00 6F 00 F4 FF B6"
"2026-08-23 00:31:26.289","01 10 0B 13 00 03 73 E9"
"2026-08-23 00:31:26.300","01 03 04 B0 00 05 85 1E"
"2026-08-23 00:31:26.322","01 03 0A 00 00 00 00 00 00 00 00 00 00 24 B6"
"2026-08-23 00:31:26.770","01 01 00 19 00 03 AD CC"
"2026-08-23 00:31:26.782","01 01 01 00 51 88"
"2026-08-23 00:31:27.272","01 02 00 04 00 0C 39 CE"
"2026-08-23 00:31:27.283","01 02 02 00 00 B9 B8"
"2026-08-23 00:31:27.773","01 03 04 EC 00 0C 85 0A"
"2026-08-23 00:31:27.805","01 03 18 27 0F 00 1A 00 2B 00 4A 00 74 00 A9 00 EF 01 3C 01 98 01 FE 02 67 02 EA FE 7E"
"2026-08-23 00:31:28.264","01 04 00 56 00 03 50 1B"
"2026-08-23 00:31:28.286","01 04 06 01 97 00 00 00 00 14 9F"
"2026-08-23 00:31:28.715","01 06 05 00 09 6F CF 7A"
"2026-08-23 00:31:28.727","01 06 05 00 09 6F CF 7A"
"2026-08-23 00:31:28.768","01 05 23 34 00 00 87 80"
"2026-08-23 00:31:28.779","01 05 23 34 00 00 87 80"
"2026-08-23 00:31:29.776","01 10 0B 13 00 03 06 00 F3 00 6A 01 03 57 A6"
"2026-08-23 00:31:29.787","01 10 0B 13 00 03 73 E9"
"2026-08-23 00:31:29.798","01 03 04 B0 00 05 85 1E"
"2026-08-23 00:31:29.820","01 03 0A 00 00 00 00 00 00 00 00 00 00 24 B6"
"2026-08-23 00:31:30.267","01 01 00 19 00 03 AD CC"
"2026-08-23 00:31:30.279","01 01 01 00 51 88"
"2026-08-23 00:31:30.768","01 02 00 04 00 0C 39 CE"
"2026-08-23 00:31:30.779","01 02 02 01 00 B8 28"
"2026-08-23 00:31:31.269","01 03 04 EC 00 0C 85 0A"
"2026-08-23 00:31:31.302","01 03 18 27 0F 00 1A 00 2B 00 4A 00 74 00 A9 00 EF 01 3C 01 98 01 FE 02 67 02 EA FE 7E"
"2026-08-23 00:31:31.772","01 04 00 56 00 03 50 1B"
"2026-08-23 00:31:31.784","01 04 06 01 AA 00 00 00 00 79 5A"
"2026-08-23 00:31:33.280","01 10 0B 13 00 03 06 00 DD 00 65 00 F8 CF B0"
"2026-08-23 00:31:33.292","01 10 0B 13 00 03 73 E9"
"2026-08-23 00:31:33.304","01 03 04 B0 00 05 85 1E"
"2026-08-23 00:31:33.325","01 03 0A 00 00 00 00 00 00 00 00 00 00 24 B6"
"2026-08-23 00:31:33.763","01 01 00 19 00 03 AD CC"
"2026-08-23 00:31:33.775","01 01 01 00 51 88"
"2026-08-23 00:31:34.265","01 02 00 04 00 0C 39 CE"
"2026-08-23 00:31:34.276","01 02 02 00 00 B9 B8"
"2026-08-23 00:31:34.767","01 03 04 EC 00 0C 85 0A"
"2026-08-23 00:31:34.809","01 03 18 27 0F 00 1A 00 2B 00 4A 00 74 00 A9 00 EF 01 3C 01 98 01 FE 02 67 02 EA FE 7E"
"2026-08-23 00:31:35.269","01 04 00 56 00 03 50 1B"
"2026-08-23 00:31:35.280","01 04 06 01 71 00 00 00 00 1D 49"
"2026-08-23 00:31:36.776","01 10 0B 13 00 03 06 00 D7 00 6F 00 F2 F7 B4"
"2026-08-23 00:31:36.787","01 10 0B 13 00 03 73 E9"
"2026-08-23 00:31:36.799","01 03 04 B0 00 05 85 1E"
"2026-08-23 00:31:36.820","01 03 0A 00 00 00 00 00 00 00 00 00 00 24 B6"
"2026-08-23 00:31:37.268","01 01 00 19 00 03 AD CC"
"2026-08-23 00:31:37.279","01 01 01 00 51 88"
"2026-08-23 00:31:37.769","01 02 00 04 00 0C 39 CE"
"2026-08-23 00:31:37.780","01 02 02 00 00 B9 B8"
"2026-08-23 00:31:38.269","01 03 04 EC 00 0C 85 0A"
"2026-08-23 00:31:38.311","01 03 18 27 0F 00 1A 00 2B 00 4A 00 74 00 A9 00 EF 01 3C 01 98 01 FE 02 67 02 EA FE 7E"
"2026-08-23 00:31:38.668","01 06 04 F1 00 A6 59 73"
"2026-08-23 00:31:38.680","01 06 04 F1 00 A6 59 73"
"2026-08-23 00:31:38.772","01 04 00 56 00 03 50 1B"
"2026-08-23 00:31:38.783","01 04 06 02 F1 00 00 00 00 1C A4"
"2026-08-23 00:31:39.272","01 05 23 34 FF 00 C6 70"
"2026-08-23 00:31:39.284","01 05 23 34 FF 00 C6 70"
"2026-08-23 00:31:40.279","01 10 0B 13 00 03 06 00 F2 00 65 00 FE 9A 74"
"2026-08-23 00:31:40.291","01 10 0B 13 00 03 73 E9"
"2026-08-23 00:31:40.302","01 03 04 B0 00 05 85 1E"
"2026-08-23 00:31:40.323","01 03 0A 00 00 00 00 00 00 00 00 00 00 24 B6"
"2026-08-23 00:31:40.772","01 01 00 19 00 03 AD CC"
"2026-08-23 00:31:40.783","01 01 01 00 51 88"
"2026-08-23 00:31:41.272","01 02 00 04 00 0C 39 CE"
"2026-08-23 00:31:41.284","01 02 02 01 00 B8 28"
"2026-08-23 00:31:41.772","01 03 04 EC 00 0C 85 0A"
"2026-08-23 00:31:41.805","01 03 18 27 0F 00 1A 00 2B 00 4A 00 74 00 A6 00 EF 01 3C 01 98 01 FE 02 67 02 EA EA 71"
"2026-08-23 00:31:42.263","01 04 00 56 00 03 50 1B"
"2026-08-23 00:31:42.285","01 04 06 01 B5 00 00 00 00 EC 98"
"2026-08-23 00:31:43.780","01 10 0B 13 00 03 06 00 EB 00 6E 00 FA F7 B7"
"2026-08-23 00:31:43.792","01 10 0B 13 00 03 73 E9"
"2026-08-23 00:31:43.803","01 03 04 B0 00 05 85 1E"
"2026-08-23 00:31:43.825","01 03 0A 00 00 00 00 00 00 00 00 00 00 24 B6"
"2026-08-23 00:31:44.263","01 01 00 19 00 03 AD CC"
"2026-08-23 00:31:44.275","01 01 01 00 51 88"
"2026-08-23 00:31:44.766","01 02 00 04 00 0C 39 CE"
"2026-08-23 00:31:44.777","01 02 02 00 00 B9 B8"
"2026-08-23 00:31:45.267","01 03 04 EC 00 0C 85 0A"
"2026-08-23 00:31:45.309","01 03 18 27 0F 00 1A 00 2B 00 4A 00 74 00 A6 00 EF 01 3C 01 98 01 FE 02 67 02 EA EA 71"
"2026-08-23 00:31:45.768","01 04 00 56 00 03 50 1B"
"2026-08-23 00:31:45.790","01 04 06 02 C7 00 00 00 00 D4 A0"
"2026-08-23 00:31:47.274","01 10 0B 13 00 03 06 00 D8 00 75 00 FE 82 77"
"2026-08-23 00:31:47.286","01 10 0B 13 00 03 73 E9"
"2026-08-23 00:31:47.307","01 03 04 B0 00 05 85 1E"
"2026-08-23 00:31:47.328","01 03 0A 00 00 00 00 00 00 00 00 00 00 24 B6"
"2026-08-23 00:31:47.766","01 01 00 19 00 03 AD CC"
"2026-08-23 00:31:47.778","01 01 01 00 51 88"
"2026-08-23 00:31:47.941","01 06 04 FF 08 8A 3E AD"
"2026-08-23 00:31:47.963","01 06 04 FF 08 8A 3E AD"
"2026-08-23 00:31:48.268","01 02 00 04 00 0C 39 CE"
"2026-08-23 00:31:48.280","01 02 02 00 00 B9 B8"
"2026-08-23 00:31:48.770","01 03 04 EC 00 0C 85 0A"
"2026-08-23 00:31:48.802","01 03 18 27 0F 00 1A 00 2B 00 4A 00 74 00 A6 00 EF 01 3C 01 98 01 FE 02 67 02 EA EA 71"
"2026-08-23 00:31:49.271","01 04 00 56 00 03 50 1B"
"2026-08-23 00:31:49.282","01 04 06 03 14 00 00 00 00 50 A3"
"2026-08-23 00:31:50.268","01 06 01 41 00 2A 59 FD"
"2026-08-23 00:31:50.280","01 06 01 41 00 2A 59 FD"
"2026-08-23 00:31:50.779","01 10 0B 13 00 03 06 00 D5 00 72 00 F5 5F B0"
"2026-08-23 00:31:50.791","01 10 0B 13 00 03 73 E9"
"2026-08-23 00:31:50.802","01 03 04 B0 00 05 85 1E"
"2026-08-23 00:31:50.823","01 03 0A 00 00 00 00 00 00 00 00 00 00 24 B6"
"2026-08-23 00:31:51.272","01 01 00 19 00 03 AD CC"
"2026-08-23 00:31:51.283","01 01 01 00 51 88"
"2026-08-23 00:31:51.772","01 02 00 04 00 0C 39 CE"
"2026-08-23 00:31:51.783","01 02 02 00 00 B9 B8"
"2026-08-23 00:31:52.273","01 03 04 EC 00 0C 85 0A"
"2026-08-23 00:31:52.305","01 03 18 27 0F 00 1A 00 2B 00 4A 00 74 00 A6 00 EF 01 3C 01 98 01 FE 02 67 02 EA EA 71"
"2026-08-23 00:31:52.767","01 04 00 56 00 03 50 1B"
"2026-08-23 00:31:52.790","01 04 06 01 37 00 00 00 00 94 86"
"2026-08-23 00:31:53.270","01 05 23 34 00 00 87 80"
"2026-08-23 00:31:53.282","01 05 23 34 00 00 87 80"
"2026-08-23 00:31:54.279","01 10 0B 13 00 03 06 00 E7 00 6F 00 FC 36 74"
"2026-08-23 00:31:54.291","01 10 0B 13 00 03 73 E9"
"2026-08-23 00:31:54.302","01 03 04 B0 00 05 85 1E"
"2026-08-23 00:31:54.323","01 03 0A 00 00 00 00 00 00 00 00 00 00 24 B6"
"2026-08-23 00:31:54.772","01 01 00 19 00 03 AD CC"
"2026-08-23 00:31:54.783","01 01 01 00 51 88"
"2026-08-23 00:31:55.273","01 02 00 04 00 0C 39 CE"
"2026-08-23 00:31:55.284","01 02 02 00 00 B9 B8"
"2026-08-23 00:31:55.774","01 03 04 EC 00 0C 85 0A"
"2026-08-23 00:31:55.806","01 03 18 27 0F 00 1A 00 2B 00 4A 00 74 00 A6 00 EF 01 3C 01 98 01 FE 02 67 02 EA EA 71"
"2026-08-23 00:31:56.265","01 04 00 56 00 03 50 1B"
"2026-08-23 00:31:56.287","01 04 06 01 CF 00 00 00 00 35 52"
"2026-08-23 00:31:57.265","01 06 01 41 00 10 D9 EE"
"2026-08-23 00:31:57.277","01 06 01 41 00 10 D9 EE"
"2026-08-23 00:31:57.776","01 10 0B 13 00 03 06 00 E9 00 68 00 F4 EF B2"
"2026-08-23 00:31:57.788","01 10 0B 13 00 03 73 E9"
"2026-08-23 00:31:57.799","01 03 04 B0 00 05 85 1E"
"2026-08-23 00:31:57.830","01 03 0A 00 00 00 00 00 00 00 00 00 00 24 B6"
"2026-08-23 00:31:58.268","01 01 00 19 00 03 AD CC"
"2026-08-23 00:31:58.280","01 01 01 00 51 88"
"2026-08-23 00:31:58.769","01 02 00 04 00 0C 39 CE"
"2026-08-23 00:31:58.781","01 02 02 00 00 B9 B8"
"2026-08-23 00:31:59.271","01 03 04 EC 00 0C 85 0A"
"2026-08-23 00:31:59.302","01 03 18 27 0F 00 1A 00 2B 00 4A 00 74 00 A6 00 EF 01 3C 01 98 01 FE 02 67 02 EA EA 71"
"2026-08-23 00:31:59.334","01 06 04 FB 05 58 FB A1"
"2026-08-23 00:31:59.345","01 06 04 FB 05 58 FB A1"
"2026-08-23 00:31:59.773","01 04 00 56 00 03 50 1B"
"2026-08-23 00:31:59.785","01 04 06 02 8B 00 00 00 00 C5 6E"
"2026-08-23 00:32:00.264","01 05 23 34 FF 00 C6 70"
"2026-08-23 00:32:00.286","01 05 23 34 FF 00 C6 70"
"2026-08-23 00:32:01.273","01 10 0B 13 00 03 06 00 D7 00 76 00 FB E6 75"
"2026-08-23 00:32:01.295","01 10 0B 13 00 03 73 E9"
"2026-08-23 00:32:01.306","01 03 04 B0 00 05 85 1E"
"2026-08-23 00:32:01.328","01 03 0A 00 00 00 00 00 00 00 00 00 00 24 B6"
"2026-08-23 00:32:01.766","01 01 00 19 00 03 AD CC"
"2026-08-23 00:32:01.777","01 01 01 00 51 88"
"2026-08-23 00:32:02.267","01 02 00 04 00 0C 39 CE"
"2026-08-23 00:32:02.279","01 02 02 01 00 B8 28"
"2026-08-23 00:32:02.768","01 03 04 EC 00 0C 85 0A"
"2026-08-23 00:32:02.810","01 03 18 27 0F 00 1A 00 2B 00 4A 00 74 00 A6 00 EF 01 3C 01 98 01 FE 02 67 02 EA EA 71"
"2026-08-23 00:32:03.269","01 04 00 56 00 03 50 1B"
"2026-08-23 00:32:03.291","01 04 06 01 B0 00 00 00 00 20 98"
"2026-08-23 00:32:03.770","01 05 23 34 FF 00 C6 70"
"2026-08-23 00:32:03.782","01 05 23 34 FF 00 C6 70"
"2026-08-23 00:32:04.271","01 06 01 41 00 23 99 FB"
"2026-08-23 00:32:04.282","01 06 01 41 00 23 99 FB"
"2026-08-23 00:32:04.772","01 10 0B 13 00 03 06 00 CD 00 70 00 FA 9E 76"
"2026-08-23 00:32:04.794","01 10 0B 13 00 03 73 E9"
"2026-08-23 00:32:04.805","01 03 04 B0 00 05 85 1E"
"2026-08-23 00:32:04.826","01 03 0A 00 00 00 00 00 00 00 00 00 00 24 B6"
"2026-08-23 00:32:05.265","01 01 00 19 00 03 AD CC"
"2026-08-23 00:32:05.276","01 01 01 00 51 88"
"2026-08-23 00:32:05.766","01 02 00 04 00 0C 39 CE"
"2026-08-23 00:32:05.777","01 02 02 01 00 B8 28"
"2026-08-23 00:32:06.266","01 03 04 EC 00 0C 85 0A"
"2026-08-23 00:32:06.308","01 03 18 27 0F 00 1A 00 2B 00 4A 00 74 00 A6 00 EF 01 3C 01 98 01 FE 02 67 02 EA EA 71"
"2026-08-23 00:32:06.767","01 04 00 56 00 03 50 1B"
"2026-08-23 00:32:06.789","01 04 06 00 90 00 00 00 00 A0 8E"
"2026-08-23 00:32:07.766","01 06 01 41 00 12 58 2F"
"2026-08-23 00:32:07.777","01 06 01 41 00 12 58 2F"
"2026-08-23 00:32:08.277","01 10 0B 13 00 03 06 00 E0 00 64 00 F6 72 71"
"2026-08-23 00:32:08.288","01 10 0B 13 00 03 73 E9"
"2026-08-23 00:32:08.299","01 03 04 B0 00 05 85 1E"
"2026-08-23 00:32:08.321","01 03 0A 00 00 00 00 00 00 00 00 00 00 24 B6"
"2026-08-23 00:32:08.769","01 01 00 19 00 03 AD CC"
"2026-08-23 00:32:08.781","01 01 01 00 51 88"
"2026-08-23 00:32:09.270","01 02 00 04 00 0C 39 CE"
"2026-08-23 00:32:09.282","01 02 02 00 00 B9 B8"
"2026-08-23 00:32:09.771","01 03 04 EC 00 0C 85 0A"
"2026-08-23 00:32:09.813","01 03 18 27 0F 00 1A 00 2B 00 4A 00 74 00 A6 00 EF 01 3C 01 98 01 FE 02 67 02 EA EA 71"
"2026-08-23 00:32:10.271","01 04 00 56 00 03 50 1B"
"2026-08-23 00:32:10.283","01 04 06 02 82 00 00 00 00 19 6F"
"2026-08-23 00:32:11.777","01 10 0B 13 00 03 06 00 F6 00 70 00 FF BB B0"
"2026-08-23 00:32:11.789","01 10 0B 13 00 03 73 E9"
"2026-08-23 00:32:11.800","01 03 04 B0 00 05 85 1E"
"2026-08-23 00:32:11.821","01 03 0A 00 00 00 00 00 00 00 00 00 00 24 B6"
"2026-08-23 00:32:12.269","01 01 00 19 00 03 AD CC"
"2026-08-23 00:32:12.281","01 01 01 00 51 88"
"2026-08-23 00:32:12.770","01 02 00 04 00 0C 39 CE"
"2026-08-23 00:32:12.782","01 02 02 00 00 B9 B8"
"2026-08-23 00:32:13.057","01 06 04 F5 01 FE 18 D8"
"2026-08-23 00:32:13.069","01 06 04 F5 01 FE 18 D8"
"2026-08-23 00:32:13.274","01 03 04 EC 00 0C 85 0A"
"2026-08-23 00:32:13.306","01 03 18 27 0F 00 1A 00 2B 00 4A 00 74 00 A6 00 EF 01 3C 01 98 01 FE 02 67 02 EA EA 71"
"2026-08-23 00:32:13.765","01 04 00 56 00 03 50 1B"
"2026-08-23 00:32:13.786","01 04 06 02 06 00 00 00 00 E9 71"
"2026-08-23 00:32:15.281","01 10 0B 13 00 03 06 00 E8 00 67 00 F8 E2 74"
"2026-08-23 00:32:15.292","01 10 0B 13 00 03 73 E9"
"2026-08-23 00:32:15.304","01 03 04 B0 00 05 85 1E"
"2026-08-23 00:32:15.325","01 03 0A 00 00 00 00 00 00 00 00 00 00 24 B6"
"2026-08-23 00:32:15.773","01 01 00 19 00 03 AD CC"
"2026-08-23 00:32:15.784","01 01 01 00 51 88"
"2026-08-23 00:32:16.273","01 02 00 04 00 0C 39 CE"
"2026-08-23 00:32:16.284","01 02 02 01 00 B8 28"
"2026-08-23 00:32:16.773","01 03 04 EC 00 0C 85 0A"
"2026-08-23 00:32:16.805","01 03 18 27 0F 00 1A 00 2B 00 4A 00 74 00 A6 00 EF 01 3C 01 98 01 FE 02 67 02 EA EA 71"
"2026-08-23 00:32:17.274","01 04 00 56 00 03 50 1B"
"2026-08-23 00:32:17.286","01 04 06 01 E2 00 00 00 00 99 54"
"2026-08-23 00:32:18.779","01 10 0B 13 00 03 06 00 D9 00 6A 01 03 4E 60"
"2026-08-23 00:32:18.791","01 10 0B 13 00 03 73 E9"
"2026-08-23 00:32:18.802","01 03 04 B0 00 05 85 1E"
"2026-08-23 00:32:18.823","01 03 0A 00 00 00 00 00 00 00 00 00 00 24 B6"
"2026-08-23 00:32:19.272","01 01 00 19 00 03 AD CC"
"2026-08-23 00:32:19.283","01 01 01 00 51 88"
"2026-08-23 00:32:19.772","01 02 00 04 00 0C 39 CE"
"2026-08-23 00:32:19.784","01 02 02 01 00 B8 28"
"2026-08-23 00:32:20.272","01 03 04 EC 00 0C 85 0A"
"2026-08-23 00:32:20.304","01 03 18 27 0F 00 1A 00 2B 00 4A 00 74 00 A6 00 EF 01 3C 01 98 01 FE 02 67 02 EA EA 71"
"2026-08-23 00:32:20.773","01 04 00 56 00 03 50 1B"
"2026-08-23 00:32:20.785","01 04 06 02 B2 00 00 00 00 59 6B"
"2026-08-23 00:32:21.152","01 06 04 FA 04 AB EB B4"
"2026-08-23 00:32:21.174","01 06 04 FA 04 AB EB B4"
"2026-08-23 00:32:21.267","01 05 23 34 FF 00 C6 70"
"2026-08-23 00:32:21.288","01 05 23 34 FF 00 C6 70"
"2026-08-23 00:32:22.275","01 10 0B 13 00 03 06 00 E0 00 69 00 F4 62 73"
"2026-08-23 00:32:22.287","01 10 0B 13 00 03 73 E9"
"2026-08-23 00:32:22.308","01 03 04 B0 00 05 85 1E"
"2026-08-23 00:32:22.330","01 03 0A 00 00 00 00 00 00 00 00 00 00 24 B6"
"2026-08-23 00:32:22.769","01 01 00 19 00 03 AD CC"
"2026-08-23 00:32:22.781","01 01 01 00 51 88"
"2026-08-23 00:32:23.271","01 02 00 04 00 0C 39 CE"
"2026-08-23 00:32:23.282","01 02 02 01 00 B8 28"
"2026-08-23 00:32:23.772","01 03 04 EC 00 0C 85 0A"
"2026-08-23 00:32:23.804","01 03 18 27 0F 00 1A 00 2B 00 4A 00 74 00 A6 00 EF 01 3C 01 98 01 FE 02 67 02 EA EA 71"
"2026-08-23 00:32:24.274","01 04 00 56 00 03 50 1B"
"2026-08-23 00:32:24.285","01 04 06 01 2D 00 00 00 00 CD 44"
"2026-08-23 00:32:24.765","01 05 23 34 FF 00 C6 70"
"2026-08-23 00:32:24.787","01 05 23 34 FF 00 C6 70"
"2026-08-23 00:32:25.267","01 06 01 41 00 2C D9 FF"
"2026-08-23 00:32:25.289","01 06 01 41 00 2C D9 FF"
"2026-08-23 00:32:25.779","01 10 0B 13 00 03 06 00 E0 00 76 00 F6 D2 74"
"2026-08-23 00:32:25.791","01 10 0B 13 00 03 73 E9"
"2026-08-23 00:32:25.802","01 03 04 B0 00 05 85 1E"
"2026-08-23 00:32:25.824","01 03 0A 00 00 00 00 00 00 00 00 00 00 24 B6"
"2026-08-23 00:32:26.273","01 01 00 19 00 03 AD CC"
"2026-08-23 00:32:26.284","01 01 01 00 51 88"
"2026-08-23 00:32:26.774","01 02 00 04 00 0C 39 CE"
"2026-08-23 00:32:26.785","01 02 02 01 00 B8 28"
"2026-08-23 00:32:27.265","01 03 04 EC 00 0C 85 0A"
"2026-08-23 00:32:27.308","01 03 18 27 0F 00 1A 00 2B 00 4A 00 74 00 A6 00 EF 01 3C 01 98 01 FE 02 67 02 EA EA 71"
"2026-08-23 00:32:27.767","01 04 00 56 00 03 50 1B"
"2026-08-23 00:32:27.789","01 04 06 02 64 00 00 00 00 10 B9"
"2026-08-23 00:32:27.984","01 06 04 F2 00 EA A8 86"
"2026-08-23 00:32:27.995","01 06 04 F2 00 EA A8 86"
"2026-08-23 00:32:28.271","01 05 23 34 FF 00 C6 70"
"2026-08-23 00:32:28.283","01 05 23 34 FF 00 C6 70"
"2026-08-23 00:32:29.272","01 10 0B 13 00 03 06 00 CD 00 75 00 F0 0E 70"
"2026-08-23 00:32:29.294","01 10 0B 13 00 03 73 E9"
"2026-08-23 00:32:29.305","01 03 04 B0 00 05 85 1E"
"2026-08-23 00:32:29.326","01 03 0A 00 00 00 00 00 00 00 00 00 00 24 B6"
"2026-08-23 00:32:29.774","01 01 00 19 00 03 AD CC"
"2026-08-23 00:32:29.786","01 01 01 00 51 88"
"2026-08-23 00:32:30.274","01 02 00 04 00 0C 39 CE"
"2026-08-23 00:32:30.286","01 02 02 00 00 B9 B8"
"2026-08-23 00:32:30.765","01 03 04 EC 00 0C 85 0A"
"2026-08-23 00:32:30.808","01 03 18 27 0F 00 1A 00 2B 00 4A 00 74 00 A6 00 EA 01 3C 01 98 01 FE 02 67 02 EA FB BD"
"2026-08-23 00:32:31.267","01 04 00 56 00 03 50 1B"
"2026-08-23 00:32:31.288","01 04 06 01 CE 00 00 00 00 08 92"
"2026-08-23 00:32:32.265","01 06 01 41 00 0E 59 E6"
"2026-08-23 00:32:32.287","01 06 01 41 00 0E 59 E6"
"2026-08-23 00:32:32.776","01 10 0B 13 00 03 06 00 E4 00 71 00 F6 92 75"
"2026-08-23 00:32:32.787","01 10 0B 13 00 03 73 E9"
"2026-08-23 00:32:32.809","01 03 04 B0 00 05 85 1E"
"2026-08-23 00:32:32.831","01 03 0A 00 00 00 00 00 00 00 00 00 00 24 B6"
"2026-08-23 00:32:33.271","01 01 00 19 00 03 AD CC"
"2026-08-23 00:32:33.283","01 01 01 00 51 88"
"2026-08-23 00:32:33.773","01 02 00 04 00 0C 39 CE"
"2026-08-23 00:32:33.785","01 02 02 01 00 B8 28"
"2026-08-23 00:32:34.265","01 03 04 EC 00 0C 85 0A"
"2026-08-23 00:32:34.307","01 03 18 27 0F 00 1A 00 2B 00 4A 00 74 00 A6 00 EA 01 3C 01 98 01 FE 02 67 02 EA FB BD"
"2026-08-23 00:32:34.553","01 06 04 ED 00 17 58 C1"
"2026-08-23 00:32:34.575","01 06 04 ED 00 17 58 C1"
"2026-08-23 00:32:34.770","01 04 00 56 00 03 50 1B"
"2026-08-23 00:32:34.781","01 04 06 03 7A 00 00 00 00 B9 6A"
"2026-08-23 00:32:36.278","01 10 0B 13 00 03 06 00 DE 00 73 00 FC 6B B7"
"2026-08-23 00:32:36.290","01 10 0B 13 00 03 73 E9"
"2026-08-23 00:32:36.301","01 03 04 B0 00 05 85 1E"
"2026-08-23 00:32:36.323","01 03 0A 00 00 00 00 00 00 00 00 00 00 24 B6"
"2026-08-23 00:32:36.772","01 01 00 19 00 03 AD CC"
"2026-08-23 00:32:36.784","01 01 01 00 51 88"
"2026-08-23 00:32:37.273","01 02 00 04 00 0C 39 CE"
"2026-08-23 00:32:37.285","01 02 02 00 00 B9 B8"
"2026-08-23 00:32:37.774","01 03 04 EC 00 0C 85 0A"
"2026-08-23 00:32:37.806","01 03 18 27 0F 00 17 00 2B 00 4A 00 74 00 A6 00 EA 01 3C 01 98 01 FE 02 67 02 EA 27 A0"
"2026-08-23 00:32:38.265","01 04 00 56 00 03 50 1B"
"2026-08-23 00:32:38.287","01 04 06 01 AC 00 00 00 00 F1 5A"
"2026-08-23 00:32:39.782","01 10 0B 13 00 03 06 00 EE 00 75 00 F8 CA 71"
"2026-08-23 00:32:39.794","01 10 0B 13 00 03 73 E9"
"2026-08-23 00:32:39.805","01 03 04 B0 00 05 85 1E"
"2026-08-23 00:32:39.826","01 03 0A 00 00 00 00 00 00 00 00 00 00 24 B6"
"2026-08-23 00:32:40.274","01 01 00 19 00 03 AD CC"
"2026-08-23 00:32:40.286","01 01 01 00 51 88"
"2026-08-23 00:32:40.766","01 02 00 04 00 0C 39 CE"
"2026-08-23 00:32:40.778","01 02 02 01 00 B8 28"
"2026-08-23 00:32:41.268","01 03 04 EC 00 0C 85 0A"
"2026-08-23 00:32:41.310","01 03 18 27 0F 00 17 00 2B 00 4A 00 74 00 A6 00 EA 01 3C 01 98 01 FE 02 67 02 EA 27 A0"
"2026-08-23 00:32:41.770","01 04 00 56 00 03 50 1B"
"2026-08-23 00:32:41.782","01 04 06 03 6E 00 00 00 00 89 69"
"2026-08-23 00:32:43.280","01 10 0B 13 00 03 06 00 F4 00 74 00 F9 03 B3"
"2026-08-23 00:32:43.292","01 10 0B 13 00 03 73 E9"
"2026-08-23 00:32:43.303","01 03 04 B0 00 05 85 1E"
"2026-08-23 00:32:43.325","01 03 0A 00 00 00 00 00 00 00 00 00 00 24 B6"
"2026-08-23 00:32:43.774","01 01 00 19 00 03 AD CC"
"2026-08-23 00:32:43.785","01 01 01 00 51 88"
"2026-08-23 00:32:44.265","01 02 00 04 00 0C 39 CE"
"2026-08-23 00:32:44.287","01 02 02 00 00 B9 B8"
"2026-08-23 00:32:44.766","01 03 04 EC 00 0C 85 0A"
"2026-08-23 00:32:44.809","01 03 18 27 0F 00 17 00 2B 00 4A 00 74 00 A6 00 EA 01 3C 01 98 01 FE 02 67 02 EA 27 A0"
"2026-08-23 00:32:45.267","01 04 00 56 00 03 50 1B"
"2026-08-23 00:32:45.289","01 04 06 01 C6 00 00 00 00 E9 53"
"2026-08-23 00:32:45.768","01 05 23 34 FF 00 C6 70"
"2026-08-23 00:32:45.780","01 05 23 34 FF 00 C6 70"
"2026-08-23 00:32:46.777","01 10 0B 13 00 03 06 00 D8 00 6C 00 FB 93 B3"
"2026-08-23 00:32:46.789","01 10 0B 13 00 03 73 E9"
"2026-08-23 00:32:46.800","01 03 04 B0 00 05 85 1E"
"2026-08-23 00:32:46.822","01 03 0A 00 00 00 00 00 00 00 00 00 00 24 B6"
"2026-08-23 00:32:47.271","01 01 00 19 00 03 AD CC"
"2026-08-23 00:32:47.283","01 01 01 00 51 88"
"2026-08-23 00:32:47.773","01 02 00 04 00 0C 39 CE"
"2026-08-23 00:32:47.785","01 02 02 01 00 B8 28"
"2026-08-23 00:32:47.826","01 06 04 FA 04 A7 EB B1"
"2026-08-23 00:32:47.838","01 06 04 FA 04 A7 EB B1"
"2026-08-23 00:32:48.265","01 03 04 EC 00 0C 85 0A"
"2026-08-23 00:32:48.307","01 03 18 27 0F 00 17 00 2B 00 4A 00 74 00 A6 00 EA 01 3C 01 98 01 FE 02 67 02 EA 27 A0"
"2026-08-23 00:32:48.767","01 04 00 56 00 03 50 1B"
"2026-08-23 00:32:48.789","01 04 06 01 24 00 00 00 00 11 45"
"2026-08-23 00:32:50.275","01 10 0B 13 00 03 06 00 D0 00 77 00 F6 C3 B0"
"2026-08-23 00:32:50.296","01 10 0B 13 00 03 73 E9"
"2026-08-23 00:32:50.307","01 03 04 B0 00 05 85 1E"
"2026-08-23 00:32:50.328","01 03 0A 00 00 00 00 00 00 00 00 00 00 24 B6"
"2026-08-23 00:32:50.767","01 01 00 19 00 03 AD CC"
"2026-08-23 00:32:50.779","01 01 01 00 51 88"
"2026-08-23 00:32:51.269","01 02 00 04 00 0C 39 CE"
"2026-08-23 00:32:51.282","01 02 02 01 00 B8 28"
"2026-08-23 00:32:51.772","01 03 04 EC 00 0C 85 0A"
"2026-08-23 00:32:51.804","01 03 18 27 0F 00 17 00 2B 00 4A 00 74 00 A6 00 EA 01 3C 01 98 01 FE 02 67 02 EA 27 A0"
"2026-08-23 00:32:52.274","01 04 00 56 00 03 50 1B"
"2026-08-23 00:32:52.286","01 04 06 02 80 00 00 00 00 60 AF"
"2026-08-23 00:32:53.273","01 06 01 41 00 15 19 ED"
"2026-08-23 00:32:53.285","01 06 01 41 00 15 19 ED"
"2026-08-23 00:32:53.775","01 10 0B 13 00 03 06 00 EF 00 65 00 F0 F7 B2"
"2026-08-23 00:32:53.787","01 10 0B 13 00 03 73 E9"
"2026-08-23 00:32:53.809","01 03 04 B0 00 05 85 1E"
"2026-08-23 00:32:53.830","01 03 0A 00 00 00 00 00 00 00 00 00 00 24 B6"
"2026-08-23 00:32:54.269","01 01 00 19 00 03 AD CC"
"2026-08-23 00:32:54.280","01 01 01 00 51 88"
"2026-08-23 00:32:54.771","01 02 00 04 00 0C 39 CE"
"2026-08-23 00:32:54.782","01 02 02 00 00 B9 B8"
"2026-08-23 00:32:55.273","01 03 04 EC 00 0C 85 0A"
"2026-08-23 00:32:55.306","01 03 18 27 0F 00 17 00 2B 00 4A 00 74 00 A6 00 EA 01 3C 01 98 01 FE 02 67 02 EA 27 A0"
"2026-08-23 00:32:55.765","01 04 00 56 00 03 50 1B"
"2026-08-23 00:32:55.787","01 04 06 02 38 00 00 00 00 C0 B4"
"2026-08-23 00:32:57.281","01 10 0B 13 00 03 06 00 E8 00 75 00 FE C2 73"
"2026-08-23 00:32:57.293","01 10 0B 13 00 03 73 E9"
"2026-08-23 00:32:57.305","01 03 04 B0 00 05 85 1E"
"2026-08-23 00:32:57.326","01 03 0A 00 00 00 00 00 00 00 00 00 00 24 B6"
"2026-08-23 00:32:57.774","01 01 00 19 00 03 AD CC"
"2026-08-23 00:32:57.786","01 01 01 00 51 88"
"2026-08-23 00:32:58.092","01 06 04 FB 05 5B BB A0"
"2026-08-23 00:32:58.103","01 06 04 FB 05 5B BB A0"
"2026-08-23 00:32:58.267","01 02 00 04 00 0C 39 CE"
"2026-08-23 00:32:58.278","01 02 02 01 00 B8 28"
"2026-08-23 00:32:58.767","01 03 04 EC 00 0C 85 0A"
"2026-08-23 00:32:58.809","01 03 18 27 0F 00 17 00 2B 00 4A 00 74 00 A6 00 EA 01 3C 01 98 01 FE 02 67 02 EA 27 A0"
"2026-08-23 00:32:59.268","01 04 00 56 00 03 50 1B"
"2026-08-23 00:32:59.290","01 04 06 02 48 00 00 00 00 81 7F"
"2026-08-23 00:32:59.769","01 05 23 34 00 00 87 80"
"2026-08-23 00:32:59.780","01 05 23 34 00 00 87 80"
"2026-08-23 00:33:00.269","01 06 01 41 00 22 58 3B"
"2026-08-23 00:33:00.281","01 06 01 41 00 22 58 3B"
"2026-08-23 00:33:00.780","01 10 0B 13 00 03 06 00 D7 00 69 00 FE 17 B0"
"2026-08-23 00:33:00.791","01 10 0B 13 00 03 73 E9"
"2026-08-23 00:33:00.803","01 03 04 B0 00 05 85 1E"
"2026-08-23 00:33:00.825","01 03 0A 00 00 00 00 00 00 00 00 00 00 24 B6"
"2026-08-23 00:33:01.273","01 01 00 19 00 03 AD CC"
"2026-08-23 00:33:01.285","01 01 01 00 51 88"
"2026-08-23 00:33:01.775","01 02 00 04 00 0C 39 CE"
"2026-08-23 00:33:01.786","01 02 02 01 00 B8 28"
"2026-08-23 00:33:02.267","01 03 04 EC 00 0C 85 0A"
"2026-08-23 00:33:02.310","01 03 18 27 0F 00 17 00 2B 00 4A 00 74 00 A6 00 EA 01 3C 01 98 01 FE 02 67 02 EA 27 A0"
"2026-08-23 00:33:02.772","01 04 00 56 00 03 50 1B"
"2026-08-23 00:33:02.784","01 04 06 03 2F 00 00 00 00 B5 66"
"2026-08-23 00:33:03.771","01 06 01 41 00 16 59 EC"
"2026-08-23 00:33:03.782","01 06 01 41 00 16 59 EC"
"2026-08-23 00:33:04.281","01 10 0B 13 00 03 06 00 DC 00 75 00 F0 F2 73"
"2026-08-23 00:33:04.293","01 10 0B 13 00 03 73 E9"
"2026-08-23 00:33:04.304","01 03 04 B0 00 05 85 1E"
"2026-08-23 00:33:04.325","01 03 0A 00 00 00 00 00 00 00 00 00 00 24 B6"
"2026-08-23 00:33:04.774","01 01 00 19 00 03 AD CC"
"2026-08-23 00:33:04.785","01 01 01 00 51 88"
"2026-08-23 00:33:05.274","01 02 00 04 00 0C 39 CE"
"2026-08-23 00:33:05.286","01 02 02 00 00 B9 B8"
"2026-08-23 00:33:05.774","01 03 04 EC 00 0C 85 0A"
"2026-08-23 00:33:05.806","01 03 18 27 0F 00 17 00 2B 00 4A 00 74 00 A6 00 EA 01 3C 01 98 01 FE 02 67 02 EA 27 A0"
"2026-08-23 00:33:05.991","01 06 04 FD 06 DD DA F3"
"2026-08-23 00:33:06.002","01 06 04 FD 06 DD DA F3"
"2026-08-23 00:33:06.268","01 04 00 56 00 03 50 1B"
"2026-08-23 00:33:06.290","01 04 06 03 32 00 00 00 00 59 64"
"2026-08-23 00:33:07.266","01 06 01 41 00 17 98 2C"
"2026-08-23 00:33:07.288","01 06 01 41 00 17 98 2C"
"2026-08-23 00:33:07.777","01 10 0B 13 00 03 06 00 F3 00 69 00 F0 E6 73"
"2026-08-23 00:33:07.788","01 10 0B 13 00 03 73 E9"
"2026-08-23 00:33:07.810","01 03 04 B0 00 05 85 1E"
"2026-08-23 00:33:07.831","01 03 0A 00 00 00 00 00 00 00 00 00 00 24 B6"
"2026-08-23 00:33:08.269","01 01 00 19 00 03 AD CC"
"2026-08-23 00:33:08.280","01 01 01 00 51 88"
"2026-08-23 00:33:08.770","01 02 00 04 00 0C 39 CE"
"2026-08-23 00:33:08.782","01 02 02 01 00 B8 28"
"2026-08-23 00:33:09.272","01 03 04 EC 00 0C 85 0A"
"2026-08-23 00:33:09.304","01 03 18 27 0F 00 17 00 2B 00 4A 00 74 00 A6 00 EA 01 3C 01 98 01 FE 02 67 02 EA 27 A0"
"2026-08-23 00:33:09.774","01 04 00 56 00 03 50 1B"
"2026-08-23 00:33:09.786","01 04 06 02 4E 00 00 00 00 09 7F"
"2026-08-23 00:33:11.281","01 10 0B 13 00 03 06 00 D1 00 68 00 FE CE 70"
"2026-08-23 00:33:11.293","01 10 0B 13 00 03 73 E9"
"2026-08-23 00:33:11.304","01 03 04 B0 00 05 85 1E"
"2026-08-23 00:33:11.325","01 03 0A 00 00 00 00 00 00 00 00 00 00 24 B6"
"2026-08-23 00:33:11.774","01 01 00 19 00 03 AD CC"
"2026-08-23 00:33:11.786","01 01 01 00 51 88"
"2026-08-23 00:33:12.275","01 02 00 04 00 0C 39 CE"
"2026-08-23 00:33:12.287","01 02 02 01 00 B8 28"
"2026-08-23 00:33:12.767","01 03 04 EC 00 0C 85 0A"
"2026-08-23 00:33:12.809","01 03 18 27 0F 00 17 00 2B 00 4A 00 74 00 A6 00 EA 01 3C 01 98 01 FE 02 67 02 EA 27 A0"
"2026-08-23 00:33:13.267","01 04 00 56 00 03 50 1B"
"2026-08-23 00:33:13.289","01 04 06 03 43 00 00 00 00 25 6F"
"2026-08-23 00:33:14.774","01 10 0B 13 00 03 06 00 EC 00 67 00 F2 93 B3"
"2026-08-23 00:33:14.796","01 10 0B 13 00 03 73 E9"
"2026-08-23 00:33:14.808","01 03 04 B0 00 05 85 1E"
"2026-08-23 00:33:14.829","01 03 0A 00 00 00 00 00 00 00 00 00 00 24 B6"
"2026-08-23 00:33:14.861","01 06 04 F9 04 09 9A 0D"
"2026-08-23 00:33:14.873","01 06 04 F9 04 09 9A 0D"
"2026-08-23 00:33:15.270","01 01 00 19 00 03 AD CC"
"2026-08-23 00:33:15.281","01 01 01 00 51 88"
"2026-08-23 00:33:15.771","01 02 00 04 00 0C 39 CE"
"2026-08-23 00:33:15.782","01 02 02 01 00 B8 28"
"2026-08-23 00:33:16.271","01 03 04 EC 00 0C 85 0A"
"2026-08-23 00:33:16.313","01 03 18 27 0F 00 17 00 2B 00 4A 00 74 00 A6 00 EA 01 3C 01 98 01 FE 02 67 02 EA 27 A0"
"2026-08-23 00:33:16.771","01 04 00 56 00 03 50 1B"
"2026-08-23 00:33:16.783","01 04 06 02 47 00 00 00 00 D5 7E"
"2026-08-23 00:33:18.276","01 10 0B 13 00 03 06 00 D8 00 66 01 01 32 62"
"2026-08-23 00:33:18.288","01 10 0B 13 00 03 73 E9"
"2026-08-23 00:33:18.309","01 03 04 B0 00 05 85 1E"
"2026-08-23 00:33:18.331","01 03 0A 00 00 00 00 00 00 00 00 00 00 24 B6"
"2026-08-23 00:33:18.770","01 01 00 19 00 03 AD CC"
"2026-08-23 00:33:18.782","01 01 01 00 51 88"
"2026-08-23 00:33:19.272","01 02 00 04 00 0C 39 CE"
"2026-08-23 00:33:19.284","01 02 02 00 00 B9 B8"
"2026-08-23 00:33:19.774","01 03 04 EC 00 0C 85 0A"
"2026-08-23 00:33:19.806","01 03 18 27 0F 00 17 00 2B 00 4A 00 74 00 A6 00 EA 01 3C 01 98 01 FE 02 67 02 EA 27 A0"
"2026-08-23 00:33:20.276","01 04 00 56 00 03 50 1B"
"2026-08-23 00:33:20.287","01 04 06 02 F6 00 00 00 00 A9 64"
"2026-08-23 00:33:21.782","01 10 0B 13 00 03 06 00 DA 00 73 00 F7 DB B0"
"2026-08-23 00:33:21.794","01 10 0B 13 00 03 73 E9"
"2026-08-23 00:33:21.805","01 03 04 B0 00 05 85 1E"
"2026-08-23 00:33:21.826","01 03 0A 00 00 00 00 00 00 00 00 00 00 24 B6"
"2026-08-23 00:33:22.276","01 01 00 19 00 03 AD CC"
"2026-08-23 00:33:22.287","01 01 01 00 51 88"
"2026-08-23 00:33:22.769","01 02 00 04 00 0C 39 CE"
"2026-08-23 00:33:22.781","01 02 02 01 00 B8 28"
"2026-08-23 00:33:23.271","01 03 04 EC 00 0C 85 0A"
"2026-08-23 00:33:23.313","01 03 18 27 0F 00 17 00 2B 00 4A 00 74 00 A6 00 EA 01 3C 01 98 01 FE 02 67 02 EA 27 A0"
"2026-08-23 00:33:23.773","01 04 00 56 00 03 50 1B"
"2026-08-23 00:33:23.784","01 04 06 02 76 00 00 00 00 A8 BA"
"2026-08-23 00:33:24.772","01 06 01 41 00 19 19 E8"
"2026-08-23 00:33:24.784","01 06 01 41 00 19 19 E8"
"2026-08-23 00:33:24.836","01 06 04 FC 06 16 CA A4"
"2026-08-23 00:33:24.847","01 06 04 FC 06 16 CA A4"
"2026-08-23 00:33:25.275","01 10 0B 13 00 03 06 00 E7 00 68 00 F4 86 73"
"2026-08-23 00:33:25.296","01 10 0B 13 00 03 73 E9"
"2026-08-23 00:33:25.308","01 03 04 B0 00 05 85 1E"
"2026-08-23 00:33:25.329","01 03 0A 00 00 00 00 00 00 00 00 00 00 24 B6"
"2026-08-23 00:33:25.768","01 01 00 19 00 03 AD CC"
"2026-08-23 00:33:25.779","01 01 01 00 51 88"
"2026-08-23 00:33:26.268","01 02 00 04 00 0C 39 CE"
"2026-08-23 00:33:26.280","01 02 02 01 00 B8 28"
"2026-08-23 00:33:26.770","01 03 04 EC 00 0C 85 0A"
"2026-08-23 00:33:26.812","01 03 18 27 0F 00 17 00 2B 00 4A 00 74 00 A6 00 EA 01 3C 01 98 01 FE 02 67 02 EA 27 A0"
"2026-08-23 00:33:27.271","01 04 00 56 00 03 50 1B"
"2026-08-23 00:33:27.293","01 04 06 01 45 00 00 00 00 AC 8D"
"2026-08-23 00:33:27.773","01 05 23 34 00 00 87 80"
"2026-08-23 00:33:27.785","01 05 23 34 00 00 87 80"
"2026-08-23 00:33:28.274","01 06 01 41 00 14 D8 2D"
"2026-08-23 00:33:28.285","01 06 01 41 00 14 D8 2D"
"2026-08-23 00:33:28.776","01 10 0B 13 00 03 06 00 E4 00 70 00 F8 42 71"
"2026-08-23 00:33:28.788","01 10 0B 13 00 03 73 E9"
"2026-08-23 00:33:28.810","01 03 04 B0 00 05 85 1E"
"2026-08-23 00:33:28.831","01 03 0A 00 00 00 00 00 00 00 00 00 00 24 B6"
"2026-08-23 00:33:29.270","01 01 00 19 00 03 AD CC"
"2026-08-23 00:33:29.282","01 01 01 00 51 88"
"2026-08-23 00:33:29.771","01 02 00 04 00 0C 39 CE"
"2026-08-23 00:33:29.783","01 02 02 00 00 B9 B8"
"2026-08-23 00:33:30.271","01 03 04 EC 00 0C 85 0A"
"2026-08-23 00:33:30.313","01 03 18 27 0F 00 17 00 2B 00 4A 00 74 00 A6 00 EA 01 3C 01 98 01 FE 02 67 02 EA 27 A0"
"2026-08-23 00:33:30.773","01 04 00 56 00 03 50 1B"
"2026-08-23 00:33:30.785","01 04 06 01 AD 00 00 00 00 CC 9A"
"2026-08-23 00:33:31.274","01 05 23 34 FF 00 C6 70"
"2026-08-23 00:33:31.286","01 05 23 34 FF 00 C6 70"
"2026-08-23 00:33:31.490","01 06 04 EF 00 46 38 FD"
"2026-08-23 00:33:31.502","01 06 04 EF 00 46 38 FD"
"2026-08-23 00:33:32.275","01 10 0B 13 00 03 06 00 F9 00 6C 01 00 6F A7"
"2026-08-23 00:33:32.297","01 10 0B 13 00 03 73 E9"
"2026-08-23 00:33:32.308","01 03 04 B0 00 05 85 1E"
"2026-08-23 00:33:32.329","01 03 0A 00 00 00 00 00 00 00 00 00 00 24 B6"
"2026-08-23 00:33:32.767","01 01 00 19 00 03 AD CC"
"2026-08-23 00:33:32.779","01 01 01 00 51 88"
"2026-08-23 00:33:33.268","01 02 00 04 00 0C 39 CE"
"2026-08-23 00:33:33.279","01 02 02 00 00 B9 B8"
"2026-08-23 00:33:33.769","01 03 04 EC 00 0C 85 0A"
"2026-08-23 00:33:33.811","01 03 18 27 0F 00 17 00 2B 00 46 00 74 00 A6 00 EA 01 3C 01 98 01 FE 02 67 02 EA E2 A3"
"2026-08-23 00:33:34.270","01 04 00 56 00 03 50 1B"
"2026-08-23 00:33:34.291","01 04 06 01 FB 00 00 00 00 84 96"
"2026-08-23 00:33:35.268","01 06 01 41 00 1C D9 EB"
"2026-08-23 00:33:35.279","01 06 01 41 00 1C D9 EB"
"2026-08-23 00:33:35.779","01 10 0B 13 00 03 06 00 CA 00 72 00 F1 CB B1"
"2026-08-23 00:33:35.790","01 10 0B 13 00 03 73 E9"
"2026-08-23 00:33:35.801","01 03 04 B0 00 05 85 1E"
"2026-08-23 00:33:35.823","01 03 0A 00 00 00 00 00 00 00 00 00 00 24 B6"
"2026-08-23 00:33:36.271","01 01 00 19 00 03 AD CC"
"2026-08-23 00:33:36.282","01 01 01 00 51 88"
"2026-08-23 00:33:36.772","01 02 00 04 00 0C 39 CE"
"2026-08-23 00:33:36.783","01 02 02 01 00 B8 28"
"2026-08-23 00:33:37.272","01 03 04 EC 00 0C 85 0A"
"2026-08-23 00:33:37.304","01 03 18 27 0F 00 17 00 2B 00 46 00 74 00 A6 00 EA 01 3C 01 98 01 FE 02 67 02 EA E2 A3"
"2026-08-23 00:33:37.773","01 04 00 56 00 03 50 1B"
"2026-08-23 00:33:37.785","01 04 06 01 7C 00 00 00 00 30 88"
"2026-08-23 00:33:38.274","01 05 23 34 00 00 87 80"
"2026-08-23 00:33:38.286","01 05 23 34 00 00 87 80"
"2026-08-23 00:33:39.283","01 10 0B 13 00 03 06 00 DC 00 6D 00 FD B3 B1"
"2026-08-23 00:33:39.294","01 10 0B 13 00 03 73 E9"
"2026-08-23 00:33:39.306","01 03 04 B0 00 05 85 1E"
"2026-08-23 00:33:39.327","01 03 0A 00 00 00 00 00 00 00 00 00 00 24 B6"
"2026-08-23 00:33:39.775","01 01 00 19 00 03 AD CC"
"2026-08-23 00:33:39.787","01 01 01 00 51 88"
"2026-08-23 00:33:40.266","01 02 00 04 00 0C 39 CE"
"2026-08-23 00:33:40.288","01 02 02 00 00 B9 B8"
"2026-08-23 00:33:40.767","01 03 04 EC 00 0C 85 0A"
"2026-08-23 00:33:40.809","01 03 18 27 0F 00 17 00 2B 00 46 00 74 00 A6 00 EA 01 3C 01 98 01 FE 02 67 02 EA E2 A3"
"2026-08-23 00:33:41.267","01 04 00 56 00 03 50 1B"
"2026-08-23 00:33:41.288","01 04 06 02 A5 00 00 00 00 2D 68"
"2026-08-23 00:33:42.783","01 10 0B 13 00 03 06 00 F8 00 72 01 02 B3 A0"
"2026-08-23 00:33:42.794","01 10 0B 13 00 03 73 E9"
"2026-08-23 00:33:42.806","01 03 04 B0 00 05 85 1E"
"2026-08-23 00:33:42.827","01 03 0A 00 00 00 00 00 00 00 00 00 00 24 B6"
"2026-08-23 00:33:43.275","01 01 00 19 00 03 AD CC"
"2026-08-23 00:33:43.287","01 01 01 00 51 88"
"2026-08-23 00:33:43.766","01 02 00 04 00 0C 39 CE"
"2026-08-23 00:33:43.778","01 02 02 00 00 B9 B8"
"2026-08-23 00:33:44.267","01 03 04 EC 00 0C 85 0A"
"2026-08-23 00:33:44.309","01 03 18 27 0F 00 17 00 2B 00 46 00 74 00 A6 00 EA 01 3C 01 98 01 FE 02 67 02 EA E2 A3"
"2026-08-23 00:33:44.768","01 04 00 56 00 03 50 1B"
"2026-08-23 00:33:44.790","01 04 06 03 1A 00 00 00 00 39 62"
"2026-08-23 00:33:44.822","01 06 04 FD 06 DE 9A F2"
"2026-08-23 00:33:44.833","01 06 04 FD 06 DE 9A F2"
"2026-08-23 00:33:45.769","01 06 01 41 00 26 59 F8"
"2026-08-23 00:33:45.781","01 06 01 41 00 26 59 F8"
"2026-08-23 00:33:46.280","01 10 0B 13 00 03 06 00 F4 00 69 00 F5 93 B0"
"2026-08-23 00:33:46.291","01 10 0B 13 00 03 73 E9"
"2026-08-23 00:33:46.302","01 03 04 B0 00 05 85 1E"
"2026-08-23 00:33:46.324","01 03 0A 00 00 00 00 00 00 00 00 00 00 24 B6"
"2026-08-23 00:33:46.773","01 01 00 19 00 03 AD CC"
"2026-08-23 00:33:46.785","01 01 01 00 51 88"
"2026-08-23 00:33:47.274","01 02 00 04 00 0C 39 CE"
"2026-08-23 00:33:47.286","01 02 02 01 00 B8 28"
"2026-08-23 00:33:47.776","01 03 04 EC 00 0C 85 0A"
"2026-08-23 00:33:47.808","01 03 18 27 0F 00 17 00 2B 00 46 00 74 00 A6 00 EA 01 3C 01 98 01 FE 02 67 02 EA E2 A3"
"2026-08-23 00:33:48.268","01 04 00 56 00 03 50 1B"
"2026-08-23 00:33:48.289","01 04 06 00 9C 00 00 00 00 B0 8F"
"2026-08-23 00:33:49.776","01 10 0B 13 00 03 06 00 EE 00 77 00 F6 EA 75"
"2026-08-23 00:33:49.788","01 10 0B 13 00 03 73 E9"
"2026-08-23 00:33:49.810","01 03 04 B0 00 05 85 1E"
"2026-08-23 00:33:49.831","01 03 0A 00 00 00 00 00 00 00 00 00 00 24 B6"
"2026-08-23 00:33:50.271","01 01 00 19 00 03 AD CC"
"2026-08-23 00:33:50.282","01 01 01 00 51 88"
"2026-08-23 00:33:50.773","01 02 00 04 00 0C 39 CE"
"2026-08-23 00:33:50.785","01 02 02 01 00 B8 28"
"2026-08-23 00:33:51.274","01 03 04 EC 00 0C 85 0A"
"2026-08-23 00:33:51.306","01 03 18 27 0F 00 17 00 2B 00 46 00 74 00 A6 00 EA 01 3C 01 98 01 FE 02 67 02 EA E2 A3"
"2026-08-23 00:33:51.776","01 04 00 56 00 03 50 1B"
"2026-08-23 00:33:51.788","01 04 06 01 CA 00 00 00 00 F9 52"
"2026-08-23 00:33:53.284","01 10 0B 13 00 03 06 00 E5 00 6D 01 03 AF A4"
"2026-08-23 00:33:53.295","01 10 0B 13 00 03 73 E9"
"2026-08-23 00:33:53.306","01 03 04 B0 00 05 85 1E"
"2026-08-23 00:33:53.328","01 03 0A 00 00 00 00 00 00 00 00 00 00 24 B6"
"2026-08-23 00:33:53.776","01 01 00 19 00 03 AD CC"
"2026-08-23 00:33:53.787","01 01 01 00 51 88"
"2026-08-23 00:33:54.276","01 02 00 04 00 0C 39 CE"
"2026-08-23 00:33:54.287","01 02 02 01 00 B8 28"
"2026-08-23 00:33:54.776","01 03 04 EC 00 0C 85 0A"
"2026-08-23 00:33:54.808","01 03 18 27 0F 00 17 00 2B 00 46 00 74 00 A6 00 EA 01 3C 01 98 01 FE 02 67 02 EA E2 A3"
"2026-08-23 00:33:55.267","01 04 00 56 00 03 50 1B"
"2026-08-23 00:33:55.288","01 04 06 02 15 00 00 00 00 6C B2"
"2026-08-23 00:33:56.782","01 10 0B 13 00 03 06 00 E1 00 77 00 F2 BF B7"
"2026-08-23 00:33:56.793","01 10 0B 13 00 03 73 E9"
"2026-08-23 00:33:56.805","01 03 04 B0 00 05 85 1E"
"2026-08-23 00:33:56.826","01 03 0A 00 00 00 00 00 00 00 00 00 00 24 B6"
"2026-08-23 00:33:57.275","01 01 00 19 00 03 AD CC"
"2026-08-23 00:33:57.286","01 01 01 00 51 88"
"2026-08-23 00:33:57.776","01 02 00 04 00 0C 39 CE"
"2026-08-23 00:33:57.788","01 02 02 00 00 B9 B8"
"2026-08-23 00:33:58.267","01 03 04 EC 00 0C 85 0A"
"2026-08-23 00:33:58.310","01 03 18 27 0F 00 17 00 2B 00 46 00 74 00 A6 00 EA 01 3C 01 98 01 FE 02 67 02 EA E2 A3"
"2026-08-23 00:33:58.331","01 06 04 FC 06 14 4B 65"
"2026-08-23 00:33:58.343","01 06 04 FC 06 14 4B 65"
"2026-08-23 00:33:58.772","01 04 00 56 00 03 50 1B"
"2026-08-23 00:33:58.784","01 04 06 01 F7 00 00 00 00 94 97"
"2026-08-23 00:33:59.770","01 06 01 41 00 20 D9 FA"
"2026-08-23 00:33:59.782","01 06 01 41 00 20 D9 FA"
"2026-08-23 00:34:00.281","01 10 0B 13 00 03 06 00 DC 00 66 00 FC 03 B3"
"2026-08-23 00:34:00.292","01 10 0B 13 00 03 73 E9"
"2026-08-23 00:34:00.303","01 03 04 B0 00 05 85 1E"
"2026-08-23 00:34:00.324","01 03 0A 00 00 00 00 00 00 00 00 00 00 24 B6"
"2026-08-23 00:34:00.773","01 01 00 19 00 03 AD CC"
"2026-08-23 00:34:00.784","01 01 01 00 51 88"
"2026-08-23 00:34:01.273","01 02 00 04 00 0C 39 CE"
"2026-08-23 00:34:01.285","01 02 02 00 00 B9 B8"
"2026-08-23 00:34:01.775","01 03 04 EC 00 0C 85 0A"
"2026-08-23 00:34:01.808","01 03 18 27 0F 00 17 00 2B 00 46 00 74 00 A6 00 EA 01 3C 01 98 01 FE 02 67 02 EA E2 A3"
"2026-08-23 00:34:02.267","01 04 00 56 00 03 50 1B"
"2026-08-23 00:34:02.289","01 04 06 03 0C 00 00 00 00 70 A1"
"2026-08-23 00:34:02.769","01 05 23 34 00 00 87 80"
"2026-08-23 00:34:02.780","01 05 23 34 00 00 87 80"
"2026-08-23 00:34:03.270","01 06 01 41 00 0D 19 E7"
"2026-08-23 00:34:03.282","01 06 01 41 00 0D 19 E7"
"2026-08-23 00:34:03.782","01 10 0B 13 00 03 06 00 F2 00 71 00 FC 5B B1"
"2026-08-23 00:34:03.794","01 10 0B 13 00 03 73 E9"
"2026-08-23 00:34:03.805","01 03 04 B0 00 05 85 1E"
"2026-08-23 00:34:03.826","01 03 0A 00 00 00 00 00 00 00 00 00 00 24 B6"
"2026-08-23 00:34:04.275","01 01 00 19 00 03 AD CC"
"2026-08-23 00:34:04.286","01 01 01 00 51 88"
"2026-08-23 00:34:04.767","01 02 00 04 00 0C 39 CE"
"2026-08-23 00:34:04.788","01 02 02 01 00 B8 28"
"2026-08-23 00:34:05.267","01 03 04 EC 00 0C 85 0A"
"2026-08-23 00:34:05.309","01 03 18 27 0F 00 17 00 2B 00 46 00 74 00 A6 00 EA 01 3C 01 98 01 FE 02 67 02 EA E2 A3"
"2026-08-23 00:34:05.769","01 04 00 56 00 03 50 1B"
"2026-08-23 00:34:05.790","01 04 06 03 21 00 00 00 00 DC A7"
"2026-08-23 00:34:06.270","01 05 23 34 00 00 87 80"
"2026-08-23 00:34:06.281","01 05 23 34 00 00 87 80"
"2026-08-23 00:34:07.279","01 10 0B 13 00 03 06 00 DE 00 76 00 FD BA 76"
"2026-08-23 00:34:07.291","01 10 0B 13 00 03 73 E9"
"2026-08-23 00:34:07.302","01 03 04 B0 00 05 85 1E"
"2026-08-23 00:34:07.324","01 03 0A 00 00 00 00 00 00 00 00 00 00 24 B6"
"2026-08-23 00:34:07.773","01 01 00 19 00 03 AD CC"
"2026-08-23 00:34:07.785","01 01 01 00 51 88"
"2026-08-23 00:34:08.274","01 02 00 04 00 0C 39 CE"
"2026-08-23 00:34:08.285","01 02 02 00 00 B9 B8"
"2026-08-23 00:34:08.775","01 03 04 EC 00 0C 85 0A"
"2026-08-23 00:34:08.807","01 03 18 27 0F 00 17 00 2B 00 46 00 74 00 A6 00 EA 01 3C 01 98 01 FE 02 67 02 EA E2 A3"
"2026-08-23 00:34:09.267","01 04 00 56 00 03 50 1B"
"2026-08-23 00:34:09.289","01 04 06 02 7E 00 00 00 00 49 7B"
"2026-08-23 00:34:09.769","01 05 23 34 FF 00 C6 70"
"2026-08-23 00:34:09.781","01 05 23 34 FF 00 C6 70"
"2026-08-23 00:34:10.779","01 10 0B 13 00 03 06 00 E7 00 65 00 FB 57 B4"
"2026-08-23 00:34:10.790","01 10 0B 13 00 03 73 E9"
"2026-08-23 00:34:10.801","01 03 04 B0 00 05 85 1E"
"2026-08-23 00:34:10.823","01 03 0A 00 00 00 00 00 00 00 00 00 00 24 B6"
"2026-08-23 00:34:11.027","01 06 04 F6 02 71 A9 8C"
"2026-08-23 00:34:11.039","01 06 04 F6 02 71 A9 8C"
"2026-08-23 00:34:11.274","01 01 00 19 00 03 AD CC"
"2026-08-23 00:34:11.286","01 01 01 00 51 88"
"2026-08-23 00:34:11.776","01 02 00 04 00 0C 39 CE"
"2026-08-23 00:34:11.788","01 02 02 01 00 B8 28"
"2026-08-23 00:34:12.267","01 03 04 EC 00 0C 85 0A"
"2026-08-23 00:34:12.310","01 03 18 27 0F 00 17 00 2B 00 46 00 74 00 A6 00 EA 01 3C 01 98 01 FE 02 71 02 EA 03 67"
"2026-08-23 00:34:12.769","01 04 00 56 00 03 50 1B"
"2026-08-23 00:34:12.791","01 04 06 00 D8 00 00 00 00 40 80"
"2026-08-23 00:34:13.768","01 06 01 41 00 1A 59 E9"
"2026-08-23 00:34:13.790","01 06 01 41 00 1A 59 E9"
"2026-08-23 00:34:14.280","01 10 0B 13 00 03 06 00 E5 00 6E 00 F5 DE 72"
"2026-08-23 00:34:14.291","01 10 0B 13 00 03 73 E9"
"2026-08-23 00:34:14.302","01 03 04 B0 00 05 85 1E"
"2026-08-23 00:34:14.324","01 03 0A 00 00 00 00 00 00 00 00 00 00 24 B6"
"2026-08-23 00:34:14.772","01 01 00 19 00 03 AD CC"
"2026-08-23 00:34:14.784","01 01 01 00 51 88"
"2026-08-23 00:34:15.273","01 02 00 04 00 0C 39 CE"
"2026-08-23 00:34:15.284","01 02 02 01 00 B8 28"
"2026-08-23 00:34:15.776","01 03 04 EC 00 0C 85 0A"
"2026-08-23 00:34:15.809","01 03 18 27 0F 00 17 00 2B 00 46 00 74 00 A6 00 EA 01 3C 01 98 01 FE 02 71 02 EA 03 67"
"2026-08-23 00:34:16.267","01 04 00 56 00 03 50 1B"
"2026-08-23 00:34:16.288","01 04 06 02 71 00 00 00 00 1D 7A"
"2026-08-23 00:34:17.782","01 10 0B 13 00 03 06 00 F6 00 6E 01 01 5B A6"
"2026-08-23 00:34:17.794","01 10 0B 13 00 03 73 E9"
"2026-08-23 00:34:17.805","01 03 04 B0 00 05 85 1E"
"2026-08-23 00:34:17.826","01 03 0A 00 00 00 00 00 00 00 00 00 00 24 B6"
"2026-08-23 00:34:17.878","01 06 04 F7 02 EB 78 27"
"2026-08-23 00:34:17.889","01 06 04 F7 02 EB 78 27"
"2026-08-23 00:34:18.266","01 01 00 19 00 03 AD CC"
"2026-08-23 00:34:18.278","01 01 01 00 51 88"
"2026-08-23 00:34:18.767","01 02 00 04 00 0C 39 CE"
"2026-08-23 00:34:18.779","01 02 02 00 00 B9 B8"
"2026-08-23 00:34:19.268","01 03 04 EC 00 0C 85 0A"
"2026-08-23 00:34:19.311","01 03 18 27 0F 00 17 00 2B 00 46 00 74 00 A6 00 EA 01 3C 01 98 01 FE 02 71 02 EB C2 A7"
"2026-08-23 00:34:19.769","01 04 00 56 00 03 50 1B"
"2026-08-23 00:34:19.791","01 04 06 01 BD 00 00 00 00 0D 59"
"2026-08-23 00:34:21.277","01 10 0B 13 00 03 06 00 E9 00 66 00 F9 4F B4"
"2026-08-23 00:34:21.289","01 10 0B 13 00 03 73 E9"
"2026-08-23 00:34:21.310","01 03 04 B0 00 05 85 1E"
"2026-08-23 00:34:21.332","01 03 0A 00 00 00 00 00 00 00 00 00 00 24 B6"
"2026-08-23 00:34:21.771","01 01 00 19 00 03 AD CC"
"2026-08-23 00:34:21.783","01 01 01 00 51 88"
"2026-08-23 00:34:22.272","01 02 00 04 00 0C 39 CE"
"2026-08-23 00:34:22.283","01 02 02 01 00 B8 28"
"2026-08-23 00:34:22.773","01 03 04 EC 00 0C 85 0A"
"2026-08-23 00:34:22.805","01 03 18 27 0F 00 17 00 2B 00 46 00 74 00 A6 00 EA 01 3C 01 98 01 FE 02 71 02 EB C2 A7"
"2026-08-23 00:34:23.274","01 04 00 56 00 03 50 1B"
"2026-08-23 00:34:23.286","01 04 06 01 50 00 00 00 00 A1 4E"
"2026-08-23 00:34:23.378","01 06 04 FD 06 DE 9A F2"
"2026-08-23 00:34:23.400","01 06 04 FD 06 DE 9A F2"
"2026-08-23 00:34:24.784","01 10 0B 13 00 03 06 00 D8 00 69 00 FE 43 B1"
"2026-08-23 00:34:24.795","01 10 0B 13 00 03 73 E9"
"2026-08-23 00:34:24.806","01 03 04 B0 00 05 85 1E"
"2026-08-23 00:34:24.828","01 03 0A 00 00 00 00 00 00 00 00 00 00 24 B6"
"2026-08-23 00:34:25.266","01 01 00 19 00 03 AD CC"
"2026-08-23 00:34:25.289","01 01 01 00 51 88"
"2026-08-23 00:34:25.768","01 02 00 04 00 0C 39 CE"
"2026-08-23 00:34:25.780","01 02 02 01 00 B8 28"
"2026-08-23 00:34:26.272","01 03 04 EC 00 0C 85 0A"
"2026-08-23 00:34:26.315","01 03 18 27 0F 00 17 00 2B 00 46 00 74 00 A6 00 EA 01 3C 01 98 01 FE 02 71 02 EB C2 A7"
"2026-08-23 00:34:26.775","01 04 00 56 00 03 50 1B"
"2026-08-23 00:34:26.786","01 04 06 01 E1 00 00 00 00 DD 54"
"2026-08-23 00:34:27.772","01 06 01 41 00 25 19 F9"
"2026-08-23 00:34:27.783","01 06 01 41 00 25 19 F9"
"2026-08-23 00:34:28.277","01 10 0B 13 00 03 06 00 D6 00 65 00 F1 AA 77"
"2026-08-23 00:34:28.289","01 10 0B 13 00 03 73 E9"
"2026-08-23 00:34:28.310","01 03 04 B0 00 05 85 1E"
"2026-08-23 00:34:28.331","01 03 0A 00 00 00 00 00 00 00 00 00 00 24 B6"
"2026-08-23 00:34:28.777","01 01 00 19 00 03 AD CC"
"2026-08-23 00:34:28.789","01 01 01 00 51 88"
"2026-08-23 00:34:29.269","01 02 00 04 00 0C 39 CE"
"2026-08-23 00:34:29.280","01 02 02 01 00 B8 28"
"2026-08-23 00:34:29.777","01 03 04 EC 00 0C 85 0A"
"2026-08-23 00:34:29.810","01 03 18 27 0F 00 17 00 2B 00 46 00 74 00 A6 00 EA 01 3C 01 98 01 FE 02 71 02 EB C2 A7"
"2026-08-23 00:34:30.279","01 04 00 56 00 03 50 1B"
"2026-08-23 00:34:30.291","01 04 06 01 8B 00 00 00 00 C5 5D"
"2026-08-23 00:34:30.839","01 06 04 FE 07 A8 EA 84"
"2026-08-23 00:34:30.850","01 06 04 FE 07 A8 EA 84"
"2026-08-23 00:34:31.270","01 06 01 41 00 2C D9 FF"
"2026-08-23 00:34:31.282","01 06 01 41 00 2C D9 FF"
"2026-08-23 00:34:31.784","01 10 0B 13 00 03 06 00 DA 00 74 00 FA AB B4"
"2026-08-23 00:34:31.795","01 10 0B 13 00 03 73 E9"
"2026-08-23 00:34:31.806","01 03 04 B0 00 05 85 1E"
"2026-08-23 00:34:31.827","01 03 0A 00 00 00 00 00 00 00 00 00 00 24 B6"
"2026-08-23 00:34:32.269","01 01 00 19 00 03 AD CC"
"2026-08-23 00:34:32.280","01 01 01 00 51 88"
"2026-08-23 00:34:32.773","01 02 00 04 00 0C 39 CE"
"2026-08-23 00:34:32.784","01 02 02 01 00 B8 28"
"2026-08-23 00:34:33.276","01 03 04 EC 00 0C 85 0A"
"2026-08-23 00:34:33.308","01 03 18 27 0F 00 17 00 2B 00 46 00 74 00 A6 00 EA 01 3C 01 98 01 FE 02 71 02 EB C2 A7"
"2026-08-23 00:34:33.769","01 04 00 56 00 03 50 1B"
"2026-08-23 00:34:33.791","01 04 06 01 5D 00 00 00 00 8C 8F"
"2026-08-23 00:34:34.771","01 06 01 41 00 30 D8 36"
"2026-08-23 00:34:34.782","01 06 01 41 00 30 D8 36"
"2026-08-23 00:34:35.281","01 10 0B 13 00 03 06 00 E4 00 70 00 F0 43 B7"
"2026-08-23 00:34:35.293","01 10 0B 13 00 03 73 E9"
"2026-08-23 00:34:35.305","01 03 04 B0 00 05 85 1E"
"2026-08-23 00:34:35.326","01 03 0A 00 00 00 00 00 00 00 00 00 00 24 B6"
"2026-08-23 00:34:35.775","01 01 00 19 00 03 AD CC"
"2026-08-23 00:34:35.787","01 01 01 00 51 88"
"2026-08-23 00:34:36.267","01 02 00 04 00 0C 39 CE"
"2026-08-23 00:34:36.289","01 02 02 01 00 B8 28"
"2026-08-23 00:34:36.768","01 03 04 EC 00 0C 85 0A"
"2026-08-23 00:34:36.810","01 03 18 27 0F 00 17 00 2B 00 46 00 74 00 A6 00 EA 01 3C 01 98 01 FE 02 71 02 EB C2 A7"
"2026-08-23 00:34:37.269","01 04 00 56 00 03 50 1B"
"2026-08-23 00:34:37.291","01 04 06 00 80 00 00 00 00 61 4D"
"2026-08-23 00:34:38.776","01 10 0B 13 00 03 06 00 E3 00 67 01 02 C6 66"
"2026-08-23 00:34:38.798","01 10 0B 13 00 03 73 E9"
"2026-08-23 00:34:38.809","01 03 04 B0 00 05 85 1E"
"2026-08-23 00:34:38.831","01 03 0A 00 00 00 00 00 00 00 00 00 00 24 B6"
"2026-08-23 00:34:39.269","01 01 00 19 00 03 AD CC"
"2026-08-23 00:34:39.280","01 01 01 00 51 88"
"2026-08-23 00:34:39.770","01 02 00 04 00 0C 39 CE"
"2026-08-23 00:34:39.781","01 02 02 00 00 B9 B8"
"2026-08-23 00:34:40.271","01 03 04 EC 00 0C 85 0A"
"2026-08-23 00:34:40.313","01 03 18 27 0F 00 17 00 2B 00 46 00 74 00 A6 00 EA 01 3C 01 98 01 FE 02 71 02 EB C2 A7"
"2026-08-23 00:34:40.771","01 04 00 56 00 03 50 1B"
"2026-08-23 00:34:40.793","01 04 06 01 A0 00 00 00 00 E1 5B"
"2026-08-23 00:34:41.769","01 06 01 41 00 21 18 3A"
"2026-08-23 00:34:41.781","01 06 01 41 00 21 18 3A"
"2026-08-23 00:34:42.279","01 10 0B 13 00 03 06 00 F0 00 71 00 FB 63 B3"
"2026-08-23 00:34:42.291","01 10 0B 13 00 03 73 E9"
"2026-08-23 00:34:42.312","01 03 04 B0 00 05 85 1E"
"2026-08-23 00:34:42.333","01 03 0A 00 00 00 00 00 00 00 00 00 00 24 B6"
"2026-08-23 00:34:42.650","01 06 04 F3 01 3C 79 48"
"2026-08-23 00:34:42.661","01 06 04 F3 01 3C 79 48"
"2026-08-23 00:34:42.774","01 01 00 19 00 03 AD CC"
"2026-08-23 00:34:42.785","01 01 01 00 51 88"
"2026-08-23 00:34:43.274","01 02 00 04 00 0C 39 CE"
"2026-08-23 00:34:43.285","01 02 02 01 00 B8 28"
"2026-08-23 00:34:43.775","01 03 04 EC 00 0C 85 0A"
"2026-08-23 00:34:43.807","01 03 18 27 0F 00 17 00 2B 00 46 00 74 00 A6 00 EA 01 3C 01 98 01 FE 02 71 02 EB C2 A7"
"2026-08-23 00:34:44.276","01 04 00 56 00 03 50 1B"
"2026-08-23 00:34:44.288","01 04 06 02 C7 00 00 00 00 D4 A0"
"2026-08-23 00:34:45.784","01 10 0B 13 00 03 06 00 D6 00 6A 01 01 9B A0"
"2026-08-23 00:34:45.795","01 10 0B 13 00 03 73 E9"
"2026-08-23 00:34:45.807","01 03 04 B0 00 05 85 1E"
"2026-08-23 00:34:45.828","01 03 0A 00 00 00 00 00 00 00 00 00 00 24 B6"
"2026-08-23 00:34:46.276","01 01 00 19 00 03 AD CC"
"2026-08-23 00:34:46.288","01 01 01 00 51 88"
"2026-08-23 00:34:46.777","01 02 00 04 00 0C 39 CE"
"2026-08-23 00:34:46.788","01 02 02 00 00 B9 B8"
"2026-08-23 00:34:47.277","01 03 04 EC 00 0C 85 0A"
"2026-08-23 00:34:47.309","01 03 18 27 0F 00 17 00 2B 00 46 00 74 00 A6 00 EA 01 3C 01 98 01 FE 02 71 02 EB C2 A7"
"2026-08-23 00:34:47.768","01 04 00 56 00 03 50 1B"
"2026-08-23 00:34:47.790","01 04 06 02 DB 00 00 00 00 05 62"
"2026-08-23 00:34:49.283","01 10 0B 13 00 03 06 00 D5 00 71 00 F6 EF B1"
"2026-08-23 00:34:49.295","01 10 0B 13 00 03 73 E9"
"2026-08-23 00:34:49.306","01 03 04 B0 00 05 85 1E"
"2026-08-23 00:34:49.328","01 03 0A 00 00 00 00 00 00 00 00 00 00 24 B6"
"2026-08-23 00:34:49.776","01 01 00 19 00 03 AD CC"
"2026-08-23 00:34:49.787","01 01 01 00 51 88"
"2026-08-23 00:34:50.276","01 02 00 04 00 0C 39 CE"
"2026-08-23 00:34:50.288","01 02 02 01 00 B8 28"
"2026-08-23 00:34:50.777","01 03 04 EC 00 0C 85 0A"
"2026-08-23 00:34:50.809","01 03 18 27 0F 00 17 00 2B 00 46 00 74 00 A6 00 EA 01 3C 01 98 01 FE 02 71 02 EB C2 A7"
"2026-08-23 00:34:51.278","01 04 00 56 00 03 50 1B"
"2026-08-23 00:34:51.289","01 04 06 01 60 00 00 00 00 E1 4A"
"2026-08-23 00:34:51.320","01 06 04 EE 00 2B A8 D0"
"2026-08-23 00:34:51.332","01 06 04 EE 00 2B A8 D0"
"2026-08-23 00:34:52.786","01 10 0B 13 00 03 06 00 E6 00 67 00 F7 CB B1"
"2026-08-23 00:34:52.798","01 10 0B 13 00 03 73 E9"
"2026-08-23 00:34:52.809","01 03 04 B0 00 05 85 1E"
"2026-08-23 00:34:52.830","01 03 0A 00 00 00 00 00 00 00 00 00 00 24 B6"
"2026-08-23 00:34:53.268","01 01 00 19 00 03 AD CC"
"2026-08-23 00:34:53.280","01 01 01 00 51 88"
"2026-08-23 00:34:53.769","01 02 00 04 00 0C 39 CE"
"2026-08-23 00:34:53.780","01 02 02 00 00 B9 B8"
"2026-08-23 00:34:54.269","01 03 04 EC 00 0C 85 0A"
"2026-08-23 00:34:54.311","01 03 18 27 0F 00 17 00 2B 00 46 00 74 00 A6 00 EA 01 3C 01 98 01 FE 02 71 02 EB C2 A7"
"2026-08-23 00:34:54.771","01 04 00 56 00 03 50 1B"
"2026-08-23 00:34:54.793","01 04 06 02 D6 00 00 00 00 28 A3"
"2026-08-23 00:34:55.770","01 06 01 41 00 2E 58 3E"
"2026-08-23 00:34:55.782","01 06 01 41 00 2E 58 3E"
"2026-08-23 00:34:56.282","01 10 0B 13 00 03 06 00 D6 00 6B 00 F8 0B B2"
"2026-08-23 00:34:56.294","01 10 0B 13 00 03 73 E9"
"2026-08-23 00:34:56.305","01 03 04 B0 00 05 85 1E"
"2026-08-23 00:34:56.327","01 03 0A 00 00 00 00 00 00 00 00 00 00 24 B6"
"2026-08-23 00:34:56.777","01 01 00 19 00 03 AD CC"
"2026-08-23 00:34:56.789","01 01 01 00 51 88"
"2026-08-23 00:34:57.269","01 02 00 04 00 0C 39 CE"
"2026-08-23 00:34:57.280","01 02 02 00 00 B9 B8"
"2026-08-23 00:34:57.771","01 03 04 EC 00 0C 85 0A"
"2026-08-23 00:34:57.813","01 03 18 27 0F 00 17 00 2B 00 46 00 74 00 A6 00 EA 01 3C 01 98 01 FE 02 71 02 EB C2 A7"
"2026-08-23 00:34:58.180","01 06 04 EF 00 4F F8 FB"
"2026-08-23 00:34:58.192","01 06 04 EF 00 4F F8 FB"
"2026-08-23 00:34:58.274","01 04 00 56 00 03 50 1B"
"2026-08-23 00:34:58.296","01 04 06 03 3F 00 00 00 00 74 A5"
"2026-08-23 00:34:59.782","01 10 0B 13 00 03 06 00 EC 00 6C 00 F6 E3 B2"
"2026-08-23 00:34:59.793","01 10 0B 13 00 03 73 E9"
"2026-08-23 00:34:59.805","01 03 04 B0 00 05 85 1E"
"2026-08-23 00:34:59.826","01 03 0A 00 00 00 00 00 00 00 00 00 00 24 B6"
"2026-08-23 00:35:00.274","01 01 00 19 00 03 AD CC"
"2026-08-23 00:35:00.286","01 01 01 00 51 88"
"2026-08-23 00:35:00.775","01 02 00 04 00 0C 39 CE"
"2026-08-23 00:35:00.786","01 02 02 00 00 B9 B8"
"2026-08-23 00:35:01.275","01 03 04 EC 00 0C 85 0A"
"2026-08-23 00:35:01.307","01 03 18 27 0F 00 17 00 2B 00 4F 00 74 00 A6 00 EA 01 3C 01 98 01 FE 02 71 02 EB 14 F5"
"2026-08-23 00:35:01.776","01 04 00 56 00 03 50 1B"
"2026-08-23 00:35:01.787","01 04 06 02 DF 00 00 00 00 F4 A2"
"2026-08-23 00:35:03.282","01 10 0B 13 00 03 06 00 E4 00 77 00 F9 32 70"
"2026-08-23 00:35:03.294","01 10 0B 13 00 03 73 E9"
"2026-08-23 00:35:03.305","01 03 04 B0 00 05 85 1E"
"2026-08-23 00:35:03.326","01 03 0A 00 00 00 00 00 00 00 00 00 00 24 B6"
"2026-08-23 00:35:03.775","01 01 00 19 00 03 AD CC"
"2026-08-23 00:35:03.787","01 01 01 00 51 88"
"2026-08-23 00:35:04.277","01 02 00 04 00 0C 39 CE"
"2026-08-23 00:35:04.289","01 02 02 00 00 B9 B8"
"2026-08-23 00:35:04.769","01 03 04 EC 00 0C 85 0A"
"2026-08-23 00:35:04.812","01 03 18 27 0F 00 17 00 2B 00 4F 00 74 00 A6 00 EA 01 3C 01 98 01 FE 02 71 02 EB 14 F5"
"2026-08-23 00:35:05.270","01 04 00 56 00 03 50 1B"
"2026-08-23 00:35:05.292","01 04 06 02 5C 00 00 00 00 B1 7C"
"2026-08-23 00:35:05.771","01 05 23 34 00 00 87 80"
"2026-08-23 00:35:05.782","01 05 23 34 00 00 87 80"
"2026-08-23 00:35:06.780","01 10 0B 13 00 03 06 00 CD 00 66 00 FD 3E 70"
"2026-08-23 00:35:06.791","01 10 0B 13 00 03 73 E9"
"2026-08-23 00:35:06.812","01 03 04 B0 00 05 85 1E"
"2026-08-23 00:35:06.834","01 03 0A 00 00 00 00 00 00 00 00 00 00 24 B6"
"2026-08-23 00:35:07.119","01 06 04 FF 08 87 FF 68"
"2026-08-23 00:35:07.131","01 06 04 FF 08 87 FF 68"
"2026-08-23 00:35:07.274","01 01 00 19 00 03 AD CC"
"2026-08-23 00:35:07.285","01 01 01 00 51 88"
"2026-08-23 00:35:07.774","01 02 00 04 00 0C 39 CE"
"2026-08-23 00:35:07.785","01 02 02 00 00 B9 B8"
"2026-08-23 00:35:08.274","01 03 04 EC 00 0C 85 0A"
"2026-08-23 00:35:08.306","01 03 18 27 0F 00 17 00 2B 00 4F 00 74 00 A6 00 EA 01 3C 01 98 01 FE 02 71 02 EB 14 F5"
"2026-08-23 00:35:08.776","01 04 00 56 00 03 50 1B"
"2026-08-23 00:35:08.788","01 04 06 01 98 00 00 00 00 40 9E"
"2026-08-23 00:35:09.776","01 06 01 41 00 0B 99 E5"
"2026-08-23 00:35:09.787","01 06 01 41 00 0B 99 E5"
"2026-08-23 00:35:10.286","01 10 0B 13 00 03 06 00 F0 00 6D 00 F4 E2 71"
"2026-08-23 00:35:10.297","01 10 0B 13 00 03 73 E9"
"2026-08-23 00:35:10.309","01 03 04 B0 00 05 85 1E"
"2026-08-23 00:35:10.330","01 03 0A 00 00 00 00 00 00 00 00 00 00 24 B6"
"2026-08-23 00:35:10.769","01 01 00 19 00 03 AD CC"
"2026-08-23 00:35:10.781","01 01 01 00 51 88"
"2026-08-23 00:35:11.271","01 02 00 04 00 0C 39 CE"
"2026-08-23 00:35:11.282","01 02 02 01 00 B8 28"
"2026-08-23 00:35:11.772","01 03 04 EC 00 0C 85 0A"
"2026-08-23 00:35:11.815","01 03 18 27 0F 00 17 00 2B 00 4F 00 74 00 A6 00 EA 01 3C 01 98 01 FE 02 71 02 EB 14 F5"
"2026-08-23 00:35:12.274","01 04 00 56 00 03 50 1B"
"2026-08-23 00:35:12.286","01 04 06 03 83 00 00 00 00 25 7E"
"2026-08-23 00:35:13.781","01 10 0B 13 00 03 06 00 E7 00 64 00 F3 07 B2"
"2026-08-23 00:35:13.793","01 10 0B 13 00 03 73 E9"
"2026-08-23 00:35:13.804","01 03 04 B0 00 05 85 1E"
"2026-08-23 00:35:13.825","01 03 0A 00 00 00 00 00 00 00 00 00 00 24 B6"
"2026-08-23 00:35:14.274","01 01 00 19 00 03 AD CC"
"2026-08-23 00:35:14.285","01 01 01 00 51 88"
"2026-08-23 00:35:14.775","01 02 00 04 00 0C 39 CE"
"2026-08-23 00:35:14.786","01 02 02 01 00 B8 28"
"2026-08-23 00:35:15.275","01 03 04 EC 00 0C 85 0A"
"2026-08-23 00:35:15.307","01 03 18 27 0F 00 17 00 2B 00 4F 00 74 00 A6 00 EA 01 3C 01 98 01 FE 02 71 02 EB 14 F5"
"2026-08-23 00:35:15.776","01 04 00 56 00 03 50 1B"
"2026-08-23 00:35:15.787","01 04 06 00 8C 00 00 00 00 71 4C"
"2026-08-23 00:35:17.282","01 10 0B 13 00 03 06 00 E8 00 72 00 F1 33 B6"
"2026-08-23 00:35:17.293","01 10 0B 13 00 03 73 E9"
"2026-08-23 00:35:17.304","01 03 04 B0 00 05 85 1E"
"2026-08-23 00:35:17.326","01 03 0A 00 00 00 00 00 00 00 00 00 00 24 B6"
"2026-08-23 00:35:17.774","01 01 00 19 00 03 AD CC"
"2026-08-23 00:35:17.786","01 01 01 00 51 88"
"2026-08-23 00:35:18.275","01 02 00 04 00 0C 39 CE"
"2026-08-23 00:35:18.286","01 02 02 00 00 B9 B8"
"2026-08-23 00:35:18.775","01 03 04 EC 00 0C 85 0A"
"2026-08-23 00:35:18.807","01 03 18 27 0F 00 17 00 2B 00 4F 00 74 00 A6 00 EA 01 3C 01 98 01 FE 02 71 02 EB 14 F5"
"2026-08-23 00:35:19.275","01 04 00 56 00 03 50 1B"
"2026-08-23 00:35:19.287","01 04 06 00 BA 00 00 00 00 B9 48"
"2026-08-23 00:35:20.273","01 06 01 41 00 0F 98 26"
"2026-08-23 00:35:20.285","01 06 01 41 00 0F 98 26"
"2026-08-23 00:35:20.673","01 06 04 F5 01 F5 59 1F"
"2026-08-23 00:35:20.684","01 06 04 F5 01 F5 59 1F"
"2026-08-23 00:35:20.777","01 10 0B 13 00 03 06 00 E3 00 66 00 FC 17 B6"
"2026-08-23 00:35:20.798","01 10 0B 13 00 03 73 E9"
"2026-08-23 00:35:20.810","01 03 04 B0 00 05 85 1E"
"2026-08-23 00:35:20.831","01 03 0A 00 00 00 00 00 00 00 00 00 00 24 B6"
"2026-08-23 00:35:21.269","01 01 00 19 00 03 AD CC"
"2026-08-23 00:35:21.280","01 01 01 00 51 88"
"2026-08-23 00:35:21.769","01 02 00 04 00 0C 39 CE"
"2026-08-23 00:35:21.791","01 02 02 00 00 B9 B8"
"2026-08-23 00:35:22.269","01 03 04 EC 00 0C 85 0A"
"2026-08-23 00:35:22.311","01 03 18 27 0F 00 17 00 2B 00 4F 00 74 00 A6 00 EA 01 3C 01 98 01 F5 02 71 02 EB B1 34"
"2026-08-23 00:35:22.771","01 04 00 56 00 03 50 1B"
"2026-08-23 00:35:22.792","01 04 06 02 99 00 00 00 00 7D 6D"
"2026-08-23 00:35:23.271","01 05 23 34 FF 00 C6 70"
"2026-08-23 00:35:23.283","01 05 23 34 FF 00 C6 70"
"2026-08-23 00:35:23.772","01 06 01 41 00 2A 59 FD"
"2026-08-23 00:35:23.793","01 06 01 41 00 2A 59 FD"
"2026-08-23 00:35:24.284","01 10 0B 13 00 03 06 00 D6 00 6B 00 F7 4B B6"
"2026-08-23 00:35:24.295","01 10 0B 13 00 03 73 E9"
"2026-08-23 00:35:24.306","01 03 04 B0 00 05 85 1E"
"2026-08-23 00:35:24.327","01 03 0A 00 00 00 00 00 00 00 00 00 00 24 B6"
"2026-08-23 00:35:24.776","01 01 00 19 00 03 AD CC"
"2026-08-23 00:35:24.787","01 01 01 00 51 88"
"2026-08-23 00:35:25.276","01 02 00 04 00 0C 39 CE"
"2026-08-23 00:35:25.287","01 02 02 00 00 B9 B8"
"2026-08-23 00:35:25.777","01 03 04 EC 00 0C 85 0A"
"2026-08-23 00:35:25.809","01 03 18 27 0F 00 17 00 2B 00 4F 00 74 00 A6 00 EA 01 3C 01 98 01 F5 02 71 02 EB B1 34"
"2026-08-23 00:35:26.277","01 04 00 56 00 03 50 1B"
"2026-08-23 00:35:26.289","01 04 06 03 A4 00 00 00 00 11 79"
"2026-08-23 00:35:27.783","01 10 0B 13 00 03 06 00 E7 00 73 01 03 B6 62"
"2026-08-23 00:35:27.795","01 10 0B 13 00 03 73 E9"
"2026-08-23 00:35:27.806","01 03 04 B0 00 05 85 1E"
"2026-08-23 00:35:27.828","01 03 0A 00 00 00 00 00 00 00 00 00 00 24 B6"
"2026-08-23 00:35:28.276","01 01 00 19 00 03 AD CC"
"2026-08-23 00:35:28.288","01 01 01 00 51 88"
"2026-08-23 00:35:28.779","01 02 00 04 00 0C 39 CE"
"2026-08-23 00:35:28.791","01 02 02 01 00 B8 28"
"2026-08-23 00:35:29.270","01 03 04 EC 00 0C 85 0A"
"2026-08-23 00:35:29.312","01 03 18 27 0F 00 17 00 2B 00 4F 00 74 00 A6 00 EA 01 3C 01 98 01 F5 02 71 02 EB B1 34"
"2026-08-23 00:35:29.771","01 04 00 56 00 03 50 1B"
"2026-08-23 00:35:29.794","01 04 06 02 2C 00 00 00 00 F0 B7"
"2026-08-23 00:35:29.815","01 06 04 F9 04 06 DA 09"
"2026-08-23 00:35:29.827","01 06 04 F9 04 06 DA 09"
"2026-08-23 00:35:31.280","01 10 0B 13 00 03 06 00 DA 00 71 00 FF 7B B6"
"2026-08-23 00:35:31.292","01 10 0B 13 00 03 73 E9"
"2026-08-23 00:35:31.313","01 03 04 B0 00 05 85 1E"
"2026-08-23 00:35:31.334","01 03 0A 00 00 00 00 00 00 00 00 00 00 24 B6"
"2026-08-23 00:35:31.772","01 01 00 19 00 03 AD CC"
"2026-08-23 00:35:31.784","01 01 01 00 51 88"
"2026-08-23 00:35:32.273","01 02 00 04 00 0C 39 CE"
"2026-08-23 00:35:32.285","01 02 02 01 00 B8 28"
"2026-08-23 00:35:32.774","01 03 04 EC 00 0C 85 0A"
"2026-08-23 00:35:32.816","01 03 18 27 0F 00 17 00 2B 00 4F 00 74 00 A6 00 EA 01 3C 01 98 01 F5 02 71 02 EB B1 34"
"2026-08-23 00:35:33.275","01 04 00 56 00 03 50 1B"
"2026-08-23 00:35:33.286","01 04 06 02 44 00 00 00 00 91 7E"
"2026-08-23 00:35:34.782","01 10 0B 13 00 03 06 00 F1 00 74 01 00 0E 61"
"2026-08-23 00:35:34.793","01 10 0B 13 00 03 73 E9"
"2026-08-23 00:35:34.805","01 03 04 B0 00 05 85 1E"
"2026-08-23 00:35:34.826","01 03 0A 00 00 00 00 00 00 00 00 00 00 24 B6"
"2026-08-23 00:35:35.274","01 01 00 19 00 03 AD CC"
"2026-08-23 00:35:35.286","01 01 01 00 51 88"
"2026-08-23 00:35:35.776","01 02 00 04 00 0C 39 CE"
"2026-08-23 00:35:35.788","01 02 02 01 00 B8 28"
"2026-08-23 00:35:36.277","01 03 04 EC 00 0C 85 0A"
"2026-08-23 00:35:36.310","01 03 18 27 0F 00 17 00 2B 00 4F 00 74 00 A6 00 EA 01 3C 01 98 01 F5 02 71 02 EB B1 34"
"2026-08-23 00:35:36.779","01 04 00 56 00 03 50 1B"
"2026-08-23 00:35:36.790","01 04 06 01 5D 00 00 00 00 8C 8F"
"2026-08-23 00:35:38.285","01 10 0B 13 00 03 06 00 E4 00 75 00 FE D2 72"
"2026-08-23 00:35:38.296","01 10 0B 13 00 03 73 E9"
"2026-08-23 00:35:38.307","01 03 04 B0 00 05 85 1E"
"2026-08-23 00:35:38.329","01 03 0A 00 00 00 00 00 00 00 00 00 00 24 B6"
"2026-08-23 00:35:38.777","01 01 00 19 00 03 AD CC"
"2026-08-23 00:35:38.789","01 01 01 00 51 88"
"2026-08-23 00:35:39.278","01 02 00 04 00 0C 39 CE"
"2026-08-23 00:35:39.290","01 02 02 01 00 B8 28"
"2026-08-23 00:35:39.331","01 06 04 EF 00 46 38 FD"
"2026-08-23 00:35:39.342","01 06 04 EF 00 46 38 FD"
"2026-08-23 00:35:39.770","01 03 04 EC 00 0C 85 0A"
"2026-08-23 00:35:39.813","01 03 18 27 0F 00 17 00 2B 00 46 00 74 00 A6 00 EA 01 3C 01 98 01 F5 02 71 02 EB 67 66"
"2026-08-23 00:35:40.271","01 04 00 56 00 03 50 1B"
"2026-08-23 00:35:40.293","01 04 06 00 82 00 00 00 00 18 8D"
"2026-08-23 00:35:41.787","01 10 0B 13 00 03 06 00 CA 00 68 00 F5 EB B5"
"2026-08-23 00:35:41.799","01 10 0B 13 00 03 73 E9"
"2026-08-23 00:35:41.810","01 03 04 B0 00 05 85 1E"
"2026-08-23 00:35:41.832","01 03 0A 00 00 00 00 00 00 00 00 00 00 24 B6"
"2026-08-23 00:35:42.270","01 01 00 19 00 03 AD CC"
"2026-08-23 00:35:42.281","01 01 01 00 51 88"
"2026-08-23 00:35:42.770","01 02 00 04 00 0C 39 CE"
"2026-08-23 00:35:42.782","01 02 02 00 00 B9 B8"
"2026-08-23 00:35:43.271","01 03 04 EC 00 0C 85 0A"
"2026-08-23 00:35:43.313","01 03 18 27 0F 00 17 00 2B 00 46 00 74 00 A6 00 EA 01 3C 01 98 01 F5 02 71 02 EB 67 66"
"2026-08-23 00:35:43.772","01 04 00 56 00 03 50 1B"
"2026-08-23 00:35:43.794","01 04 06 03 37 00 00 00 00 95 64"
"2026-08-23 00:35:45.278","01 10 0B 13 00 03 06 00 E0 00 6F 00 F2 02 70"
"2026-08-23 00:35:45.299","01 10 0B 13 00 03 73 E9"
"2026-08-23 00:35:45.310","01 03 04 B0 00 05 85 1E"
"2026-08-23 00:35:45.332","01 03 0A 00 00 00 00 00 00 00 00 00 00 24 B6"
"2026-08-23 00:35:45.779","01 01 00 19 00 03 AD CC"
"2026-08-23 00:35:45.791","01 01 01 00 51 88"
"2026-08-23 00:35:46.270","01 02 00 04 00 0C 39 CE"
"2026-08-23 00:35:46.282","01 02 02 00 00 B9 B8"
"2026-08-23 00:35:46.771","01 03 04 EC 00 0C 85 0A"
"2026-08-23 00:35:46.813","01 03 18 27 0F 00 17 00 2B 00 46 00 74 00 A6 00 EA 01 3C 01 98 01 F5 02 71 02 EB 67 66"
"2026-08-23 00:35:47.272","01 04 00 56 00 03 50 1B"
"2026-08-23 00:35:47.293","01 04 06 00 79 00 00 00 00 FD 59"
"2026-08-23 00:35:48.778","01 10 0B 13 00 03 06 00 EA 00 68 00 F3 EA 70"
"2026-08-23 00:35:48.800","01 10 0B 13 00 03 73 E9"
"2026-08-23 00:35:48.811","01 03 04 B0 00 05 85 1E"
"2026-08-23 00:35:48.833","01 03 0A 00 00 00 00 00 00 00 00 00 00 24 B6"
"2026-08-23 00:35:49.271","01 01 00 19 00 03 AD CC"
"2026-08-23 00:35:49.282","01 01 01 00 51 88"
"2026-08-23 00:35:49.772","01 02 00 04 00 0C 39 CE"
"2026-08-23 00:35:49.783","01 02 02 00 00 B9 B8"
"2026-08-23 00:35:50.272","01 03 04 EC 00 0C 85 0A"
"2026-08-23 00:35:50.314","01 03 18 27 0F 00 17 00 2B 00 46 00 74 00 A6 00 EA 01 3C 01 98 01 F5 02 71 02 EB 67 66"
"2026-08-23 00:35:50.773","01 04 00 56 00 03 50 1B"
"2026-08-23 00:35:50.795","01 04 06 01 A1 00 00 00 00 DC 9B"
"2026-08-23 00:35:51.771","01 06 01 41 00 27 98 38"
"2026-08-23 00:35:51.793","01 06 01 41 00 27 98 38"
"2026-08-23 00:35:52.191","01 06 04 ED 00 17 58 C1"
"2026-08-23 00:35:52.202","01 06 04 ED 00 17 58 C1"
"2026-08-23 00:35:52.285","01 10 0B 13 00 03 06 00 CE 00 71 01 01 CB A5"
"2026-08-23 00:35:52.296","01 10 0B 13 00 03 73 E9"
"2026-08-23 00:35:52.307","01 03 04 B0 00 05 85 1E"
"2026-08-23 00:35:52.328","01 03 0A 00 00 00 00 00 00 00 00 00 00 24 B6"
"2026-08-23 00:35:52.777","01 01 00 19 00 03 AD CC"
"2026-08-23 00:35:52.788","01 01 01 00 51 88"
"2026-08-23 00:35:53.277","01 02 00 04 00 0C 39 CE"
"2026-08-23 00:35:53.289","01 02 02 01 00 B8 28"
"2026-08-23 00:35:53.778","01 03 04 EC 00 0C 85 0A"
"2026-08-23 00:35:53.810","01 03 18 27 0F 00 17 00 2B 00 46 00 74 00 A6 00 EA 01 3C 01 98 01 F5 02 71 02 EB 67 66"
"2026-08-23 00:35:54.278","01 04 00 56 00 03 50 1B"
"2026-08-23 00:35:54.290","01 04 06 03 23 00 00 00 00 A5 67"
"2026-08-23 00:35:55.786","01 10 0B 13 00 03 06 00 EB 00 6C 00 F1 17 B0"
"2026-08-23 00:35:55.798","01 10 0B 13 00 03 73 E9"
"2026-08-23 00:35:55.809","01 03 04 B0 00 05 85 1E"
"2026-08-23 00:35:55.830","01 03 0A 00 00 00 00 00 00 00 00 00 00 24 B6"
"2026-08-23 00:35:56.279","01 01 00 19 00 03 AD CC"
"2026-08-23 00:35:56.290","01 01 01 00 51 88"
"2026-08-23 00:35:56.779","01 02 00 04 00 0C 39 CE"
"2026-08-23 00:35:56.791","01 02 02 00 00 B9 B8"
"2026-08-23 00:35:57.270","01 03 04 EC 00 0C 85 0A"
"2026-08-23 00:35:57.312","01 03 18 27 0F 00 17 00 2B 00 46 00 74 00 A6 00 EA 01 3C 01 98 01 F5 02 71 02 EB 67 66"
"2026-08-23 00:35:57.771","01 04 00 56 00 03 50 1B"
"2026-08-23 00:35:57.793","01 04 06 01 A2 00 00 00 00 98 9B"
"2026-08-23 00:35:58.771","01 06 01 41 00 1F 99 EA"
"2026-08-23 00:35:58.793","01 06 01 41 00 1F 99 EA"
"2026-08-23 00:35:59.282","01 10 0B 13 00 03 06 00 EF 00 6E 00 F2 07 B1"
"2026-08-23 00:35:59.294","01 10 0B 13 00 03 73 E9"
"2026-08-23 00:35:59.305","01 03 04 B0 00 05 85 1E"
"2026-08-23 00:35:59.327","01 03 0A 00 00 00 00 00 00 00 00 00 00 24 B6"
"2026-08-23 00:35:59.775","01 01 00 19 00 03 AD CC"
"2026-08-23 00:35:59.786","01 01 01 00 51 88"
"2026-08-23 00:35:59.798","01 06 04 FC 06 14 4B 65"
"2026-08-23 00:35:59.809","01 06 04 FC 06 14 4B 65"
"2026-08-23 00:36:00.277","01 02 00 04 00 0C 39 CE"
"2026-08-23 00:36:00.289","01 02 02 00 00 B9 B8"
"2026-08-23 00:36:00.779","01 03 04 EC 00 0C 85 0A"
"2026-08-23 00:36:00.811","01 03 18 27 0F 00 17 00 2B 00 46 00 74 00 A6 00 EA 01 3C 01 98 01 F5 02 71 02 EB 67 66"
"2026-08-23 00:36:01.280","01 04 00 56 00 03 50 1B"
"2026-08-23 00:36:01.291","01 04 06 02 B5 00 00 00 00 EC AB"
"2026-08-23 00:36:01.770","01 05 23 34 00 00 87 80"
"2026-08-23 00:36:01.792","01 05 23 34 00 00 87 80"
"2026-08-23 00:36:02.780","01 10 0B 13 00 03 06 00 DB 00 68 00 F6 57 B7"
"2026-08-23 00:36:02.792","01 10 0B 13 00 03 73 E9"
"2026-08-23 00:36:02.813","01 03 04 B0 00 05 85 1E"
"2026-08-23 00:36:02.835","01 03 0A 00 00 00 00 00 00 00 00 00 00 24 B6"
"2026-08-23 00:36:03.274","01 01 00 19 00 03 AD CC"
"2026-08-23 00:36:03.285","01 01 01 00 51 88"
"2026-08-23 00:36:03.776","01 02 00 04 00 0C 39 CE"
"2026-08-23 00:36:03.787","01 02 02 01 00 B8 28"
"2026-08-23 00:36:04.277","01 03 04 EC 00 0C 85 0A"
"2026-08-23 00:36:04.308","01 03 18 27 0F 00 17 00 2B 00 46 00 74 00 A6 00 EA 01 3C 01 98 01 F5 02 71 02 EB 67 66"
"2026-08-23 00:36:04.778","01 04 00 56 00 03 50 1B"
"2026-08-23 00:36:04.790","01 04 06 03 B4 00 00 00 00 D0 BA"
"2026-08-23 00:36:05.279","01 05 23 34 00 00 87 80"
"2026-08-23 00:36:05.290","01 05 23 34 00 00 87 80"
"2026-08-23 00:36:06.287","01 10 0B 13 00 03 06 00 F7 00 64 01 02 06 65"
"2026-08-23 00:36:06.298","01 10 0B 13 00 03 73 E9"
"2026-08-23 00:36:06.309","01 03 04 B0 00 05 85 1E"
"2026-08-23 00:36:06.331","01 03 0A 00 00 00 00 00 00 00 00 00 00 24 B6"
"2026-08-23 00:36:06.779","01 01 00 19 00 03 AD CC"
"2026-08-23 00:36:06.791","01 01 01 00 51 88"
"2026-08-23 00:36:07.271","01 02 00 04 00 0C 39 CE"
"2026-08-23 00:36:07.283","01 02 02 00 00 B9 B8"
"2026-08-23 00:36:07.335","01 06 04 FB 05 5A 7A 60"
"2026-08-23 00:36:07.346","01 06 04 FB 05 5A 7A 60"
"2026-08-23 00:36:07.775","01 03 04 EC 00 0C 85 0A"
"2026-08-23 00:36:07.817","01 03 18 27 0F 00 17 00 2B 00 46 00 74 00 A6 00 EA 01 3C 01 98 01 F5 02 71 02 EB 67 66"
"2026-08-23 00:36:08.276","01 04 00 56 00 03 50 1B"
"2026-08-23 00:36:08.288","01 04 06 00 D0 00 00 00 00 A1 41"
"2026-08-23 00:36:09.782","01 10 0B 13 00 03 06 00 D4 00 6D 00 FA 13 B2"
"2026-08-23 00:36:09.794","01 10 0B 13 00 03 73 E9"
"2026-08-23 00:36:09.815","01 03 04 B0 00 05 85 1E"
"2026-08-23 00:36:09.837","01 03 0A 00 00 00 00 00 00 00 00 00 00 24 B6"
"2026-08-23 00:36:10.275","01 01 00 19 00 03 AD CC"
"2026-08-23 00:36:10.287","01 01 01 00 51 88"
"2026-08-23 00:36:10.777","01 02 00 04 00 0C 39 CE"
"2026-08-23 00:36:10.789","01 02 02 00 00 B9 B8"
"2026-08-23 00:36:11.279","01 03 04 EC 00 0C 85 0A"
"2026-08-23 00:36:11.311","01 03 18 27 0F 00 17 00 2B 00 46 00 74 00 A6 00 EA 01 3C 01 98 01 F5 02 71 02 EB 67 66"
"2026-08-23 00:36:11.771","01 04 00 56 00 03 50 1B"
"2026-08-23 00:36:11.793","01 04 06 02 91 00 00 00 00 9C AC"
"2026-08-23 00:36:13.279","01 10 0B 13 00 03 06 00 D3 00 67 00 F9 C6 71"
"2026-08-23 00:36:13.300","01 10 0B 13 00 03 73 E9"
"2026-08-23 00:36:13.312","01 03 04 B0 00 05 85 1E"
"2026-08-23 00:36:13.333","01 03 0A 00 00 00 00 00 00 00 00 00 00 24 B6"
"2026-08-23 00:36:13.771","01 01 00 19 00 03 AD CC"
"2026-08-23 00:36:13.782","01 01 01 00 51 88"
"2026-08-23 00:36:14.272","01 02 00 04 00 0C 39 CE"
"2026-08-23 00:36:14.283","01 02 02 00 00 B9 B8"
"2026-08-23 00:36:14.773","01 03 04 EC 00 0C 85 0A"
"2026-08-23 00:36:14.815","01 03 18 27 0F 00 17 00 2B 00 46 00 74 00 A6 00 EA 01 3C 01 98 01 F5 02 71 02 EB 67 66"
"2026-08-23 00:36:15.274","01 04 00 56 00 03 50 1B"
"2026-08-23 00:36:15.296","01 04 06 02 46 00 00 00 00 E8 BE"
"2026-08-23 00:36:16.274","01 06 01 41 00 12 58 2F"
"2026-08-23 00:36:16.286","01 06 01 41 00 12 58 2F"
"2026-08-23 00:36:16.786","01 10 0B 13 00 03 06 00 F7 00 6B 00 FA 36 74"
"2026-08-23 00:36:16.798","01 10 0B 13 00 03 73 E9"
"2026-08-23 00:36:16.809","01 03 04 B0 00 05 85 1E"
"2026-08-23 00:36:16.831","01 03 0A 00 00 00 00 00 00 00 00 00 00 24 B6"
"2026-08-23 00:36:17.279","01 01 00 19 00 03 AD CC"
"2026-08-23 00:36:17.291","01 01 01 00 51 88"
"2026-08-23 00:36:17.770","01 02 00 04 00 0C 39 CE"
"2026-08-23 00:36:17.782","01 02 02 00 00 B9 B8"
"2026-08-23 00:36:17.845","01 06 04 FA 04 AD 6B B6"
"2026-08-23 00:36:17.856","01 06 04 FA 04 AD 6B B6"
"2026-08-23 00:36:18.274","01 03 04 EC 00 0C 85 0A"
"2026-08-23 00:36:18.317","01 03 18 27 0F 00 17 00 2B 00 46 00 74 00 A6 00 EA 01 3C 01 98 01 F5 02 71 02 EB 67 66"
"2026-08-23 00:36:18.777","01 04 00 56 00 03 50 1B"
"2026-08-23 00:36:18.788","01 04 06 02 55 00 00 00 00 6D 7D"
"2026-08-23 00:36:20.283","01 10 0B 13 00 03 06 00 DA 00 69 00 F7 FA 77"
"2026-08-23 00:36:20.294","01 10 0B 13 00 03 73 E9"
"2026-08-23 00:36:20.305","01 03 04 B0 00 05 85 1E"
"2026-08-23 00:36:20.327","01 03 0A 00 00 00 00 00 00 00 00 00 00 24 B6"
"2026-08-23 00:36:20.775","01 01 00 19 00 03 AD CC"
"2026-08-23 00:36:20.787","01 01 01 00 51 88"
"2026-08-23 00:36:21.275","01 02 00 04 00 0C 39 CE"
"2026-08-23 00:36:21.287","01 02 02 01 00 B8 28"
"2026-08-23 00:36:21.776","01 03 04 EC 00 0C 85 0A"
"2026-08-23 00:36:21.818","01 03 18 27 0F 00 17 00 2B 00 46 00 74 00 A6 00 EA 01 3C 01 98 01 F5 02 71 02 EB 67 66"
"2026-08-23 00:36:22.278","01 04 00 56 00 03 50 1B"
"2026-08-23 00:36:22.290","01 04 06 03 14 00 00 00 00 50 A3"
"2026-08-23 00:36:23.785","01 10 0B 13 00 03 06 00 DF 00 69 00 F3 37 B4"
"2026-08-23 00:36:23.797","01 10 0B 13 00 03 73 E9"
"2026-08-23 00:36:23.808","01 03 04 B0 00 05 85 1E"
"2026-08-23 00:36:23.830","01 03 0A 00 00 00 00 00 00 00 00 00 00 24 B6"
"2026-08-23 00:36:24.277","01 01 00 19 00 03 AD CC"
"2026-08-23 00:36:24.289","01 01 01 00 51 88"
"2026-08-23 00:36:24.779","01 02 00 04 00 0C 39 CE"
"2026-08-23 00:36:24.790","01 02 02 00 00 B9 B8"
"2026-08-23 00:36:25.280","01 03 04 EC 00 0C 85 0A"
"2026-08-23 00:36:25.312","01 03 18 27 0F 00 17 00 2B 00 46 00 74 00 A6 00 EA 01 3C 01 98 01 F5 02 71 02 EB 67 66"
"2026-08-23 00:36:25.771","01 04 00 56 00 03 50 1B"
"2026-08-23 00:36:25.793","01 04 06 02 68 00 00 00 00 00 B8"
"2026-08-23 00:36:27.287","01 10 0B 13 00 03 06 00 D5 00 70 00 FE BF B7"
"2026-08-23 00:36:27.298","01 10 0B 13 00 03 73 E9"
"2026-08-23 00:36:27.309","01 03 04 B0 00 05 85 1E"
"2026-08-23 00:36:27.331","01 03 0A 00 00 00 00 00 00 00 00 00 00 24 B6"
"2026-08-23 00:36:27.779","01 01 00 19 00 03 AD CC"
"2026-08-23 00:36:27.790","01 01 01 00 51 88"
"2026-08-23 00:36:28.279","01 02 00 04 00 0C 39 CE"
"2026-08-23 00:36:28.291","01 02 02 01 00 B8 28"
"2026-08-23 00:36:28.780","01 03 04 EC 00 0C 85 0A"
"2026-08-23 00:36:28.812","01 03 18 27 0F 00 17 00 2B 00 46 00 74 00 A6 00 EA 01 3C 01 98 01 F5 02 71 02 EB 67 66"
"2026-08-23 00:36:29.271","01 04 00 56 00 03 50 1B"
"2026-08-23 00:36:29.293","01 04 06 02 59 00 00 00 00 7D 7C"
"2026-08-23 00:36:30.279","01 06 01 41 00 2F 99 FE"
"2026-08-23 00:36:30.290","01 06 01 41 00 2F 99 FE"
"2026-08-23 00:36:30.658","01 06 04 EF 00 48 B9 39"
"2026-08-23 00:36:30.669","01 06 04 EF 00 48 B9 39"
"2026-08-23 00:36:30.782","01 10 0B 13 00 03 06 00 EF 00 6F 01 01 17 A4"
"2026-08-23 00:36:30.794","01 10 0B 13 00 03 73 E9"
"2026-08-23 00:36:30.815","01 03 04 B0 00 05 85 1E"
"2026-08-23 00:36:30.836","01 03 0A 00 00 00 00 00 00 00 00 00 00 24 B6"
"2026-08-23 00:36:31.274","01 01 00 19 00 03 AD CC"
"2026-08-23 00:36:31.285","01 01 01 00 51 88"
"2026-08-23 00:36:31.774","01 02 00 04 00 0C 39 CE"
"2026-08-23 00:36:31.786","01 02 02 00 00 B9 B8"
"2026-08-23 00:36:32.274","01 03 04 EC 00 0C 85 0A"
"2026-08-23 00:36:32.317","01 03 18 27 0F 00 17 00 2B 00 48 00 74 00 A6 00 EA 01 3C 01 98 01 F5 02 71 02 EB 03 05"
"2026-08-23 00:36:32.775","01 04 00 56 00 03 50 1B"
"2026-08-23 00:36:32.797","01 04 06 01 A1 00 00 00 00 DC 9B"
"2026-08-23 00:36:34.281","01 10 0B 13 00 03 06 00 F6 00 66 00 F6 9A 72"
"2026-08-23 00:36:34.302","01 10 0B 13 00 03 73 E9"
"2026-08-23 00:36:34.313","01 03 04 B0 00 05 85 1E"
"2026-08-23 00:36:34.335","01 03 0A 00 00 00 00 00 00 00 00 00 00 24 B6"
"2026-08-23 00:36:34.773","01 01 00 19 00 03 AD CC"
"2026-08-23 00:36:34.785","01 01 01 00 51 88"
"2026-08-23 00:36:35.275","01 02 00 04 00 0C 39 CE"
"2026-08-23 00:36:35.286","01 02 02 01 00 B8 28"
"2026-08-23 00:36:35.776","01 03 04 EC 00 0C 85 0A"
"2026-08-23 00:36:35.819","01 03 18 27 0F 00 17 00 2B 00 48 00 74 00 A6 00 EA 01 3C 01 98 01 F5 02 71 02 EB 03 05"
"2026-08-23 00:36:36.278","01 04 00 56 00 03 50 1B"
"2026-08-23 00:36:36.289","01 04 06 02 BE 00 00 00 00 49 6A"
"2026-08-23 00:36:36.779","01 05 23 34 FF 00 C6 70"
"2026-08-23 00:36:36.790","01 05 23 34 FF 00 C6 70"
"2026-08-23 00:36:37.788","01 10 0B 13 00 03 06 00 CE 00 65 00 F2 CA 74"
"2026-08-23 00:36:37.800","01 10 0B 13 00 03 73 E9"
"2026-08-23 00:36:37.811","01 03 04 B0 00 05 85 1E"
"2026-08-23 00:36:37.833","01 03 0A 00 00 00 00 00 00 00 00 00 00 24 B6"
"2026-08-23 00:36:38.281","01 01 00 19 00 03 AD CC"
"2026-08-23 00:36:38.293","01 01 01 00 51 88"
"2026-08-23 00:36:38.772","01 02 00 04 00 0C 39 CE"
"2026-08-23 00:36:38.794","01 02 02 01 00 B8 28"
"2026-08-23 00:36:39.272","01 03 04 EC 00 0C 85 0A"
"2026-08-23 00:36:39.314","01 03 18 27 0F 00 17 00 2B 00 48 00 74 00 A6 00 EA 01 3C 01 98 01 F5 02 71 02 EB 03 05"
"2026-08-23 00:36:39.773","01 04 00 56 00 03 50 1B"
"2026-08-23 00:36:39.795","01 04 06 02 F9 00 00 00 00 FD 65"
"2026-08-23 00:36:40.773","01 06 01 41 00 18 D8 28"
"2026-08-23 00:36:40.785","01 06 01 41 00 18 D8 28"
"2026-08-23 00:36:41.284","01 10 0B 13 00 03 06 00 DC 00 6A 00 FE 42 71"
"2026-08-23 00:36:41.295","01 10 0B 13 00 03 73 E9"
"2026-08-23 00:36:41.306","01 03 04 B0 00 05 85 1E"
"2026-08-23 00:36:41.328","01 03 0A 00 00 00 00 00 00 00 00 00 00 24 B6"
"2026-08-23 00:36:41.776","01 01 00 19 00 03 AD CC"
"2026-08-23 00:36:41.787","01 01 01 00 51 88"
"2026-08-23 00:36:42.276","01 02 00 04 00 0C 39 CE"
"2026-08-23 00:36:42.287","01 02 02 01 00 B8 28"
"2026-08-23 00:36:42.776","01 03 04 EC 00 0C 85 0A"
"2026-08-23 00:36:42.818","01 03 18 27 0F 00 17 00 2B 00 48 00 74 00 A6 00 EA 01 3C 01 98 01 F5 02 71 02 EB 03 05"
"2026-08-23 00:36:43.277","01 04 00 56 00 03 50 1B"
"2026-08-23 00:36:43.298","01 04 06 01 97 00 00 00 00 14 9F"
"2026-08-23 00:36:44.772","01 06 04 FC 06 16 CA A4"
"2026-08-23 00:36:44.784","01 06 04 FC 06 16 CA A4"
"2026-08-23 00:36:44.815","01 10 0B 13 00 03 06 00 D3 00 69 00 F6 E7 B6"
"2026-08-23 00:36:44.837","01 10 0B 13 00 03 73 E9"
"2026-08-23 00:36:44.848","01 03 04 B0 00 05 85 1E"
"2026-08-23 00:36:44.869","01 03 0A 00 00 00 00 00 00 00 00 00 00 24 B6"
"2026-08-23 00:36:45.298","01 01 00 19 00 03 AD CC"
"2026-08-23 00:36:45.309","01 01 01 00 51 88"
"2026-08-23 00:36:45.798","01 02 00 04 00 0C 39 CE"
"2026-08-23 00:36:45.810","01 02 02 00 00 B9 B8"
"2026-08-23 00:36:46.299","01 03 04 EC 00 0C 85 0A"
"2026-08-23 00:36:46.341","01 03 18 27 0F 00 17 00 2B 00 48 00 74 00 A6 00 EA 01 3C 01 98 01 F5 02 71 02 EB 03 05"
"2026-08-23 00:36:46.802","01 04 00 56 00 03 50 1B"
"2026-08-23 00:36:46.814","01 04 06 02 50 00 00 00 00 A1 7D"
"2026-08-23 00:36:47.802","01 06 01 41 00 0A 58 25"
"2026-08-23 00:36:47.814","01 06 01 41 00 0A 58 25"
"2026-08-23 00:36:48.303","01 10 0B 13 00 03 06 00 CC 00 6A 01 03 43 A3"
"2026-08-23 00:36:48.325","01 10 0B 13 00 03 73 E9"
"2026-08-23 00:36:48.336","01 03 04 B0 00 05 85 1E"
"2026-08-23 00:36:48.357","01 03 0A 00 00 00 00 00 00 00 00 00 00 24 B6"
"2026-08-23 00:36:48.796","01 01 00 19 00 03 AD CC"
"2026-08-23 00:36:48.808","01 01 01 00 51 88"
"2026-08-23 00:36:49.298","01 02 00 04 00 0C 39 CE"
"2026-08-23 00:36:49.310","01 02 02 01 00 B8 28"
"2026-08-23 00:36:49.799","01 03 04 EC 00 0C 85 0A"
"2026-08-23 00:36:49.841","01 03 18 27 0F 00 17 00 2B 00 48 00 74 00 A6 00 EA 01 3C 01 98 01 F5 02 71 02 EB 03 05"
"2026-08-23 00:36:50.107","01 06 04 FE 07 B1 2B 4E"
"2026-08-23 00:36:50.118","01 06 04 FE 07 B1 2B 4E"
"2026-08-23 00:36:50.302","01 04 00 56 00 03 50 1B"
"2026-08-23 00:36:50.313","01 04 06 02 EB 00 00 00 00 45 66"
"2026-08-23 00:36:51.303","01 06 01 41 00 2B 98 3D"
"2026-08-23 00:36:51.314","01 06 01 41 00 2B 98 3D"
"2026-08-23 00:36:51.803","01 10 0B 13 00 03 06 00 F8 00 76 00 F7 33 B6"
"2026-08-23 00:36:51.825","01 10 0B 13 00 03 73 E9"
"2026-08-23 00:36:51.836","01 03 04 B0 00 05 85 1E"
"2026-08-23 00:36:51.858","01 03 0A 00 00 00 00 00 00 00 00 00 00 24 B6"
"2026-08-23 00:36:52.296","01 01 00 19 00 03 AD CC"
"2026-08-23 00:36:52.307","01 01 01 00 51 88"
"2026-08-23 00:36:52.798","01 02 00 04 00 0C 39 CE"
"2026-08-23 00:36:52.809","01 02 02 01 00 B8 28"
"2026-08-23 00:36:53.300","01 03 04 EC 00 0C 85 0A"
"2026-08-23 00:36:53.342","01 03 18 27 0F 00 17 00 2B 00 48 00 74 00 A6 00 EA 01 3C 01 98 01 F5 02 71 02 EB 03 05"
"2026-08-23 00:36:53.800","01 04 00 56 00 03 50 1B"
"2026-08-23 00:36:53.822","01 04 06 02 5D 00 00 00 00 8C BC"
"2026-08-23 00:36:55.306","01 10 0B 13 00 03 06 00 E0 00 66 00 FD 92 76"
"2026-08-23 00:36:55.317","01 10 0B 13 00 03 73 E9"
"2026-08-23 00:36:55.339","01 03 04 B0 00 05 85 1E"
"2026-08-23 00:36:55.360","01 03 0A 00 00 00 00 00 00 00 00 00 00 24 B6"
"2026-08-23 00:36:55.798","01 01 00 19 00 03 AD CC"
"2026-08-23 00:36:55.809","01 01 01 00 51 88"
"2026-08-23 00:36:56.298","01 02 00 04 00 0C 39 CE"
"2026-08-23 00:36:56.309","01 02 02 01 00 B8 28"
"2026-08-23 00:36:56.799","01 03 04 EC 00 0C 85 0A"
"2026-08-23 00:36:56.841","01 03 18 27 0F 00 17 00 2B 00 48 00 74 00 A6 00 EA 01 3C 01 98 01 F5 02 71 02 EB 03 05"
"2026-08-23 00:36:57.299","01 04 00 56 00 03 50 1B"
"2026-08-23 00:36:57.320","01 04 06 03 0F 00 00 00 00 34 A1"
"2026-08-23 00:36:58.297","01 06 01 41 00 2B 98 3D"
"2026-08-23 00:36:58.318","01 06 01 41 00 2B 98 3D"
"2026-08-23 00:36:58.808","01 10 0B 13 00 03 06 00 C9 00 6A 00 F3 8E 77"
"2026-08-23 00:36:58.819","01 10 0B 13 00 03 73 E9"
"2026-08-23 00:36:58.841","01 03 04 B0 00 05 85 1E"
"2026-08-23 00:36:58.862","01 03 0A 00 00 00 00 00 00 00 00 00 00 24 B6"
"2026-08-23 00:36:59.301","01 01 00 19 00 03 AD CC"
"2026-08-23 00:36:59.312","01 01 01 00 51 88"
"2026-08-23 00:36:59.801","01 02 00 04 00 0C 39 CE"
"2026-08-23 00:36:59.813","01 02 02 00 00 B9 B8"
"2026-08-23 00:37:00.301","01 03 04 EC 00 0C 85 0A"
"2026-08-23 00:37:00.344","01 03 18 27 0F 00 17 00 2B 00 48 00 74 00 A6 00 EA 01 3C 01 98 01 F5 02 71 02 EB 03 05"
"2026-08-23 00:37:00.802","01 04 00 56 00 03 50 1B"
"2026-08-23 00:37:00.814","01 04 06 01 C6 00 00 00 00 E9 53"
"2026-08-23 00:37:02.308","01 10 0B 13 00 03 06 00 E9 00 65 00 FC 7F B7"
"2026-08-23 00:37:02.320","01 10 0B 13 00 03 73 E9"
"2026-08-23 00:37:02.341","01 03 04 B0 00 05 85 1E"
"2026-08-23 00:37:02.363","01 03 0A 00 00 00 00 00 00 00 00 00 00 24 B6"
"2026-08-23 00:37:02.801","01 01 00 19 00 03 AD CC"
"2026-08-23 00:37:02.812","01 01 01 00 51 88"
"2026-08-23 00:37:03.302","01 02 00 04 00 0C 39 CE"
"2026-08-23 00:37:03.313","01 02 02 01 00 B8 28"
"2026-08-23 00:37:03.782","01 06 04 F2 00 EE A9 45"
"2026-08-23 00:37:03.794","01 06 04 F2 00 EE A9 45"
"2026-08-23 00:37:03.805","01 03 04 EC 00 0C 85 0A"
"2026-08-23 00:37:03.847","01 03 18 27 0F 00 17 00 2B 00 48 00 74 00 A6 00 EE 01 3C 01 98 01 F5 02 71 02 EB 16 35"
"2026-08-23 00:37:04.305","01 04 00 56 00 03 50 1B"
"2026-08-23 00:37:04.327","01 04 06 03 A3 00 00 00 00 A4 B9"
"2026-08-23 00:37:05.813","01 10 0B 13 00 03 06 00 C9 00 6F 00 F7 9F B5"
"2026-08-23 00:37:05.835","01 10 0B 13 00 03 73 E9"
"2026-08-23 00:37:05.846","01 03 04 B0 00 05 85 1E"
"2026-08-23 00:37:05.868","01 03 0A 00 00 00 00 00 00 00 00 00 00 24 B6"
"2026-08-23 00:37:06.306","01 01 00 19 00 03 AD CC"
"2026-08-23 00:37:06.318","01 01 01 00 51 88"
"2026-08-23 00:37:06.807","01 02 00 04 00 0C 39 CE"
"2026-08-23 00:37:06.819","01 02 02 00 00 B9 B8"
"2026-08-23 00:37:07.308","01 03 04 EC 00 0C 85 0A"
"2026-08-23 00:37:07.350","01 03 18 27 0F 00 17 00 2B 00 48 00 74 00 A6 00 EE 01 3C 01 98 01 F5 02 71 02 EB 16 35"
"2026-08-23 00:37:07.809","01 04 00 56 00 03 50 1B"
"2026-08-23 00:37:07.821","01 04 06 01 59 00 00 00 00 7D 4F"
"2026-08-23 00:37:09.317","01 10 0B 13 00 03 06 00 D1 00 70 00 FE 4E 77"
"2026-08-23 00:37:09.329","01 10 0B 13 00 03 73 E9"
"2026-08-23 00:37:09.340","01 03 04 B0 00 05 85 1E"
"2026-08-23 00:37:09.362","01 03 0A 00 00 00 00 00 00 00 00 00 00 24 B6"
"2026-08-23 00:37:09.812","01 01 00 19 00 03 AD CC"
"2026-08-23 00:37:09.824","01 01 01 00 51 88"
"2026-08-23 00:37:10.313","01 02 00 04 00 0C 39 CE"
"2026-08-23 00:37:10.325","01 02 02 00 00 B9 B8"
"2026-08-23 00:37:10.814","01 03 04 EC 00 0C 85 0A"
"2026-08-23 00:37:10.846","01 03 18 27 0F 00 17 00 2B 00 48 00 74 00 A6 00 EE 01 3C 01 98 01 F5 02 71 02 EB 16 35"
"2026-08-23 00:37:11.305","01 04 00 56 00 03 50 1B"
"2026-08-23 00:37:11.327","01 04 06 02 07 00 00 00 00 D4 B1"
"2026-08-23 00:37:12.313","01 06 01 41 00 21 18 3A"
"2026-08-23 00:37:12.325","01 06 01 41 00 21 18 3A"
"2026-08-23 00:37:12.814","01 10 0B 13 00 03 06 00 E8 00 66 00 FF F2 76"
"2026-08-23 00:37:12.836","01 10 0B 13 00 03 73 E9"
"2026-08-23 00:37:12.847","01 03 04 B0 00 05 85 1E"
"2026-08-23 00:37:12.869","01 03 0A 00 00 00 00 00 00 00 00 00 00 24 B6"
"2026-08-23 00:37:13.306","01 01 00 19 00 03 AD CC"
"2026-08-23 00:37:13.318","01 01 01 00 51 88"
"2026-08-23 00:37:13.807","01 02 00 04 00 0C 39 CE"
"2026-08-23 00:37:13.819","01 02 02 00 00 B9 B8"
"2026-08-23 00:37:14.308","01 03 04 EC 00 0C 85 0A"
"2026-08-23 00:37:14.350","01 03 18 27 0F 00 17 00 2B 00 48 00 74 00 A6 00 EE 01 3C 01 98 01 F5 02 71 02 EB 16 35"
"2026-08-23 00:37:14.808","01 04 00 56 00 03 50 1B"
"2026-08-23 00:37:14.830","01 04 06 01 76 00 00 00 00 A8 89"
"2026-08-23 00:37:15.309","01 05 23 34 FF 00 C6 70"
"2026-08-23 00:37:15.320","01 05 23 34 FF 00 C6 70"
"2026-08-23 00:37:16.317","01 10 0B 13 00 03 06 00 DF 00 77 00 F0 17 B3"
"2026-08-23 00:37:16.328","01 10 0B 13 00 03 73 E9"
"2026-08-23 00:37:16.339","01 03 04 B0 00 05 85 1E"
"2026-08-23 00:37:16.361","01 03 0A 00 00 00 00 00 00 00 00 00 00 24 B6"
"2026-08-23 00:37:16.809","01 01 00 19 00 03 AD CC"
"2026-08-23 00:37:16.821","01 01 01 00 51 88"
"2026-08-23 00:37:17.127","01 06 04 F2 00 F1 E8 8D"
"2026-08-23 00:37:17.138","01 06 04 F2 00 F1 E8 8D"
"2026-08-23 00:37:17.312","01 02 00 04 00 0C 39 CE"
"2026-08-23 00:37:17.323","01 02 02 01 00 B8 28"
"2026-08-23 00:37:17.812","01 03 04 EC 00 0C 85 0A"
"2026-08-23 00:37:17.844","01 03 18 27 0F 00 17 00 2B 00 48 00 74 00 A6 00 F1 01 3C 01 98 01 F5 02 71 02 EB 72 E1"
"2026-08-23 00:37:18.313","01 04 00 56 00 03 50 1B"
"2026-08-23 00:37:18.325","01 04 06 03 AD 00 00 00 00 CD 78"
"2026-08-23 00:37:19.820","01 10 0B 13 00 03 06 00 C9 00 73 00 FB 5E 76"
"2026-08-23 00:37:19.831","01 10 0B 13 00 03 73 E9"
"2026-08-23 00:37:19.842","01 03 04 B0 00 05 85 1E"
"2026-08-23 00:37:19.864","01 03 0A 00 00 00 00 00 00 00 00 00 00 24 B6"
"2026-08-23 00:37:20.311","01 01 00 19 00 03 AD CC"
"2026-08-23 00:37:20.323","01 01 01 00 51 88"
"2026-08-23 00:37:20.812","01 02 00 04 00 0C 39 CE"
"2026-08-23 00:37:20.823","01 02 02 00 00 B9 B8"
"2026-08-23 00:37:21.312","01 03 04 EC 00 0C 85 0A"
"2026-08-23 00:37:21.344","01 03 18 27 0F 00 17 00 2B 00 48 00 74 00 A6 00 F1 01 3C 01 98 01 F5 02 71 02 EB 72 E1"
"2026-08-23 00:37:21.812","01 04 00 56 00 03 50 1B"
"2026-08-23 00:37:21.824","01 04 06 02 14 00 00 00 00 51 72"
"2026-08-23 00:37:22.313","01 05 23 34 00 00 87 80"
"2026-08-23 00:37:22.325","01 05 23 34 00 00 87 80"
"2026-08-23 00:37:22.814","01 06 01 41 00 13 99 EF"
"2026-08-23 00:37:22.825","01 06 01 41 00 13 99 EF"
"2026-08-23 00:37:23.314","01 10 0B 13 00 03 06 00 E4 00 6A 00 F6 E2 72"
"2026-08-23 00:37:23.336","01 10 0B 13 00 03 73 E9"
"2026-08-23 00:37:23.347","01 03 04 B0 00 05 85 1E"
"2026-08-23 00:37:23.368","01 03 0A 00 00 00 00 00 00 00 00 00 00 24 B6"
"2026-08-23 00:37:23.807","01 01 00 19 00 03 AD CC"
"2026-08-23 00:37:23.818","01 01 01 00 51 88"
"2026-08-23 00:37:24.307","01 02 00 04 00 0C 39 CE"
"2026-08-23 00:37:24.319","01 02 02 01 00 B8 28"
"2026-08-23 00:37:24.808","01 03 04 EC 00 0C 85 0A"
"2026-08-23 00:37:24.850","01 03 18 27 0F 00 17 00 2B 00 48 00 74 00 A6 00 F1 01 3C 01 98 01 F5 02 71 02 EB 72 E1"
"2026-08-23 00:37:25.309","01 04 00 56 00 03 50 1B"
"2026-08-23 00:37:25.330","01 04 06 03 76 00 00 00 00 A9 6B"
"2026-08-23 00:37:26.815","01 10 0B 13 00 03 06 00 EB 00 74 00 F9 96 71"
"2026-08-23 00:37:26.827","01 10 0B 13 00 03 73 E9"
"2026-08-23 00:37:26.849","01 03 04 B0 00 05 85 1E"
"2026-08-23 00:37:26.870","01 03 0A 00 00 00 00 00 00 00 00 00 00 24 B6"
"2026-08-23 00:37:27.308","01 01 00 19 00 03 AD CC"
"2026-08-23 00:37:27.319","01 01 01 00 51 88"
"2026-08-23 00:37:27.808","01 02 00 04 00 0C 39 CE"
"2026-08-23 00:37:27.820","01 02 02 01 00 B8 28"
"2026-08-23 00:37:27.892","01 06 04 FD 06 DA 9B 31"
"2026-08-23 00:37:27.903","01 06 04 FD 06 DA 9B 31"
"2026-08-23 00:37:28.311","01 03 04 EC 00 0C 85 0A"
"2026-08-23 00:37:28.342","01 03 18 27 0F 00 17 00 2B 00 48 00 74 00 A6 00 F1 01 3C 01 98 01 F5 02 71 02 EB 72 E1"
"2026-08-23 00:37:28.811","01 04 00 56 00 03 50 1B"
"2026-08-23 00:37:28.823","01 04 06 02 1C 00 00 00 00 B0 B3"
"2026-08-23 00:37:30.317","01 10 0B 13 00 03 06 00 F9 00 70 00 FC AF B0"
"2026-08-23 00:37:30.329","01 10 0B 13 00 03 73 E9"
"2026-08-23 00:37:30.340","01 03 04 B0 00 05 85 1E"
"2026-08-23 00:37:30.361","01 03 0A 00 00 00 00 00 00 00 00 00 00 24 B6"
"2026-08-23 00:37:30.810","01 01 00 19 00 03 AD CC"
"2026-08-23 00:37:30.822","01 01 01 00 51 88"
"2026-08-23 00:37:31.311","01 02 00 04 00 0C 39 CE"
"2026-08-23 00:37:31.322","01 02 02 00 00 B9 B8"
"2026-08-23 00:37:31.812","01 03 04 EC 00 0C 85 0A"
"2026-08-23 00:37:31.844","01 03 18 27 0F 00 17 00 2B 00 48 00 74 00 A6 00 F1 01 3C 01 98 01 F5 02 71 02 EB 72 E1"
"2026-08-23 00:37:32.313","01 04 00 56 00 03 50 1B"
"2026-08-23 00:37:32.324","01 04 06 01 82 00 00 00 00 19 5C"
"2026-08-23 00:37:32.813","01 05 23 34 00 00 87 80"
"2026-08-23 00:37:32.825","01 05 23 34 00 00 87 80"
"2026-08-23 00:37:33.823","01 10 0B 13 00 03 06 00 F3 00 67 00 F9 47 B6"
"2026-08-23 00:37:33.835","01 10 0B 13 00 03 73 E9"
"2026-08-23 00:37:33.846","01 03 04 B0 00 05 85 1E"
"2026-08-23 00:37:33.868","01 03 0A 00 00 00 00 00 00 00 00 00 00 24 B6"
"2026-08-23 00:37:34.306","01 01 00 19 00 03 AD CC"
"2026-08-23 00:37:34.318","01 01 01 00 51 88"
"2026-08-23 00:37:34.809","01 02 00 04 00 0C 39 CE"
"2026-08-23 00:37:34.821","01 02 02 00 00 B9 B8"
"2026-08-23 00:37:35.311","01 03 04 EC 00 0C 85 0A"
"2026-08-23 00:37:35.353","01 03 18 27 0F 00 17 00 2B 00 48 00 74 00 A6 00 F1 01 3C 01 98 01 F5 02 71 02 EB 72 E1"
"2026-08-23 00:37:35.813","01 04 00 56 00 03 50 1B"
"2026-08-23 00:37:35.825","01 04 06 01 2F 00 00 00 00 B4 84"
"2026-08-23 00:37:35.958","01 06 04 F1 00 AD 18 B4"
"2026-08-23 00:37:35.970","01 06 04 F1 00 AD 18 B4"
"2026-08-23 00:37:37.315","01 10 0B 13 00 03 06 00 DE 00 64 00 FE 5A 72"
"2026-08-23 00:37:37.337","01 10 0B 13 00 03 73 E9"
"2026-08-23 00:37:37.348","01 03 04 B0 00 05 85 1E"
"2026-08-23 00:37:37.370","01 03 0A 00 00 00 00 00 00 00 00 00 00 24 B6"
"2026-08-23 00:37:37.809","01 01 00 19 00 03 AD CC"
"2026-08-23 00:37:37.821","01 01 01 00 51 88"
"2026-08-23 00:37:38.312","01 02 00 04 00 0C 39 CE"
"2026-08-23 00:37:38.323","01 02 02 01 00 B8 28"
"2026-08-23 00:37:38.813","01 03 04 EC 00 0C 85 0A"
"2026-08-23 00:37:38.845","01 03 18 27 0F 00 17 00 2B 00 48 00 74 00 AD 00 F1 01 3C 01 98 01 F5 02 71 02 EB 68 6A"
"2026-08-23 00:37:39.315","01 04 00 56 00 03 50 1B"
"2026-08-23 00:37:39.327","01 04 06 01 D3 00 00 00 00 E4 90"
"2026-08-23 00:37:39.806","01 05 23 34 00 00 87 80"
"2026-08-23 00:37:39.828","01 05 23 34 00 00 87 80"
"2026-08-23 00:37:40.816","01 10 0B 13 00 03 06 00 D8 00 66 00 F0 F2 76"
"2026-08-23 00:37:40.827","01 10 0B 13 00 03 73 E9"
"2026-08-23 00:37:40.849","01 03 04 B0 00 05 85 1E"
"2026-08-23 00:37:40.870","01 03 0A 00 00 00 00 00 00 00 00 00 00 24 B6"
"2026-08-23 00:37:41.309","01 01 00 19 00 03 AD CC"
"2026-08-23 00:37:41.321","01 01 01 00 51 88"
"2026-08-23 00:37:41.811","01 02 00 04 00 0C 39 CE"
"2026-08-23 00:37:41.823","01 02 02 00 00 B9 B8"
"2026-08-23 00:37:42.314","01 03 04 EC 00 0C 85 0A"
"2026-08-23 00:37:42.346","01 03 18 27 0F 00 17 00 2B 00 48 00 74 00 AD 00 F1 01 3C 01 98 01 F5 02 71 02 EB 68 6A"
"2026-08-23 00:37:42.807","01 04 00 56 00 03 50 1B"
"2026-08-23 00:37:42.829","01 04 06 02 99 00 00 00 00 7D 6D"
"2026-08-23 00:37:43.806","01 06 01 41 00 13 99 EF"
"2026-08-23 00:37:43.828","01 06 01 41 00 13 99 EF"
"2026-08-23 00:37:44.318","01 10 0B 13 00 03 06 00 EA 00 71 00 F0 7B B6"
"2026-08-23 00:37:44.330","01 10 0B 13 00 03 73 E9"
"2026-08-23 00:37:44.341","01 03 04 B0 00 05 85 1E"
"2026-08-23 00:37:44.362","01 03 0A 00 00 00 00 00 00 00 00 00 00 24 B6"
"2026-08-23 00:37:44.811","01 01 00 19 00 03 AD CC"
"2026-08-23 00:37:44.822","01 01 01 00 51 88"
"2026-08-23 00:37:45.313","01 02 00 04 00 0C 39 CE"
"2026-08-23 00:37:45.324","01 02 02 00 00 B9 B8"
"2026-08-23 00:37:45.814","01 03 04 EC 00 0C 85 0A"
"2026-08-23 00:37:45.846","01 03 18 27 0F 00 17 00 2B 00 48 00 74 00 AD 00 F1 01 3C 01 98 01 F5 02 71 02 EB 68 6A"
"2026-08-23 00:37:46.315","01 04 00 56 00 03 50 1B"
"2026-08-23 00:37:46.326","01 04 06 00 69 00 00 00 00 3C 9A"
"2026-08-23 00:37:46.806","01 05 23 34 00 00 87 80"
"2026-08-23 00:37:46.828","01 05 23 34 00 00 87 80"
"2026-08-23 00:37:47.306","01 06 01 41 00 29 19 FC"
"2026-08-23 00:37:47.328","01 06 01 41 00 29 19 FC"
"2026-08-23 00:37:47.817","01 10 0B 13 00 03 06 00 EC 00 70 00 F1 63 B6"
"2026-08-23 00:37:47.829","01 10 0B 13 00 03 73 E9"
"2026-08-23 00:37:47.840","01 03 04 B0 00 05 85 1E"
"2026-08-23 00:37:47.861","01 03 0A 00 00 00 00 00 00 00 00 00 00 24 B6"
"2026-08-23 00:37:48.310","01 01 00 19 00 03 AD CC"
"2026-08-23 00:37:48.321","01 01 01 00 51 88"
"2026-08-23 00:37:48.811","01 02 00 04 00 0C 39 CE"
"2026-08-23 00:37:48.823","01 02 02 01 00 B8 28"
"2026-08-23 00:37:49.313","01 03 04 EC 00 0C 85 0A"
"2026-08-23 00:37:49.345","01 03 18 27 0F 00 17 00 2B 00 48 00 74 00 AD 00 F1 01 3C 01 98 01 F5 02 71 02 EB 68 6A"
"2026-08-23 00:37:49.814","01 04 00 56 00 03 50 1B"
"2026-08-23 00:37:49.825","01 04 06 01 79 00 00 00 00 FC 88"
"2026-08-23 00:37:50.752","01 06 04 FD 06 DE 9A F2"
"2026-08-23 00:37:50.774","01 06 04 FD 06 DE 9A F2"
"2026-08-23 00:37:51.315","01 10 0B 13 00 03 06 00 EC 00 65 00 F3 F3 B3"
"2026-08-23 00:37:51.336","01 10 0B 13 00 03 73 E9"
"2026-08-23 00:37:51.347","01 03 04 B0 00 05 85 1E"
"2026-08-23 00:37:51.369","01 03 0A 00 00 00 00 00 00 00 00 00 00 24 B6"
"2026-08-23 00:37:51.808","01 01 00 19 00 03 AD CC"
"2026-08-23 00:37:51.819","01 01 01 00 51 88"
"2026-08-23 00:37:52.309","01 02 00 04 00 0C 39 CE"
"2026-08-23 00:37:52.321","01 02 02 00 00 B9 B8"
"2026-08-23 00:37:52.810","01 03 04 EC 00 0C 85 0A"
"2026-08-23 00:37:52.853","01 03 18 27 0F 00 17 00 2B 00 48 00 74 00 AD 00 F1 01 3C 01 98 01 F5 02 71 02 EB 68 6A"
"2026-08-23 00:37:53.312","01 04 00 56 00 03 50 1B"
"2026-08-23 00:37:53.323","01 04 06 02 4B 00 00 00 00 C5 7F"
"2026-08-23 00:37:54.820","01 10 0B 13 00 03 06 00 D9 00 70 00 F2 AF B3"
"2026-08-23 00:37:54.831","01 10 0B 13 00 03 73 E9"
"2026-08-23 00:37:54.843","01 03 04 B0 00 05 85 1E"
"2026-08-23 00:37:54.864","01 03 0A 00 00 00 00 00 00 00 00 00 00 24 B6"
"2026-08-23 00:37:55.313","01 01 00 19 00 03 AD CC"
"2026-08-23 00:37:55.324","01 01 01 00 51 88"
"2026-08-23 00:37:55.814","01 02 00 04 00 0C 39 CE"
"2026-08-23 00:37:55.826","01 02 02 01 00 B8 28"
"2026-08-23 00:37:56.306","01 03 04 EC 00 0C 85 0A"
"2026-08-23 00:37:56.348","01 03 18 27 0F 00 17 00 2B 00 48 00 74 00 AD 00 F1 01 3C 01 98 01 F5 02 71 02 EB 68 6A"
"2026-08-23 00:37:56.705","01 06 04 ED 00 1A 99 04"
"2026-08-23 00:37:56.717","01 06 04 ED 00 1A 99 04"
"2026-08-23 00:37:56.810","01 04 00 56 00 03 50 1B"
"2026-08-23 00:37:56.831","01 04 06 02 A1 00 00 00 00 DC A8"
"2026-08-23 00:37:57.310","01 05 23 34 FF 00 C6 70"
"2026-08-23 00:37:57.322","01 05 23 34 FF 00 C6 70"
"2026-08-23 00:37:58.319","01 10 0B 13 00 03 06 00 E3 00 74 00 F9 77 B0"
"2026-08-23 00:37:58.331","01 10 0B 13 00 03 73 E9"
"2026-08-23 00:37:58.342","01 03 04 B0 00 05 85 1E"
"2026-08-23 00:37:58.363","01 03 0A 00 00 00 00 00 00 00 00 00 00 24 B6"
"2026-08-23 00:37:58.815","01 01 00 19 00 03 AD CC"
"2026-08-23 00:37:58.826","01 01 01 00 51 88"
"2026-08-23 00:37:59.316","01 02 00 04 00 0C 39 CE"
"2026-08-23 00:37:59.327","01 02 02 01 00 B8 28"
"2026-08-23 00:37:59.807","01 03 04 EC 00 0C 85 0A"
"2026-08-23 00:37:59.849","01 03 18 27 0F 00 1A 00 2B 00 48 00 74 00 AD 00 F1 01 3C 01 98 01 F5 02 71 02 EB B4 77"
"2026-08-23 00:38:00.307","01 04 00 56 00 03 50 1B"
"2026-08-23 00:38:00.329","01 04 06 02 2A 00 00 00 00 78 B7"
"2026-08-23 00:38:01.824","01 10 0B 13 00 03 06 00 C9 00 64 00 F9 6F B3"
"2026-08-23 00:38:01.836","01 10 0B 13 00 03 73 E9"
"2026-08-23 00:38:01.847","01 03 04 B0 00 05 85 1E"
"2026-08-23 00:38:01.868","01 03 0A 00 00 00 00 00 00 00 00 00 00 24 B6"
"2026-08-23 00:38:02.296","01 06 04 F6 02 68 68 46"
"2026-08-23 00:38:02.308","01 06 04 F6 02 68 68 46"
"2026-08-23 00:38:02.319","01 01 00 19 00 03 AD CC"
"2026-08-23 00:38:02.330","01 01 01 00 51 88"
"2026-08-23 00:38:02.821","01 02 00 04 00 0C 39 CE"
"2026-08-23 00:38:02.832","01 02 02 00 00 B9 B8"
"2026-08-23 00:38:03.323","01 03 04 EC 00 0C 85 0A"
"2026-08-23 00:38:03.365","01 03 18 27 0F 00 1A 00 2B 00 48 00 74 00 AD 00 F1 01 3C 01 98 01 F5 02 68 02 EB 65 B0"
"2026-08-23 00:38:03.825","01 04 00 56 00 03 50 1B"
"2026-08-23 00:38:03.837","01 04 06 02 35 00 00 00 00 ED 75"
"2026-08-23 00:38:05.327","01 10 0B 13 00 03 06 00 F7 00 68 00 F8 47 B5"
"2026-08-23 00:38:05.339","01 10 0B 13 00 03 73 E9"
"2026-08-23 00:38:05.360","01 03 04 B0 00 05 85 1E"
"2026-08-23 00:38:05.382","01 03 0A 00 00 00 00 00 00 00 00 00 00 24 B6"
"2026-08-23 00:38:05.820","01 01 00 19 00 03 AD CC"
"2026-08-23 00:38:05.832","01 01 01 00 51 88"
"2026-08-23 00:38:06.322","01 02 00 04 00 0C 39 CE"
"2026-08-23 00:38:06.334","01 02 02 00 00 B9 B8"
"2026-08-23 00:38:06.823","01 03 04 EC 00 0C 85 0A"
"2026-08-23 00:38:06.855","01 03 18 27 0F 00 1A 00 2B 00 48 00 74 00 AD 00 F1 01 3C 01 98 01 F5 02 68 02 EB 65 B0"
"2026-08-23 00:38:07.324","01 04 00 56 00 03 50 1B"
"2026-08-23 00:38:07.335","01 04 06 01 5D 00 00 00 00 8C 8F"
"2026-08-23 00:38:08.829","01 10 0B 13 00 03 06 00 DB 00 64 00 FA 97 B1"
"2026-08-23 00:38:08.841","01 10 0B 13 00 03 73 E9"
"2026-08-23 00:38:08.852","01 03 04 B0 00 05 85 1E"
"2026-08-23 00:38:08.873","01 03 0A 00 00 00 00 00 00 00 00 00 00 24 B6"
"2026-08-23 00:38:09.322","01 01 00 19 00 03 AD CC"
"2026-08-23 00:38:09.333","01 01 01 00 51 88"
"2026-08-23 00:38:09.823","01 02 00 04 00 0C 39 CE"
"2026-08-23 00:38:09.834","01 02 02 01 00 B8 28"
"2026-08-23 00:38:10.323","01 03 04 EC 00 0C 85 0A"
"2026-08-23 00:38:10.365","01 03 18 27 0F 00 1A 00 2B 00 48 00 74 00 AD 00 F1 01 3C 01 98 01 F5 02 68 02 EB 65 B0"
"2026-08-23 00:38:10.824","01 04 00 56 00 03 50 1B"
"2026-08-23 00:38:10.835","01 04 06 00 76 00 00 00 00 A9 58"
"2026-08-23 00:38:12.331","01 10 0B 13 00 03 06 00 F3 00 6C 00 FD 37 B7"
"2026-08-23 00:38:12.343","01 10 0B 13 00 03 73 E9"
"2026-08-23 00:38:12.354","01 03 04 B0 00 05 85 1E"
"2026-08-23 00:38:12.376","01 03 0A 00 00 00 00 00 00 00 00 00 00 24 B6"
"2026-08-23 00:38:12.825","01 01 00 19 00 03 AD CC"
"2026-08-23 00:38:12.836","01 01 01 00 51 88"
"2026-08-23 00:38:13.325","01 02 00 04 00 0C 39 CE"
"2026-08-23 00:38:13.337","01 02 02 01 00 B8 28"
"2026-08-23 00:38:13.817","01 03 04 EC 00 0C 85 0A"
"2026-08-23 00:38:13.860","01 03 18 27 0F 00 1A 00 2B 00 48 00 74 00 AD 00 F1 01 3C 01 98 01 F5 02 68 02 EB 65 B0"
"2026-08-23 00:38:14.319","01 04 00 56 00 03 50 1B"
"2026-08-23 00:38:14.341","01 04 06 02 8F 00 00 00 00 34 AE"
"2026-08-23 00:38:15.831","01 10 0B 13 00 03 06 00 CE 00 76 00 FC BA 75"
"2026-08-23 00:38:15.842","01 10 0B 13 00 03 73 E9"
"2026-08-23 00:38:15.853","01 03 04 B0 00 05 85 1E"
"2026-08-23 00:38:15.875","01 03 0A 00 00 00 00 00 00 00 00 00 00 24 B6"
"2026-08-23 00:38:16.323","01 01 00 19 00 03 AD CC"
"2026-08-23 00:38:16.334","01 01 01 00 51 88"
"2026-08-23 00:38:16.824","01 02 00 04 00 0C 39 CE"
"2026-08-23 00:38:16.835","01 02 02 00 00 B9 B8"
"2026-08-23 00:38:17.171","01 06 04 F2 00 EE A9 45"
"2026-08-23 00:38:17.183","01 06 04 F2 00 EE A9 45"
"2026-08-23 00:38:17.326","01 03 04 EC 00 0C 85 0A"
"2026-08-23 00:38:17.358","01 03 18 27 0F 00 1A 00 2B 00 48 00 74 00 AD 00 EE 01 3C 01 98 01 F5 02 68 02 EB 01 64"
"2026-08-23 00:38:17.827","01 04 00 56 00 03 50 1B"
"2026-08-23 00:38:17.839","01 04 06 00 D9 00 00 00 00 7D 40"
"2026-08-23 00:38:19.332","01 10 0B 13 00 03 06 00 F4 00 77 00 F7 72 77"
"2026-08-23 00:38:19.344","01 10 0B 13 00 03 73 E9"
"2026-08-23 00:38:19.355","01 03 04 B0 00 05 85 1E"
"2026-08-23 00:38:19.376","01 03 0A 00 00 00 00 00 00 00 00 00 00 24 B6"
"2026-08-23 00:38:19.825","01 01 00 19 00 03 AD CC"
"2026-08-23 00:38:19.836","01 01 01 00 51 88"
"2026-08-23 00:38:20.326","01 02 00 04 00 0C 39 CE"
"2026-08-23 00:38:20.337","01 02 02 00 00 B9 B8"
"2026-08-23 00:38:20.827","01 03 04 EC 00 0C 85 0A"
"2026-08-23 00:38:20.859","01 03 18 27 0F 00 1A 00 2B 00 48 00 74 00 AD 00 EE 01 3C 01 98 01 F5 02 68 02 EB 01 64"
"2026-08-23 00:38:21.327","01 04 00 56 00 03 50 1B"
"2026-08-23 00:38:21.339","01 04 06 01 C9 00 00 00 00 BD 52"
"2026-08-23 00:38:22.825","01 10 0B 13 00 03 06 00 D6 00 71 00 F8 2A 75"
"2026-08-23 00:38:22.847","01 10 0B 13 00 03 73 E9"
"2026-08-23 00:38:22.858","01 03 04 B0 00 05 85 1E"
"2026-08-23 00:38:22.880","01 03 0A 00 00 00 00 00 00 00 00 00 00 24 B6"
"2026-08-23 00:38:23.176","01 06 04 F9 04 07 1B C9"
"2026-08-23 00:38:23.187","01 06 04 F9 04 07 1B C9"
"2026-08-23 00:38:23.320","01 01 00 19 00 03 AD CC"
"2026-08-23 00:38:23.332","01 01 01 00 51 88"
"2026-08-23 00:38:23.821","01 02 00 04 00 0C 39 CE"
"2026-08-23 00:38:23.832","01 02 02 00 00 B9 B8"
"2026-08-23 00:38:24.321","01 03 04 EC 00 0C 85 0A"
"2026-08-23 00:38:24.363","01 03 18 27 0F 00 1A 00 2B 00 48 00 74 00 AD 00 EE 01 3C 01 98 01 F5 02 68 02 EB 01 64"
"2026-08-23 00:38:24.822","01 04 00 56 00 03 50 1B"
"2026-08-23 00:38:24.844","01 04 06 02 BF 00 00 00 00 74 AA"
"2026-08-23 00:38:26.329","01 10 0B 13 00 03 06 00 E2 00 72 00 FD AB B2"
"2026-08-23 00:38:26.340","01 10 0B 13 00 03 73 E9"
"2026-08-23 00:38:26.362","01 03 04 B0 00 05 85 1E"
"2026-08-23 00:38:26.383","01 03 0A 00 00 00 00 00 00 00 00 00 00 24 B6"
"2026-08-23 00:38:26.821","01 01 00 19 00 03 AD CC"
"2026-08-23 00:38:26.833","01 01 01 00 51 88"
"2026-08-23 00:38:27.323","01 02 00 04 00 0C 39 CE"
"2026-08-23 00:38:27.334","01 02 02 00 00 B9 B8"
"2026-08-23 00:38:27.823","01 03 04 EC 00 0C 85 0A"
"2026-08-23 00:38:27.866","01 03 18 27 0F 00 1A 00 2B 00 48 00 74 00 AD 00 EE 01 3C 01 98 01 F5 02 68 02 EB 01 64"
"2026-08-23 00:38:28.324","01 04 00 56 00 03 50 1B"
"2026-08-23 00:38:28.336","01 04 06 01 AE 00 00 00 00 88 9A"
"2026-08-23 00:38:29.832","01 10 0B 13 00 03 06 00 E9 00 67 01 03 9F A7"
"2026-08-23 00:38:29.844","01 10 0B 13 00 03 73 E9"
"2026-08-23 00:38:29.855","01 03 04 B0 00 05 85 1E"
"2026-08-23 00:38:29.877","01 03 0A 00 00 00 00 00 00 00 00 00 00 24 B6"
"2026-08-23 00:38:30.325","01 01 00 19 00 03 AD CC"
"2026-08-23 00:38:30.337","01 01 01 00 51 88"
"2026-08-23 00:38:30.827","01 02 00 04 00 0C 39 CE"
"2026-08-23 00:38:30.839","01 02 02 00 00 B9 B8"
"2026-08-23 00:38:31.318","01 03 04 EC 00 0C 85 0A"
"2026-08-23 00:38:31.361","01 03 18 27 0F 00 1A 00 2B 00 48 00 74 00 AD 00 EE 01 3C 01 98 01 F5 02 68 02 EB 01 64"
"2026-08-23 00:38:31.821","01 04 00 56 00 03 50 1B"
"2026-08-23 00:38:31.843","01 04 06 02 7F 00 00 00 00 74 BB"
"2026-08-23 00:38:32.322","01 05 23 34 FF 00 C6 70"
"2026-08-23 00:38:32.333","01 05 23 34 FF 00 C6 70"
"2026-08-23 00:38:33.333","01 10 0B 13 00 03 06 00 F5 00 66 00 FA DE 77"
"2026-08-23 00:38:33.345","01 10 0B 13 00 03 73 E9"
"2026-08-23 00:38:33.356","01 03 04 B0 00 05 85 1E"
"2026-08-23 00:38:33.378","01 03 0A 00 00 00 00 00 00 00 00 00 00 24 B6"
"2026-08-23 00:38:33.827","01 01 00 19 00 03 AD CC"
"2026-08-23 00:38:33.839","01 01 01 00 51 88"
"2026-08-23 00:38:34.318","01 02 00 04 00 0C 39 CE"
"2026-08-23 00:38:34.330","01 02 02 00 00 B9 B8"
"2026-08-23 00:38:34.819","01 03 04 EC 00 0C 85 0A"
"2026-08-23 00:38:34.861","01 03 18 27 0F 00 1A 00 2B 00 48 00 74 00 AD 00 EE 01 3C 01 98 01 F5 02 68 02 EB 01 64"
"2026-08-23 00:38:35.320","01 04 00 56 00 03 50 1B"
"2026-08-23 00:38:35.341","01 04 06 00 85 00 00 00 00 AD 4D"
"2026-08-23 00:38:35.821","01 05 23 34 FF 00 C6 70"
"2026-08-23 00:38:35.833","01 05 23 34 FF 00 C6 70"
"2026-08-23 00:38:36.830","01 10 0B 13 00 03 06 00 D1 00 64 00 F7 CE 75"
"2026-08-23 00:38:36.841","01 10 0B 13 00 03 73 E9"
"2026-08-23 00:38:36.853","01 03 04 B0 00 05 85 1E"
"2026-08-23 00:38:36.874","01 03 0A 00 00 00 00 00 00 00 00 00 00 24 B6"
"2026-08-23 00:38:37.322","01 01 00 19 00 03 AD CC"
"2026-08-23 00:38:37.333","01 01 01 00 51 88"
"2026-08-23 00:38:37.823","01 02 00 04 00 0C 39 CE"
"2026-08-23 00:38:37.834","01 02 02 01 00 B8 28"
"2026-08-23 00:38:37.876","01 06 04 EF 00 4D 79 3A"
"2026-08-23 00:38:37.887","01 06 04 EF 00 4D 79 3A"
"2026-08-23 00:38:38.325","01 03 04 EC 00 0C 85 0A"
"2026-08-23 00:38:38.357","01 03 18 27 0F 00 1A 00 2B 00 4D 00 74 00 AD 00 EE 01 3C 01 98 01 F5 02 68 02 EB 12 35"
"2026-08-23 00:38:38.826","01 04 00 56 00 03 50 1B"
"2026-08-23 00:38:38.837","01 04 06 02 C3 00 00 00 00 25 60"
"2026-08-23 00:38:40.333","01 10 0B 13 00 03 06 00 D0 00 6B 00 F8 83 B2"
"2026-08-23 00:38:40.344","01 10 0B 13 00 03 73 E9"
"2026-08-23 00:38:40.356","01 03 04 B0 00 05 85 1E"
"2026-08-23 00:38:40.377","01 03 0A 00 00 00 00 00 00 00 00 00 00 24 B6"
"2026-08-23 00:38:40.826","01 01 00 19 00 03 AD CC"
"2026-08-23 00:38:40.838","01 01 01 00 51 88"
"2026-08-23 00:38:41.318","01 02 00 04 00 0C 39 CE"
"2026-08-23 00:38:41.340","01 02 02 01 00 B8 28"
"2026-08-23 00:38:41.819","01 03 04 EC 00 0C 85 0A"
"2026-08-23 00:38:41.861","01 03 18 27 0F 00 1A 00 2B 00 4D 00 74 00 AD 00 EE 01 3C 01 98 01 F5 02 68 02 EB 12 35"
"2026-08-23 00:38:42.320","01 04 00 56 00 03 50 1B"
"2026-08-23 00:38:42.341","01 04 06 00 C9 00 00 00 00 BC 83"
"2026-08-23 00:38:42.820","01 05 23 34 FF 00 C6 70"
"2026-08-23 00:38:42.842","01 05 23 34 FF 00 C6 70"
"2026-08-23 00:38:43.322","01 06 01 41 00 21 18 3A"
"2026-08-23 00:38:43.334","01 06 01 41 00 21 18 3A"
"2026-08-23 00:38:43.834","01 10 0B 13 00 03 06 00 D1 00 72 00 FA EE 74"
"2026-08-23 00:38:43.846","01 10 0B 13 00 03 73 E9"
"2026-08-23 00:38:43.857","01 03 04 B0 00 05 85 1E"
"2026-08-23 00:38:43.879","01 03 0A 00 00 00 00 00 00 00 00 00 00 24 B6"
"2026-08-23 00:38:44.328","01 01 00 19 00 03 AD CC"
"2026-08-23 00:38:44.340","01 01 01 00 51 88"
"2026-08-23 00:38:44.565","01 06 04 FB 05 5A 7A 60"
"2026-08-23 00:38:44.586","01 06 04 FB 05 5A 7A 60"
"2026-08-23 00:38:44.823","01 02 00 04 00 0C 39 CE"
"2026-08-23 00:38:44.835","01 02 02 01 00 B8 28"
"2026-08-23 00:38:45.325","01 03 04 EC 00 0C 85 0A"
"2026-08-23 00:38:45.357","01 03 18 27 0F 00 1A 00 2B 00 4D 00 74 00 AD 00 EE 01 3C 01 98 01 F5 02 68 02 EB 12 35"
"2026-08-23 00:38:45.827","01 04 00 56 00 03 50 1B"
"2026-08-23 00:38:45.839","01 04 06 02 67 00 00 00 00 54 B9"
"2026-08-23 00:38:46.328","01 05 23 34 00 00 87 80"
"2026-08-23 00:38:46.339","01 05 23 34 00 00 87 80"
"2026-08-23 00:38:46.829","01 06 01 41 00 2E 58 3E"
"2026-08-23 00:38:46.840","01 06 01 41 00 2E 58 3E"
"2026-08-23 00:38:47.330","01 10 0B 13 00 03 06 00 D6 00 6C 00 F4 BA 76"
"2026-08-23 00:38:47.342","01 10 0B 13 00 03 73 E9"
"2026-08-23 00:38:47.363","01 03 04 B0 00 05 85 1E"
"2026-08-23 00:38:47.384","01 03 0A 00 00 00 00 00 00 00 00 00 00 24 B6"
"2026-08-23 00:38:47.823","01 01 00 19 00 03 AD CC"
"2026-08-23 00:38:47.835","01 01 01 00 51 88"
"2026-08-23 00:38:48.325","01 02 00 04 00 0C 39 CE"
"2026-08-23 00:38:48.337","01 02 02 00 00 B9 B8"
"2026-08-23 00:38:48.827","01 03 04 EC 00 0C 85 0A"
"2026-08-23 00:38:48.860","01 03 18 27 0F 00 1A 00 2B 00 4D 00 74 00 AD 00 EE 01 3C 01 98 01 F5 02 68 02 EB 12 35"
"2026-08-23 00:38:49.328","01 04 00 56 00 03 50 1B"
"2026-08-23 00:38:49.340","01 04 06 00 7D 00 00 00 00 0C 99"
"2026-08-23 00:38:49.820","01 05 23 34 00 00 87 80"
"2026-08-23 00:38:49.842","01 05 23 34 00 00 87 80"
"2026-08-23 00:38:50.320","01 06 01 41 00 13 99 EF"
"2026-08-23 00:38:50.342","01 06 01 41 00 13 99 EF"
"2026-08-23 00:38:50.831","01 10 0B 13 00 03 06 00 CA 00 74 01 01 2A 64"
"2026-08-23 00:38:50.843","01 10 0B 13 00 03 73 E9"
"2026-08-23 00:38:50.854","01 03 04 B0 00 05 85 1E"
"2026-08-23 00:38:50.875","01 03 0A 00 00 00 00 00 00 00 00 00 00 24 B6"
"2026-08-23 00:38:51.324","01 01 00 19 00 03 AD CC"
"2026-08-23 00:38:51.335","01 01 01 00 51 88"
"2026-08-23 00:38:51.824","01 02 00 04 00 0C 39 CE"
"2026-08-23 00:38:51.836","01 02 02 00 00 B9 B8"
"2026-08-23 00:38:52.325","01 03 04 EC 00 0C 85 0A"
"2026-08-23 00:38:52.367","01 03 18 27 0F 00 1A 00 2B 00 4D 00 74 00 AD 00 EE 01 3C 01 98 01 F5 02 68 02 EB 12 35"
"2026-08-23 00:38:52.826","01 04 00 56 00 03 50 1B"
"2026-08-23 00:38:52.837","01 04 06 03 9F 00 00 00 00 F4 BC"
"2026-08-23 00:38:53.326","01 05 23 34 00 00 87 80"
"2026-08-23 00:38:53.338","01 05 23 34 00 00 87 80"
"2026-08-23 00:38:54.334","01 10 0B 13 00 03 06 00 D6 00 71 00 F6 AB B1"
"2026-08-23 00:38:54.346","01 10 0B 13 00 03 73 E9"
"2026-08-23 00:38:54.357","01 03 04 B0 00 05 85 1E"
"2026-08-23 00:38:54.378","01 03 0A 00 00 00 00 00 00 00 00 00 00 24 B6"
"2026-08-23 00:38:54.826","01 01 00 19 00 03 AD CC"
"2026-08-23 00:38:54.838","01 01 01 00 51 88"
"2026-08-23 00:38:55.327","01 02 00 04 00 0C 39 CE"
"2026-08-23 00:38:55.339","01 02 02 00 00 B9 B8"
"2026-08-23 00:38:55.777","01 06 04 F7 02 E8 38 26"
"2026-08-23 00:38:55.788","01 06 04 F7 02 E8 38 26"
"2026-08-23 00:38:55.820","01 03 04 EC 00 0C 85 0A"
"2026-08-23 00:38:55.862","01 03 18 27 0F 00 1A 00 2B 00 4D 00 74 00 AD 00 EE 01 3C 01 98 01 F5 02 68 02 E8 52 34"
"2026-08-23 00:38:56.320","01 04 00 56 00 03 50 1B"
"2026-08-23 00:38:56.341","01 04 06 01 73 00 00 00 00 64 89"
"2026-08-23 00:38:57.328","01 06 01 41 00 11 18 2E"
"2026-08-23 00:38:57.339","01 06 01 41 00 11 18 2E"
"2026-08-23 00:38:57.828","01 10 0B 13 00 03 06 00 CE 00 70 00 F2 DB B0"
"2026-08-23 00:38:57.840","01 10 0B 13 00 03 73 E9"
"2026-08-23 00:38:57.861","01 03 04 B0 00 05 85 1E"
"2026-08-23 00:38:57.883","01 03 0A 00 00 00 00 00 00 00 00 00 00 24 B6"
"2026-08-23 00:38:58.321","01 01 00 19 00 03 AD CC"
"2026-08-23 00:38:58.333","01 01 01 00 51 88"
"2026-08-23 00:38:58.823","01 02 00 04 00 0C 39 CE"
"2026-08-23 00:38:58.835","01 02 02 01 00 B8 28"
"2026-08-23 00:38:59.326","01 03 04 EC 00 0C 85 0A"
"2026-08-23 00:38:59.358","01 03 18 27 0F 00 1A 00 2B 00 4D 00 74 00 AD 00 EE 01 3C 01 98 01 F5 02 68 02 E8 52 34"
"2026-08-23 00:38:59.828","01 04 00 56 00 03 50 1B"
"2026-08-23 00:38:59.840","01 04 06 01 63 00 00 00 00 A5 4A"
"2026-08-23 00:39:01.335","01 10 0B 13 00 03 06 00 CC 00 74 00 F6 E2 72"
"2026-08-23 00:39:01.347","01 10 0B 13 00 03 73 E9"
"2026-08-23 00:39:01.358","01 03 04 B0 00 05 85 1E"
"2026-08-23 00:39:01.379","01 03 0A 00 00 00 00 00 00 00 00 00 00 24 B6"
"2026-08-23 00:39:01.828","01 01 00 19 00 03 AD CC"
"2026-08-23 00:39:01.839","01 01 01 00 51 88"
"2026-08-23 00:39:02.319","01 02 00 04 00 0C 39 CE"
"2026-08-23 00:39:02.340","01 02 02 00 00 B9 B8"
"2026-08-23 00:39:02.819","01 03 04 EC 00 0C 85 0A"
"2026-08-23 00:39:02.862","01 03 18 27 0F 00 1A 00 2B 00 4D 00 74 00 AD 00 EE 01 3C 01 98 01 F5 02 68 02 E8 52 34"
"2026-08-23 00:39:03.321","01 04 00 56 00 03 50 1B"
"2026-08-23 00:39:03.343","01 04 06 02 A4 00 00 00 00 10 A8"
"2026-08-23 00:39:04.829","01 10 0B 13 00 03 06 00 EB 00 6D 01 00 86 64"
"2026-08-23 00:39:04.841","01 10 0B 13 00 03 73 E9"
"2026-08-23 00:39:04.862","01 03 04 B0 00 05 85 1E"
"2026-08-23 00:39:04.884","01 03 0A 00 00 00 00 00 00 00 00 00 00 24 B6"
"2026-08-23 00:39:05.322","01 01 00 19 00 03 AD CC"
"2026-08-23 00:39:05.333","01 01 01 00 51 88"
"2026-08-23 00:39:05.681","01 06 04 FC 06 18 4B 60"
"2026-08-23 00:39:05.693","01 06 04 FC 06 18 4B 60"
"2026-08-23 00:39:05.826","01 02 00 04 00 0C 39 CE"
"2026-08-23 00:39:05.838","01 02 02 00 00 B9 B8"
"2026-08-23 00:39:06.327","01 03 04 EC 00 0C 85 0A"
"2026-08-23 00:39:06.360","01 03 18 27 0F 00 1A 00 2B 00 4D 00 74 00 AD 00 EE 01 3C 01 98 01 F5 02 68 02 E8 52 34"
"2026-08-23 00:39:06.829","01 04 00 56 00 03 50 1B"
"2026-08-23 00:39:06.841","01 04 06 03 79 00 00 00 00 FD 6A"
"2026-08-23 00:39:07.320","01 05 23 34 00 00 87 80"
"2026-08-23 00:39:07.332","01 05 23 34 00 00 87 80"
"2026-08-23 00:39:08.330","01 10 0B 13 00 03 06 00 E1 00 77 01 03 7F A3"
"2026-08-23 00:39:08.342","01 10 0B 13 00 03 73 E9"
"2026-08-23 00:39:08.353","01 03 04 B0 00 05 85 1E"
"2026-08-23 00:39:08.375","01 03 0A 00 00 00 00 00 00 00 00 00 00 24 B6"
"2026-08-23 00:39:08.825","01 01 00 19 00 03 AD CC"
"2026-08-23 00:39:08.836","01 01 01 00 51 88"
"2026-08-23 00:39:09.326","01 02 00 04 00 0C 39 CE"
"2026-08-23 00:39:09.337","01 02 02 01 00 B8 28"
"2026-08-23 00:39:09.827","01 03 04 EC 00 0C 85 0A"
"2026-08-23 00:39:09.860","01 03 18 27 0F 00 1A 00 2B 00 4D 00 74 00 AD 00 EE 01 3C 01 98 01 F5 02 68 02 E8 52 34"
"2026-08-23 00:39:10.319","01 04 00 56 00 03 50 1B"
"2026-08-23 00:39:10.341","01 04 06 02 E7 00 00 00 00 55 67"
"2026-08-23 00:39:11.827","01 10 0B 13 00 03 06 00 EA 00 71 00 FC 7B B3"
"2026-08-23 00:39:11.849","01 10 0B 13 00 03 73 E9"
"2026-08-23 00:39:11.860","01 03 04 B0 00 05 85 1E"
"2026-08-23 00:39:11.881","01 03 0A 00 00 00 00 00 00 00 00 00 00 24 B6"
"2026-08-23 00:39:12.321","01 01 00 19 00 03 AD CC"
"2026-08-23 00:39:12.332","01 01 01 00 51 88"
"2026-08-23 00:39:12.823","01 02 00 04 00 0C 39 CE"
"2026-08-23 00:39:12.835","01 02 02 00 00 B9 B8"
"2026-08-23 00:39:13.325","01 03 04 EC 00 0C 85 0A"
"2026-08-23 00:39:13.367","01 03 18 27 0F 00 1A 00 2B 00 4D 00 74 00 AD 00 EE 01 3C 01 98 01 F5 02 68 02 E8 52 34"
"2026-08-23 00:39:13.827","01 04 00 56 00 03 50 1B"
"2026-08-23 00:39:13.839","01 04 06 01 EA 00 00 00 00 78 95"
"2026-08-23 00:39:14.329","01 05 23 34 FF 00 C6 70"
"2026-08-23 00:39:14.340","01 05 23 34 FF 00 C6 70"
"2026-08-23 00:39:15.327","01 10 0B 13 00 03 06 00 DF 00 6A 00 FC 87 B0"
"2026-08-23 00:39:15.349","01 10 0B 13 00 03 73 E9"
"2026-08-23 00:39:15.360","01 03 04 B0 00 05 85 1E"
"2026-08-23 00:39:15.381","01 03 0A 00 00 00 00 00 00 00 00 00 00 24 B6"
"2026-08-23 00:39:15.821","01 01 00 19 00 03 AD CC"
"2026-08-23 00:39:15.832","01 01 01 00 51 88"
"2026-08-23 00:39:16.322","01 02 00 04 00 0C 39 CE"
"2026-08-23 00:39:16.334","01 02 02 01 00 B8 28"
"2026-08-23 00:39:16.823","01 03 04 EC 00 0C 85 0A"
"2026-08-23 00:39:16.865","01 03 18 27 0F 00 1A 00 2B 00 4D 00 74 00 AD 00 EE 01 3C 01 98 01 F5 02 68 02 E8 52 34"
"2026-08-23 00:39:17.324","01 04 00 56 00 03 50 1B"
"2026-08-23 00:39:17.336","01 04 06 00 D5 00 00 00 00 6D 41"
"2026-08-23 00:39:18.833","01 10 0B 13 00 03 06 00 F0 00 70 00 F5 B3 B7"
"2026-08-23 00:39:18.845","01 10 0B 13 00 03 73 E9"
"2026-08-23 00:39:18.856","01 03 04 B0 00 05 85 1E"
"2026-08-23 00:39:18.878","01 03 0A 00 00 00 00 00 00 00 00 00 00 24 B6"
"2026-08-23 00:39:19.011","01 06 04 F2 00 F1 E8 8D"
"2026-08-23 00:39:19.022","01 06 04 F2 00 F1 E8 8D"
"2026-08-23 00:39:19.328","01 01 00 19 00 03 AD CC"
"2026-08-23 00:39:19.340","01 01 01 00 51 88"
"2026-08-23 00:39:19.819","01 02 00 04 00 0C 39 CE"
"2026-08-23 00:39:19.841","01 02 02 00 00 B9 B8"
"2026-08-23 00:39:20.320","01 03 04 EC 00 0C 85 0A"
"2026-08-23 00:39:20.362","01 03 18 27 0F 00 1A 00 2B 00 4D 00 74 00 AD 00 F1 01 3C 01 98 01 F5 02 68 02 E8 36 E0"
"2026-08-23 00:39:20.821","01 04 00 56 00 03 50 1B"
"2026-08-23 00:39:20.843","01 04 06 00 A9 00 00 00 00 3C 8B"
"2026-08-23 00:39:21.322","01 05 23 34 00 00 87 80"
"2026-08-23 00:39:21.334","01 05 23 34 00 00 87 80"
"2026-08-23 00:39:22.331","01 10 0B 13 00 03 06 00 CB 00 67 00 F2 A7 B4"
"2026-08-23 00:39:22.342","01 10 0B 13 00 03 73 E9"
"2026-08-23 00:39:22.364","01 03 04 B0 00 05 85 1E"
"2026-08-23 00:39:22.385","01 03 0A 00 00 00 00 00 00 00 00 00 00 24 B6"
"2026-08-23 00:39:22.823","01 01 00 19 00 03 AD CC"
"2026-08-23 00:39:22.835","01 01 01 00 51 88"
"2026-08-23 00:39:23.326","01 02 00 04 00 0C 39 CE"
"2026-08-23 00:39:23.337","01 02 02 00 00 B9 B8"
"2026-08-23 00:39:23.828","01 03 04 EC 00 0C 85 0A"
"2026-08-23 00:39:23.861","01 03 18 27 0F 00 1A 00 2B 00 4D 00 74 00 AD 00 F1 01 3C 01 98 01 F5 02 68 02 E8 36 E0"
"2026-08-23 00:39:24.320","01 04 00 56 00 03 50 1B"
"2026-08-23 00:39:24.342","01 04 06 01 84 00 00 00 00 91 5C"
"2026-08-23 00:39:24.822","01 05 23 34 FF 00 C6 70"
"2026-08-23 00:39:24.834","01 05 23 34 FF 00 C6 70"
"2026-08-23 00:39:25.324","01 06 01 41 00 1D 18 2B"
"2026-08-23 00:39:25.336","01 06 01 41 00 1D 18 2B"
"2026-08-23 00:39:25.836","01 10 0B 13 00 03 06 00 F8 00 64 00 F9 12 77"
"2026-08-23 00:39:25.848","01 10 0B 13 00 03 73 E9"
"2026-08-23 00:39:25.859","01 03 04 B0 00 05 85 1E"
"2026-08-23 00:39:25.880","01 03 0A 00 00 00 00 00 00 00 00 00 00 24 B6"
"2026-08-23 00:39:26.319","01 01 00 19 00 03 AD CC"
"2026-08-23 00:39:26.331","01 01 01 00 51 88"
"2026-08-23 00:39:26.820","01 02 00 04 00 0C 39 CE"
"2026-08-23 00:39:26.832","01 02 02 01 00 B8 28"
"2026-08-23 00:39:27.321","01 03 04 EC 00 0C 85 0A"
"2026-08-23 00:39:27.364","01 03 18 27 0F 00 1A 00 2B 00 4D 00 74 00 AD 00 F1 01 3C 01 98 01 F5 02 68 02 E8 36 E0"
"2026-08-23 00:39:27.823","01 04 00 56 00 03 50 1B"
"2026-08-23 00:39:27.844","01 04 06 01 2A 00 00 00 00 78 84"
"2026-08-23 00:39:29.329","01 10 0B 13 00 03 06 00 E5 00 66 00 F9 5F B5"
"2026-08-23 00:39:29.351","01 10 0B 13 00 03 73 E9"
"2026-08-23 00:39:29.362","01 03 04 B0 00 05 85 1E"
"2026-08-23 00:39:29.383","01 03 0A 00 00 00 00 00 00 00 00 00 00 24 B6"
"2026-08-23 00:39:29.822","01 01 00 19 00 03 AD CC"
"2026-08-23 00:39:29.833","01 01 01 00 51 88"
"2026-08-23 00:39:30.322","01 02 00 04 00 0C 39 CE"
"2026-08-23 00:39:30.334","01 02 02 00 00 B9 B8"
"2026-08-23 00:39:30.822","01 03 04 EC 00 0C 85 0A"
"2026-08-23 00:39:30.865","01 03 18 27 0F 00 1A 00 2B 00 4D 00 74 00 AD 00 F1 01 3C 01 98 01 F5 02 68 02 E8 36 E0"
"2026-08-23 00:39:31.324","01 04 00 56 00 03 50 1B"
"2026-08-23 00:39:31.336","01 04 06 01 6C 00 00 00 00 F1 4B"
"2026-08-23 00:39:32.828","01 10 0B 13 00 03 06 00 DD 00 75 00 F9 0F B5"
"2026-08-23 00:39:32.850","01 10 0B 13 00 03 73 E9"
"2026-08-23 00:39:32.861","01 03 04 B0 00 05 85 1E"
"2026-08-23 00:39:32.882","01 03 0A 00 00 00 00 00 00 00 00 00 00 24 B6"
"2026-08-23 00:39:32.964","01 06 04 F4 01 90 C8 F4"
"2026-08-23 00:39:32.976","01 06 04 F4 01 90 C8 F4"
"2026-08-23 00:39:33.324","01 01 00 19 00 03 AD CC"
"2026-08-23 00:39:33.335","01 01 01 00 51 88"
"2026-08-23 00:39:33.822","01 02 00 04 00 0C 39 CE"
"2026-08-23 00:39:33.833","01 02 02 01 00 B8 28"
"2026-08-23 00:39:34.319","01 03 04 EC 00 0C 85 0A"
"2026-08-23 00:39:34.362","01 03 18 27 0F 00 1A 00 2B 00 4D 00 74 00 AD 00 F1 01 3C 01 90 01 F5 02 68 02 E8 BF 20"
"2026-08-23 00:39:34.826","01 04 00 56 00 03 50 1B"
"2026-08-23 00:39:34.838","01 04 06 02 77 00 00 00 00 95 7A"
"2026-08-23 00:39:36.333","01 10 0B 13 00 03 06 00 F6 00 69 01 01 EA 67"
"2026-08-23 00:39:36.346","01 10 0B 13 00 03 73 E9"
"2026-08-23 00:39:36.357","01 03 04 B0 00 05 85 1E"
"2026-08-23 00:39:36.379","01 03 0A 00 00 00 00 00 00 00 00 00 00 24 B6"
"2026-08-23 00:39:36.828","01 01 00 19 00 03 AD CC"
"2026-08-23 00:39:36.839","01 01 01 00 51 88"
"2026-08-23 00:39:37.321","01 02 00 04 00 0C 39 CE"
"2026-08-23 00:39:37.333","01 02 02 01 00 B8 28"
"2026-08-23 00:39:37.824","01 03 04 EC 00 0C 85 0A"
"2026-08-23 00:39:37.866","01 03 18 27 0F 00 1A 00 2B 00 4D 00 74 00 AD 00 F1 01 3C 01 90 01 F5 02 68 02 E8 BF 20"
"2026-08-23 00:39:38.327","01 04 00 56 00 03 50 1B"
"2026-08-23 00:39:38.338","01 04 06 03 45 00 00 00 00 AD 6F"
"2026-08-23 00:39:39.829","01 10 0B 13 00 03 06 00 D5 00 71 00 FF 2F B7"
"2026-08-23 00:39:39.850","01 10 0B 13 00 03 73 E9"
"2026-08-23 00:39:39.861","01 03 04 B0 00 05 85 1E"
"2026-08-23 00:39:39.882","01 03 0A 00 00 00 00 00 00 00 00 00 00 24 B6"
"2026-08-23 00:39:40.321","01 01 00 19 00 03 AD CC"
"2026-08-23 00:39:40.333","01 01 01 00 51 88"
"2026-08-23 00:39:40.822","01 02 00 04 00 0C 39 CE"
"2026-08-23 00:39:40.834","01 02 02 00 00 B9 B8"
"2026-08-23 00:39:41.323","01 03 04 EC 00 0C 85 0A"
"2026-08-23 00:39:41.365","01 03 18 27 0F 00 1A 00 2B 00 4D 00 74 00 AD 00 F1 01 3C 01 90 01 F5 02 68 02 E8 BF 20"
"2026-08-23 00:39:41.824","01 04 00 56 00 03 50 1B"
"2026-08-23 00:39:41.846","01 04 06 01 D8 00 00 00 00 41 51"
"2026-08-23 00:39:42.829","01 06 01 41 00 13 99 EF"
"2026-08-23 00:39:42.840","01 06 01 41 00 13 99 EF"
"2026-08-23 00:39:43.330","01 10 0B 13 00 03 06 00 EA 00 6D 00 F4 BB B3"
"2026-08-23 00:39:43.342","01 10 0B 13 00 03 73 E9"
"2026-08-23 00:39:43.363","01 03 04 B0 00 05 85 1E"
"2026-08-23 00:39:43.385","01 03 0A 00 00 00 00 00 00 00 00 00 00 24 B6"
"2026-08-23 00:39:43.823","01 01 00 19 00 03 AD CC"
"2026-08-23 00:39:43.834","01 01 01 00 51 88"
"2026-08-23 00:39:44.323","01 02 00 04 00 0C 39 CE"
"2026-08-23 00:39:44.335","01 02 02 01 00 B8 28"
"2026-08-23 00:39:44.540","01 06 05 00 09 72 0F 73"
"2026-08-23 00:39:44.562","01 06 05 00 09 72 0F 73"
"2026-08-23 00:39:44.828","01 03 04 EC 00 0C 85 0A"
"2026-08-23 00:39:44.860","01 03 18 27 0F 00 1A 00 2B 00 4D 00 74 00 AD 00 F1 01 3C 01 90 01 F5 02 68 02 E8 BF 20"
"2026-08-23 00:39:45.328","01 04 00 56 00 03 50 1B"
"2026-08-23 00:39:45.340","01 04 06 01 8C 00 00 00 00 70 9D"
"2026-08-23 00:39:46.835","01 10 0B 13 00 03 06 00 F1 00 75 00 FE DF B1"
"2026-08-23 00:39:46.847","01 10 0B 13 00 03 73 E9"
"2026-08-23 00:39:46.858","01 03 04 B0 00 05 85 1E"
"2026-08-23 00:39:46.879","01 03 0A 00 00 00 00 00 00 00 00 00 00 24 B6"
"2026-08-23 00:39:47.327","01 01 00 19 00 03 AD CC"
"2026-08-23 00:39:47.339","01 01 01 00 51 88"
"2026-08-23 00:39:47.829","01 02 00 04 00 0C 39 CE"
"2026-08-23 00:39:47.840","01 02 02 01 00 B8 28"
"2026-08-23 00:39:48.320","01 03 04 EC 00 0C 85 0A"
"2026-08-23 00:39:48.362","01 03 18 27 0F 00 1A 00 2B 00 4D 00 74 00 AD 00 F1 01 3C 01 90 01 F5 02 68 02 E8 BF 20"
"2026-08-23 00:39:48.825","01 04 00 56 00 03 50 1B"
"2026-08-23 00:39:48.837","01 04 06 03 97 00 00 00 00 15 7D"
"2026-08-23 00:39:50.008","01 06 05 00 09 72 0F 73"
"2026-08-23 00:39:50.019","01 06 05 00 09 72 0F 73"
"2026-08-23 00:39:50.337","01 10 0B 13 00 03 06 00 D0 00 66 00 F5 D3 B4"
"2026-08-23 00:39:50.348","01 10 0B 13 00 03 73 E9"
"2026-08-23 00:39:50.359","01 03 04 B0 00 05 85 1E"
"2026-08-23 00:39:50.381","01 03 0A 00 00 00 00 00 00 00 00 00 00 24 B6"
"2026-08-23 00:39:50.829","01 01 00 19 00 03 AD CC"
"2026-08-23 00:39:50.841","01 01 01 00 51 88"
"2026-08-23 00:39:51.320","01 02 00 04 00 0C 39 CE"
"2026-08-23 00:39:51.332","01 02 02 00 00 B9 B8"
"2026-08-23 00:39:51.822","01 03 04 EC 00 0C 85 0A"
"2026-08-23 00:39:51.864","01 03 18 27 0F 00 1A 00 2B 00 4D 00 74 00 AD 00 F1 01 3C 01 90 01 F5 02 68 02 E8 BF 20"
"2026-08-23 00:39:52.323","01 04 00 56 00 03 50 1B"
"2026-08-23 00:39:52.344","01 04 06 01 1C 00 00 00 00 B0 80"
"2026-08-23 00:39:52.824","01 05 23 34 00 00 87 80"
"2026-08-23 00:39:52.835","01 05 23 34 00 00 87 80"
"2026-08-23 00:39:53.834","01 10 0B 13 00 03 06 00 DB 00 71 00 FE 87 B6"
"2026-08-23 00:39:53.846","01 10 0B 13 00 03 73 E9"
"2026-08-23 00:39:53.857","01 03 04 B0 00 05 85 1E"
"2026-08-23 00:39:53.878","01 03 0A 00 00 00 00 00 00 00 00 00 00 24 B6"
"2026-08-23 00:39:54.327","01 01 00 19 00 03 AD CC"
"2026-08-23 00:39:54.338","01 01 01 00 51 88"
"2026-08-23 00:39:54.828","01 02 00 04 00 0C 39 CE"
"2026-08-23 00:39:54.839","01 02 02 00 00 B9 B8"
"2026-08-23 00:39:55.328","01 03 04 EC 00 0C 85 0A"
"2026-08-23 00:39:55.360","01 03 18 27 0F 00 1A 00 2B 00 4D 00 74 00 AD 00 F1 01 3C 01 90 01 F5 02 68 02 E8 BF 20"
"2026-08-23 00:39:55.821","01 04 00 56 00 03 50 1B"
"2026-08-23 00:39:55.843","01 04 06 01 3A 00 00 00 00 B9 47"
"2026-08-23 00:39:56.323","01 05 23 34 00 00 87 80"
"2026-08-23 00:39:56.334","01 05 23 34 00 00 87 80"
"2026-08-23 00:39:57.332","01 10 0B 13 00 03 06 00 F8 00 74 00 FB 92 73"
"2026-08-23 00:39:57.343","01 10 0B 13 00 03 73 E9"
"2026-08-23 00:39:57.364","01 03 04 B0 00 05 85 1E"
"2026-08-23 00:39:57.386","01 03 0A 00 00 00 00 00 00 00 00 00 00 24 B6"
"2026-08-23 00:39:57.825","01 01 00 19 00 03 AD CC"
"2026-08-23 00:39:57.836","01 01 01 00 51 88"
"2026-08-23 00:39:58.326","01 02 00 04 00 0C 39 CE"
"2026-08-23 00:39:58.338","01 02 02 00 00 B9 B8"
"2026-08-23 00:39:58.827","01 03 04 EC 00 0C 85 0A"
"2026-08-23 00:39:58.860","01 03 18 27 0F 00 1A 00 2B 00 4D 00 74 00 AD 00 F1 01 3C 01 90 01 F5 02 68 02 E8 BF 20"
"2026-08-23 00:39:59.320","01 04 00 56 00 03 50 1B"
"2026-08-23 00:39:59.342","01 04 06 02 87 00 00 00 00 D5 6F"
"2026-08-23 00:39:59.823","01 05 23 34 FF 00 C6 70"
"2026-08-23 00:39:59.835","01 05 23 34 FF 00 C6 70"
"2026-08-23 00:40:00.834","01 10 0B 13 00 03 06 00 F4 00 6D 00 F2 93 B3"
"2026-08-23 00:40:00.846","01 10 0B 13 00 03 73 E9"
"2026-08-23 00:40:00.857","01 03 04 B0 00 05 85 1E"
"2026-08-23 00:40:00.879","01 03 0A 00 00 00 00 00 00 00 00 00 00 24 B6"
"2026-08-23 00:40:01.327","01 01 00 19 00 03 AD CC"
"2026-08-23 00:40:01.339","01 01 01 00 51 88"
"2026-08-23 00:40:01.820","01 02 00 04 00 0C 39 CE"
"2026-08-23 00:40:01.842","01 02 02 01 00 B8 28"
"2026-08-23 00:40:02.321","01 03 04 EC 00 0C 85 0A"
"2026-08-23 00:40:02.363","01 03 18 27 0F 00 1A 00 2B 00 4D 00 74 00 AD 00 F1 01 3C 01 90 01 F5 02 68 02 E8 BF 20"
"2026-08-23 00:40:02.823","01 04 00 56 00 03 50 1B"
"2026-08-23 00:40:02.845","01 04 06 00 EA 00 00 00 00 79 44"
"2026-08-23 00:40:03.273","01 06 04 EE 00 2B A8 D0"
"2026-08-23 00:40:03.285","01 06 04 EE 00 2B A8 D0"
"2026-08-23 00:40:04.335","01 10 0B 13 00 03 06 00 D3 00 6A 00 FF D7 B0"
"2026-08-23 00:40:04.347","01 10 0B 13 00 03 73 E9"
"2026-08-23 00:40:04.358","01 03 04 B0 00 05 85 1E"
"2026-08-23 00:40:04.379","01 03 0A 00 00 00 00 00 00 00 00 00 00 24 B6"
"2026-08-23 00:40:04.827","01 01 00 19 00 03 AD CC"
"2026-08-23 00:40:04.839","01 01 01 00 51 88"
"2026-08-23 00:40:05.328","01 02 00 04 00 0C 39 CE"
"2026-08-23 00:40:05.340","01 02 02 00 00 B9 B8"
"2026-08-23 00:40:05.820","01 03 04 EC 00 0C 85 0A"
"2026-08-23 00:40:05.863","01 03 18 27 0F 00 1A 00 2B 00 4D 00 74 00 AD 00 F1 01 3C 01 90 01 F5 02 68 02 E8 BF 20"
"2026-08-23 00:40:06.322","01 04 00 56 00 03 50 1B"
"2026-08-23 00:40:06.344","01 04 06 00 F7 00 00 00 00 95 46"
"2026-08-23 00:40:07.829","01 10 0B 13 00 03 06 00 F5 00 75 01 01 6F A1"
"2026-08-23 00:40:07.850","01 10 0B 13 00 03 73 E9"
"2026-08-23 00:40:07.862","01 03 04 B0 00 05 85 1E"
"2026-08-23 00:40:07.883","01 03 0A 00 00 00 00 00 00 00 00 00 00 24 B6"
"2026-08-23 00:40:08.321","01 01 00 19 00 03 AD CC"
"2026-08-23 00:40:08.332","01 01 01 00 51 88"
"2026-08-23 00:40:08.822","01 02 00 04 00 0C 39 CE"
"2026-08-23 00:40:08.833","01 02 02 00 00 B9 B8"
"2026-08-23 00:40:09.324","01 03 04 EC 00 0C 85 0A"
"2026-08-23 00:40:09.366","01 03 18 27 0F 00 1A 00 2B 00 4D 00 74 00 AD 00 F1 01 3C 01 90 01 F5 02 68 02 E8 BF 20"
"2026-08-23 00:40:09.825","01 04 00 56 00 03 50 1B"
"2026-08-23 00:40:09.846","01 04 06 00 F9 00 00 00 00 FC 87"
"2026-08-23 00:40:10.325","01 05 23 34 FF 00 C6 70"
"2026-08-23 00:40:10.337","01 05 23 34 FF 00 C6 70"
"2026-08-23 00:40:11.334","01 10 0B 13 00 03 06 00 EE 00 66 00 FE BB B6"
"2026-08-23 00:40:11.346","01 10 0B 13 00 03 73 E9"
"2026-08-23 00:40:11.357","01 03 04 B0 00 05 85 1E"
"2026-08-23 00:40:11.379","01 03 0A 00 00 00 00 00 00 00 00 00 00 24 B6"
"2026-08-23 00:40:11.827","01 01 00 19 00 03 AD CC"
"2026-08-23 00:40:11.838","01 01 01 00 51 88"
"2026-08-23 00:40:12.328","01 02 00 04 00 0C 39 CE"
"2026-08-23 00:40:12.340","01 02 02 00 00 B9 B8"
"2026-08-23 00:40:12.829","01 03 04 EC 00 0C 85 0A"
"2026-08-23 00:40:12.861","01 03 18 27 0F 00 1A 00 2B 00 4D 00 74 00 AD 00 F1 01 3C 01 90 01 F5 02 68 02 E8 BF 20"
"2026-08-23 00:40:12.913","01 06 04 FD 06 DE 9A F2"
"2026-08-23 00:40:12.925","01 06 04 FD 06 DE 9A F2"
"2026-08-23 00:40:13.322","01 04 00 56 00 03 50 1B"
"2026-08-23 00:40:13.344","01 04 06 00 BC 00 00 00 00 31 48"
"2026-08-23 00:40:14.323","01 06 01 41 00 0F 98 26"
"2026-08-23 00:40:14.344","01 06 01 41 00 0F 98 26"
"2026-08-23 00:40:14.834","01 10 0B 13 00 03 06 00 EA 00 70 00 F4 2B B5"
"2026-08-23 00:40:14.845","01 10 0B 13 00 03 73 E9"
"2026-08-23 00:40:14.857","01 03 04 B0 00 05 85 1E"
"2026-08-23 00:40:14.878","01 03 0A 00 00 00 00 00 00 00 00 00 00 24 B6"
"2026-08-23 00:40:15.327","01 01 00 19 00 03 AD CC"
"2026-08-23 00:40:15.338","01 01 01 00 51 88"
"2026-08-23 00:40:15.828","01 02 00 04 00 0C 39 CE"
"2026-08-23 00:40:15.840","01 02 02 01 00 B8 28"
"2026-08-23 00:40:16.329","01 03 04 EC 00 0C 85 0A"
"2026-08-23 00:40:16.360","01 03 18 27 0F 00 1A 00 2B 00 4D 00 74 00 AD 00 F1 01 3C 01 90 01 F5 02 68 02 E8 BF 20"
"2026-08-23 00:40:16.829","01 04 00 56 00 03 50 1B"
"2026-08-23 00:40:16.841","01 04 06 01 DD 00 00 00 00 8D 51"
"2026-08-23 00:40:17.330","01 05 23 34 FF 00 C6 70"
"2026-08-23 00:40:17.342","01 05 23 34 FF 00 C6 70"
"2026-08-23 00:40:18.330","01 10 0B 13 00 03 06 00 EB 00 68 00 F2 16 70"
"2026-08-23 00:40:18.351","01 10 0B 13 00 03 73 E9"
"2026-08-23 00:40:18.363","01 03 04 B0 00 05 85 1E"
"2026-08-23 00:40:18.384","01 03 0A 00 00 00 00 00 00 00 00 00 00 24 B6"
"2026-08-23 00:40:18.821","01 01 00 19 00 03 AD CC"
"2026-08-23 00:40:18.833","01 01 01 00 51 88"
"2026-08-23 00:40:19.323","01 02 00 04 00 0C 39 CE"
"2026-08-23 00:40:19.334","01 02 02 01 00 B8 28"
"2026-08-23 00:40:19.824","01 03 04 EC 00 0C 85 0A"
"2026-08-23 00:40:19.866","01 03 18 27 0F 00 1A 00 2B 00 4D 00 74 00 AD 00 F1 01 3C 01 90 01 F5 02 68 02 E8 BF 20"
"2026-08-23 00:40:20.325","01 04 00 56 00 03 50 1B"
"2026-08-23 00:40:20.347","01 04 06 02 10 00 00 00 00 A0 B2"
"2026-08-23 00:40:21.324","01 06 01 41 00 0E 59 E6"
"2026-08-23 00:40:21.335","01 06 01 41 00 0E 59 E6"
"2026-08-23 00:40:21.814","01 06 04 FB 05 5B BB A0"
"2026-08-23 00:40:21.836","01 06 04 FB 05 5B BB A0"
"2026-08-23 00:40:21.858","01 10 0B 13 00 03 06 00 CB 00 64 00 F4 D7 B6"
"2026-08-23 00:40:21.879","01 10 0B 13 00 03 73 E9"
"2026-08-23 00:40:21.890","01 03 04 B0 00 05 85 1E"
"2026-08-23 00:40:21.912","01 03 0A 00 00 00 00 00 00 00 00 00 00 24 B6"
"2026-08-23 00:40:22.339","01 01 00 19 00 03 AD CC"
"2026-08-23 00:40:22.350","01 01 01 00 51 88"
"2026-08-23 00:40:22.849","01 02 00 04 00 0C 39 CE"
"2026-08-23 00:40:22.861","01 02 02 01 00 B8 28"
"2026-08-23 00:40:23.341","01 03 04 EC 00 0C 85 0A"
"2026-08-23 00:40:23.383","01 03 18 27 0F 00 1A 00 2B 00 4D 00 74 00 AD 00 F1 01 3C 01 90 01 F5 02 68 02 E8 BF 20"
"2026-08-23 00:40:23.843","01 04 00 56 00 03 50 1B"
"2026-08-23 00:40:23.864","01 04 06 01 74 00 00 00 00 D1 49"
"2026-08-23 00:40:25.351","01 10 0B 13 00 03 06 00 D9 00 75 01 00 3F A7"
"2026-08-23 00:40:25.363","01 10 0B 13 00 03 73 E9"
"2026-08-23 00:40:25.374","01 03 04 B0 00 05 85 1E"
"2026-08-23 00:40:25.396","01 03 0A 00 00 00 00 00 00 00 00 00 00 24 B6"
"2026-08-23 00:40:25.845","01 01 00 19 00 03 AD CC"
"2026-08-23 00:40:25.857","01 01 01 00 51 88"
"2026-08-23 00:40:26.346","01 02 00 04 00 0C 39 CE"
"2026-08-23 00:40:26.358","01 02 02 01 00 B8 28"
"2026-08-23 00:40:26.847","01 03 04 EC 00 0C 85 0A"
"2026-08-23 00:40:26.879","01 03 18 27 0F 00 1A 00 2B 00 4D 00 74 00 AD 00 F1 01 3C 01 90 01 F5 02 68 02 E8 BF 20"
"2026-08-23 00:40:27.348","01 04 00 56 00 03 50 1B"
"2026-08-23 00:40:27.360","01 04 06 01 F8 00 00 00 00 C0 96"
"2026-08-23 00:40:28.346","01 06 01 41 00 1B 98 29"
"2026-08-23 00:40:28.357","01 06 01 41 00 1B 98 29"
"2026-08-23 00:40:28.796","01 06 04 F1 00 AC D9 74"
"2026-08-23 00:40:28.807","01 06 04 F1 00 AC D9 74"
"2026-08-23 00:40:28.849","01 10 0B 13 00 03 06 00 CF 00 64 00 F7 66 77"
"2026-08-23 00:40:28.860","01 10 0B 13 00 03 73 E9"
"2026-08-23 00:40:28.882","01 03 04 B0 00 05 85 1E"
"2026-08-23 00:40:28.903","01 03 0A 00 00 00 00 00 00 00 00 00 00 24 B6"
"2026-08-23 00:40:29.341","01 01 00 19 00 03 AD CC"
"2026-08-23 00:40:29.353","01 01 01 00 51 88"
"2026-08-23 00:40:29.842","01 02 00 04 00 0C 39 CE"
"2026-08-23 00:40:29.854","01 02 02 01 00 B8 28"
"2026-08-23 00:40:30.343","01 03 04 EC 00 0C 85 0A"
"2026-08-23 00:40:30.385","01 03 18 27 0F 00 1A 00 2B 00 4D 00 74 00 AC 00 F1 01 3C 01 90 01 F5 02 68 02 E8 BD A1"
"2026-08-23 00:40:30.843","01 04 00 56 00 03 50 1B"
"2026-08-23 00:40:30.865","01 04 06 01 D7 00 00 00 00 15 50"
"2026-08-23 00:40:31.842","01 06 01 41 00 10 D9 EE"
"2026-08-23 00:40:31.854","01 06 01 41 00 10 D9 EE"
"2026-08-23 00:40:32.352","01 10 0B 13 00 03 06 00 DD 00 6E 01 00 BE 60"
"2026-08-23 00:40:32.364","01 10 0B 13 00 03 73 E9"
"2026-08-23 00:40:32.375","01 03 04 B0 00 05 85 1E"
"2026-08-23 00:40:32.396","01 03 0A 00 00 00 00 00 00 00 00 00 00 24 B6"
"2026-08-23 00:40:32.844","01 01 00 19 00 03 AD CC"
"2026-08-23 00:40:32.856","01 01 01 00 51 88"
"2026-08-23 00:40:33.346","01 02 00 04 00 0C 39 CE"
"2026-08-23 00:40:33.358","01 02 02 00 00 B9 B8"
"2026-08-23 00:40:33.847","01 03 04 EC 00 0C 85 0A"
"2026-08-23 00:40:33.880","01 03 18 27 0F 00 1A 00 2B 00 4D 00 74 00 AC 00 F1 01 3C 01 90 01 F5 02 68 02 E8 BD A1"
"2026-08-23 00:40:34.348","01 04 00 56 00 03 50 1B"
"2026-08-23 00:40:34.360","01 04 06 01 B0 00 00 00 00 20 98"
"2026-08-23 00:40:34.840","01 05 23 34 FF 00 C6 70"
"2026-08-23 00:40:34.862","01 05 23 34 FF 00 C6 70"
"2026-08-23 00:40:35.799","01 06 04 F0 00 79 49 2B"
"2026-08-23 00:40:35.811","01 06 04 F0 00 79 49 2B"
"2026-08-23 00:40:35.852","01 10 0B 13 00 03 06 00 E6 00 77 01 02 0B A3"
"2026-08-23 00:40:35.864","01 10 0B 13 00 03 73 E9"
"2026-08-23 00:40:35.875","01 03 04 B0 00 05 85 1E"
"2026-08-23 00:40:35.896","01 03 0A 00 00 00 00 00 00 00 00 00 00 24 B6"
"2026-08-23 00:40:36.344","01 01 00 19 00 03 AD CC"
"2026-08-23 00:40:36.356","01 01 01 00 51 88"
"2026-08-23 00:40:36.844","01 02 00 04 00 0C 39 CE"
"2026-08-23 00:40:36.856","01 02 02 00 00 B9 B8"
"2026-08-23 00:40:37.345","01 03 04 EC 00 0C 85 0A"
"2026-08-23 00:40:37.388","01 03 18 27 0F 00 1A 00 2B 00 4D 00 79 00 AC 00 F1 01 3C 01 90 01 F5 02 68 02 E8 70 A4"
"2026-08-23 00:40:37.847","01 04 00 56 00 03 50 1B"
"2026-08-23 00:40:37.858","01 04 06 02 9A 00 00 00 00 39 6D"
"2026-08-23 00:40:38.347","01 05 23 34 00 00 87 80"
"2026-08-23 00:40:38.359","01 05 23 34 00 00 87 80"
"2026-08-23 00:40:39.356","01 10 0B 13 00 03 06 00 F4 00 73 00 FB 33 B3"
"2026-08-23 00:40:39.368","01 10 0B 13 00 03 73 E9"
"2026-08-23 00:40:39.379","01 03 04 B0 00 05 85 1E"
"2026-08-23 00:40:39.401","01 03 0A 00 00 00 00 00 00 00 00 00 00 24 B6"
"2026-08-23 00:40:39.839","01 01 00 19 00 03 AD CC"
"2026-08-23 00:40:39.851","01 01 01 00 51 88"
"2026-08-23 00:40:40.340","01 02 00 04 00 0C 39 CE"
"2026-08-23 00:40:40.352","01 02 02 01 00 B8 28"
"2026-08-23 00:40:40.840","01 03 04 EC 00 0C 85 0A"
"2026-08-23 00:40:40.883","01 03 18 27 0F 00 1A 00 2B 00 4D 00 79 00 AC 00 F1 01 3C 01 90 01 F5 02 68 02 E8 70 A4"
"2026-08-23 00:40:41.342","01 04 00 56 00 03 50 1B"
"2026-08-23 00:40:41.364","01 04 06 01 16 00 00 00 00 28 81"
"2026-08-23 00:40:42.340","01 06 01 41 00 1A 59 E9"
"2026-08-23 00:40:42.362","01 06 01 41 00 1A 59 E9"
"2026-08-23 00:40:42.851","01 10 0B 13 00 03 06 00 F3 00 65 00 F9 E6 76"
"2026-08-23 00:40:42.862","01 10 0B 13 00 03 73 E9"
"2026-08-23 00:40:42.884","01 03 04 B0 00 05 85 1E"
"2026-08-23 00:40:42.905","01 03 0A 00 00 00 00 00 00 00 00 00 00 24 B6"
"2026-08-23 00:40:43.343","01 01 00 19 00 03 AD CC"
"2026-08-23 00:40:43.355","01 01 01 00 51 88"
"2026-08-23 00:40:43.742","01 06 04 F0 00 75 49 2E"
"2026-08-23 00:40:43.753","01 06 04 F0 00 75 49 2E"
"2026-08-23 00:40:43.846","01 02 00 04 00 0C 39 CE"
"2026-08-23 00:40:43.857","01 02 02 00 00 B9 B8"
"2026-08-23 00:40:44.346","01 03 04 EC 00 0C 85 0A"
"2026-08-23 00:40:44.378","01 03 18 27 0F 00 1A 00 2B 00 4D 00 75 00 AC 00 F1 01 3C 01 90 01 F5 02 68 02 E8 7C A1"
"2026-08-23 00:40:44.847","01 04 00 56 00 03 50 1B"
"2026-08-23 00:40:44.858","01 04 06 00 7F 00 00 00 00 75 59"
"2026-08-23 00:40:46.354","01 10 0B 13 00 03 06 00 E2 00 68 00 F3 0B B1"
"2026-08-23 00:40:46.365","01 10 0B 13 00 03 73 E9"
"2026-08-23 00:40:46.377","01 03 04 B0 00 05 85 1E"
"2026-08-23 00:40:46.398","01 03 0A 00 00 00 00 00 00 00 00 00 00 24 B6"
"2026-08-23 00:40:46.846","01 01 00 19 00 03 AD CC"
"2026-08-23 00:40:46.858","01 01 01 00 51 88"
"2026-08-23 00:40:47.347","01 02 00 04 00 0C 39 CE"
"2026-08-23 00:40:47.359","01 02 02 01 00 B8 28"
"2026-08-23 00:40:47.847","01 03 04 EC 00 0C 85 0A"
"2026-08-23 00:40:47.880","01 03 18 27 0F 00 1A 00 2B 00 4D 00 75 00 AC 00 F1 01 3C 01 90 01 F5 02 68 02 E8 7C A1"
"2026-08-23 00:40:48.348","01 04 00 56 00 03 50 1B"
"2026-08-23 00:40:48.359","01 04 06 02 0E 00 00 00 00 08 B0"
"2026-08-23 00:40:49.854","01 10 0B 13 00 03 06 00 CB 00 64 01 02 56 60"
"2026-08-23 00:40:49.865","01 10 0B 13 00 03 73 E9"
"2026-08-23 00:40:49.876","01 03 04 B0 00 05 85 1E"
"2026-08-23 00:40:49.898","01 03 0A 00 00 00 00 00 00 00 00 00 00 24 B6"
"2026-08-23 00:40:50.295","01 06 04 EE 00 2D 28 D2"
"2026-08-23 00:40:50.306","01 06 04 EE 00 2D 28 D2"
"2026-08-23 00:40:50.348","01 01 00 19 00 03 AD CC"
"2026-08-23 00:40:50.359","01 01 01 00 51 88"
"2026-08-23 00:40:50.848","01 02 00 04 00 0C 39 CE"
"2026-08-23 00:40:50.859","01 02 02 01 00 B8 28"
"2026-08-23 00:40:51.339","01 03 04 EC 00 0C 85 0A"
"2026-08-23 00:40:51.381","01 03 18 27 0F 00 1A 00 2D 00 4D 00 75 00 AC 00 F1 01 3C 01 90 01 F5 02 68 02 E8 F4 29"
"2026-08-23 00:40:51.840","01 04 00 56 00 03 50 1B"
"2026-08-23 00:40:51.862","01 04 06 03 31 00 00 00 00 1D 64"
"2026-08-23 00:40:53.357","01 10 0B 13 00 03 06 00 D7 00 75 00 FA D7 B5"
"2026-08-23 00:40:53.368","01 10 0B 13 00 03 73 E9"
"2026-08-23 00:40:53.379","01 03 04 B0 00 05 85 1E"
"2026-08-23 00:40:53.401","01 03 0A 00 00 00 00 00 00 00 00 00 00 24 B6"
"2026-08-23 00:40:53.849","01 01 00 19 00 03 AD CC"
"2026-08-23 00:40:53.860","01 01 01 00 51 88"
"2026-08-23 00:40:54.349","01 02 00 04 00 0C 39 CE"
"2026-08-23 00:40:54.360","01 02 02 00 00 B9 B8"
"2026-08-23 00:40:54.840","01 03 04 EC 00 0C 85 0A"
"2026-08-23 00:40:54.882","01 03 18 27 0F 00 1A 00 2D 00 4D 00 75 00 AC 00 F1 01 3C 01 90 01 F5 02 68 02 E8 F4 29"
"2026-08-23 00:40:55.342","01 04 00 56 00 03 50 1B"
"2026-08-23 00:40:55.363","01 04 06 02 3B 00 00 00 00 84 B4"
"2026-08-23 00:40:56.857","01 10 0B 13 00 03 06 00 D2 00 68 00 F3 4B B5"
"2026-08-23 00:40:56.869","01 10 0B 13 00 03 73 E9"
"2026-08-23 00:40:56.880","01 03 04 B0 00 05 85 1E"
"2026-08-23 00:40:56.901","01 03 0A 00 00 00 00 00 00 00 00 00 00 24 B6"
"2026-08-23 00:40:57.340","01 01 00 19 00 03 AD CC"
"2026-08-23 00:40:57.361","01 01 01 00 51 88"
"2026-08-23 00:40:57.841","01 02 00 04 00 0C 39 CE"
"2026-08-23 00:40:57.853","01 02 02 00 00 B9 B8"
"2026-08-23 00:40:58.342","01 03 04 EC 00 0C 85 0A"
"2026-08-23 00:40:58.384","01 03 18 27 0F 00 1A 00 2D 00 4D 00 75 00 AC 00 F1 01 3C 01 90 01 F5 02 68 02 E8 F4 29"
"2026-08-23 00:40:58.507","01 06 05 00 09 73 CE B3"
"2026-08-23 00:40:58.518","01 06 05 00 09 73 CE B3"
"2026-08-23 00:40:58.845","01 04 00 56 00 03 50 1B"
"2026-08-23 00:40:58.856","01 04 06 03 90 00 00 00 00 A0 BD"
"2026-08-23 00:41:00.352","01 10 0B 13 00 03 06 00 EF 00 68 01 03 27 A4"
"2026-08-23 00:41:00.363","01 10 0B 13 00 03 73 E9"
"2026-08-23 00:41:00.375","01 03 04 B0 00 05 85 1E"
"2026-08-23 00:41:00.406","01 03 0A 00 00 00 00 00 00 00 00 00 00 24 B6"
"2026-08-23 00:41:00.844","01 01 00 19 00 03 AD CC"
"2026-08-23 00:41:00.856","01 01 01 00 51 88"
"2026-08-23 00:41:01.346","01 02 00 04 00 0C 39 CE"
"2026-08-23 00:41:01.358","01 02 02 01 00 B8 28"
"2026-08-23 00:41:01.849","01 03 04 EC 00 0C 85 0A"
"2026-08-23 00:41:01.881","01 03 18 27 0F 00 1A 00 2D 00 4D 00 75 00 AC 00 F1 01 3C 01 90 01 F5 02 68 02 E8 F4 29"
"2026-08-23 00:41:02.340","01 04 00 56 00 03 50 1B"
"2026-08-23 00:41:02.362","01 04 06 02 2E 00 00 00 00 89 77"
"2026-08-23 00:41:03.858","01 10 0B 13 00 03 06 00 D3 00 6A 01 00 96 60"
"2026-08-23 00:41:03.869","01 10 0B 13 00 03 73 E9"
"2026-08-23 00:41:03.881","01 03 04 B0 00 05 85 1E"
"2026-08-23 00:41:03.902","01 03 0A 00 00 00 00 00 00 00 00 00 00 24 B6"
"2026-08-23 00:41:04.340","01 01 00 19 00 03 AD CC"
"2026-08-23 00:41:04.352","01 01 01 00 51 88"
"2026-08-23 00:41:04.841","01 02 00 04 00 0C 39 CE"
"2026-08-23 00:41:04.852","01 02 02 01 00 B8 28"
"2026-08-23 00:41:05.343","01 03 04 EC 00 0C 85 0A"
"2026-08-23 00:41:05.386","01 03 18 27 0F 00 1A 00 2D 00 4D 00 75 00 AC 00 F1 01 3C 01 90 01 F5 02 68 02 E8 F4 29"
"2026-08-23 00:41:05.846","01 04 00 56 00 03 50 1B"
"2026-08-23 00:41:05.858","01 04 06 03 24 00 00 00 00 10 A7"
"2026-08-23 00:41:07.353","01 10 0B 13 00 03 06 00 E1 00 71 00 FF 9E 73"
"2026-08-23 00:41:07.365","01 10 0B 13 00 03 73 E9"
"2026-08-23 00:41:07.376","01 03 04 B0 00 05 85 1E"
"2026-08-23 00:41:07.398","01 03 0A 00 00 00 00 00 00 00 00 00 00 24 B6"
"2026-08-23 00:41:07.847","01 01 00 19 00 03 AD CC"
"2026-08-23 00:41:07.859","01 01 01 00 51 88"
"2026-08-23 00:41:08.349","01 02 00 04 00 0C 39 CE"
"2026-08-23 00:41:08.360","01 02 02 01 00 B8 28"
"2026-08-23 00:41:08.514","01 06 05 00 09 79 4E B4"
"2026-08-23 00:41:08.535","01 06 05 00 09 79 4E B4"
"2026-08-23 00:41:08.842","01 03 04 EC 00 0C 85 0A"
"2026-08-23 00:41:08.884","01 03 18 27 0F 00 1A 00 2D 00 4D 00 75 00 AC 00 F1 01 3C 01 90 01 F5 02 68 02 E8 F4 29"
"2026-08-23 00:41:09.344","01 04 00 56 00 03 50 1B"
"2026-08-23 00:41:09.365","01 04 06 00 A4 00 00 00 00 11 4A"
"2026-08-23 00:41:10.850","01 10 0B 13 00 03 06 00 EF 00 73 00 FB 57 B1"
"2026-08-23 00:41:10.871","01 10 0B 13 00 03 73 E9"
"2026-08-23 00:41:10.883","01 03 04 B0 00 05 85 1E"
"2026-08-23 00:41:10.904","01 03 0A 00 00 00 00 00 00 00 00 00 00 24 B6"
"2026-08-23 00:41:11.342","01 01 00 19 00 03 AD CC"
"2026-08-23 00:41:11.354","01 01 01 00 51 88"
"2026-08-23 00:41:11.843","01 02 00 04 00 0C 39 CE"
"2026-08-23 00:41:11.855","01 02 02 00 00 B9 B8"
"2026-08-23 00:41:12.343","01 03 04 EC 00 0C 85 0A"
"2026-08-23 00:41:12.385","01 03 18 27 0F 00 1A 00 2D 00 4D 00 75 00 AC 00 F1 01 3C 01 90 01 F5 02 68 02 E8 F4 29"
"2026-08-23 00:41:12.844","01 04 00 56 00 03 50 1B"
"2026-08-23 00:41:12.865","01 04 06 02 52 00 00 00 00 D8 BD"
"2026-08-23 00:41:13.344","01 05 23 34 FF 00 C6 70"
"2026-08-23 00:41:13.356","01 05 23 34 FF 00 C6 70"
"2026-08-23 00:41:14.353","01 10 0B 13 00 03 06 00 DF 00 69 00 FA F7 B2"
"2026-08-23 00:41:14.364","01 10 0B 13 00 03 73 E9"
"2026-08-23 00:41:14.375","01 03 04 B0 00 05 85 1E"
"2026-08-23 00:41:14.407","01 03 0A 00 00 00 00 00 00 00 00 00 00 24 B6"
"2026-08-23 00:41:14.844","01 01 00 19 00 03 AD CC"
"2026-08-23 00:41:14.856","01 01 01 00 51 88"
"2026-08-23 00:41:15.347","01 02 00 04 00 0C 39 CE"
"2026-08-23 00:41:15.358","01 02 02 00 00 B9 B8"
"2026-08-23 00:41:15.848","01 03 04 EC 00 0C 85 0A"
"2026-08-23 00:41:15.881","01 03 18 27 0F 00 1A 00 2D 00 4D 00 75 00 AC 00 F1 01 3C 01 90 01 F5 02 68 02 E8 F4 29"
"2026-08-23 00:41:16.341","01 04 00 56 00 03 50 1B"
"2026-08-23 00:41:16.363","01 04 06 00 88 00 00 00 00 80 8C"
"2026-08-23 00:41:17.340","01 06 01 41 00 26 59 F8"
"2026-08-23 00:41:17.362","01 06 01 41 00 26 59 F8"
"2026-08-23 00:41:17.445","01 06 04 F0 00 78 88 EB"
"2026-08-23 00:41:17.466","01 06 04 F0 00 78 88 EB"
"2026-08-23 00:41:17.854","01 10 0B 13 00 03 06 00 E0 00 72 01 01 D3 A3"
"2026-08-23 00:41:17.866","01 10 0B 13 00 03 73 E9"
"2026-08-23 00:41:17.878","01 03 04 B0 00 05 85 1E"
"2026-08-23 00:41:17.900","01 03 0A 00 00 00 00 00 00 00 00 00 00 24 B6"
"2026-08-23 00:41:18.348","01 01 00 19 00 03 AD CC"
"2026-08-23 00:41:18.359","01 01 01 00 51 88"
"2026-08-23 00:41:18.848","01 02 00 04 00 0C 39 CE"
"2026-08-23 00:41:18.860","01 02 02 01 00 B8 28"
"2026-08-23 00:41:19.349","01 03 04 EC 00 0C 85 0A"
"2026-08-23 00:41:19.381","01 03 18 27 0F 00 1A 00 2D 00 4D 00 78 00 AC 00 F1 01 3C 01 90 01 F5 02 68 02 E8 39 2C"
"2026-08-23 00:41:19.849","01 04 00 56 00 03 50 1B"
"2026-08-23 00:41:19.861","01 04 06 03 96 00 00 00 00 28 BD"
"2026-08-23 00:41:21.354","01 10 0B 13 00 03 06 00 E0 00 71 00 F0 E3 B7"
"2026-08-23 00:41:21.366","01 10 0B 13 00 03 73 E9"
"2026-08-23 00:41:21.377","01 03 04 B0 00 05 85 1E"
"2026-08-23 00:41:21.398","01 03 0A 00 00 00 00 00 00 00 00 00 00 24 B6"
"2026-08-23 00:41:21.846","01 01 00 19 00 03 AD CC"
"2026-08-23 00:41:21.858","01 01 01 00 51 88"
"2026-08-23 00:41:22.347","01 02 00 04 00 0C 39 CE"
"2026-08-23 00:41:22.358","01 02 02 01 00 B8 28"
"2026-08-23 00:41:22.847","01 03 04 EC 00 0C 85 0A"
"2026-08-23 00:41:22.889","01 03 18 27 0F 00 1A 00 2D 00 4D 00 78 00 AC 00 F1 01 3C 01 90 01 F5 02 68 02 E8 39 2C"
"2026-08-23 00:41:23.347","01 04 00 56 00 03 50 1B"
"2026-08-23 00:41:23.359","01 04 06 02 CE 00 00 00 00 08 A1"
"2026-08-23 00:41:24.853","01 10 0B 13 00 03 06 00 F1 00 77 01 02 7F A0"
"2026-08-23 00:41:24.864","01 10 0B 13 00 03 73 E9"
"2026-08-23 00:41:24.886","01 03 04 B0 00 05 85 1E"
"2026-08-23 00:41:24.907","01 03 0A 00 00 00 00 00 00 00 00 00 00 24 B6"
"2026-08-23 00:41:25.345","01 01 00 19 00 03 AD CC"
"2026-08-23 00:41:25.357","01 01 01 00 51 88"
"2026-08-23 00:41:25.846","01 02 00 04 00 0C 39 CE"
"2026-08-23 00:41:25.858","01 02 02 00 00 B9 B8"
"2026-08-23 00:41:26.346","01 03 04 EC 00 0C 85 0A"
"2026-08-23 00:41:26.388","01 03 18 27 0F 00 1A 00 2D 00 4D 00 78 00 AC 00 F1 01 3C 01 90 01 F5 02 68 02 E8 39 2C"
"2026-08-23 00:41:26.847","01 04 00 56 00 03 50 1B"
"2026-08-23 00:41:26.858","01 04 06 02 A1 00 00 00 00 DC A8"
"2026-08-23 00:41:27.348","01 05 23 34 FF 00 C6 70"
"2026-08-23 00:41:27.360","01 05 23 34 FF 00 C6 70"
"2026-08-23 00:41:28.357","01 10 0B 13 00 03 06 00 EE 00 72 00 FE FB B2"
"2026-08-23 00:41:28.368","01 10 0B 13 00 03 73 E9"
"2026-08-23 00:41:28.379","01 03 04 B0 00 05 85 1E"
"2026-08-23 00:41:28.401","01 03 0A 00 00 00 00 00 00 00 00 00 00 24 B6"
"2026-08-23 00:41:28.848","01 01 00 19 00 03 AD CC"
"2026-08-23 00:41:28.860","01 01 01 00 51 88"
"2026-08-23 00:41:29.350","01 02 00 04 00 0C 39 CE"
"2026-08-23 00:41:29.361","01 02 02 01 00 B8 28"
"2026-08-23 00:41:29.587","01 06 04 F4 01 93 88 F5"
"2026-08-23 00:41:29.608","01 06 04 F4 01 93 88 F5"
"2026-08-23 00:41:29.844","01 03 04 EC 00 0C 85 0A"
"2026-08-23 00:41:29.886","01 03 18 27 0F 00 1A 00 2D 00 4D 00 78 00 AC 00 F1 01 3C 01 93 01 F5 02 68 02 E8 0A 2C"
"2026-08-23 00:41:30.345","01 04 00 56 00 03 50 1B"
"2026-08-23 00:41:30.367","01 04 06 03 36 00 00 00 00 A8 A4"
"2026-08-23 00:41:30.845","01 05 23 34 00 00 87 80"
"2026-08-23 00:41:30.857","01 05 23 34 00 00 87 80"
"2026-08-23 00:41:31.854","01 10 0B 13 00 03 06 00 D9 00 67 00 F6 1E 74"
"2026-08-23 00:41:31.866","01 10 0B 13 00 03 73 E9"
"2026-08-23 00:41:31.877","01 03 04 B0 00 05 85 1E"
"2026-08-23 00:41:31.899","01 03 0A 00 00 00 00 00 00 00 00 00 00 24 B6"
"2026-08-23 00:41:32.347","01 01 00 19 00 03 AD CC"
"2026-08-23 00:41:32.358","01 01 01 00 51 88"
"2026-08-23 00:41:32.848","01 02 00 04 00 0C 39 CE"
"2026-08-23 00:41:32.859","01 02 02 01 00 B8 28"
"2026-08-23 00:41:33.350","01 03 04 EC 00 0C 85 0A"
"2026-08-23 00:41:33.381","01 03 18 27 0F 00 1A 00 2D 00 4D 00 78 00 AC 00 F1 01 3C 01 93 01 F5 02 68 02 E8 0A 2C"
"2026-08-23 00:41:33.851","01 04 00 56 00 03 50 1B"
"2026-08-23 00:41:33.862","01 04 06 03 34 00 00 00 00 D1 64"
"2026-08-23 00:41:34.341","01 05 23 34 FF 00 C6 70"
"2026-08-23 00:41:34.362","01 05 23 34 FF 00 C6 70"
"2026-08-23 00:41:35.349","01 10 0B 13 00 03 06 00 CD 00 6F 00 FB 6E 70"
"2026-08-23 00:41:35.371","01 10 0B 13 00 03 73 E9"
"2026-08-23 00:41:35.382","01 03 04 B0 00 05 85 1E"
"2026-08-23 00:41:35.404","01 03 0A 00 00 00 00 00 00 00 00 00 00 24 B6"
"2026-08-23 00:41:35.843","01 01 00 19 00 03 AD CC"
"2026-08-23 00:41:35.854","01 01 01 00 51 88"
"2026-08-23 00:41:36.262","01 06 04 F8 03 72 89 DE"
"2026-08-23 00:41:36.274","01 06 04 F8 03 72 89 DE"
"2026-08-23 00:41:36.346","01 02 00 04 00 0C 39 CE"
"2026-08-23 00:41:36.357","01 02 02 01 00 B8 28"
"2026-08-23 00:41:36.845","01 03 04 EC 00 0C 85 0A"
"2026-08-23 00:41:36.888","01 03 18 27 0F 00 1A 00 2D 00 4D 00 78 00 AC 00 F1 01 3C 01 93 01 F5 02 68 02 E8 0A 2C"
"2026-08-23 00:41:37.347","01 04 00 56 00 03 50 1B"
"2026-08-23 00:41:37.358","01 04 06 00 78 00 00 00 00 C0 99"
"2026-08-23 00:41:38.346","01 06 01 41 00 2D 18 3F"
"2026-08-23 00:41:38.357","01 06 01 41 00 2D 18 3F"
"2026-08-23 00:41:38.857","01 10 0B 13 00 03 06 00 F6 00 76 00 F4 1A 76"
"2026-08-23 00:41:38.869","01 10 0B 13 00 03 73 E9"
"2026-08-23 00:41:38.880","01 03 04 B0 00 05 85 1E"
"2026-08-23 00:41:38.902","01 03 0A 00 00 00 00 00 00 00 00 00 00 24 B6"
"2026-08-23 00:41:39.341","01 01 00 19 00 03 AD CC"
"2026-08-23 00:41:39.353","01 01 01 00 51 88"
"2026-08-23 00:41:39.843","01 02 00 04 00 0C 39 CE"
"2026-08-23 00:41:39.855","01 02 02 01 00 B8 28"
"2026-08-23 00:41:40.344","01 03 04 EC 00 0C 85 0A"
"2026-08-23 00:41:40.386","01 03 18 27 0F 00 1A 00 2D 00 4D 00 78 00 AC 00 F1 01 3C 01 93 01 F5 02 68 02 E8 0A 2C"
"2026-08-23 00:41:40.844","01 04 00 56 00 03 50 1B"
"2026-08-23 00:41:40.865","01 04 06 02 2A 00 00 00 00 78 B7"
"2026-08-23 00:41:41.843","01 06 01 41 00 16 59 EC"
"2026-08-23 00:41:41.855","01 06 01 41 00 16 59 EC"
"2026-08-23 00:41:42.263","01 06 04 F2 00 E9 E8 87"
"2026-08-23 00:41:42.274","01 06 04 F2 00 E9 E8 87"
"2026-08-23 00:41:42.357","01 10 0B 13 00 03 06 00 E6 00 6F 00 FC 0B B4"
"2026-08-23 00:41:42.368","01 10 0B 13 00 03 73 E9"
"2026-08-23 00:41:42.379","01 03 04 B0 00 05 85 1E"
"2026-08-23 00:41:42.400","01 03 0A 00 00 00 00 00 00 00 00 00 00 24 B6"
"2026-08-23 00:41:42.848","01 01 00 19 00 03 AD CC"
"2026-08-23 00:41:42.859","01 01 01 00 51 88"
"2026-08-23 00:41:43.348","01 02 00 04 00 0C 39 CE"
"2026-08-23 00:41:43.360","01 02 02 00 00 B9 B8"
"2026-08-23 00:41:43.849","01 03 04 EC 00 0C 85 0A"
"2026-08-23 00:41:43.881","01 03 18 27 0F 00 1A 00 2D 00 4D 00 78 00 AC 00 E9 01 3C 01 93 01 F5 02 68 02 E8 74 8C"
"2026-08-23 00:41:44.351","01 04 00 56 00 03 50 1B"
"2026-08-23 00:41:44.362","01 04 06 00 66 00 00 00 00 68 9B"
"2026-08-23 00:41:45.859","01 10 0B 13 00 03 06 00 D5 00 6F 01 00 0E 61"
"2026-08-23 00:41:45.870","01 10 0B 13 00 03 73 E9"
"2026-08-23 00:41:45.882","01 03 04 B0 00 05 85 1E"
"2026-08-23 00:41:45.904","01 03 0A 00 00 00 00 00 00 00 00 00 00 24 B6"
"2026-08-23 00:41:46.342","01 01 00 19 00 03 AD CC"
"2026-08-23 00:41:46.354","01 01 01 00 51 88"
"2026-08-23 00:41:46.843","01 02 00 04 00 0C 39 CE"
"2026-08-23 00:41:46.855","01 02 02 01 00 B8 28"
"2026-08-23 00:41:47.344","01 03 04 EC 00 0C 85 0A"
"2026-08-23 00:41:47.387","01 03 18 27 0F 00 1A 00 2D 00 4D 00 78 00 AC 00 E9 01 3C 01 93 01 F5 02 68 02 E8 74 8C"
"2026-08-23 00:41:47.845","01 04 00 56 00 03 50 1B"
"2026-08-23 00:41:47.867","01 04 06 00 B3 00 00 00 00 65 49"
"2026-08-23 00:41:48.843","01 06 01 41 00 2B 98 3D"
"2026-08-23 00:41:48.855","01 06 01 41 00 2B 98 3D"
"2026-08-23 00:41:49.355","01 10 0B 13 00 03 06 00 D6 00 6D 00 F6 6A 77"
"2026-08-23 00:41:49.366","01 10 0B 13 00 03 73 E9"
"2026-08-23 00:41:49.377","01 03 04 B0 00 05 85 1E"
"2026-08-23 00:41:49.399","01 03 0A 00 00 00 00 00 00 00 00 00 00 24 B6"
"2026-08-23 00:41:49.847","01 01 00 19 00 03 AD CC"
"2026-08-23 00:41:49.858","01 01 01 00 51 88"
"2026-08-23 00:41:50.347","01 02 00 04 00 0C 39 CE"
"2026-08-23 00:41:50.359","01 02 02 01 00 B8 28"
"2026-08-23 00:41:50.847","01 03 04 EC 00 0C 85 0A"
"2026-08-23 00:41:50.889","01 03 18 27 0F 00 1A 00 2D 00 4D 00 78 00 AC 00 E9 01 3C 01 93 01 F5 02 68 02 E8 74 8C"
"2026-08-23 00:41:51.348","01 04 00 56 00 03 50 1B"
"2026-08-23 00:41:51.360","01 04 06 03 5E 00 00 00 00 C9 6D"
"2026-08-23 00:41:52.347","01 06 01 41 00 0B 99 E5"
"2026-08-23 00:41:52.358","01 06 01 41 00 0B 99 E5"
"2026-08-23 00:41:52.858","01 10 0B 13 00 03 06 00 CB 00 72 00 FD F6 74"
"2026-08-23 00:41:52.869","01 10 0B 13 00 03 73 E9"
"2026-08-23 00:41:52.882","01 03 04 B0 00 05 85 1E"
"2026-08-23 00:41:52.904","01 03 0A 00 00 00 00 00 00 00 00 00 00 24 B6"
"2026-08-23 00:41:53.343","01 01 00 19 00 03 AD CC"
"2026-08-23 00:41:53.354","01 01 01 00 51 88"
"2026-08-23 00:41:53.487","01 06 04 EE 00 2A 69 10"
"2026-08-23 00:41:53.498","01 06 04 EE 00 2A 69 10"
"2026-08-23 00:41:53.845","01 02 00 04 00 0C 39 CE"
"2026-08-23 00:41:53.857","01 02 02 01 00 B8 28"
"2026-08-23 00:41:54.346","01 03 04 EC 00 0C 85 0A"
"2026-08-23 00:41:54.388","01 03 18 27 0F 00 1A 00 2A 00 4D 00 78 00 AC 00 E9 01 3C 01 93 01 F5 02 68 02 E8 C1 F8"
"2026-08-23 00:41:54.846","01 04 00 56 00 03 50 1B"
"2026-08-23 00:41:54.858","01 04 06 01 3E 00 00 00 00 48 87"
"2026-08-23 00:41:55.348","01 05 23 34 00 00 87 80"
"2026-08-23 00:41:55.359","01 05 23 34 00 00 87 80"
"2026-08-23 00:41:55.848","01 06 01 41 00 1B 98 29"
"2026-08-23 00:41:55.860","01 06 01 41 00 1B 98 29"
"2026-08-23 00:41:56.350","01 10 0B 13 00 03 06 00 D5 00 6C 00 FE 7E 71"
"2026-08-23 00:41:56.371","01 10 0B 13 00 03 73 E9"
"2026-08-23 00:41:56.383","01 03 04 B0 00 05 85 1E"
"2026-08-23 00:41:56.404","01 03 0A 00 00 00 00 00 00 00 00 00 00 24 B6"
"2026-08-23 00:41:56.842","01 01 00 19 00 03 AD CC"
"2026-08-23 00:41:56.853","01 01 01 00 51 88"
"2026-08-23 00:41:57.343","01 02 00 04 00 0C 39 CE"
"2026-08-23 00:41:57.354","01 02 02 01 00 B8 28"
"2026-08-23 00:41:57.844","01 03 04 EC 00 0C 85 0A"
"2026-08-23 00:41:57.886","01 03 18 27 0F 00 1A 00 2A 00 4D 00 78 00 AC 00 E9 01 3C 01 93 01 F5 02 68 02 E8 C1 F8"
"2026-08-23 00:41:58.345","01 04 00 56 00 03 50 1B"
"2026-08-23 00:41:58.367","01 04 06 03 0F 00 00 00 00 34 A1"
"2026-08-23 00:41:59.343","01 06 01 41 00 0E 59 E6"
"2026-08-23 00:41:59.364","01 06 01 41 00 0E 59 E6"
"2026-08-23 00:41:59.853","01 10 0B 13 00 03 06 00 F7 00 64 00 FB C7 B7"
"2026-08-23 00:41:59.865","01 10 0B 13 00 03 73 E9"
"2026-08-23 00:41:59.886","01 03 04 B0 00 05 85 1E"
"2026-08-23 00:41:59.908","01 03 0A 00 00 00 00 00 00 00 00 00 00 24 B6"
"2026-08-23 00:42:00.346","01 01 00 19 00 03 AD CC"
"2026-08-23 00:42:00.358","01 01 01 00 51 88"
"2026-08-23 00:42:00.847","01 02 00 04 00 0C 39 CE"
"2026-08-23 00:42:00.859","01 02 02 01 00 B8 28"
"2026-08-23 00:42:01.348","01 03 04 EC 00 0C 85 0A"
"2026-08-23 00:42:01.380","01 03 18 27 0F 00 1A 00 2A 00 4D 00 78 00 AC 00 E9 01 3C 01 93 01 F5 02 68 02 E8 C1 F8"
"2026-08-23 00:42:01.850","01 04 00 56 00 03 50 1B"
"2026-08-23 00:42:01.862","01 04 06 00 DB 00 00 00 00 04 80"
"2026-08-23 00:42:03.359","01 10 0B 13 00 03 06 00 D2 00 67 00 F4 3A 74"
"2026-08-23 00:42:03.370","01 10 0B 13 00 03 73 E9"
"2026-08-23 00:42:03.381","01 03 04 B0 00 05 85 1E"
"2026-08-23 00:42:03.403","01 03 0A 00 00 00 00 00 00 00 00 00 00 24 B6"
"2026-08-23 00:42:03.841","01 01 00 19 00 03 AD CC"
"2026-08-23 00:42:03.863","01 01 01 00 51 88"
"2026-08-23 00:42:04.342","01 02 00 04 00 0C 39 CE"
"2026-08-23 00:42:04.363","01 02 02 01 00 B8 28"
"2026-08-23 00:42:04.842","01 03 04 EC 00 0C 85 0A"
"2026-08-23 00:42:04.885","01 03 18 27 0F 00 1A 00 2A 00 4D 00 78 00 AC 00 E9 01 3C 01 93 01 F5 02 68 02 E8 C1 F8"
"2026-08-23 00:42:05.344","01 04 00 56 00 03 50 1B"
"2026-08-23 00:42:05.366","01 04 06 00 82 00 00 00 00 18 8D"
"2026-08-23 00:42:06.851","01 10 0B 13 00 03 06 00 F5 00 74 00 F1 3F B5"
"2026-08-23 00:42:06.863","01 10 0B 13 00 03 73 E9"
"2026-08-23 00:42:06.884","01 03 04 B0 00 05 85 1E"
"2026-08-23 00:42:06.906","01 03 0A 00 00 00 00 00 00 00 00 00 00 24 B6"
"2026-08-23 00:42:07.202","01 06 04 F8 03 73 48 1E"
"2026-08-23 00:42:07.213","01 06 04 F8 03 73 48 1E"
"2026-08-23 00:42:07.347","01 01 00 19 00 03 AD CC"
"2026-08-23 00:42:07.358","01 01 01 00 51 88"
"2026-08-23 00:42:07.846","01 02 00 04 00 0C 39 CE"
"2026-08-23 00:42:07.859","01 02 02 01 00 B8 28"
"2026-08-23 00:42:08.347","01 03 04 EC 00 0C 85 0A"
"2026-08-23 00:42:08.389","01 03 18 27 0F 00 1A 00 2A 00 4D 00 78 00 AC 00 E9 01 3C 01 93 01 F5 02 68 02 E8 C1 F8"
"2026-08-23 00:42:08.848","01 04 00 56 00 03 50 1B"
"2026-08-23 00:42:08.860","01 04 06 02 DF 00 00 00 00 F4 A2"
"2026-08-23 00:42:09.349","01 05 23 34 FF 00 C6 70"
"2026-08-23 00:42:09.361","01 05 23 34 FF 00 C6 70"
"2026-08-23 00:42:09.850","01 06 01 41 00 2C D9 FF"
"2026-08-23 00:42:09.862","01 06 01 41 00 2C D9 FF"
"2026-08-23 00:42:10.351","01 10 0B 13 00 03 06 00 F9 00 65 01 03 FF A4"
"2026-08-23 00:42:10.373","01 10 0B 13 00 03 73 E9"
"2026-08-23 00:42:10.384","01 03 04 B0 00 05 85 1E"
"2026-08-23 00:42:10.405","01 03 0A 00 00 00 00 00 00 00 00 00 00 24 B6"
"2026-08-23 00:42:10.843","01 01 00 19 00 03 AD CC"
"2026-08-23 00:42:10.855","01 01 01 00 51 88"
"2026-08-23 00:42:11.344","01 02 00 04 00 0C 39 CE"
"2026-08-23 00:42:11.356","01 02 02 00 00 B9 B8"
"2026-08-23 00:42:11.846","01 03 04 EC 00 0C 85 0A"
"2026-08-23 00:42:11.889","01 03 18 27 0F 00 1A 00 2A 00 4D 00 78 00 AC 00 E9 01 3C 01 93 01 F5 02 68 02 E8 C1 F8"
"2026-08-23 00:42:12.347","01 04 00 56 00 03 50 1B"
"2026-08-23 00:42:12.359","01 04 06 01 63 00 00 00 00 A5 4A"
"2026-08-23 00:42:12.848","01 05 23 34 FF 00 C6 70"
"2026-08-23 00:42:12.859","01 05 23 34 FF 00 C6 70"
"2026-08-23 00:42:13.857","01 10 0B 13 00 03 06 00 ED 00 6E 00 FB BE 77"
"2026-08-23 00:42:13.869","01 10 0B 13 00 03 73 E9"
"2026-08-23 00:42:13.881","01 03 04 B0 00 05 85 1E"
"2026-08-23 00:42:13.902","01 03 0A 00 00 00 00 00 00 00 00 00 00 24 B6"
"2026-08-23 00:42:14.350","01 01 00 19 00 03 AD CC"
"2026-08-23 00:42:14.361","01 01 01 00 51 88"
"2026-08-23 00:42:14.850","01 02 00 04 00 0C 39 CE"
"2026-08-23 00:42:14.862","01 02 02 00 00 B9 B8"
"2026-08-23 00:42:15.351","01 03 04 EC 00 0C 85 0A"
"2026-08-23 00:42:15.383","01 03 18 27 0F 00 1A 00 2A 00 4D 00 78 00 AC 00 E9 01 3C 01 93 01 F5 02 68 02 E8 C1 F8"
"2026-08-23 00:42:15.842","01 04 00 56 00 03 50 1B"
"2026-08-23 00:42:15.864","01 04 06 00 D7 00 00 00 00 14 81"
"2026-08-23 00:42:16.852","01 06 01 41 00 2E 58 3E"
"2026-08-23 00:42:16.864","01 06 01 41 00 2E 58 3E"
"2026-08-23 00:42:17.355","01 10 0B 13 00 03 06 00 F7 00 6A 00 F7 A6 71"
"2026-08-23 00:42:17.367","01 10 0B 13 00 03 73 E9"
"2026-08-23 00:42:17.378","01 03 04 B0 00 05 85 1E"
"2026-08-23 00:42:17.400","01 03 0A 00 00 00 00 00 00 00 00 00 00 24 B6"
"2026-08-23 00:42:17.848","01 01 00 19 00 03 AD CC"
"2026-08-23 00:42:17.860","01 01 01 00 51 88"
"2026-08-23 00:42:18.350","01 02 00 04 00 0C 39 CE"
"2026-08-23 00:42:18.362","01 02 02 01 00 B8 28"
"2026-08-23 00:42:18.851","01 03 04 EC 00 0C 85 0A"
"2026-08-23 00:42:18.883","01 03 18 27 0F 00 1A 00 2A 00 4D 00 78 00 AC 00 E9 01 3C 01 93 01 F5 02 68 02 E8 C1 F8"
"2026-08-23 00:42:19.342","01 04 00 56 00 03 50 1B"
"2026-08-23 00:42:19.364","01 04 06 01 E2 00 00 00 00 99 54"
"2026-08-23 00:42:19.762","01 06 04 F6 02 68 68 46"
"2026-08-23 00:42:19.774","01 06 04 F6 02 68 68 46"
"2026-08-23 00:42:20.344","01 06 01 41 00 16 59 EC"
"2026-08-23 00:42:20.356","01 06 01 41 00 16 59 EC"
"2026-08-23 00:42:20.855","01 10 0B 13 00 03 06 00 CB 00 68 00 F7 57 B4"
"2026-08-23 00:42:20.866","01 10 0B 13 00 03 73 E9"
"2026-08-23 00:42:20.877","01 03 04 B0 00 05 85 1E"
"2026-08-23 00:42:20.909","01 03 0A 00 00 00 00 00 00 00 00 00 00 24 B6"
"2026-08-23 00:42:21.347","01 01 00 19 00 03 AD CC"
"2026-08-23 00:42:21.358","01 01 01 00 51 88"
"2026-08-23 00:42:21.848","01 02 00 04 00 0C 39 CE"
"2026-08-23 00:42:21.859","01 02 02 00 00 B9 B8"
"2026-08-23 00:42:22.349","01 03 04 EC 00 0C 85 0A"
"2026-08-23 00:42:22.382","01 03 18 27 0F 00 1A 00 2A 00 4D 00 78 00 AC 00 E9 01 3C 01 93 01 F5 02 68 02 E8 C1 F8"
"2026-08-23 00:42:22.851","01 04 00 56 00 03 50 1B"
"2026-08-23 00:42:22.863","01 04 06 02 84 00 00 00 00 91 6F"
"2026-08-23 00:42:24.358","01 10 0B 13 00 03 06 00 F8 00 65 00 F7 C2 73"
"2026-08-23 00:42:24.370","01 10 0B 13 00 03 73 E9"
"2026-08-23 00:42:24.381","01 03 04 B0 00 05 85 1E"
"2026-08-23 00:42:24.403","01 03 0A 00 00 00 00 00 00 00 00 00 00 24 B6"
"2026-08-23 00:42:24.851","01 01 00 19 00 03 AD CC"
"2026-08-23 00:42:24.863","01 01 01 00 51 88"
"2026-08-23 00:42:25.343","01 02 00 04 00 0C 39 CE"
"2026-08-23 00:42:25.365","01 02 02 01 00 B8 28"
"2026-08-23 00:42:25.843","01 03 04 EC 00 0C 85 0A"
"2026-08-23 00:42:25.886","01 03 18 27 0F 00 1A 00 2A 00 4D 00 78 00 AC 00 E9 01 3C 01 93 01 F5 02 68 02 E8 C1 F8"
"2026-08-23 00:42:26.344","01 04 00 56 00 03 50 1B"
"2026-08-23 00:42:26.365","01 04 06 03 6A 00 00 00 00 78 A9"
"2026-08-23 00:42:27.343","01 06 01 41 00 15 19 ED"
"2026-08-23 00:42:27.355","01 06 01 41 00 15 19 ED"
"2026-08-23 00:42:27.854","01 10 0B 13 00 03 06 00 E6 00 6A 00 F8 1A 76"
"2026-08-23 00:42:27.866","01 10 0B 13 00 03 73 E9"
"2026-08-23 00:42:27.877","01 03 04 B0 00 05 85 1E"
"2026-08-23 00:42:27.898","01 03 0A 00 00 00 00 00 00 00 00 00 00 24 B6"
"2026-08-23 00:42:28.346","01 01 00 19 00 03 AD CC"
"2026-08-23 00:42:28.358","01 01 01 00 51 88"
"2026-08-23 00:42:28.847","01 02 00 04 00 0C 39 CE"
"2026-08-23 00:42:28.858","01 02 02 01 00 B8 28"
"2026-08-23 00:42:29.347","01 03 04 EC 00 0C 85 0A"
"2026-08-23 00:42:29.389","01 03 18 27 0F 00 1A 00 2A 00 4D 00 78 00 AC 00 E9 01 3C 01 93 01 F5 02 68 02 E8 C1 F8"
"2026-08-23 00:42:29.706","01 06 04 F5 01 F6 19 1E"
"2026-08-23 00:42:29.717","01 06 04 F5 01 F6 19 1E"
"2026-08-23 00:42:29.850","01 04 00 56 00 03 50 1B"
"2026-08-23 00:42:29.861","01 04 06 02 D5 00 00 00 00 6C A3"
"2026-08-23 00:42:31.355","01 10 0B 13 00 03 06 00 C9 00 77 00 F0 5E 70"
"2026-08-23 00:42:31.367","01 10 0B 13 00 03 73 E9"
"2026-08-23 00:42:31.378","01 03 04 B0 00 05 85 1E"
"2026-08-23 00:42:31.399","01 03 0A 00 00 00 00 00 00 00 00 00 00 24 B6"
"2026-08-23 00:42:31.848","01 01 00 19 00 03 AD CC"
"2026-08-23 00:42:31.859","01 01 01 00 51 88"
"2026-08-23 00:42:32.349","01 02 00 04 00 0C 39 CE"
"2026-08-23 00:42:32.361","01 02 02 00 00 B9 B8"
"2026-08-23 00:42:32.851","01 03 04 EC 00 0C 85 0A"
"2026-08-23 00:42:32.884","01 03 18 27 0F 00 1A 00 2A 00 4D 00 78 00 AC 00 E9 01 3C 01 93 01 F6 02 68 02 E8 85 F8"
"2026-08-23 00:42:33.343","01 04 00 56 00 03 50 1B"
"2026-08-23 00:42:33.365","01 04 06 00 D4 00 00 00 00 50 81"
"2026-08-23 00:42:34.859","01 10 0B 13 00 03 06 00 EF 00 66 00 FE 86 76"
"2026-08-23 00:42:34.871","01 10 0B 13 00 03 73 E9"
"2026-08-23 00:42:34.882","01 03 04 B0 00 05 85 1E"
"2026-08-23 00:42:34.903","01 03 0A 00 00 00 00 00 00 00 00 00 00 24 B6"
"2026-08-23 00:42:35.352","01 01 00 19 00 03 AD CC"
"2026-08-23 00:42:35.363","01 01 01 00 51 88"
"2026-08-23 00:42:35.852","01 02 00 04 00 0C 39 CE"
"2026-08-23 00:42:35.863","01 02 02 01 00 B8 28"
"2026-08-23 00:42:36.352","01 03 04 EC 00 0C 85 0A"
"2026-08-23 00:42:36.384","01 03 18 27 0F 00 1A 00 2A 00 4D 00 78 00 AC 00 E9 01 3C 01 93 01 F6 02 68 02 E8 85 F8"
"2026-08-23 00:42:36.843","01 04 00 56 00 03 50 1B"
"2026-08-23 00:42:36.865","01 04 06 02 BF 00 00 00 00 74 AA"
"2026-08-23 00:42:38.351","01 10 0B 13 00 03 06 00 D7 00 67 00 FA 77 B0"
"2026-08-23 00:42:38.373","01 10 0B 13 00 03 73 E9"
"2026-08-23 00:42:38.384","01 03 04 B0 00 05 85 1E"
"2026-08-23 00:42:38.405","01 03 0A 00 00 00 00 00 00 00 00 00 00 24 B6"
"2026-08-23 00:42:38.844","01 01 00 19 00 03 AD CC"
"2026-08-23 00:42:38.856","01 01 01 00 51 88"
"2026-08-23 00:42:39.346","01 02 00 04 00 0C 39 CE"
"2026-08-23 00:42:39.357","01 02 02 00 00 B9 B8"
"2026-08-23 00:42:39.846","01 03 04 EC 00 0C 85 0A"
"2026-08-23 00:42:39.889","01 03 18 27 0F 00 1A 00 2A 00 4D 00 78 00 AC 00 E9 01 3C 01 93 01 F6 02 68 02 E8 85 F8"
"2026-08-23 00:42:40.317","01 06 05 00 09 74 8F 71"
"2026-08-23 00:42:40.339","01 06 05 00 09 74 8F 71"
"2026-08-23 00:42:40.350","01 04 00 56 00 03 50 1B"
"2026-08-23 00:42:40.362","01 04 06 01 6A 00 00 00 00 79 4B"
"2026-08-23 00:42:41.860","01 10 0B 13 00 03 06 00 D3 00 6B 00 F7 87 B6"
"2026-08-23 00:42:41.871","01 10 0B 13 00 03 73 E9"
"2026-08-23 00:42:41.882","01 03 04 B0 00 05 85 1E"
"2026-08-23 00:42:41.904","01 03 0A 00 00 00 00 00 00 00 00 00 00 24 B6"
"2026-08-23 00:42:42.353","01 01 00 19 00 03 AD CC"
"2026-08-23 00:42:42.364","01 01 01 00 51 88"
"2026-08-23 00:42:42.853","01 02 00 04 00 0C 39 CE"
"2026-08-23 00:42:42.864","01 02 02 01 00 B8 28"
"2026-08-23 00:42:43.353","01 03 04 EC 00 0C 85 0A"
"2026-08-23 00:42:43.385","01 03 18 27 0F 00 1A 00 2A 00 4D 00 78 00 AC 00 E9 01 3C 01 93 01 F6 02 68 02 E8 85 F8"
"2026-08-23 00:42:43.854","01 04 00 56 00 03 50 1B"
"2026-08-23 00:42:43.866","01 04 06 02 79 00 00 00 00 FC BB"
"2026-08-23 00:42:45.361","01 10 0B 13 00 03 06 00 E0 00 64 00 FB B3 B4"
"2026-08-23 00:42:45.372","01 10 0B 13 00 03 73 E9"
"2026-08-23 00:42:45.383","01 03 04 B0 00 05 85 1E"
"2026-08-23 00:42:45.405","01 03 0A 00 00 00 00 00 00 00 00 00 00 24 B6"
"2026-08-23 00:42:45.854","01 01 00 19 00 03 AD CC"
"2026-08-23 00:42:45.866","01 01 01 00 51 88"
"2026-08-23 00:42:46.345","01 02 00 04 00 0C 39 CE"
"2026-08-23 00:42:46.357","01 02 02 01 00 B8 28"
"2026-08-23 00:42:46.846","01 03 04 EC 00 0C 85 0A"
"2026-08-23 00:42:46.888","01 03 18 27 0F 00 1A 00 2A 00 4D 00 78 00 AC 00 E9 01 3C 01 93 01 F6 02 68 02 E8 85 F8"
"2026-08-23 00:42:47.349","01 04 00 56 00 03 50 1B"
"2026-08-23 00:42:47.370","01 04 06 00 A7 00 00 00 00 55 4A"
"2026-08-23 00:42:48.855","01 10 0B 13 00 03 06 00 D5 00 64 00 F7 3F B5"
"2026-08-23 00:42:48.867","01 10 0B 13 00 03 73 E9"
"2026-08-23 00:42:48.888","01 03 04 B0 00 05 85 1E"
"2026-08-23 00:42:48.910","01 03 0A 00 00 00 00 00 00 00 00 00 00 24 B6"
"2026-08-23 00:42:49.348","01 01 00 19 00 03 AD CC"
"2026-08-23 00:42:49.359","01 01 01 00 51 88"
"2026-08-23 00:42:49.849","01 02 00 04 00 0C 39 CE"
"2026-08-23 00:42:49.860","01 02 02 01 00 B8 28"
"2026-08-23 00:42:50.350","01 03 04 EC 00 0C 85 0A"
"2026-08-23 00:42:50.392","01 03 18 27 0F 00 1A 00 2A 00 4D 00 78 00 AC 00 E9 01 3C 01 93 01 F6 02 68 02 E8 85 F8"
"2026-08-23 00:42:50.850","01 04 00 56 00 03 50 1B"
"2026-08-23 00:42:50.862","01 04 06 03 00 00 00 00 00 60 A0"
"2026-08-23 00:42:52.357","01 10 0B 13 00 03 06 00 CA 00 6D 01 02 BB A2"
"2026-08-23 00:42:52.369","01 10 0B 13 00 03 73 E9"
"2026-08-23 00:42:52.380","01 03 04 B0 00 05 85 1E"
"2026-08-23 00:42:52.401","01 03 0A 00 00 00 00 00 00 00 00 00 00 24 B6"
"2026-08-23 00:42:52.850","01 01 00 19 00 03 AD CC"
"2026-08-23 00:42:52.861","01 01 01 00 51 88"
"2026-08-23 00:42:53.240","01 06 04 FE 07 AA 6B 45"
"2026-08-23 00:42:53.251","01 06 04 FE 07 AA 6B 45"
"2026-08-23 00:42:53.354","01 02 00 04 00 0C 39 CE"
"2026-08-23 00:42:53.365","01 02 02 00 00 B9 B8"
"2026-08-23 00:42:53.854","01 03 04 EC 00 0C 85 0A"
"2026-08-23 00:42:53.886","01 03 18 27 0F 00 1A 00 2A 00 4D 00 78 00 AC 00 E9 01 3C 01 93 01 F6 02 68 02 E8 85 F8"
"2026-08-23 00:42:54.346","01 04 00 56 00 03 50 1B"
"2026-08-23 00:42:54.367","01 04 06 01 2F 00 00 00 00 B4 84"
"2026-08-23 00:42:55.853","01 10 0B 13 00 03 06 00 D3 00 76 01 02 D6 67"
"2026-08-23 00:42:55.875","01 10 0B 13 00 03 73 E9"
"2026-08-23 00:42:55.886","01 03 04 B0 00 05 85 1E"
"2026-08-23 00:42:55.908","01 03 0A 00 00 00 00 00 00 00 00 00 00 24 B6"
"2026-08-23 00:42:56.346","01 01 00 19 00 03 AD CC"
"2026-08-23 00:42:56.357","01 01 01 00 51 88"
"2026-08-23 00:42:56.846","01 02 00 04 00 0C 39 CE"
"2026-08-23 00:42:56.858","01 02 02 00 00 B9 B8"
"2026-08-23 00:42:57.349","01 03 04 EC 00 0C 85 0A"
"2026-08-23 00:42:57.391","01 03 18 27 0F 00 1A 00 2A 00 4D 00 78 00 AC 00 E9 01 3C 01 93 01 F6 02 68 02 E8 85 F8"
"2026-08-23 00:42:57.852","01 04 00 56 00 03 50 1B"
"2026-08-23 00:42:57.864","01 04 06 01 6A 00 00 00 00 79 4B"
"2026-08-23 00:42:58.852","01 06 01 41 00 29 19 FC"
"2026-08-23 00:42:58.864","01 06 01 41 00 29 19 FC"
"2026-08-23 00:42:59.355","01 10 0B 13 00 03 06 00 F2 00 73 00 F0 FA 74"
"2026-08-23 00:42:59.376","01 10 0B 13 00 03 73 E9"
"2026-08-23 00:42:59.387","01 03 04 B0 00 05 85 1E"
"2026-08-23 00:42:59.409","01 03 0A 00 00 00 00 00 00 00 00 00 00 24 B6"
"2026-08-23 00:42:59.847","01 01 00 19 00 03 AD CC"
"2026-08-23 00:42:59.858","01 01 01 00 51 88"
"2026-08-23 00:43:00.348","01 02 00 04 00 0C 39 CE"
"2026-08-23 00:43:00.359","01 02 02 00 00 B9 B8"
"2026-08-23 00:43:00.848","01 03 04 EC 00 0C 85 0A"
"2026-08-23 00:43:00.890","01 03 18 27 0F 00 1A 00 2A 00 4D 00 78 00 AC 00 E9 01 3C 01 93 01 F6 02 68 02 E8 85 F8"
"2026-08-23 00:43:01.350","01 04 00 56 00 03 50 1B"
"2026-08-23 00:43:01.372","01 04 06 01 59 00 00 00 00 7D 4F"
"2026-08-23 00:43:02.856","01 10 0B 13 00 03 06 00 CC 00 6E 01 03 02 62"
"2026-08-23 00:43:02.868","01 10 0B 13 00 03 73 E9"
"2026-08-23 00:43:02.889","01 03 04 B0 00 05 85 1E"
"2026-08-23 00:43:02.911","01 03 0A 00 00 00 00 00 00 00 00 00 00 24 B6"
"2026-08-23 00:43:03.349","01 01 00 19 00 03 AD CC"
"2026-08-23 00:43:03.361","01 01 01 00 51 88"
"2026-08-23 00:43:03.852","01 02 00 04 00 0C 39 CE"
"2026-08-23 00:43:03.864","01 02 02 00 00 B9 B8"
"2026-08-23 00:43:04.354","01 03 04 EC 00 0C 85 0A"
"2026-08-23 00:43:04.386","01 03 18 27 0F 00 1A 00 2A 00 4D 00 78 00 AC 00 E9 01 3C 01 93 01 F6 02 68 02 E8 85 F8"
"2026-08-23 00:43:04.846","01 04 00 56 00 03 50 1B"
"2026-08-23 00:43:04.868","01 04 06 00 84 00 00 00 00 90 8D"
"2026-08-23 00:43:06.355","01 10 0B 13 00 03 06 00 CB 00 6A 01 03 F6 63"
"2026-08-23 00:43:06.366","01 10 0B 13 00 03 73 E9"
"2026-08-23 00:43:06.388","01 03 04 B0 00 05 85 1E"
"2026-08-23 00:43:06.409","01 03 0A 00 00 00 00 00 00 00 00 00 00 24 B6"
"2026-08-23 00:43:06.583","01 06 04 F6 02 6D A8 45"
"2026-08-23 00:43:06.605","01 06 04 F6 02 6D A8 45"
"2026-08-23 00:43:06.850","01 01 00 19 00 03 AD CC"
"2026-08-23 00:43:06.861","01 01 01 00 51 88"
"2026-08-23 00:43:07.351","01 02 00 04 00 0C 39 CE"
"2026-08-23 00:43:07.363","01 02 02 00 00 B9 B8"
"2026-08-23 00:43:07.852","01 03 04 EC 00 0C 85 0A"
"2026-08-23 00:43:07.884","01 03 18 27 0F 00 1A 00 2A 00 4D 00 78 00 AC 00 E9 01 3C 01 93 01 F6 02 6D 02 E8 95 F9"
"2026-08-23 00:43:08.355","01 04 00 56 00 03 50 1B"
"2026-08-23 00:43:08.370","01 04 06 01 D4 00 00 00 00 51 50"
"2026-08-23 00:43:09.854","01 10 0B 13 00 03 06 00 F2 00 75 00 FC 1A 70"
"2026-08-23 00:43:09.876","01 10 0B 13 00 03 73 E9"
"2026-08-23 00:43:09.887","01 03 04 B0 00 05 85 1E"
"2026-08-23 00:43:09.909","01 03 0A 00 00 00 00 00 00 00 00 00 00 24 B6"
"2026-08-23 00:43:10.346","01 01 00 19 00 03 AD CC"
"2026-08-23 00:43:10.358","01 01 01 00 51 88"
"2026-08-23 00:43:10.846","01 02 00 04 00 0C 39 CE"
"2026-08-23 00:43:10.858","01 02 02 00 00 B9 B8"
"2026-08-23 00:43:11.347","01 03 04 EC 00 0C 85 0A"
"2026-08-23 00:43:11.389","01 03 18 27 0F 00 1A 00 2A 00 4D 00 78 00 AC 00 E9 01 3C 01 93 01 F6 02 6D 02 E8 95 F9"
"2026-08-23 00:43:11.848","01 04 00 56 00 03 50 1B"
"2026-08-23 00:43:11.869","01 04 06 02 B2 00 00 00 00 59 6B"
"2026-08-23 00:43:12.349","01 05 23 34 FF 00 C6 70"
"2026-08-23 00:43:12.360","01 05 23 34 FF 00 C6 70"
"2026-08-23 00:43:12.493","01 06 05 00 09 78 8F 74"
"2026-08-23 00:43:12.505","01 06 05 00 09 78 8F 74"
"2026-08-23 00:43:13.360","01 10 0B 13 00 03 06 00 EC 00 6C 01 03 22 65"
"2026-08-23 00:43:13.371","01 10 0B 13 00 03 73 E9"
"2026-08-23 00:43:13.382","01 03 04 B0 00 05 85 1E"
"2026-08-23 00:43:13.403","01 03 0A 00 00 00 00 00 00 00 00 00 00 24 B6"
"2026-08-23 00:43:13.851","01 01 00 19 00 03 AD CC"
"2026-08-23 00:43:13.863","01 01 01 00 51 88"
"2026-08-23 00:43:14.352","01 02 00 04 00 0C 39 CE"
"2026-08-23 00:43:14.363","01 02 02 00 00 B9 B8"
"2026-08-23 00:43:14.853","01 03 04 EC 00 0C 85 0A"
"2026-08-23 00:43:14.885","01 03 18 27 0F 00 1A 00 2A 00 4D 00 78 00 AC 00 E9 01 3C 01 93 01 F6 02 6D 02 E8 95 F9"
"2026-08-23 00:43:15.354","01 04 00 56 00 03 50 1B"
"2026-08-23 00:43:15.365","01 04 06 01 BA 00 00 00 00 B8 99"
"2026-08-23 00:43:15.854","01 05 23 34 FF 00 C6 70"
"2026-08-23 00:43:15.866","01 05 23 34 FF 00 C6 70"
"2026-08-23 00:43:16.863","01 10 0B 13 00 03 06 00 EA 00 64 01 01 AA 66"
"2026-08-23 00:43:16.875","01 10 0B 13 00 03 73 E9"
"2026-08-23 00:43:16.886","01 03 04 B0 00 05 85 1E"
"2026-08-23 00:43:16.907","01 03 0A 00 00 00 00 00 00 00 00 00 00 24 B6"
"2026-08-23 00:43:17.346","01 01 00 19 00 03 AD CC"
"2026-08-23 00:43:17.357","01 01 01 00 51 88"
"2026-08-23 00:43:17.847","01 02 00 04 00 0C 39 CE"
"2026-08-23 00:43:17.858","01 02 02 00 00 B9 B8"
"2026-08-23 00:43:18.348","01 03 04 EC 00 0C 85 0A"
"2026-08-23 00:43:18.390","01 03 18 27 0F 00 1A 00 2A 00 4D 00 78 00 AC 00 E9 01 3C 01 93 01 F6 02 6D 02 E8 95 F9"
"2026-08-23 00:43:18.412","01 06 04 F4 01 8F 89 3C"
"2026-08-23 00:43:18.423","01 06 04 F4 01 8F 89 3C"
"2026-08-23 00:43:18.853","01 04 00 56 00 03 50 1B"
"2026-08-23 00:43:18.864","01 04 06 00 8C 00 00 00 00 71 4C"
"2026-08-23 00:43:20.359","01 10 0B 13 00 03 06 00 F9 00 72 00 F5 CE 76"
"2026-08-23 00:43:20.370","01 10 0B 13 00 03 73 E9"
"2026-08-23 00:43:20.382","01 03 04 B0 00 05 85 1E"
"2026-08-23 00:43:20.403","01 03 0A 00 00 00 00 00 00 00 00 00 00 24 B6"
"2026-08-23 00:43:20.851","01 01 00 19 00 03 AD CC"
"2026-08-23 00:43:20.862","01 01 01 00 51 88"
"2026-08-23 00:43:21.352","01 02 00 04 00 0C 39 CE"
"2026-08-23 00:43:21.363","01 02 02 01 00 B8 28"
"2026-08-23 00:43:21.852","01 03 04 EC 00 0C 85 0A"
"2026-08-23 00:43:21.884","01 03 18 27 0F 00 1A 00 2A 00 4D 00 78 00 AC 00 E9 01 3C 01 8F 01 F6 02 6D 02 E8 48 38"
"2026-08-23 00:43:22.353","01 04 00 56 00 03 50 1B"
"2026-08-23 00:43:22.365","01 04 06 03 A8 00 00 00 00 01 78"
"2026-08-23 00:43:23.858","01 10 0B 13 00 03 06 00 E2 00 71 00 F9 5A 71"
"2026-08-23 00:43:23.870","01 10 0B 13 00 03 73 E9"
"2026-08-23 00:43:23.881","01 03 04 B0 00 05 85 1E"
"2026-08-23 00:43:23.902","01 03 0A 00 00 00 00 00 00 00 00 00 00 24 B6"
"2026-08-23 00:43:24.351","01 01 00 19 00 03 AD CC"
"2026-08-23 00:43:24.362","01 01 01 00 51 88"
"2026-08-23 00:43:24.850","01 02 00 04 00 0C 39 CE"
"2026-08-23 00:43:24.862","01 02 02 00 00 B9 B8"
"2026-08-23 00:43:25.209","01 06 04 FB 05 59 3A 61"
"2026-08-23 00:43:25.221","01 06 04 FB 05 59 3A 61"
"2026-08-23 00:43:25.354","01 03 04 EC 00 0C 85 0A"
"2026-08-23 00:43:25.386","01 03 18 27 0F 00 1A 00 2A 00 4D 00 78 00 AC 00 E9 01 3C 01 8F 01 F6 02 6D 02 E8 48 38"
"2026-08-23 00:43:25.854","01 04 00 56 00 03 50 1B"
"2026-08-23 00:43:25.866","01 04 06 02 86 00 00 00 00 E8 AF"
"2026-08-23 00:43:27.361","01 10 0B 13 00 03 06 00 E4 00 6F 00 F9 B2 77"
"2026-08-23 00:43:27.373","01 10 0B 13 00 03 73 E9"
"2026-08-23 00:43:27.384","01 03 04 B0 00 05 85 1E"
"2026-08-23 00:43:27.405","01 03 0A 00 00 00 00 00 00 00 00 00 00 24 B6"
"2026-08-23 00:43:27.853","01 01 00 19 00 03 AD CC"
"2026-08-23 00:43:27.865","01 01 01 00 51 88"
"2026-08-23 00:43:28.353","01 02 00 04 00 0C 39 CE"
"2026-08-23 00:43:28.365","01 02 02 00 00 B9 B8"
"2026-08-23 00:43:28.854","01 03 04 EC 00 0C 85 0A"
"2026-08-23 00:43:28.886","01 03 18 27 0F 00 1A 00 2A 00 4D 00 78 00 AC 00 E9 01 3C 01 8F 01 F6 02 6D 02 E8 48 38"
"2026-08-23 00:43:29.346","01 04 00 56 00 03 50 1B"
"2026-08-23 00:43:29.367","01 04 06 02 7E 00 00 00 00 49 7B"
"2026-08-23 00:43:29.846","01 05 23 34 FF 00 C6 70"
"2026-08-23 00:43:29.868","01 05 23 34 FF 00 C6 70"
"2026-08-23 00:43:30.855","01 10 0B 13 00 03 06 00 F2 00 76 00 F0 EA 75"
"2026-08-23 00:43:30.877","01 10 0B 13 00 03 73 E9"
"2026-08-23 00:43:30.888","01 03 04 B0 00 05 85 1E"
"2026-08-23 00:43:30.909","01 03 0A 00 00 00 00 00 00 00 00 00 00 24 B6"
"2026-08-23 00:43:31.348","01 01 00 19 00 03 AD CC"
"2026-08-23 00:43:31.359","01 01 01 00 51 88"
"2026-08-23 00:43:31.849","01 02 00 04 00 0C 39 CE"
"2026-08-23 00:43:31.860","01 02 02 01 00 B8 28"
"2026-08-23 00:43:32.350","01 03 04 EC 00 0C 85 0A"
"2026-08-23 00:43:32.392","01 03 18 27 0F 00 1A 00 2A 00 4D 00 78 00 AC 00 E9 01 3C 01 8F 01 F6 02 6D 02 E8 48 38"
"2026-08-23 00:43:32.851","01 04 00 56 00 03 50 1B"
"2026-08-23 00:43:32.863","01 04 06 02 4A 00 00 00 00 F8 BF"
"2026-08-23 00:43:33.301","01 06 05 00 09 74 8F 71"
"2026-08-23 00:43:33.313","01 06 05 00 09 74 8F 71"
"2026-08-23 00:43:34.361","01 10 0B 13 00 03 06 00 DF 00 68 00 F2 A7 B4"
"2026-08-23 00:43:34.372","01 10 0B 13 00 03 73 E9"
"2026-08-23 00:43:34.383","01 03 04 B0 00 05 85 1E"
"2026-08-23 00:43:34.404","01 03 0A 00 00 00 00 00 00 00 00 00 00 24 B6"
"2026-08-23 00:43:34.852","01 01 00 19 00 03 AD CC"
"2026-08-23 00:43:34.864","01 01 01 00 51 88"
"2026-08-23 00:43:35.353","01 02 00 04 00 0C 39 CE"
"2026-08-23 00:43:35.365","01 02 02 01 00 B8 28"
"2026-08-23 00:43:35.854","01 03 04 EC 00 0C 85 0A"
"2026-08-23 00:43:35.886","01 03 18 27 0F 00 1A 00 2A 00 4D 00 78 00 AC 00 E9 01 3C 01 8F 01 F6 02 6D 02 E8 48 38"
"2026-08-23 00:43:36.355","01 04 00 56 00 03 50 1B"
"2026-08-23 00:43:36.367","01 04 06 02 B7 00 00 00 00 95 6B"
"2026-08-23 00:43:37.355","01 06 01 41 00 17 98 2C"
"2026-08-23 00:43:37.366","01 06 01 41 00 17 98 2C"
"2026-08-23 00:43:37.855","01 10 0B 13 00 03 06 00 F5 00 6B 00 FB 8E 74"
"2026-08-23 00:43:37.877","01 10 0B 13 00 03 73 E9"
"2026-08-23 00:43:37.888","01 03 04 B0 00 05 85 1E"
"2026-08-23 00:43:37.910","01 03 0A 00 00 00 00 00 00 00 00 00 00 24 B6"
"2026-08-23 00:43:38.348","01 01 00 19 00 03 AD CC"
"2026-08-23 00:43:38.359","01 01 01 00 51 88"
"2026-08-23 00:43:38.523","01 06 04 F0 00 74 88 EE"
"2026-08-23 00:43:38.534","01 06 04 F0 00 74 88 EE"
"2026-08-23 00:43:38.851","01 02 00 04 00 0C 39 CE"
"2026-08-23 00:43:38.862","01 02 02 01 00 B8 28"
"2026-08-23 00:43:39.353","01 03 04 EC 00 0C 85 0A"
"2026-08-23 00:43:39.385","01 03 18 27 0F 00 1A 00 2A 00 4D 00 74 00 AC 00 E9 01 3C 01 8F 01 F6 02 6D 02 E8 44 3D"
"2026-08-23 00:43:39.855","01 04 00 56 00 03 50 1B"
"2026-08-23 00:43:39.867","01 04 06 00 E0 00 00 00 00 E1 45"
"2026-08-23 00:43:40.347","01 05 23 34 FF 00 C6 70"
"2026-08-23 00:43:40.369","01 05 23 34 FF 00 C6 70"
"2026-08-23 00:43:41.356","01 10 0B 13 00 03 06 00 CF 00 66 00 F5 46 76"
"2026-08-23 00:43:41.377","01 10 0B 13 00 03 73 E9"
"2026-08-23 00:43:41.388","01 03 04 B0 00 05 85 1E"
"2026-08-23 00:43:41.410","01 03 0A 00 00 00 00 00 00 00 00 00 00 24 B6"
"2026-08-23 00:43:41.847","01 01 00 19 00 03 AD CC"
"2026-08-23 00:43:41.859","01 01 01 00 51 88"
"2026-08-23 00:43:42.348","01 02 00 04 00 0C 39 CE"
"2026-08-23 00:43:42.360","01 02 02 00 00 B9 B8"
"2026-08-23 00:43:42.848","01 03 04 EC 00 0C 85 0A"
"2026-08-23 00:43:42.890","01 03 18 27 0F 00 1A 00 2A 00 4D 00 74 00 AC 00 E9 01 3C 01 8F 01 F6 02 6D 02 E8 44 3D"
"2026-08-23 00:43:43.350","01 04 00 56 00 03 50 1B"
"2026-08-23 00:43:43.372","01 04 06 01 45 00 00 00 00 AC 8D"
"2026-08-23 00:43:43.853","01 05 23 34 00 00 87 80"
"2026-08-23 00:43:43.864","01 05 23 34 00 00 87 80"
"2026-08-23 00:43:44.856","01 10 0B 13 00 03 06 00 D7 00 64 00 F4 06 74"
"2026-08-23 00:43:44.877","01 10 0B 13 00 03 73 E9"
"2026-08-23 00:43:44.889","01 03 04 B0 00 05 85 1E"
"2026-08-23 00:43:44.910","01 03 0A 00 00 00 00 00 00 00 00 00 00 24 B6"
"2026-08-23 00:43:45.350","01 01 00 19 00 03 AD CC"
"2026-08-23 00:43:45.361","01 01 01 00 51 88"
"2026-08-23 00:43:45.525","01 06 04 FD 06 DD DA F3"
"2026-08-23 00:43:45.536","01 06 04 FD 06 DD DA F3"
"2026-08-23 00:43:45.852","01 02 00 04 00 0C 39 CE"
"2026-08-23 00:43:45.863","01 02 02 01 00 B8 28"
"2026-08-23 00:43:46.353","01 03 04 EC 00 0C 85 0A"
"2026-08-23 00:43:46.385","01 03 18 27 0F 00 1A 00 2A 00 4D 00 74 00 AC 00 E9 01 3C 01 8F 01 F6 02 6D 02 E8 44 3D"
"2026-08-23 00:43:46.853","01 04 00 56 00 03 50 1B"
"2026-08-23 00:43:46.864","01 04 06 02 23 00 00 00 00 A4 B6"
"2026-08-23 00:43:47.853","01 06 01 41 00 0F 98 26"
"2026-08-23 00:43:47.864","01 06 01 41 00 0F 98 26"
"2026-08-23 00:43:48.364","01 10 0B 13 00 03 06 00 CA 00 69 00 FB 3B B1"
"2026-08-23 00:43:48.376","01 10 0B 13 00 03 73 E9"
"2026-08-23 00:43:48.387","01 03 04 B0 00 05 85 1E"
"2026-08-23 00:43:48.408","01 03 0A 00 00 00 00 00 00 00 00 00 00 24 B6"
"2026-08-23 00:43:48.856","01 01 00 19 00 03 AD CC"
"2026-08-23 00:43:48.868","01 01 01 00 51 88"
"2026-08-23 00:43:49.347","01 02 00 04 00 0C 39 CE"
"2026-08-23 00:43:49.359","01 02 02 00 00 B9 B8"
"2026-08-23 00:43:49.848","01 03 04 EC 00 0C 85 0A"
"2026-08-23 00:43:49.890","01 03 18 27 0F 00 1A 00 2A 00 4D 00 74 00 AC 00 E9 01 3C 01 8F 01 F6 02 6D 02 E8 44 3D"
"2026-08-23 00:43:50.350","01 04 00 56 00 03 50 1B"
"2026-08-23 00:43:50.372","01 04 06 01 8C 00 00 00 00 70 9D"
"2026-08-23 00:43:51.857","01 10 0B 13 00 03 06 00 E4 00 6E 01 00 22 65"
"2026-08-23 00:43:51.869","01 10 0B 13 00 03 73 E9"
"2026-08-23 00:43:51.891","01 03 04 B0 00 05 85 1E"
"2026-08-23 00:43:51.912","01 03 0A 00 00 00 00 00 00 00 00 00 00 24 B6"
"2026-08-23 00:43:52.351","01 01 00 19 00 03 AD CC"
"2026-08-23 00:43:52.362","01 01 01 00 51 88"
"2026-08-23 00:43:52.853","01 02 00 04 00 0C 39 CE"
"2026-08-23 00:43:52.864","01 02 02 00 00 B9 B8"
"2026-08-23 00:43:53.354","01 03 04 EC 00 0C 85 0A"
"2026-08-23 00:43:53.386","01 03 18 27 0F 00 1A 00 2A 00 4D 00 74 00 AC 00 E9 01 3C 01 8F 01 F6 02 6D 02 E8 44 3D"
"2026-08-23 00:43:53.856","01 04 00 56 00 03 50 1B"
"2026-08-23 00:43:53.867","01 04 06 01 7E 00 00 00 00 49 48"
"2026-08-23 00:43:54.082","01 06 04 F9 04 06 DA 09"
"2026-08-23 00:43:54.094","01 06 04 F9 04 06 DA 09"
"2026-08-23 00:43:55.357","01 10 0B 13 00 03 06 00 D7 00 71 00 F1 D7 B3"
"2026-08-23 00:43:55.368","01 10 0B 13 00 03 73 E9"
"2026-08-23 00:43:55.390","01 03 04 B0 00 05 85 1E"
"2026-08-23 00:43:55.411","01 03 0A 00 00 00 00 00 00 00 00 00 00 24 B6"
"2026-08-23 00:43:55.850","01 01 00 19 00 03 AD CC"
"2026-08-23 00:43:55.862","01 01 01 00 51 88"
"2026-08-23 00:43:56.351","01 02 00 04 00 0C 39 CE"
"2026-08-23 00:43:56.362","01 02 02 01 00 B8 28"
"2026-08-23 00:43:56.851","01 03 04 EC 00 0C 85 0A"
"2026-08-23 00:43:56.895","01 03 18 27 0F 00 1A 00 2A 00 4D 00 74 00 AC 00 E9 01 3C 01 8F 01 F6 02 6D 02 E8 44 3D"
"2026-08-23 00:43:57.355","01 04 00 56 00 03 50 1B"
"2026-08-23 00:43:57.367","01 04 06 03 A7 00 00 00 00 55 79"
"2026-08-23 00:43:58.348","01 06 01 41 00 1C D9 EB"
"2026-08-23 00:43:58.360","01 06 01 41 00 1C D9 EB"
"2026-08-23 00:43:58.863","01 10 0B 13 00 03 06 00 F8 00 66 00 F5 B3 B2"
"2026-08-23 00:43:58.875","01 10 0B 13 00 03 73 E9"
"2026-08-23 00:43:58.886","01 03 04 B0 00 05 85 1E"
"2026-08-23 00:43:58.908","01 03 0A 00 00 00 00 00 00 00 00 00 00 24 B6"
"2026-08-23 00:43:59.347","01 01 00 19 00 03 AD CC"
"2026-08-23 00:43:59.359","01 01 01 00 51 88"
"2026-08-23 00:43:59.852","01 02 00 04 00 0C 39 CE"
"2026-08-23 00:43:59.863","01 02 02 01 00 B8 28"
"2026-08-23 00:44:00.348","01 03 04 EC 00 0C 85 0A"
"2026-08-23 00:44:00.390","01 03 18 27 0F 00 1A 00 2A 00 4D 00 74 00 AC 00 E9 01 3C 01 8F 01 F6 02 6D 02 E8 44 3D"
"2026-08-23 00:44:00.854","01 04 00 56 00 03 50 1B"
"2026-08-23 00:44:00.865","01 04 06 00 71 00 00 00 00 1C 98"
"2026-08-23 00:44:01.358","01 05 23 34 FF 00 C6 70"
"2026-08-23 00:44:01.369","01 05 23 34 FF 00 C6 70"
"2026-08-23 00:44:02.363","01 10 0B 13 00 03 06 00 EE 00 6E 00 F1 7A 70"
"2026-08-23 00:44:02.375","01 10 0B 13 00 03 73 E9"
"2026-08-23 00:44:02.387","01 03 04 B0 00 05 85 1E"
"2026-08-23 00:44:02.408","01 03 0A 00 00 00 00 00 00 00 00 00 00 24 B6"
"2026-08-23 00:44:02.847","01 01 00 19 00 03 AD CC"
"2026-08-23 00:44:02.858","01 01 01 00 51 88"
"2026-08-23 00:44:03.348","01 02 00 04 00 0C 39 CE"
"2026-08-23 00:44:03.359","01 02 02 00 00 B9 B8"
"2026-08-23 00:44:03.828","01 06 04 FE 07 AC EB 47"
"2026-08-23 00:44:03.850","01 06 04 FE 07 AC EB 47"
"2026-08-23 00:44:03.861","01 03 04 EC 00 0C 85 0A"
"2026-08-23 00:44:03.893","01 03 18 27 0F 00 1A 00 2A 00 4D 00 74 00 AC 00 E9 01 3C 01 8F 01 F6 02 6D 02 E8 44 3D"
"2026-08-23 00:44:04.361","01 04 00 56 00 03 50 1B"
"2026-08-23 00:44:04.373","01 04 06 01 1C 00 00 00 00 B0 80"
"2026-08-23 00:44:04.861","01 05 23 34 00 00 87 80"
"2026-08-23 00:44:04.873","01 05 23 34 00 00 87 80"
"2026-08-23 00:44:05.869","01 10 0B 13 00 03 06 00 D2 00 77 01 03 7B A7"
"2026-08-23 00:44:05.881","01 10 0B 13 00 03 73 E9"
"2026-08-23 00:44:05.892","01 03 04 B0 00 05 85 1E"
"2026-08-23 00:44:05.913","01 03 0A 00 00 00 00 00 00 00 00 00 00 24 B6"
"2026-08-23 00:44:06.362","01 01 00 19 00 03 AD CC"
"2026-08-23 00:44:06.373","01 01 01 00 51 88"
"2026-08-23 00:44:06.862","01 02 00 04 00 0C 39 CE"
"2026-08-23 00:44:06.873","01 02 02 01 00 B8 28"
"2026-08-23 00:44:07.362","01 03 04 EC 00 0C 85 0A"
"2026-08-23 00:44:07.394","01 03 18 27 0F 00 1A 00 2A 00 4D 00 74 00 AC 00 E9 01 3C 01 8F 01 F6 02 6D 02 E8 44 3D"
"2026-08-23 00:44:07.863","01 04 00 56 00 03 50 1B"
"2026-08-23 00:44:07.874","01 04 06 02 3C 00 00 00 00 31 74"
"2026-08-23 00:44:08.861","01 06 01 41 00 0E 59 E6"
"2026-08-23 00:44:08.872","01 06 01 41 00 0E 59 E6"
"2026-08-23 00:44:09.362","01 10 0B 13 00 03 06 00 F5 00 71 00 F3 AE 75"
"2026-08-23 00:44:09.384","01 10 0B 13 00 03 73 E9"
"2026-08-23 00:44:09.395","01 03 04 B0 00 05 85 1E"
"2026-08-23 00:44:09.416","01 03 0A 00 00 00 00 00 00 00 00 00 00 24 B6"
"2026-08-23 00:44:09.854","01 01 00 19 00 03 AD CC"
"2026-08-23 00:44:09.865","01 01 01 00 51 88"
"2026-08-23 00:44:10.355","01 02 00 04 00 0C 39 CE"
"2026-08-23 00:44:10.366","01 02 02 00 00 B9 B8"
"2026-08-23 00:44:10.612","01 06 04 FF 08 8A 3E AD"
"2026-08-23 00:44:10.623","01 06 04 FF 08 8A 3E AD"
"2026-08-23 00:44:10.858","01 03 04 EC 00 0C 85 0A"
"2026-08-23 00:44:10.900","01 03 18 27 0F 00 1A 00 2A 00 4D 00 74 00 AC 00 E9 01 3C 01 8F 01 F6 02 6D 02 E8 44 3D"
"2026-08-23 00:44:11.360","01 04 00 56 00 03 50 1B"
"2026-08-23 00:44:11.372","01 04 06 03 50 00 00 00 00 A0 AC"
"2026-08-23 00:44:12.868","01 10 0B 13 00 03 06 00 DC 00 75 01 03 B3 A6"
"2026-08-23 00:44:12.880","01 10 0B 13 00 03 73 E9"
"2026-08-23 00:44:12.891","01 03 04 B0 00 05 85 1E"
"2026-08-23 00:44:12.913","01 03 0A 00 00 00 00 00 00 00 00 00 00 24 B6"
"2026-08-23 00:44:13.362","01 01 00 19 00 03 AD CC"
"2026-08-23 00:44:13.373","01 01 01 00 51 88"
"2026-08-23 00:44:13.862","01 02 00 04 00 0C 39 CE"
"2026-08-23 00:44:13.873","01 02 02 00 00 B9 B8"
"2026-08-23 00:44:14.362","01 03 04 EC 00 0C 85 0A"
"2026-08-23 00:44:14.394","01 03 18 27 0F 00 1A 00 2A 00 4D 00 74 00 AC 00 E9 01 3C 01 8F 01 F6 02 6D 02 E8 44 3D"
"2026-08-23 00:44:14.863","01 04 00 56 00 03 50 1B"
"2026-08-23 00:44:14.874","01 04 06 01 6F 00 00 00 00 B5 4B"
"2026-08-23 00:44:15.861","01 06 01 41 00 2D 18 3F"
"2026-08-23 00:44:15.873","01 06 01 41 00 2D 18 3F"
"2026-08-23 00:44:16.362","01 10 0B 13 00 03 06 00 D8 00 73 00 FF A3 B6"
"2026-08-23 00:44:16.384","01 10 0B 13 00 03 73 E9"
"2026-08-23 00:44:16.395","01 03 04 B0 00 05 85 1E"
"2026-08-23 00:44:16.416","01 03 0A 00 00 00 00 00 00 00 00 00 00 24 B6"
"2026-08-23 00:44:16.864","01 01 00 19 00 03 AD CC"
"2026-08-23 00:44:16.875","01 01 01 00 51 88"
"2026-08-23 00:44:17.364","01 02 00 04 00 0C 39 CE"
"2026-08-23 00:44:17.376","01 02 02 00 00 B9 B8"
"2026-08-23 00:44:17.854","01 03 04 EC 00 0C 85 0A"
"2026-08-23 00:44:17.897","01 03 18 27 0F 00 1A 00 2A 00 4D 00 74 00 AC 00 E9 01 3C 01 8F 01 F6 02 6D 02 E8 44 3D"
"2026-08-23 00:44:18.357","01 04 00 56 00 03 50 1B"
"2026-08-23 00:44:18.378","01 04 06 03 8E 00 00 00 00 08 BF"
"2026-08-23 00:44:19.358","01 06 01 41 00 0A 58 25"
"2026-08-23 00:44:19.369","01 06 01 41 00 0A 58 25"
"2026-08-23 00:44:19.870","01 10 0B 13 00 03 06 00 EB 00 75 00 F7 46 75"
"2026-08-23 00:44:19.881","01 10 0B 13 00 03 73 E9"
"2026-08-23 00:44:19.893","01 03 04 B0 00 05 85 1E"
"2026-08-23 00:44:19.914","01 03 0A 00 00 00 00 00 00 00 00 00 00 24 B6"
"2026-08-23 00:44:20.363","01 01 00 19 00 03 AD CC"
"2026-08-23 00:44:20.374","01 01 01 00 51 88"
"2026-08-23 00:44:20.863","01 02 00 04 00 0C 39 CE"
"2026-08-23 00:44:20.875","01 02 02 00 00 B9 B8"
"2026-08-23 00:44:21.354","01 03 04 EC 00 0C 85 0A"
"2026-08-23 00:44:21.396","01 03 18 27 0F 00 1A 00 2A 00 4D 00 74 00 AC 00 E9 01 3C 01 8F 01 F6 02 6D 02 E8 44 3D"
"2026-08-23 00:44:21.855","01 04 00 56 00 03 50 1B"
"2026-08-23 00:44:21.877","01 04 06 02 DB 00 00 00 00 05 62"
"2026-08-23 00:44:22.955","01 06 04 F9 04 06 DA 09"
"2026-08-23 00:44:22.967","01 06 04 F9 04 06 DA 09"
"2026-08-23 00:44:23.364","01 10 0B 13 00 03 06 00 E4 00 69 00 F5 52 73"
"2026-08-23 00:44:23.376","01 10 0B 13 00 03 73 E9"
"2026-08-23 00:44:23.397","01 03 04 B0 00 05 85 1E"
"2026-08-23 00:44:23.418","01 03 0A 00 00 00 00 00 00 00 00 00 00 24 B6"
"2026-08-23 00:44:23.856","01 01 00 19 00 03 AD CC"
"2026-08-23 00:44:23.867","01 01 01 00 51 88"
"2026-08-23 00:44:24.357","01 02 00 04 00 0C 39 CE"
"2026-08-23 00:44:24.368","01 02 02 01 00 B8 28"
"2026-08-23 00:44:24.857","01 03 04 EC 00 0C 85 0A"
"2026-08-23 00:44:24.900","01 03 18 27 0F 00 1A 00 2A 00 4D 00 74 00 AC 00 E9 01 3C 01 8F 01 F6 02 6D 02 E8 44 3D"
"2026-08-23 00:44:25.358","01 04 00 56 00 03 50 1B"
"2026-08-23 00:44:25.380","01 04 06 00 7B 00 00 00 00 84 99"
"2026-08-23 00:44:26.864","01 10 0B 13 00 03 06 00 EA 00 67 00 F0 9A 72"
"2026-08-23 00:44:26.885","01 10 0B 13 00 03 73 E9"
"2026-08-23 00:44:26.896","01 03 04 B0 00 05 85 1E"
"2026-08-23 00:44:26.918","01 03 0A 00 00 00 00 00 00 00 00 00 00 24 B6"
"2026-08-23 00:44:27.356","01 01 00 19 00 03 AD CC"
"2026-08-23 00:44:27.367","01 01 01 00 51 88"
"2026-08-23 00:44:27.856","01 02 00 04 00 0C 39 CE"
"2026-08-23 00:44:27.867","01 02 02 01 00 B8 28"
"2026-08-23 00:44:28.357","01 03 04 EC 00 0C 85 0A"
"2026-08-23 00:44:28.399","01 03 18 27 0F 00 1A 00 2A 00 4D 00 74 00 AC 00 E9 01 3C 01 8F 01 F6 02 6D 02 E8 44 3D"
"2026-08-23 00:44:28.857","01 04 00 56 00 03 50 1B"
"2026-08-23 00:44:28.879","01 04 06 02 55 00 00 00 00 6D 7D"
"2026-08-23 00:44:30.364","01 10 0B 13 00 03 06 00 D9 00 73 00 F5 1E 71"
"2026-08-23 00:44:30.386","01 10 0B 13 00 03 73 E9"
"2026-08-23 00:44:30.397","01 03 04 B0 00 05 85 1E"
"2026-08-23 00:44:30.418","01 03 0A 00 00 00 00 00 00 00 00 00 00 24 B6"
"2026-08-23 00:44:30.856","01 01 00 19 00 03 AD CC"
"2026-08-23 00:44:30.868","01 01 01 00 51 88"
"2026-08-23 00:44:31.357","01 02 00 04 00 0C 39 CE"
"2026-08-23 00:44:31.368","01 02 02 00 00 B9 B8"
"2026-08-23 00:44:31.857","01 03 04 EC 00 0C 85 0A"
"2026-08-23 00:44:31.900","01 03 18 27 0F 00 1A 00 2A 00 4D 00 74 00 AC 00 E9 01 3C 01 8F 01 F6 02 6D 02 E8 44 3D"
"2026-08-23 00:44:32.358","01 04 00 56 00 03 50 1B"
"2026-08-23 00:44:32.380","01 04 06 01 2B 00 00 00 00 45 44"
"2026-08-23 00:44:32.797","01 06 04 F3 01 35 B9 4E"
"2026-08-23 00:44:32.819","01 06 04 F3 01 35 B9 4E"
"2026-08-23 00:44:32.860","01 05 23 34 FF 00 C6 70"
"2026-08-23 00:44:32.872","01 05 23 34 FF 00 C6 70"
"2026-08-23 00:44:33.868","01 10 0B 13 00 03 06 00 EA 00 71 01 02 FB A3"
"2026-08-23 00:44:33.880","01 10 0B 13 00 03 73 E9"
"2026-08-23 00:44:33.891","01 03 04 B0 00 05 85 1E"
"2026-08-23 00:44:33.913","01 03 0A 00 00 00 00 00 00 00 00 00 00 24 B6"
"2026-08-23 00:44:34.362","01 01 00 19 00 03 AD CC"
"2026-08-23 00:44:34.374","01 01 01 00 51 88"
"2026-08-23 00:44:34.863","01 02 00 04 00 0C 39 CE"
"2026-08-23 00:44:34.875","01 02 02 01 00 B8 28"
"2026-08-23 00:44:35.354","01 03 04 EC 00 0C 85 0A"
"2026-08-23 00:44:35.397","01 03 18 27 0F 00 1A 00 2A 00 4D 00 74 00 AC 00 E9 01 35 01 8F 01 F6 02 6D 02 E8 2E 6D"
"2026-08-23 00:44:35.856","01 04 00 56 00 03 50 1B"
"2026-08-23 00:44:35.878","01 04 06 00 96 00 00 00 00 28 8E"
"2026-08-23 00:44:36.358","01 05 23 34 FF 00 C6 70"
"2026-08-23 00:44:36.369","01 05 23 34 FF 00 C6 70"
"2026-08-23 00:44:36.858","01 06 01 41 00 2A 59 FD"
"2026-08-23 00:44:36.880","01 06 01 41 00 2A 59 FD"
"2026-08-23 00:44:37.369","01 10 0B 13 00 03 06 00 D8 00 74 00 F8 53 B5"
"2026-08-23 00:44:37.381","01 10 0B 13 00 03 73 E9"
"2026-08-23 00:44:37.392","01 03 04 B0 00 05 85 1E"
"2026-08-23 00:44:37.413","01 03 0A 00 00 00 00 00 00 00 00 00 00 24 B6"
"2026-08-23 00:44:37.861","01 01 00 19 00 03 AD CC"
"2026-08-23 00:44:37.873","01 01 01 00 51 88"
"2026-08-23 00:44:38.363","01 02 00 04 00 0C 39 CE"
"2026-08-23 00:44:38.375","01 02 02 01 00 B8 28"
"2026-08-23 00:44:38.864","01 03 04 EC 00 0C 85 0A"
"2026-08-23 00:44:38.896","01 03 18 27 0F 00 1A 00 2A 00 4D 00 74 00 AC 00 E9 01 35 01 8F 01 F6 02 6D 02 E8 2E 6D"
"2026-08-23 00:44:39.355","01 04 00 56 00 03 50 1B"
"2026-08-23 00:44:39.377","01 04 06 01 33 00 00 00 00 65 46"
"2026-08-23 00:44:39.857","01 05 23 34 00 00 87 80"
"2026-08-23 00:44:39.869","01 05 23 34 00 00 87 80"
"2026-08-23 00:44:40.868","01 10 0B 13 00 03 06 00 DB 00 74 00 F8 17 B5"
"2026-08-23 00:44:40.880","01 10 0B 13 00 03 73 E9"
"2026-08-23 00:44:40.891","01 03 04 B0 00 05 85 1E"
"2026-08-23 00:44:40.913","01 03 0A 00 00 00 00 00 00 00 00 00 00 24 B6"
"2026-08-23 00:44:41.363","01 01 00 19 00 03 AD CC"
"2026-08-23 00:44:41.374","01 01 01 00 51 88"
"2026-08-23 00:44:41.864","01 02 00 04 00 0C 39 CE"
"2026-08-23 00:44:41.876","01 02 02 00 00 B9 B8"
"2026-08-23 00:44:42.356","01 03 04 EC 00 0C 85 0A"
"2026-08-23 00:44:42.398","01 03 18 27 0F 00 1A 00 2A 00 4D 00 74 00 AC 00 E9 01 35 01 8F 01 F6 02 6D 02 E8 2E 6D"
"2026-08-23 00:44:42.858","01 04 00 56 00 03 50 1B"
"2026-08-23 00:44:42.880","01 04 06 02 BE 00 00 00 00 49 6A"
"2026-08-23 00:44:43.359","01 05 23 34 FF 00 C6 70"
"2026-08-23 00:44:43.371","01 05 23 34 FF 00 C6 70"
"2026-08-23 00:44:44.367","01 10 0B 13 00 03 06 00 F3 00 6F 00 F1 C7 B2"
"2026-08-23 00:44:44.379","01 10 0B 13 00 03 73 E9"
"2026-08-23 00:44:44.390","01 03 04 B0 00 05 85 1E"
"2026-08-23 00:44:44.411","01 03 0A 00 00 00 00 00 00 00 00 00 00 24 B6"
"2026-08-23 00:44:44.859","01 01 00 19 00 03 AD CC"
"2026-08-23 00:44:44.870","01 01 01 00 51 88"
"2026-08-23 00:44:45.359","01 02 00 04 00 0C 39 CE"
"2026-08-23 00:44:45.371","01 02 02 00 00 B9 B8"
"2026-08-23 00:44:45.483","01 06 04 EE 00 2F A9 13"
"2026-08-23 00:44:45.495","01 06 04 EE 00 2F A9 13"
"2026-08-23 00:44:45.861","01 03 04 EC 00 0C 85 0A"
"2026-08-23 00:44:45.893","01 03 18 27 0F 00 1A 00 2F 00 4D 00 74 00 AC 00 E9 01 35 01 8F 01 F6 02 6D 02 E8 E2 A1"
"2026-08-23 00:44:46.363","01 04 00 56 00 03 50 1B"
"2026-08-23 00:44:46.374","01 04 06 00 DB 00 00 00 00 04 80"
"2026-08-23 00:44:47.870","01 10 0B 13 00 03 06 00 F6 00 76 00 F2 9A 74"
"2026-08-23 00:44:47.881","01 10 0B 13 00 03 73 E9"
"2026-08-23 00:44:47.893","01 03 04 B0 00 05 85 1E"
"2026-08-23 00:44:47.914","01 03 0A 00 00 00 00 00 00 00 00 00 00 24 B6"
"2026-08-23 00:44:48.363","01 01 00 19 00 03 AD CC"
"2026-08-23 00:44:48.375","01 01 01 00 51 88"
"2026-08-23 00:44:48.864","01 02 00 04 00 0C 39 CE"
"2026-08-23 00:44:48.875","01 02 02 00 00 B9 B8"
"2026-08-23 00:44:49.355","01 03 04 EC 00 0C 85 0A"
"2026-08-23 00:44:49.397","01 03 18 27 0F 00 1A 00 2F 00 4D 00 74 00 AC 00 E9 01 35 01 8F 01 F6 02 6D 02 E8 E2 A1"
"2026-08-23 00:44:49.856","01 04 00 56 00 03 50 1B"
"2026-08-23 00:44:49.877","01 04 06 03 49 00 00 00 00 BD 6E"
"2026-08-23 00:44:50.356","01 05 23 34 00 00 87 80"
"2026-08-23 00:44:50.368","01 05 23 34 00 00 87 80"
"2026-08-23 00:44:51.366","01 10 0B 13 00 03 06 00 D5 00 6F 00 F0 0F B5"
"2026-08-23 00:44:51.378","01 10 0B 13 00 03 73 E9"
"2026-08-23 00:44:51.390","01 03 04 B0 00 05 85 1E"
"2026-08-23 00:44:51.411","01 03 0A 00 00 00 00 00 00 00 00 00 00 24 B6"
"2026-08-23 00:44:51.860","01 01 00 19 00 03 AD CC"
"2026-08-23 00:44:51.871","01 01 01 00 51 88"
"2026-08-23 00:44:52.361","01 02 00 04 00 0C 39 CE"
"2026-08-23 00:44:52.373","01 02 02 01 00 B8 28"
"2026-08-23 00:44:52.862","01 03 04 EC 00 0C 85 0A"
"2026-08-23 00:44:52.894","01 03 18 27 0F 00 1A 00 2F 00 4D 00 74 00 AC 00 E9 01 35 01 8F 01 F6 02 6D 02 E8 E2 A1"
"2026-08-23 00:44:53.363","01 04 00 56 00 03 50 1B"
"2026-08-23 00:44:53.375","01 04 06 03 4D 00 00 00 00 4C AE"
"2026-08-23 00:44:54.868","01 10 0B 13 00 03 06 00 DE 00 70 01 02 1B A7"
"2026-08-23 00:44:54.880","01 10 0B 13 00 03 73 E9"
"2026-08-23 00:44:54.891","01 03 04 B0 00 05 85 1E"
"2026-08-23 00:44:54.913","01 03 0A 00 00 00 00 00 00 00 00 00 00 24 B6"
"2026-08-23 00:44:55.361","01 01 00 19 00 03 AD CC"
"2026-08-23 00:44:55.372","01 01 01 00 51 88"
"2026-08-23 00:44:55.861","01 02 00 04 00 0C 39 CE"
"2026-08-23 00:44:55.873","01 02 02 01 00 B8 28"
"2026-08-23 00:44:56.362","01 03 04 EC 00 0C 85 0A"
"2026-08-23 00:44:56.394","01 03 18 27 0F 00 1A 00 2F 00 4D 00 74 00 AC 00 E9 01 35 01 8F 01 F6 02 6D 02 E8 E2 A1"
"2026-08-23 00:44:56.863","01 04 00 56 00 03 50 1B"
"2026-08-23 00:44:56.875","01 04 06 02 5A 00 00 00 00 39 7C"
"2026-08-23 00:44:57.314","01 06 04 EF 00 46 38 FD"
"2026-08-23 00:44:57.325","01 06 04 EF 00 46 38 FD"
"2026-08-23 00:44:58.365","01 10 0B 13 00 03 06 00 E5 00 76 00 FB DF B1"
"2026-08-23 00:44:58.377","01 10 0B 13 00 03 73 E9"
"2026-08-23 00:44:58.399","01 03 04 B0 00 05 85 1E"
"2026-08-23 00:44:58.421","01 03 0A 00 00 00 00 00 00 00 00 00 00 24 B6"
"2026-08-23 00:44:58.859","01 01 00 19 00 03 AD CC"
"2026-08-23 00:44:58.871","01 01 01 00 51 88"
"2026-08-23 00:44:59.361","01 02 00 04 00 0C 39 CE"
"2026-08-23 00:44:59.372","01 02 02 01 00 B8 28"
"2026-08-23 00:44:59.863","01 03 04 EC 00 0C 85 0A"
"2026-08-23 00:44:59.895","01 03 18 27 0F 00 1A 00 2F 00 46 00 74 00 AC 00 E9 01 35 01 8F 01 F6 02 6D 02 E8 95 93"
"2026-08-23 00:45:00.365","01 04 00 56 00 03 50 1B"
"2026-08-23 00:45:00.377","01 04 06 02 1A 00 00 00 00 38 B3"
"2026-08-23 00:45:01.872","01 10 0B 13 00 03 06 00 E2 00 64 01 03 CA 66"
"2026-08-23 00:45:01.884","01 10 0B 13 00 03 73 E9"
"2026-08-23 00:45:01.895","01 03 04 B0 00 05 85 1E"
"2026-08-23 00:45:01.916","01 03 0A 00 00 00 00 00 00 00 00 00 00 24 B6"
"2026-08-23 00:45:02.365","01 01 00 19 00 03 AD CC"
"2026-08-23 00:45:02.376","01 01 01 00 51 88"
"2026-08-23 00:45:02.856","01 02 00 04 00 0C 39 CE"
"2026-08-23 00:45:02.878","01 02 02 01 00 B8 28"
"2026-08-23 00:45:03.358","01 03 04 EC 00 0C 85 0A"
"2026-08-23 00:45:03.400","01 03 18 27 0F 00 1A 00 2F 00 46 00 74 00 AC 00 E9 01 35 01 8F 01 F6 02 6D 02 E8 95 93"
"2026-08-23 00:45:03.860","01 04 00 56 00 03 50 1B"
"2026-08-23 00:45:03.881","01 04 06 01 27 00 00 00 00 55 45"
"2026-08-23 00:45:04.748","01 06 04 ED 00 15 D9 00"
"2026-08-23 00:45:04.759","01 06 04 ED 00 15 D9 00"
"2026-08-23 00:45:05.371","01 10 0B 13 00 03 06 00 E3 00 65 00 FD 26 76"
"2026-08-23 00:45:05.383","01 10 0B 13 00 03 73 E9"
"2026-08-23 00:45:05.394","01 03 04 B0 00 05 85 1E"
"2026-08-23 00:45:05.415","01 03 0A 00 00 00 00 00 00 00 00 00 00 24 B6"
"2026-08-23 00:45:05.863","01 01 00 19 00 03 AD CC"
"2026-08-23 00:45:05.874","01 01 01 00 51 88"
"2026-08-23 00:45:06.363","01 02 00 04 00 0C 39 CE"
"2026-08-23 00:45:06.375","01 02 02 00 00 B9 B8"
"2026-08-23 00:45:06.863","01 03 04 EC 00 0C 85 0A"
"2026-08-23 00:45:06.895","01 03 18 27 0F 00 15 00 2F 00 46 00 74 00 AC 00 E9 01 35 01 8F 01 F6 02 6D 02 E8 6A 6C"
"2026-08-23 00:45:07.364","01 04 00 56 00 03 50 1B"
"2026-08-23 00:45:07.376","01 04 06 01 24 00 00 00 00 11 45"
"2026-08-23 00:45:07.855","01 05 23 34 FF 00 C6 70"
"2026-08-23 00:45:07.877","01 05 23 34 FF 00 C6 70"
"2026-08-23 00:45:08.356","01 06 01 41 00 0B 99 E5"
"2026-08-23 00:45:08.378","01 06 01 41 00 0B 99 E5"
"2026-08-23 00:45:08.868","01 10 0B 13 00 03 06 00 DF 00 67 00 FB 57 B1"
"2026-08-23 00:45:08.879","01 10 0B 13 00 03 73 E9"
"2026-08-23 00:45:08.890","01 03 04 B0 00 05 85 1E"
"2026-08-23 00:45:08.911","01 03 0A 00 00 00 00 00 00 00 00 00 00 24 B6"
"2026-08-23 00:45:09.360","01 01 00 19 00 03 AD CC"
"2026-08-23 00:45:09.372","01 01 01 00 51 88"
"2026-08-23 00:45:09.862","01 02 00 04 00 0C 39 CE"
"2026-08-23 00:45:09.874","01 02 02 00 00 B9 B8"
"2026-08-23 00:45:10.364","01 03 04 EC 00 0C 85 0A"
"2026-08-23 00:45:10.396","01 03 18 27 0F 00 15 00 2F 00 46 00 74 00 AC 00 E9 01 35 01 8F 01 F6 02 6D 02 E8 6A 6C"
"2026-08-23 00:45:10.856","01 04 00 56 00 03 50 1B"
"2026-08-23 00:45:10.878","01 04 06 00 7C 00 00 00 00 31 59"
"2026-08-23 00:45:11.856","01 06 01 41 00 17 98 2C"
"2026-08-23 00:45:11.877","01 06 01 41 00 17 98 2C"
"2026-08-23 00:45:12.367","01 10 0B 13 00 03 06 00 E1 00 69 01 00 5F A4"
"2026-08-23 00:45:12.379","01 10 0B 13 00 03 73 E9"
"2026-08-23 00:45:12.400","01 03 04 B0 00 05 85 1E"
"2026-08-23 00:45:12.422","01 03 0A 00 00 00 00 00 00 00 00 00 00 24 B6"
"2026-08-23 00:45:12.860","01 01 00 19 00 03 AD CC"
"2026-08-23 00:45:12.872","01 01 01 00 51 88"
"2026-08-23 00:45:13.362","01 02 00 04 00 0C 39 CE"
"2026-08-23 00:45:13.374","01 02 02 00 00 B9 B8"
"2026-08-23 00:45:13.863","01 03 04 EC 00 0C 85 0A"
"2026-08-23 00:45:13.894","01 03 18 27 0F 00 15 00 2F 00 46 00 74 00 AC 00 E9 01 35 01 8F 01 F6 02 6D 02 E8 6A 6C"
"2026-08-23 00:45:14.110","01 06 04 FB 05 5B BB A0"
"2026-08-23 00:45:14.121","01 06 04 FB 05 5B BB A0"
"2026-08-23 00:45:14.356","01 04 00 56 00 03 50 1B"
"2026-08-23 00:45:14.378","01 04 06 03 A0 00 00 00 00 E0 B9"
"2026-08-23 00:45:15.873","01 10 0B 13 00 03 06 00 E8 00 77 00 FB A3 B0"
"2026-08-23 00:45:15.884","01 10 0B 13 00 03 73 E9"
"2026-08-23 00:45:15.896","01 03 04 B0 00 05 85 1E"
"2026-08-23 00:45:15.917","01 03 0A 00 00 00 00 00 00 00 00 00 00 24 B6"
"2026-08-23 00:45:16.356","01 01 00 19 00 03 AD CC"
"2026-08-23 00:45:16.368","01 01 01 00 51 88"
"2026-08-23 00:45:16.857","01 02 00 04 00 0C 39 CE"
"2026-08-23 00:45:16.869","01 02 02 01 00 B8 28"
"2026-08-23 00:45:17.359","01 03 04 EC 00 0C 85 0A"
"2026-08-23 00:45:17.401","01 03 18 27 0F 00 15 00 2F 00 46 00 74 00 AC 00 E9 01 35 01 8F 01 F6 02 6D 02 E8 6A 6C"
"2026-08-23 00:45:17.860","01 04 00 56 00 03 50 1B"
"2026-08-23 00:45:17.882","01 04 06 00 9A 00 00 00 00 38 8F"
"2026-08-23 00:45:19.367","01 10 0B 13 00 03 06 00 CC 00 77 01 03 D3 A5"
"2026-08-23 00:45:19.378","01 10 0B 13 00 03 73 E9"
"2026-08-23 00:45:19.400","01 03 04 B0 00 05 85 1E"
"2026-08-23 00:45:19.421","01 03 0A 00 00 00 00 00 00 00 00 00 00 24 B6"
"2026-08-23 00:45:19.860","01 01 00 19 00 03 AD CC"
"2026-08-23 00:45:19.871","01 01 01 00 51 88"
"2026-08-23 00:45:20.361","01 02 00 04 00 0C 39 CE"
"2026-08-23 00:45:20.373","01 02 02 01 00 B8 28"
"2026-08-23 00:45:20.862","01 03 04 EC 00 0C 85 0A"
"2026-08-23 00:45:20.894","01 03 18 27 0F 00 15 00 2F 00 46 00 74 00 AC 00 E9 01 35 01 8F 01 F6 02 6D 02 E8 6A 6C"
"2026-08-23 00:45:21.363","01 04 00 56 00 03 50 1B"
"2026-08-23 00:45:21.375","01 04 06 01 EE 00 00 00 00 89 55"
"2026-08-23 00:45:21.864","01 05 23 34 FF 00 C6 70"
"2026-08-23 00:45:21.875","01 05 23 34 FF 00 C6 70"
"2026-08-23 00:45:22.364","01 06 01 41 00 0C D8 27"
"2026-08-23 00:45:22.376","01 06 01 41 00 0C D8 27"
"2026-08-23 00:45:22.865","01 10 0B 13 00 03 06 00 DD 00 68 00 FD 9E 70"
"2026-08-23 00:45:22.887","01 10 0B 13 00 03 73 E9"
"2026-08-23 00:45:22.898","01 03 04 B0 00 05 85 1E"
"2026-08-23 00:45:22.920","01 03 0A 00 00 00 00 00 00 00 00 00 00 24 B6"
"2026-08-23 00:45:23.359","01 01 00 19 00 03 AD CC"
"2026-08-23 00:45:23.370","01 01 01 00 51 88"
"2026-08-23 00:45:23.860","01 02 00 04 00 0C 39 CE"
"2026-08-23 00:45:23.871","01 02 02 00 00 B9 B8"
"2026-08-23 00:45:24.361","01 03 04 EC 00 0C 85 0A"
"2026-08-23 00:45:24.403","01 03 18 27 0F 00 15 00 2F 00 46 00 74 00 AC 00 E9 01 35 01 8F 01 F6 02 6D 02 E8 6A 6C"
"2026-08-23 00:45:24.425","01 06 04 F0 00 72 08 EC"
"2026-08-23 00:45:24.436","01 06 04 F0 00 72 08 EC"
"2026-08-23 00:45:24.864","01 04 00 56 00 03 50 1B"
"2026-08-23 00:45:24.876","01 04 06 00 E5 00 00 00 00 2D 45"
"2026-08-23 00:45:26.371","01 10 0B 13 00 03 06 00 F1 00 6A 00 FF 2F B7"
"2026-08-23 00:45:26.383","01 10 0B 13 00 03 73 E9"
"2026-08-23 00:45:26.394","01 03 04 B0 00 05 85 1E"
"2026-08-23 00:45:26.415","01 03 0A 00 00 00 00 00 00 00 00 00 00 24 B6"
"2026-08-23 00:45:26.863","01 01 00 19 00 03 AD CC"
"2026-08-23 00:45:26.874","01 01 01 00 51 88"
"2026-08-23 00:45:27.364","01 02 00 04 00 0C 39 CE"
"2026-08-23 00:45:27.375","01 02 02 00 00 B9 B8"
"2026-08-23 00:45:27.864","01 03 04 EC 00 0C 85 0A"
"2026-08-23 00:45:27.896","01 03 18 27 0F 00 15 00 2F 00 46 00 72 00 AC 00 E9 01 35 01 8F 01 F6 02 6D 02 E8 EC 6E"
"2026-08-23 00:45:28.364","01 04 00 56 00 03 50 1B"
"2026-08-23 00:45:28.376","01 04 06 01 16 00 00 00 00 28 81"
"2026-08-23 00:45:29.363","01 06 01 41 00 0B 99 E5"
"2026-08-23 00:45:29.374","01 06 01 41 00 0B 99 E5"
"2026-08-23 00:45:29.873","01 10 0B 13 00 03 06 00 F8 00 6E 00 F3 B2 72"
"2026-08-23 00:45:29.885","01 10 0B 13 00 03 73 E9"
"2026-08-23 00:45:29.896","01 03 04 B0 00 05 85 1E"
"2026-08-23 00:45:29.917","01 03 0A 00 00 00 00 00 00 00 00 00 00 24 B6"
"2026-08-23 00:45:30.365","01 01 00 19 00 03 AD CC"
"2026-08-23 00:45:30.377","01 01 01 00 51 88"
"2026-08-23 00:45:30.865","01 02 00 04 00 0C 39 CE"
"2026-08-23 00:45:30.876","01 02 02 01 00 B8 28"
"2026-08-23 00:45:31.009","01 06 04 FF 08 8A 3E AD"
"2026-08-23 00:45:31.021","01 06 04 FF 08 8A 3E AD"
"2026-08-23 00:45:31.358","01 03 04 EC 00 0C 85 0A"
"2026-08-23 00:45:31.400","01 03 18 27 0F 00 15 00 2F 00 46 00 72 00 AC 00 E9 01 35 01 8F 01 F6 02 6D 02 E8 EC 6E"
"2026-08-23 00:45:31.858","01 04 00 56 00 03 50 1B"
"2026-08-23 00:45:31.880","01 04 06 02 C4 00 00 00 00 90 A0"
"2026-08-23 00:45:33.365","01 10 0B 13 00 03 06 00 E8 00 74 00 F8 13 B1"
"2026-08-23 00:45:33.387","01 10 0B 13 00 03 73 E9"
"2026-08-23 00:45:33.398","01 03 04 B0 00 05 85 1E"
"2026-08-23 00:45:33.420","01 03 0A 00 00 00 00 00 00 00 00 00 00 24 B6"
"2026-08-23 00:45:33.858","01 01 00 19 00 03 AD CC"
"2026-08-23 00:45:33.870","01 01 01 00 51 88"
"2026-08-23 00:45:34.360","01 02 00 04 00 0C 39 CE"
"2026-08-23 00:45:34.372","01 02 02 00 00 B9 B8"
"2026-08-23 00:45:34.861","01 03 04 EC 00 0C 85 0A"
"2026-08-23 00:45:34.904","01 03 18 27 0F 00 15 00 2F 00 46 00 72 00 AC 00 E9 01 35 01 8F 01 F6 02 6D 02 E8 EC 6E"
"2026-08-23 00:45:35.362","01 04 00 56 00 03 50 1B"
"2026-08-23 00:45:35.374","01 04 06 00 9E 00 00 00 00 C9 4F"
"2026-08-23 00:45:36.361","01 06 01 41 00 30 D8 36"
"2026-08-23 00:45:36.373","01 06 01 41 00 30 D8 36"
"2026-08-23 00:45:36.873","01 10 0B 13 00 03 06 00 EC 00 77 00 F6 93 B5"
"2026-08-23 00:45:36.884","01 10 0B 13 00 03 73 E9"
"2026-08-23 00:45:36.896","01 03 04 B0 00 05 85 1E"
"2026-08-23 00:45:36.917","01 03 0A 00 00 00 00 00 00 00 00 00 00 24 B6"
"2026-08-23 00:45:37.356","01 01 00 19 00 03 AD CC"
"2026-08-23 00:45:37.368","01 01 01 00 51 88"
"2026-08-23 00:45:37.856","01 02 00 04 00 0C 39 CE"
"2026-08-23 00:45:37.878","01 02 02 01 00 B8 28"
"2026-08-23 00:45:38.357","01 03 04 EC 00 0C 85 0A"
"2026-08-23 00:45:38.399","01 03 18 27 0F 00 15 00 2F 00 46 00 72 00 AC 00 E9 01 35 01 8F 01 F6 02 6D 02 E8 EC 6E"
"2026-08-23 00:45:38.857","01 04 00 56 00 03 50 1B"
"2026-08-23 00:45:38.879","01 04 06 01 64 00 00 00 00 10 8A"
"2026-08-23 00:45:40.374","01 10 0B 13 00 03 06 00 D1 00 67 00 F8 7E 71"
"2026-08-23 00:45:40.386","01 10 0B 13 00 03 73 E9"
"2026-08-23 00:45:40.397","01 03 04 B0 00 05 85 1E"
"2026-08-23 00:45:40.418","01 03 0A 00 00 00 00 00 00 00 00 00 00 24 B6"
"2026-08-23 00:45:40.856","01 01 00 19 00 03 AD CC"
"2026-08-23 00:45:40.868","01 01 01 00 51 88"
"2026-08-23 00:45:41.357","01 02 00 04 00 0C 39 CE"
"2026-08-23 00:45:41.369","01 02 02 00 00 B9 B8"
"2026-08-23 00:45:41.857","01 03 04 EC 00 0C 85 0A"
"2026-08-23 00:45:41.899","01 03 18 27 0F 00 15 00 2F 00 46 00 72 00 AC 00 E9 01 35 01 8F 01 F6 02 6D 02 E8 EC 6E"
"2026-08-23 00:45:42.359","01 04 00 56 00 03 50 1B"
"2026-08-23 00:45:42.381","01 04 06 02 03 00 00 00 00 25 71"
"2026-08-23 00:45:43.866","01 10 0B 13 00 03 06 00 D7 00 6E 01 00 26 61"
"2026-08-23 00:45:43.888","01 10 0B 13 00 03 73 E9"
"2026-08-23 00:45:43.899","01 03 04 B0 00 05 85 1E"
"2026-08-23 00:45:43.920","01 03 0A 00 00 00 00 00 00 00 00 00 00 24 B6"
"2026-08-23 00:45:44.359","01 01 00 19 00 03 AD CC"
"2026-08-23 00:45:44.371","01 01 01 00 51 88"
"2026-08-23 00:45:44.860","01 02 00 04 00 0C 39 CE"
"2026-08-23 00:45:44.872","01 02 02 00 00 B9 B8"
"2026-08-23 00:45:45.363","01 03 04 EC 00 0C 85 0A"
"2026-08-23 00:45:45.395","01 03 18 27 0F 00 15 00 2F 00 46 00 72 00 AC 00 E9 01 35 01 8F 01 F6 02 6D 02 E8 EC 6E"
"2026-08-23 00:45:45.426","01 06 04 F3 01 3D B8 88"
"2026-08-23 00:45:45.438","01 06 04 F3 01 3D B8 88"
"2026-08-23 00:45:45.856","01 04 00 56 00 03 50 1B"
"2026-08-23 00:45:45.878","01 04 06 00 7E 00 00 00 00 48 99"
"2026-08-23 00:45:47.373","01 10 0B 13 00 03 06 00 DA 00 66 00 F4 8A 75"
"2026-08-23 00:45:47.385","01 10 0B 13 00 03 73 E9"
"2026-08-23 00:45:47.396","01 03 04 B0 00 05 85 1E"
"2026-08-23 00:45:47.417","01 03 0A 00 00 00 00 00 00 00 00 00 00 24 B6"
"2026-08-23 00:45:47.865","01 01 00 19 00 03 AD CC"
"2026-08-23 00:45:47.877","01 01 01 00 51 88"
"2026-08-23 00:45:48.366","01 02 00 04 00 0C 39 CE"
"2026-08-23 00:45:48.377","01 02 02 01 00 B8 28"
"2026-08-23 00:45:48.866","01 03 04 EC 00 0C 85 0A"
"2026-08-23 00:45:48.898","01 03 18 27 0F 00 15 00 2F 00 46 00 72 00 AC 00 E9 01 3D 01 8F 01 F6 02 6D 02 E8 8B AE"
"2026-08-23 00:45:49.357","01 04 00 56 00 03 50 1B"
"2026-08-23 00:45:49.379","01 04 06 00 66 00 00 00 00 68 9B"
"2026-08-23 00:45:49.857","01 05 23 34 00 00 87 80"
"2026-08-23 00:45:49.879","01 05 23 34 00 00 87 80"
"2026-08-23 00:45:50.865","01 10 0B 13 00 03 06 00 DB 00 6B 00 F0 27 B5"
"2026-08-23 00:45:50.887","01 10 0B 13 00 03 73 E9"
"2026-08-23 00:45:50.898","01 03 04 B0 00 05 85 1E"
"2026-08-23 00:45:50.920","01 03 0A 00 00 00 00 00 00 00 00 00 00 24 B6"
"2026-08-23 00:45:51.358","01 01 00 19 00 03 AD CC"
"2026-08-23 00:45:51.370","01 01 01 00 51 88"
"2026-08-23 00:45:51.859","01 02 00 04 00 0C 39 CE"
"2026-08-23 00:45:51.870","01 02 02 01 00 B8 28"
"2026-08-23 00:45:52.360","01 03 04 EC 00 0C 85 0A"
"2026-08-23 00:45:52.401","01 03 18 27 0F 00 15 00 2F 00 46 00 72 00 AC 00 E9 01 3D 01 8F 01 F6 02 6D 02 E8 8B AE"
"2026-08-23 00:45:52.860","01 04 00 56 00 03 50 1B"
"2026-08-23 00:45:52.882","01 04 06 02 A6 00 00 00 00 69 68"
"2026-08-23 00:45:53.361","01 05 23 34 FF 00 C6 70"
"2026-08-23 00:45:53.372","01 05 23 34 FF 00 C6 70"
"2026-08-23 00:45:54.369","01 10 0B 13 00 03 06 00 F0 00 6C 00 F2 33 B3"
"2026-08-23 00:45:54.380","01 10 0B 13 00 03 73 E9"
"2026-08-23 00:45:54.402","01 03 04 B0 00 05 85 1E"
"2026-08-23 00:45:54.413","01 03 0A 00 00 00 00 00 00 00 00 00 00 24 B6"
"2026-08-23 00:45:54.861","01 01 00 19 00 03 AD CC"
"2026-08-23 00:45:54.873","01 01 01 00 51 88"
"2026-08-23 00:45:55.363","01 02 00 04 00 0C 39 CE"
"2026-08-23 00:45:55.374","01 02 02 01 00 B8 28"
"2026-08-23 00:45:55.864","01 03 04 EC 00 0C 85 0A"
"2026-08-23 00:45:55.896","01 03 18 27 0F 00 15 00 2F 00 46 00 72 00 AC 00 E9 01 3D 01 8F 01 F6 02 6D 02 E8 8B AE"
"2026-08-23 00:45:56.364","01 04 00 56 00 03 50 1B"
"2026-08-23 00:45:56.375","01 04 06 03 31 00 00 00 00 1D 64"
"2026-08-23 00:45:57.413","01 06 04 FA 04 AA 2A 74"
"2026-08-23 00:45:57.424","01 06 04 FA 04 AA 2A 74"
"2026-08-23 00:45:57.873","01 10 0B 13 00 03 06 00 E7 00 6F 00 FC 36 74"
"2026-08-23 00:45:57.884","01 10 0B 13 00 03 73 E9"
"2026-08-23 00:45:57.896","01 03 04 B0 00 05 85 1E"
"2026-08-23 00:45:57.917","01 03 0A 00 00 00 00 00 00 00 00 00 00 24 B6"
"2026-08-23 00:45:58.366","01 01 00 19 00 03 AD CC"
"2026-08-23 00:45:58.377","01 01 01 00 51 88"
"2026-08-23 00:45:58.856","01 02 00 04 00 0C 39 CE"
"2026-08-23 00:45:58.878","01 02 02 01 00 B8 28"
"2026-08-23 00:45:59.358","01 03 04 EC 00 0C 85 0A"
"2026-08-23 00:45:59.400","01 03 18 27 0F 00 15 00 2F 00 46 00 72 00 AC 00 E9 01 3D 01 8F 01 F6 02 6D 02 E8 8B AE"
"2026-08-23 00:45:59.859","01 04 00 56 00 03 50 1B"
"2026-08-23 00:45:59.881","01 04 06 02 48 00 00 00 00 81 7F"
"2026-08-23 00:46:01.374","01 10 0B 13 00 03 06 00 D0 00 64 00 F9 72 71"
"2026-08-23 00:46:01.386","01 10 0B 13 00 03 73 E9"
"2026-08-23 00:46:01.397","01 03 04 B0 00 05 85 1E"
"2026-08-23 00:46:01.418","01 03 0A 00 00 00 00 00 00 00 00 00 00 24 B6"
"2026-08-23 00:46:01.866","01 01 00 19 00 03 AD CC"
"2026-08-23 00:46:01.878","01 01 01 00 51 88"
"2026-08-23 00:46:02.357","01 02 00 04 00 0C 39 CE"
"2026-08-23 00:46:02.369","01 02 02 00 00 B9 B8"
"2026-08-23 00:46:02.858","01 03 04 EC 00 0C 85 0A"
"2026-08-23 00:46:02.900","01 03 18 27 0F 00 15 00 2F 00 46 00 72 00 AC 00 E9 01 3D 01 8F 01 F6 02 6D 02 E8 8B AE"
"2026-08-23 00:46:03.359","01 04 00 56 00 03 50 1B"
"2026-08-23 00:46:03.381","01 04 06 02 F5 00 00 00 00 ED 64"
"2026-08-23 00:46:03.860","01 05 23 34 00 00 87 80"
"2026-08-23 00:46:03.871","01 05 23 34 00 00 87 80"
"2026-08-23 00:46:04.870","01 10 0B 13 00 03 06 00 DE 00 6F 00 F8 AB B2"
"2026-08-23 00:46:04.881","01 10 0B 13 00 03 73 E9"
"2026-08-23 00:46:04.893","01 03 04 B0 00 05 85 1E"
"2026-08-23 00:46:04.914","01 03 0A 00 00 00 00 00 00 00 00 00 00 24 B6"
"2026-08-23 00:46:05.364","01 01 00 19 00 03 AD CC"
"2026-08-23 00:46:05.375","01 01 01 00 51 88"
"2026-08-23 00:46:05.865","01 02 00 04 00 0C 39 CE"
"2026-08-23 00:46:05.877","01 02 02 00 00 B9 B8"
"2026-08-23 00:46:06.367","01 03 04 EC 00 0C 85 0A"
"2026-08-23 00:46:06.399","01 03 18 27 0F 00 15 00 2F 00 46 00 72 00 AC 00 E9 01 3D 01 8F 01 F6 02 6D 02 E8 8B AE"
"2026-08-23 00:46:06.839","01 06 04 F5 01 FC 99 19"
"2026-08-23 00:46:06.851","01 06 04 F5 01 FC 99 19"
"2026-08-23 00:46:06.862","01 04 00 56 00 03 50 1B"
"2026-08-23 00:46:06.884","01 04 06 03 4D 00 00 00 00 4C AE"
"2026-08-23 00:46:08.369","01 10 0B 13 00 03 06 00 CA 00 73 00 FD 9A 74"
"2026-08-23 00:46:08.380","01 10 0B 13 00 03 73 E9"
"2026-08-23 00:46:08.402","01 03 04 B0 00 05 85 1E"
"2026-08-23 00:46:08.423","01 03 0A 00 00 00 00 00 00 00 00 00 00 24 B6"
"2026-08-23 00:46:08.861","01 01 00 19 00 03 AD CC"
"2026-08-23 00:46:08.873","01 01 01 00 51 88"
"2026-08-23 00:46:09.362","01 02 00 04 00 0C 39 CE"
"2026-08-23 00:46:09.374","01 02 02 01 00 B8 28"
"2026-08-23 00:46:09.862","01 03 04 EC 00 0C 85 0A"
"2026-08-23 00:46:09.904","01 03 18 27 0F 00 15 00 2F 00 46 00 72 00 AC 00 E9 01 3D 01 8F 01 FC 02 6D 02 E8 13 AF"
"2026-08-23 00:46:10.363","01 04 00 56 00 03 50 1B"
"2026-08-23 00:46:10.384","01 04 06 01 F2 00 00 00 00 58 97"
"2026-08-23 00:46:11.361","01 06 01 41 00 24 D8 39"
"2026-08-23 00:46:11.372","01 06 01 41 00 24 D8 39"
"2026-08-23 00:46:11.871","01 10 0B 13 00 03 06 00 C9 00 72 00 F9 8E 77"
"2026-08-23 00:46:11.883","01 10 0B 13 00 03 73 E9"
"2026-08-23 00:46:11.894","01 03 04 B0 00 05 85 1E"
"2026-08-23 00:46:11.915","01 03 0A 00 00 00 00 00 00 00 00 00 00 24 B6"
"2026-08-23 00:46:12.364","01 01 00 19 00 03 AD CC"
"2026-08-23 00:46:12.375","01 01 01 00 51 88"
"2026-08-23 00:46:12.864","01 02 00 04 00 0C 39 CE"
"2026-08-23 00:46:12.876","01 02 02 01 00 B8 28"
"2026-08-23 00:46:13.365","01 03 04 EC 00 0C 85 0A"
"2026-08-23 00:46:13.397","01 03 18 27 0F 00 15 00 2F 00 46 00 72 00 AC 00 E9 01 3D 01 8F 01 FC 02 6D 02 E8 13 AF"
"2026-08-23 00:46:13.866","01 04 00 56 00 03 50 1B"
"2026-08-23 00:46:13.877","01 04 06 00 87 00 00 00 00 D4 8D"
"2026-08-23 00:46:15.372","01 10 0B 13 00 03 06 00 E1 00 64 01 00 CE 67"
"2026-08-23 00:46:15.384","01 10 0B 13 00 03 73 E9"
"2026-08-23 00:46:15.395","01 03 04 B0 00 05 85 1E"
"2026-08-23 00:46:15.416","01 03 0A 00 00 00 00 00 00 00 00 00 00 24 B6"
"2026-08-23 00:46:15.864","01 01 00 19 00 03 AD CC"
"2026-08-23 00:46:15.875","01 01 01 00 51 88"
"2026-08-23 00:46:16.365","01 02 00 04 00 0C 39 CE"
"2026-08-23 00:46:16.377","01 02 02 01 00 B8 28"
"2026-08-23 00:46:16.865","01 03 04 EC 00 0C 85 0A"
"2026-08-23 00:46:16.897","01 03 18 27 0F 00 15 00 2F 00 46 00 72 00 AC 00 E9 01 3D 01 8F 01 FC 02 6D 02 E8 13 AF"
"2026-08-23 00:46:17.367","01 04 00 56 00 03 50 1B"
"2026-08-23 00:46:17.378","01 04 06 03 3E 00 00 00 00 49 65"
"2026-08-23 00:46:18.872","01 10 0B 13 00 03 06 00 D6 00 6B 01 03 4B A1"
"2026-08-23 00:46:18.883","01 10 0B 13 00 03 73 E9"
"2026-08-23 00:46:18.895","01 03 04 B0 00 05 85 1E"
"2026-08-23 00:46:18.916","01 03 0A 00 00 00 00 00 00 00 00 00 00 24 B6"
"2026-08-23 00:46:19.365","01 01 00 19 00 03 AD CC"
"2026-08-23 00:46:19.376","01 01 01 00 51 88"
"2026-08-23 00:46:19.866","01 02 00 04 00 0C 39 CE"
"2026-08-23 00:46:19.878","01 02 02 00 00 B9 B8"
"2026-08-23 00:46:19.899","01 06 04 F1 00 AD 18 B4"
"2026-08-23 00:46:19.910","01 06 04 F1 00 AD 18 B4"
"2026-08-23 00:46:20.359","01 03 04 EC 00 0C 85 0A"
"2026-08-23 00:46:20.400","01 03 18 27 0F 00 15 00 2F 00 46 00 72 00 AD 00 E9 01 3D 01 8F 01 FC 02 6D 02 E8 11 2E"
"2026-08-23 00:46:20.859","01 04 00 56 00 03 50 1B"
"2026-08-23 00:46:20.881","01 04 06 02 DE 00 00 00 00 C9 62"
"2026-08-23 00:46:21.360","01 05 23 34 FF 00 C6 70"
"2026-08-23 00:46:21.372","01 05 23 34 FF 00 C6 70"
"2026-08-23 00:46:21.860","01 06 01 41 00 0D 19 E7"
"2026-08-23 00:46:21.882","01 06 01 41 00 0D 19 E7"
"2026-08-23 00:46:22.372","01 10 0B 13 00 03 06 00 D6 00 6B 00 F4 0B B7"
"2026-08-23 00:46:22.384","01 10 0B 13 00 03 73 E9"
"2026-08-23 00:46:22.395","01 03 04 B0 00 05 85 1E"
"2026-08-23 00:46:22.416","01 03 0A 00 00 00 00 00 00 00 00 00 00 24 B6"
"2026-08-23 00:46:22.864","01 01 00 19 00 03 AD CC"
"2026-08-23 00:46:22.876","01 01 01 00 51 88"
"2026-08-23 00:46:23.365","01 02 00 04 00 0C 39 CE"
"2026-08-23 00:46:23.377","01 02 02 00 00 B9 B8"
"2026-08-23 00:46:23.866","01 03 04 EC 00 0C 85 0A"
"2026-08-23 00:46:23.898","01 03 18 27 0F 00 15 00 2F 00 46 00 72 00 AD 00 E9 01 3D 01 8F 01 FC 02 6D 02 E8 11 2E"
"2026-08-23 00:46:24.367","01 04 00 56 00 03 50 1B"
"2026-08-23 00:46:24.378","01 04 06 01 D0 00 00 00 00 A0 90"
"2026-08-23 00:46:24.867","01 05 23 34 FF 00 C6 70"
"2026-08-23 00:46:24.879","01 05 23 34 FF 00 C6 70"
"2026-08-23 00:46:25.866","01 10 0B 13 00 03 06 00 E1 00 75 00 FF DF B2"
"2026-08-23 00:46:25.887","01 10 0B 13 00 03 73 E9"
"2026-08-23 00:46:25.899","01 03 04 B0 00 05 85 1E"
"2026-08-23 00:46:25.920","01 03 0A 00 00 00 00 00 00 00 00 00 00 24 B6"
"2026-08-23 00:46:26.358","01 01 00 19 00 03 AD CC"
"2026-08-23 00:46:26.370","01 01 01 00 51 88"
"2026-08-23 00:46:26.860","01 02 00 04 00 0C 39 CE"
"2026-08-23 00:46:26.872","01 02 02 01 00 B8 28"
"2026-08-23 00:46:27.363","01 03 04 EC 00 0C 85 0A"
"2026-08-23 00:46:27.405","01 03 18 27 0F 00 15 00 2F 00 46 00 72 00 AD 00 E9 01 3D 01 8F 01 FC 02 6D 02 E8 11 2E"
"2026-08-23 00:46:27.865","01 04 00 56 00 03 50 1B"
"2026-08-23 00:46:27.876","01 04 06 03 86 00 00 00 00 E9 7E"
"2026-08-23 00:46:28.366","01 05 23 34 00 00 87 80"
"2026-08-23 00:46:28.378","01 05 23 34 00 00 87 80"
"2026-08-23 00:46:28.867","01 06 01 41 00 0E 59 E6"
"2026-08-23 00:46:28.878","01 06 01 41 00 0E 59 E6"
"2026-08-23 00:46:29.368","01 10 0B 13 00 03 06 00 F2 00 6F 00 F5 FB B1"
"2026-08-23 00:46:29.380","01 10 0B 13 00 03 73 E9"
"2026-08-23 00:46:29.401","01 03 04 B0 00 05 85 1E"
"2026-08-23 00:46:29.422","01 03 0A 00 00 00 00 00 00 00 00 00 00 24 B6"
"2026-08-23 00:46:29.860","01 01 00 19 00 03 AD CC"
"2026-08-23 00:46:29.872","01 01 01 00 51 88"
"2026-08-23 00:46:30.361","01 02 00 04 00 0C 39 CE"
"2026-08-23 00:46:30.372","01 02 02 00 00 B9 B8"
"2026-08-23 00:46:30.861","01 03 04 EC 00 0C 85 0A"
"2026-08-23 00:46:30.904","01 03 18 27 0F 00 15 00 2F 00 46 00 72 00 AD 00 E9 01 3D 01 8F 01 FC 02 6D 02 E8 11 2E"
"2026-08-23 00:46:31.363","01 04 00 56 00 03 50 1B"
"2026-08-23 00:46:31.375","01 04 06 01 81 00 00 00 00 5D 5C"
"2026-08-23 00:46:32.869","01 10 0B 13 00 03 06 00 E8 00 71 00 FB 43 B1"
"2026-08-23 00:46:32.881","01 10 0B 13 00 03 73 E9"
"2026-08-23 00:46:32.902","01 03 04 B0 00 05 85 1E"
"2026-08-23 00:46:32.923","01 03 0A 00 00 00 00 00 00 00 00 00 00 24 B6"
"2026-08-23 00:46:33.250","01 06 04 F1 00 A6 59 73"
"2026-08-23 00:46:33.261","01 06 04 F1 00 A6 59 73"
"2026-08-23 00:46:33.364","01 01 00 19 00 03 AD CC"
"2026-08-23 00:46:33.375","01 01 01 00 51 88"
"2026-08-23 00:46:33.864","01 02 00 04 00 0C 39 CE"
"2026-08-23 00:46:33.875","01 02 02 01 00 B8 28"
"2026-08-23 00:46:34.364","01 03 04 EC 00 0C 85 0A"
"2026-08-23 00:46:34.406","01 03 18 27 0F 00 15 00 2F 00 46 00 72 00 A6 00 E9 01 3D 01 8F 01 FC 02 6D 02 E8 0B A5"
"2026-08-23 00:46:34.865","01 04 00 56 00 03 50 1B"
"2026-08-23 00:46:34.876","01 04 06 02 13 00 00 00 00 E4 B2"
"2026-08-23 00:46:36.370","01 10 0B 13 00 03 06 00 D8 00 72 01 01 72 66"
"2026-08-23 00:46:36.382","01 10 0B 13 00 03 73 E9"
"2026-08-23 00:46:36.403","01 03 04 B0 00 05 85 1E"
"2026-08-23 00:46:36.424","01 03 0A 00 00 00 00 00 00 00 00 00 00 24 B6"
"2026-08-23 00:46:36.862","01 01 00 19 00 03 AD CC"
"2026-08-23 00:46:36.873","01 01 01 00 51 88"
"2026-08-23 00:46:37.363","01 02 00 04 00 0C 39 CE"
"2026-08-23 00:46:37.375","01 02 02 01 00 B8 28"
"2026-08-23 00:46:37.863","01 03 04 EC 00 0C 85 0A"
"2026-08-23 00:46:37.905","01 03 18 27 0F 00 15 00 2F 00 46 00 72 00 A6 00 E9 01 3D 01 8F 01 FC 02 6D 02 E8 0B A5"
"2026-08-23 00:46:38.364","01 04 00 56 00 03 50 1B"
"2026-08-23 00:46:38.376","01 04 06 00 EE 00 00 00 00 88 84"
"2026-08-23 00:46:38.864","01 05 23 34 FF 00 C6 70"
"2026-08-23 00:46:38.876","01 05 23 34 FF 00 C6 70"
"2026-08-23 00:46:39.365","01 06 01 41 00 2A 59 FD"
"2026-08-23 00:46:39.377","01 06 01 41 00 2A 59 FD"
"2026-08-23 00:46:39.875","01 10 0B 13 00 03 06 00 E5 00 64 00 F8 3F B5"
"2026-08-23 00:46:39.887","01 10 0B 13 00 03 73 E9"
"2026-08-23 00:46:39.898","01 03 04 B0 00 05 85 1E"
"2026-08-23 00:46:39.919","01 03 0A 00 00 00 00 00 00 00 00 00 00 24 B6"
"2026-08-23 00:46:40.368","01 01 00 19 00 03 AD CC"
"2026-08-23 00:46:40.380","01 01 01 00 51 88"
"2026-08-23 00:46:40.858","01 02 00 04 00 0C 39 CE"
"2026-08-23 00:46:40.880","01 02 02 01 00 B8 28"
"2026-08-23 00:46:41.360","01 03 04 EC 00 0C 85 0A"
"2026-08-23 00:46:41.402","01 03 18 27 0F 00 15 00 2F 00 46 00 72 00 A6 00 E9 01 3D 01 8F 01 FC 02 6D 02 E8 0B A5"
"2026-08-23 00:46:41.860","01 04 00 56 00 03 50 1B"
"2026-08-23 00:46:41.882","01 04 06 00 6E 00 00 00 00 89 5A"
"2026-08-23 00:46:43.062","01 06 04 ED 00 1B 58 C4"
"2026-08-23 00:46:43.084","01 06 04 ED 00 1B 58 C4"
"2026-08-23 00:46:43.370","01 10 0B 13 00 03 06 00 E9 00 64 00 F5 EE 71"
"2026-08-23 00:46:43.382","01 10 0B 13 00 03 73 E9"
"2026-08-23 00:46:43.403","01 03 04 B0 00 05 85 1E"
"2026-08-23 00:46:43.424","01 03 0A 00 00 00 00 00 00 00 00 00 00 24 B6"
"2026-08-23 00:46:43.863","01 01 00 19 00 03 AD CC"
"2026-08-23 00:46:43.874","01 01 01 00 51 88"
"2026-08-23 00:46:44.364","01 02 00 04 00 0C 39 CE"
"2026-08-23 00:46:44.375","01 02 02 01 00 B8 28"
"2026-08-23 00:46:44.864","01 03 04 EC 00 0C 85 0A"
"2026-08-23 00:46:44.906","01 03 18 27 0F 00 1B 00 2F 00 46 00 72 00 A6 00 E9 01 3D 01 8F 01 FC 02 6D 02 E8 E4 8B"
"2026-08-23 00:46:45.366","01 04 00 56 00 03 50 1B"
"2026-08-23 00:46:45.377","01 04 06 02 B8 00 00 00 00 C1 6A"
"2026-08-23 00:46:45.866","01 05 23 34 00 00 87 80"
"2026-08-23 00:46:45.877","01 05 23 34 00 00 87 80"
"2026-08-23 00:46:46.874","01 10 0B 13 00 03 06 00 E6 00 69 00 F7 AA 72"
"2026-08-23 00:46:46.886","01 10 0B 13 00 03 73 E9"
"2026-08-23 00:46:46.897","01 03 04 B0 00 05 85 1E"
"2026-08-23 00:46:46.919","01 03 0A 00 00 00 00 00 00 00 00 00 00 24 B6"
"2026-08-23 00:46:47.368","01 01 00 19 00 03 AD CC"
"2026-08-23 00:46:47.380","01 01 01 00 51 88"
"2026-08-23 00:46:47.859","01 02 00 04 00 0C 39 CE"
"2026-08-23 00:46:47.880","01 02 02 01 00 B8 28"
"2026-08-23 00:46:48.359","01 03 04 EC 00 0C 85 0A"
"2026-08-23 00:46:48.401","01 03 18 27 0F 00 1B 00 2F 00 46 00 72 00 A6 00 E9 01 3D 01 8F 01 FC 02 6D 02 E8 E4 8B"
"2026-08-23 00:46:48.859","01 04 00 56 00 03 50 1B"
"2026-08-23 00:46:48.881","01 04 06 00 9B 00 00 00 00 05 4F"
"2026-08-23 00:46:49.360","01 05 23 34 00 00 87 80"
"2026-08-23 00:46:49.372","01 05 23 34 00 00 87 80"
"2026-08-23 00:46:50.370","01 10 0B 13 00 03 06 00 E9 00 74 00 FE AE 73"
"2026-08-23 00:46:50.382","01 10 0B 13 00 03 73 E9"
"2026-08-23 00:46:50.403","01 03 04 B0 00 05 85 1E"
"2026-08-23 00:46:50.425","01 03 0A 00 00 00 00 00 00 00 00 00 00 24 B6"
"2026-08-23 00:46:50.863","01 01 00 19 00 03 AD CC"
"2026-08-23 00:46:50.875","01 01 01 00 51 88"
"2026-08-23 00:46:51.365","01 02 00 04 00 0C 39 CE"
"2026-08-23 00:46:51.377","01 02 02 00 00 B9 B8"
"2026-08-23 00:46:51.846","01 06 04 F3 01 3C 79 48"
"2026-08-23 00:46:51.868","01 06 04 F3 01 3C 79 48"
"2026-08-23 00:46:51.879","01 03 04 EC 00 0C 85 0A"
"2026-08-23 00:46:51.911","01 03 18 27 0F 00 1B 00 2F 00 46 00 72 00 A6 00 E9 01 3C 01 8F 01 FC 02 6D 02 E8 E9 1B"
"2026-08-23 00:46:52.381","01 04 00 56 00 03 50 1B"
"2026-08-23 00:46:52.393","01 04 06 03 B5 00 00 00 00 ED 7A"
"2026-08-23 00:46:52.872","01 05 23 34 00 00 87 80"
"2026-08-23 00:46:52.894","01 05 23 34 00 00 87 80"
"2026-08-23 00:46:53.376","01 06 01 41 00 11 18 2E"
"2026-08-23 00:46:53.388","01 06 01 41 00 11 18 2E"
"2026-08-23 00:46:53.887","01 10 0B 13 00 03 06 00 D7 00 73 00 FD 76 76"
"2026-08-23 00:46:53.898","01 10 0B 13 00 03 73 E9"
"2026-08-23 00:46:53.909","01 03 04 B0 00 05 85 1E"
"2026-08-23 00:46:53.931","01 03 0A 00 00 00 00 00 00 00 00 00 00 24 B6"
"2026-08-23 00:46:54.381","01 01 00 19 00 03 AD CC"
"2026-08-23 00:46:54.392","01 01 01 00 51 88"
"2026-08-23 00:46:54.872","01 02 00 04 00 0C 39 CE"
"2026-08-23 00:46:54.894","01 02 02 00 00 B9 B8"
"2026-08-23 00:46:55.374","01 03 04 EC 00 0C 85 0A"
"2026-08-23 00:46:55.416","01 03 18 27 0F 00 1B 00 2F 00 46 00 72 00 A6 00 E9 01 3C 01 8F 01 FC 02 6D 02 E8 E9 1B"
"2026-08-23 00:46:55.876","01 04 00 56 00 03 50 1B"
"2026-08-23 00:46:55.898","01 04 06 02 03 00 00 00 00 25 71"
"2026-08-23 00:46:56.875","01 06 01 41 00 2E 58 3E"
"2026-08-23 00:46:56.886","01 06 01 41 00 2E 58 3E"
"2026-08-23 00:46:57.386","01 10 0B 13 00 03 06 00 F4 00 74 00 F4 C2 76"
"2026-08-23 00:46:57.398","01 10 0B 13 00 03 73 E9"
"2026-08-23 00:46:57.409","01 03 04 B0 00 05 85 1E"
"2026-08-23 00:46:57.430","01 03 0A 00 00 00 00 00 00 00 00 00 00 24 B6"
"2026-08-23 00:46:57.879","01 01 00 19 00 03 AD CC"
"2026-08-23 00:46:57.890","01 01 01 00 51 88"
"2026-08-23 00:46:58.380","01 02 00 04 00 0C 39 CE"
"2026-08-23 00:46:58.392","01 02 02 00 00 B9 B8"
"2026-08-23 00:46:58.880","01 03 04 EC 00 0C 85 0A"
"2026-08-23 00:46:58.912","01 03 18 27 0F 00 1B 00 2F 00 46 00 72 00 A6 00 E9 01 3C 01 8F 01 FC 02 6D 02 E8 E9 1B"
"2026-08-23 00:46:59.382","01 04 00 56 00 03 50 1B"
"2026-08-23 00:46:59.393","01 04 06 00 C7 00 00 00 00 D5 42"
"2026-08-23 00:46:59.872","01 05 23 34 FF 00 C6 70"
"2026-08-23 00:46:59.893","01 05 23 34 FF 00 C6 70"
"2026-08-23 00:47:00.880","01 10 0B 13 00 03 06 00 D9 00 6F 00 F0 1F B4"
"2026-08-23 00:47:00.902","01 10 0B 13 00 03 73 E9"
"2026-08-23 00:47:00.913","01 03 04 B0 00 05 85 1E"
"2026-08-23 00:47:00.934","01 03 0A 00 00 00 00 00 00 00 00 00 00 24 B6"
"2026-08-23 00:47:01.373","01 01 00 19 00 03 AD CC"
"2026-08-23 00:47:01.385","01 01 01 00 51 88"
"2026-08-23 00:47:01.874","01 02 00 04 00 0C 39 CE"
"2026-08-23 00:47:01.885","01 02 02 00 00 B9 B8"
"2026-08-23 00:47:02.375","01 03 04 EC 00 0C 85 0A"
"2026-08-23 00:47:02.417","01 03 18 27 0F 00 1B 00 2F 00 46 00 72 00 A6 00 E9 01 3C 01 8F 01 FC 02 6D 02 E8 E9 1B"
"2026-08-23 00:47:02.876","01 04 00 56 00 03 50 1B"
"2026-08-23 00:47:02.898","01 04 06 00 D3 00 00 00 00 E5 41"
"2026-08-23 00:47:03.377","01 05 23 34 00 00 87 80"
"2026-08-23 00:47:03.388","01 05 23 34 00 00 87 80"
"2026-08-23 00:47:03.878","01 06 01 41 00 1A 59 E9"
"2026-08-23 00:47:03.890","01 06 01 41 00 1A 59 E9"
"2026-08-23 00:47:04.390","01 10 0B 13 00 03 06 00 F1 00 6F 00 F8 7E 74"
"2026-08-23 00:47:04.401","01 10 0B 13 00 03 73 E9"
"2026-08-23 00:47:04.412","01 03 04 B0 00 05 85 1E"
"2026-08-23 00:47:04.434","01 03 0A 00 00 00 00 00 00 00 00 00 00 24 B6"
"2026-08-23 00:47:04.882","01 01 00 19 00 03 AD CC"
"2026-08-23 00:47:04.893","01 01 01 00 51 88"
"2026-08-23 00:47:05.373","01 02 00 04 00 0C 39 CE"
"2026-08-23 00:47:05.385","01 02 02 00 00 B9 B8"
"2026-08-23 00:47:05.874","01 03 04 EC 00 0C 85 0A"
"2026-08-23 00:47:05.916","01 03 18 27 0F 00 1B 00 2F 00 46 00 72 00 A6 00 E9 01 3C 01 8F 01 FC 02 6D 02 E8 E9 1B"
"2026-08-23 00:47:05.948","01 06 04 FB 05 5B BB A0"
"2026-08-23 00:47:05.959","01 06 04 FB 05 5B BB A0"
"2026-08-23 00:47:06.377","01 04 00 56 00 03 50 1B"
"2026-08-23 00:47:06.398","01 04 06 02 32 00 00 00 00 58 B5"
"2026-08-23 00:47:06.877","01 05 23 34 00 00 87 80"
"2026-08-23 00:47:06.889","01 05 23 34 00 00 87 80"
"2026-08-23 00:47:07.887","01 10 0B 13 00 03 06 00 DD 00 72 00 F1 BF B2"
"2026-08-23 00:47:07.898","01 10 0B 13 00 03 73 E9"
"2026-08-23 00:47:07.909","01 03 04 B0 00 05 85 1E"
"2026-08-23 00:47:07.931","01 03 0A 00 00 00 00 00 00 00 00 00 00 24 B6"
"2026-08-23 00:47:08.379","01 01 00 19 00 03 AD CC"
"2026-08-23 00:47:08.390","01 01 01 00 51 88"
"2026-08-23 00:47:08.879","01 02 00 04 00 0C 39 CE"
"2026-08-23 00:47:08.891","01 02 02 01 00 B8 28"
"2026-08-23 00:47:09.381","01 03 04 EC 00 0C 85 0A"
"2026-08-23 00:47:09.412","01 03 18 27 0F 00 1B 00 2F 00 46 00 72 00 A6 00 E9 01 3C 01 8F 01 FC 02 6D 02 E8 E9 1B"
"2026-08-23 00:47:09.881","01 04 00 56 00 03 50 1B"
"2026-08-23 00:47:09.893","01 04 06 01 CF 00 00 00 00 35 52"
"2026-08-23 00:47:10.879","01 06 01 41 00 1A 59 E9"
"2026-08-23 00:47:10.891","01 06 01 41 00 1A 59 E9"
"2026-08-23 00:47:11.381","01 10 0B 13 00 03 06 00 E1 00 75 00 F7 DE 74"
"2026-08-23 00:47:11.402","01 10 0B 13 00 03 73 E9"
"2026-08-23 00:47:11.413","01 03 04 B0 00 05 85 1E"
"2026-08-23 00:47:11.435","01 03 0A 00 00 00 00 00 00 00 00 00 00 24 B6"
"2026-08-23 00:47:11.883","01 01 00 19 00 03 AD CC"
"2026-08-23 00:47:11.894","01 01 01 00 51 88"
"2026-08-23 00:47:12.373","01 02 00 04 00 0C 39 CE"
"2026-08-23 00:47:12.385","01 02 02 00 00 B9 B8"
"2026-08-23 00:47:12.874","01 03 04 EC 00 0C 85 0A"
"2026-08-23 00:47:12.916","01 03 18 27 0F 00 1B 00 2F 00 46 00 72 00 A6 00 E9 01 3C 01 8F 01 FC 02 6D 02 E8 E9 1B"
"2026-08-23 00:47:13.375","01 04 00 56 00 03 50 1B"
"2026-08-23 00:47:13.397","01 04 06 03 93 00 00 00 00 E4 BD"
"2026-08-23 00:47:14.374","01 06 01 41 00 25 19 F9"
"2026-08-23 00:47:14.395","01 06 01 41 00 25 19 F9"
"2026-08-23 00:47:14.885","01 10 0B 13 00 03 06 00 E4 00 75 00 FA D3 B1"
"2026-08-23 00:47:14.897","01 10 0B 13 00 03 73 E9"
"2026-08-23 00:47:14.908","01 03 04 B0 00 05 85 1E"
"2026-08-23 00:47:14.929","01 03 0A 00 00 00 00 00 00 00 00 00 00 24 B6"
"2026-08-23 00:47:15.379","01 01 00 19 00 03 AD CC"
"2026-08-23 00:47:15.390","01 01 01 00 51 88"
"2026-08-23 00:47:15.880","01 02 00 04 00 0C 39 CE"
"2026-08-23 00:47:15.892","01 02 02 01 00 B8 28"
"2026-08-23 00:47:16.382","01 03 04 EC 00 0C 85 0A"
"2026-08-23 00:47:16.414","01 03 18 27 0F 00 1B 00 2F 00 46 00 72 00 A6 00 E9 01 3C 01 8F 01 FC 02 6D 02 E8 E9 1B"
"2026-08-23 00:47:16.873","01 04 00 56 00 03 50 1B"
"2026-08-23 00:47:16.894","01 04 06 01 8A 00 00 00 00 F8 9D"
"2026-08-23 00:47:18.389","01 10 0B 13 00 03 06 00 D4 00 6A 00 F0 22 74"
"2026-08-23 00:47:18.401","01 10 0B 13 00 03 73 E9"
"2026-08-23 00:47:18.412","01 03 04 B0 00 05 85 1E"
"2026-08-23 00:47:18.433","01 03 0A 00 00 00 00 00 00 00 00 00 00 24 B6"
"2026-08-23 00:47:18.882","01 01 00 19 00 03 AD CC"
"2026-08-23 00:47:18.893","01 01 01 00 51 88"
"2026-08-23 00:47:19.373","01 02 00 04 00 0C 39 CE"
"2026-08-23 00:47:19.384","01 02 02 00 00 B9 B8"
"2026-08-23 00:47:19.873","01 03 04 EC 00 0C 85 0A"
"2026-08-23 00:47:19.915","01 03 18 27 0F 00 1B 00 2F 00 46 00 72 00 A6 00 E9 01 3C 01 8F 01 FC 02 6D 02 E8 E9 1B"
"2026-08-23 00:47:20.374","01 04 00 56 00 03 50 1B"
"2026-08-23 00:47:20.396","01 04 06 01 73 00 00 00 00 64 89"
"2026-08-23 00:47:20.915","01 06 04 F5 01 FE 18 D8"
"2026-08-23 00:47:20.927","01 06 04 F5 01 FE 18 D8"
"2026-08-23 00:47:21.375","01 06 01 41 00 0D 19 E7"
"2026-08-23 00:47:21.387","01 06 01 41 00 0D 19 E7"
"2026-08-23 00:47:21.885","01 10 0B 13 00 03 06 00 CD 00 6F 00 F8 2E 71"
"2026-08-23 00:47:21.897","01 10 0B 13 00 03 73 E9"
"2026-08-23 00:47:21.908","01 03 04 B0 00 05 85 1E"
"2026-08-23 00:47:21.929","01 03 0A 00 00 00 00 00 00 00 00 00 00 24 B6"
"2026-08-23 00:47:22.378","01 01 00 19 00 03 AD CC"
"2026-08-23 00:47:22.389","01 01 01 00 51 88"
"2026-08-23 00:47:22.878","01 02 00 04 00 0C 39 CE"
"2026-08-23 00:47:22.890","01 02 02 01 00 B8 28"
"2026-08-23 00:47:23.379","01 03 04 EC 00 0C 85 0A"
"2026-08-23 00:47:23.421","01 03 18 27 0F 00 1B 00 2F 00 46 00 72 00 A6 00 E9 01 3C 01 8F 01 FE 02 6D 02 E8 90 DB"
"2026-08-23 00:47:23.879","01 04 00 56 00 03 50 1B"
"2026-08-23 00:47:23.891","01 04 06 02 55 00 00 00 00 6D 7D"
"2026-08-23 00:47:25.386","01 10 0B 13 00 03 06 00 CC 00 72 00 FA 02 76"
"2026-08-23 00:47:25.398","01 10 0B 13 00 03 73 E9"
"2026-08-23 00:47:25.409","01 03 04 B0 00 05 85 1E"
"2026-08-23 00:47:25.430","01 03 0A 00 00 00 00 00 00 00 00 00 00 24 B6"
"2026-08-23 00:47:25.878","01 01 00 19 00 03 AD CC"
"2026-08-23 00:47:25.890","01 01 01 00 51 88"
"2026-08-23 00:47:26.023","01 06 04 F5 01 F7 D8 DE"
"2026-08-23 00:47:26.034","01 06 04 F5 01 F7 D8 DE"
"2026-08-23 00:47:26.381","01 02 00 04 00 0C 39 CE"
"2026-08-23 00:47:26.392","01 02 02 01 00 B8 28"
"2026-08-23 00:47:26.881","01 03 04 EC 00 0C 85 0A"
"2026-08-23 00:47:26.913","01 03 18 27 0F 00 1B 00 2F 00 46 00 72 00 A6 00 E9 01 3C 01 8F 01 F7 02 6D 02 E8 4C DA"
"2026-08-23 00:47:27.382","01 04 00 56 00 03 50 1B"
"2026-08-23 00:47:27.394","01 04 06 00 95 00 00 00 00 6C 8E"
"2026-08-23 00:47:28.888","01 10 0B 13 00 03 06 00 F6 00 72 00 F1 9B B4"
"2026-08-23 00:47:28.900","01 10 0B 13 00 03 73 E9"
"2026-08-23 00:47:28.911","01 03 04 B0 00 05 85 1E"
"2026-08-23 00:47:28.933","01 03 0A 00 00 00 00 00 00 00 00 00 00 24 B6"
"2026-08-23 00:47:29.382","01 01 00 19 00 03 AD CC"
"2026-08-23 00:47:29.394","01 01 01 00 51 88"
"2026-08-23 00:47:29.873","01 02 00 04 00 0C 39 CE"
"2026-08-23 00:47:29.895","01 02 02 00 00 B9 B8"
"2026-08-23 00:47:30.375","01 03 04 EC 00 0C 85 0A"
"2026-08-23 00:47:30.417","01 03 18 27 0F 00 1B 00 2F 00 46 00 72 00 A6 00 E9 01 3C 01 8F 01 F7 02 6D 02 E8 4C DA"
"2026-08-23 00:47:30.876","01 04 00 56 00 03 50 1B"
"2026-08-23 00:47:30.897","01 04 06 01 DB 00 00 00 00 05 51"
"2026-08-23 00:47:31.377","01 05 23 34 00 00 87 80"
"2026-08-23 00:47:31.388","01 05 23 34 00 00 87 80"
"2026-08-23 00:47:32.386","01 10 0B 13 00 03 06 00 EF 00 64 00 F0 A6 72"
"2026-08-23 00:47:32.398","01 10 0B 13 00 03 73 E9"
"2026-08-23 00:47:32.409","01 03 04 B0 00 05 85 1E"
"2026-08-23 00:47:32.431","01 03 0A 00 00 00 00 00 00 00 00 00 00 24 B6"
"2026-08-23 00:47:32.880","01 01 00 19 00 03 AD CC"
"2026-08-23 00:47:32.892","01 01 01 00 51 88"
"2026-08-23 00:47:33.373","01 02 00 04 00 0C 39 CE"
"2026-08-23 00:47:33.395","01 02 02 01 00 B8 28"
"2026-08-23 00:47:33.875","01 03 04 EC 00 0C 85 0A"
"2026-08-23 00:47:33.917","01 03 18 27 0F 00 1B 00 2F 00 46 00 72 00 A6 00 E9 01 3C 01 8F 01 F7 02 6D 02 E8 4C DA"
"2026-08-23 00:47:34.378","01 04 00 56 00 03 50 1B"
"2026-08-23 00:47:34.400","01 04 06 02 3F 00 00 00 00 75 74"
"2026-08-23 00:47:35.887","01 10 0B 13 00 03 06 00 E6 00 6D 00 F8 AB B7"
"2026-08-23 00:47:35.898","01 10 0B 13 00 03 73 E9"
"2026-08-23 00:47:35.909","01 03 04 B0 00 05 85 1E"
"2026-08-23 00:47:35.931","01 03 0A 00 00 00 00 00 00 00 00 00 00 24 B6"
"2026-08-23 00:47:36.380","01 01 00 19 00 03 AD CC"
"2026-08-23 00:47:36.391","01 01 01 00 51 88"
"2026-08-23 00:47:36.880","01 02 00 04 00 0C 39 CE"
"2026-08-23 00:47:36.891","01 02 02 00 00 B9 B8"
"2026-08-23 00:47:37.381","01 03 04 EC 00 0C 85 0A"
"2026-08-23 00:47:37.413","01 03 18 27 0F 00 1B 00 2F 00 46 00 72 00 A6 00 E9 01 3C 01 8F 01 F7 02 6D 02 E8 4C DA"
"2026-08-23 00:47:37.872","01 06 04 F2 00 EF 68 85"
"2026-08-23 00:47:37.883","01 06 04 F2 00 EF 68 85"
"2026-08-23 00:47:37.904","01 04 00 56 00 03 50 1B"
"2026-08-23 00:47:37.916","01 04 06 01 2D 00 00 00 00 CD 44"
"2026-08-23 00:47:38.902","01 06 01 41 00 1E 58 2A"
"2026-08-23 00:47:38.913","01 06 01 41 00 1E 58 2A"
"2026-08-23 00:47:39.412","01 10 0B 13 00 03 06 00 EB 00 6A 00 F7 77 B3"
"2026-08-23 00:47:39.424","01 10 0B 13 00 03 73 E9"
"2026-08-23 00:47:39.435","01 03 04 B0 00 05 85 1E"
"2026-08-23 00:47:39.456","01 03 0A 00 00 00 00 00 00 00 00 00 00 24 B6"
"2026-08-23 00:47:39.904","01 01 00 19 00 03 AD CC"
"2026-08-23 00:47:39.916","01 01 01 00 51 88"
"2026-08-23 00:47:40.395","01 02 00 04 00 0C 39 CE"
"2026-08-23 00:47:40.417","01 02 02 00 00 B9 B8"
"2026-08-23 00:47:40.896","01 03 04 EC 00 0C 85 0A"
"2026-08-23 00:47:40.938","01 03 18 27 0F 00 1B 00 2F 00 46 00 72 00 A6 00 EF 01 3C 01 8F 01 F7 02 6D 02 E8 52 52"
"2026-08-23 00:47:41.398","01 04 00 56 00 03 50 1B"
"2026-08-23 00:47:41.419","01 04 06 01 9B 00 00 00 00 04 9E"
"2026-08-23 00:47:42.397","01 06 01 41 00 27 98 38"
"2026-08-23 00:47:42.408","01 06 01 41 00 27 98 38"
"2026-08-23 00:47:42.908","01 10 0B 13 00 03 06 00 F3 00 71 00 FC 66 71"
"2026-08-23 00:47:42.920","01 10 0B 13 00 03 73 E9"
"2026-08-23 00:47:42.931","01 03 04 B0 00 05 85 1E"
"2026-08-23 00:47:42.952","01 03 0A 00 00 00 00 00 00 00 00 00 00 24 B6"
"2026-08-23 00:47:43.401","01 01 00 19 00 03 AD CC"
"2026-08-23 00:47:43.413","01 01 01 00 51 88"
"2026-08-23 00:47:43.903","01 02 00 04 00 0C 39 CE"
"2026-08-23 00:47:43.914","01 02 02 00 00 B9 B8"
"2026-08-23 00:47:44.405","01 03 04 EC 00 0C 85 0A"
"2026-08-23 00:47:44.436","01 03 18 27 0F 00 1B 00 2F 00 46 00 72 00 A6 00 EF 01 3C 01 8F 01 F7 02 6D 02 E8 52 52"
"2026-08-23 00:47:44.834","01 06 04 F1 00 A7 98 B3"
"2026-08-23 00:47:44.845","01 06 04 F1 00 A7 98 B3"
"2026-08-23 00:47:44.897","01 04 00 56 00 03 50 1B"
"2026-08-23 00:47:44.919","01 04 06 02 AD 00 00 00 00 CC A9"
"2026-08-23 00:47:46.403","01 10 0B 13 00 03 06 00 E2 00 6E 00 F4 AA 72"
"2026-08-23 00:47:46.425","01 10 0B 13 00 03 73 E9"
"2026-08-23 00:47:46.436","01 03 04 B0 00 05 85 1E"
"2026-08-23 00:47:46.457","01 03 0A 00 00 00 00 00 00 00 00 00 00 24 B6"
"2026-08-23 00:47:46.895","01 01 00 19 00 03 AD CC"
"2026-08-23 00:47:46.907","01 01 01 00 51 88"
"2026-08-23 00:47:47.397","01 02 00 04 00 0C 39 CE"
"2026-08-23 00:47:47.409","01 02 02 01 00 B8 28"
"2026-08-23 00:47:47.899","01 03 04 EC 00 0C 85 0A"
"2026-08-23 00:47:47.941","01 03 18 27 0F 00 1B 00 2F 00 46 00 72 00 A7 00 EF 01 3C 01 8F 01 F7 02 6D 02 E8 50 D3"
"2026-08-23 00:47:48.400","01 04 00 56 00 03 50 1B"
"2026-08-23 00:47:48.422","01 04 06 03 23 00 00 00 00 A5 67"
"2026-08-23 00:47:48.900","01 05 23 34 00 00 87 80"
"2026-08-23 00:47:48.912","01 05 23 34 00 00 87 80"
"2026-08-23 00:47:49.910","01 10 0B 13 00 03 06 00 EC 00 6E 01 00 C3 A4"
"2026-08-23 00:47:49.922","01 10 0B 13 00 03 73 E9"
"2026-08-23 00:47:49.933","01 03 04 B0 00 05 85 1E"
"2026-08-23 00:47:49.955","01 03 0A 00 00 00 00 00 00 00 00 00 00 24 B6"
"2026-08-23 00:47:50.403","01 01 00 19 00 03 AD CC"
"2026-08-23 00:47:50.414","01 01 01 00 51 88"
"2026-08-23 00:47:50.895","01 02 00 04 00 0C 39 CE"
"2026-08-23 00:47:50.917","01 02 02 01 00 B8 28"
"2026-08-23 00:47:51.397","01 03 04 EC 00 0C 85 0A"
"2026-08-23 00:47:51.439","01 03 18 27 0F 00 1B 00 2F 00 46 00 72 00 A7 00 EF 01 3C 01 8F 01 F7 02 6D 02 E8 50 D3"
"2026-08-23 00:47:51.899","01 04 00 56 00 03 50 1B"
"2026-08-23 00:47:51.921","01 04 06 00 D0 00 00 00 00 A1 41"
"2026-08-23 00:47:52.401","01 05 23 34 FF 00 C6 70"
"2026-08-23 00:47:52.412","01 05 23 34 FF 00 C6 70"
"2026-08-23 00:47:53.409","01 10 0B 13 00 03 06 00 D2 00 70 00 F6 0B B1"
"2026-08-23 00:47:53.420","01 10 0B 13 00 03 73 E9"
"2026-08-23 00:47:53.431","01 03 04 B0 00 05 85 1E"
"2026-08-23 00:47:53.453","01 03 0A 00 00 00 00 00 00 00 00 00 00 24 B6"
"2026-08-23 00:47:53.901","01 01 00 19 00 03 AD CC"
"2026-08-23 00:47:53.912","01 01 01 00 51 88"
"2026-08-23 00:47:54.402","01 02 00 04 00 0C 39 CE"
"2026-08-23 00:47:54.413","01 02 02 00 00 B9 B8"
"2026-08-23 00:47:54.903","01 03 04 EC 00 0C 85 0A"
"2026-08-23 00:47:54.935","01 03 18 27 0F 00 1B 00 2F 00 46 00 72 00 A7 00 EF 01 3C 01 8F 01 F7 02 6D 02 E8 50 D3"
"2026-08-23 00:47:55.404","01 04 00 56 00 03 50 1B"
"2026-08-23 00:47:55.416","01 04 06 02 F6 00 00 00 00 A9 64"
"2026-08-23 00:47:56.911","01 10 0B 13 00 03 06 00 D7 00 75 00 FF 17 B6"
"2026-08-23 00:47:56.922","01 10 0B 13 00 03 73 E9"
"2026-08-23 00:47:56.933","01 03 04 B0 00 05 85 1E"
"2026-08-23 00:47:56.955","01 03 0A 00 00 00 00 00 00 00 00 00 00 24 B6"
"2026-08-23 00:47:57.404","01 01 00 19 00 03 AD CC"
"2026-08-23 00:47:57.415","01 01 01 00 51 88"
"2026-08-23 00:47:57.774","01 06 05 00 09 73 CE B3"
"2026-08-23 00:47:57.785","01 06 05 00 09 73 CE B3"
"2026-08-23 00:47:57.898","01 02 00 04 00 0C 39 CE"
"2026-08-23 00:47:57.909","01 02 02 00 00 B9 B8"
"2026-08-23 00:47:58.398","01 03 04 EC 00 0C 85 0A"
"2026-08-23 00:47:58.440","01 03 18 27 0F 00 1B 00 2F 00 46 00 72 00 A7 00 EF 01 3C 01 8F 01 F7 02 6D 02 E8 50 D3"
"2026-08-23 00:47:58.898","01 04 00 56 00 03 50 1B"
"2026-08-23 00:47:58.920","01 04 06 00 6F 00 00 00 00 B4 9A"
"2026-08-23 00:47:59.399","01 05 23 34 FF 00 C6 70"
"2026-08-23 00:47:59.411","01 05 23 34 FF 00 C6 70"
"2026-08-23 00:48:00.408","01 10 0B 13 00 03 06 00 CE 00 77 00 F6 6B B2"
"2026-08-23 00:48:00.420","01 10 0B 13 00 03 73 E9"
"2026-08-23 00:48:00.431","01 03 04 B0 00 05 85 1E"
"2026-08-23 00:48:00.453","01 03 0A 00 00 00 00 00 00 00 00 00 00 24 B6"
"2026-08-23 00:48:00.902","01 01 00 19 00 03 AD CC"
"2026-08-23 00:48:00.913","01 01 01 00 51 88"
"2026-08-23 00:48:01.404","01 02 00 04 00 0C 39 CE"
"2026-08-23 00:48:01.416","01 02 02 01 00 B8 28"
"2026-08-23 00:48:01.905","01 03 04 EC 00 0C 85 0A"
"2026-08-23 00:48:01.937","01 03 18 27 0F 00 1B 00 2F 00 46 00 72 00 A7 00 EF 01 3C 01 8F 01 F7 02 6D 02 E8 50 D3"
"2026-08-23 00:48:02.396","01 04 00 56 00 03 50 1B"
"2026-08-23 00:48:02.418","01 04 06 03 56 00 00 00 00 28 AC"
"2026-08-23 00:48:02.897","01 05 23 34 00 00 87 80"
"2026-08-23 00:48:02.909","01 05 23 34 00 00 87 80"
"2026-08-23 00:48:03.683","01 06 04 F2 00 EC 28 84"
"2026-08-23 00:48:03.695","01 06 04 F2 00 EC 28 84"
"2026-08-23 00:48:03.910","01 10 0B 13 00 03 06 00 D3 00 76 00 FC 56 77"
"2026-08-23 00:48:03.921","01 10 0B 13 00 03 73 E9"
"2026-08-23 00:48:03.932","01 03 04 B0 00 05 85 1E"
"2026-08-23 00:48:03.954","01 03 0A 00 00 00 00 00 00 00 00 00 00 24 B6"
"2026-08-23 00:48:04.402","01 01 00 19 00 03 AD CC"
"2026-08-23 00:48:04.414","01 01 01 00 51 88"
"2026-08-23 00:48:04.904","01 02 00 04 00 0C 39 CE"
"2026-08-23 00:48:04.916","01 02 02 00 00 B9 B8"
"2026-08-23 00:48:05.405","01 03 04 EC 00 0C 85 0A"
"2026-08-23 00:48:05.439","01 03 18 27 0F 00 1B 00 2F 00 46 00 72 00 A7 00 EC 01 3C 01 8F 01 F7 02 6D 02 E8 5F 97"
"2026-08-23 00:48:05.897","01 04 00 56 00 03 50 1B"
"2026-08-23 00:48:05.918","01 04 06 01 A7 00 00 00 00 54 9B"
"2026-08-23 00:48:06.904","01 06 01 41 00 1D 18 2B"
"2026-08-23 00:48:06.915","01 06 01 41 00 1D 18 2B"
"2026-08-23 00:48:07.405","01 10 0B 13 00 03 06 00 EF 00 68 00 F6 E6 73"
"2026-08-23 00:48:07.427","01 10 0B 13 00 03 73 E9"
"2026-08-23 00:48:07.438","01 03 04 B0 00 05 85 1E"
"2026-08-23 00:48:07.460","01 03 0A 00 00 00 00 00 00 00 00 00 00 24 B6"
"2026-08-23 00:48:07.898","01 01 00 19 00 03 AD CC"
"2026-08-23 00:48:07.909","01 01 01 00 51 88"
"2026-08-23 00:48:08.399","01 02 00 04 00 0C 39 CE"
"2026-08-23 00:48:08.410","01 02 02 01 00 B8 28"
"2026-08-23 00:48:08.899","01 03 04 EC 00 0C 85 0A"
"2026-08-23 00:48:08.941","01 03 18 27 0F 00 1B 00 2F 00 46 00 72 00 A7 00 EC 01 3C 01 8F 01 F7 02 6D 02 E8 5F 97"
"2026-08-23 00:48:09.401","01 04 00 56 00 03 50 1B"
"2026-08-23 00:48:09.413","01 04 06 01 B0 00 00 00 00 20 98"
"2026-08-23 00:48:09.903","01 05 23 34 00 00 87 80"
"2026-08-23 00:48:09.915","01 05 23 34 00 00 87 80"
"2026-08-23 00:48:10.904","01 10 0B 13 00 03 06 00 EF 00 6B 00 FE 17 B5"
"2026-08-23 00:48:10.925","01 10 0B 13 00 03 73 E9"
"2026-08-23 00:48:10.937","01 03 04 B0 00 05 85 1E"
"2026-08-23 00:48:10.958","01 03 0A 00 00 00 00 00 00 00 00 00 00 24 B6"
"2026-08-23 00:48:11.400","01 01 00 19 00 03 AD CC"
"2026-08-23 00:48:11.412","01 01 01 00 51 88"
"2026-08-23 00:48:11.901","01 02 00 04 00 0C 39 CE"
"2026-08-23 00:48:11.912","01 02 02 00 00 B9 B8"
"2026-08-23 00:48:12.401","01 03 04 EC 00 0C 85 0A"
"2026-08-23 00:48:12.443","01 03 18 27 0F 00 1B 00 2F 00 46 00 72 00 A7 00 EC 01 3C 01 8F 01 F7 02 6D 02 E8 5F 97"
"2026-08-23 00:48:12.901","01 04 00 56 00 03 50 1B"
"2026-08-23 00:48:12.913","01 04 06 02 52 00 00 00 00 D8 BD"
"2026-08-23 00:48:14.407","01 10 0B 13 00 03 06 00 DA 00 65 01 02 FB A3"
"2026-08-23 00:48:14.419","01 10 0B 13 00 03 73 E9"
"2026-08-23 00:48:14.440","01 03 04 B0 00 05 85 1E"
"2026-08-23 00:48:14.461","01 03 0A 00 00 00 00 00 00 00 00 00 00 24 B6"
"2026-08-23 00:48:14.899","01 01 00 19 00 03 AD CC"
"2026-08-23 00:48:14.911","01 01 01 00 51 88"
"2026-08-23 00:48:15.400","01 02 00 04 00 0C 39 CE"
"2026-08-23 00:48:15.412","01 02 02 01 00 B8 28"
"2026-08-23 00:48:15.901","01 03 04 EC 00 0C 85 0A"
"2026-08-23 00:48:15.943","01 03 18 27 0F 00 1B 00 2F 00 46 00 72 00 A7 00 EC 01 3C 01 8F 01 F7 02 6D 02 E8 5F 97"
"2026-08-23 00:48:16.403","01 04 00 56 00 03 50 1B"
"2026-08-23 00:48:16.415","01 04 06 02 BC 00 00 00 00 30 AA"
"2026-08-23 00:48:17.726","01 06 04 FB 05 59 3A 61"
"2026-08-23 00:48:17.738","01 06 04 FB 05 59 3A 61"
"2026-08-23 00:48:17.913","01 10 0B 13 00 03 06 00 E7 00 72 00 FC A6 72"
"2026-08-23 00:48:17.924","01 10 0B 13 00 03 73 E9"
"2026-08-23 00:48:17.935","01 03 04 B0 00 05 85 1E"
"2026-08-23 00:48:17.957","01 03 0A 00 00 00 00 00 00 00 00 00 00 24 B6"
"2026-08-23 00:48:18.397","01 01 00 19 00 03 AD CC"
"2026-08-23 00:48:18.408","01 01 01 00 51 88"
"2026-08-23 00:48:18.897","01 02 00 04 00 0C 39 CE"
"2026-08-23 00:48:18.909","01 02 02 00 00 B9 B8"
"2026-08-23 00:48:19.399","01 03 04 EC 00 0C 85 0A"
"2026-08-23 00:48:19.442","01 03 18 27 0F 00 1B 00 2F 00 46 00 72 00 A7 00 EC 01 3C 01 8F 01 F7 02 6D 02 E8 5F 97"
"2026-08-23 00:48:19.901","01 04 00 56 00 03 50 1B"
"2026-08-23 00:48:19.913","01 04 06 01 CA 00 00 00 00 F9 52"
"2026-08-23 00:48:20.402","01 05 23 34 FF 00 C6 70"
"2026-08-23 00:48:20.414","01 05 23 34 FF 00 C6 70"
"2026-08-23 00:48:20.903","01 06 01 41 00 0C D8 27"
"2026-08-23 00:48:20.915","01 06 01 41 00 0C D8 27"
"2026-08-23 00:48:21.405","01 10 0B 13 00 03 06 00 ED 00 6B 00 F3 AF B0"
"2026-08-23 00:48:21.427","01 10 0B 13 00 03 73 E9"
"2026-08-23 00:48:21.438","01 03 04 B0 00 05 85 1E"
"2026-08-23 00:48:21.460","01 03 0A 00 00 00 00 00 00 00 00 00 00 24 B6"
"2026-08-23 00:48:21.898","01 01 00 19 00 03 AD CC"
"2026-08-23 00:48:21.909","01 01 01 00 51 88"
"2026-08-23 00:48:22.399","01 02 00 04 00 0C 39 CE"
"2026-08-23 00:48:22.411","01 02 02 01 00 B8 28"
"2026-08-23 00:48:22.899","01 03 04 EC 00 0C 85 0A"
"2026-08-23 00:48:22.941","01 03 18 27 0F 00 1B 00 2F 00 46 00 72 00 A7 00 EC 01 3C 01 8F 01 F7 02 6D 02 E8 5F 97"
"2026-08-23 00:48:23.400","01 04 00 56 00 03 50 1B"
"2026-08-23 00:48:23.423","01 04 06 03 90 00 00 00 00 A0 BD"
"2026-08-23 00:48:24.908","01 10 0B 13 00 03 06 00 DC 00 74 00 F9 63 B5"
"2026-08-23 00:48:24.919","01 10 0B 13 00 03 73 E9"
"2026-08-23 00:48:24.940","01 03 04 B0 00 05 85 1E"
"2026-08-23 00:48:24.961","01 03 0A 00 00 00 00 00 00 00 00 00 00 24 B6"
"2026-08-23 00:48:25.400","01 01 00 19 00 03 AD CC"
"2026-08-23 00:48:25.412","01 01 01 00 51 88"
"2026-08-23 00:48:25.902","01 02 00 04 00 0C 39 CE"
"2026-08-23 00:48:25.914","01 02 02 00 00 B9 B8"
"2026-08-23 00:48:26.403","01 03 04 EC 00 0C 85 0A"
"2026-08-23 00:48:26.435","01 03 18 27 0F 00 1B 00 2F 00 46 00 72 00 A7 00 EC 01 3C 01 8F 01 F7 02 6D 02 E8 5F 97"
"2026-08-23 00:48:26.903","01 04 00 56 00 03 50 1B"
"2026-08-23 00:48:26.915","01 04 06 03 11 00 00 00 00 9C A3"
"2026-08-23 00:48:28.409","01 10 0B 13 00 03 06 00 EA 00 73 01 03 9B A3"
"2026-08-23 00:48:28.421","01 10 0B 13 00 03 73 E9"
"2026-08-23 00:48:28.432","01 03 04 B0 00 05 85 1E"
"2026-08-23 00:48:28.453","01 03 0A 00 00 00 00 00 00 00 00 00 00 24 B6"
"2026-08-23 00:48:28.850","01 06 04 F6 02 6E E8 44"
"2026-08-23 00:48:28.872","01 06 04 F6 02 6E E8 44"
"2026-08-23 00:48:28.904","01 01 00 19 00 03 AD CC"
"2026-08-23 00:48:28.916","01 01 01 00 51 88"
"2026-08-23 00:48:29.396","01 02 00 04 00 0C 39 CE"
"2026-08-23 00:48:29.408","01 02 02 00 00 B9 B8"
"2026-08-23 00:48:29.898","01 03 04 EC 00 0C 85 0A"
"2026-08-23 00:48:29.941","01 03 18 27 0F 00 1B 00 2F 00 46 00 72 00 A7 00 EC 01 3C 01 8F 01 F7 02 6E 02 E8 AF 97"
"2026-08-23 00:48:30.400","01 04 00 56 00 03 50 1B"
"2026-08-23 00:48:30.422","01 04 06 01 38 00 00 00 00 C0 87"
"2026-08-23 00:48:31.906","01 10 0B 13 00 03 06 00 F4 00 6A 00 FF E3 B7"
"2026-08-23 00:48:31.918","01 10 0B 13 00 03 73 E9"
"2026-08-23 00:48:31.939","01 03 04 B0 00 05 85 1E"
"2026-08-23 00:48:31.960","01 03 0A 00 00 00 00 00 00 00 00 00 00 24 B6"
"2026-08-23 00:48:32.399","01 01 00 19 00 03 AD CC"
"2026-08-23 00:48:32.410","01 01 01 00 51 88"
"2026-08-23 00:48:32.900","01 02 00 04 00 0C 39 CE"
"2026-08-23 00:48:32.911","01 02 02 00 00 B9 B8"
"2026-08-23 00:48:33.400","01 03 04 EC 00 0C 85 0A"
"2026-08-23 00:48:33.443","01 03 18 27 0F 00 1B 00 2F 00 46 00 72 00 A7 00 EC 01 3C 01 8F 01 F7 02 6E 02 E8 AF 97"
"2026-08-23 00:48:33.902","01 04 00 56 00 03 50 1B"
"2026-08-23 00:48:33.923","01 04 06 01 C3 00 00 00 00 25 53"
"2026-08-23 00:48:35.408","01 10 0B 13 00 03 06 00 E9 00 6E 00 F8 0F B6"
"2026-08-23 00:48:35.420","01 10 0B 13 00 03 73 E9"
"2026-08-23 00:48:35.441","01 03 04 B0 00 05 85 1E"
"2026-08-23 00:48:35.463","01 03 0A 00 00 00 00 00 00 00 00 00 00 24 B6"
"2026-08-23 00:48:35.903","01 01 00 19 00 03 AD CC"
"2026-08-23 00:48:35.914","01 01 01 00 51 88"
"2026-08-23 00:48:36.404","01 02 00 04 00 0C 39 CE"
"2026-08-23 00:48:36.416","01 02 02 00 00 B9 B8"
"2026-08-23 00:48:36.905","01 03 04 EC 00 0C 85 0A"
"2026-08-23 00:48:36.936","01 03 18 27 0F 00 1B 00 2F 00 46 00 72 00 A7 00 EC 01 3C 01 8F 01 F7 02 6E 02 E8 AF 97"
"2026-08-23 00:48:37.406","01 04 00 56 00 03 50 1B"
"2026-08-23 00:48:37.417","01 04 06 01 16 00 00 00 00 28 81"
"2026-08-23 00:48:37.470","01 06 04 F7 02 EB 78 27"
"2026-08-23 00:48:37.481","01 06 04 F7 02 EB 78 27"
"2026-08-23 00:48:37.898","01 05 23 34 FF 00 C6 70"
"2026-08-23 00:48:37.910","01 05 23 34 FF 00 C6 70"
"2026-08-23 00:48:38.906","01 10 0B 13 00 03 06 00 DF 00 69 00 F3 37 B4"
"2026-08-23 00:48:38.928","01 10 0B 13 00 03 73 E9"
"2026-08-23 00:48:38.939","01 03 04 B0 00 05 85 1E"
"2026-08-23 00:48:38.960","01 03 0A 00 00 00 00 00 00 00 00 00 00 24 B6"
"2026-08-23 00:48:39.398","01 01 00 19 00 03 AD CC"
"2026-08-23 00:48:39.410","01 01 01 00 51 88"
"2026-08-23 00:48:39.899","01 02 00 04 00 0C 39 CE"
"2026-08-23 00:48:39.910","01 02 02 00 00 B9 B8"
"2026-08-23 00:48:40.400","01 03 04 EC 00 0C 85 0A"
"2026-08-23 00:48:40.442","01 03 18 27 0F 00 1B 00 2F 00 46 00 72 00 A7 00 EC 01 3C 01 8F 01 F7 02 6E 02 EB EF 96"
"2026-08-23 00:48:40.901","01 04 00 56 00 03 50 1B"
"2026-08-23 00:48:40.922","01 04 06 01 22 00 00 00 00 99 45"
"2026-08-23 00:48:42.408","01 10 0B 13 00 03 06 00 F9 00 64 00 F7 AE 73"
"2026-08-23 00:48:42.420","01 10 0B 13 00 03 73 E9"
"2026-08-23 00:48:42.431","01 03 04 B0 00 05 85 1E"
"2026-08-23 00:48:42.453","01 03 0A 00 00 00 00 00 00 00 00 00 00 24 B6"
"2026-08-23 00:48:42.902","01 01 00 19 00 03 AD CC"
"2026-08-23 00:48:42.913","01 01 01 00 51 88"
"2026-08-23 00:48:43.037","01 06 04 F5 01 F5 59 1F"
"2026-08-23 00:48:43.048","01 06 04 F5 01 F5 59 1F"
"2026-08-23 00:48:43.405","01 02 00 04 00 0C 39 CE"
"2026-08-23 00:48:43.417","01 02 02 00 00 B9 B8"
"2026-08-23 00:48:43.907","01 03 04 EC 00 0C 85 0A"
"2026-08-23 00:48:43.939","01 03 18 27 0F 00 1B 00 2F 00 46 00 72 00 A7 00 EC 01 3C 01 8F 01 F5 02 6E 02 EB 96 56"
"2026-08-23 00:48:44.398","01 04 00 56 00 03 50 1B"
"2026-08-23 00:48:44.419","01 04 06 00 8A 00 00 00 00 F9 4C"
"2026-08-23 00:48:45.405","01 06 01 41 00 19 19 E8"
"2026-08-23 00:48:45.417","01 06 01 41 00 19 19 E8"
"2026-08-23 00:48:45.906","01 10 0B 13 00 03 06 00 EB 00 6B 00 F3 27 B0"
"2026-08-23 00:48:45.928","01 10 0B 13 00 03 73 E9"
"2026-08-23 00:48:45.939","01 03 04 B0 00 05 85 1E"
"2026-08-23 00:48:45.960","01 03 0A 00 00 00 00 00 00 00 00 00 00 24 B6"
"2026-08-23 00:48:46.398","01 01 00 19 00 03 AD CC"
"2026-08-23 00:48:46.410","01 01 01 00 51 88"
"2026-08-23 00:48:46.898","01 02 00 04 00 0C 39 CE"
"2026-08-23 00:48:46.909","01 02 02 00 00 B9 B8"
"2026-08-23 00:48:47.398","01 03 04 EC 00 0C 85 0A"
"2026-08-23 00:48:47.441","01 03 18 27 0F 00 1B 00 2F 00 46 00 72 00 A7 00 EC 01 3C 01 8F 01 F5 02 6E 02 EB 96 56"
"2026-08-23 00:48:47.899","01 04 00 56 00 03 50 1B"
"2026-08-23 00:48:47.920","01 04 06 00 C2 00 00 00 00 19 42"
"2026-08-23 00:48:48.958","01 06 04 F4 01 98 C9 32"
"2026-08-23 00:48:48.969","01 06 04 F4 01 98 C9 32"
"2026-08-23 00:48:49.408","01 10 0B 13 00 03 06 00 F1 00 6B 00 FD FF B6"
"2026-08-23 00:48:49.420","01 10 0B 13 00 03 73 E9"
"2026-08-23 00:48:49.431","01 03 04 B0 00 05 85 1E"
"2026-08-23 00:48:49.453","01 03 0A 00 00 00 00 00 00 00 00 00 00 24 B6"
"2026-08-23 00:48:49.901","01 01 00 19 00 03 AD CC"
"2026-08-23 00:48:49.913","01 01 01 00 51 88"
"2026-08-23 00:48:50.402","01 02 00 04 00 0C 39 CE"
"2026-08-23 00:48:50.414","01 02 02 01 00 B8 28"
"2026-08-23 00:48:50.902","01 03 04 EC 00 0C 85 0A"
"2026-08-23 00:48:50.944","01 03 18 27 0F 00 1B 00 2F 00 46 00 72 00 A7 00 EC 01 3C 01 98 01 F5 02 6E 02 EB F1 57"
"2026-08-23 00:48:51.403","01 04 00 56 00 03 50 1B"
"2026-08-23 00:48:51.414","01 04 06 03 32 00 00 00 00 59 64"
"2026-08-23 00:48:52.909","01 10 0B 13 00 03 06 00 E9 00 68 00 F8 EF B7"
"2026-08-23 00:48:52.921","01 10 0B 13 00 03 73 E9"
"2026-08-23 00:48:52.932","01 03 04 B0 00 05 85 1E"
"2026-08-23 00:48:52.953","01 03 0A 00 00 00 00 00 00 00 00 00 00 24 B6"
"2026-08-23 00:48:53.402","01 01 00 19 00 03 AD CC"
"2026-08-23 00:48:53.413","01 01 01 00 51 88"
"2026-08-23 00:48:53.903","01 02 00 04 00 0C 39 CE"
"2026-08-23 00:48:53.915","01 02 02 01 00 B8 28"
"2026-08-23 00:48:54.404","01 03 04 EC 00 0C 85 0A"
"2026-08-23 00:48:54.436","01 03 18 27 0F 00 1B 00 2F 00 46 00 72 00 A7 00 EC 01 3C 01 98 01 F5 02 6E 02 EB F1 57"
"2026-08-23 00:48:54.904","01 04 00 56 00 03 50 1B"
"2026-08-23 00:48:54.916","01 04 06 03 B5 00 00 00 00 ED 7A"
"2026-08-23 00:48:55.406","01 05 23 34 FF 00 C6 70"
"2026-08-23 00:48:55.417","01 05 23 34 FF 00 C6 70"
"2026-08-23 00:48:55.521","01 06 04 F0 00 74 88 EE"
"2026-08-23 00:48:55.535","01 06 04 F0 00 74 88 EE"
"2026-08-23 00:48:55.903","01 06 01 41 00 0B 99 E5"
"2026-08-23 00:48:55.914","01 06 01 41 00 0B 99 E5"
"2026-08-23 00:48:56.404","01 10 0B 13 00 03 06 00 F8 00 6E 01 01 32 67"
"2026-08-23 00:48:56.426","01 10 0B 13 00 03 73 E9"
"2026-08-23 00:48:56.437","01 03 04 B0 00 05 85 1E"
"2026-08-23 00:48:56.459","01 03 0A 00 00 00 00 00 00 00 00 00 00 24 B6"
"2026-08-23 00:48:56.906","01 01 00 19 00 03 AD CC"
"2026-08-23 00:48:56.918","01 01 01 00 51 88"
"2026-08-23 00:48:57.397","01 02 00 04 00 0C 39 CE"
"2026-08-23 00:48:57.418","01 02 02 01 00 B8 28"
"2026-08-23 00:48:57.898","01 03 04 EC 00 0C 85 0A"
"2026-08-23 00:48:57.940","01 03 18 27 0F 00 1B 00 2F 00 46 00 74 00 A7 00 EC 01 3C 01 98 01 F5 02 6E 02 EB 77 55"
"2026-08-23 00:48:58.398","01 04 00 56 00 03 50 1B"
"2026-08-23 00:48:58.420","01 04 06 01 6E 00 00 00 00 88 8B"
"2026-08-23 00:48:59.406","01 06 01 41 00 2B 98 3D"
"2026-08-23 00:48:59.418","01 06 01 41 00 2B 98 3D"
"2026-08-23 00:48:59.907","01 10 0B 13 00 03 06 00 DB 00 6E 00 F5 F7 B7"
"2026-08-23 00:48:59.919","01 10 0B 13 00 03 73 E9"
"2026-08-23 00:48:59.940","01 03 04 B0 00 05 85 1E"
"2026-08-23 00:48:59.961","01 03 0A 00 00 00 00 00 00 00 00 00 00 24 B6"
"2026-08-23 00:49:00.399","01 01 00 19 00 03 AD CC"
"2026-08-23 00:49:00.411","01 01 01 00 51 88"
"2026-08-23 00:49:00.899","01 02 00 04 00 0C 39 CE"
"2026-08-23 00:49:00.911","01 02 02 01 00 B8 28"
"2026-08-23 00:49:01.400","01 03 04 EC 00 0C 85 0A"
"2026-08-23 00:49:01.442","01 03 18 27 0F 00 1B 00 2F 00 46 00 74 00 A7 00 EC 01 3C 01 98 01 F5 02 6E 02 EB 77 55"
"2026-08-23 00:49:01.900","01 04 00 56 00 03 50 1B"
"2026-08-23 00:49:01.922","01 04 06 03 4C 00 00 00 00 71 6E"
"2026-08-23 00:49:03.406","01 10 0B 13 00 03 06 00 DC 00 75 00 FA 72 74"
"2026-08-23 00:49:03.428","01 10 0B 13 00 03 73 E9"
"2026-08-23 00:49:03.440","01 03 04 B0 00 05 85 1E"
"2026-08-23 00:49:03.461","01 03 0A 00 00 00 00 00 00 00 00 00 00 24 B6"
"2026-08-23 00:49:03.900","01 01 00 19 00 03 AD CC"
"2026-08-23 00:49:03.912","01 01 01 00 51 88"
"2026-08-23 00:49:04.208","01 06 04 F3 01 38 78 8B"
"2026-08-23 00:49:04.230","01 06 04 F3 01 38 78 8B"
"2026-08-23 00:49:04.404","01 02 00 04 00 0C 39 CE"
"2026-08-23 00:49:04.415","01 02 02 00 00 B9 B8"
"2026-08-23 00:49:04.904","01 03 04 EC 00 0C 85 0A"
"2026-08-23 00:49:04.936","01 03 18 27 0F 00 1B 00 2F 00 46 00 74 00 A7 00 EC 01 38 01 98 01 F5 02 6E 02 EB 45 95"
"2026-08-23 00:49:05.405","01 04 00 56 00 03 50 1B"
"2026-08-23 00:49:05.416","01 04 06 02 0A 00 00 00 00 F9 70"
"2026-08-23 00:49:06.403","01 06 01 41 00 0E 59 E6"
"2026-08-23 00:49:06.415","01 06 01 41 00 0E 59 E6"
"2026-08-23 00:49:06.914","01 10 0B 13 00 03 06 00 E0 00 6B 01 03 83 A5"
"2026-08-23 00:49:06.925","01 10 0B 13 00 03 73 E9"
"2026-08-23 00:49:06.936","01 03 04 B0 00 05 85 1E"
"2026-08-23 00:49:06.957","01 03 0A 00 00 00 00 00 00 00 00 00 00 24 B6"
"2026-08-23 00:49:07.406","01 01 00 19 00 03 AD CC"
"2026-08-23 00:49:07.417","01 01 01 00 51 88"
"2026-08-23 00:49:07.897","01 02 00 04 00 0C 39 CE"
"2026-08-23 00:49:07.918","01 02 02 00 00 B9 B8"
"2026-08-23 00:49:08.398","01 03 04 EC 00 0C 85 0A"
"2026-08-23 00:49:08.441","01 03 18 27 0F 00 1B 00 2F 00 46 00 74 00 A7 00 EC 01 38 01 98 01 F5 02 6E 02 EB 45 95"
"2026-08-23 00:49:08.900","01 04 00 56 00 03 50 1B"
"2026-08-23 00:49:08.922","01 04 06 01 CA 00 00 00 00 F9 52"
"2026-08-23 00:49:09.900","01 06 01 41 00 31 19 F6"
"2026-08-23 00:49:09.911","01 06 01 41 00 31 19 F6"
"2026-08-23 00:49:10.410","01 10 0B 13 00 03 06 00 CE 00 6B 01 00 2B A2"
"2026-08-23 00:49:10.422","01 10 0B 13 00 03 73 E9"
"2026-08-23 00:49:10.433","01 03 04 B0 00 05 85 1E"
"2026-08-23 00:49:10.454","01 03 0A 00 00 00 00 00 00 00 00 00 00 24 B6"
"2026-08-23 00:49:10.902","01 01 00 19 00 03 AD CC"
"2026-08-23 00:49:10.913","01 01 01 00 51 88"
"2026-08-23 00:49:11.403","01 02 00 04 00 0C 39 CE"
"2026-08-23 00:49:11.414","01 02 02 00 00 B9 B8"
"2026-08-23 00:49:11.904","01 03 04 EC 00 0C 85 0A"
"2026-08-23 00:49:11.937","01 03 18 27 0F 00 1B 00 2F 00 46 00 74 00 A7 00 EC 01 38 01 98 01 F5 02 6E 02 EB 45 95"
"2026-08-23 00:49:12.406","01 04 00 56 00 03 50 1B"
"2026-08-23 00:49:12.418","01 04 06 02 25 00 00 00 00 2C B6"
"2026-08-23 00:49:12.898","01 05 23 34 00 00 87 80"
"2026-08-23 00:49:12.910","01 05 23 34 00 00 87 80"
"2026-08-23 00:49:13.907","01 10 0B 13 00 03 06 00 CE 00 77 00 F8 EA 76"
"2026-08-23 00:49:13.928","01 10 0B 13 00 03 73 E9"
"2026-08-23 00:49:13.940","01 03 04 B0 00 05 85 1E"
"2026-08-23 00:49:13.961","01 03 0A 00 00 00 00 00 00 00 00 00 00 24 B6"
"2026-08-23 00:49:14.399","01 01 00 19 00 03 AD CC"
"2026-08-23 00:49:14.410","01 01 01 00 51 88"
"2026-08-23 00:49:14.899","01 02 00 04 00 0C 39 CE"
"2026-08-23 00:49:14.910","01 02 02 00 00 B9 B8"
"2026-08-23 00:49:14.972","01 06 04 F0 00 73 C9 2C"
"2026-08-23 00:49:14.983","01 06 04 F0 00 73 C9 2C"
"2026-08-23 00:49:15.401","01 03 04 EC 00 0C 85 0A"
"2026-08-23 00:49:15.443","01 03 18 27 0F 00 1B 00 2F 00 46 00 73 00 A7 00 EC 01 38 01 98 01 F5 02 6E 02 EB 02 97"
"2026-08-23 00:49:15.902","01 04 00 56 00 03 50 1B"
"2026-08-23 00:49:15.914","01 04 06 01 17 00 00 00 00 15 41"
"2026-08-23 00:49:17.410","01 10 0B 13 00 03 06 00 D8 00 75 00 F0 03 B3"
"2026-08-23 00:49:17.422","01 10 0B 13 00 03 73 E9"
"2026-08-23 00:49:17.433","01 03 04 B0 00 05 85 1E"
"2026-08-23 00:49:17.455","01 03 0A 00 00 00 00 00 00 00 00 00 00 24 B6"
"2026-08-23 00:49:17.904","01 01 00 19 00 03 AD CC"
"2026-08-23 00:49:17.916","01 01 01 00 51 88"
"2026-08-23 00:49:18.406","01 02 00 04 00 0C 39 CE"
"2026-08-23 00:49:18.418","01 02 02 00 00 B9 B8"
"2026-08-23 00:49:18.897","01 03 04 EC 00 0C 85 0A"
"2026-08-23 00:49:18.940","01 03 18 27 0F 00 1B 00 2F 00 46 00 73 00 A7 00 EC 01 38 01 98 01 F5 02 6E 02 EB 02 97"
"2026-08-23 00:49:19.398","01 04 00 56 00 03 50 1B"
"2026-08-23 00:49:19.420","01 04 06 01 DE 00 00 00 00 C9 51"
"2026-08-23 00:49:20.914","01 10 0B 13 00 03 06 00 E7 00 76 00 F9 27 B0"
"2026-08-23 00:49:20.926","01 10 0B 13 00 03 73 E9"
"2026-08-23 00:49:20.937","01 03 04 B0 00 05 85 1E"
"2026-08-23 00:49:20.958","01 03 0A 00 00 00 00 00 00 00 00 00 00 24 B6"
"2026-08-23 00:49:21.407","01 01 00 19 00 03 AD CC"
"2026-08-23 00:49:21.419","01 01 01 00 51 88"
"2026-08-23 00:49:21.898","01 02 00 04 00 0C 39 CE"
"2026-08-23 00:49:21.910","01 02 02 01 00 B8 28"
"2026-08-23 00:49:22.400","01 03 04 EC 00 0C 85 0A"
"2026-08-23 00:49:22.442","01 03 18 27 0F 00 1B 00 2F 00 46 00 73 00 A7 00 EC 01 38 01 98 01 F5 02 6E 02 EB 02 97"
"2026-08-23 00:49:22.901","01 04 00 56 00 03 50 1B"
"2026-08-23 00:49:22.923","01 04 06 00 DD 00 00 00 00 8C 80"
"2026-08-23 00:49:23.900","01 06 01 41 00 17 98 2C"
"2026-08-23 00:49:23.911","01 06 01 41 00 17 98 2C"
"2026-08-23 00:49:24.411","01 10 0B 13 00 03 06 00 DF 00 6F 01 00 96 60"
"2026-08-23 00:49:24.422","01 10 0B 13 00 03 73 E9"
"2026-08-23 00:49:24.434","01 03 04 B0 00 05 85 1E"
"2026-08-23 00:49:24.455","01 03 0A 00 00 00 00 00 00 00 00 00 00 24 B6"
"2026-08-23 00:49:24.903","01 01 00 19 00 03 AD CC"
"2026-08-23 00:49:24.915","01 01 01 00 51 88"
"2026-08-23 00:49:25.403","01 02 00 04 00 0C 39 CE"
"2026-08-23 00:49:25.415","01 02 02 00 00 B9 B8"
"2026-08-23 00:49:25.904","01 03 04 EC 00 0C 85 0A"
"2026-08-23 00:49:25.936","01 03 18 27 0F 00 1B 00 2F 00 46 00 73 00 A7 00 EC 01 38 01 98 01 F5 02 6E 02 EB 02 97"
"2026-08-23 00:49:26.406","01 04 00 56 00 03 50 1B"
"2026-08-23 00:49:26.417","01 04 06 02 6E 00 00 00 00 88 B8"
"2026-08-23 00:49:26.907","01 05 23 34 FF 00 C6 70"
"2026-08-23 00:49:26.918","01 05 23 34 FF 00 C6 70"
"2026-08-23 00:49:27.905","01 10 0B 13 00 03 06 00 EA 00 70 01 02 AA 63"
"2026-08-23 00:49:27.927","01 10 0B 13 00 03 73 E9"
"2026-08-23 00:49:27.938","01 03 04 B0 00 05 85 1E"
"2026-08-23 00:49:27.960","01 03 0A 00 00 00 00 00 00 00 00 00 00 24 B6"
"2026-08-23 00:49:28.398","01 01 00 19 00 03 AD CC"
"2026-08-23 00:49:28.409","01 01 01 00 51 88"
"2026-08-23 00:49:28.908","01 02 00 04 00 0C 39 CE"
"2026-08-23 00:49:28.919","01 02 02 01 00 B8 28"
"2026-08-23 00:49:29.398","01 03 04 EC 00 0C 85 0A"
"2026-08-23 00:49:29.440","01 03 18 27 0F 00 1B 00 2F 00 46 00 73 00 A7 00 EC 01 38 01 98 01 F5 02 6E 02 EB 02 97"
"2026-08-23 00:49:29.543","01 06 04 ED 00 1D D8 C6"
"2026-08-23 00:49:29.564","01 06 04 ED 00 1D D8 C6"
"2026-08-23 00:49:29.901","01 04 00 56 00 03 50 1B"
"2026-08-23 00:49:29.922","01 04 06 03 63 00 00 00 00 A4 A8"
"2026-08-23 00:49:31.406","01 10 0B 13 00 03 06 00 E5 00 70 00 F2 FF B6"
"2026-08-23 00:49:31.428","01 10 0B 13 00 03 73 E9"
"2026-08-23 00:49:31.439","01 03 04 B0 00 05 85 1E"
"2026-08-23 00:49:31.461","01 03 0A 00 00 00 00 00 00 00 00 00 00 24 B6"
"2026-08-23 00:49:31.899","01 01 00 19 00 03 AD CC"
"2026-08-23 00:49:31.911","01 01 01 00 51 88"
"2026-08-23 00:49:32.401","01 02 00 04 00 0C 39 CE"
"2026-08-23 00:49:32.412","01 02 02 00 00 B9 B8"
"2026-08-23 00:49:32.901","01 03 04 EC 00 0C 85 0A"
"2026-08-23 00:49:32.943","01 03 18 27 0F 00 1D 00 2F 00 46 00 73 00 A7 00 EC 01 38 01 98 01 F5 02 6E 02 EB 64 F1"
"2026-08-23 00:49:33.402","01 04 00 56 00 03 50 1B"
"2026-08-23 00:49:33.424","01 04 06 01 2C 00 00 00 00 F0 84"
"2026-08-23 00:49:34.907","01 10 0B 13 00 03 06 00 D6 00 71 01 01 EB A7"
"2026-08-23 00:49:34.919","01 10 0B 13 00 03 73 E9"
"2026-08-23 00:49:34.940","01 03 04 B0 00 05 85 1E"
"2026-08-23 00:49:34.961","01 03 0A 00 00 00 00 00 00 00 00 00 00 24 B6"
"2026-08-23 00:49:35.400","01 01 00 19 00 03 AD CC"
"2026-08-23 00:49:35.412","01 01 01 00 51 88"
"2026-08-23 00:49:35.901","01 02 00 04 00 0C 39 CE"
"2026-08-23 00:49:35.912","01 02 02 01 00 B8 28"
"2026-08-23 00:49:36.402","01 03 04 EC 00 0C 85 0A"
"2026-08-23 00:49:36.444","01 03 18 27 0F 00 1D 00 2F 00 46 00 73 00 A7 00 EC 01 38 01 98 01 F5 02 6E 02 EB 64 F1"
"2026-08-23 00:49:36.902","01 04 00 56 00 03 50 1B"
"2026-08-23 00:49:36.924","01 04 06 01 03 00 00 00 00 25 42"
"2026-08-23 00:49:37.403","01 05 23 34 00 00 87 80"
"2026-08-23 00:49:37.415","01 05 23 34 00 00 87 80"
"2026-08-23 00:49:37.905","01 06 01 41 00 0B 99 E5"
"2026-08-23 00:49:37.917","01 06 01 41 00 0B 99 E5"
"2026-08-23 00:49:38.407","01 10 0B 13 00 03 06 00 D8 00 6C 00 F3 92 75"
"2026-08-23 00:49:38.428","01 10 0B 13 00 03 73 E9"
"2026-08-23 00:49:38.439","01 03 04 B0 00 05 85 1E"
"2026-08-23 00:49:38.461","01 03 0A 00 00 00 00 00 00 00 00 00 00 24 B6"
"2026-08-23 00:49:38.898","01 01 00 19 00 03 AD CC"
"2026-08-23 00:49:38.910","01 01 01 00 51 88"
"2026-08-23 00:49:39.399","01 02 00 04 00 0C 39 CE"
"2026-08-23 00:49:39.410","01 02 02 00 00 B9 B8"
"2026-08-23 00:49:39.899","01 03 04 EC 00 0C 85 0A"
"2026-08-23 00:49:39.941","01 03 18 27 0F 00 1D 00 2F 00 46 00 73 00 A7 00 EC 01 38 01 98 01 F5 02 6E 02 EB 64 F1"
"2026-08-23 00:49:40.400","01 04 00 56 00 03 50 1B"
"2026-08-23 00:49:40.421","01 04 06 03 86 00 00 00 00 E9 7E"
"2026-08-23 00:49:41.915","01 10 0B 13 00 03 06 00 E7 00 76 00 FD 26 73"
"2026-08-23 00:49:41.927","01 10 0B 13 00 03 73 E9"
"2026-08-23 00:49:41.938","01 03 04 B0 00 05 85 1E"
"2026-08-23 00:49:41.959","01 03 0A 00 00 00 00 00 00 00 00 00 00 24 B6"
"2026-08-23 00:49:42.407","01 01 00 19 00 03 AD CC"
"2026-08-23 00:49:42.419","01 01 01 00 51 88"
"2026-08-23 00:49:42.898","01 02 00 04 00 0C 39 CE"
"2026-08-23 00:49:42.919","01 02 02 00 00 B9 B8"
"2026-08-23 00:49:43.104","01 06 04 F4 01 92 49 35"
"2026-08-23 00:49:43.115","01 06 04 F4 01 92 49 35"
"2026-08-23 00:49:43.401","01 03 04 EC 00 0C 85 0A"
"2026-08-23 00:49:43.443","01 03 18 27 0F 00 1D 00 2F 00 46 00 73 00 A7 00 EC 01 38 01 92 01 F5 02 6E 02 EB CE F1"
"2026-08-23 00:49:43.902","01 04 00 56 00 03 50 1B"
"2026-08-23 00:49:43.923","01 04 06 02 96 00 00 00 00 29 6C"
"2026-08-23 00:49:44.402","01 05 23 34 00 00 87 80"
"2026-08-23 00:49:44.413","01 05 23 34 00 00 87 80"
"2026-08-23 00:49:44.902","01 06 01 41 00 0F 98 26"
"2026-08-23 00:49:44.914","01 06 01 41 00 0F 98 26"
"2026-08-23 00:49:45.413","01 10 0B 13 00 03 06 00 DF 00 70 00 F4 A7 B1"
"2026-08-23 00:49:45.424","01 10 0B 13 00 03 73 E9"
"2026-08-23 00:49:45.436","01 03 04 B0 00 05 85 1E"
"2026-08-23 00:49:45.457","01 03 0A 00 00 00 00 00 00 00 00 00 00 24 B6"
"2026-08-23 00:49:45.905","01 01 00 19 00 03 AD CC"
"2026-08-23 00:49:45.917","01 01 01 00 51 88"
"2026-08-23 00:49:46.406","01 02 00 04 00 0C 39 CE"
"2026-08-23 00:49:46.418","01 02 02 00 00 B9 B8"
"2026-08-23 00:49:46.907","01 03 04 EC 00 0C 85 0A"
"2026-08-23 00:49:46.939","01 03 18 27 0F 00 1D 00 2F 00 46 00 73 00 A7 00 EC 01 38 01 92 01 F5 02 6E 02 EB CE F1"
"2026-08-23 00:49:47.408","01 04 00 56 00 03 50 1B"
"2026-08-23 00:49:47.419","01 04 06 03 40 00 00 00 00 61 6F"
"2026-08-23 00:49:47.898","01 05 23 34 00 00 87 80"
"2026-08-23 00:49:47.920","01 05 23 34 00 00 87 80"
"2026-08-23 00:49:48.399","01 06 01 41 00 1E 58 2A"
"2026-08-23 00:49:48.420","01 06 01 41 00 1E 58 2A"
"2026-08-23 00:49:48.909","01 10 0B 13 00 03 06 00 EE 00 6E 01 01 7B A4"
"2026-08-23 00:49:48.920","01 10 0B 13 00 03 73 E9"
"2026-08-23 00:49:48.942","01 03 04 B0 00 05 85 1E"
"2026-08-23 00:49:48.963","01 03 0A 00 00 00 00 00 00 00 00 00 00 24 B6"
"2026-08-23 00:49:49.401","01 01 00 19 00 03 AD CC"
"2026-08-23 00:49:49.413","01 01 01 00 51 88"
"2026-08-23 00:49:49.902","01 02 00 04 00 0C 39 CE"
"2026-08-23 00:49:49.913","01 02 02 00 00 B9 B8"
"2026-08-23 00:49:50.331","01 06 04 FB 05 58 FB A1"
"2026-08-23 00:49:50.342","01 06 04 FB 05 58 FB A1"
"2026-08-23 00:49:50.404","01 03 04 EC 00 0C 85 0A"
"2026-08-23 00:49:50.436","01 03 18 27 0F 00 1D 00 2F 00 46 00 73 00 A7 00 EC 01 38 01 92 01 F5 02 6E 02 EB CE F1"
"2026-08-23 00:49:50.904","01 04 00 56 00 03 50 1B"
"2026-08-23 00:49:50.915","01 04 06 00 8F 00 00 00 00 35 4C"
"2026-08-23 00:49:51.404","01 05 23 34 00 00 87 80"
"2026-08-23 00:49:51.415","01 05 23 34 00 00 87 80"
"2026-08-23 00:49:51.905","01 06 01 41 00 1A 59 E9"
"2026-08-23 00:49:51.916","01 06 01 41 00 1A 59 E9"
"2026-08-23 00:49:52.406","01 10 0B 13 00 03 06 00 E5 00 76 01 02 1E 63"
"2026-08-23 00:49:52.428","01 10 0B 13 00 03 73 E9"
"2026-08-23 00:49:52.439","01 03 04 B0 00 05 85 1E"
"2026-08-23 00:49:52.461","01 03 0A 00 00 00 00 00 00 00 00 00 00 24 B6"
"2026-08-23 00:49:52.898","01 01 00 19 00 03 AD CC"
"2026-08-23 00:49:52.910","01 01 01 00 51 88"
"2026-08-23 00:49:53.399","01 02 00 04 00 0C 39 CE"
"2026-08-23 00:49:53.410","01 02 02 01 00 B8 28"
"2026-08-23 00:49:53.900","01 03 04 EC 00 0C 85 0A"
"2026-08-23 00:49:53.942","01 03 18 27 0F 00 1D 00 2F 00 46 00 73 00 A7 00 EC 01 38 01 92 01 F5 02 6E 02 EB CE F1"
"2026-08-23 00:49:54.400","01 04 00 56 00 03 50 1B"
"2026-08-23 00:49:54.422","01 04 06 03 28 00 00 00 00 00 A6"
"2026-08-23 00:49:55.916","01 10 0B 13 00 03 06 00 F3 00 73 00 FD 06 71"
"2026-08-23 00:49:55.927","01 10 0B 13 00 03 73 E9"
"2026-08-23 00:49:55.939","01 03 04 B0 00 05 85 1E"
"2026-08-23 00:49:55.960","01 03 0A 00 00 00 00 00 00 00 00 00 00 24 B6"
"2026-08-23 00:49:56.408","01 01 00 19 00 03 AD CC"
"2026-08-23 00:49:56.420","01 01 01 00 51 88"
"2026-08-23 00:49:56.898","01 02 00 04 00 0C 39 CE"
"2026-08-23 00:49:56.920","01 02 02 00 00 B9 B8"
"2026-08-23 00:49:57.399","01 03 04 EC 00 0C 85 0A"
"2026-08-23 00:49:57.441","01 03 18 27 0F 00 1D 00 2F 00 46 00 73 00 A7 00 EC 01 38 01 92 01 F5 02 6E 02 EB CE F1"
"2026-08-23 00:49:57.900","01 04 00 56 00 03 50 1B"
"2026-08-23 00:49:57.921","01 04 06 01 A3 00 00 00 00 A5 5B"
"2026-08-23 00:49:58.187","01 06 04 EE 00 2B A8 D0"
"2026-08-23 00:49:58.198","01 06 04 EE 00 2B A8 D0"
"2026-08-23 00:49:58.901","01 06 01 41 00 1C D9 EB"
"2026-08-23 00:49:58.912","01 06 01 41 00 1C D9 EB"
"2026-08-23 00:49:59.412","01 10 0B 13 00 03 06 00 CE 00 65 01 00 4A 61"
"2026-08-23 00:49:59.423","01 10 0B 13 00 03 73 E9"
"2026-08-23 00:49:59.434","01 03 04 B0 00 05 85 1E"
"2026-08-23 00:49:59.456","01 03 0A 00 00 00 00 00 00 00 00 00 00 24 B6"
"2026-08-23 00:49:59.904","01 01 00 19 00 03 AD CC"
"2026-08-23 00:49:59.915","01 01 01 00 51 88"
"2026-08-23 00:50:00.404","01 02 00 04 00 0C 39 CE"
"2026-08-23 00:50:00.416","01 02 02 01 00 B8 28"
"2026-08-23 00:50:00.905","01 03 04 EC 00 0C 85 0A"
"2026-08-23 00:50:00.937","01 03 18 27 0F 00 1D 00 2B 00 46 00 73 00 A7 00 EC 01 38 01 92 01 F5 02 6E 02 EB 3F C1"
"2026-08-23 00:50:01.406","01 04 00 56 00 03 50 1B"
"2026-08-23 00:50:01.418","01 04 06 01 C8 00 00 00 00 80 92"
"2026-08-23 00:50:01.908","01 05 23 34 00 00 87 80"
"2026-08-23 00:50:01.919","01 05 23 34 00 00 87 80"
"2026-08-23 00:50:02.906","01 10 0B 13 00 03 06 00 E7 00 70 00 F8 06 71"
"2026-08-23 00:50:02.928","01 10 0B 13 00 03 73 E9"
"2026-08-23 00:50:02.939","01 03 04 B0 00 05 85 1E"
"2026-08-23 00:50:02.961","01 03 0A 00 00 00 00 00 00 00 00 00 00 24 B6"
"2026-08-23 00:50:03.399","01 01 00 19 00 03 AD CC"
"2026-08-23 00:50:03.410","01 01 01 00 51 88"
"2026-08-23 00:50:03.901","01 02 00 04 00 0C 39 CE"
"2026-08-23 00:50:03.912","01 02 02 01 00 B8 28"
"2026-08-23 00:50:04.403","01 03 04 EC 00 0C 85 0A"
"2026-08-23 00:50:04.445","01 03 18 27 0F 00 1D 00 2B 00 46 00 73 00 A7 00 EC 01 38 01 92 01 F5 02 6E 02 EB 3F C1"
"2026-08-23 00:50:04.772","01 06 04 FA 04 A7 EB B1"
"2026-08-23 00:50:04.784","01 06 04 FA 04 A7 EB B1"
"2026-08-23 00:50:04.907","01 04 00 56 00 03 50 1B"
"2026-08-23 00:50:04.918","01 04 06 02 9C 00 00 00 00 B1 6D"
"2026-08-23 00:50:05.407","01 05 23 34 00 00 87 80"
"2026-08-23 00:50:05.418","01 05 23 34 00 00 87 80"
"2026-08-23 00:50:06.415","01 10 0B 13 00 03 06 00 CE 00 70 01 01 9A 65"
"2026-08-23 00:50:06.427","01 10 0B 13 00 03 73 E9"
"2026-08-23 00:50:06.438","01 03 04 B0 00 05 85 1E"
"2026-08-23 00:50:06.460","01 03 0A 00 00 00 00 00 00 00 00 00 00 24 B6"
"2026-08-23 00:50:06.908","01 01 00 19 00 03 AD CC"
"2026-08-23 00:50:06.919","01 01 01 00 51 88"
"2026-08-23 00:50:07.408","01 02 00 04 00 0C 39 CE"
"2026-08-23 00:50:07.420","01 02 02 00 00 B9 B8"
"2026-08-23 00:50:07.900","01 03 04 EC 00 0C 85 0A"
"2026-08-23 00:50:07.942","01 03 18 27 0F 00 1D 00 2B 00 46 00 73 00 A7 00 EC 01 38 01 92 01 F5 02 6E 02 EB 3F C1"
"2026-08-23 00:50:08.401","01 04 00 56 00 03 50 1B"
"2026-08-23 00:50:08.423","01 04 06 01 89 00 00 00 00 BC 9D"
"2026-08-23 00:50:08.902","01 05 23 34 FF 00 C6 70"
"2026-08-23 00:50:08.914","01 05 23 34 FF 00 C6 70"
"2026-08-23 00:50:09.911","01 10 0B 13 00 03 06 00 CE 00 68 00 FF 9A 72"
"2026-08-23 00:50:09.922","01 10 0B 13 00 03 73 E9"
"2026-08-23 00:50:09.934","01 03 04 B0 00 05 85 1E"
"2026-08-23 00:50:09.955","01 03 0A 00 00 00 00 00 00 00 00 00 00 24 B6"
"2026-08-23 00:50:10.404","01 01 00 19 00 03 AD CC"
"2026-08-23 00:50:10.415","01 01 01 00 51 88"
"2026-08-23 00:50:10.905","01 02 00 04 00 0C 39 CE"
"2026-08-23 00:50:10.917","01 02 02 01 00 B8 28"
"2026-08-23 00:50:11.406","01 03 04 EC 00 0C 85 0A"
"2026-08-23 00:50:11.438","01 03 18 27 0F 00 1D 00 2B 00 46 00 73 00 A7 00 EC 01 38 01 92 01 F5 02 6E 02 EB 3F C1"
"2026-08-23 00:50:11.907","01 04 00 56 00 03 50 1B"
"2026-08-23 00:50:11.918","01 04 06 01 CF 00 00 00 00 35 52"
"2026-08-23 00:50:12.408","01 05 23 34 FF 00 C6 70"
"2026-08-23 00:50:12.419","01 05 23 34 FF 00 C6 70"
"2026-08-23 00:50:12.694","01 06 04 F0 00 71 48 ED"
"2026-08-23 00:50:12.716","01 06 04 F0 00 71 48 ED"
"2026-08-23 00:50:12.901","01 06 01 41 00 1B 98 29"
"2026-08-23 00:50:12.912","01 06 01 41 00 1B 98 29"
"2026-08-23 00:50:13.411","01 10 0B 13 00 03 06 00 F9 00 67 00 FE 9E 75"
"2026-08-23 00:50:13.423","01 10 0B 13 00 03 73 E9"
"2026-08-23 00:50:13.434","01 03 04 B0 00 05 85 1E"
"2026-08-23 00:50:13.456","01 03 0A 00 00 00 00 00 00 00 00 00 00 24 B6"
"2026-08-23 00:50:13.904","01 01 00 19 00 03 AD CC"
"2026-08-23 00:50:13.915","01 01 01 00 51 88"
"2026-08-23 00:50:14.404","01 02 00 04 00 0C 39 CE"
"2026-08-23 00:50:14.415","01 02 02 01 00 B8 28"
"2026-08-23 00:50:14.904","01 03 04 EC 00 0C 85 0A"
"2026-08-23 00:50:14.946","01 03 18 27 0F 00 1D 00 2B 00 46 00 71 00 A7 00 EC 01 38 01 92 01 F5 02 6E 02 EB BD C0"
"2026-08-23 00:50:15.405","01 04 00 56 00 03 50 1B"
"2026-08-23 00:50:15.416","01 04 06 00 FD 00 00 00 00 0D 47"
"2026-08-23 00:50:15.905","01 05 23 34 00 00 87 80"
"2026-08-23 00:50:15.916","01 05 23 34 00 00 87 80"
"2026-08-23 00:50:16.914","01 10 0B 13 00 03 06 00 E7 00 75 00 F7 56 74"
"2026-08-23 00:50:16.925","01 10 0B 13 00 03 73 E9"
"2026-08-23 00:50:16.937","01 03 04 B0 00 05 85 1E"
"2026-08-23 00:50:16.958","01 03 0A 00 00 00 00 00 00 00 00 00 00 24 B6"
"2026-08-23 00:50:17.406","01 01 00 19 00 03 AD CC"
"2026-08-23 00:50:17.417","01 01 01 00 51 88"
"2026-08-23 00:50:17.907","01 02 00 04 00 0C 39 CE"
"2026-08-23 00:50:17.918","01 02 02 01 00 B8 28"
"2026-08-23 00:50:18.408","01 03 04 EC 00 0C 85 0A"
"2026-08-23 00:50:18.440","01 03 18 27 0F 00 1D 00 2B 00 46 00 71 00 A7 00 EC 01 38 01 92 01 F5 02 6E 02 EB BD C0"
"2026-08-23 00:50:18.908","01 04 00 56 00 03 50 1B"
"2026-08-23 00:50:18.920","01 04 06 01 A3 00 00 00 00 A5 5B"
"2026-08-23 00:50:19.907","01 06 01 41 00 2A 59 FD"
"2026-08-23 00:50:19.919","01 06 01 41 00 2A 59 FD"
"2026-08-23 00:50:20.408","01 10 0B 13 00 03 06 00 F9 00 74 00 F3 AE 75"
"2026-08-23 00:50:20.430","01 10 0B 13 00 03 73 E9"
"2026-08-23 00:50:20.441","01 03 04 B0 00 05 85 1E"
"2026-08-23 00:50:20.462","01 03 0A 00 00 00 00 00 00 00 00 00 00 24 B6"
"2026-08-23 00:50:20.900","01 01 00 19 00 03 AD CC"
"2026-08-23 00:50:20.911","01 01 01 00 51 88"
"2026-08-23 00:50:21.400","01 02 00 04 00 0C 39 CE"
"2026-08-23 00:50:21.412","01 02 02 00 00 B9 B8"
"2026-08-23 00:50:21.901","01 03 04 EC 00 0C 85 0A"
"2026-08-23 00:50:21.943","01 03 18 27 0F 00 1D 00 2B 00 46 00 71 00 A7 00 EC 01 38 01 92 01 F5 02 6E 02 EB BD C0"
"2026-08-23 00:50:22.401","01 04 00 56 00 03 50 1B"
"2026-08-23 00:50:22.423","01 04 06 02 08 00 00 00 00 80 B0"
"2026-08-23 00:50:23.399","01 06 01 41 00 16 59 EC"
"2026-08-23 00:50:23.420","01 06 01 41 00 16 59 EC"
"2026-08-23 00:50:23.910","01 10 0B 13 00 03 06 00 E6 00 6F 01 03 4A 64"
"2026-08-23 00:50:23.921","01 10 0B 13 00 03 73 E9"
"2026-08-23 00:50:23.943","01 03 04 B0 00 05 85 1E"
"2026-08-23 00:50:23.964","01 03 0A 00 00 00 00 00 00 00 00 00 00 24 B6"
"2026-08-23 00:50:24.189","01 06 04 F8 03 74 09 DC"
"2026-08-23 00:50:24.201","01 06 04 F8 03 74 09 DC"
"2026-08-23 00:50:24.406","01 01 00 19 00 03 AD CC"
"2026-08-23 00:50:24.417","01 01 01 00 51 88"
"2026-08-23 00:50:24.906","01 02 00 04 00 0C 39 CE"
"2026-08-23 00:50:24.917","01 02 02 00 00 B9 B8"
"2026-08-23 00:50:25.406","01 03 04 EC 00 0C 85 0A"
"2026-08-23 00:50:25.438","01 03 18 27 0F 00 1D 00 2B 00 46 00 71 00 A7 00 EC 01 38 01 92 01 F5 02 6E 02 EB BD C0"
"2026-08-23 00:50:25.907","01 04 00 56 00 03 50 1B"
"2026-08-23 00:50:25.918","01 04 06 01 30 00 00 00 00 21 46"
"2026-08-23 00:50:26.408","01 05 23 34 00 00 87 80"
"2026-08-23 00:50:26.419","01 05 23 34 00 00 87 80"
"2026-08-23 00:50:27.415","01 10 0B 13 00 03 06 00 D0 00 70 00 F3 B2 72"
"2026-08-23 00:50:27.427","01 10 0B 13 00 03 73 E9"
"2026-08-23 00:50:27.438","01 03 04 B0 00 05 85 1E"
"2026-08-23 00:50:27.459","01 03 0A 00 00 00 00 00 00 00 00 00 00 24 B6"
"2026-08-23 00:50:27.907","01 01 00 19 00 03 AD CC"
"2026-08-23 00:50:27.919","01 01 01 00 51 88"
"2026-08-23 00:50:28.408","01 02 00 04 00 0C 39 CE"
"2026-08-23 00:50:28.420","01 02 02 00 00 B9 B8"
"2026-08-23 00:50:28.909","01 03 04 EC 00 0C 85 0A"
"2026-08-23 00:50:28.940","01 03 18 27 0F 00 1D 00 2B 00 46 00 71 00 A7 00 EC 01 38 01 92 01 F5 02 6E 02 EB BD C0"
"2026-08-23 00:50:29.400","01 04 00 56 00 03 50 1B"
"2026-08-23 00:50:29.421","01 04 06 00 CA 00 00 00 00 F8 83"
"2026-08-23 00:50:30.408","01 06 01 41 00 19 19 E8"
"2026-08-23 00:50:30.419","01 06 01 41 00 19 19 E8"
"2026-08-23 00:50:30.745","01 06 04 FE 07 A9 2B 44"
"2026-08-23 00:50:30.757","01 06 04 FE 07 A9 2B 44"
"2026-08-23 00:50:30.910","01 10 0B 13 00 03 06 00 E7 00 6E 00 F7 26 73"
"2026-08-23 00:50:30.922","01 10 0B 13 00 03 73 E9"
"2026-08-23 00:50:30.943","01 03 04 B0 00 05 85 1E"
"2026-08-23 00:50:30.964","01 03 0A 00 00 00 00 00 00 00 00 00 00 24 B6"
"2026-08-23 00:50:31.403","01 01 00 19 00 03 AD CC"
"2026-08-23 00:50:31.414","01 01 01 00 51 88"
"2026-08-23 00:50:31.903","01 02 00 04 00 0C 39 CE"
"2026-08-23 00:50:31.914","01 02 02 00 00 B9 B8"
"2026-08-23 00:50:32.403","01 03 04 EC 00 0C 85 0A"
"2026-08-23 00:50:32.445","01 03 18 27 0F 00 1D 00 2B 00 46 00 71 00 A7 00 EC 01 38 01 92 01 F5 02 6E 02 EB BD C0"
"2026-08-23 00:50:32.904","01 04 00 56 00 03 50 1B"
"2026-08-23 00:50:32.926","01 04 06 00 B6 00 00 00 00 A9 49"
"2026-08-23 00:50:34.410","01 10 0B 13 00 03 06 00 D7 00 75 00 FC 57 B7"
"2026-08-23 00:50:34.421","01 10 0B 13 00 03 73 E9"
"2026-08-23 00:50:34.443","01 03 04 B0 00 05 85 1E"
"2026-08-23 00:50:34.464","01 03 0A 00 00 00 00 00 00 00 00 00 00 24 B6"
"2026-08-23 00:50:34.902","01 01 00 19 00 03 AD CC"
"2026-08-23 00:50:34.913","01 01 01 00 51 88"
"2026-08-23 00:50:35.402","01 02 00 04 00 0C 39 CE"
"2026-08-23 00:50:35.414","01 02 02 00 00 B9 B8"
"2026-08-23 00:50:35.903","01 03 04 EC 00 0C 85 0A"
"2026-08-23 00:50:35.945","01 03 18 27 0F 00 1D 00 2B 00 46 00 71 00 A7 00 EC 01 38 01 92 01 F5 02 6E 02 EB BD C0"
"2026-08-23 00:50:36.403","01 04 00 56 00 03 50 1B"
"2026-08-23 00:50:36.425","01 04 06 03 7A 00 00 00 00 B9 6A"
"2026-08-23 00:50:37.209","01 06 04 FF 08 8E 3F 6E"
"2026-08-23 00:50:37.221","01 06 04 FF 08 8E 3F 6E"
"2026-08-23 00:50:37.915","01 10 0B 13 00 03 06 00 D5 00 75 00 FD EF B7"
"2026-08-23 00:50:37.927","01 10 0B 13 00 03 73 E9"
"2026-08-23 00:50:37.938","01 03 04 B0 00 05 85 1E"
"2026-08-23 00:50:37.960","01 03 0A 00 00 00 00 00 00 00 00 00 00 24 B6"
"2026-08-23 00:50:38.409","01 01 00 19 00 03 AD CC"
"2026-08-23 00:50:38.421","01 01 01 00 51 88"
"2026-08-23 00:50:38.900","01 02 00 04 00 0C 39 CE"
"2026-08-23 00:50:38.912","01 02 02 01 00 B8 28"
"2026-08-23 00:50:39.401","01 03 04 EC 00 0C 85 0A"
"2026-08-23 00:50:39.443","01 03 18 27 0F 00 1D 00 2B 00 46 00 71 00 A7 00 EC 01 38 01 92 01 F5 02 6E 02 EB BD C0"
"2026-08-23 00:50:39.902","01 04 00 56 00 03 50 1B"
"2026-08-23 00:50:39.923","01 04 06 02 D1 00 00 00 00 9D 63"
"2026-08-23 00:50:41.417","01 10 0B 13 00 03 06 00 C9 00 77 00 F8 5F B6"
"2026-08-23 00:50:41.428","01 10 0B 13 00 03 73 E9"
"2026-08-23 00:50:41.439","01 03 04 B0 00 05 85 1E"
"2026-08-23 00:50:41.461","01 03 0A 00 00 00 00 00 00 00 00 00 00 24 B6"
"2026-08-23 00:50:41.909","01 01 00 19 00 03 AD CC"
"2026-08-23 00:50:41.920","01 01 01 00 51 88"
"2026-08-23 00:50:42.399","01 02 00 04 00 0C 39 CE"
"2026-08-23 00:50:42.421","01 02 02 01 00 B8 28"
"2026-08-23 00:50:42.899","01 03 04 EC 00 0C 85 0A"
"2026-08-23 00:50:42.941","01 03 18 27 0F 00 1D 00 2B 00 46 00 71 00 A7 00 EC 01 38 01 92 01 F5 02 6E 02 EB BD C0"
"2026-08-23 00:50:43.400","01 04 00 56 00 03 50 1B"
"2026-08-23 00:50:43.421","01 04 06 00 6A 00 00 00 00 78 9A"
"2026-08-23 00:50:44.915","01 10 0B 13 00 03 06 00 E6 00 65 01 02 AB A6"
"2026-08-23 00:50:44.927","01 10 0B 13 00 03 73 E9"
"2026-08-23 00:50:44.938","01 03 04 B0 00 05 85 1E"
"2026-08-23 00:50:44.959","01 03 0A 00 00 00 00 00 00 00 00 00 00 24 B6"
"2026-08-23 00:50:45.407","01 01 00 19 00 03 AD CC"
"2026-08-23 00:50:45.419","01 01 01 00 51 88"
"2026-08-23 00:50:45.908","01 02 00 04 00 0C 39 CE"
"2026-08-23 00:50:45.919","01 02 02 00 00 B9 B8"
"2026-08-23 00:50:46.408","01 03 04 EC 00 0C 85 0A"
"2026-08-23 00:50:46.440","01 03 18 27 0F 00 1D 00 2B 00 46 00 71 00 A7 00 EC 01 38 01 92 01 F5 02 6E 02 EB BD C0"
"2026-08-23 00:50:46.908","01 04 00 56 00 03 50 1B"
"2026-08-23 00:50:46.919","01 04 06 02 93 00 00 00 00 E5 6C"
"2026-08-23 00:50:47.733","01 06 04 EE 00 2F A9 13"
"2026-08-23 00:50:47.755","01 06 04 EE 00 2F A9 13"
"2026-08-23 00:50:48.417","01 10 0B 13 00 03 06 00 CC 00 76 01 02 43 A5"
"2026-08-23 00:50:48.428","01 10 0B 13 00 03 73 E9"
"2026-08-23 00:50:48.439","01 03 04 B0 00 05 85 1E"
"2026-08-23 00:50:48.461","01 03 0A 00 00 00 00 00 00 00 00 00 00 24 B6"
"2026-08-23 00:50:48.909","01 01 00 19 00 03 AD CC"
"2026-08-23 00:50:48.920","01 01 01 00 51 88"
"2026-08-23 00:50:49.399","01 02 00 04 00 0C 39 CE"
"2026-08-23 00:50:49.421","01 02 02 01 00 B8 28"
"2026-08-23 00:50:49.900","01 03 04 EC 00 0C 85 0A"
"2026-08-23 00:50:49.942","01 03 18 27 0F 00 1D 00 2F 00 46 00 71 00 A7 00 EC 01 38 01 92 01 F5 02 6E 02 EB 4C F0"
"2026-08-23 00:50:50.401","01 04 00 56 00 03 50 1B"
"2026-08-23 00:50:50.422","01 04 06 01 A2 00 00 00 00 98 9B"
"2026-08-23 00:50:51.408","01 06 01 41 00 30 D8 36"
"2026-08-23 00:50:51.420","01 06 01 41 00 30 D8 36"
"2026-08-23 00:50:51.909","01 10 0B 13 00 03 06 00 D3 00 76 00 F0 56 72"
"2026-08-23 00:50:51.930","01 10 0B 13 00 03 73 E9"
"2026-08-23 00:50:51.941","01 03 04 B0 00 05 85 1E"
"2026-08-23 00:50:51.963","01 03 0A 00 00 00 00 00 00 00 00 00 00 24 B6"
"2026-08-23 00:50:52.401","01 01 00 19 00 03 AD CC"
"2026-08-23 00:50:52.412","01 01 01 00 51 88"
"2026-08-23 00:50:52.901","01 02 00 04 00 0C 39 CE"
"2026-08-23 00:50:52.913","01 02 02 01 00 B8 28"
"2026-08-23 00:50:53.402","01 03 04 EC 00 0C 85 0A"
"2026-08-23 00:50:53.444","01 03 18 27 0F 00 1D 00 2F 00 46 00 71 00 A7 00 EC 01 38 01 92 01 F5 02 6E 02 EB 4C F0"
"2026-08-23 00:50:53.903","01 04 00 56 00 03 50 1B"
"2026-08-23 00:50:53.924","01 04 06 03 A6 00 00 00 00 68 B9"
"2026-08-23 00:50:54.809","01 06 04 F9 04 0A DA 0C"
"2026-08-23 00:50:54.820","01 06 04 F9 04 0A DA 0C"
"2026-08-23 00:50:55.411","01 10 0B 13 00 03 06 00 E8 00 71 00 F1 C3 B6"
"2026-08-23 00:50:55.422","01 10 0B 13 00 03 73 E9"
"2026-08-23 00:50:55.444","01 03 04 B0 00 05 85 1E"
"2026-08-23 00:50:55.465","01 03 0A 00 00 00 00 00 00 00 00 00 00 24 B6"
"2026-08-23 00:50:55.903","01 01 00 19 00 03 AD CC"
"2026-08-23 00:50:55.914","01 01 01 00 51 88"
"2026-08-23 00:50:56.403","01 02 00 04 00 0C 39 CE"
"2026-08-23 00:50:56.414","01 02 02 01 00 B8 28"
"2026-08-23 00:50:56.903","01 03 04 EC 00 0C 85 0A"
"2026-08-23 00:50:56.945","01 03 18 27 0F 00 1D 00 2F 00 46 00 71 00 A7 00 EC 01 38 01 92 01 F5 02 6E 02 EB 4C F0"
"2026-08-23 00:50:57.403","01 04 00 56 00 03 50 1B"
"2026-08-23 00:50:57.425","01 04 06 03 15 00 00 00 00 6D 63"
"2026-08-23 00:50:58.909","01 10 0B 13 00 03 06 00 DB 00 67 00 FD 26 73"
"2026-08-23 00:50:58.921","01 10 0B 13 00 03 73 E9"
"2026-08-23 00:50:58.943","01 03 04 B0 00 05 85 1E"
"2026-08-23 00:50:58.964","01 03 0A 00 00 00 00 00 00 00 00 00 00 24 B6"
"2026-08-23 00:50:59.403","01 01 00 19 00 03 AD CC"
"2026-08-23 00:50:59.414","01 01 01 00 51 88"
"2026-08-23 00:50:59.904","01 02 00 04 00 0C 39 CE"
"2026-08-23 00:50:59.916","01 02 02 00 00 B9 B8"
"2026-08-23 00:51:00.405","01 03 04 EC 00 0C 85 0A"
"2026-08-23 00:51:00.448","01 03 18 27 0F 00 1D 00 2F 00 46 00 71 00 A7 00 EC 01 38 01 92 01 F5 02 6E 02 EB 4C F0"
"2026-08-23 00:51:00.906","01 04 00 56 00 03 50 1B"
"2026-08-23 00:51:00.917","01 04 06 02 31 00 00 00 00 1C B5"
"2026-08-23 00:51:01.691","01 06 04 FA 04 AF EA 77"
"2026-08-23 00:51:01.702","01 06 04 FA 04 AF EA 77"
"2026-08-23 00:51:02.415","01 10 0B 13 00 03 06 00 F3 00 6F 00 FC 06 77"
"2026-08-23 00:51:02.427","01 10 0B 13 00 03 73 E9"
"2026-08-23 00:51:02.438","01 03 04 B0 00 05 85 1E"
"2026-08-23 00:51:02.460","01 03 0A 00 00 00 00 00 00 00 00 00 00 24 B6"
"2026-08-23 00:51:02.909","01 01 00 19 00 03 AD CC"
"2026-08-23 00:51:02.920","01 01 01 00 51 88"
"2026-08-23 00:51:03.399","01 02 00 04 00 0C 39 CE"
"2026-08-23 00:51:03.421","01 02 02 00 00 B9 B8"
"2026-08-23 00:51:03.901","01 03 04 EC 00 0C 85 0A"
"2026-08-23 00:51:03.943","01 03 18 27 0F 00 1D 00 2F 00 46 00 71 00 A7 00 EC 01 38 01 92 01 F5 02 6E 02 EB 4C F0"
"2026-08-23 00:51:04.402","01 04 00 56 00 03 50 1B"
"2026-08-23 00:51:04.424","01 04 06 01 5A 00 00 00 00 39 4F"
"2026-08-23 00:51:04.902","01 05 23 34 00 00 87 80"
"2026-08-23 00:51:04.914","01 05 23 34 00 00 87 80"
"2026-08-23 00:51:05.404","01 06 01 41 00 24 D8 39"
"2026-08-23 00:51:05.416","01 06 01 41 00 24 D8 39"
"2026-08-23 00:51:05.916","01 10 0B 13 00 03 06 00 D0 00 6A 01 01 13 A0"
"2026-08-23 00:51:05.927","01 10 0B 13 00 03 73 E9"
"2026-08-23 00:51:05.939","01 03 04 B0 00 05 85 1E"
"2026-08-23 00:51:05.960","01 03 0A 00 00 00 00 00 00 00 00 00 00 24 B6"
"2026-08-23 00:51:06.408","01 01 00 19 00 03 AD CC"
"2026-08-23 00:51:06.420","01 01 01 00 51 88"
"2026-08-23 00:51:06.899","01 02 00 04 00 0C 39 CE"
"2026-08-23 00:51:06.921","01 02 02 00 00 B9 B8"
"2026-08-23 00:51:07.400","01 03 04 EC 00 0C 85 0A"
"2026-08-23 00:51:07.442","01 03 18 27 0F 00 1D 00 2F 00 46 00 71 00 A7 00 EC 01 38 01 92 01 F5 02 6E 02 EB 4C F0"
"2026-08-23 00:51:07.902","01 04 00 56 00 03 50 1B"
"2026-08-23 00:51:07.924","01 04 06 01 ED 00 00 00 00 CD 55"
"2026-08-23 00:51:08.406","01 05 23 34 FF 00 C6 70"
"2026-08-23 00:51:08.418","01 05 23 34 FF 00 C6 70"
"2026-08-23 00:51:09.416","01 10 0B 13 00 03 06 00 F0 00 6A 00 F9 92 75"
"2026-08-23 00:51:09.427","01 10 0B 13 00 03 73 E9"
"2026-08-23 00:51:09.438","01 03 04 B0 00 05 85 1E"
"2026-08-23 00:51:09.460","01 03 0A 00 00 00 00 00 00 00 00 00 00 24 B6"
"2026-08-23 00:51:09.909","01 01 00 19 00 03 AD CC"
"2026-08-23 00:51:09.920","01 01 01 00 51 88"
"2026-08-23 00:51:10.399","01 02 00 04 00 0C 39 CE"
"2026-08-23 00:51:10.421","01 02 02 00 00 B9 B8"
"2026-08-23 00:51:10.900","01 03 04 EC 00 0C 85 0A"
"2026-08-23 00:51:10.942","01 03 18 27 0F 00 1D 00 2F 00 46 00 71 00 A7 00 EC 01 38 01 92 01 F5 02 6E 02 EB 4C F0"
"2026-08-23 00:51:11.400","01 04 00 56 00 03 50 1B"
"2026-08-23 00:51:11.422","01 04 06 03 2F 00 00 00 00 B5 66"
"2026-08-23 00:51:12.400","01 06 01 41 00 0C D8 27"
"2026-08-23 00:51:12.422","01 06 01 41 00 0C D8 27"
"2026-08-23 00:51:12.911","01 10 0B 13 00 03 06 00 D2 00 6C 00 FF 0A 71"
"2026-08-23 00:51:12.922","01 10 0B 13 00 03 73 E9"
"2026-08-23 00:51:12.944","01 03 04 B0 00 05 85 1E"
"2026-08-23 00:51:12.965","01 03 0A 00 00 00 00 00 00 00 00 00 00 24 B6"
"2026-08-23 00:51:13.403","01 01 00 19 00 03 AD CC"
"2026-08-23 00:51:13.414","01 01 01 00 51 88"
"2026-08-23 00:51:13.903","01 02 00 04 00 0C 39 CE"
"2026-08-23 00:51:13.915","01 02 02 00 00 B9 B8"
"2026-08-23 00:51:14.404","01 03 04 EC 00 0C 85 0A"
"2026-08-23 00:51:14.446","01 03 18 27 0F 00 1D 00 2F 00 46 00 71 00 A7 00 EC 01 38 01 92 01 F5 02 6E 02 EB 4C F0"
"2026-08-23 00:51:14.904","01 04 00 56 00 03 50 1B"
"2026-08-23 00:51:14.926","01 04 06 03 3C 00 00 00 00 30 A5"
"2026-08-23 00:51:15.670","01 06 04 FD 06 D5 DB 35"
"2026-08-23 00:51:15.691","01 06 04 FD 06 D5 DB 35"
"2026-08-23 00:51:15.906","01 06 01 41 00 16 59 EC"
"2026-08-23 00:51:15.918","01 06 01 41 00 16 59 EC"
"2026-08-23 00:51:16.417","01 10 0B 13 00 03 06 00 CA 00 65 00 FC BA 70"
"2026-08-23 00:51:16.429","01 10 0B 13 00 03 73 E9"
"2026-08-23 00:51:16.440","01 03 04 B0 00 05 85 1E"
"2026-08-23 00:51:16.461","01 03 0A 00 00 00 00 00 00 00 00 00 00 24 B6"
"2026-08-23 00:51:16.909","01 01 00 19 00 03 AD CC"
"2026-08-23 00:51:16.921","01 01 01 00 51 88"
"2026-08-23 00:51:17.410","01 02 00 04 00 0C 39 CE"
"2026-08-23 00:51:17.421","01 02 02 01 00 B8 28"
"2026-08-23 00:51:17.900","01 03 04 EC 00 0C 85 0A"
"2026-08-23 00:51:17.942","01 03 18 27 0F 00 1D 00 2F 00 46 00 71 00 A7 00 EC 01 38 01 92 01 F5 02 6E 02 EB 4C F0"
"2026-08-23 00:51:18.400","01 04 00 56 00 03 50 1B"
"2026-08-23 00:51:18.422","01 04 06 03 8C 00 00 00 00 71 7F"
"2026-08-23 00:51:19.410","01 06 01 41 00 2A 59 FD"
"2026-08-23 00:51:19.421","01 06 01 41 00 2A 59 FD"
"2026-08-23 00:51:19.911","01 10 0B 13 00 03 06 00 CE 00 65 00 FD 8A 70"
"2026-08-23 00:51:19.923","01 10 0B 13 00 03 73 E9"
"2026-08-23 00:51:19.944","01 03 04 B0 00 05 85 1E"
"2026-08-23 00:51:19.965","01 03 0A 00 00 00 00 00 00 00 00 00 00 24 B6"
"2026-08-23 00:51:20.404","01 01 00 19 00 03 AD CC"
"2026-08-23 00:51:20.415","01 01 01 00 51 88"
"2026-08-23 00:51:20.905","01 02 00 04 00 0C 39 CE"
"2026-08-23 00:51:20.916","01 02 02 01 00 B8 28"
"2026-08-23 00:51:21.406","01 03 04 EC 00 0C 85 0A"
"2026-08-23 00:51:21.448","01 03 18 27 0F 00 1D 00 2F 00 46 00 71 00 A7 00 EC 01 38 01 92 01 F5 02 6E 02 EB 4C F0"
"2026-08-23 00:51:21.907","01 04 00 56 00 03 50 1B"
"2026-08-23 00:51:21.918","01 04 06 00 A9 00 00 00 00 3C 8B"
"2026-08-23 00:51:23.412","01 10 0B 13 00 03 06 00 D7 00 6F 00 F5 B6 76"
"2026-08-23 00:51:23.423","01 10 0B 13 00 03 73 E9"
"2026-08-23 00:51:23.445","01 03 04 B0 00 05 85 1E"
"2026-08-23 00:51:23.466","01 03 0A 00 00 00 00 00 00 00 00 00 00 24 B6"
"2026-08-23 00:51:23.905","01 01 00 19 00 03 AD CC"
"2026-08-23 00:51:23.916","01 01 01 00 51 88"
"2026-08-23 00:51:24.406","01 02 00 04 00 0C 39 CE"
"2026-08-23 00:51:24.417","01 02 02 00 00 B9 B8"
"2026-08-23 00:51:24.642","01 06 04 F1 00 AD 18 B4"
"2026-08-23 00:51:24.653","01 06 04 F1 00 AD 18 B4"
"2026-08-23 00:51:24.909","01 03 04 EC 00 0C 85 0A"
"2026-08-23 00:51:24.941","01 03 18 27 0F 00 1D 00 2F 00 46 00 71 00 AD 00 EC 01 38 01 92 01 F5 02 6E 02 EB 54 FA"
"2026-08-23 00:51:25.410","01 04 00 56 00 03 50 1B"
"2026-08-23 00:51:25.422","01 04 06 02 02 00 00 00 00 18 B1"
"2026-08-23 00:51:26.408","01 06 01 41 00 1A 59 E9"
"2026-08-23 00:51:26.419","01 06 01 41 00 1A 59 E9"
"2026-08-23 00:51:26.919","01 10 0B 13 00 03 06 00 F3 00 68 00 F8 B6 75"
"2026-08-23 00:51:26.930","01 10 0B 13 00 03 73 E9"
"2026-08-23 00:51:26.942","01 03 04 B0 00 05 85 1E"
"2026-08-23 00:51:26.963","01 03 0A 00 00 00 00 00 00 00 00 00 00 24 B6"
"2026-08-23 00:51:27.402","01 01 00 19 00 03 AD CC"
"2026-08-23 00:51:27.413","01 01 01 00 51 88"
"2026-08-23 00:51:27.903","01 02 00 04 00 0C 39 CE"
"2026-08-23 00:51:27.915","01 02 02 00 00 B9 B8"
"2026-08-23 00:51:28.404","01 03 04 EC 00 0C 85 0A"
"2026-08-23 00:51:28.446","01 03 18 27 0F 00 1D 00 2F 00 46 00 71 00 AD 00 EC 01 38 01 92 01 F5 02 6E 02 EB 54 FA"
"2026-08-23 00:51:28.905","01 04 00 56 00 03 50 1B"
"2026-08-23 00:51:28.917","01 04 06 01 2A 00 00 00 00 78 84"
"2026-08-23 00:51:29.906","01 06 01 41 00 1B 98 29"
"2026-08-23 00:51:29.917","01 06 01 41 00 1B 98 29"
"2026-08-23 00:51:30.416","01 10 0B 13 00 03 06 00 D4 00 75 00 F6 93 B0"
"2026-08-23 00:51:30.428","01 10 0B 13 00 03 73 E9"
"2026-08-23 00:51:30.439","01 03 04 B0 00 05 85 1E"
"2026-08-23 00:51:30.461","01 03 0A 00 00 00 00 00 00 00 00 00 00 24 B6"
"2026-08-23 00:51:30.908","01 01 00 19 00 03 AD CC"
"2026-08-23 00:51:30.920","01 01 01 00 51 88"
"2026-08-23 00:51:31.408","01 02 00 04 00 0C 39 CE"
"2026-08-23 00:51:31.420","01 02 02 00 00 B9 B8"
"2026-08-23 00:51:31.909","01 03 04 EC 00 0C 85 0A"
"2026-08-23 00:51:31.941","01 03 18 27 0F 00 1D 00 2F 00 46 00 71 00 AD 00 EC 01 38 01 92 01 F5 02 6E 02 EB 54 FA"
"2026-08-23 00:51:32.410","01 04 00 56 00 03 50 1B"
"2026-08-23 00:51:32.422","01 04 06 00 81 00 00 00 00 5C 8D"
"2026-08-23 00:51:32.901","01 05 23 34 FF 00 C6 70"
"2026-08-23 00:51:32.922","01 05 23 34 FF 00 C6 70"
"2026-08-23 00:51:33.909","01 10 0B 13 00 03 06 00 C8 00 71 00 F5 43 B2"
"2026-08-23 00:51:33.931","01 10 0B 13 00 03 73 E9"
"2026-08-23 00:51:33.942","01 03 04 B0 00 05 85 1E"
"2026-08-23 00:51:33.964","01 03 0A 00 00 00 00 00 00 00 00 00 00 24 B6"
"2026-08-23 00:51:34.371","01 06 04 F5 01 F7 D8 DE"
"2026-08-23 00:51:34.382","01 06 04 F5 01 F7 D8 DE"
"2026-08-23 00:51:34.403","01 01 00 19 00 03 AD CC"
"2026-08-23 00:51:34.415","01 01 01 00 51 88"
"2026-08-23 00:51:34.903","01 02 00 04 00 0C 39 CE"
"2026-08-23 00:51:34.915","01 02 02 00 00 B9 B8"
"2026-08-23 00:51:35.404","01 03 04 EC 00 0C 85 0A"
"2026-08-23 00:51:35.446","01 03 18 27 0F 00 1D 00 2F 00 46 00 71 00 AD 00 EC 01 38 01 92 01 F7 02 6E 02 EB 2D 3A"
"2026-08-23 00:51:35.905","01 04 00 56 00 03 50 1B"
"2026-08-23 00:51:35.927","01 04 06 00 88 00 00 00 00 80 8C"
"2026-08-23 00:51:36.406","01 05 23 34 FF 00 C6 70"
"2026-08-23 00:51:36.418","01 05 23 34 FF 00 C6 70"
"2026-08-23 00:51:37.415","01 10 0B 13 00 03 06 00 DA 00 73 00 F8 9B B4"
"2026-08-23 00:51:37.427","01 10 0B 13 00 03 73 E9"
"2026-08-23 00:51:37.438","01 03 04 B0 00 05 85 1E"
"2026-08-23 00:51:37.460","01 03 0A 00 00 00 00 00 00 00 00 00 00 24 B6"
"2026-08-23 00:51:37.909","01 01 00 19 00 03 AD CC"
"2026-08-23 00:51:37.920","01 01 01 00 51 88"
"2026-08-23 00:51:38.410","01 02 00 04 00 0C 39 CE"
"2026-08-23 00:51:38.422","01 02 02 01 00 B8 28"
"2026-08-23 00:51:38.901","01 03 04 EC 00 0C 85 0A"
"2026-08-23 00:51:38.943","01 03 18 27 0F 00 1D 00 2F 00 46 00 71 00 AD 00 EC 01 38 01 92 01 F7 02 6E 02 EB 2D 3A"
"2026-08-23 00:51:39.402","01 04 00 56 00 03 50 1B"
"2026-08-23 00:51:39.424","01 04 06 02 3F 00 00 00 00 75 74"
"2026-08-23 00:51:40.858","01 06 04 FC 06 18 4B 60"
"2026-08-23 00:51:40.870","01 06 04 FC 06 18 4B 60"
"2026-08-23 00:51:40.912","01 10 0B 13 00 03 06 00 C8 00 75 00 F8 C3 B6"
"2026-08-23 00:51:40.923","01 10 0B 13 00 03 73 E9"
"2026-08-23 00:51:40.944","01 03 04 B0 00 05 85 1E"
"2026-08-23 00:51:40.965","01 03 0A 00 00 00 00 00 00 00 00 00 00 24 B6"
"2026-08-23 00:51:41.403","01 01 00 19 00 03 AD CC"
"2026-08-23 00:51:41.414","01 01 01 00 51 88"
"2026-08-23 00:51:41.904","01 02 00 04 00 0C 39 CE"
"2026-08-23 00:51:41.915","01 02 02 00 00 B9 B8"
"2026-08-23 00:51:42.404","01 03 04 EC 00 0C 85 0A"
"2026-08-23 00:51:42.446","01 03 18 27 0F 00 1D 00 2F 00 46 00 71 00 AD 00 EC 01 38 01 92 01 F7 02 6E 02 EB 2D 3A"
"2026-08-23 00:51:42.904","01 04 00 56 00 03 50 1B"
"2026-08-23 00:51:42.926","01 04 06 00 86 00 00 00 00 E9 4D"
"2026-08-23 00:51:43.405","01 05 23 34 FF 00 C6 70"
"2026-08-23 00:51:43.417","01 05 23 34 FF 00 C6 70"
"2026-08-23 00:51:43.907","01 06 01 41 00 12 58 2F"
"2026-08-23 00:51:43.918","01 06 01 41 00 12 58 2F"
"2026-08-23 00:51:44.417","01 10 0B 13 00 03 06 00 D7 00 6F 00 F3 36 74"
"2026-08-23 00:51:44.428","01 10 0B 13 00 03 73 E9"
"2026-08-23 00:51:44.440","01 03 04 B0 00 05 85 1E"
"2026-08-23 00:51:44.461","01 03 0A 00 00 00 00 00 00 00 00 00 00 24 B6"
"2026-08-23 00:51:44.909","01 01 00 19 00 03 AD CC"
"2026-08-23 00:51:44.920","01 01 01 00 51 88"
"2026-08-23 00:51:45.410","01 02 00 04 00 0C 39 CE"
"2026-08-23 00:51:45.421","01 02 02 00 00 B9 B8"
"2026-08-23 00:51:45.910","01 03 04 EC 00 0C 85 0A"
"2026-08-23 00:51:45.942","01 03 18 27 0F 00 1D 00 2F 00 46 00 71 00 AD 00 EC 01 38 01 92 01 F7 02 6E 02 EB 2D 3A"
"2026-08-23 00:51:46.410","01 04 00 56 00 03 50 1B"
"2026-08-23 00:51:46.422","01 04 06 01 9B 00 00 00 00 04 9E"
"2026-08-23 00:51:47.408","01 06 01 41 00 16 59 EC"
"2026-08-23 00:51:47.420","01 06 01 41 00 16 59 EC"
"2026-08-23 00:51:47.909","01 10 0B 13 00 03 06 00 EA 00 74 00 FD AA 72"
"2026-08-23 00:51:47.930","01 10 0B 13 00 03 73 E9"
"2026-08-23 00:51:47.941","01 03 04 B0 00 05 85 1E"
"2026-08-23 00:51:47.963","01 03 0A 00 00 00 00 00 00 00 00 00 00 24 B6"
"2026-08-23 00:51:48.411","01 01 00 19 00 03 AD CC"
"2026-08-23 00:51:48.422","01 01 01 00 51 88"
"2026-08-23 00:51:48.901","01 02 00 04 00 0C 39 CE"
"2026-08-23 00:51:48.923","01 02 02 01 00 B8 28"
"2026-08-23 00:51:49.402","01 03 04 EC 00 0C 85 0A"
"2026-08-23 00:51:49.444","01 03 18 27 0F 00 1D 00 2F 00 46 00 71 00 AD 00 EC 01 38 01 92 01 F7 02 6E 02 EB 2D 3A"
"2026-08-23 00:51:49.902","01 04 00 56 00 03 50 1B"
"2026-08-23 00:51:49.924","01 04 06 01 05 00 00 00 00 AD 42"
"2026-08-23 00:51:50.402","01 05 23 34 00 00 87 80"
"2026-08-23 00:51:50.424","01 05 23 34 00 00 87 80"
"2026-08-23 00:51:50.903","01 06 01 41 00 24 D8 39"
"2026-08-23 00:51:50.924","01 06 01 41 00 24 D8 39"
"2026-08-23 00:51:51.413","01 10 0B 13 00 03 06 00 DF 00 71 01 00 F6 66"
"2026-08-23 00:51:51.425","01 10 0B 13 00 03 73 E9"
"2026-08-23 00:51:51.436","01 03 04 B0 00 05 85 1E"
"2026-08-23 00:51:51.457","01 03 0A 00 00 00 00 00 00 00 00 00 00 24 B6"
"2026-08-23 00:51:51.905","01 01 00 19 00 03 AD CC"
"2026-08-23 00:51:51.917","01 01 01 00 51 88"
"2026-08-23 00:51:52.405","01 02 00 04 00 0C 39 CE"
"2026-08-23 00:51:52.417","01 02 02 00 00 B9 B8"
"2026-08-23 00:51:52.906","01 03 04 EC 00 0C 85 0A"
"2026-08-23 00:51:52.949","01 03 18 27 0F 00 1D 00 2F 00 46 00 71 00 AD 00 EC 01 38 01 92 01 F7 02 6E 02 EB 2D 3A"
"2026-08-23 00:51:53.408","01 04 00 56 00 03 50 1B"
"2026-08-23 00:51:53.419","01 04 06 01 38 00 00 00 00 C0 87"
"2026-08-23 00:51:53.441","01 06 04 F5 01 FE 18 D8"
"2026-08-23 00:51:53.452","01 06 04 F5 01 FE 18 D8"
"2026-08-23 00:51:53.910","01 05 23 34 00 00 87 80"
"2026-08-23 00:51:53.922","01 05 23 34 00 00 87 80"
"2026-08-23 00:51:54.411","01 06 01 41 00 1F 99 EA"
"2026-08-23 00:51:54.422","01 06 01 41 00 1F 99 EA"
"2026-08-23 00:51:54.911","01 10 0B 13 00 03 06 00 E7 00 77 00 FA 36 71"
"2026-08-23 00:51:54.922","01 10 0B 13 00 03 73 E9"
"2026-08-23 00:51:54.944","01 03 04 B0 00 05 85 1E"
"2026-08-23 00:51:54.965","01 03 0A 00 00 00 00 00 00 00 00 00 00 24 B6"
"2026-08-23 00:51:55.403","01 01 00 19 00 03 AD CC"
"2026-08-23 00:51:55.415","01 01 01 00 51 88"
"2026-08-23 00:51:55.905","01 02 00 04 00 0C 39 CE"
"2026-08-23 00:51:55.916","01 02 02 00 00 B9 B8"
"2026-08-23 00:51:56.406","01 03 04 EC 00 0C 85 0A"
"2026-08-23 00:51:56.449","01 03 18 27 0F 00 1D 00 2F 00 46 00 71 00 AD 00 EC 01 38 01 92 01 FE 02 6E 02 EB F1 3B"
"2026-08-23 00:51:56.908","01 04 00 56 00 03 50 1B"
"2026-08-23 00:51:56.920","01 04 06 03 94 00 00 00 00 51 7D"
"2026-08-23 00:51:57.908","01 06 01 41 00 2C D9 FF"
"2026-08-23 00:51:57.919","01 06 01 41 00 2C D9 FF"
"2026-08-23 00:51:58.409","01 10 0B 13 00 03 06 00 D5 00 65 00 FD EE 72"
"2026-08-23 00:51:58.431","01 10 0B 13 00 03 73 E9"
"2026-08-23 00:51:58.443","01 03 04 B0 00 05 85 1E"
"2026-08-23 00:51:58.464","01 03 0A 00 00 00 00 00 00 00 00 00 00 24 B6"
"2026-08-23 00:51:58.902","01 01 00 19 00 03 AD CC"
"2026-08-23 00:51:58.914","01 01 01 00 51 88"
"2026-08-23 00:51:59.403","01 02 00 04 00 0C 39 CE"
"2026-08-23 00:51:59.414","01 02 02 01 00 B8 28"
"2026-08-23 00:51:59.904","01 03 04 EC 00 0C 85 0A"
"2026-08-23 00:51:59.946","01 03 18 27 0F 00 1D 00 2F 00 46 00 71 00 AD 00 EC 01 38 01 92 01 FE 02 6E 02 EB F1 3B"
"2026-08-23 00:52:00.404","01 04 00 56 00 03 50 1B"
"2026-08-23 00:52:00.426","01 04 06 03 06 00 00 00 00 E8 A0"
"2026-08-23 00:52:00.905","01 05 23 34 FF 00 C6 70"
"2026-08-23 00:52:00.916","01 05 23 34 FF 00 C6 70"
"2026-08-23 00:52:01.913","01 10 0B 13 00 03 06 00 DD 00 72 00 FD BF B7"
"2026-08-23 00:52:01.925","01 10 0B 13 00 03 73 E9"
"2026-08-23 00:52:01.936","01 03 04 B0 00 05 85 1E"
"2026-08-23 00:52:01.957","01 03 0A 00 00 00 00 00 00 00 00 00 00 24 B6"
"2026-08-23 00:52:02.405","01 01 00 19 00 03 AD CC"
"2026-08-23 00:52:02.416","01 01 01 00 51 88"
"2026-08-23 00:52:02.906","01 02 00 04 00 0C 39 CE"
"2026-08-23 00:52:02.917","01 02 02 00 00 B9 B8"
"2026-08-23 00:52:03.406","01 03 04 EC 00 0C 85 0A"
"2026-08-23 00:52:03.448","01 03 18 27 0F 00 1D 00 2F 00 46 00 71 00 AD 00 EC 01 38 01 92 01 FE 02 6E 02 EB F1 3B"
"2026-08-23 00:52:03.907","01 04 00 56 00 03 50 1B"
"2026-08-23 00:52:03.918","01 04 06 01 B2 00 00 00 00 59 58"
"2026-08-23 00:52:04.408","01 05 23 34 00 00 87 80"
"2026-08-23 00:52:04.419","01 05 23 34 00 00 87 80"
"2026-08-23 00:52:05.415","01 10 0B 13 00 03 06 00 CC 00 73 00 F7 92 73"
"2026-08-23 00:52:05.426","01 10 0B 13 00 03 73 E9"
"2026-08-23 00:52:05.438","01 03 04 B0 00 05 85 1E"
"2026-08-23 00:52:05.459","01 03 0A 00 00 00 00 00 00 00 00 00 00 24 B6"
"2026-08-23 00:52:05.907","01 01 00 19 00 03 AD CC"
"2026-08-23 00:52:05.918","01 01 01 00 51 88"
"2026-08-23 00:52:06.407","01 02 00 04 00 0C 39 CE"
"2026-08-23 00:52:06.419","01 02 02 01 00 B8 28"
"2026-08-23 00:52:06.908","01 03 04 EC 00 0C 85 0A"
"2026-08-23 00:52:06.940","01 03 18 27 0F 00 1D 00 2F 00 46 00 71 00 AD 00 EC 01 38 01 92 01 FE 02 6E 02 EB F1 3B"
"2026-08-23 00:52:07.409","01 04 00 56 00 03 50 1B"
"2026-08-23 00:52:07.420","01 04 06 00 94 00 00 00 00 51 4E"
"2026-08-23 00:52:07.482","01 06 04 F8 03 73 48 1E"
"2026-08-23 00:52:07.493","01 06 04 F8 03 73 48 1E"
"2026-08-23 00:52:07.911","01 05 23 34 FF 00 C6 70"
"2026-08-23 00:52:07.922","01 05 23 34 FF 00 C6 70"
"2026-08-23 00:52:08.411","01 06 01 41 00 0F 98 26"
"2026-08-23 00:52:08.423","01 06 01 41 00 0F 98 26"
"2026-08-23 00:52:08.912","01 10 0B 13 00 03 06 00 DD 00 72 00 F0 7E 72"
"2026-08-23 00:52:08.923","01 10 0B 13 00 03 73 E9"
"2026-08-23 00:52:08.945","01 03 04 B0 00 05 85 1E"
"2026-08-23 00:52:08.966","01 03 0A 00 00 00 00 00 00 00 00 00 00 24 B6"
"2026-08-23 00:52:09.404","01 01 00 19 00 03 AD CC"
"2026-08-23 00:52:09.415","01 01 01 00 51 88"
"2026-08-23 00:52:09.905","01 02 00 04 00 0C 39 CE"
"2026-08-23 00:52:09.917","01 02 02 00 00 B9 B8"
"2026-08-23 00:52:10.405","01 03 04 EC 00 0C 85 0A"
"2026-08-23 00:52:10.448","01 03 18 27 0F 00 1D 00 2F 00 46 00 71 00 AD 00 EC 01 38 01 92 01 FE 02 6E 02 EB F1 3B"
"2026-08-23 00:52:10.907","01 04 00 56 00 03 50 1B"
"2026-08-23 00:52:10.918","01 04 06 03 A9 00 00 00 00 3C B8"
"2026-08-23 00:52:12.412","01 10 0B 13 00 03 06 00 CC 00 6C 00 F3 A2 76"
"2026-08-23 00:52:12.423","01 10 0B 13 00 03 73 E9"
"2026-08-23 00:52:12.444","01 03 04 B0 00 05 85 1E"
"2026-08-23 00:52:12.466","01 03 0A 00 00 00 00 00 00 00 00 00 00 24 B6"
"2026-08-23 00:52:12.904","01 01 00 19 00 03 AD CC"
"2026-08-23 00:52:12.915","01 01 01 00 51 88"
"2026-08-23 00:52:13.404","01 02 00 04 00 0C 39 CE"
"2026-08-23 00:52:13.415","01 02 02 00 00 B9 B8"
"2026-08-23 00:52:13.905","01 03 04 EC 00 0C 85 0A"
"2026-08-23 00:52:13.948","01 03 18 27 0F 00 1D 00 2F 00 46 00 71 00 AD 00 EC 01 38 01 92 01 FE 02 6E 02 EB F1 3B"
"2026-08-23 00:52:14.407","01 04 00 56 00 03 50 1B"
"2026-08-23 00:52:14.419","01 04 06 01 46 00 00 00 00 E8 8D"
"2026-08-23 00:52:15.915","01 10 0B 13 00 03 06 00 F9 00 6F 00 F9 5E 75"
"2026-08-23 00:52:15.927","01 10 0B 13 00 03 73 E9"
"2026-08-23 00:52:15.938","01 03 04 B0 00 05 85 1E"
"2026-08-23 00:52:15.959","01 03 0A 00 00 00 00 00 00 00 00 00 00 24 B6"
"2026-08-23 00:52:16.408","01 01 00 19 00 03 AD CC"
"2026-08-23 00:52:16.420","01 01 01 00 51 88"
"2026-08-23 00:52:16.911","01 02 00 04 00 0C 39 CE"
"2026-08-23 00:52:16.922","01 02 02 00 00 B9 B8"
"2026-08-23 00:52:17.401","01 03 04 EC 00 0C 85 0A"
"2026-08-23 00:52:17.444","01 03 18 27 0F 00 1D 00 2F 00 46 00 71 00 AD 00 EC 01 38 01 92 01 FE 02 6E 02 EB F1 3B"
"2026-08-23 00:52:17.902","01 04 00 56 00 03 50 1B"
"2026-08-23 00:52:17.924","01 04 06 02 D0 00 00 00 00 A0 A3"
"2026-08-23 00:52:19.418","01 10 0B 13 00 03 06 00 F7 00 6D 01 00 57 A6"
"2026-08-23 00:52:19.430","01 10 0B 13 00 03 73 E9"
"2026-08-23 00:52:19.441","01 03 04 B0 00 05 85 1E"
"2026-08-23 00:52:19.462","01 03 0A 00 00 00 00 00 00 00 00 00 00 24 B6"
"2026-08-23 00:52:19.911","01 01 00 19 00 03 AD CC"
"2026-08-23 00:52:19.923","01 01 01 00 51 88"
"2026-08-23 00:52:20.402","01 02 00 04 00 0C 39 CE"
"2026-08-23 00:52:20.414","01 02 02 00 00 B9 B8"
"2026-08-23 00:52:20.903","01 03 04 EC 00 0C 85 0A"
"2026-08-23 00:52:20.945","01 03 18 27 0F 00 1D 00 2F 00 46 00 71 00 AD 00 EC 01 38 01 92 01 FE 02 6E 02 EB F1 3B"
"2026-08-23 00:52:21.403","01 04 00 56 00 03 50 1B"
"2026-08-23 00:52:21.425","01 04 06 01 6C 00 00 00 00 F1 4B"
"2026-08-23 00:52:21.903","01 05 23 34 00 00 87 80"
"2026-08-23 00:52:21.915","01 05 23 34 00 00 87 80"
"2026-08-23 00:52:22.476","01 06 04 F0 00 74 88 EE"
"2026-08-23 00:52:22.488","01 06 04 F0 00 74 88 EE"
"2026-08-23 00:52:22.917","01 10 0B 13 00 03 06 00 C8 00 6B 00 F4 A3 B5"
"2026-08-23 00:52:22.928","01 10 0B 13 00 03 73 E9"
"2026-08-23 00:52:22.940","01 03 04 B0 00 05 85 1E"
"2026-08-23 00:52:22.961","01 03 0A 00 00 00 00 00 00 00 00 00 00 24 B6"
"2026-08-23 00:52:23.410","01 01 00 19 00 03 AD CC"
"2026-08-23 00:52:23.421","01 01 01 00 51 88"
"2026-08-23 00:52:23.902","01 02 00 04 00 0C 39 CE"
"2026-08-23 00:52:23.914","01 02 02 00 00 B9 B8"
"2026-08-23 00:52:24.403","01 03 04 EC 00 0C 85 0A"
"2026-08-23 00:52:24.445","01 03 18 27 0F 00 1D 00 2F 00 46 00 74 00 AD 00 EC 01 38 01 92 01 FE 02 6E 02 EB 34 38"
"2026-08-23 00:52:24.904","01 04 00 56 00 03 50 1B"
"2026-08-23 00:52:24.926","01 04 06 02 53 00 00 00 00 E5 7D"
"2026-08-23 00:52:25.904","01 06 01 41 00 10 D9 EE"
"2026-08-23 00:52:25.916","01 06 01 41 00 10 D9 EE"
"2026-08-23 00:52:26.417","01 10 0B 13 00 03 06 00 D9 00 69 01 00 FE 61"
"2026-08-23 00:52:26.429","01 10 0B 13 00 03 73 E9"
"2026-08-23 00:52:26.440","01 03 04 B0 00 05 85 1E"
"2026-08-23 00:52:26.462","01 03 0A 00 00 00 00 00 00 00 00 00 00 24 B6"
"2026-08-23 00:52:26.901","01 01 00 19 00 03 AD CC"
"2026-08-23 00:52:26.912","01 01 01 00 51 88"
"2026-08-23 00:52:27.403","01 02 00 04 00 0C 39 CE"
"2026-08-23 00:52:27.424","01 02 02 01 00 B8 28"
"2026-08-23 00:52:27.905","01 03 04 EC 00 0C 85 0A"
"2026-08-23 00:52:27.947","01 03 18 27 0F 00 1D 00 2F 00 46 00 74 00 AD 00 EC 01 38 01 92 01 FE 02 6E 02 EB 34 38"
"2026-08-23 00:52:28.406","01 04 00 56 00 03 50 1B"
"2026-08-23 00:52:28.428","01 04 06 02 27 00 00 00 00 55 76"
"2026-08-23 00:52:28.911","01 05 23 34 00 00 87 80"
"2026-08-23 00:52:28.923","01 05 23 34 00 00 87 80"
"2026-08-23 00:52:29.911","01 10 0B 13 00 03 06 00 E8 00 67 00 F5 23 B1"
"2026-08-23 00:52:29.933","01 10 0B 13 00 03 73 E9"
"2026-08-23 00:52:29.944","01 03 04 B0 00 05 85 1E"
"2026-08-23 00:52:29.965","01 03 0A 00 00 00 00 00 00 00 00 00 00 24 B6"
"2026-08-23 00:52:30.234","01 06 04 F7 02 EE B8 24"
"2026-08-23 00:52:30.246","01 06 04 F7 02 EE B8 24"
"2026-08-23 00:52:30.405","01 01 00 19 00 03 AD CC"
"2026-08-23 00:52:30.418","01 01 01 00 51 88"
"2026-08-23 00:52:30.910","01 02 00 04 00 0C 39 CE"
"2026-08-23 00:52:30.921","01 02 02 01 00 B8 28"
"2026-08-23 00:52:31.410","01 03 04 EC 00 0C 85 0A"
"2026-08-23 00:52:31.442","01 03 18 27 0F 00 1D 00 2F 00 46 00 74 00 AD 00 EC 01 38 01 92 01 FE 02 6E 02 EE F4 3B"
"2026-08-23 00:52:31.911","01 04 00 56 00 03 50 1B"
"2026-08-23 00:52:31.922","01 04 06 03 03 00 00 00 00 24 A0"
"2026-08-23 00:52:32.411","01 05 23 34 FF 00 C6 70"
"2026-08-23 00:52:32.422","01 05 23 34 FF 00 C6 70"
"2026-08-23 00:52:33.419","01 10 0B 13 00 03 06 00 DF 00 6C 00 FE E6 70"
"2026-08-23 00:52:33.430","01 10 0B 13 00 03 73 E9"
"2026-08-23 00:52:33.442","01 03 04 B0 00 05 85 1E"
"2026-08-23 00:52:33.463","01 03 0A 00 00 00 00 00 00 00 00 00 00 24 B6"
"2026-08-23 00:52:33.912","01 01 00 19 00 03 AD CC"
"2026-08-23 00:52:33.923","01 01 01 00 51 88"
"2026-08-23 00:52:34.412","01 02 00 04 00 0C 39 CE"
"2026-08-23 00:52:34.423","01 02 02 00 00 B9 B8"
"2026-08-23 00:52:34.902","01 03 04 EC 00 0C 85 0A"
"2026-08-23 00:52:34.944","01 03 18 27 0F 00 1D 00 2F 00 46 00 74 00 AD 00 EC 01 38 01 92 01 FE 02 6E 02 EE F4 3B"
"2026-08-23 00:52:35.403","01 04 00 56 00 03 50 1B"
"2026-08-23 00:52:35.425","01 04 06 02 6D 00 00 00 00 CC B8"
"2026-08-23 00:52:35.904","01 05 23 34 FF 00 C6 70"
"2026-08-23 00:52:35.916","01 05 23 34 FF 00 C6 70"
"2026-08-23 00:52:36.913","01 10 0B 13 00 03 06 00 E7 00 6E 00 FA E7 B6"
"2026-08-23 00:52:36.925","01 10 0B 13 00 03 73 E9"
"2026-08-23 00:52:36.946","01 03 04 B0 00 05 85 1E"
"2026-08-23 00:52:36.968","01 03 0A 00 00 00 00 00 00 00 00 00 00 24 B6"
"2026-08-23 00:52:37.406","01 01 00 19 00 03 AD CC"
"2026-08-23 00:52:37.417","01 01 01 00 51 88"
"2026-08-23 00:52:37.571","01 06 04 ED 00 19 D9 05"
"2026-08-23 00:52:37.593","01 06 04 ED 00 19 D9 05"
"2026-08-23 00:52:37.909","01 02 00 04 00 0C 39 CE"
"2026-08-23 00:52:37.920","01 02 02 01 00 B8 28"
"2026-08-23 00:52:38.410","01 03 04 EC 00 0C 85 0A"
"2026-08-23 00:52:38.442","01 03 18 27 0F 00 19 00 2F 00 46 00 74 00 AD 00 EC 01 38 01 92 01 FE 02 6E 02 EE B1 BF"
"2026-08-23 00:52:38.911","01 04 00 56 00 03 50 1B"
"2026-08-23 00:52:38.923","01 04 06 02 29 00 00 00 00 3C B7"
"2026-08-23 00:52:39.403","01 05 23 34 00 00 87 80"
"2026-08-23 00:52:39.424","01 05 23 34 00 00 87 80"
"2026-08-23 00:52:40.413","01 10 0B 13 00 03 06 00 EE 00 73 00 F3 6B B7"
"2026-08-23 00:52:40.425","01 10 0B 13 00 03 73 E9"
"2026-08-23 00:52:40.447","01 03 04 B0 00 05 85 1E"
"2026-08-23 00:52:40.459","01 03 0A 00 00 00 00 00 00 00 00 00 00 24 B6"
"2026-08-23 00:52:40.907","01 01 00 19 00 03 AD CC"
"2026-08-23 00:52:40.919","01 01 01 00 51 88"
"2026-08-23 00:52:41.409","01 02 00 04 00 0C 39 CE"
"2026-08-23 00:52:41.420","01 02 02 01 00 B8 28"
"2026-08-23 00:52:41.911","01 03 04 EC 00 0C 85 0A"
"2026-08-23 00:52:41.943","01 03 18 27 0F 00 19 00 2F 00 46 00 74 00 AD 00 EC 01 38 01 92 01 FE 02 6E 02 EE B1 BF"
"2026-08-23 00:52:42.402","01 04 00 56 00 03 50 1B"
"2026-08-23 00:52:42.424","01 04 06 01 30 00 00 00 00 21 46"
"2026-08-23 00:52:43.403","01 06 01 41 00 24 D8 39"
"2026-08-23 00:52:43.425","01 06 01 41 00 24 D8 39"
"2026-08-23 00:52:43.915","01 10 0B 13 00 03 06 00 DA 00 66 00 F9 4B B0"
"2026-08-23 00:52:43.926","01 10 0B 13 00 03 73 E9"
"2026-08-23 00:52:43.937","01 03 04 B0 00 05 85 1E"
"2026-08-23 00:52:43.959","01 03 0A 00 00 00 00 00 00 00 00 00 00 24 B6"
"2026-08-23 00:52:44.408","01 01 00 19 00 03 AD CC"
"2026-08-23 00:52:44.420","01 01 01 00 51 88"
"2026-08-23 00:52:44.909","01 02 00 04 00 0C 39 CE"
"2026-08-23 00:52:44.921","01 02 02 00 00 B9 B8"
"2026-08-23 00:52:45.410","01 03 04 EC 00 0C 85 0A"
"2026-08-23 00:52:45.442","01 03 18 27 0F 00 19 00 2F 00 46 00 74 00 AD 00 EC 01 38 01 92 01 FE 02 6E 02 EE B1 BF"
"2026-08-23 00:52:45.902","01 04 00 56 00 03 50 1B"
"2026-08-23 00:52:45.924","01 04 06 02 F1 00 00 00 00 1C A4"
"2026-08-23 00:52:47.420","01 10 0B 13 00 03 06 00 D9 00 6B 00 F8 5F B3"
"2026-08-23 00:52:47.432","01 10 0B 13 00 03 73 E9"
"2026-08-23 00:52:47.443","01 03 04 B0 00 05 85 1E"
"2026-08-23 00:52:47.464","01 03 0A 00 00 00 00 00 00 00 00 00 00 24 B6"
"2026-08-23 00:52:47.904","01 01 00 19 00 03 AD CC"
"2026-08-23 00:52:47.915","01 01 01 00 51 88"
"2026-08-23 00:52:48.404","01 02 00 04 00 0C 39 CE"
"2026-08-23 00:52:48.415","01 02 02 00 00 B9 B8"
"2026-08-23 00:52:48.906","01 03 04 EC 00 0C 85 0A"
"2026-08-23 00:52:48.948","01 03 18 27 0F 00 19 00 2F 00 46 00 74 00 AD 00 EC 01 38 01 92 01 FE 02 6E 02 EE B1 BF"
"2026-08-23 00:52:49.407","01 04 00 56 00 03 50 1B"
"2026-08-23 00:52:49.428","01 04 06 02 13 00 00 00 00 E4 B2"
"2026-08-23 00:52:50.405","01 06 01 41 00 28 D8 3C"
"2026-08-23 00:52:50.417","01 06 01 41 00 28 D8 3C"
"2026-08-23 00:52:50.764","01 06 04 FD 06 D8 1A F0"
"2026-08-23 00:52:50.775","01 06 04 FD 06 D8 1A F0"
"2026-08-23 00:52:50.919","01 10 0B 13 00 03 06 00 F7 00 68 00 FC 46 76"
"2026-08-23 00:52:50.930","01 10 0B 13 00 03 73 E9"
"2026-08-23 00:52:50.941","01 03 04 B0 00 05 85 1E"
"2026-08-23 00:52:50.963","01 03 0A 00 00 00 00 00 00 00 00 00 00 24 B6"
"2026-08-23 00:52:51.411","01 01 00 19 00 03 AD CC"
"2026-08-23 00:52:51.422","01 01 01 00 51 88"
"2026-08-23 00:52:51.903","01 02 00 04 00 0C 39 CE"
"2026-08-23 00:52:51.924","01 02 02 01 00 B8 28"
"2026-08-23 00:52:52.403","01 03 04 EC 00 0C 85 0A"
"2026-08-23 00:52:52.445","01 03 18 27 0F 00 19 00 2F 00 46 00 74 00 AD 00 EC 01 38 01 92 01 FE 02 6E 02 EE B1 BF"
"2026-08-23 00:52:52.904","01 04 00 56 00 03 50 1B"
"2026-08-23 00:52:52.926","01 04 06 03 79 00 00 00 00 FD 6A"
"2026-08-23 00:52:54.414","01 10 0B 13 00 03 06 00 D2 00 72 00 FA AA 74"
"2026-08-23 00:52:54.425","01 10 0B 13 00 03 73 E9"
"2026-08-23 00:52:54.447","01 03 04 B0 00 05 85 1E"
"2026-08-23 00:52:54.469","01 03 0A 00 00 00 00 00 00 00 00 00 00 24 B6"
"2026-08-23 00:52:54.908","01 01 00 19 00 03 AD CC"
"2026-08-23 00:52:54.919","01 01 01 00 51 88"
"2026-08-23 00:52:55.410","01 02 00 04 00 0C 39 CE"
"2026-08-23 00:52:55.421","01 02 02 01 00 B8 28"
"2026-08-23 00:52:55.911","01 03 04 EC 00 0C 85 0A"
"2026-08-23 00:52:55.943","01 03 18 27 0F 00 19 00 2F 00 46 00 74 00 AD 00 EC 01 38 01 92 01 FE 02 6E 02 EE B1 BF"
"2026-08-23 00:52:56.402","01 04 00 56 00 03 50 1B"
"2026-08-23 00:52:56.424","01 04 06 03 18 00 00 00 00 40 A2"
"2026-08-23 00:52:56.904","01 05 23 34 FF 00 C6 70"
"2026-08-23 00:52:56.926","01 05 23 34 FF 00 C6 70"
"2026-08-23 00:52:57.914","01 10 0B 13 00 03 06 00 E3 00 73 00 F5 C6 74"
"2026-08-23 00:52:57.925","01 10 0B 13 00 03 73 E9"
"2026-08-23 00:52:57.947","01 03 04 B0 00 05 85 1E"
"2026-08-23 00:52:57.968","01 03 0A 00 00 00 00 00 00 00 00 00 00 24 B6"
"2026-08-23 00:52:58.407","01 01 00 19 00 03 AD CC"
"2026-08-23 00:52:58.418","01 01 01 00 51 88"
"2026-08-23 00:52:58.908","01 02 00 04 00 0C 39 CE"
"2026-08-23 00:52:58.919","01 02 02 01 00 B8 28"
"2026-08-23 00:52:59.409","01 03 04 EC 00 0C 85 0A"
"2026-08-23 00:52:59.442","01 03 18 27 0F 00 19 00 2F 00 46 00 74 00 AD 00 EC 01 38 01 92 01 FE 02 6E 02 EE B1 BF"
"2026-08-23 00:52:59.911","01 04 00 56 00 03 50 1B"
"2026-08-23 00:52:59.922","01 04 06 01 28 00 00 00 00 01 44"
"2026-08-23 00:53:00.412","01 05 23 34 00 00 87 80"
"2026-08-23 00:53:00.423","01 05 23 34 00 00 87 80"
