timestamp_cierre_ventana,delta_t_std,delta_t_mean,delta_t_sum,address_rango,address_unicas,quantity_total,quantity_std
2026-09-13 05:28:15.592,0.26516504294495535,0.21050000000000002,0.42100000000000004,231.0,2.0,20875.0,14756.61141658206
2026-09-13 05:28:19.069,0.22273863607376249,0.18050000000000002,0.36100000000000004,231.0,2.0,20875.0,14756.61141658206
2026-09-13 05:28:19.093,0.22203152929257594,0.18100000000000002,0.36200000000000004,231.0,2.0,20875.0,14756.61141658206
2026-09-13 05:28:22.569,0.2644579361637688,0.21100000000000002,0.42200000000000004,231.0,2.0,20875.0,14756.61141658206
2026-09-13 05:28:22.593,0.2644579361637688,0.21100000000000002,0.42200000000000004,231.0,2.0,20875.0,14756.61141658206
2026-09-13 05:28:26.069,0.2644579361637688,0.21100000000000002,0.42200000000000004,231.0,2.0,20875.0,14756.61141658206
2026-09-13 05:28:26.093,0.2644579361637688,0.21100000000000002,0.42200000000000004,231.0,2.0,20875.0,14756.61141658206
2026-09-13 05:28:29.569,0.2644579361637688,0.21100000000000002,0.42200000000000004,231.0,2.0,20875.0,14756.61141658206
2026-09-13 05:28:29.593,0.2644579361637688,0.21100000000000002,0.42200000000000004,231.0,2.0,20875.0,14756.61141658206
2026-09-13 05:28:33.069,0.2644579361637688,0.21100000000000002,0.42200000000000004,231.0,2.0,20875.0,14756.61141658206
2026-09-13 05:28:33.093,0.2644579361637688,0.21100000000000002,0.42200000000000004,231.0,2.0,20875.0,14756.61141658206
2026-09-13 05:28:36.580,0.26375082938258226,0.21050000000000002,0.42100000000000004,231.0,2.0,20875.0,14756.61141658206
2026-09-13 05:28:36.604,0.26375082938258226,0.21050000000000002,0.42100000000000004,231.0,2.0,20875.0,14756.61141658206
2026-09-13 05:28:40.080,0.2644579361637688,0.21100000000000002,0.42200000000000004,231.0,2.0,20875.0,14756.61141658206
2026-09-13 05:28:40.104,0.2644579361637688,0.21100000000000002,0.42200000000000004,231.0,2.0,20875.0,14756.61141658206
2026-09-13 05:28:43.580,0.2644579361637688,0.21100000000000002,0.42200000000000004,231.0,2.0,20875.0,14756.61141658206
2026-09-13 05:28:43.604,0.2644579361637688,0.21100000000000002,0.42200000000000004,231.0,2.0,20875.0,14756.61141658206
2026-09-13 05:28:47.080,0.2644579361637688,0.21100000000000002,0.42200000000000004,231.0,2.0,20875.0,14756.61141658206
2026-09-13 05:28:47.104,0.2644579361637688,0.21100000000000002,0.42200000000000004,231.0,2.0,20875.0,14756.61141658206
2026-09-13 05:28:50.581,0.26516504294495535,0.21150000000000002,0.42300000000000004,231.0,2.0,20875.0,14756.61141658206
2026-09-13 05:28:50.604,0.26587214972614187,0.21100000000000002,0.42200000000000004,231.0,2.0,20875.0,14756.61141658206
2026-09-13 05:28:54.081,0.26516504294495535,0.21050000000000002,0.42100000000000004,231.0,2.0,20875.0,14756.61141658206
2026-09-13 05:28:54.104,0.26516504294495535,0.21050000000000002,0.42100000000000004,231.0,2.0,20875.0,14756.61141658206
2026-09-13 05:28:57.581,0.26516504294495535,0.21050000000000002,0.42100000000000004,231.0,2.0,20875.0,14756.61141658206
2026-09-13 05:28:57.604,0.26516504294495535,0.21050000000000002,0.42100000000000004,231.0,2.0,20875.0,14756.61141658206
2026-09-13 05:29:01.081,0.26516504294495535,0.21050000000000002,0.42100000000000004,231.0,2.0,20875.0,14756.61141658206
2026-09-13 05:29:01.104,0.26516504294495535,0.21050000000000002,0.42100000000000004,231.0,2.0,20875.0,14756.61141658206
2026-09-13 05:29:04.581,0.26516504294495535,0.21050000000000002,0.42100000000000004,231.0,2.0,20875.0,14756.61141658206
2026-09-13 05:29:04.604,0.26516504294495535,0.21050000000000002,0.42100000000000004,231.0,2.0,20875.0,14756.61141658206
2026-09-13 05:29:08.081,0.26516504294495535,0.21050000000000002,0.42100000000000004,231.0,2.0,20875.0,14756.61141658206
2026-09-13 05:29:08.104,0.26516504294495535,0.21050000000000002,0.42100000000000004,231.0,2.0,20875.0,14756.61141658206
2026-09-13 05:29:11.581,0.26516504294495535,0.21050000000000002,0.42100000000000004,231.0,2.0,20875.0,14756.61141658206
2026-09-13 05:29:11.604,0.26516504294495535,0.21050000000000002,0.42100000000000004,231.0,2.0,20875.0,14756.61141658206
2026-09-13 05:29:15.123,0.26516504294495535,0.21050000000000002,0.42100000000000004,231.0,2.0,20875.0,14756.61141658206
2026-09-13 05:29:15.147,0.2644579361637688,0.21100000000000002,0.42200000000000004,231.0,2.0,20875.0,14756.61141658206
2026-09-13 05:29:18.623,0.2644579361637688,0.21100000000000002,0.42200000000000004,231.0,2.0,20875.0,14756.61141658206
2026-09-13 05:29:18.647,0.2644579361637688,0.21100000000000002,0.42200000000000004,231.0,2.0,20875.0,14756.61141658206
2026-09-13 05:29:22.123,0.2644579361637688,0.21100000000000002,0.42200000000000004,231.0,2.0,20875.0,14756.61141658206
2026-09-13 05:29:22.147,0.2644579361637688,0.21100000000000002,0.42200000000000004,231.0,2.0,20875.0,14756.61141658206
2026-09-13 05:29:25.623,0.2644579361637688,0.21100000000000002,0.42200000000000004,231.0,2.0,20875.0,14756.61141658206
2026-09-13 05:29:25.647,0.2644579361637688,0.21100000000000002,0.42200000000000004,231.0,2.0,20875.0,14756.61141658206
2026-09-13 05:29:29.123,0.2644579361637688,0.21100000000000002,0.42200000000000004,231.0,2.0,20875.0,14756.61141658206
2026-09-13 05:29:29.147,0.2644579361637688,0.21100000000000002,0.42200000000000004,231.0,2.0,20875.0,14756.61141658206
2026-09-13 05:29:32.623,0.2644579361637688,0.21100000000000002,0.42200000000000004,231.0,2.0,20875.0,14756.61141658206
2026-09-13 05:29:32.647,0.2644579361637688,0.21100000000000002,0.42200000000000004,231.0,2.0,20875.0,14756.61141658206
2026-09-13 05:29:36.123,0.2644579361637688,0.21100000000000002,0.42200000000000004,231.0,2.0,20875.0,14756.61141658206
2026-09-13 05:29:36.147,0.2644579361637688,0.21100000000000002,0.42200000000000004,231.0,2.0,20875.0,14756.61141658206
2026-09-13 05:29:39.623,0.2644579361637688,0.21100000000000002,0.42200000000000004,231.0,2.0,20875.0,14756.61141658206
2026-09-13 05:29:39.647,0.2644579361637688,0.21100000000000002,0.42200000000000004,231.0,2.0,20875.0,14756.61141658206
2026-09-13 05:29:43.123,0.2644579361637688,0.21100000000000002,0.42200000000000004,231.0,2.0,20875.0,14756.61141658206
2026-09-13 05:29:43.147,0.2644579361637688,0.21100000000000002,0.42200000000000004,231.0,2.0,20875.0,14756.61141658206
2026-09-13 05:29:46.623,0.2644579361637688,0.21100000000000002,0.42200000000000004,231.0,2.0,20875.0,14756.61141658206
2026-09-13 05:29:46.647,0.2644579361637688,0.21100000000000002,0.42200000000000004,231.0,2.0,20875.0,14756.61141658206
2026-09-13 05:29:50.124,0.2644579361637688,0.21100000000000002,0.42200000000000004,231.0,2.0,20875.0,14756.61141658206
2026-09-13 05:29:50.147,0.26516504294495535,0.21050000000000002,0.42100000000000004,231.0,2.0,20875.0,14756.61141658206
2026-09-13 05:29:53.624,0.26516504294495535,0.21050000000000002,0.42100000000000004,231.0,2.0,20875.0,14756.61141658206
2026-09-13 05:29:53.647,0.26516504294495535,0.21050000000000002,0.42100000000000004,231.0,2.0,20875.0,14756.61141658206
2026-09-13 05:29:57.124,0.26516504294495535,0.21050000000000002,0.42100000000000004,231.0,2.0,20875.0,14756.61141658206
2026-09-13 05:29:57.147,0.26516504294495535,0.21050000000000002,0.42100000000000004,231.0,2.0,20875.0,14756.61141658206
2026-09-13 05:30:00.624,0.26516504294495535,0.21050000000000002,0.42100000000000004,231.0,2.0,20875.0,14756.61141658206
2026-09-13 05:30:00.647,0.26516504294495535,0.21050000000000002,0.42100000000000004,231.0,2.0,20875.0,14756.61141658206
2026-09-13 05:30:04.124,0.26516504294495535,0.21050000000000002,0.42100000000000004,231.0,2.0,20875.0,14756.61141658206
2026-09-13 05:30:04.147,0.26516504294495535,0.21050000000000002,0.42100000000000004,231.0,2.0,20875.0,14756.61141658206
2026-09-13 05:30:07.624,0.014849242404917494,0.0335,0.067,231.0,2.0,20875.0,14756.61141658206
2026-09-13 05:30:07.647,0.0148492424049175,0.0335,0.067,231.0,2.0,20875.0,14756.61141658206
2026-09-13 05:30:11.124,0.26516504294495535,0.21050000000000002,0.42100000000000004,231.0,2.0,20875.0,14756.61141658206
2026-09-13 05:30:11.148,0.2644579361637688,0.21100000000000002,0.42200000000000004,231.0,2.0,20875.0,14756.61141658206
2026-09-13 05:30:14.624,0.2644579361637688,0.21100000000000002,0.42200000000000004,231.0,2.0,20875.0,14756.61141658206
2026-09-13 05:30:14.647,0.26516504294495535,0.21050000000000002,0.42100000000000004,231.0,2.0,20875.0,14756.61141658206
2026-09-13 05:30:18.124,0.26516504294495535,0.21050000000000002,0.42100000000000004,231.0,2.0,20875.0,14756.61141658206
2026-09-13 05:30:18.148,0.2644579361637688,0.21100000000000002,0.42200000000000004,231.0,2.0,20875.0,14756.61141658206
2026-09-13 05:30:21.624,0.2644579361637688,0.21100000000000002,0.42200000000000004,231.0,2.0,20875.0,14756.61141658206
2026-09-13 05:30:21.648,0.2644579361637688,0.21100000000000002,0.42200000000000004,231.0,2.0,20875.0,14756.61141658206
2026-09-13 05:30:25.124,0.2644579361637688,0.21100000000000002,0.42200000000000004,231.0,2.0,20875.0,14756.61141658206
2026-09-13 05:30:25.148,0.2644579361637688,0.21100000000000002,0.42200000000000004,231.0,2.0,20875.0,14756.61141658206
2026-09-13 05:30:28.624,0.2644579361637688,0.21100000000000002,0.42200000000000004,231.0,2.0,20875.0,14756.61141658206
2026-09-13 05:30:28.648,0.2644579361637688,0.21100000000000002,0.42200000000000004,231.0,2.0,20875.0,14756.61141658206
2026-09-13 05:30:32.124,0.18596908345206198,0.1555,0.311,231.0,2.0,20875.0,14756.61141658206
2026-09-13 05:30:32.150,0.1845548698896889,0.1565,0.313,231.0,2.0,20875.0,14756.61141658206
2026-09-13 05:30:35.624,0.2630437226013957,0.21200000000000002,0.42400000000000004,231.0,2.0,20875.0,14756.61141658206
2026-09-13 05:30:35.648,0.2644579361637688,0.21100000000000002,0.42200000000000004,231.0,2.0,20875.0,14756.61141658206
2026-09-13 05:30:39.124,0.2644579361637688,0.21100000000000002,0.42200000000000004,231.0,2.0,20875.0,14756.61141658206
2026-09-13 05:30:39.148,0.2644579361637688,0.21100000000000002,0.42200000000000004,231.0,2.0,20875.0,14756.61141658206
2026-09-13 05:30:42.624,0.2644579361637688,0.21100000000000002,0.42200000000000004,231.0,2.0,20875.0,14756.61141658206
2026-09-13 05:30:42.648,0.2644579361637688,0.21100000000000002,0.42200000000000004,231.0,2.0,20875.0,14756.61141658206
2026-09-13 05:30:46.124,0.26375082938258226,0.21050000000000002,0.42100000000000004,231.0,2.0,20875.0,14756.61141658206
2026-09-13 05:30:46.148,0.26375082938258226,0.21050000000000002,0.42100000000000004,231.0,2.0,20875.0,14756.61141658206
2026-09-13 05:30:49.625,0.2644579361637688,0.21100000000000002,0.42200000000000004,231.0,2.0,20875.0,14756.61141658206
2026-09-13 05:30:49.648,0.26516504294495535,0.21050000000000002,0.42100000000000004,231.0,2.0,20875.0,14756.61141658206
2026-09-13 05:30:53.125,0.26516504294495535,0.21050000000000002,0.42100000000000004,231.0,2.0,20875.0,14756.61141658206
2026-09-13 05:30:53.148,0.26516504294495535,0.21050000000000002,0.42100000000000004,231.0,2.0,20875.0,14756.61141658206
2026-09-13 05:30:56.625,0.26516504294495535,0.21050000000000002,0.42100000000000004,231.0,2.0,20875.0,14756.61141658206
2026-09-13 05:30:56.648,0.26516504294495535,0.21050000000000002,0.42100000000000004,231.0,2.0,20875.0,14756.61141658206
2026-09-13 05:31:00.125,0.26516504294495535,0.21050000000000002,0.42100000000000004,231.0,2.0,20875.0,14756.61141658206
2026-09-13 05:31:00.148,0.26516504294495535,0.21050000000000002,0.42100000000000004,231.0,2.0,20875.0,14756.61141658206
2026-09-13 05:31:03.625,0.26516504294495535,0.21050000000000002,0.42100000000000004,231.0,2.0,20875.0,14756.61141658206
2026-09-13 05:31:03.648,0.26516504294495535,0.21050000000000002,0.42100000000000004,231.0,2.0,20875.0,14756.61141658206
2026-09-13 05:31:07.125,0.26516504294495535,0.21050000000000002,0.42100000000000004,231.0,2.0,20875.0,14756.61141658206
2026-09-13 05:31:07.148,0.26516504294495535,0.21050000000000002,0.42100000000000004,231.0,2.0,20875.0,14756.61141658206
2026-09-13 05:31:10.625,0.26516504294495535,0.21050000000000002,0.42100000000000004,231.0,2.0,20875.0,14756.61141658206
2026-09-13 05:31:10.648,0.26516504294495535,0.21050000000000002,0.42100000000000004,231.0,2.0,20875.0,14756.61141658206
2026-09-13 05:31:14.137,0.26516504294495535,0.21050000000000002,0.42100000000000004,231.0,2.0,20875.0,14756.61141658206
2026-09-13 05:31:14.161,0.2644579361637688,0.21100000000000002,0.42200000000000004,231.0,2.0,20875.0,14756.61141658206
2026-09-13 05:31:17.637,0.2644579361637688,0.21100000000000002,0.42200000000000004,231.0,2.0,20875.0,14756.61141658206
2026-09-13 05:31:17.661,0.2644579361637688,0.21100000000000002,0.42200000000000004,231.0,2.0,20875.0,14756.61141658206
2026-09-13 05:31:21.137,0.2644579361637688,0.21100000000000002,0.42200000000000004,231.0,2.0,20875.0,14756.61141658206
2026-09-13 05:31:21.161,0.2644579361637688,0.21100000000000002,0.42200000000000004,231.0,2.0,20875.0,14756.61141658206
2026-09-13 05:31:24.637,0.2644579361637688,0.21100000000000002,0.42200000000000004,231.0,2.0,20875.0,14756.61141658206
2026-09-13 05:31:24.661,0.2644579361637688,0.21100000000000002,0.42200000000000004,231.0,2.0,20875.0,14756.61141658206
2026-09-13 05:31:28.137,0.2644579361637688,0.21100000000000002,0.42200000000000004,231.0,2.0,20875.0,14756.61141658206
2026-09-13 05:31:28.161,0.2644579361637688,0.21100000000000002,0.42200000000000004,231.0,2.0,20875.0,14756.61141658206
2026-09-13 05:31:31.637,0.2644579361637688,0.21100000000000002,0.42200000000000004,231.0,2.0,20875.0,14756.61141658206
2026-09-13 05:31:31.661,0.2644579361637688,0.21100000000000002,0.42200000000000004,231.0,2.0,20875.0,14756.61141658206
2026-09-13 05:31:35.137,0.2644579361637688,0.21100000000000002,0.42200000000000004,231.0,2.0,20875.0,14756.61141658206
2026-09-13 05:31:35.161,0.2644579361637688,0.21100000000000002,0.42200000000000004,231.0,2.0,20875.0,14756.61141658206
2026-09-13 05:31:38.637,0.2644579361637688,0.21100000000000002,0.42200000000000004,231.0,2.0,20875.0,14756.61141658206
2026-09-13 05:31:38.661,0.2644579361637688,0.21100000000000002,0.42200000000000004,231.0,2.0,20875.0,14756.61141658206
2026-09-13 05:31:42.137,0.2644579361637688,0.21100000000000002,0.42200000000000004,231.0,2.0,20875.0,14756.61141658206
2026-09-13 05:31:42.161,0.2644579361637688,0.21100000000000002,0.42200000000000004,231.0,2.0,20875.0,14756.61141658206
2026-09-13 05:31:45.638,0.2644579361637688,0.21100000000000002,0.42200000000000004,231.0,2.0,20875.0,14756.61141658206
2026-09-13 05:31:45.661,0.26516504294495535,0.21050000000000002,0.42100000000000004,231.0,2.0,20875.0,14756.61141658206
2026-09-13 05:31:49.138,0.26516504294495535,0.21050000000000002,0.42100000000000004,231.0,2.0,20875.0,14756.61141658206
2026-09-13 05:31:49.161,0.26516504294495535,0.21050000000000002,0.42100000000000004,231.0,2.0,20875.0,14756.61141658206
2026-09-13 05:31:52.638,0.26516504294495535,0.21050000000000002,0.42100000000000004,231.0,2.0,20875.0,14756.61141658206
2026-09-13 05:31:52.661,0.26516504294495535,0.21050000000000002,0.42100000000000004,231.0,2.0,20875.0,14756.61141658206
2026-09-13 05:31:56.138,0.26516504294495535,0.21050000000000002,0.42100000000000004,231.0,2.0,20875.0,14756.61141658206
2026-09-13 05:31:56.161,0.26516504294495535,0.21050000000000002,0.42100000000000004,231.0,2.0,20875.0,14756.61141658206
2026-09-13 05:31:59.638,0.26516504294495535,0.21050000000000002,0.42100000000000004,231.0,2.0,20875.0,14756.61141658206
2026-09-13 05:31:59.661,0.26516504294495535,0.21050000000000002,0.42100000000000004,231.0,2.0,20875.0,14756.61141658206
2026-09-13 05:32:03.138,0.26516504294495535,0.21050000000000002,0.42100000000000004,231.0,2.0,20875.0,14756.61141658206
2026-09-13 05:32:03.161,0.26516504294495535,0.21050000000000002,0.42100000000000004,231.0,2.0,20875.0,14756.61141658206
2026-09-13 05:32:06.638,0.26516504294495535,0.21050000000000002,0.42100000000000004,231.0,2.0,20875.0,14756.61141658206
2026-09-13 05:32:06.661,0.26516504294495535,0.21050000000000002,0.42100000000000004,231.0,2.0,20875.0,14756.61141658206
2026-09-13 05:32:10.138,0.26516504294495535,0.21050000000000002,0.42100000000000004,231.0,2.0,20875.0,14756.61141658206
2026-09-13 05:32:10.162,0.2644579361637688,0.21100000000000002,0.42200000000000004,231.0,2.0,20875.0,14756.61141658206
2026-09-13 05:32:13.638,0.2644579361637688,0.21100000000000002,0.42200000000000004,231.0,2.0,20875.0,14756.61141658206
2026-09-13 05:32:13.662,0.2644579361637688,0.21100000000000002,0.42200000000000004,231.0,2.0,20875.0,14756.61141658206
2026-09-13 05:32:17.138,0.2644579361637688,0.21100000000000002,0.42200000000000004,231.0,2.0,20875.0,14756.61141658206
2026-09-13 05:32:17.162,0.2644579361637688,0.21100000000000002,0.42200000000000004,231.0,2.0,20875.0,14756.61141658206
2026-09-13 05:32:20.638,0.2644579361637688,0.21100000000000002,0.42200000000000004,231.0,2.0,20875.0,14756.61141658206
2026-09-13 05:32:20.662,0.2644579361637688,0.21100000000000002,0.42200000000000004,231.0,2.0,20875.0,14756.61141658206
2026-09-13 05:32:24.138,0.2644579361637688,0.21100000000000002,0.42200000000000004,231.0,2.0,20875.0,14756.61141658206
2026-09-13 05:32:24.162,0.2644579361637688,0.21100000000000002,0.42200000000000004,231.0,2.0,20875.0,14756.61141658206
2026-09-13 05:32:27.638,0.2644579361637688,0.21100000000000002,0.42200000000000004,231.0,2.0,20875.0,14756.61141658206
2026-09-13 05:32:27.662,0.2644579361637688,0.21100000000000002,0.42200000000000004,231.0,2.0,20875.0,14756.61141658206
2026-09-13 05:32:31.138,0.2644579361637688,0.21100000000000002,0.42200000000000004,231.0,2.0,20875.0,14756.61141658206
2026-09-13 05:32:31.162,0.2644579361637688,0.21100000000000002,0.42200000000000004,231.0,2.0,20875.0,14756.61141658206
2026-09-13 05:32:35.041,0.2644579361637688,0.21100000000000002,0.42200000000000004,231.0,2.0,20875.0,14756.61141658206
2026-09-13 05:32:35.065,0.2644579361637688,0.21100000000000002,0.42200000000000004,231.0,2.0,20875.0,14756.61141658206
2026-09-13 05:32:38.541,0.2644579361637688,0.21100000000000002,0.42200000000000004,231.0,2.0,20875.0,14756.61141658206
2026-09-13 05:32:38.565,0.2644579361637688,0.21100000000000002,0.42200000000000004,231.0,2.0,20875.0,14756.61141658206
2026-09-13 05:32:42.042,0.2644579361637688,0.21100000000000002,0.42200000000000004,231.0,2.0,20875.0,14756.61141658206
2026-09-13 05:32:42.065,0.26516504294495535,0.21050000000000002,0.42100000000000004,231.0,2.0,20875.0,14756.61141658206
2026-09-13 05:32:45.542,0.26516504294495535,0.21050000000000002,0.42100000000000004,231.0,2.0,20875.0,14756.61141658206
2026-09-13 05:32:45.565,0.26516504294495535,0.21050000000000002,0.42100000000000004,231.0,2.0,20875.0,14756.61141658206
2026-09-13 05:32:49.042,0.26516504294495535,0.21050000000000002,0.42100000000000004,231.0,2.0,20875.0,14756.61141658206
2026-09-13 05:32:49.065,0.26516504294495535,0.21050000000000002,0.42100000000000004,231.0,2.0,20875.0,14756.61141658206
2026-09-13 05:32:52.542,0.26516504294495535,0.21050000000000002,0.42100000000000004,231.0,2.0,20875.0,14756.61141658206
2026-09-13 05:32:52.565,0.26516504294495535,0.21050000000000002,0.42100000000000004,231.0,2.0,20875.0,14756.61141658206
2026-09-13 05:32:56.042,0.26516504294495535,0.21050000000000002,0.42100000000000004,231.0,2.0,20875.0,14756.61141658206
2026-09-13 05:32:56.065,0.26516504294495535,0.21050000000000002,0.42100000000000004,231.0,2.0,20875.0,14756.61141658206
2026-09-13 05:32:59.542,0.26516504294495535,0.21050000000000002,0.42100000000000004,231.0,2.0,20875.0,14756.61141658206
2026-09-13 05:32:59.565,0.26516504294495535,0.21050000000000002,0.42100000000000004,231.0,2.0,20875.0,14756.61141658206
2026-09-13 05:33:03.042,0.26516504294495535,0.21050000000000002,0.42100000000000004,231.0,2.0,20875.0,14756.61141658206
2026-09-13 05:33:03.066,0.2644579361637688,0.21100000000000002,0.42200000000000004,231.0,2.0,20875.0,14756.61141658206
2026-09-13 05:33:06.542,0.2644579361637688,0.21100000000000002,0.42200000000000004,231.0,2.0,20875.0,14756.61141658206
2026-09-13 05:33:06.566,0.2644579361637688,0.21100000000000002,0.42200000000000004,231.0,2.0,20875.0,14756.61141658206
2026-09-13 05:33:10.042,0.2644579361637688,0.21100000000000002,0.42200000000000004,231.0,2.0,20875.0,14756.61141658206
2026-09-13 05:33:10.066,0.2644579361637688,0.21100000000000002,0.42200000000000004,231.0,2.0,20875.0,14756.61141658206
2026-09-13 05:33:13.542,0.2644579361637688,0.21100000000000002,0.42200000000000004,231.0,2.0,20875.0,14756.61141658206
2026-09-13 05:33:13.566,0.2644579361637688,0.21100000000000002,0.42200000000000004,231.0,2.0,20875.0,14756.61141658206
2026-09-13 05:33:17.042,0.2644579361637688,0.21100000000000002,0.42200000000000004,231.0,2.0,20875.0,14756.61141658206
2026-09-13 05:33:17.066,0.2644579361637688,0.21100000000000002,0.42200000000000004,231.0,2.0,20875.0,14756.61141658206
2026-09-13 05:33:20.542,0.2644579361637688,0.21100000000000002,0.42200000000000004,231.0,2.0,20875.0,14756.61141658206
2026-09-13 05:33:20.566,0.2644579361637688,0.21100000000000002,0.42200000000000004,231.0,2.0,20875.0,14756.61141658206
2026-09-13 05:33:24.042,0.2644579361637688,0.21100000000000002,0.42200000000000004,231.0,2.0,20875.0,14756.61141658206
2026-09-13 05:33:24.066,0.2644579361637688,0.21100000000000002,0.42200000000000004,231.0,2.0,20875.0,14756.61141658206
2026-09-13 05:33:27.542,0.2644579361637688,0.21100000000000002,0.42200000000000004,231.0,2.0,20875.0,14756.61141658206
2026-09-13 05:33:27.566,0.2644579361637688,0.21100000000000002,0.42200000000000004,231.0,2.0,20875.0,14756.61141658206
2026-09-13 05:33:31.042,0.2644579361637688,0.21100000000000002,0.42200000000000004,231.0,2.0,20875.0,14756.61141658206
2026-09-13 05:33:31.066,0.2644579361637688,0.21100000000000002,0.42200000000000004,231.0,2.0,20875.0,14756.61141658206
2026-09-13 05:33:34.542,0.2644579361637688,0.21100000000000002,0.42200000000000004,231.0,2.0,20875.0,14756.61141658206
2026-09-13 05:33:34.566,0.2644579361637688,0.21100000000000002,0.42200000000000004,231.0,2.0,20875.0,14756.61141658206
2026-09-13 05:33:38.043,0.2644579361637688,0.21100000000000002,0.42200000000000004,231.0,2.0,20875.0,14756.61141658206
2026-09-13 05:33:38.066,0.26516504294495535,0.21050000000000002,0.42100000000000004,231.0,2.0,20875.0,14756.61141658206
2026-09-13 05:33:41.557,0.26516504294495535,0.21050000000000002,0.42100000000000004,231.0,2.0,20875.0,14756.61141658206
2026-09-13 05:33:41.580,0.26516504294495535,0.21050000000000002,0.42100000000000004,231.0,2.0,20875.0,14756.61141658206
2026-09-13 05:33:45.057,0.26516504294495535,0.21050000000000002,0.42100000000000004,231.0,2.0,20875.0,14756.61141658206
2026-09-13 05:33:45.080,0.26516504294495535,0.21050000000000002,0.42100000000000004,231.0,2.0,20875.0,14756.61141658206
2026-09-13 05:33:48.557,0.26516504294495535,0.21050000000000002,0.42100000000000004,231.0,2.0,20875.0,14756.61141658206
2026-09-13 05:33:48.580,0.26516504294495535,0.21050000000000002,0.42100000000000004,231.0,2.0,20875.0,14756.61141658206
2026-09-13 05:33:52.057,0.26516504294495535,0.21050000000000002,0.42100000000000004,231.0,2.0,20875.0,14756.61141658206
2026-09-13 05:33:52.080,0.26516504294495535,0.21050000000000002,0.42100000000000004,231.0,2.0,20875.0,14756.61141658206
2026-09-13 05:33:55.557,0.26516504294495535,0.21050000000000002,0.42100000000000004,231.0,2.0,20875.0,14756.61141658206
2026-09-13 05:33:55.580,0.26516504294495535,0.21050000000000002,0.42100000000000004,231.0,2.0,20875.0,14756.61141658206
2026-09-13 05:33:59.057,0.26516504294495535,0.21050000000000002,0.42100000000000004,231.0,2.0,20875.0,14756.61141658206
2026-09-13 05:33:59.081,0.2644579361637688,0.21100000000000002,0.42200000000000004,231.0,2.0,20875.0,14756.61141658206
2026-09-13 05:34:02.557,0.2644579361637688,0.21100000000000002,0.42200000000000004,231.0,2.0,20875.0,14756.61141658206
2026-09-13 05:34:02.581,0.2644579361637688,0.21100000000000002,0.42200000000000004,231.0,2.0,20875.0,14756.61141658206
2026-09-13 05:34:06.057,0.2644579361637688,0.21100000000000002,0.42200000000000004,231.0,2.0,20875.0,14756.61141658206
2026-09-13 05:34:06.081,0.2644579361637688,0.21100000000000002,0.42200000000000004,231.0,2.0,20875.0,14756.61141658206
2026-09-13 05:34:09.557,0.2644579361637688,0.21100000000000002,0.42200000000000004,231.0,2.0,20875.0,14756.61141658206
2026-09-13 05:34:09.581,0.2644579361637688,0.21100000000000002,0.42200000000000004,231.0,2.0,20875.0,14756.61141658206
2026-09-13 05:34:13.057,0.2644579361637688,0.21100000000000002,0.42200000000000004,231.0,2.0,20875.0,14756.61141658206
2026-09-13 05:34:13.081,0.2644579361637688,0.21100000000000002,0.42200000000000004,231.0,2.0,20875.0,14756.61141658206
2026-09-13 05:34:16.557,0.2644579361637688,0.21100000000000002,0.42200000000000004,231.0,2.0,20875.0,14756.61141658206
2026-09-13 05:34:16.581,0.2644579361637688,0.21100000000000002,0.42200000000000004,231.0,2.0,20875.0,14756.61141658206
2026-09-13 05:34:20.057,0.2644579361637688,0.21100000000000002,0.42200000000000004,231.0,2.0,20875.0,14756.61141658206
2026-09-13 05:34:20.081,0.2644579361637688,0.21100000000000002,0.42200000000000004,231.0,2.0,20875.0,14756.61141658206
2026-09-13 05:34:23.557,0.26375082938258226,0.21050000000000002,0.42100000000000004,231.0,2.0,20875.0,14756.61141658206
2026-09-13 05:34:23.581,0.26375082938258226,0.21050000000000002,0.42100000000000004,231.0,2.0,20875.0,14756.61141658206
2026-09-13 05:34:27.057,0.2644579361637688,0.21100000000000002,0.42200000000000004,231.0,2.0,20875.0,14756.61141658206
2026-09-13 05:34:27.081,0.2644579361637688,0.21100000000000002,0.42200000000000004,231.0,2.0,20875.0,14756.61141658206
2026-09-13 05:34:30.557,0.2644579361637688,0.21100000000000002,0.42200000000000004,231.0,2.0,20875.0,14756.61141658206
2026-09-13 05:34:30.581,0.2644579361637688,0.21100000000000002,0.42200000000000004,231.0,2.0,20875.0,14756.61141658206
2026-09-13 05:34:34.058,0.26516504294495535,0.21150000000000002,0.42300000000000004,231.0,2.0,20875.0,14756.61141658206
2026-09-13 05:34:34.081,0.26587214972614187,0.21100000000000002,0.42200000000000004,231.0,2.0,20875.0,14756.61141658206
2026-09-13 05:34:37.558,0.26516504294495535,0.21050000000000002,0.42100000000000004,231.0,2.0,20875.0,14756.61141658206
2026-09-13 05:34:37.581,0.26516504294495535,0.21050000000000002,0.42100000000000004,231.0,2.0,20875.0,14756.61141658206
2026-09-13 05:34:41.058,0.26516504294495535,0.21050000000000002,0.42100000000000004,231.0,2.0,20875.0,14756.61141658206
2026-09-13 05:34:41.081,0.26516504294495535,0.21050000000000002,0.42100000000000004,231.0,2.0,20875.0,14756.61141658206
2026-09-13 05:34:44.558,0.26516504294495535,0.21050000000000002,0.42100000000000004,231.0,2.0,20875.0,14756.61141658206
2026-09-13 05:34:44.581,0.26516504294495535,0.21050000000000002,0.42100000000000004,231.0,2.0,20875.0,14756.61141658206
2026-09-13 05:34:48.058,0.26516504294495535,0.21050000000000002,0.42100000000000004,231.0,2.0,20875.0,14756.61141658206
2026-09-13 05:34:48.081,0.26516504294495535,0.21050000000000002,0.42100000000000004,231.0,2.0,20875.0,14756.61141658206
2026-09-13 05:34:51.558,0.26516504294495535,0.21050000000000002,0.42100000000000004,231.0,2.0,20875.0,14756.61141658206
2026-09-13 05:34:51.581,0.26516504294495535,0.21050000000000002,0.42100000000000004,231.0,2.0,20875.0,14756.61141658206
2026-09-13 05:34:55.058,0.26516504294495535,0.21050000000000002,0.42100000000000004,231.0,2.0,20875.0,14756.61141658206
2026-09-13 05:34:55.081,0.26516504294495535,0.21050000000000002,0.42100000000000004,231.0,2.0,20875.0,14756.61141658206
2026-09-13 05:34:58.558,0.26516504294495535,0.21050000000000002,0.42100000000000004,231.0,2.0,20875.0,14756.61141658206
2026-09-13 05:34:58.582,0.2644579361637688,0.21100000000000002,0.42200000000000004,231.0,2.0,20875.0,14756.61141658206
2026-09-13 05:35:02.058,0.2644579361637688,0.21100000000000002,0.42200000000000004,231.0,2.0,20875.0,14756.61141658206
2026-09-13 05:35:02.082,0.2644579361637688,0.21100000000000002,0.42200000000000004,231.0,2.0,20875.0,14756.61141658206
2026-09-13 05:35:05.558,0.2644579361637688,0.21100000000000002,0.42200000000000004,231.0,2.0,20875.0,14756.61141658206
2026-09-13 05:35:05.582,0.2644579361637688,0.21100000000000002,0.42200000000000004,231.0,2.0,20875.0,14756.61141658206
2026-09-13 05:35:09.058,0.2644579361637688,0.21100000000000002,0.42200000000000004,231.0,2.0,20875.0,14756.61141658206
2026-09-13 05:35:09.082,0.2644579361637688,0.21100000000000002,0.42200000000000004,231.0,2.0,20875.0,14756.61141658206
2026-09-13 05:35:12.558,0.2644579361637688,0.21100000000000002,0.42200000000000004,231.0,2.0,20875.0,14756.61141658206
2026-09-13 05:35:12.582,0.2644579361637688,0.21100000000000002,0.42200000000000004,231.0,2.0,20875.0,14756.61141658206
2026-09-13 05:35:16.058,0.2644579361637688,0.21100000000000002,0.42200000000000004,231.0,2.0,20875.0,14756.61141658206
2026-09-13 05:35:16.082,0.2644579361637688,0.21100000000000002,0.42200000000000004,231.0,2.0,20875.0,14756.61141658206
2026-09-13 05:35:19.558,0.2644579361637688,0.21100000000000002,0.42200000000000004,231.0,2.0,20875.0,14756.61141658206
2026-09-13 05:35:19.582,0.2644579361637688,0.21100000000000002,0.42200000000000004,231.0,2.0,20875.0,14756.61141658206
2026-09-13 05:35:23.058,0.2644579361637688,0.21100000000000002,0.42200000000000004,231.0,2.0,20875.0,14756.61141658206
2026-09-13 05:35:23.082,0.2644579361637688,0.21100000000000002,0.42200000000000004,231.0,2.0,20875.0,14756.61141658206
2026-09-13 05:35:26.558,0.26375082938258226,0.21050000000000002,0.42100000000000004,231.0,2.0,20875.0,14756.61141658206
2026-09-13 05:35:26.582,0.26375082938258226,0.21050000000000002,0.42100000000000004,231.0,2.0,20875.0,14756.61141658206
2026-09-13 05:35:30.059,0.2644579361637688,0.21100000000000002,0.42200000000000004,231.0,2.0,20875.0,14756.61141658206
2026-09-13 05:35:30.082,0.26516504294495535,0.21050000000000002,0.42100000000000004,231.0,2.0,20875.0,14756.61141658206
2026-09-13 05:35:33.559,0.26516504294495535,0.21050000000000002,0.42100000000000004,231.0,2.0,20875.0,14756.61141658206
2026-09-13 05:35:33.582,0.26516504294495535,0.21050000000000002,0.42100000000000004,231.0,2.0,20875.0,14756.61141658206
2026-09-13 05:35:37.059,0.26516504294495535,0.21050000000000002,0.42100000000000004,231.0,2.0,20875.0,14756.61141658206
2026-09-13 05:35:37.082,0.26516504294495535,0.21050000000000002,0.42100000000000004,231.0,2.0,20875.0,14756.61141658206
2026-09-13 05:35:40.559,0.26516504294495535,0.21050000000000002,0.42100000000000004,231.0,2.0,20875.0,14756.61141658206
2026-09-13 05:35:40.582,0.26516504294495535,0.21050000000000002,0.42100000000000004,231.0,2.0,20875.0,14756.61141658206
2026-09-13 05:35:44.059,0.26516504294495535,0.21050000000000002,0.42100000000000004,231.0,2.0,20875.0,14756.61141658206
2026-09-13 05:35:44.082,0.26516504294495535,0.21050000000000002,0.42100000000000004,231.0,2.0,20875.0,14756.61141658206
2026-09-13 05:35:47.559,0.26516504294495535,0.21050000000000002,0.42100000000000004,231.0,2.0,20875.0,14756.61141658206
2026-09-13 05:35:47.583,0.2644579361637688,0.21100000000000002,0.42200000000000004,231.0,2.0,20875.0,14756.61141658206
2026-09-13 05:35:51.059,0.2644579361637688,0.21100000000000002,0.42200000000000004,231.0,2.0,20875.0,14756.61141658206
2026-09-13 05:35:51.083,0.2644579361637688,0.21100000000000002,0.42200000000000004,231.0,2.0,20875.0,14756.61141658206
2026-09-13 05:35:54.559,0.2644579361637688,0.21100000000000002,0.42200000000000004,231.0,2.0,20875.0,14756.61141658206
2026-09-13 05:35:54.583,0.2644579361637688,0.21100000000000002,0.42200000000000004,231.0,2.0,20875.0,14756.61141658206
2026-09-13 05:35:58.059,0.2644579361637688,0.21100000000000002,0.42200000000000004,231.0,2.0,20875.0,14756.61141658206
2026-09-13 05:35:58.083,0.2644579361637688,0.21100000000000002,0.42200000000000004,231.0,2.0,20875.0,14756.61141658206
2026-09-13 05:36:01.559,0.2644579361637688,0.21100000000000002,0.42200000000000004,231.0,2.0,20875.0,14756.61141658206
2026-09-13 05:36:01.583,0.2644579361637688,0.21100000000000002,0.42200000000000004,231.0,2.0,20875.0,14756.61141658206
2026-09-13 05:36:05.059,0.2644579361637688,0.21100000000000002,0.42200000000000004,231.0,2.0,20875.0,14756.61141658206
2026-09-13 05:36:05.083,0.2644579361637688,0.21100000000000002,0.42200000000000004,231.0,2.0,20875.0,14756.61141658206
2026-09-13 05:36:08.559,0.2644579361637688,0.21100000000000002,0.42200000000000004,231.0,2.0,20875.0,14756.61141658206
2026-09-13 05:36:08.583,0.2644579361637688,0.21100000000000002,0.42200000000000004,231.0,2.0,20875.0,14756.61141658206
2026-09-13 05:36:12.059,0.2644579361637688,0.21100000000000002,0.42200000000000004,231.0,2.0,20875.0,14756.61141658206
2026-09-13 05:36:12.083,0.2644579361637688,0.21100000000000002,0.42200000000000004,231.0,2.0,20875.0,14756.61141658206
2026-09-13 05:36:15.559,0.26375082938258226,0.21050000000000002,0.42100000000000004,231.0,2.0,20875.0,14756.61141658206
2026-09-13 05:36:15.583,0.26375082938258226,0.21050000000000002,0.42100000000000004,231.0,2.0,20875.0,14756.61141658206
2026-09-13 05:36:19.059,0.2644579361637688,0.21100000000000002,0.42200000000000004,231.0,2.0,20875.0,14756.61141658206
2026-09-13 05:36:19.083,0.2644579361637688,0.21100000000000002,0.42200000000000004,231.0,2.0,20875.0,14756.61141658206
2026-09-13 05:36:22.560,0.2644579361637688,0.21100000000000002,0.42200000000000004,231.0,2.0,20875.0,14756.61141658206
2026-09-13 05:36:22.583,0.26516504294495535,0.21050000000000002,0.42100000000000004,231.0,2.0,20875.0,14756.61141658206
2026-09-13 05:36:26.060,0.26587214972614187,0.21100000000000002,0.42200000000000004,231.0,2.0,20875.0,14756.61141658206
2026-09-13 05:36:26.083,0.26587214972614187,0.21100000000000002,0.42200000000000004,231.0,2.0,20875.0,14756.61141658206
2026-09-13 05:36:29.560,0.26516504294495535,0.21050000000000002,0.42100000000000004,231.0,2.0,20875.0,14756.61141658206
2026-09-13 05:36:29.583,0.26516504294495535,0.21050000000000002,0.42100000000000004,231.0,2.0,20875.0,14756.61141658206
2026-09-13 05:36:33.060,0.26516504294495535,0.21050000000000002,0.42100000000000004,231.0,2.0,20875.0,14756.61141658206
2026-09-13 05:36:33.083,0.26516504294495535,0.21050000000000002,0.42100000000000004,231.0,2.0,20875.0,14756.61141658206
2026-09-13 05:36:36.560,0.26516504294495535,0.21050000000000002,0.42100000000000004,231.0,2.0,20875.0,14756.61141658206
2026-09-13 05:36:36.583,0.26516504294495535,0.21050000000000002,0.42100000000000004,231.0,2.0,20875.0,14756.61141658206
2026-09-13 05:36:40.060,0.26516504294495535,0.21050000000000002,0.42100000000000004,231.0,2.0,20875.0,14756.61141658206
2026-09-13 05:36:40.083,0.26516504294495535,0.21050000000000002,0.42100000000000004,231.0,2.0,20875.0,14756.61141658206
2026-09-13 05:36:43.560,0.26516504294495535,0.21050000000000002,0.42100000000000004,231.0,2.0,20875.0,14756.61141658206
2026-09-13 05:36:43.583,0.26516504294495535,0.21050000000000002,0.42100000000000004,231.0,2.0,20875.0,14756.61141658206
2026-09-13 05:36:47.060,0.26516504294495535,0.21050000000000002,0.42100000000000004,231.0,2.0,20875.0,14756.61141658206
2026-09-13 05:36:47.084,0.2644579361637688,0.21100000000000002,0.42200000000000004,231.0,2.0,20875.0,14756.61141658206
2026-09-13 05:36:50.560,0.2644579361637688,0.21100000000000002,0.42200000000000004,231.0,2.0,20875.0,14756.61141658206
2026-09-13 05:36:50.584,0.2644579361637688,0.21100000000000002,0.42200000000000004,231.0,2.0,20875.0,14756.61141658206
2026-09-13 05:36:58.647,0.2644579361637688,0.21100000000000002,0.42200000000000004,231.0,2.0,20875.0,14756.61141658206
2026-09-13 05:36:58.671,0.2644579361637688,0.21100000000000002,0.42200000000000004,231.0,2.0,20875.0,14756.61141658206
2026-09-13 05:37:02.147,0.2644579361637688,0.21100000000000002,0.42200000000000004,231.0,2.0,20875.0,14756.61141658206
2026-09-13 05:37:02.171,0.2644579361637688,0.21100000000000002,0.42200000000000004,231.0,2.0,20875.0,14756.61141658206
2026-09-13 05:37:05.647,0.2644579361637688,0.21100000000000002,0.42200000000000004,231.0,2.0,20875.0,14756.61141658206
2026-09-13 05:37:05.671,0.2644579361637688,0.21100000000000002,0.42200000000000004,231.0,2.0,20875.0,14756.61141658206
2026-09-13 05:37:09.147,0.2644579361637688,0.21100000000000002,0.42200000000000004,231.0,2.0,20875.0,14756.61141658206
2026-09-13 05:37:09.171,0.2644579361637688,0.21100000000000002,0.42200000000000004,231.0,2.0,20875.0,14756.61141658206
2026-09-13 05:37:12.647,0.2644579361637688,0.21100000000000002,0.42200000000000004,231.0,2.0,20875.0,14756.61141658206
2026-09-13 05:37:12.671,0.2644579361637688,0.21100000000000002,0.42200000000000004,231.0,2.0,20875.0,14756.61141658206
2026-09-13 05:37:16.148,0.26516504294495535,0.21150000000000002,0.42300000000000004,231.0,2.0,20875.0,14756.61141658206
2026-09-13 05:37:16.171,0.26587214972614187,0.21100000000000002,0.42200000000000004,231.0,2.0,20875.0,14756.61141658206
2026-09-13 05:37:19.648,0.26516504294495535,0.21050000000000002,0.42100000000000004,231.0,2.0,20875.0,14756.61141658206
2026-09-13 05:37:19.671,0.26516504294495535,0.21050000000000002,0.42100000000000004,231.0,2.0,20875.0,14756.61141658206
2026-09-13 05:37:23.148,0.26516504294495535,0.21050000000000002,0.42100000000000004,231.0,2.0,20875.0,14756.61141658206
2026-09-13 05:37:23.171,0.26516504294495535,0.21050000000000002,0.42100000000000004,231.0,2.0,20875.0,14756.61141658206
2026-09-13 05:37:26.648,0.26516504294495535,0.21050000000000002,0.42100000000000004,231.0,2.0,20875.0,14756.61141658206
2026-09-13 05:37:26.671,0.26516504294495535,0.21050000000000002,0.42100000000000004,231.0,2.0,20875.0,14756.61141658206
2026-09-13 05:37:30.148,0.26516504294495535,0.21050000000000002,0.42100000000000004,231.0,2.0,20875.0,14756.61141658206
2026-09-13 05:37:30.171,0.26516504294495535,0.21050000000000002,0.42100000000000004,231.0,2.0,20875.0,14756.61141658206
2026-09-13 05:37:33.648,0.26516504294495535,0.21050000000000002,0.42100000000000004,231.0,2.0,20875.0,14756.61141658206
2026-09-13 05:37:33.671,0.26516504294495535,0.21050000000000002,0.42100000000000004,231.0,2.0,20875.0,14756.61141658206
2026-09-13 05:37:37.148,0.26516504294495535,0.21050000000000002,0.42100000000000004,231.0,2.0,20875.0,14756.61141658206
2026-09-13 05:37:37.171,0.26516504294495535,0.21050000000000002,0.42100000000000004,231.0,2.0,20875.0,14756.61141658206
2026-09-13 05:37:40.648,0.26516504294495535,0.21050000000000002,0.42100000000000004,231.0,2.0,20875.0,14756.61141658206
2026-09-13 05:37:40.672,0.2644579361637688,0.21100000000000002,0.42200000000000004,231.0,2.0,20875.0,14756.61141658206
2026-09-13 05:37:44.148,0.2644579361637688,0.21100000000000002,0.42200000000000004,231.0,2.0,20875.0,14756.61141658206
2026-09-13 05:37:44.172,0.2644579361637688,0.21100000000000002,0.42200000000000004,231.0,2.0,20875.0,14756.61141658206
2026-09-13 05:37:47.648,0.2644579361637688,0.21100000000000002,0.42200000000000004,231.0,2.0,20875.0,14756.61141658206
2026-09-13 05:37:47.672,0.2644579361637688,0.21100000000000002,0.42200000000000004,231.0,2.0,20875.0,14756.61141658206
2026-09-13 05:37:51.148,0.2644579361637688,0.21100000000000002,0.42200000000000004,231.0,2.0,20875.0,14756.61141658206
2026-09-13 05:37:51.172,0.2644579361637688,0.21100000000000002,0.42200000000000004,231.0,2.0,20875.0,14756.61141658206
2026-09-13 05:37:54.648,0.2644579361637688,0.21100000000000002,0.42200000000000004,231.0,2.0,20875.0,14756.61141658206
2026-09-13 05:37:54.672,0.2644579361637688,0.21100000000000002,0.42200000000000004,231.0,2.0,20875.0,14756.61141658206
2026-09-13 05:37:58.148,0.2644579361637688,0.21100000000000002,0.42200000000000004,231.0,2.0,20875.0,14756.61141658206
2026-09-13 05:37:58.172,0.2644579361637688,0.21100000000000002,0.42200000000000004,231.0,2.0,20875.0,14756.61141658206
2026-09-13 05:38:01.648,0.2644579361637688,0.21100000000000002,0.42200000000000004,231.0,2.0,20875.0,14756.61141658206
2026-09-13 05:38:01.672,0.2644579361637688,0.21100000000000002,0.42200000000000004,231.0,2.0,20875.0,14756.61141658206
2026-09-13 05:38:05.180,0.25667976157071676,0.20550000000000002,0.41100000000000003,231.0,2.0,20875.0,14756.61141658206
2026-09-13 05:38:05.204,0.25667976157071676,0.20550000000000002,0.41100000000000003,231.0,2.0,20875.0,14756.61141658206
2026-09-13 05:38:08.680,0.2644579361637688,0.21100000000000002,0.42200000000000004,231.0,2.0,20875.0,14756.61141658206
2026-09-13 05:38:08.704,0.2644579361637688,0.21100000000000002,0.42200000000000004,231.0,2.0,20875.0,14756.61141658206
2026-09-13 05:38:12.181,0.26516504294495535,0.21150000000000002,0.42300000000000004,231.0,2.0,20875.0,14756.61141658206
2026-09-13 05:38:12.204,0.26587214972614187,0.21100000000000002,0.42200000000000004,231.0,2.0,20875.0,14756.61141658206
2026-09-13 05:38:15.681,0.26516504294495535,0.21050000000000002,0.42100000000000004,231.0,2.0,20875.0,14756.61141658206
2026-09-13 05:38:15.704,0.26516504294495535,0.21050000000000002,0.42100000000000004,231.0,2.0,20875.0,14756.61141658206
2026-09-13 05:38:19.181,0.26516504294495535,0.21050000000000002,0.42100000000000004,231.0,2.0,20875.0,14756.61141658206
2026-09-13 05:38:19.204,0.26516504294495535,0.21050000000000002,0.42100000000000004,231.0,2.0,20875.0,14756.61141658206
2026-09-13 05:38:22.699,0.25809397513308985,0.20550000000000002,0.41100000000000003,231.0,2.0,20875.0,14756.61141658206
2026-09-13 05:38:22.722,0.25809397513308985,0.20550000000000002,0.41100000000000003,231.0,2.0,20875.0,14756.61141658206
2026-09-13 05:38:26.199,0.26516504294495535,0.21050000000000002,0.42100000000000004,231.0,2.0,20875.0,14756.61141658206
2026-09-13 05:38:26.222,0.26516504294495535,0.21050000000000002,0.42100000000000004,231.0,2.0,20875.0,14756.61141658206
2026-09-13 05:38:29.699,0.26516504294495535,0.21050000000000002,0.42100000000000004,231.0,2.0,20875.0,14756.61141658206
2026-09-13 05:38:29.723,0.2644579361637688,0.21100000000000002,0.42200000000000004,231.0,2.0,20875.0,14756.61141658206
2026-09-13 05:38:33.199,0.2644579361637688,0.21100000000000002,0.42200000000000004,231.0,2.0,20875.0,14756.61141658206
2026-09-13 05:38:33.223,0.2644579361637688,0.21100000000000002,0.42200000000000004,231.0,2.0,20875.0,14756.61141658206
2026-09-13 05:38:36.699,0.2644579361637688,0.21100000000000002,0.42200000000000004,231.0,2.0,20875.0,14756.61141658206
2026-09-13 05:38:36.723,0.2644579361637688,0.21100000000000002,0.42200000000000004,231.0,2.0,20875.0,14756.61141658206
2026-09-13 05:38:40.199,0.2644579361637688,0.21100000000000002,0.42200000000000004,231.0,2.0,20875.0,14756.61141658206
2026-09-13 05:38:40.223,0.2644579361637688,0.21100000000000002,0.42200000000000004,231.0,2.0,20875.0,14756.61141658206
2026-09-13 05:38:43.699,0.2644579361637688,0.21100000000000002,0.42200000000000004,231.0,2.0,20875.0,14756.61141658206
2026-09-13 05:38:43.723,0.2644579361637688,0.21100000000000002,0.42200000000000004,231.0,2.0,20875.0,14756.61141658206
2026-09-13 05:38:47.199,0.2644579361637688,0.21100000000000002,0.42200000000000004,231.0,2.0,20875.0,14756.61141658206
2026-09-13 05:38:47.223,0.2644579361637688,0.21100000000000002,0.42200000000000004,231.0,2.0,20875.0,14756.61141658206
2026-09-13 05:38:50.699,0.26375082938258226,0.21050000000000002,0.42100000000000004,231.0,2.0,20875.0,14756.61141658206
2026-09-13 05:38:50.723,0.26375082938258226,0.21050000000000002,0.42100000000000004,231.0,2.0,20875.0,14756.61141658206
2026-09-13 05:38:54.199,0.2644579361637688,0.21100000000000002,0.42200000000000004,231.0,2.0,20875.0,14756.61141658206
2026-09-13 05:38:54.223,0.2644579361637688,0.21100000000000002,0.42200000000000004,231.0,2.0,20875.0,14756.61141658206
2026-09-13 05:38:57.699,0.2644579361637688,0.21100000000000002,0.42200000000000004,231.0,2.0,20875.0,14756.61141658206
2026-09-13 05:38:57.723,0.2644579361637688,0.21100000000000002,0.42200000000000004,231.0,2.0,20875.0,14756.61141658206
2026-09-13 05:39:01.242,0.2644579361637688,0.21100000000000002,0.42200000000000004,231.0,2.0,20875.0,14756.61141658206
2026-09-13 05:39:01.266,0.2644579361637688,0.21100000000000002,0.42200000000000004,231.0,2.0,20875.0,14756.61141658206
2026-09-13 05:39:04.743,0.2644579361637688,0.21100000000000002,0.42200000000000004,231.0,2.0,20875.0,14756.61141658206
2026-09-13 05:39:04.766,0.26516504294495535,0.21050000000000002,0.42100000000000004,231.0,2.0,20875.0,14756.61141658206
2026-09-13 05:39:08.243,0.26516504294495535,0.21050000000000002,0.42100000000000004,231.0,2.0,20875.0,14756.61141658206
2026-09-13 05:39:08.266,0.26516504294495535,0.21050000000000002,0.42100000000000004,231.0,2.0,20875.0,14756.61141658206
2026-09-13 05:39:11.743,0.26516504294495535,0.21050000000000002,0.42100000000000004,231.0,2.0,20875.0,14756.61141658206
2026-09-13 05:39:11.766,0.26516504294495535,0.21050000000000002,0.42100000000000004,231.0,2.0,20875.0,14756.61141658206
2026-09-13 05:39:15.243,0.26516504294495535,0.21050000000000002,0.42100000000000004,231.0,2.0,20875.0,14756.61141658206
2026-09-13 05:39:15.266,0.26516504294495535,0.21050000000000002,0.42100000000000004,231.0,2.0,20875.0,14756.61141658206
2026-09-13 05:39:18.743,0.26516504294495535,0.21050000000000002,0.42100000000000004,231.0,2.0,20875.0,14756.61141658206
2026-09-13 05:39:18.766,0.26516504294495535,0.21050000000000002,0.42100000000000004,231.0,2.0,20875.0,14756.61141658206
2026-09-13 05:39:22.243,0.26516504294495535,0.21050000000000002,0.42100000000000004,231.0,2.0,20875.0,14756.61141658206
2026-09-13 05:39:22.266,0.26516504294495535,0.21050000000000002,0.42100000000000004,231.0,2.0,20875.0,14756.61141658206
2026-09-13 05:39:25.743,0.26516504294495535,0.21050000000000002,0.42100000000000004,231.0,2.0,20875.0,14756.61141658206
2026-09-13 05:39:25.767,0.2644579361637688,0.21100000000000002,0.42200000000000004,231.0,2.0,20875.0,14756.61141658206
2026-09-13 05:39:29.243,0.2644579361637688,0.21100000000000002,0.42200000000000004,231.0,2.0,20875.0,14756.61141658206
2026-09-13 05:39:29.267,0.2644579361637688,0.21100000000000002,0.42200000000000004,231.0,2.0,20875.0,14756.61141658206
2026-09-13 05:39:32.743,0.2644579361637688,0.21100000000000002,0.42200000000000004,231.0,2.0,20875.0,14756.61141658206
2026-09-13 05:39:32.767,0.2644579361637688,0.21100000000000002,0.42200000000000004,231.0,2.0,20875.0,14756.61141658206
2026-09-13 05:39:36.243,0.2644579361637688,0.21100000000000002,0.42200000000000004,231.0,2.0,20875.0,14756.61141658206
2026-09-13 05:39:36.267,0.2644579361637688,0.21100000000000002,0.42200000000000004,231.0,2.0,20875.0,14756.61141658206
2026-09-13 05:39:39.743,0.2644579361637688,0.21100000000000002,0.42200000000000004,231.0,2.0,20875.0,14756.61141658206
2026-09-13 05:39:39.767,0.2644579361637688,0.21100000000000002,0.42200000000000004,231.0,2.0,20875.0,14756.61141658206
2026-09-13 05:39:43.243,0.2644579361637688,0.21100000000000002,0.42200000000000004,231.0,2.0,20875.0,14756.61141658206
2026-09-13 05:39:43.267,0.2644579361637688,0.21100000000000002,0.42200000000000004,231.0,2.0,20875.0,14756.61141658206
2026-09-13 05:39:46.743,0.2644579361637688,0.21100000000000002,0.42200000000000004,231.0,2.0,20875.0,14756.61141658206
2026-09-13 05:39:46.767,0.2644579361637688,0.21100000000000002,0.42200000000000004,231.0,2.0,20875.0,14756.61141658206
2026-09-13 05:39:50.243,0.2644579361637688,0.21100000000000002,0.42200000000000004,231.0,2.0,20875.0,14756.61141658206
2026-09-13 05:39:50.267,0.2644579361637688,0.21100000000000002,0.42200000000000004,231.0,2.0,20875.0,14756.61141658206
2026-09-13 05:39:53.743,0.2644579361637688,0.21100000000000002,0.42200000000000004,231.0,2.0,20875.0,14756.61141658206
2026-09-13 05:39:53.767,0.2644579361637688,0.21100000000000002,0.42200000000000004,231.0,2.0,20875.0,14756.61141658206
2026-09-13 05:39:57.244,0.26516504294495535,0.21150000000000002,0.42300000000000004,231.0,2.0,20875.0,14756.61141658206
2026-09-13 05:39:57.267,0.26587214972614187,0.21100000000000002,0.42200000000000004,231.0,2.0,20875.0,14756.61141658206
2026-09-13 05:40:00.744,0.26516504294495535,0.21050000000000002,0.42100000000000004,231.0,2.0,20875.0,14756.61141658206
2026-09-13 05:40:00.767,0.26516504294495535,0.21050000000000002,0.42100000000000004,231.0,2.0,20875.0,14756.61141658206
2026-09-13 05:40:04.244,0.26516504294495535,0.21050000000000002,0.42100000000000004,231.0,2.0,20875.0,14756.61141658206
2026-09-13 05:40:04.267,0.26516504294495535,0.21050000000000002,0.42100000000000004,231.0,2.0,20875.0,14756.61141658206
2026-09-13 05:40:07.744,0.26516504294495535,0.21050000000000002,0.42100000000000004,231.0,2.0,20875.0,14756.61141658206
2026-09-13 05:40:07.767,0.26516504294495535,0.21050000000000002,0.42100000000000004,231.0,2.0,20875.0,14756.61141658206
2026-09-13 05:40:11.244,0.12727922061357858,0.113,0.226,231.0,2.0,20875.0,14756.61141658206
2026-09-13 05:40:11.267,0.12727922061357858,0.113,0.226,231.0,2.0,20875.0,14756.61141658206
2026-09-13 05:40:14.744,0.26516504294495535,0.21050000000000002,0.42100000000000004,231.0,2.0,20875.0,14756.61141658206
2026-09-13 05:40:14.768,0.2644579361637688,0.21100000000000002,0.42200000000000004,231.0,2.0,20875.0,14756.61141658206
2026-09-13 05:40:18.244,0.2644579361637688,0.21100000000000002,0.42200000000000004,231.0,2.0,20875.0,14756.61141658206
2026-09-13 05:40:18.268,0.2644579361637688,0.21100000000000002,0.42200000000000004,231.0,2.0,20875.0,14756.61141658206
2026-09-13 05:40:21.744,0.2644579361637688,0.21100000000000002,0.42200000000000004,231.0,2.0,20875.0,14756.61141658206
2026-09-13 05:40:21.768,0.2644579361637688,0.21100000000000002,0.42200000000000004,231.0,2.0,20875.0,14756.61141658206
2026-09-13 05:40:25.244,0.2644579361637688,0.21100000000000002,0.42200000000000004,231.0,2.0,20875.0,14756.61141658206
2026-09-13 05:40:25.268,0.2644579361637688,0.21100000000000002,0.42200000000000004,231.0,2.0,20875.0,14756.61141658206
2026-09-13 05:40:28.744,0.2644579361637688,0.21100000000000002,0.42200000000000004,231.0,2.0,20875.0,14756.61141658206
2026-09-13 05:40:28.768,0.2644579361637688,0.21100000000000002,0.42200000000000004,231.0,2.0,20875.0,14756.61141658206
2026-09-13 05:40:32.244,0.2644579361637688,0.21100000000000002,0.42200000000000004,231.0,2.0,20875.0,14756.61141658206
2026-09-13 05:40:32.268,0.2644579361637688,0.21100000000000002,0.42200000000000004,231.0,2.0,20875.0,14756.61141658206
2026-09-13 05:40:35.744,0.2644579361637688,0.21100000000000002,0.42200000000000004,231.0,2.0,20875.0,14756.61141658206
2026-09-13 05:40:35.768,0.2644579361637688,0.21100000000000002,0.42200000000000004,231.0,2.0,20875.0,14756.61141658206
2026-09-13 05:40:39.244,0.2644579361637688,0.21100000000000002,0.42200000000000004,231.0,2.0,20875.0,14756.61141658206
2026-09-13 05:40:39.268,0.2644579361637688,0.21100000000000002,0.42200000000000004,231.0,2.0,20875.0,14756.61141658206
2026-09-13 05:40:42.744,0.26375082938258226,0.21050000000000002,0.42100000000000004,231.0,2.0,20875.0,14756.61141658206
2026-09-13 05:40:42.768,0.26375082938258226,0.21050000000000002,0.42100000000000004,231.0,2.0,20875.0,14756.61141658206
2026-09-13 05:40:46.244,0.20788939366884499,0.171,0.342,231.0,2.0,20875.0,14756.61141658206
2026-09-13 05:40:46.270,0.2064751801064719,0.17200000000000001,0.34400000000000003,231.0,2.0,20875.0,14756.61141658206
2026-09-13 05:40:49.745,0.2630437226013957,0.21200000000000002,0.42400000000000004,231.0,2.0,20875.0,14756.61141658206
2026-09-13 05:40:49.768,0.26516504294495535,0.21050000000000002,0.42100000000000004,231.0,2.0,20875.0,14756.61141658206
2026-09-13 05:40:53.245,0.26516504294495535,0.21050000000000002,0.42100000000000004,231.0,2.0,20875.0,14756.61141658206
2026-09-13 05:40:53.268,0.26516504294495535,0.21050000000000002,0.42100000000000004,231.0,2.0,20875.0,14756.61141658206
2026-09-13 05:40:56.745,0.26516504294495535,0.21050000000000002,0.42100000000000004,231.0,2.0,20875.0,14756.61141658206
2026-09-13 05:40:56.768,0.26516504294495535,0.21050000000000002,0.42100000000000004,231.0,2.0,20875.0,14756.61141658206
2026-09-13 05:41:00.245,0.26516504294495535,0.21050000000000002,0.42100000000000004,231.0,2.0,20875.0,14756.61141658206
2026-09-13 05:41:00.268,0.26516504294495535,0.21050000000000002,0.42100000000000004,231.0,2.0,20875.0,14756.61141658206
2026-09-13 05:41:03.745,0.26516504294495535,0.21050000000000002,0.42100000000000004,231.0,2.0,20875.0,14756.61141658206
2026-09-13 05:41:03.768,0.26516504294495535,0.21050000000000002,0.42100000000000004,231.0,2.0,20875.0,14756.61141658206
2026-09-13 05:41:07.245,0.26516504294495535,0.21050000000000002,0.42100000000000004,231.0,2.0,20875.0,14756.61141658206
2026-09-13 05:41:07.268,0.26516504294495535,0.21050000000000002,0.42100000000000004,231.0,2.0,20875.0,14756.61141658206
2026-09-13 05:41:11.504,0.8018590898655449,0.5900000000000001,1.1800000000000002,231.0,2.0,20875.0,14756.61141658206
2026-09-13 05:41:11.528,0.8011519830843584,0.5905000000000001,1.1810000000000003,231.0,2.0,20875.0,14756.61141658206
2026-09-13 05:41:14.552,0.2644579361637688,0.21100000000000013,0.42200000000000026,231.0,2.0,20875.0,14756.61141658206
2026-09-13 05:41:14.576,0.2644579361637688,0.21100000000000013,0.42200000000000026,231.0,2.0,20875.0,14756.61141658206
2026-09-13 05:41:18.052,0.2644579361637688,0.21100000000000013,0.42200000000000026,231.0,2.0,20875.0,14756.61141658206
2026-09-13 05:41:18.076,0.2644579361637688,0.21100000000000013,0.42200000000000026,231.0,2.0,20875.0,14756.61141658206
2026-09-13 05:41:21.552,0.2644579361637688,0.21100000000000013,0.42200000000000026,231.0,2.0,20875.0,14756.61141658206
2026-09-13 05:41:21.576,0.2644579361637688,0.21100000000000013,0.42200000000000026,231.0,2.0,20875.0,14756.61141658206
2026-09-13 05:41:25.052,0.2644579361637688,0.21100000000000013,0.42200000000000026,231.0,2.0,20875.0,14756.61141658206
2026-09-13 05:41:25.076,0.2644579361637688,0.21100000000000013,0.42200000000000026,231.0,2.0,20875.0,14756.61141658206
2026-09-13 05:41:28.552,0.2644579361637688,0.21100000000000013,0.42200000000000026,231.0,2.0,20875.0,14756.61141658206
2026-09-13 05:41:28.576,0.2644579361637688,0.21100000000000013,0.42200000000000026,231.0,2.0,20875.0,14756.61141658206
2026-09-13 05:41:32.052,0.2644579361637688,0.21100000000000013,0.42200000000000026,231.0,2.0,20875.0,14756.61141658206
2026-09-13 05:41:32.076,0.2644579361637688,0.21100000000000013,0.42200000000000026,231.0,2.0,20875.0,14756.61141658206
2026-09-13 05:41:35.552,0.2644579361637688,0.21100000000000013,0.42200000000000026,231.0,2.0,20875.0,14756.61141658206
2026-09-13 05:41:35.576,0.2644579361637688,0.21100000000000013,0.42200000000000026,231.0,2.0,20875.0,14756.61141658206
2026-09-13 05:41:39.052,0.2644579361637688,0.21100000000000013,0.42200000000000026,231.0,2.0,20875.0,14756.61141658206
2026-09-13 05:41:39.076,0.2644579361637688,0.21100000000000013,0.42200000000000026,231.0,2.0,20875.0,14756.61141658206
2026-09-13 05:41:42.553,0.2644579361637688,0.21100000000000013,0.42200000000000026,231.0,2.0,20875.0,14756.61141658206
2026-09-13 05:41:42.576,0.26516504294495535,0.21050000000000013,0.42100000000000026,231.0,2.0,20875.0,14756.61141658206
2026-09-13 05:41:46.053,0.26516504294495535,0.21050000000000013,0.42100000000000026,231.0,2.0,20875.0,14756.61141658206
2026-09-13 05:41:46.076,0.26516504294495535,0.21050000000000013,0.42100000000000026,231.0,2.0,20875.0,14756.61141658206
2026-09-13 05:41:49.553,0.26516504294495535,0.21050000000000013,0.42100000000000026,231.0,2.0,20875.0,14756.61141658206
2026-09-13 05:41:49.576,0.26516504294495535,0.21050000000000013,0.42100000000000026,231.0,2.0,20875.0,14756.61141658206
2026-09-13 05:41:53.100,0.26516504294495535,0.21050000000000013,0.42100000000000026,231.0,2.0,20875.0,14756.61141658206
2026-09-13 05:41:53.123,0.26516504294495535,0.21050000000000013,0.42100000000000026,231.0,2.0,20875.0,14756.61141658206
2026-09-13 05:41:56.600,0.26516504294495535,0.21050000000000013,0.42100000000000026,231.0,2.0,20875.0,14756.61141658206
2026-09-13 05:41:56.623,0.26516504294495535,0.21050000000000013,0.42100000000000026,231.0,2.0,20875.0,14756.61141658206
2026-09-13 05:42:00.100,0.26516504294495535,0.21050000000000013,0.42100000000000026,231.0,2.0,20875.0,14756.61141658206
2026-09-13 05:42:00.123,0.26516504294495535,0.21050000000000013,0.42100000000000026,231.0,2.0,20875.0,14756.61141658206
2026-09-13 05:42:03.600,0.26516504294495535,0.21050000000000013,0.42100000000000026,231.0,2.0,20875.0,14756.61141658206
2026-09-13 05:42:03.623,0.26516504294495535,0.21050000000000013,0.42100000000000026,231.0,2.0,20875.0,14756.61141658206
2026-09-13 05:42:07.100,0.26516504294495535,0.21050000000000013,0.42100000000000026,231.0,2.0,20875.0,14756.61141658206
2026-09-13 05:42:07.124,0.2644579361637688,0.21100000000000013,0.42200000000000026,231.0,2.0,20875.0,14756.61141658206
2026-09-13 05:42:10.600,0.2644579361637688,0.21100000000000013,0.42200000000000026,231.0,2.0,20875.0,14756.61141658206
2026-09-13 05:42:10.624,0.2644579361637688,0.21100000000000013,0.42200000000000026,231.0,2.0,20875.0,14756.61141658206
2026-09-13 05:42:14.100,0.2644579361637688,0.21100000000000013,0.42200000000000026,231.0,2.0,20875.0,14756.61141658206
2026-09-13 05:42:14.124,0.2644579361637688,0.21100000000000013,0.42200000000000026,231.0,2.0,20875.0,14756.61141658206
2026-09-13 05:42:17.600,0.2644579361637688,0.21100000000000013,0.42200000000000026,231.0,2.0,20875.0,14756.61141658206
2026-09-13 05:42:17.624,0.2644579361637688,0.21100000000000013,0.42200000000000026,231.0,2.0,20875.0,14756.61141658206
2026-09-13 05:42:21.100,0.2644579361637688,0.21100000000000013,0.42200000000000026,231.0,2.0,20875.0,14756.61141658206
2026-09-13 05:42:21.124,0.2644579361637688,0.21100000000000013,0.42200000000000026,231.0,2.0,20875.0,14756.61141658206
2026-09-13 05:42:24.600,0.2644579361637688,0.21100000000000013,0.42200000000000026,231.0,2.0,20875.0,14756.61141658206
2026-09-13 05:42:24.624,0.2644579361637688,0.21100000000000013,0.42200000000000026,231.0,2.0,20875.0,14756.61141658206
2026-09-13 05:42:28.100,0.2644579361637688,0.21100000000000013,0.42200000000000026,231.0,2.0,20875.0,14756.61141658206
2026-09-13 05:42:28.124,0.2644579361637688,0.21100000000000013,0.42200000000000026,231.0,2.0,20875.0,14756.61141658206
2026-09-13 05:42:31.600,0.2644579361637688,0.21100000000000013,0.42200000000000026,231.0,2.0,20875.0,14756.61141658206
2026-09-13 05:42:31.624,0.2644579361637688,0.21100000000000013,0.42200000000000026,231.0,2.0,20875.0,14756.61141658206
2026-09-13 05:42:35.100,0.26375082938258226,0.21050000000000013,0.42100000000000026,231.0,2.0,20875.0,14756.61141658206
2026-09-13 05:42:35.124,0.26375082938258226,0.21050000000000013,0.42100000000000026,231.0,2.0,20875.0,14756.61141658206
2026-09-13 05:42:38.601,0.2644579361637688,0.21100000000000013,0.42200000000000026,231.0,2.0,20875.0,14756.61141658206
2026-09-13 05:42:38.624,0.26516504294495535,0.21050000000000013,0.42100000000000026,231.0,2.0,20875.0,14756.61141658206
2026-09-13 05:42:42.101,0.26516504294495535,0.21050000000000013,0.42100000000000026,231.0,2.0,20875.0,14756.61141658206
2026-09-13 05:42:42.124,0.26516504294495535,0.21050000000000013,0.42100000000000026,231.0,2.0,20875.0,14756.61141658206
2026-09-13 05:42:45.601,0.26516504294495535,0.21050000000000013,0.42100000000000026,231.0,2.0,20875.0,14756.61141658206
2026-09-13 05:42:45.624,0.26516504294495535,0.21050000000000013,0.42100000000000026,231.0,2.0,20875.0,14756.61141658206
2026-09-13 05:42:49.101,0.26516504294495535,0.21050000000000013,0.42100000000000026,231.0,2.0,20875.0,14756.61141658206
2026-09-13 05:42:49.124,0.26516504294495535,0.21050000000000013,0.42100000000000026,231.0,2.0,20875.0,14756.61141658206
2026-09-13 05:42:52.601,0.26516504294495535,0.21050000000000013,0.42100000000000026,231.0,2.0,20875.0,14756.61141658206
2026-09-13 05:42:52.624,0.26516504294495535,0.21050000000000013,0.42100000000000026,231.0,2.0,20875.0,14756.61141658206
2026-09-13 05:42:56.101,0.26516504294495535,0.21050000000000013,0.42100000000000026,231.0,2.0,20875.0,14756.61141658206
2026-09-13 05:42:56.125,0.2644579361637688,0.21100000000000013,0.42200000000000026,231.0,2.0,20875.0,14756.61141658206
2026-09-13 05:42:59.601,0.06717514421272201,0.0715000000000001,0.1430000000000002,231.0,2.0,20875.0,14756.61141658206
2026-09-13 05:42:59.624,0.06788225099390856,0.0710000000000001,0.1420000000000002,231.0,2.0,20875.0,14756.61141658206
2026-09-13 05:43:03.101,0.26516504294495535,0.21050000000000013,0.42100000000000026,231.0,2.0,20875.0,14756.61141658206
2026-09-13 05:43:03.125,0.2644579361637688,0.21100000000000013,0.42200000000000026,231.0,2.0,20875.0,14756.61141658206
2026-09-13 05:43:06.601,0.2644579361637688,0.21100000000000013,0.42200000000000026,231.0,2.0,20875.0,14756.61141658206
2026-09-13 05:43:06.625,0.2644579361637688,0.21100000000000013,0.42200000000000026,231.0,2.0,20875.0,14756.61141658206
2026-09-13 05:43:10.101,0.2644579361637688,0.21100000000000013,0.42200000000000026,231.0,2.0,20875.0,14756.61141658206
2026-09-13 05:43:10.125,0.2644579361637688,0.21100000000000013,0.42200000000000026,231.0,2.0,20875.0,14756.61141658206
2026-09-13 05:43:13.601,0.2644579361637688,0.21100000000000013,0.42200000000000026,231.0,2.0,20875.0,14756.61141658206
2026-09-13 05:43:13.625,0.2644579361637688,0.21100000000000013,0.42200000000000026,231.0,2.0,20875.0,14756.61141658206
2026-09-13 05:43:17.101,0.2644579361637688,0.21100000000000013,0.42200000000000026,231.0,2.0,20875.0,14756.61141658206
2026-09-13 05:43:17.125,0.2644579361637688,0.21100000000000013,0.42200000000000026,231.0,2.0,20875.0,14756.61141658206
2026-09-13 05:43:20.629,0.2644579361637688,0.21100000000000013,0.42200000000000026,231.0,2.0,20875.0,14756.61141658206
2026-09-13 05:43:20.653,0.2644579361637688,0.21100000000000013,0.42200000000000026,231.0,2.0,20875.0,14756.61141658206
2026-09-13 05:43:24.129,0.2644579361637688,0.21100000000000013,0.42200000000000026,231.0,2.0,20875.0,14756.61141658206
2026-09-13 05:43:24.153,0.2644579361637688,0.21100000000000013,0.42200000000000026,231.0,2.0,20875.0,14756.61141658206
2026-09-13 05:43:27.629,0.26375082938258226,0.21050000000000013,0.42100000000000026,231.0,2.0,20875.0,14756.61141658206
2026-09-13 05:43:27.653,0.26375082938258226,0.21050000000000013,0.42100000000000026,231.0,2.0,20875.0,14756.61141658206
2026-09-13 05:43:31.130,0.2644579361637688,0.21100000000000013,0.42200000000000026,231.0,2.0,20875.0,14756.61141658206
2026-09-13 05:43:31.153,0.26516504294495535,0.21050000000000013,0.42100000000000026,231.0,2.0,20875.0,14756.61141658206
2026-09-13 05:43:34.630,0.26516504294495535,0.21050000000000013,0.42100000000000026,231.0,2.0,20875.0,14756.61141658206
2026-09-13 05:43:34.653,0.26516504294495535,0.21050000000000013,0.42100000000000026,231.0,2.0,20875.0,14756.61141658206
2026-09-13 05:43:38.130,0.26516504294495535,0.21050000000000013,0.42100000000000026,231.0,2.0,20875.0,14756.61141658206
2026-09-13 05:43:38.153,0.26516504294495535,0.21050000000000013,0.42100000000000026,231.0,2.0,20875.0,14756.61141658206
2026-09-13 05:43:41.630,0.26516504294495535,0.21050000000000013,0.42100000000000026,231.0,2.0,20875.0,14756.61141658206
2026-09-13 05:43:41.653,0.26516504294495535,0.21050000000000013,0.42100000000000026,231.0,2.0,20875.0,14756.61141658206
2026-09-13 05:43:45.130,0.26516504294495535,0.21050000000000013,0.42100000000000026,231.0,2.0,20875.0,14756.61141658206
2026-09-13 05:43:45.153,0.26516504294495535,0.21050000000000013,0.42100000000000026,231.0,2.0,20875.0,14756.61141658206
2026-09-13 05:43:48.630,0.26516504294495535,0.21050000000000013,0.42100000000000026,231.0,2.0,20875.0,14756.61141658206
2026-09-13 05:43:48.654,0.2644579361637688,0.21100000000000013,0.42200000000000026,231.0,2.0,20875.0,14756.61141658206
2026-09-13 05:43:52.130,0.2644579361637688,0.21100000000000013,0.42200000000000026,231.0,2.0,20875.0,14756.61141658206
2026-09-13 05:43:52.154,0.2644579361637688,0.21100000000000013,0.42200000000000026,231.0,2.0,20875.0,14756.61141658206
2026-09-13 05:43:55.630,0.2644579361637688,0.21100000000000013,0.42200000000000026,231.0,2.0,20875.0,14756.61141658206
2026-09-13 05:43:55.654,0.2644579361637688,0.21100000000000013,0.42200000000000026,231.0,2.0,20875.0,14756.61141658206
2026-09-13 05:43:59.130,0.2644579361637688,0.21100000000000013,0.42200000000000026,231.0,2.0,20875.0,14756.61141658206
2026-09-13 05:43:59.154,0.2644579361637688,0.21100000000000013,0.42200000000000026,231.0,2.0,20875.0,14756.61141658206
2026-09-13 05:44:02.630,0.2644579361637688,0.21100000000000013,0.42200000000000026,231.0,2.0,20875.0,14756.61141658206
2026-09-13 05:44:02.654,0.2644579361637688,0.21100000000000013,0.42200000000000026,231.0,2.0,20875.0,14756.61141658206
2026-09-13 05:44:06.130,0.2644579361637688,0.21100000000000013,0.42200000000000026,231.0,2.0,20875.0,14756.61141658206
2026-09-13 05:44:06.154,0.2644579361637688,0.21100000000000013,0.42200000000000026,231.0,2.0,20875.0,14756.61141658206
2026-09-13 05:44:09.630,0.2644579361637688,0.21100000000000013,0.42200000000000026,231.0,2.0,20875.0,14756.61141658206
2026-09-13 05:44:09.654,0.2644579361637688,0.21100000000000013,0.42200000000000026,231.0,2.0,20875.0,14756.61141658206
2026-09-13 05:44:13.130,0.26375082938258226,0.21050000000000013,0.42100000000000026,231.0,2.0,20875.0,14756.61141658206
2026-09-13 05:44:13.154,0.26375082938258226,0.21050000000000013,0.42100000000000026,231.0,2.0,20875.0,14756.61141658206
2026-09-13 05:44:16.630,0.2644579361637688,0.21100000000000013,0.42200000000000026,231.0,2.0,20875.0,14756.61141658206
2026-09-13 05:44:16.654,0.2644579361637688,0.21100000000000013,0.42200000000000026,231.0,2.0,20875.0,14756.61141658206
2026-09-13 05:44:20.131,0.26516504294495535,0.21150000000000013,0.42300000000000026,231.0,2.0,20875.0,14756.61141658206
2026-09-13 05:44:20.154,0.26587214972614187,0.21100000000000013,0.42200000000000026,231.0,2.0,20875.0,14756.61141658206
2026-09-13 05:44:23.631,0.26516504294495535,0.21050000000000013,0.42100000000000026,231.0,2.0,20875.0,14756.61141658206
2026-09-13 05:44:23.654,0.26516504294495535,0.21050000000000013,0.42100000000000026,231.0,2.0,20875.0,14756.61141658206
2026-09-13 05:44:27.131,0.26516504294495535,0.21050000000000013,0.42100000000000026,231.0,2.0,20875.0,14756.61141658206
2026-09-13 05:44:27.154,0.26516504294495535,0.21050000000000013,0.42100000000000026,231.0,2.0,20875.0,14756.61141658206
2026-09-13 05:44:30.631,0.26516504294495535,0.21050000000000013,0.42100000000000026,231.0,2.0,20875.0,14756.61141658206
2026-09-13 05:44:30.654,0.26516504294495535,0.21050000000000013,0.42100000000000026,231.0,2.0,20875.0,14756.61141658206
2026-09-13 05:44:34.131,0.26516504294495535,0.21050000000000013,0.42100000000000026,231.0,2.0,20875.0,14756.61141658206
2026-09-13 05:44:34.154,0.26516504294495535,0.21050000000000013,0.42100000000000026,231.0,2.0,20875.0,14756.61141658206
2026-09-13 05:44:37.631,0.26516504294495535,0.21050000000000013,0.42100000000000026,231.0,2.0,20875.0,14756.61141658206
2026-09-13 05:44:37.654,0.26516504294495535,0.21050000000000013,0.42100000000000026,231.0,2.0,20875.0,14756.61141658206
2026-09-13 05:44:41.131,0.26516504294495535,0.21050000000000013,0.42100000000000026,231.0,2.0,20875.0,14756.61141658206
2026-09-13 05:44:41.155,0.2644579361637688,0.21100000000000013,0.42200000000000026,231.0,2.0,20875.0,14756.61141658206
2026-09-13 05:44:44.631,0.2644579361637688,0.21100000000000013,0.42200000000000026,231.0,2.0,20875.0,14756.61141658206
2026-09-13 05:44:44.655,0.2644579361637688,0.21100000000000013,0.42200000000000026,231.0,2.0,20875.0,14756.61141658206
2026-09-13 05:44:48.131,0.2644579361637688,0.21100000000000013,0.42200000000000026,231.0,2.0,20875.0,14756.61141658206
2026-09-13 05:44:48.155,0.2644579361637688,0.21100000000000013,0.42200000000000026,231.0,2.0,20875.0,14756.61141658206
2026-09-13 05:44:51.631,0.2644579361637688,0.21100000000000013,0.42200000000000026,231.0,2.0,20875.0,14756.61141658206
2026-09-13 05:44:51.655,0.2644579361637688,0.21100000000000013,0.42200000000000026,231.0,2.0,20875.0,14756.61141658206
2026-09-13 05:44:55.131,0.2644579361637688,0.21100000000000013,0.42200000000000026,231.0,2.0,20875.0,14756.61141658206
2026-09-13 05:44:55.155,0.2644579361637688,0.21100000000000013,0.42200000000000026,231.0,2.0,20875.0,14756.61141658206
2026-09-13 05:44:58.631,0.2644579361637688,0.21100000000000013,0.42200000000000026,231.0,2.0,20875.0,14756.61141658206
2026-09-13 05:44:58.655,0.2644579361637688,0.21100000000000013,0.42200000000000026,231.0,2.0,20875.0,14756.61141658206
2026-09-13 05:45:02.131,0.2644579361637688,0.21100000000000013,0.42200000000000026,231.0,2.0,20875.0,14756.61141658206
2026-09-13 05:45:02.155,0.2644579361637688,0.21100000000000013,0.42200000000000026,231.0,2.0,20875.0,14756.61141658206
2026-09-13 05:45:05.631,0.2644579361637688,0.21100000000000013,0.42200000000000026,231.0,2.0,20875.0,14756.61141658206
2026-09-13 05:45:05.655,0.2644579361637688,0.21100000000000013,0.42200000000000026,231.0,2.0,20875.0,14756.61141658206
2026-09-13 05:45:09.131,0.2644579361637688,0.21100000000000013,0.42200000000000026,231.0,2.0,20875.0,14756.61141658206
2026-09-13 05:45:09.155,0.2644579361637688,0.21100000000000013,0.42200000000000026,231.0,2.0,20875.0,14756.61141658206
2026-09-13 05:45:12.632,0.2644579361637688,0.21100000000000013,0.42200000000000026,231.0,2.0,20875.0,14756.61141658206
2026-09-13 05:45:12.655,0.26516504294495535,0.21050000000000013,0.42100000000000026,231.0,2.0,20875.0,14756.61141658206
2026-09-13 05:45:16.132,0.26516504294495535,0.21050000000000013,0.42100000000000026,231.0,2.0,20875.0,14756.61141658206
2026-09-13 05:45:16.155,0.26516504294495535,0.21050000000000013,0.42100000000000026,231.0,2.0,20875.0,14756.61141658206
2026-09-13 05:45:19.632,0.26516504294495535,0.21050000000000013,0.42100000000000026,231.0,2.0,20875.0,14756.61141658206
2026-09-13 05:45:19.655,0.26516504294495535,0.21050000000000013,0.42100000000000026,231.0,2.0,20875.0,14756.61141658206
2026-09-13 05:45:23.132,0.26516504294495535,0.21050000000000013,0.42100000000000026,231.0,2.0,20875.0,14756.61141658206
2026-09-13 05:45:23.155,0.26516504294495535,0.21050000000000013,0.42100000000000026,231.0,2.0,20875.0,14756.61141658206
2026-09-13 05:45:26.632,0.26516504294495535,0.21050000000000013,0.42100000000000026,231.0,2.0,20875.0,14756.61141658206
2026-09-13 05:45:26.655,0.26516504294495535,0.21050000000000013,0.42100000000000026,231.0,2.0,20875.0,14756.61141658206
2026-09-13 05:45:30.132,0.26516504294495535,0.21050000000000013,0.42100000000000026,231.0,2.0,20875.0,14756.61141658206
2026-09-13 05:45:30.155,0.26516504294495535,0.21050000000000013,0.42100000000000026,231.0,2.0,20875.0,14756.61141658206
2026-09-13 05:45:38.219,0.26516504294495535,0.21050000000000013,0.42100000000000026,231.0,2.0,20875.0,14756.61141658206
2026-09-13 05:45:38.243,0.2644579361637688,0.21100000000000013,0.42200000000000026,231.0,2.0,20875.0,14756.61141658206
2026-09-13 05:45:41.719,0.2644579361637688,0.21100000000000013,0.42200000000000026,231.0,2.0,20875.0,14756.61141658206
2026-09-13 05:45:41.743,0.2644579361637688,0.21100000000000013,0.42200000000000026,231.0,2.0,20875.0,14756.61141658206
2026-09-13 05:45:45.219,0.2644579361637688,0.21100000000000013,0.42200000000000026,231.0,2.0,20875.0,14756.61141658206
2026-09-13 05:45:45.243,0.2644579361637688,0.21100000000000013,0.42200000000000026,231.0,2.0,20875.0,14756.61141658206
2026-09-13 05:45:48.719,0.2644579361637688,0.21100000000000013,0.42200000000000026,231.0,2.0,20875.0,14756.61141658206
2026-09-13 05:45:48.743,0.2644579361637688,0.21100000000000013,0.42200000000000026,231.0,2.0,20875.0,14756.61141658206
2026-09-13 05:45:52.219,0.2644579361637688,0.21100000000000013,0.42200000000000026,231.0,2.0,20875.0,14756.61141658206
2026-09-13 05:45:52.243,0.2644579361637688,0.21100000000000013,0.42200000000000026,231.0,2.0,20875.0,14756.61141658206
2026-09-13 05:45:55.719,0.2644579361637688,0.21100000000000013,0.42200000000000026,231.0,2.0,20875.0,14756.61141658206
2026-09-13 05:45:55.743,0.2644579361637688,0.21100000000000013,0.42200000000000026,231.0,2.0,20875.0,14756.61141658206
2026-09-13 05:45:59.219,0.26375082938258226,0.21050000000000013,0.42100000000000026,231.0,2.0,20875.0,14756.61141658206
2026-09-13 05:45:59.243,0.26375082938258226,0.21050000000000013,0.42100000000000026,231.0,2.0,20875.0,14756.61141658206
2026-09-13 05:46:02.719,0.2644579361637688,0.21100000000000013,0.42200000000000026,231.0,2.0,20875.0,14756.61141658206
2026-09-13 05:46:02.743,0.2644579361637688,0.21100000000000013,0.42200000000000026,231.0,2.0,20875.0,14756.61141658206
2026-09-13 05:46:06.220,0.2644579361637688,0.21100000000000013,0.42200000000000026,231.0,2.0,20875.0,14756.61141658206
2026-09-13 05:46:06.243,0.26516504294495535,0.21050000000000013,0.42100000000000026,231.0,2.0,20875.0,14756.61141658206
2026-09-13 05:46:09.720,0.26516504294495535,0.21050000000000013,0.42100000000000026,231.0,2.0,20875.0,14756.61141658206
2026-09-13 05:46:09.743,0.26516504294495535,0.21050000000000013,0.42100000000000026,231.0,2.0,20875.0,14756.61141658206
2026-09-13 05:46:13.220,0.26516504294495535,0.21050000000000013,0.42100000000000026,231.0,2.0,20875.0,14756.61141658206
2026-09-13 05:46:13.243,0.26516504294495535,0.21050000000000013,0.42100000000000026,231.0,2.0,20875.0,14756.61141658206
2026-09-13 05:46:16.720,0.26516504294495535,0.21050000000000013,0.42100000000000026,231.0,2.0,20875.0,14756.61141658206
2026-09-13 05:46:16.743,0.26516504294495535,0.21050000000000013,0.42100000000000026,231.0,2.0,20875.0,14756.61141658206
2026-09-13 05:46:20.220,0.22273863607376249,0.18050000000000013,0.36100000000000027,231.0,2.0,20875.0,14756.61141658206
2026-09-13 05:46:20.243,0.22273863607376249,0.18050000000000013,0.36100000000000027,231.0,2.0,20875.0,14756.61141658206
2026-09-13 05:46:23.720,0.26516504294495535,0.21050000000000013,0.42100000000000026,231.0,2.0,20875.0,14756.61141658206
2026-09-13 05:46:23.744,0.2644579361637688,0.21100000000000013,0.42200000000000026,231.0,2.0,20875.0,14756.61141658206
2026-09-13 05:46:27.220,0.2644579361637688,0.21100000000000013,0.42200000000000026,231.0,2.0,20875.0,14756.61141658206
2026-09-13 05:46:27.244,0.2644579361637688,0.21100000000000013,0.42200000000000026,231.0,2.0,20875.0,14756.61141658206
2026-09-13 05:46:30.720,0.2644579361637688,0.21100000000000013,0.42200000000000026,231.0,2.0,20875.0,14756.61141658206
2026-09-13 05:46:30.744,0.2644579361637688,0.21100000000000013,0.42200000000000026,231.0,2.0,20875.0,14756.61141658206
2026-09-13 05:46:34.220,0.2644579361637688,0.21100000000000013,0.42200000000000026,231.0,2.0,20875.0,14756.61141658206
2026-09-13 05:46:34.244,0.2644579361637688,0.21100000000000013,0.42200000000000026,231.0,2.0,20875.0,14756.61141658206
2026-09-13 05:46:37.720,0.2644579361637688,0.21100000000000013,0.42200000000000026,231.0,2.0,20875.0,14756.61141658206
2026-09-13 05:46:37.744,0.2644579361637688,0.21100000000000013,0.42200000000000026,231.0,2.0,20875.0,14756.61141658206
2026-09-13 05:46:41.220,0.2644579361637688,0.21100000000000013,0.42200000000000026,231.0,2.0,20875.0,14756.61141658206
2026-09-13 05:46:41.244,0.2644579361637688,0.21100000000000013,0.42200000000000026,231.0,2.0,20875.0,14756.61141658206
2026-09-13 05:46:44.720,0.2644579361637688,0.21100000000000013,0.42200000000000026,231.0,2.0,20875.0,14756.61141658206
2026-09-13 05:46:44.744,0.2644579361637688,0.21100000000000013,0.42200000000000026,231.0,2.0,20875.0,14756.61141658206
2026-09-13 05:46:48.220,0.2644579361637688,0.21100000000000013,0.42200000000000026,231.0,2.0,20875.0,14756.61141658206
2026-09-13 05:46:48.244,0.2644579361637688,0.21100000000000013,0.42200000000000026,231.0,2.0,20875.0,14756.61141658206
2026-09-13 05:46:51.720,0.2644579361637688,0.21100000000000013,0.42200000000000026,231.0,2.0,20875.0,14756.61141658206
2026-09-13 05:46:51.744,0.2644579361637688,0.21100000000000013,0.42200000000000026,231.0,2.0,20875.0,14756.61141658206
2026-09-13 05:46:55.220,0.26375082938258226,0.21050000000000013,0.42100000000000026,231.0,2.0,20875.0,14756.61141658206
2026-09-13 05:46:55.244,0.26375082938258226,0.21050000000000013,0.42100000000000026,231.0,2.0,20875.0,14756.61141658206
2026-09-13 05:46:58.721,0.2644579361637688,0.21100000000000013,0.42200000000000026,231.0,2.0,20875.0,14756.61141658206
2026-09-13 05:46:58.744,0.26516504294495535,0.21050000000000013,0.42100000000000026,231.0,2.0,20875.0,14756.61141658206
2026-09-13 05:47:02.221,0.26516504294495535,0.21050000000000013,0.42100000000000026,231.0,2.0,20875.0,14756.61141658206
2026-09-13 05:47:02.244,0.26516504294495535,0.21050000000000013,0.42100000000000026,231.0,2.0,20875.0,14756.61141658206
2026-09-13 05:47:05.721,0.26516504294495535,0.21050000000000013,0.42100000000000026,231.0,2.0,20875.0,14756.61141658206
2026-09-13 05:47:05.744,0.26516504294495535,0.21050000000000013,0.42100000000000026,231.0,2.0,20875.0,14756.61141658206
2026-09-13 05:47:09.221,0.26516504294495535,0.21050000000000013,0.42100000000000026,231.0,2.0,20875.0,14756.61141658206
2026-09-13 05:47:09.244,0.26516504294495535,0.21050000000000013,0.42100000000000026,231.0,2.0,20875.0,14756.61141658206
2026-09-13 05:47:12.721,0.26516504294495535,0.21050000000000013,0.42100000000000026,231.0,2.0,20875.0,14756.61141658206
2026-09-13 05:47:12.744,0.26516504294495535,0.21050000000000013,0.42100000000000026,231.0,2.0,20875.0,14756.61141658206
2026-09-13 05:47:16.221,0.26516504294495535,0.21050000000000013,0.42100000000000026,231.0,2.0,20875.0,14756.61141658206
2026-09-13 05:47:16.244,0.26516504294495535,0.21050000000000013,0.42100000000000026,231.0,2.0,20875.0,14756.61141658206
2026-09-13 05:47:19.721,0.26516504294495535,0.21050000000000013,0.42100000000000026,231.0,2.0,20875.0,14756.61141658206
2026-09-13 05:47:19.745,0.2644579361637688,0.21100000000000013,0.42200000000000026,231.0,2.0,20875.0,14756.61141658206
2026-09-13 05:47:23.221,0.2644579361637688,0.21100000000000013,0.42200000000000026,231.0,2.0,20875.0,14756.61141658206
2026-09-13 05:47:23.245,0.2644579361637688,0.21100000000000013,0.42200000000000026,231.0,2.0,20875.0,14756.61141658206
2026-09-13 05:47:26.721,0.2644579361637688,0.21100000000000013,0.42200000000000026,231.0,2.0,20875.0,14756.61141658206
2026-09-13 05:47:26.745,0.2644579361637688,0.21100000000000013,0.42200000000000026,231.0,2.0,20875.0,14756.61141658206
2026-09-13 05:47:30.221,0.2644579361637688,0.21100000000000013,0.42200000000000026,231.0,2.0,20875.0,14756.61141658206
2026-09-13 05:47:30.245,0.2644579361637688,0.21100000000000013,0.42200000000000026,231.0,2.0,20875.0,14756.61141658206
2026-09-13 05:47:33.721,0.2644579361637688,0.21100000000000013,0.42200000000000026,231.0,2.0,20875.0,14756.61141658206
2026-09-13 05:47:33.745,0.2644579361637688,0.21100000000000013,0.42200000000000026,231.0,2.0,20875.0,14756.61141658206
2026-09-13 05:47:37.221,0.2644579361637688,0.21100000000000013,0.42200000000000026,231.0,2.0,20875.0,14756.61141658206
2026-09-13 05:47:37.245,0.2644579361637688,0.21100000000000013,0.42200000000000026,231.0,2.0,20875.0,14756.61141658206
2026-09-13 05:47:40.721,0.2644579361637688,0.21100000000000013,0.42200000000000026,231.0,2.0,20875.0,14756.61141658206
2026-09-13 05:47:40.745,0.2644579361637688,0.21100000000000013,0.42200000000000026,231.0,2.0,20875.0,14756.61141658206
2026-09-13 05:47:44.221,0.2644579361637688,0.21100000000000013,0.42200000000000026,231.0,2.0,20875.0,14756.61141658206
2026-09-13 05:47:44.245,0.2644579361637688,0.21100000000000013,0.42200000000000026,231.0,2.0,20875.0,14756.61141658206
2026-09-13 05:47:47.722,0.2644579361637688,0.21100000000000013,0.42200000000000026,231.0,2.0,20875.0,14756.61141658206
2026-09-13 05:47:47.745,0.26516504294495535,0.21050000000000013,0.42100000000000026,231.0,2.0,20875.0,14756.61141658206
2026-09-13 05:47:51.222,0.26516504294495535,0.21050000000000013,0.42100000000000026,231.0,2.0,20875.0,14756.61141658206
2026-09-13 05:47:51.245,0.26516504294495535,0.21050000000000013,0.42100000000000026,231.0,2.0,20875.0,14756.61141658206
2026-09-13 05:47:54.722,0.26516504294495535,0.21050000000000013,0.42100000000000026,231.0,2.0,20875.0,14756.61141658206
2026-09-13 05:47:54.745,0.26516504294495535,0.21050000000000013,0.42100000000000026,231.0,2.0,20875.0,14756.61141658206
2026-09-13 05:47:58.222,0.26516504294495535,0.21050000000000013,0.42100000000000026,231.0,2.0,20875.0,14756.61141658206
2026-09-13 05:47:58.245,0.26516504294495535,0.21050000000000013,0.42100000000000026,231.0,2.0,20875.0,14756.61141658206
2026-09-13 05:48:01.722,0.26516504294495535,0.21050000000000013,0.42100000000000026,231.0,2.0,20875.0,14756.61141658206
2026-09-13 05:48:01.745,0.26516504294495535,0.21050000000000013,0.42100000000000026,231.0,2.0,20875.0,14756.61141658206
2026-09-13 05:48:05.222,0.26516504294495535,0.21050000000000013,0.42100000000000026,231.0,2.0,20875.0,14756.61141658206
2026-09-13 05:48:05.245,0.26516504294495535,0.21050000000000013,0.42100000000000026,231.0,2.0,20875.0,14756.61141658206
2026-09-13 05:48:08.722,0.26516504294495535,0.21050000000000013,0.42100000000000026,231.0,2.0,20875.0,14756.61141658206
2026-09-13 05:48:08.746,0.2644579361637688,0.21100000000000013,0.42200000000000026,231.0,2.0,20875.0,14756.61141658206
2026-09-13 05:48:12.222,0.2644579361637688,0.21100000000000013,0.42200000000000026,231.0,2.0,20875.0,14756.61141658206
2026-09-13 05:48:12.246,0.2644579361637688,0.21100000000000013,0.42200000000000026,231.0,2.0,20875.0,14756.61141658206
2026-09-13 05:48:15.722,0.2644579361637688,0.21100000000000013,0.42200000000000026,231.0,2.0,20875.0,14756.61141658206
2026-09-13 05:48:15.746,0.2644579361637688,0.21100000000000013,0.42200000000000026,231.0,2.0,20875.0,14756.61141658206
2026-09-13 05:48:19.222,0.2644579361637688,0.21100000000000013,0.42200000000000026,231.0,2.0,20875.0,14756.61141658206
2026-09-13 05:48:19.246,0.2644579361637688,0.21100000000000013,0.42200000000000026,231.0,2.0,20875.0,14756.61141658206
2026-09-13 05:48:22.722,0.2644579361637688,0.21100000000000013,0.42200000000000026,231.0,2.0,20875.0,14756.61141658206
2026-09-13 05:48:22.746,0.2644579361637688,0.21100000000000013,0.42200000000000026,231.0,2.0,20875.0,14756.61141658206
2026-09-13 05:48:26.222,0.2644579361637688,0.21100000000000013,0.42200000000000026,231.0,2.0,20875.0,14756.61141658206
2026-09-13 05:48:26.246,0.2644579361637688,0.21100000000000013,0.42200000000000026,231.0,2.0,20875.0,14756.61141658206
2026-09-13 05:48:29.722,0.2644579361637688,0.21100000000000013,0.42200000000000026,231.0,2.0,20875.0,14756.61141658206
2026-09-13 05:48:29.746,0.2644579361637688,0.21100000000000013,0.42200000000000026,231.0,2.0,20875.0,14756.61141658206
2026-09-13 05:48:33.222,0.2644579361637688,0.21100000000000013,0.42200000000000026,231.0,2.0,20875.0,14756.61141658206
2026-09-13 05:48:33.246,0.2644579361637688,0.21100000000000013,0.42200000000000026,231.0,2.0,20875.0,14756.61141658206
2026-09-13 05:48:36.722,0.26375082938258226,0.21050000000000013,0.42100000000000026,231.0,2.0,20875.0,14756.61141658206
2026-09-13 05:48:36.746,0.26375082938258226,0.21050000000000013,0.42100000000000026,231.0,2.0,20875.0,14756.61141658206
2026-09-13 05:48:40.223,0.2644579361637688,0.21100000000000013,0.42200000000000026,231.0,2.0,20875.0,14756.61141658206
2026-09-13 05:48:40.246,0.26516504294495535,0.21050000000000013,0.42100000000000026,231.0,2.0,20875.0,14756.61141658206
2026-09-13 05:48:43.723,0.26516504294495535,0.21050000000000013,0.42100000000000026,231.0,2.0,20875.0,14756.61141658206
2026-09-13 05:48:43.746,0.26516504294495535,0.21050000000000013,0.42100000000000026,231.0,2.0,20875.0,14756.61141658206
2026-09-13 05:48:47.223,0.26516504294495535,0.21050000000000013,0.42100000000000026,231.0,2.0,20875.0,14756.61141658206
2026-09-13 05:48:47.246,0.26516504294495535,0.21050000000000013,0.42100000000000026,231.0,2.0,20875.0,14756.61141658206
2026-09-13 05:48:50.723,0.26516504294495535,0.21050000000000013,0.42100000000000026,231.0,2.0,20875.0,14756.61141658206
2026-09-13 05:48:50.746,0.26516504294495535,0.21050000000000013,0.42100000000000026,231.0,2.0,20875.0,14756.61141658206
2026-09-13 05:48:54.223,0.26516504294495535,0.21050000000000013,0.42100000000000026,231.0,2.0,20875.0,14756.61141658206
2026-09-13 05:48:54.246,0.26516504294495535,0.21050000000000013,0.42100000000000026,231.0,2.0,20875.0,14756.61141658206
2026-09-13 05:48:57.723,0.26516504294495535,0.21050000000000013,0.42100000000000026,231.0,2.0,20875.0,14756.61141658206
2026-09-13 05:48:57.746,0.26516504294495535,0.21050000000000013,0.42100000000000026,231.0,2.0,20875.0,14756.61141658206
2026-09-13 05:49:01.223,0.26516504294495535,0.21050000000000013,0.42100000000000026,231.0,2.0,20875.0,14756.61141658206
2026-09-13 05:49:01.246,0.26516504294495535,0.21050000000000013,0.42100000000000026,231.0,2.0,20875.0,14756.61141658206
2026-09-13 05:49:04.723,0.26516504294495535,0.21050000000000013,0.42100000000000026,231.0,2.0,20875.0,14756.61141658206
2026-09-13 05:49:04.747,0.2644579361637688,0.21100000000000013,0.42200000000000026,231.0,2.0,20875.0,14756.61141658206
2026-09-13 05:49:08.223,0.2644579361637688,0.21100000000000013,0.42200000000000026,231.0,2.0,20875.0,14756.61141658206
2026-09-13 05:49:08.247,0.2644579361637688,0.21100000000000013,0.42200000000000026,231.0,2.0,20875.0,14756.61141658206
2026-09-13 05:49:11.723,0.2644579361637688,0.21100000000000013,0.42200000000000026,231.0,2.0,20875.0,14756.61141658206
2026-09-13 05:49:11.747,0.2644579361637688,0.21100000000000013,0.42200000000000026,231.0,2.0,20875.0,14756.61141658206
2026-09-13 05:49:15.223,0.2644579361637688,0.21100000000000013,0.42200000000000026,231.0,2.0,20875.0,14756.61141658206
2026-09-13 05:49:15.247,0.2644579361637688,0.21100000000000013,0.42200000000000026,231.0,2.0,20875.0,14756.61141658206
2026-09-13 05:49:18.723,0.2644579361637688,0.21100000000000013,0.42200000000000026,231.0,2.0,20875.0,14756.61141658206
2026-09-13 05:49:18.747,0.2644579361637688,0.21100000000000013,0.42200000000000026,231.0,2.0,20875.0,14756.61141658206
2026-09-13 05:49:22.223,0.2644579361637688,0.21100000000000013,0.42200000000000026,231.0,2.0,20875.0,14756.61141658206
2026-09-13 05:49:22.247,0.2644579361637688,0.21100000000000013,0.42200000000000026,231.0,2.0,20875.0,14756.61141658206
2026-09-13 05:49:25.723,0.2644579361637688,0.21100000000000013,0.42200000000000026,231.0,2.0,20875.0,14756.61141658206
2026-09-13 05:49:25.747,0.2644579361637688,0.21100000000000013,0.42200000000000026,231.0,2.0,20875.0,14756.61141658206
2026-09-13 05:49:29.223,0.2644579361637688,0.21100000000000013,0.42200000000000026,231.0,2.0,20875.0,14756.61141658206
2026-09-13 05:49:29.247,0.2644579361637688,0.21100000000000013,0.42200000000000026,231.0,2.0,20875.0,14756.61141658206
2026-09-13 05:49:32.724,0.2644579361637688,0.21100000000000013,0.42200000000000026,231.0,2.0,20875.0,14756.61141658206
2026-09-13 05:49:32.747,0.26516504294495535,0.21050000000000013,0.42100000000000026,231.0,2.0,20875.0,14756.61141658206
2026-09-13 05:49:36.224,0.26516504294495535,0.21050000000000013,0.42100000000000026,231.0,2.0,20875.0,14756.61141658206
2026-09-13 05:49:36.247,0.26516504294495535,0.21050000000000013,0.42100000000000026,231.0,2.0,20875.0,14756.61141658206
2026-09-13 05:49:39.724,0.26516504294495535,0.21050000000000013,0.42100000000000026,231.0,2.0,20875.0,14756.61141658206
2026-09-13 05:49:39.747,0.26516504294495535,0.21050000000000013,0.42100000000000026,231.0,2.0,20875.0,14756.61141658206
2026-09-13 05:49:43.224,0.26516504294495535,0.21050000000000013,0.42100000000000026,231.0,2.0,20875.0,14756.61141658206
2026-09-13 05:49:43.247,0.26516504294495535,0.21050000000000013,0.42100000000000026,231.0,2.0,20875.0,14756.61141658206
2026-09-13 05:49:46.724,0.26516504294495535,0.21050000000000013,0.42100000000000026,231.0,2.0,20875.0,14756.61141658206
2026-09-13 05:49:46.747,0.26516504294495535,0.21050000000000013,0.42100000000000026,231.0,2.0,20875.0,14756.61141658206
2026-09-13 05:49:50.224,0.26516504294495535,0.21050000000000013,0.42100000000000026,231.0,2.0,20875.0,14756.61141658206
2026-09-13 05:49:50.247,0.26516504294495535,0.21050000000000013,0.42100000000000026,231.0,2.0,20875.0,14756.61141658206
2026-09-13 05:49:53.724,0.26516504294495535,0.21050000000000013,0.42100000000000026,231.0,2.0,20875.0,14756.61141658206
2026-09-13 05:49:53.748,0.2644579361637688,0.21100000000000013,0.42200000000000026,231.0,2.0,20875.0,14756.61141658206
2026-09-13 05:49:57.946,0.7749890321804562,0.5720000000000002,1.1440000000000003,231.0,2.0,20875.0,14756.61141658206
2026-09-13 05:49:57.970,0.7749890321804562,0.5720000000000002,1.1440000000000003,231.0,2.0,20875.0,14756.61141658206
2026-09-13 05:50:00.993,0.2644579361637688,0.21100000000000013,0.42200000000000026,231.0,2.0,20875.0,14756.61141658206
2026-09-13 05:50:01.017,0.2644579361637688,0.21100000000000013,0.42200000000000026,231.0,2.0,20875.0,14756.61141658206
2026-09-13 05:50:04.493,0.2644579361637688,0.21100000000000013,0.42200000000000026,231.0,2.0,20875.0,14756.61141658206
2026-09-13 05:50:04.517,0.2644579361637688,0.21100000000000013,0.42200000000000026,231.0,2.0,20875.0,14756.61141658206
2026-09-13 05:50:07.993,0.2644579361637688,0.21100000000000013,0.42200000000000026,231.0,2.0,20875.0,14756.61141658206
2026-09-13 05:50:08.017,0.2644579361637688,0.21100000000000013,0.42200000000000026,231.0,2.0,20875.0,14756.61141658206
2026-09-13 05:50:11.493,0.2644579361637688,0.21100000000000013,0.42200000000000026,231.0,2.0,20875.0,14756.61141658206
2026-09-13 05:50:11.517,0.2644579361637688,0.21100000000000013,0.42200000000000026,231.0,2.0,20875.0,14756.61141658206
2026-09-13 05:50:14.993,0.2644579361637688,0.21100000000000013,0.42200000000000026,231.0,2.0,20875.0,14756.61141658206
2026-09-13 05:50:15.017,0.2644579361637688,0.21100000000000013,0.42200000000000026,231.0,2.0,20875.0,14756.61141658206
2026-09-13 05:50:18.493,0.26375082938258226,0.21050000000000013,0.42100000000000026,231.0,2.0,20875.0,14756.61141658206
2026-09-13 05:50:18.517,0.26375082938258226,0.21050000000000013,0.42100000000000026,231.0,2.0,20875.0,14756.61141658206
2026-09-13 05:50:21.993,0.26375082938258226,0.21050000000000013,0.42100000000000026,231.0,2.0,20875.0,14756.61141658206
2026-09-13 05:50:22.017,0.26375082938258226,0.21050000000000013,0.42100000000000026,231.0,2.0,20875.0,14756.61141658206
2026-09-13 05:50:25.494,0.2644579361637688,0.21100000000000013,0.42200000000000026,231.0,2.0,20875.0,14756.61141658206
2026-09-13 05:50:25.517,0.26516504294495535,0.21050000000000013,0.42100000000000026,231.0,2.0,20875.0,14756.61141658206
2026-09-13 05:50:28.994,0.1668772003600252,0.14100000000000013,0.28200000000000025,231.0,2.0,20875.0,14756.61141658206
2026-09-13 05:50:29.017,0.16687720036002524,0.14100000000000013,0.28200000000000025,231.0,2.0,20875.0,14756.61141658206
2026-09-13 05:50:32.494,0.26516504294495535,0.21050000000000013,0.42100000000000026,231.0,2.0,20875.0,14756.61141658206
2026-09-13 05:50:32.517,0.26516504294495535,0.21050000000000013,0.42100000000000026,231.0,2.0,20875.0,14756.61141658206
2026-09-13 05:50:35.994,0.26516504294495535,0.21050000000000013,0.42100000000000026,231.0,2.0,20875.0,14756.61141658206
2026-09-13 05:50:36.017,0.26516504294495535,0.21050000000000013,0.42100000000000026,231.0,2.0,20875.0,14756.61141658206
2026-09-13 05:50:39.494,0.26516504294495535,0.21050000000000013,0.42100000000000026,231.0,2.0,20875.0,14756.61141658206
2026-09-13 05:50:39.517,0.26516504294495535,0.21050000000000013,0.42100000000000026,231.0,2.0,20875.0,14756.61141658206
2026-09-13 05:50:42.994,0.26516504294495535,0.21050000000000013,0.42100000000000026,231.0,2.0,20875.0,14756.61141658206
2026-09-13 05:50:43.018,0.2644579361637688,0.21100000000000013,0.42200000000000026,231.0,2.0,20875.0,14756.61141658206
2026-09-13 05:50:46.494,0.2644579361637688,0.21100000000000013,0.42200000000000026,231.0,2.0,20875.0,14756.61141658206
2026-09-13 05:50:46.518,0.2644579361637688,0.21100000000000013,0.42200000000000026,231.0,2.0,20875.0,14756.61141658206
2026-09-13 05:50:49.994,0.2644579361637688,0.21100000000000013,0.42200000000000026,231.0,2.0,20875.0,14756.61141658206
2026-09-13 05:50:50.018,0.2644579361637688,0.21100000000000013,0.42200000000000026,231.0,2.0,20875.0,14756.61141658206
2026-09-13 05:50:53.494,0.2644579361637688,0.21100000000000013,0.42200000000000026,231.0,2.0,20875.0,14756.61141658206
2026-09-13 05:50:53.518,0.2644579361637688,0.21100000000000013,0.42200000000000026,231.0,2.0,20875.0,14756.61141658206
2026-09-13 05:50:56.994,0.2644579361637688,0.21100000000000013,0.42200000000000026,231.0,2.0,20875.0,14756.61141658206
2026-09-13 05:50:57.018,0.2644579361637688,0.21100000000000013,0.42200000000000026,231.0,2.0,20875.0,14756.61141658206
2026-09-13 05:51:00.494,0.2644579361637688,0.21100000000000013,0.42200000000000026,231.0,2.0,20875.0,14756.61141658206
2026-09-13 05:51:00.518,0.2644579361637688,0.21100000000000013,0.42200000000000026,231.0,2.0,20875.0,14756.61141658206
2026-09-13 05:51:03.994,0.2644579361637688,0.21100000000000013,0.42200000000000026,231.0,2.0,20875.0,14756.61141658206
2026-09-13 05:51:04.018,0.2644579361637688,0.21100000000000013,0.42200000000000026,231.0,2.0,20875.0,14756.61141658206
2026-09-13 05:51:07.494,0.2644579361637688,0.21100000000000013,0.42200000000000026,231.0,2.0,20875.0,14756.61141658206
2026-09-13 05:51:07.518,0.2644579361637688,0.21100000000000013,0.42200000000000026,231.0,2.0,20875.0,14756.61141658206
2026-09-13 05:51:10.994,0.26375082938258226,0.21050000000000013,0.42100000000000026,231.0,2.0,20875.0,14756.61141658206
2026-09-13 05:51:11.018,0.26375082938258226,0.21050000000000013,0.42100000000000026,231.0,2.0,20875.0,14756.61141658206
2026-09-13 05:51:14.494,0.26375082938258226,0.21050000000000013,0.42100000000000026,231.0,2.0,20875.0,14756.61141658206
2026-09-13 05:51:14.518,0.26375082938258226,0.21050000000000013,0.42100000000000026,231.0,2.0,20875.0,14756.61141658206
2026-09-13 05:51:17.995,0.2644579361637688,0.21100000000000013,0.42200000000000026,231.0,2.0,20875.0,14756.61141658206
2026-09-13 05:51:18.018,0.26516504294495535,0.21050000000000013,0.42100000000000026,231.0,2.0,20875.0,14756.61141658206
2026-09-13 05:51:21.495,0.26516504294495535,0.21050000000000013,0.42100000000000026,231.0,2.0,20875.0,14756.61141658206
2026-09-13 05:51:21.518,0.26516504294495535,0.21050000000000013,0.42100000000000026,231.0,2.0,20875.0,14756.61141658206
2026-09-13 05:51:24.995,0.26516504294495535,0.21050000000000013,0.42100000000000026,231.0,2.0,20875.0,14756.61141658206
2026-09-13 05:51:25.018,0.26516504294495535,0.21050000000000013,0.42100000000000026,231.0,2.0,20875.0,14756.61141658206
2026-09-13 05:51:28.495,0.26516504294495535,0.21050000000000013,0.42100000000000026,231.0,2.0,20875.0,14756.61141658206
2026-09-13 05:51:28.518,0.26516504294495535,0.21050000000000013,0.42100000000000026,231.0,2.0,20875.0,14756.61141658206
2026-09-13 05:51:31.995,0.26516504294495535,0.21050000000000013,0.42100000000000026,231.0,2.0,20875.0,14756.61141658206
2026-09-13 05:51:32.018,0.26516504294495535,0.21050000000000013,0.42100000000000026,231.0,2.0,20875.0,14756.61141658206
2026-09-13 05:51:35.495,0.26516504294495535,0.21050000000000013,0.42100000000000026,231.0,2.0,20875.0,14756.61141658206
2026-09-13 05:51:35.519,0.2644579361637688,0.21100000000000013,0.42200000000000026,231.0,2.0,20875.0,14756.61141658206
2026-09-13 05:51:38.995,0.2644579361637688,0.21100000000000013,0.42200000000000026,231.0,2.0,20875.0,14756.61141658206
2026-09-13 05:51:39.019,0.2644579361637688,0.21100000000000013,0.42200000000000026,231.0,2.0,20875.0,14756.61141658206
2026-09-13 05:51:42.495,0.2644579361637688,0.21100000000000013,0.42200000000000026,231.0,2.0,20875.0,14756.61141658206
2026-09-13 05:51:42.519,0.2644579361637688,0.21100000000000013,0.42200000000000026,231.0,2.0,20875.0,14756.61141658206
2026-09-13 05:51:45.995,0.2644579361637688,0.21100000000000013,0.42200000000000026,231.0,2.0,20875.0,14756.61141658206
2026-09-13 05:51:46.019,0.2644579361637688,0.21100000000000013,0.42200000000000026,231.0,2.0,20875.0,14756.61141658206
2026-09-13 05:51:49.495,0.2644579361637688,0.21100000000000013,0.42200000000000026,231.0,2.0,20875.0,14756.61141658206
2026-09-13 05:51:49.519,0.2644579361637688,0.21100000000000013,0.42200000000000026,231.0,2.0,20875.0,14756.61141658206
2026-09-13 05:51:52.995,0.2644579361637688,0.21100000000000013,0.42200000000000026,231.0,2.0,20875.0,14756.61141658206
2026-09-13 05:51:53.019,0.2644579361637688,0.21100000000000013,0.42200000000000026,231.0,2.0,20875.0,14756.61141658206
2026-09-13 05:51:56.495,0.2644579361637688,0.21100000000000013,0.42200000000000026,231.0,2.0,20875.0,14756.61141658206
2026-09-13 05:51:56.519,0.2644579361637688,0.21100000000000013,0.42200000000000026,231.0,2.0,20875.0,14756.61141658206
2026-09-13 05:51:59.995,0.2644579361637688,0.21100000000000013,0.42200000000000026,231.0,2.0,20875.0,14756.61141658206
2026-09-13 05:52:00.019,0.2644579361637688,0.21100000000000013,0.42200000000000026,231.0,2.0,20875.0,14756.61141658206
2026-09-13 05:52:03.495,0.26375082938258226,0.21050000000000013,0.42100000000000026,231.0,2.0,20875.0,14756.61141658206
2026-09-13 05:52:03.519,0.26375082938258226,0.21050000000000013,0.42100000000000026,231.0,2.0,20875.0,14756.61141658206
2026-09-13 05:52:06.996,0.2644579361637688,0.21100000000000013,0.42200000000000026,231.0,2.0,20875.0,14756.61141658206
2026-09-13 05:52:07.019,0.26516504294495535,0.21050000000000013,0.42100000000000026,231.0,2.0,20875.0,14756.61141658206
2026-09-13 05:52:10.496,0.26516504294495535,0.21050000000000013,0.42100000000000026,231.0,2.0,20875.0,14756.61141658206
2026-09-13 05:52:10.519,0.26516504294495535,0.21050000000000013,0.42100000000000026,231.0,2.0,20875.0,14756.61141658206
2026-09-13 05:52:13.996,0.22273863607376249,0.18050000000000013,0.36100000000000027,231.0,2.0,20875.0,14756.61141658206
2026-09-13 05:52:14.019,0.22273863607376249,0.18050000000000013,0.36100000000000027,231.0,2.0,20875.0,14756.61141658206
2026-09-13 05:52:17.496,0.26516504294495535,0.21050000000000013,0.42100000000000026,231.0,2.0,20875.0,14756.61141658206
2026-09-13 05:52:17.519,0.26516504294495535,0.21050000000000013,0.42100000000000026,231.0,2.0,20875.0,14756.61141658206
2026-09-13 05:52:20.996,0.26516504294495535,0.21050000000000013,0.42100000000000026,231.0,2.0,20875.0,14756.61141658206
2026-09-13 05:52:21.019,0.26516504294495535,0.21050000000000013,0.42100000000000026,231.0,2.0,20875.0,14756.61141658206
2026-09-13 05:52:24.496,0.26516504294495535,0.21050000000000013,0.42100000000000026,231.0,2.0,20875.0,14756.61141658206
2026-09-13 05:52:24.519,0.26516504294495535,0.21050000000000013,0.42100000000000026,231.0,2.0,20875.0,14756.61141658206
2026-09-13 05:52:27.996,0.26516504294495535,0.21050000000000013,0.42100000000000026,231.0,2.0,20875.0,14756.61141658206
2026-09-13 05:52:28.019,0.26516504294495535,0.21050000000000013,0.42100000000000026,231.0,2.0,20875.0,14756.61141658206
2026-09-13 05:52:31.496,0.26516504294495535,0.21050000000000013,0.42100000000000026,231.0,2.0,20875.0,14756.61141658206
2026-09-13 05:52:31.519,0.26516504294495535,0.21050000000000013,0.42100000000000026,231.0,2.0,20875.0,14756.61141658206
2026-09-13 05:52:34.996,0.26516504294495535,0.21050000000000013,0.42100000000000026,231.0,2.0,20875.0,14756.61141658206
2026-09-13 05:52:35.020,0.2644579361637688,0.21100000000000013,0.42200000000000026,231.0,2.0,20875.0,14756.61141658206
2026-09-13 05:52:38.496,0.2644579361637688,0.21100000000000013,0.42200000000000026,231.0,2.0,20875.0,14756.61141658206
2026-09-13 05:52:38.520,0.2644579361637688,0.21100000000000013,0.42200000000000026,231.0,2.0,20875.0,14756.61141658206
2026-09-13 05:52:41.996,0.2644579361637688,0.21100000000000013,0.42200000000000026,231.0,2.0,20875.0,14756.61141658206
2026-09-13 05:52:42.020,0.2644579361637688,0.21100000000000013,0.42200000000000026,231.0,2.0,20875.0,14756.61141658206
2026-09-13 05:52:45.496,0.2644579361637688,0.21100000000000013,0.42200000000000026,231.0,2.0,20875.0,14756.61141658206
2026-09-13 05:52:45.520,0.2644579361637688,0.21100000000000013,0.42200000000000026,231.0,2.0,20875.0,14756.61141658206
2026-09-13 05:52:48.996,0.2644579361637688,0.21100000000000013,0.42200000000000026,231.0,2.0,20875.0,14756.61141658206
2026-09-13 05:52:49.020,0.2644579361637688,0.21100000000000013,0.42200000000000026,231.0,2.0,20875.0,14756.61141658206
2026-09-13 05:52:52.496,0.2644579361637688,0.21100000000000013,0.42200000000000026,231.0,2.0,20875.0,14756.61141658206
2026-09-13 05:52:52.520,0.2644579361637688,0.21100000000000013,0.42200000000000026,231.0,2.0,20875.0,14756.61141658206
2026-09-13 05:52:55.996,0.26375082938258226,0.21050000000000013,0.42100000000000026,231.0,2.0,20875.0,14756.61141658206
2026-09-13 05:52:56.020,0.26375082938258226,0.21050000000000013,0.42100000000000026,231.0,2.0,20875.0,14756.61141658206
2026-09-13 05:52:59.497,0.2644579361637688,0.21100000000000013,0.42200000000000026,231.0,2.0,20875.0,14756.61141658206
2026-09-13 05:52:59.520,0.26516504294495535,0.21050000000000013,0.42100000000000026,231.0,2.0,20875.0,14756.61141658206
2026-09-13 05:53:02.997,0.26516504294495535,0.21050000000000013,0.42100000000000026,231.0,2.0,20875.0,14756.61141658206
2026-09-13 05:53:03.020,0.26516504294495535,0.21050000000000013,0.42100000000000026,231.0,2.0,20875.0,14756.61141658206
2026-09-13 05:53:06.497,0.26516504294495535,0.21050000000000013,0.42100000000000026,231.0,2.0,20875.0,14756.61141658206
2026-09-13 05:53:06.520,0.26516504294495535,0.21050000000000013,0.42100000000000026,231.0,2.0,20875.0,14756.61141658206
2026-09-13 05:53:09.997,0.26516504294495535,0.21050000000000013,0.42100000000000026,231.0,2.0,20875.0,14756.61141658206
2026-09-13 05:53:10.020,0.26516504294495535,0.21050000000000013,0.42100000000000026,231.0,2.0,20875.0,14756.61141658206
2026-09-13 05:53:13.497,0.26516504294495535,0.21050000000000013,0.42100000000000026,231.0,2.0,20875.0,14756.61141658206
2026-09-13 05:53:13.520,0.26516504294495535,0.21050000000000013,0.42100000000000026,231.0,2.0,20875.0,14756.61141658206
2026-09-13 05:53:16.997,0.26516504294495535,0.21050000000000013,0.42100000000000026,231.0,2.0,20875.0,14756.61141658206
2026-09-13 05:53:17.020,0.26516504294495535,0.21050000000000013,0.42100000000000026,231.0,2.0,20875.0,14756.61141658206
2026-09-13 05:53:20.497,0.26516504294495535,0.21050000000000013,0.42100000000000026,231.0,2.0,20875.0,14756.61141658206
2026-09-13 05:53:20.521,0.2644579361637688,0.21100000000000013,0.42200000000000026,231.0,2.0,20875.0,14756.61141658206
2026-09-13 05:53:23.997,0.2644579361637688,0.21100000000000013,0.42200000000000026,231.0,2.0,20875.0,14756.61141658206
2026-09-13 05:53:24.021,0.2644579361637688,0.21100000000000013,0.42200000000000026,231.0,2.0,20875.0,14756.61141658206
2026-09-13 05:53:27.497,0.2644579361637688,0.21100000000000013,0.42200000000000026,231.0,2.0,20875.0,14756.61141658206
2026-09-13 05:53:27.521,0.2644579361637688,0.21100000000000013,0.42200000000000026,231.0,2.0,20875.0,14756.61141658206
2026-09-13 05:53:30.997,0.2644579361637688,0.21100000000000013,0.42200000000000026,231.0,2.0,20875.0,14756.61141658206
2026-09-13 05:53:31.021,0.2644579361637688,0.21100000000000013,0.42200000000000026,231.0,2.0,20875.0,14756.61141658206
2026-09-13 05:53:34.497,0.2644579361637688,0.21100000000000013,0.42200000000000026,231.0,2.0,20875.0,14756.61141658206
2026-09-13 05:53:34.521,0.2644579361637688,0.21100000000000013,0.42200000000000026,231.0,2.0,20875.0,14756.61141658206
2026-09-13 05:53:37.997,0.2644579361637688,0.21100000000000013,0.42200000000000026,231.0,2.0,20875.0,14756.61141658206
2026-09-13 05:53:38.021,0.2644579361637688,0.21100000000000013,0.42200000000000026,231.0,2.0,20875.0,14756.61141658206
2026-09-13 05:53:41.497,0.26375082938258226,0.21050000000000013,0.42100000000000026,231.0,2.0,20875.0,14756.61141658206
2026-09-13 05:53:41.521,0.26375082938258226,0.21050000000000013,0.42100000000000026,231.0,2.0,20875.0,14756.61141658206
2026-09-13 05:53:44.997,0.26375082938258226,0.21050000000000013,0.42100000000000026,231.0,2.0,20875.0,14756.61141658206
2026-09-13 05:53:45.021,0.26375082938258226,0.21050000000000013,0.42100000000000026,231.0,2.0,20875.0,14756.61141658206
2026-09-13 05:53:48.498,0.2644579361637688,0.21100000000000013,0.42200000000000026,231.0,2.0,20875.0,14756.61141658206
2026-09-13 05:53:48.521,0.26516504294495535,0.21050000000000013,0.42100000000000026,231.0,2.0,20875.0,14756.61141658206
2026-09-13 05:53:51.998,0.26516504294495535,0.21050000000000013,0.42100000000000026,231.0,2.0,20875.0,14756.61141658206
2026-09-13 05:53:52.021,0.26516504294495535,0.21050000000000013,0.42100000000000026,231.0,2.0,20875.0,14756.61141658206
2026-09-13 05:53:55.498,0.26516504294495535,0.21050000000000013,0.42100000000000026,231.0,2.0,20875.0,14756.61141658206
2026-09-13 05:53:55.521,0.26516504294495535,0.21050000000000013,0.42100000000000026,231.0,2.0,20875.0,14756.61141658206
2026-09-13 05:53:58.998,0.26516504294495535,0.21050000000000013,0.42100000000000026,231.0,2.0,20875.0,14756.61141658206
2026-09-13 05:53:59.021,0.26516504294495535,0.21050000000000013,0.42100000000000026,231.0,2.0,20875.0,14756.61141658206
2026-09-13 05:54:02.498,0.26516504294495535,0.21050000000000013,0.42100000000000026,231.0,2.0,20875.0,14756.61141658206
2026-09-13 05:54:02.521,0.26516504294495535,0.21050000000000013,0.42100000000000026,231.0,2.0,20875.0,14756.61141658206
2026-09-13 05:54:05.998,0.26516504294495535,0.21050000000000013,0.42100000000000026,231.0,2.0,20875.0,14756.61141658206
2026-09-13 05:54:06.021,0.26516504294495535,0.21050000000000013,0.42100000000000026,231.0,2.0,20875.0,14756.61141658206
2026-09-13 05:54:09.498,0.26516504294495535,0.21050000000000013,0.42100000000000026,231.0,2.0,20875.0,14756.61141658206
2026-09-13 05:54:09.521,0.26516504294495535,0.21050000000000013,0.42100000000000026,231.0,2.0,20875.0,14756.61141658206
2026-09-13 05:54:12.998,0.26516504294495535,0.21050000000000013,0.42100000000000026,231.0,2.0,20875.0,14756.61141658206
2026-09-13 05:54:13.022,0.2644579361637688,0.21100000000000013,0.42200000000000026,231.0,2.0,20875.0,14756.61141658206
2026-09-13 05:54:17.269,0.809637264458597,0.5965000000000001,1.1930000000000003,231.0,2.0,20875.0,14756.61141658206
2026-09-13 05:54:17.293,0.809637264458597,0.5965000000000001,1.1930000000000003,231.0,2.0,20875.0,14756.61141658206
2026-09-13 05:54:20.316,0.2644579361637688,0.21100000000000013,0.42200000000000026,231.0,2.0,20875.0,14756.61141658206
2026-09-13 05:54:20.340,0.2644579361637688,0.21100000000000013,0.42200000000000026,231.0,2.0,20875.0,14756.61141658206
2026-09-13 05:54:23.816,0.2644579361637688,0.21100000000000013,0.42200000000000026,231.0,2.0,20875.0,14756.61141658206
2026-09-13 05:54:23.840,0.2644579361637688,0.21100000000000013,0.42200000000000026,231.0,2.0,20875.0,14756.61141658206
2026-09-13 05:54:27.316,0.2644579361637688,0.21100000000000013,0.42200000000000026,231.0,2.0,20875.0,14756.61141658206
2026-09-13 05:54:27.340,0.2644579361637688,0.21100000000000013,0.42200000000000026,231.0,2.0,20875.0,14756.61141658206
2026-09-13 05:54:30.816,0.2644579361637688,0.21100000000000013,0.42200000000000026,231.0,2.0,20875.0,14756.61141658206
2026-09-13 05:54:30.840,0.2644579361637688,0.21100000000000013,0.42200000000000026,231.0,2.0,20875.0,14756.61141658206
2026-09-13 05:54:34.316,0.2644579361637688,0.21100000000000013,0.42200000000000026,231.0,2.0,20875.0,14756.61141658206
2026-09-13 05:54:34.340,0.2644579361637688,0.21100000000000013,0.42200000000000026,231.0,2.0,20875.0,14756.61141658206
2026-09-13 05:54:37.816,0.2644579361637688,0.21100000000000013,0.42200000000000026,231.0,2.0,20875.0,14756.61141658206
2026-09-13 05:54:37.840,0.2644579361637688,0.21100000000000013,0.42200000000000026,231.0,2.0,20875.0,14756.61141658206
2026-09-13 05:54:41.317,0.2644579361637688,0.21100000000000013,0.42200000000000026,231.0,2.0,20875.0,14756.61141658206
2026-09-13 05:54:41.340,0.26516504294495535,0.21050000000000013,0.42100000000000026,231.0,2.0,20875.0,14756.61141658206
2026-09-13 05:54:44.817,0.26516504294495535,0.21050000000000013,0.42100000000000026,231.0,2.0,20875.0,14756.61141658206
2026-09-13 05:54:44.840,0.26516504294495535,0.21050000000000013,0.42100000000000026,231.0,2.0,20875.0,14756.61141658206
2026-09-13 05:54:48.317,0.26516504294495535,0.21050000000000013,0.42100000000000026,231.0,2.0,20875.0,14756.61141658206
2026-09-13 05:54:48.340,0.26516504294495535,0.21050000000000013,0.42100000000000026,231.0,2.0,20875.0,14756.61141658206
2026-09-13 05:54:51.817,0.26516504294495535,0.21050000000000013,0.42100000000000026,231.0,2.0,20875.0,14756.61141658206
2026-09-13 05:54:51.840,0.26516504294495535,0.21050000000000013,0.42100000000000026,231.0,2.0,20875.0,14756.61141658206
2026-09-13 05:54:55.317,0.26516504294495535,0.21050000000000013,0.42100000000000026,231.0,2.0,20875.0,14756.61141658206
2026-09-13 05:54:55.340,0.26516504294495535,0.21050000000000013,0.42100000000000026,231.0,2.0,20875.0,14756.61141658206
2026-09-13 05:54:58.817,0.26516504294495535,0.21050000000000013,0.42100000000000026,231.0,2.0,20875.0,14756.61141658206
2026-09-13 05:54:58.840,0.26516504294495535,0.21050000000000013,0.42100000000000026,231.0,2.0,20875.0,14756.61141658206
2026-09-13 05:55:02.317,0.22273863607376249,0.18050000000000013,0.36100000000000027,231.0,2.0,20875.0,14756.61141658206
2026-09-13 05:55:02.341,0.22203152929257594,0.18100000000000013,0.36200000000000027,231.0,2.0,20875.0,14756.61141658206
2026-09-13 05:55:05.817,0.2644579361637688,0.21100000000000013,0.42200000000000026,231.0,2.0,20875.0,14756.61141658206
2026-09-13 05:55:05.841,0.2644579361637688,0.21100000000000013,0.42200000000000026,231.0,2.0,20875.0,14756.61141658206
2026-09-13 05:55:09.317,0.2644579361637688,0.21100000000000013,0.42200000000000026,231.0,2.0,20875.0,14756.61141658206
2026-09-13 05:55:09.341,0.2644579361637688,0.21100000000000013,0.42200000000000026,231.0,2.0,20875.0,14756.61141658206
2026-09-13 05:55:12.817,0.2644579361637688,0.21100000000000013,0.42200000000000026,231.0,2.0,20875.0,14756.61141658206
2026-09-13 05:55:12.841,0.2644579361637688,0.21100000000000013,0.42200000000000026,231.0,2.0,20875.0,14756.61141658206
2026-09-13 05:55:16.317,0.2644579361637688,0.21100000000000013,0.42200000000000026,231.0,2.0,20875.0,14756.61141658206
2026-09-13 05:55:16.341,0.2644579361637688,0.21100000000000013,0.42200000000000026,231.0,2.0,20875.0,14756.61141658206
2026-09-13 05:55:19.817,0.2644579361637688,0.21100000000000013,0.42200000000000026,231.0,2.0,20875.0,14756.61141658206
2026-09-13 05:55:19.841,0.2644579361637688,0.21100000000000013,0.42200000000000026,231.0,2.0,20875.0,14756.61141658206
2026-09-13 05:55:23.317,0.2644579361637688,0.21100000000000013,0.42200000000000026,231.0,2.0,20875.0,14756.61141658206
2026-09-13 05:55:23.341,0.2644579361637688,0.21100000000000013,0.42200000000000026,231.0,2.0,20875.0,14756.61141658206
2026-09-13 05:55:26.817,0.2644579361637688,0.21100000000000013,0.42200000000000026,231.0,2.0,20875.0,14756.61141658206
2026-09-13 05:55:26.841,0.2644579361637688,0.21100000000000013,0.42200000000000026,231.0,2.0,20875.0,14756.61141658206
2026-09-13 05:55:30.317,0.26375082938258226,0.21050000000000013,0.42100000000000026,231.0,2.0,20875.0,14756.61141658206
2026-09-13 05:55:30.341,0.26375082938258226,0.21050000000000013,0.42100000000000026,231.0,2.0,20875.0,14756.61141658206
2026-09-13 05:55:33.818,0.2644579361637688,0.21100000000000013,0.42200000000000026,231.0,2.0,20875.0,14756.61141658206
2026-09-13 05:55:33.841,0.26516504294495535,0.21050000000000013,0.42100000000000026,231.0,2.0,20875.0,14756.61141658206
2026-09-13 05:55:37.318,0.26516504294495535,0.21050000000000013,0.42100000000000026,231.0,2.0,20875.0,14756.61141658206
2026-09-13 05:55:37.341,0.26516504294495535,0.21050000000000013,0.42100000000000026,231.0,2.0,20875.0,14756.61141658206
2026-09-13 05:55:40.818,0.26516504294495535,0.21050000000000013,0.42100000000000026,231.0,2.0,20875.0,14756.61141658206
2026-09-13 05:55:40.841,0.26516504294495535,0.21050000000000013,0.42100000000000026,231.0,2.0,20875.0,14756.61141658206
2026-09-13 05:55:44.318,0.26516504294495535,0.21050000000000013,0.42100000000000026,231.0,2.0,20875.0,14756.61141658206
2026-09-13 05:55:44.341,0.26516504294495535,0.21050000000000013,0.42100000000000026,231.0,2.0,20875.0,14756.61141658206
2026-09-13 05:55:47.818,0.26516504294495535,0.21050000000000013,0.42100000000000026,231.0,2.0,20875.0,14756.61141658206
2026-09-13 05:55:47.841,0.26516504294495535,0.21050000000000013,0.42100000000000026,231.0,2.0,20875.0,14756.61141658206
2026-09-13 05:55:51.318,0.26516504294495535,0.21050000000000013,0.42100000000000026,231.0,2.0,20875.0,14756.61141658206
2026-09-13 05:55:51.341,0.26516504294495535,0.21050000000000013,0.42100000000000026,231.0,2.0,20875.0,14756.61141658206
2026-09-13 05:55:54.818,0.26516504294495535,0.21050000000000013,0.42100000000000026,231.0,2.0,20875.0,14756.61141658206
2026-09-13 05:55:54.842,0.2644579361637688,0.21100000000000013,0.42200000000000026,231.0,2.0,20875.0,14756.61141658206
2026-09-13 05:55:58.318,0.2644579361637688,0.21100000000000013,0.42200000000000026,231.0,2.0,20875.0,14756.61141658206
2026-09-13 05:55:58.342,0.2644579361637688,0.21100000000000013,0.42200000000000026,231.0,2.0,20875.0,14756.61141658206
2026-09-13 05:56:01.818,0.2644579361637688,0.21100000000000013,0.42200000000000026,231.0,2.0,20875.0,14756.61141658206
2026-09-13 05:56:01.842,0.2644579361637688,0.21100000000000013,0.42200000000000026,231.0,2.0,20875.0,14756.61141658206
2026-09-13 05:56:05.318,0.2644579361637688,0.21100000000000013,0.42200000000000026,231.0,2.0,20875.0,14756.61141658206
2026-09-13 05:56:05.342,0.2644579361637688,0.21100000000000013,0.42200000000000026,231.0,2.0,20875.0,14756.61141658206
2026-09-13 05:56:08.818,0.26375082938258226,0.21050000000000013,0.42100000000000026,231.0,2.0,20875.0,14756.61141658206
2026-09-13 05:56:08.842,0.26375082938258226,0.21050000000000013,0.42100000000000026,231.0,2.0,20875.0,14756.61141658206
2026-09-13 05:56:12.318,0.2644579361637688,0.21100000000000013,0.42200000000000026,231.0,2.0,20875.0,14756.61141658206
2026-09-13 05:56:12.342,0.2644579361637688,0.21100000000000013,0.42200000000000026,231.0,2.0,20875.0,14756.61141658206
2026-09-13 05:56:15.818,0.2644579361637688,0.21100000000000013,0.42200000000000026,231.0,2.0,20875.0,14756.61141658206
2026-09-13 05:56:15.842,0.2644579361637688,0.21100000000000013,0.42200000000000026,231.0,2.0,20875.0,14756.61141658206
2026-09-13 05:56:19.318,0.2644579361637688,0.21100000000000013,0.42200000000000026,231.0,2.0,20875.0,14756.61141658206
2026-09-13 05:56:19.342,0.2644579361637688,0.21100000000000013,0.42200000000000026,231.0,2.0,20875.0,14756.61141658206
2026-09-13 05:56:22.819,0.2644579361637688,0.21100000000000013,0.42200000000000026,231.0,2.0,20875.0,14756.61141658206
2026-09-13 05:56:22.842,0.26516504294495535,0.21050000000000013,0.42100000000000026,231.0,2.0,20875.0,14756.61141658206
2026-09-13 05:56:26.319,0.26516504294495535,0.21050000000000013,0.42100000000000026,231.0,2.0,20875.0,14756.61141658206
2026-09-13 05:56:26.342,0.26516504294495535,0.21050000000000013,0.42100000000000026,231.0,2.0,20875.0,14756.61141658206
2026-09-13 05:56:29.819,0.26516504294495535,0.21050000000000013,0.42100000000000026,231.0,2.0,20875.0,14756.61141658206
2026-09-13 05:56:29.842,0.26516504294495535,0.21050000000000013,0.42100000000000026,231.0,2.0,20875.0,14756.61141658206
2026-09-13 05:56:33.319,0.26516504294495535,0.21050000000000013,0.42100000000000026,231.0,2.0,20875.0,14756.61141658206
2026-09-13 05:56:33.342,0.26516504294495535,0.21050000000000013,0.42100000000000026,231.0,2.0,20875.0,14756.61141658206
2026-09-13 05:56:36.819,0.26516504294495535,0.21050000000000013,0.42100000000000026,231.0,2.0,20875.0,14756.61141658206
2026-09-13 05:56:36.842,0.26516504294495535,0.21050000000000013,0.42100000000000026,231.0,2.0,20875.0,14756.61141658206
2026-09-13 05:56:40.319,0.26516504294495535,0.21050000000000013,0.42100000000000026,231.0,2.0,20875.0,14756.61141658206
2026-09-13 05:56:40.342,0.26516504294495535,0.21050000000000013,0.42100000000000026,231.0,2.0,20875.0,14756.61141658206
2026-09-13 05:56:43.819,0.26516504294495535,0.21050000000000013,0.42100000000000026,231.0,2.0,20875.0,14756.61141658206
2026-09-13 05:56:43.843,0.2644579361637688,0.21100000000000013,0.42200000000000026,231.0,2.0,20875.0,14756.61141658206
2026-09-13 05:56:47.319,0.2644579361637688,0.21100000000000013,0.42200000000000026,231.0,2.0,20875.0,14756.61141658206
2026-09-13 05:56:47.343,0.2644579361637688,0.21100000000000013,0.42200000000000026,231.0,2.0,20875.0,14756.61141658206
2026-09-13 05:56:50.819,0.2644579361637688,0.21100000000000013,0.42200000000000026,231.0,2.0,20875.0,14756.61141658206
2026-09-13 05:56:50.843,0.2644579361637688,0.21100000000000013,0.42200000000000026,231.0,2.0,20875.0,14756.61141658206
2026-09-13 05:56:54.319,0.2644579361637688,0.21100000000000013,0.42200000000000026,231.0,2.0,20875.0,14756.61141658206
2026-09-13 05:56:54.343,0.2644579361637688,0.21100000000000013,0.42200000000000026,231.0,2.0,20875.0,14756.61141658206
2026-09-13 05:56:57.819,0.26375082938258226,0.21050000000000013,0.42100000000000026,231.0,2.0,20875.0,14756.61141658206
2026-09-13 05:56:57.843,0.26375082938258226,0.21050000000000013,0.42100000000000026,231.0,2.0,20875.0,14756.61141658206
2026-09-13 05:57:01.319,0.2644579361637688,0.21100000000000013,0.42200000000000026,231.0,2.0,20875.0,14756.61141658206
2026-09-13 05:57:01.343,0.2644579361637688,0.21100000000000013,0.42200000000000026,231.0,2.0,20875.0,14756.61141658206
2026-09-13 05:57:04.819,0.2644579361637688,0.21100000000000013,0.42200000000000026,231.0,2.0,20875.0,14756.61141658206
2026-09-13 05:57:04.843,0.2644579361637688,0.21100000000000013,0.42200000000000026,231.0,2.0,20875.0,14756.61141658206
2026-09-13 05:57:08.319,0.2644579361637688,0.21100000000000013,0.42200000000000026,231.0,2.0,20875.0,14756.61141658206
2026-09-13 05:57:08.343,0.2644579361637688,0.21100000000000013,0.42200000000000026,231.0,2.0,20875.0,14756.61141658206
2026-09-13 05:57:11.819,0.26375082938258226,0.21050000000000013,0.42100000000000026,231.0,2.0,20875.0,14756.61141658206
2026-09-13 05:57:11.843,0.26375082938258226,0.21050000000000013,0.42100000000000026,231.0,2.0,20875.0,14756.61141658206
2026-09-13 05:57:15.320,0.2644579361637688,0.21100000000000013,0.42200000000000026,231.0,2.0,20875.0,14756.61141658206
2026-09-13 05:57:15.343,0.26516504294495535,0.21050000000000013,0.42100000000000026,231.0,2.0,20875.0,14756.61141658206
2026-09-13 05:57:18.820,0.26516504294495535,0.21050000000000013,0.42100000000000026,231.0,2.0,20875.0,14756.61141658206
2026-09-13 05:57:18.843,0.26516504294495535,0.21050000000000013,0.42100000000000026,231.0,2.0,20875.0,14756.61141658206
2026-09-13 05:57:22.320,0.26516504294495535,0.21050000000000013,0.42100000000000026,231.0,2.0,20875.0,14756.61141658206
2026-09-13 05:57:22.343,0.26516504294495535,0.21050000000000013,0.42100000000000026,231.0,2.0,20875.0,14756.61141658206
2026-09-13 05:57:25.820,0.26516504294495535,0.21050000000000013,0.42100000000000026,231.0,2.0,20875.0,14756.61141658206
2026-09-13 05:57:25.843,0.26516504294495535,0.21050000000000013,0.42100000000000026,231.0,2.0,20875.0,14756.61141658206
2026-09-13 05:57:29.320,0.26516504294495535,0.21050000000000013,0.42100000000000026,231.0,2.0,20875.0,14756.61141658206
2026-09-13 05:57:29.343,0.26516504294495535,0.21050000000000013,0.42100000000000026,231.0,2.0,20875.0,14756.61141658206
2026-09-13 05:57:32.820,0.26516504294495535,0.21050000000000013,0.42100000000000026,231.0,2.0,20875.0,14756.61141658206
2026-09-13 05:57:32.844,0.2644579361637688,0.21100000000000013,0.42200000000000026,231.0,2.0,20875.0,14756.61141658206
2026-09-13 05:57:36.320,0.2644579361637688,0.21100000000000013,0.42200000000000026,231.0,2.0,20875.0,14756.61141658206
2026-09-13 05:57:36.344,0.2644579361637688,0.21100000000000013,0.42200000000000026,231.0,2.0,20875.0,14756.61141658206
2026-09-13 05:57:39.820,0.2644579361637688,0.21100000000000013,0.42200000000000026,231.0,2.0,20875.0,14756.61141658206
2026-09-13 05:57:39.844,0.2644579361637688,0.21100000000000013,0.42200000000000026,231.0,2.0,20875.0,14756.61141658206
2026-09-13 05:57:43.320,0.2644579361637688,0.21100000000000013,0.42200000000000026,231.0,2.0,20875.0,14756.61141658206
2026-09-13 05:57:43.344,0.2644579361637688,0.21100000000000013,0.42200000000000026,231.0,2.0,20875.0,14756.61141658206
2026-09-13 05:57:46.820,0.2644579361637688,0.21100000000000013,0.42200000000000026,231.0,2.0,20875.0,14756.61141658206
2026-09-13 05:57:46.844,0.2644579361637688,0.21100000000000013,0.42200000000000026,231.0,2.0,20875.0,14756.61141658206
2026-09-13 05:57:50.320,0.2644579361637688,0.21100000000000013,0.42200000000000026,231.0,2.0,20875.0,14756.61141658206
2026-09-13 05:57:50.344,0.2644579361637688,0.21100000000000013,0.42200000000000026,231.0,2.0,20875.0,14756.61141658206
2026-09-13 05:57:53.820,0.2644579361637688,0.21100000000000013,0.42200000000000026,231.0,2.0,20875.0,14756.61141658206
2026-09-13 05:57:53.844,0.2644579361637688,0.21100000000000013,0.42200000000000026,231.0,2.0,20875.0,14756.61141658206
2026-09-13 05:57:57.320,0.2644579361637688,0.21100000000000013,0.42200000000000026,231.0,2.0,20875.0,14756.61141658206
2026-09-13 05:57:57.344,0.2644579361637688,0.21100000000000013,0.42200000000000026,231.0,2.0,20875.0,14756.61141658206
2026-09-13 05:58:00.820,0.26375082938258226,0.21050000000000013,0.42100000000000026,231.0,2.0,20875.0,14756.61141658206
2026-09-13 05:58:00.844,0.26375082938258226,0.21050000000000013,0.42100000000000026,231.0,2.0,20875.0,14756.61141658206
2026-09-13 05:58:04.320,0.26375082938258226,0.21050000000000013,0.42100000000000026,231.0,2.0,20875.0,14756.61141658206
2026-09-13 05:58:04.344,0.26375082938258226,0.21050000000000013,0.42100000000000026,231.0,2.0,20875.0,14756.61141658206
2026-09-13 05:58:07.821,0.2644579361637688,0.21100000000000013,0.42200000000000026,231.0,2.0,20875.0,14756.61141658206
2026-09-13 05:58:07.844,0.26516504294495535,0.21050000000000013,0.42100000000000026,231.0,2.0,20875.0,14756.61141658206
2026-09-13 05:58:11.321,0.26516504294495535,0.21050000000000013,0.42100000000000026,231.0,2.0,20875.0,14756.61141658206
2026-09-13 05:58:11.344,0.26516504294495535,0.21050000000000013,0.42100000000000026,231.0,2.0,20875.0,14756.61141658206
2026-09-13 05:58:14.821,0.26516504294495535,0.21050000000000013,0.42100000000000026,231.0,2.0,20875.0,14756.61141658206
2026-09-13 05:58:14.844,0.26516504294495535,0.21050000000000013,0.42100000000000026,231.0,2.0,20875.0,14756.61141658206
2026-09-13 05:58:18.321,0.26516504294495535,0.21050000000000013,0.42100000000000026,231.0,2.0,20875.0,14756.61141658206
2026-09-13 05:58:18.344,0.26516504294495535,0.21050000000000013,0.42100000000000026,231.0,2.0,20875.0,14756.61141658206
2026-09-13 05:58:21.821,0.26516504294495535,0.21050000000000013,0.42100000000000026,231.0,2.0,20875.0,14756.61141658206
2026-09-13 05:58:21.845,0.2644579361637688,0.21100000000000013,0.42200000000000026,231.0,2.0,20875.0,14756.61141658206
2026-09-13 05:58:25.321,0.2644579361637688,0.21100000000000013,0.42200000000000026,231.0,2.0,20875.0,14756.61141658206
2026-09-13 05:58:25.345,0.2644579361637688,0.21100000000000013,0.42200000000000026,231.0,2.0,20875.0,14756.61141658206
2026-09-13 05:58:28.821,0.2644579361637688,0.21100000000000013,0.42200000000000026,231.0,2.0,20875.0,14756.61141658206
2026-09-13 05:58:28.845,0.2644579361637688,0.21100000000000013,0.42200000000000026,231.0,2.0,20875.0,14756.61141658206
2026-09-13 05:58:32.370,0.2644579361637688,0.21100000000000013,0.42200000000000026,231.0,2.0,20875.0,14756.61141658206
2026-09-13 05:58:32.394,0.2644579361637688,0.21100000000000013,0.42200000000000026,231.0,2.0,20875.0,14756.61141658206
2026-09-13 05:58:35.870,0.1831406563273158,0.1535000000000001,0.3070000000000002,231.0,2.0,20875.0,14756.61141658206
2026-09-13 05:58:35.894,0.1831406563273158,0.1535000000000001,0.3070000000000002,231.0,2.0,20875.0,14756.61141658206
2026-09-13 05:58:39.370,0.2644579361637688,0.21100000000000013,0.42200000000000026,231.0,2.0,20875.0,14756.61141658206
2026-09-13 05:58:39.394,0.2644579361637688,0.21100000000000013,0.42200000000000026,231.0,2.0,20875.0,14756.61141658206
2026-09-13 05:58:42.870,0.2644579361637688,0.21100000000000013,0.42200000000000026,231.0,2.0,20875.0,14756.61141658206
2026-09-13 05:58:42.894,0.2644579361637688,0.21100000000000013,0.42200000000000026,231.0,2.0,20875.0,14756.61141658206
2026-09-13 05:58:46.370,0.2644579361637688,0.21100000000000013,0.42200000000000026,231.0,2.0,20875.0,14756.61141658206
2026-09-13 05:58:46.394,0.2644579361637688,0.21100000000000013,0.42200000000000026,231.0,2.0,20875.0,14756.61141658206
2026-09-13 05:58:49.870,0.26375082938258226,0.21050000000000013,0.42100000000000026,231.0,2.0,20875.0,14756.61141658206
2026-09-13 05:58:49.894,0.26375082938258226,0.21050000000000013,0.42100000000000026,231.0,2.0,20875.0,14756.61141658206
2026-09-13 05:58:53.371,0.2644579361637688,0.21100000000000013,0.42200000000000026,231.0,2.0,20875.0,14756.61141658206
2026-09-13 05:58:53.394,0.26516504294495535,0.21050000000000013,0.42100000000000026,231.0,2.0,20875.0,14756.61141658206
2026-09-13 05:58:56.871,0.26516504294495535,0.21050000000000013,0.42100000000000026,231.0,2.0,20875.0,14756.61141658206
2026-09-13 05:58:56.894,0.26516504294495535,0.21050000000000013,0.42100000000000026,231.0,2.0,20875.0,14756.61141658206
2026-09-13 05:59:00.371,0.26516504294495535,0.21050000000000013,0.42100000000000026,231.0,2.0,20875.0,14756.61141658206
2026-09-13 05:59:00.394,0.26516504294495535,0.21050000000000013,0.42100000000000026,231.0,2.0,20875.0,14756.61141658206
2026-09-13 05:59:03.871,0.26516504294495535,0.21050000000000013,0.42100000000000026,231.0,2.0,20875.0,14756.61141658206
2026-09-13 05:59:03.895,0.2644579361637688,0.21100000000000013,0.42200000000000026,231.0,2.0,20875.0,14756.61141658206
2026-09-13 05:59:07.371,0.2644579361637688,0.21100000000000013,0.42200000000000026,231.0,2.0,20875.0,14756.61141658206
2026-09-13 05:59:07.395,0.2644579361637688,0.21100000000000013,0.42200000000000026,231.0,2.0,20875.0,14756.61141658206
2026-09-13 05:59:10.871,0.2644579361637688,0.21100000000000013,0.42200000000000026,231.0,2.0,20875.0,14756.61141658206
2026-09-13 05:59:10.895,0.2644579361637688,0.21100000000000013,0.42200000000000026,231.0,2.0,20875.0,14756.61141658206
2026-09-13 05:59:14.371,0.1887975105768082,0.1575000000000001,0.3150000000000002,231.0,2.0,20875.0,14756.61141658206
2026-09-13 05:59:14.395,0.1887975105768082,0.1575000000000001,0.3150000000000002,231.0,2.0,20875.0,14756.61141658206
2026-09-13 05:59:17.871,0.26375082938258226,0.21050000000000013,0.42100000000000026,231.0,2.0,20875.0,14756.61141658206
2026-09-13 05:59:17.895,0.26375082938258226,0.21050000000000013,0.42100000000000026,231.0,2.0,20875.0,14756.61141658206
2026-09-13 05:59:21.372,0.26516504294495535,0.21150000000000013,0.42300000000000026,231.0,2.0,20875.0,14756.61141658206
2026-09-13 05:59:21.395,0.26587214972614187,0.21100000000000013,0.42200000000000026,231.0,2.0,20875.0,14756.61141658206
2026-09-13 05:59:24.872,0.26516504294495535,0.21050000000000013,0.42100000000000026,231.0,2.0,20875.0,14756.61141658206
2026-09-13 05:59:24.895,0.26516504294495535,0.21050000000000013,0.42100000000000026,231.0,2.0,20875.0,14756.61141658206
2026-09-13 05:59:28.372,0.26516504294495535,0.21050000000000013,0.42100000000000026,231.0,2.0,20875.0,14756.61141658206
2026-09-13 05:59:28.395,0.26516504294495535,0.21050000000000013,0.42100000000000026,231.0,2.0,20875.0,14756.61141658206
2026-09-13 05:59:31.872,0.26516504294495535,0.21050000000000013,0.42100000000000026,231.0,2.0,20875.0,14756.61141658206
2026-09-13 05:59:31.895,0.26516504294495535,0.21050000000000013,0.42100000000000026,231.0,2.0,20875.0,14756.61141658206
2026-09-13 05:59:35.372,0.26516504294495535,0.21050000000000013,0.42100000000000026,231.0,2.0,20875.0,14756.61141658206
2026-09-13 05:59:35.396,0.2644579361637688,0.21100000000000013,0.42200000000000026,231.0,2.0,20875.0,14756.61141658206
2026-09-13 05:59:38.872,0.2644579361637688,0.21100000000000013,0.42200000000000026,231.0,2.0,20875.0,14756.61141658206
2026-09-13 05:59:38.896,0.2644579361637688,0.21100000000000013,0.42200000000000026,231.0,2.0,20875.0,14756.61141658206
2026-09-13 05:59:42.372,0.2644579361637688,0.21100000000000013,0.42200000000000026,231.0,2.0,20875.0,14756.61141658206
2026-09-13 05:59:42.396,0.2644579361637688,0.21100000000000013,0.42200000000000026,231.0,2.0,20875.0,14756.61141658206
2026-09-13 05:59:45.872,0.2644579361637688,0.21100000000000013,0.42200000000000026,231.0,2.0,20875.0,14756.61141658206
2026-09-13 05:59:45.896,0.2644579361637688,0.21100000000000013,0.42200000000000026,231.0,2.0,20875.0,14756.61141658206
2026-09-13 05:59:49.372,0.2644579361637688,0.21100000000000013,0.42200000000000026,231.0,2.0,20875.0,14756.61141658206
2026-09-13 05:59:49.396,0.2644579361637688,0.21100000000000013,0.42200000000000026,231.0,2.0,20875.0,14756.61141658206
2026-09-13 05:59:52.872,0.26375082938258226,0.21050000000000013,0.42100000000000026,231.0,2.0,20875.0,14756.61141658206
2026-09-13 05:59:52.896,0.26375082938258226,0.21050000000000013,0.42100000000000026,231.0,2.0,20875.0,14756.61141658206
2026-09-13 05:59:56.373,0.2644579361637688,0.21100000000000013,0.42200000000000026,231.0,2.0,20875.0,14756.61141658206
2026-09-13 05:59:56.396,0.26516504294495535,0.21050000000000013,0.42100000000000026,231.0,2.0,20875.0,14756.61141658206
2026-09-13 05:59:59.873,0.26516504294495535,0.21050000000000013,0.42100000000000026,231.0,2.0,20875.0,14756.61141658206
2026-09-13 05:59:59.896,0.26516504294495535,0.21050000000000013,0.42100000000000026,231.0,2.0,20875.0,14756.61141658206
2026-09-13 06:00:03.373,0.26516504294495535,0.21050000000000013,0.42100000000000026,231.0,2.0,20875.0,14756.61141658206
2026-09-13 06:00:03.397,0.2644579361637688,0.21100000000000013,0.42200000000000026,231.0,2.0,20875.0,14756.61141658206
2026-09-13 06:00:06.873,0.2644579361637688,0.21100000000000013,0.42200000000000026,231.0,2.0,20875.0,14756.61141658206
2026-09-13 06:00:06.896,0.26516504294495535,0.21050000000000013,0.42100000000000026,231.0,2.0,20875.0,14756.61141658206
2026-09-13 06:00:10.373,0.26516504294495535,0.21050000000000013,0.42100000000000026,231.0,2.0,20875.0,14756.61141658206
2026-09-13 06:00:10.397,0.2644579361637688,0.21100000000000013,0.42200000000000026,231.0,2.0,20875.0,14756.61141658206
2026-09-13 06:00:13.873,0.2644579361637688,0.21100000000000013,0.42200000000000026,231.0,2.0,20875.0,14756.61141658206
2026-09-13 06:00:13.897,0.2644579361637688,0.21100000000000013,0.42200000000000026,231.0,2.0,20875.0,14756.61141658206
2026-09-13 06:00:17.373,0.2644579361637688,0.21100000000000013,0.42200000000000026,231.0,2.0,20875.0,14756.61141658206
2026-09-13 06:00:17.397,0.2644579361637688,0.21100000000000013,0.42200000000000026,231.0,2.0,20875.0,14756.61141658206
2026-09-13 06:00:20.873,0.2644579361637688,0.21100000000000013,0.42200000000000026,231.0,2.0,20875.0,14756.61141658206
2026-09-13 06:00:20.897,0.2644579361637688,0.21100000000000013,0.42200000000000026,231.0,2.0,20875.0,14756.61141658206
2026-09-13 06:00:24.374,0.26516504294495535,0.21150000000000013,0.42300000000000026,231.0,2.0,20875.0,14756.61141658206
2026-09-13 06:00:24.397,0.26587214972614187,0.21100000000000013,0.42200000000000026,231.0,2.0,20875.0,14756.61141658206
2026-09-13 06:00:27.874,0.26516504294495535,0.21050000000000013,0.42100000000000026,231.0,2.0,20875.0,14756.61141658206
2026-09-13 06:00:27.897,0.26516504294495535,0.21050000000000013,0.42100000000000026,231.0,2.0,20875.0,14756.61141658206
2026-09-13 06:00:31.374,0.26516504294495535,0.21050000000000013,0.42100000000000026,231.0,2.0,20875.0,14756.61141658206
2026-09-13 06:00:31.397,0.26516504294495535,0.21050000000000013,0.42100000000000026,231.0,2.0,20875.0,14756.61141658206
2026-09-13 06:00:34.874,0.26516504294495535,0.21050000000000013,0.42100000000000026,231.0,2.0,20875.0,14756.61141658206
2026-09-13 06:00:34.897,0.26516504294495535,0.21050000000000013,0.42100000000000026,231.0,2.0,20875.0,14756.61141658206
2026-09-13 06:00:38.374,0.26516504294495535,0.21050000000000013,0.42100000000000026,231.0,2.0,20875.0,14756.61141658206
2026-09-13 06:00:38.397,0.26516504294495535,0.21050000000000013,0.42100000000000026,231.0,2.0,20875.0,14756.61141658206
2026-09-13 06:00:41.874,0.26516504294495535,0.21050000000000013,0.42100000000000026,231.0,2.0,20875.0,14756.61141658206
2026-09-13 06:00:41.898,0.2644579361637688,0.21100000000000013,0.42200000000000026,231.0,2.0,20875.0,14756.61141658206
2026-09-13 06:00:45.374,0.2644579361637688,0.21100000000000013,0.42200000000000026,231.0,2.0,20875.0,14756.61141658206
2026-09-13 06:00:45.398,0.2644579361637688,0.21100000000000013,0.42200000000000026,231.0,2.0,20875.0,14756.61141658206
2026-09-13 06:00:48.874,0.2644579361637688,0.21100000000000013,0.42200000000000026,231.0,2.0,20875.0,14756.61141658206
2026-09-13 06:00:48.898,0.2644579361637688,0.21100000000000013,0.42200000000000026,231.0,2.0,20875.0,14756.61141658206
2026-09-13 06:00:52.374,0.2644579361637688,0.21100000000000013,0.42200000000000026,231.0,2.0,20875.0,14756.61141658206
2026-09-13 06:00:52.398,0.2644579361637688,0.21100000000000013,0.42200000000000026,231.0,2.0,20875.0,14756.61141658206
2026-09-13 06:00:55.874,0.26375082938258226,0.21050000000000013,0.42100000000000026,231.0,2.0,20875.0,14756.61141658206
2026-09-13 06:00:55.898,0.26375082938258226,0.21050000000000013,0.42100000000000026,231.0,2.0,20875.0,14756.61141658206
2026-09-13 06:00:59.375,0.08414570696119915,0.0835000000000001,0.1670000000000002,231.0,2.0,20875.0,14756.61141658206
2026-09-13 06:00:59.400,0.0834386001800126,0.0840000000000001,0.1680000000000002,231.0,2.0,20875.0,14756.61141658206
2026-09-13 06:01:02.875,0.26375082938258226,0.21150000000000013,0.42300000000000026,231.0,2.0,20875.0,14756.61141658206
2026-09-13 06:01:02.898,0.26516504294495535,0.21050000000000013,0.42100000000000026,231.0,2.0,20875.0,14756.61141658206
2026-09-13 06:01:06.375,0.26516504294495535,0.21050000000000013,0.42100000000000026,231.0,2.0,20875.0,14756.61141658206
2026-09-13 06:01:06.398,0.26516504294495535,0.21050000000000013,0.42100000000000026,231.0,2.0,20875.0,14756.61141658206
2026-09-13 06:01:09.875,0.26516504294495535,0.21050000000000013,0.42100000000000026,231.0,2.0,20875.0,14756.61141658206
2026-09-13 06:01:09.898,0.26516504294495535,0.21050000000000013,0.42100000000000026,231.0,2.0,20875.0,14756.61141658206
2026-09-13 06:01:13.375,0.26516504294495535,0.21050000000000013,0.42100000000000026,231.0,2.0,20875.0,14756.61141658206
2026-09-13 06:01:13.398,0.26516504294495535,0.21050000000000013,0.42100000000000026,231.0,2.0,20875.0,14756.61141658206
2026-09-13 06:01:16.875,0.26516504294495535,0.21050000000000013,0.42100000000000026,231.0,2.0,20875.0,14756.61141658206
2026-09-13 06:01:16.899,0.2644579361637688,0.21100000000000013,0.42200000000000026,231.0,2.0,20875.0,14756.61141658206
2026-09-13 06:01:20.375,0.028991378028648453,0.04450000000000011,0.08900000000000022,231.0,2.0,20875.0,14756.61141658206
2026-09-13 06:01:20.399,0.028991378028648446,0.04450000000000011,0.08900000000000022,231.0,2.0,20875.0,14756.61141658206
2026-09-13 06:01:23.875,0.2644579361637688,0.21100000000000013,0.42200000000000026,231.0,2.0,20875.0,14756.61141658206
2026-09-13 06:01:23.899,0.2644579361637688,0.21100000000000013,0.42200000000000026,231.0,2.0,20875.0,14756.61141658206
2026-09-13 06:01:27.375,0.2644579361637688,0.21100000000000013,0.42200000000000026,231.0,2.0,20875.0,14756.61141658206
2026-09-13 06:01:27.399,0.2644579361637688,0.21100000000000013,0.42200000000000026,231.0,2.0,20875.0,14756.61141658206
2026-09-13 06:01:30.876,0.26516504294495535,0.21150000000000013,0.42300000000000026,231.0,2.0,20875.0,14756.61141658206
2026-09-13 06:01:30.899,0.26587214972614187,0.21100000000000013,0.42200000000000026,231.0,2.0,20875.0,14756.61141658206
2026-09-13 06:01:34.376,0.26516504294495535,0.21050000000000013,0.42100000000000026,231.0,2.0,20875.0,14756.61141658206
2026-09-13 06:01:34.399,0.26516504294495535,0.21050000000000013,0.42100000000000026,231.0,2.0,20875.0,14756.61141658206
2026-09-13 06:01:37.876,0.26516504294495535,0.21050000000000013,0.42100000000000026,231.0,2.0,20875.0,14756.61141658206
2026-09-13 06:01:37.899,0.26516504294495535,0.21050000000000013,0.42100000000000026,231.0,2.0,20875.0,14756.61141658206
2026-09-13 06:01:41.376,0.26516504294495535,0.21050000000000013,0.42100000000000026,231.0,2.0,20875.0,14756.61141658206
2026-09-13 06:01:41.399,0.26516504294495535,0.21050000000000013,0.42100000000000026,231.0,2.0,20875.0,14756.61141658206
2026-09-13 06:01:44.876,0.26516504294495535,0.21050000000000013,0.42100000000000026,231.0,2.0,20875.0,14756.61141658206
2026-09-13 06:01:44.900,0.2644579361637688,0.21100000000000013,0.42200000000000026,231.0,2.0,20875.0,14756.61141658206
2026-09-13 06:01:48.376,0.2644579361637688,0.21100000000000013,0.42200000000000026,231.0,2.0,20875.0,14756.61141658206
2026-09-13 06:01:48.400,0.2644579361637688,0.21100000000000013,0.42200000000000026,231.0,2.0,20875.0,14756.61141658206
2026-09-13 06:01:51.876,0.2644579361637688,0.21100000000000013,0.42200000000000026,231.0,2.0,20875.0,14756.61141658206
2026-09-13 06:01:51.900,0.2644579361637688,0.21100000000000013,0.42200000000000026,231.0,2.0,20875.0,14756.61141658206
2026-09-13 06:01:55.376,0.2644579361637688,0.21100000000000013,0.42200000000000026,231.0,2.0,20875.0,14756.61141658206
2026-09-13 06:01:55.400,0.2644579361637688,0.21100000000000013,0.42200000000000026,231.0,2.0,20875.0,14756.61141658206
2026-09-13 06:01:58.876,0.26375082938258226,0.21050000000000013,0.42100000000000026,231.0,2.0,20875.0,14756.61141658206
2026-09-13 06:01:58.900,0.26375082938258226,0.21050000000000013,0.42100000000000026,231.0,2.0,20875.0,14756.61141658206
2026-09-13 06:02:02.376,0.2644579361637688,0.21100000000000013,0.42200000000000026,231.0,2.0,20875.0,14756.61141658206
2026-09-13 06:02:02.400,0.2644579361637688,0.21100000000000013,0.42200000000000026,231.0,2.0,20875.0,14756.61141658206
2026-09-13 06:02:05.877,0.2644579361637688,0.21100000000000013,0.42200000000000026,231.0,2.0,20875.0,14756.61141658206
2026-09-13 06:02:05.900,0.26516504294495535,0.21050000000000013,0.42100000000000026,231.0,2.0,20875.0,14756.61141658206
2026-09-13 06:02:09.377,0.26516504294495535,0.21050000000000013,0.42100000000000026,231.0,2.0,20875.0,14756.61141658206
2026-09-13 06:02:09.400,0.26516504294495535,0.21050000000000013,0.42100000000000026,231.0,2.0,20875.0,14756.61141658206
2026-09-13 06:02:12.877,0.26516504294495535,0.21050000000000013,0.42100000000000026,231.0,2.0,20875.0,14756.61141658206
2026-09-13 06:02:12.900,0.26516504294495535,0.21050000000000013,0.42100000000000026,231.0,2.0,20875.0,14756.61141658206
2026-09-13 06:02:16.377,0.26516504294495535,0.21050000000000013,0.42100000000000026,231.0,2.0,20875.0,14756.61141658206
2026-09-13 06:02:16.400,0.26516504294495535,0.21050000000000013,0.42100000000000026,231.0,2.0,20875.0,14756.61141658206
2026-09-13 06:02:19.877,0.21071782079359117,0.17200000000000013,0.34400000000000025,231.0,2.0,20875.0,14756.61141658206
2026-09-13 06:02:19.900,0.21071782079359117,0.17200000000000013,0.34400000000000025,231.0,2.0,20875.0,14756.61141658206
2026-09-13 06:02:23.377,0.26516504294495535,0.21050000000000013,0.42100000000000026,231.0,2.0,20875.0,14756.61141658206
2026-09-13 06:02:23.401,0.2644579361637688,0.21100000000000013,0.42200000000000026,231.0,2.0,20875.0,14756.61141658206
2026-09-13 06:02:26.877,0.2644579361637688,0.21100000000000013,0.42200000000000026,231.0,2.0,20875.0,14756.61141658206
2026-09-13 06:02:26.901,0.2644579361637688,0.21100000000000013,0.42200000000000026,231.0,2.0,20875.0,14756.61141658206
2026-09-13 06:02:30.377,0.2644579361637688,0.21100000000000013,0.42200000000000026,231.0,2.0,20875.0,14756.61141658206
2026-09-13 06:02:30.401,0.2644579361637688,0.21100000000000013,0.42200000000000026,231.0,2.0,20875.0,14756.61141658206
2026-09-13 06:02:33.877,0.2644579361637688,0.21100000000000013,0.42200000000000026,231.0,2.0,20875.0,14756.61141658206
2026-09-13 06:02:33.901,0.2644579361637688,0.21100000000000013,0.42200000000000026,231.0,2.0,20875.0,14756.61141658206
2026-09-13 06:02:37.377,0.26375082938258226,0.21050000000000013,0.42100000000000026,231.0,2.0,20875.0,14756.61141658206
2026-09-13 06:02:37.401,0.26375082938258226,0.21050000000000013,0.42100000000000026,231.0,2.0,20875.0,14756.61141658206
2026-09-13 06:02:40.878,0.0714177848998413,0.07450000000000011,0.14900000000000022,231.0,2.0,20875.0,14756.61141658206
2026-09-13 06:02:40.901,0.07212489168102784,0.07400000000000011,0.14800000000000021,231.0,2.0,20875.0,14756.61141658206
2026-09-13 06:02:44.378,0.26516504294495535,0.21050000000000013,0.42100000000000026,231.0,2.0,20875.0,14756.61141658206
2026-09-13 06:02:44.401,0.26516504294495535,0.21050000000000013,0.42100000000000026,231.0,2.0,20875.0,14756.61141658206
2026-09-13 06:02:47.878,0.26516504294495535,0.21050000000000013,0.42100000000000026,231.0,2.0,20875.0,14756.61141658206
2026-09-13 06:02:47.901,0.26516504294495535,0.21050000000000013,0.42100000000000026,231.0,2.0,20875.0,14756.61141658206
2026-09-13 06:02:51.378,0.26516504294495535,0.21050000000000013,0.42100000000000026,231.0,2.0,20875.0,14756.61141658206
2026-09-13 06:02:51.401,0.26516504294495535,0.21050000000000013,0.42100000000000026,231.0,2.0,20875.0,14756.61141658206
2026-09-13 06:02:54.878,0.26516504294495535,0.21050000000000013,0.42100000000000026,231.0,2.0,20875.0,14756.61141658206
2026-09-13 06:02:54.901,0.26516504294495535,0.21050000000000013,0.42100000000000026,231.0,2.0,20875.0,14756.61141658206
2026-09-13 06:02:59.103,0.7778174593052023,0.5730000000000002,1.1460000000000004,231.0,2.0,20875.0,14756.61141658206
2026-09-13 06:02:59.127,0.7771103525240157,0.5735000000000001,1.1470000000000002,231.0,2.0,20875.0,14756.61141658206
2026-09-13 06:03:02.150,0.2644579361637688,0.21100000000000013,0.42200000000000026,231.0,2.0,20875.0,14756.61141658206
2026-09-13 06:03:02.174,0.2644579361637688,0.21100000000000013,0.42200000000000026,231.0,2.0,20875.0,14756.61141658206
2026-09-13 06:03:05.650,0.2644579361637688,0.21100000000000013,0.42200000000000026,231.0,2.0,20875.0,14756.61141658206
2026-09-13 06:03:05.674,0.2644579361637688,0.21100000000000013,0.42200000000000026,231.0,2.0,20875.0,14756.61141658206
2026-09-13 06:03:09.150,0.2644579361637688,0.21100000000000013,0.42200000000000026,231.0,2.0,20875.0,14756.61141658206
2026-09-13 06:03:09.174,0.2644579361637688,0.21100000000000013,0.42200000000000026,231.0,2.0,20875.0,14756.61141658206
2026-09-13 06:03:12.650,0.26375082938258226,0.21050000000000013,0.42100000000000026,231.0,2.0,20875.0,14756.61141658206
2026-09-13 06:03:12.674,0.26375082938258226,0.21050000000000013,0.42100000000000026,231.0,2.0,20875.0,14756.61141658206
2026-09-13 06:03:16.151,0.2644579361637688,0.21100000000000013,0.42200000000000026,231.0,2.0,20875.0,14756.61141658206
2026-09-13 06:03:16.174,0.26516504294495535,0.21050000000000013,0.42100000000000026,231.0,2.0,20875.0,14756.61141658206
2026-09-13 06:03:19.651,0.26516504294495535,0.21050000000000013,0.42100000000000026,231.0,2.0,20875.0,14756.61141658206
2026-09-13 06:03:19.674,0.26516504294495535,0.21050000000000013,0.42100000000000026,231.0,2.0,20875.0,14756.61141658206
2026-09-13 06:03:27.160,0.26516504294495535,0.21050000000000013,0.42100000000000026,231.0,2.0,20875.0,14756.61141658206
2026-09-13 06:03:27.184,0.2644579361637688,0.21100000000000013,0.42200000000000026,231.0,2.0,20875.0,14756.61141658206
2026-09-13 06:03:30.660,0.2644579361637688,0.21100000000000013,0.42200000000000026,231.0,2.0,20875.0,14756.61141658206
2026-09-13 06:03:30.684,0.2644579361637688,0.21100000000000013,0.42200000000000026,231.0,2.0,20875.0,14756.61141658206
2026-09-13 06:03:34.160,0.2644579361637688,0.21100000000000013,0.42200000000000026,231.0,2.0,20875.0,14756.61141658206
2026-09-13 06:03:34.184,0.2644579361637688,0.21100000000000013,0.42200000000000026,231.0,2.0,20875.0,14756.61141658206
2026-09-13 06:03:37.660,0.2644579361637688,0.21100000000000013,0.42200000000000026,231.0,2.0,20875.0,14756.61141658206
2026-09-13 06:03:37.684,0.2644579361637688,0.21100000000000013,0.42200000000000026,231.0,2.0,20875.0,14756.61141658206
2026-09-13 06:03:41.160,0.2213244225113894,0.18050000000000013,0.36100000000000027,231.0,2.0,20875.0,14756.61141658206
2026-09-13 06:03:41.184,0.2213244225113894,0.18050000000000013,0.36100000000000027,231.0,2.0,20875.0,14756.61141658206
2026-09-13 06:03:44.660,0.26375082938258226,0.21050000000000013,0.42100000000000026,231.0,2.0,20875.0,14756.61141658206
2026-09-13 06:03:44.684,0.26375082938258226,0.21050000000000013,0.42100000000000026,231.0,2.0,20875.0,14756.61141658206
2026-09-13 06:03:48.160,0.2644579361637688,0.21100000000000013,0.42200000000000026,231.0,2.0,20875.0,14756.61141658206
2026-09-13 06:03:48.184,0.2644579361637688,0.21100000000000013,0.42200000000000026,231.0,2.0,20875.0,14756.61141658206
2026-09-13 06:03:51.661,0.2644579361637688,0.21100000000000013,0.42200000000000026,231.0,2.0,20875.0,14756.61141658206
2026-09-13 06:03:51.684,0.26516504294495535,0.21050000000000013,0.42100000000000026,231.0,2.0,20875.0,14756.61141658206
2026-09-13 06:03:55.161,0.26516504294495535,0.21050000000000013,0.42100000000000026,231.0,2.0,20875.0,14756.61141658206
2026-09-13 06:03:55.184,0.26516504294495535,0.21050000000000013,0.42100000000000026,231.0,2.0,20875.0,14756.61141658206
2026-09-13 06:03:58.661,0.26516504294495535,0.21050000000000013,0.42100000000000026,231.0,2.0,20875.0,14756.61141658206
2026-09-13 06:03:58.684,0.26516504294495535,0.21050000000000013,0.42100000000000026,231.0,2.0,20875.0,14756.61141658206
2026-09-13 06:04:02.161,0.26516504294495535,0.21050000000000013,0.42100000000000026,231.0,2.0,20875.0,14756.61141658206
2026-09-13 06:04:02.184,0.26516504294495535,0.21050000000000013,0.42100000000000026,231.0,2.0,20875.0,14756.61141658206
2026-09-13 06:04:05.661,0.13435028842544403,0.1180000000000001,0.2360000000000002,231.0,2.0,20875.0,14756.61141658206
2026-09-13 06:04:05.684,0.13435028842544403,0.1180000000000001,0.2360000000000002,231.0,2.0,20875.0,14756.61141658206
2026-09-13 06:04:09.161,0.26516504294495535,0.21050000000000013,0.42100000000000026,231.0,2.0,20875.0,14756.61141658206
2026-09-13 06:04:09.185,0.2644579361637688,0.21100000000000013,0.42200000000000026,231.0,2.0,20875.0,14756.61141658206
2026-09-13 06:04:12.661,0.2644579361637688,0.21100000000000013,0.42200000000000026,231.0,2.0,20875.0,14756.61141658206
2026-09-13 06:04:12.685,0.2644579361637688,0.21100000000000013,0.42200000000000026,231.0,2.0,20875.0,14756.61141658206
2026-09-13 06:04:16.161,0.2644579361637688,0.21100000000000013,0.42200000000000026,231.0,2.0,20875.0,14756.61141658206
2026-09-13 06:04:16.185,0.2644579361637688,0.21100000000000013,0.42200000000000026,231.0,2.0,20875.0,14756.61141658206
2026-09-13 06:04:19.661,0.2644579361637688,0.21100000000000013,0.42200000000000026,231.0,2.0,20875.0,14756.61141658206
2026-09-13 06:04:19.685,0.2644579361637688,0.21100000000000013,0.42200000000000026,231.0,2.0,20875.0,14756.61141658206
2026-09-13 06:04:23.161,0.11808683245815343,0.10750000000000011,0.21500000000000022,231.0,2.0,20875.0,14756.61141658206
2026-09-13 06:04:23.185,0.11808683245815343,0.10750000000000011,0.21500000000000022,231.0,2.0,20875.0,14756.61141658206
2026-09-13 06:04:26.661,0.26375082938258226,0.21050000000000013,0.42100000000000026,231.0,2.0,20875.0,14756.61141658206
2026-09-13 06:04:26.685,0.26375082938258226,0.21050000000000013,0.42100000000000026,231.0,2.0,20875.0,14756.61141658206
2026-09-13 06:04:30.162,0.2644579361637688,0.21100000000000013,0.42200000000000026,231.0,2.0,20875.0,14756.61141658206
2026-09-13 06:04:30.185,0.26516504294495535,0.21050000000000013,0.42100000000000026,231.0,2.0,20875.0,14756.61141658206
2026-09-13 06:04:33.662,0.26516504294495535,0.21050000000000013,0.42100000000000026,231.0,2.0,20875.0,14756.61141658206
2026-09-13 06:04:33.685,0.26516504294495535,0.21050000000000013,0.42100000000000026,231.0,2.0,20875.0,14756.61141658206
2026-09-13 06:04:37.162,0.26516504294495535,0.21050000000000013,0.42100000000000026,231.0,2.0,20875.0,14756.61141658206
2026-09-13 06:04:37.185,0.26516504294495535,0.21050000000000013,0.42100000000000026,231.0,2.0,20875.0,14756.61141658206
2026-09-13 06:04:40.662,0.26516504294495535,0.21050000000000013,0.42100000000000026,231.0,2.0,20875.0,14756.61141658206
2026-09-13 06:04:40.685,0.26516504294495535,0.21050000000000013,0.42100000000000026,231.0,2.0,20875.0,14756.61141658206
2026-09-13 06:04:44.162,0.26516504294495535,0.21050000000000013,0.42100000000000026,231.0,2.0,20875.0,14756.61141658206
2026-09-13 06:04:44.186,0.2644579361637688,0.21100000000000013,0.42200000000000026,231.0,2.0,20875.0,14756.61141658206
2026-09-13 06:04:47.662,0.2644579361637688,0.21100000000000013,0.42200000000000026,231.0,2.0,20875.0,14756.61141658206
2026-09-13 06:04:47.686,0.2644579361637688,0.21100000000000013,0.42200000000000026,231.0,2.0,20875.0,14756.61141658206
2026-09-13 06:04:51.162,0.2644579361637688,0.21100000000000013,0.42200000000000026,231.0,2.0,20875.0,14756.61141658206
2026-09-13 06:04:51.186,0.2644579361637688,0.21100000000000013,0.42200000000000026,231.0,2.0,20875.0,14756.61141658206
2026-09-13 06:04:54.662,0.2644579361637688,0.21100000000000013,0.42200000000000026,231.0,2.0,20875.0,14756.61141658206
2026-09-13 06:04:54.686,0.2644579361637688,0.21100000000000013,0.42200000000000026,231.0,2.0,20875.0,14756.61141658206
2026-09-13 06:04:58.162,0.2644579361637688,0.21100000000000013,0.42200000000000026,231.0,2.0,20875.0,14756.61141658206
2026-09-13 06:04:58.186,0.2644579361637688,0.21100000000000013,0.42200000000000026,231.0,2.0,20875.0,14756.61141658206
2026-09-13 06:05:01.662,0.2644579361637688,0.21100000000000013,0.42200000000000026,231.0,2.0,20875.0,14756.61141658206
2026-09-13 06:05:01.686,0.2644579361637688,0.21100000000000013,0.42200000000000026,231.0,2.0,20875.0,14756.61141658206
2026-09-13 06:05:05.163,0.2644579361637688,0.21100000000000013,0.42200000000000026,231.0,2.0,20875.0,14756.61141658206
2026-09-13 06:05:05.186,0.26516504294495535,0.21050000000000013,0.42100000000000026,231.0,2.0,20875.0,14756.61141658206
2026-09-13 06:05:08.663,0.26516504294495535,0.21050000000000013,0.42100000000000026,231.0,2.0,20875.0,14756.61141658206
2026-09-13 06:05:08.686,0.26516504294495535,0.21050000000000013,0.42100000000000026,231.0,2.0,20875.0,14756.61141658206
2026-09-13 06:05:12.163,0.26516504294495535,0.21050000000000013,0.42100000000000026,231.0,2.0,20875.0,14756.61141658206
2026-09-13 06:05:12.186,0.26516504294495535,0.21050000000000013,0.42100000000000026,231.0,2.0,20875.0,14756.61141658206
2026-09-13 06:05:15.663,0.26516504294495535,0.21050000000000013,0.42100000000000026,231.0,2.0,20875.0,14756.61141658206
2026-09-13 06:05:15.686,0.26516504294495535,0.21050000000000013,0.42100000000000026,231.0,2.0,20875.0,14756.61141658206
2026-09-13 06:05:19.163,0.10606601717798211,0.0980000000000001,0.1960000000000002,231.0,2.0,20875.0,14756.61141658206
2026-09-13 06:05:19.188,0.10465180361560901,0.0990000000000001,0.1980000000000002,231.0,2.0,20875.0,14756.61141658206
2026-09-13 06:05:22.663,0.26375082938258226,0.21150000000000013,0.42300000000000026,231.0,2.0,20875.0,14756.61141658206
2026-09-13 06:05:22.687,0.2644579361637688,0.21100000000000013,0.42200000000000026,231.0,2.0,20875.0,14756.61141658206
2026-09-13 06:05:26.163,0.2644579361637688,0.21100000000000013,0.42200000000000026,231.0,2.0,20875.0,14756.61141658206
2026-09-13 06:05:26.187,0.2644579361637688,0.21100000000000013,0.42200000000000026,231.0,2.0,20875.0,14756.61141658206
2026-09-13 06:05:29.663,0.2644579361637688,0.21100000000000013,0.42200000000000026,231.0,2.0,20875.0,14756.61141658206
2026-09-13 06:05:29.687,0.2644579361637688,0.21100000000000013,0.42200000000000026,231.0,2.0,20875.0,14756.61141658206
2026-09-13 06:05:33.163,0.2644579361637688,0.21100000000000013,0.42200000000000026,231.0,2.0,20875.0,14756.61141658206
2026-09-13 06:05:33.187,0.2644579361637688,0.21100000000000013,0.42200000000000026,231.0,2.0,20875.0,14756.61141658206
2026-09-13 06:05:36.663,0.2644579361637688,0.21100000000000013,0.42200000000000026,231.0,2.0,20875.0,14756.61141658206
2026-09-13 06:05:36.687,0.2644579361637688,0.21100000000000013,0.42200000000000026,231.0,2.0,20875.0,14756.61141658206
2026-09-13 06:05:40.163,0.2644579361637688,0.21100000000000013,0.42200000000000026,231.0,2.0,20875.0,14756.61141658206
2026-09-13 06:05:40.187,0.2644579361637688,0.21100000000000013,0.42200000000000026,231.0,2.0,20875.0,14756.61141658206
2026-09-13 06:05:43.664,0.2644579361637688,0.21100000000000013,0.42200000000000026,231.0,2.0,20875.0,14756.61141658206
2026-09-13 06:05:43.687,0.26516504294495535,0.21050000000000013,0.42100000000000026,231.0,2.0,20875.0,14756.61141658206
2026-09-13 06:05:47.164,0.26516504294495535,0.21050000000000013,0.42100000000000026,231.0,2.0,20875.0,14756.61141658206
2026-09-13 06:05:47.187,0.26516504294495535,0.21050000000000013,0.42100000000000026,231.0,2.0,20875.0,14756.61141658206
2026-09-13 06:05:50.664,0.26516504294495535,0.21050000000000013,0.42100000000000026,231.0,2.0,20875.0,14756.61141658206
2026-09-13 06:05:50.687,0.26516504294495535,0.21050000000000013,0.42100000000000026,231.0,2.0,20875.0,14756.61141658206
2026-09-13 06:05:54.164,0.26516504294495535,0.21050000000000013,0.42100000000000026,231.0,2.0,20875.0,14756.61141658206
2026-09-13 06:05:54.187,0.26516504294495535,0.21050000000000013,0.42100000000000026,231.0,2.0,20875.0,14756.61141658206
2026-09-13 06:05:57.664,0.26516504294495535,0.21050000000000013,0.42100000000000026,231.0,2.0,20875.0,14756.61141658206
2026-09-13 06:05:57.687,0.26516504294495535,0.21050000000000013,0.42100000000000026,231.0,2.0,20875.0,14756.61141658206
2026-09-13 06:06:01.164,0.26516504294495535,0.21050000000000013,0.42100000000000026,231.0,2.0,20875.0,14756.61141658206
2026-09-13 06:06:01.188,0.2644579361637688,0.21100000000000013,0.42200000000000026,231.0,2.0,20875.0,14756.61141658206
2026-09-13 06:06:04.664,0.2644579361637688,0.21100000000000013,0.42200000000000026,231.0,2.0,20875.0,14756.61141658206
2026-09-13 06:06:04.688,0.2644579361637688,0.21100000000000013,0.42200000000000026,231.0,2.0,20875.0,14756.61141658206
2026-09-13 06:06:08.164,0.2644579361637688,0.21100000000000013,0.42200000000000026,231.0,2.0,20875.0,14756.61141658206
2026-09-13 06:06:08.188,0.2644579361637688,0.21100000000000013,0.42200000000000026,231.0,2.0,20875.0,14756.61141658206
2026-09-13 06:06:11.664,0.2644579361637688,0.21100000000000013,0.42200000000000026,231.0,2.0,20875.0,14756.61141658206
2026-09-13 06:06:11.688,0.2644579361637688,0.21100000000000013,0.42200000000000026,231.0,2.0,20875.0,14756.61141658206
2026-09-13 06:06:15.164,0.2644579361637688,0.21100000000000013,0.42200000000000026,231.0,2.0,20875.0,14756.61141658206
2026-09-13 06:06:15.188,0.2644579361637688,0.21100000000000013,0.42200000000000026,231.0,2.0,20875.0,14756.61141658206
2026-09-13 06:06:18.665,0.2644579361637688,0.21100000000000013,0.42200000000000026,231.0,2.0,20875.0,14756.61141658206
2026-09-13 06:06:18.688,0.26516504294495535,0.21050000000000013,0.42100000000000026,231.0,2.0,20875.0,14756.61141658206
2026-09-13 06:06:22.165,0.26516504294495535,0.21050000000000013,0.42100000000000026,231.0,2.0,20875.0,14756.61141658206
2026-09-13 06:06:22.188,0.26516504294495535,0.21050000000000013,0.42100000000000026,231.0,2.0,20875.0,14756.61141658206
2026-09-13 06:06:25.665,0.26516504294495535,0.21050000000000013,0.42100000000000026,231.0,2.0,20875.0,14756.61141658206
2026-09-13 06:06:25.688,0.26516504294495535,0.21050000000000013,0.42100000000000026,231.0,2.0,20875.0,14756.61141658206
2026-09-13 06:06:29.165,0.26516504294495535,0.21050000000000013,0.42100000000000026,231.0,2.0,20875.0,14756.61141658206
2026-09-13 06:06:29.188,0.26516504294495535,0.21050000000000013,0.42100000000000026,231.0,2.0,20875.0,14756.61141658206
2026-09-13 06:06:32.665,0.26516504294495535,0.21050000000000013,0.42100000000000026,231.0,2.0,20875.0,14756.61141658206
2026-09-13 06:06:32.689,0.2644579361637688,0.21100000000000013,0.42200000000000026,231.0,2.0,20875.0,14756.61141658206
2026-09-13 06:06:36.188,0.2644579361637688,0.21100000000000013,0.42200000000000026,231.0,2.0,20875.0,14756.61141658206
2026-09-13 06:06:36.212,0.2644579361637688,0.21100000000000013,0.42200000000000026,231.0,2.0,20875.0,14756.61141658206
2026-09-13 06:06:39.688,0.2644579361637688,0.21100000000000013,0.42200000000000026,231.0,2.0,20875.0,14756.61141658206
2026-09-13 06:06:39.712,0.2644579361637688,0.21100000000000013,0.42200000000000026,231.0,2.0,20875.0,14756.61141658206
2026-09-13 06:06:43.188,0.2644579361637688,0.21100000000000013,0.42200000000000026,231.0,2.0,20875.0,14756.61141658206
2026-09-13 06:06:43.212,0.2644579361637688,0.21100000000000013,0.42200000000000026,231.0,2.0,20875.0,14756.61141658206
2026-09-13 06:06:46.688,0.2644579361637688,0.21100000000000013,0.42200000000000026,231.0,2.0,20875.0,14756.61141658206
2026-09-13 06:06:46.712,0.2644579361637688,0.21100000000000013,0.42200000000000026,231.0,2.0,20875.0,14756.61141658206
2026-09-13 06:06:50.188,0.2644579361637688,0.21100000000000013,0.42200000000000026,231.0,2.0,20875.0,14756.61141658206
2026-09-13 06:06:50.212,0.2644579361637688,0.21100000000000013,0.42200000000000026,231.0,2.0,20875.0,14756.61141658206
2026-09-13 06:06:53.688,0.2644579361637688,0.21100000000000013,0.42200000000000026,231.0,2.0,20875.0,14756.61141658206
2026-09-13 06:06:53.712,0.2644579361637688,0.21100000000000013,0.42200000000000026,231.0,2.0,20875.0,14756.61141658206
2026-09-13 06:06:57.188,0.26375082938258226,0.21050000000000013,0.42100000000000026,231.0,2.0,20875.0,14756.61141658206
2026-09-13 06:06:57.212,0.26375082938258226,0.21050000000000013,0.42100000000000026,231.0,2.0,20875.0,14756.61141658206
2026-09-13 06:07:00.689,0.2644579361637688,0.21100000000000013,0.42200000000000026,231.0,2.0,20875.0,14756.61141658206
2026-09-13 06:07:00.712,0.26516504294495535,0.21050000000000013,0.42100000000000026,231.0,2.0,20875.0,14756.61141658206
2026-09-13 06:07:04.189,0.26516504294495535,0.21050000000000013,0.42100000000000026,231.0,2.0,20875.0,14756.61141658206
2026-09-13 06:07:04.212,0.26516504294495535,0.21050000000000013,0.42100000000000026,231.0,2.0,20875.0,14756.61141658206
2026-09-13 06:07:07.689,0.26516504294495535,0.21050000000000013,0.42100000000000026,231.0,2.0,20875.0,14756.61141658206
2026-09-13 06:07:07.712,0.26516504294495535,0.21050000000000013,0.42100000000000026,231.0,2.0,20875.0,14756.61141658206
2026-09-13 06:07:11.189,0.26516504294495535,0.21050000000000013,0.42100000000000026,231.0,2.0,20875.0,14756.61141658206
2026-09-13 06:07:11.213,0.2644579361637688,0.21100000000000013,0.42200000000000026,231.0,2.0,20875.0,14756.61141658206
2026-09-13 06:07:19.276,0.2644579361637688,0.21100000000000013,0.42200000000000026,231.0,2.0,20875.0,14756.61141658206
2026-09-13 06:07:19.300,0.2644579361637688,0.21100000000000013,0.42200000000000026,231.0,2.0,20875.0,14756.61141658206
2026-09-13 06:07:22.776,0.2644579361637688,0.21100000000000013,0.42200000000000026,231.0,2.0,20875.0,14756.61141658206
2026-09-13 06:07:22.800,0.2644579361637688,0.21100000000000013,0.42200000000000026,231.0,2.0,20875.0,14756.61141658206
2026-09-13 06:07:26.276,0.26375082938258226,0.21050000000000013,0.42100000000000026,231.0,2.0,20875.0,14756.61141658206
2026-09-13 06:07:26.300,0.26375082938258226,0.21050000000000013,0.42100000000000026,231.0,2.0,20875.0,14756.61141658206
2026-09-13 06:07:29.776,0.2644579361637688,0.21100000000000013,0.42200000000000026,231.0,2.0,20875.0,14756.61141658206
2026-09-13 06:07:29.800,0.2644579361637688,0.21100000000000013,0.42200000000000026,231.0,2.0,20875.0,14756.61141658206
2026-09-13 06:07:33.302,0.2644579361637688,0.21100000000000013,0.42200000000000026,231.0,2.0,20875.0,14756.61141658206
2026-09-13 06:07:33.326,0.2644579361637688,0.21100000000000013,0.42200000000000026,231.0,2.0,20875.0,14756.61141658206
2026-09-13 06:07:36.803,0.26516504294495535,0.21150000000000013,0.42300000000000026,231.0,2.0,20875.0,14756.61141658206
2026-09-13 06:07:36.826,0.26587214972614187,0.21100000000000013,0.42200000000000026,231.0,2.0,20875.0,14756.61141658206
2026-09-13 06:07:40.303,0.26516504294495535,0.21050000000000013,0.42100000000000026,231.0,2.0,20875.0,14756.61141658206
2026-09-13 06:07:40.326,0.26516504294495535,0.21050000000000013,0.42100000000000026,231.0,2.0,20875.0,14756.61141658206
2026-09-13 06:07:43.803,0.26516504294495535,0.21050000000000013,0.42100000000000026,231.0,2.0,20875.0,14756.61141658206
2026-09-13 06:07:43.826,0.26516504294495535,0.21050000000000013,0.42100000000000026,231.0,2.0,20875.0,14756.61141658206
2026-09-13 06:07:47.303,0.26516504294495535,0.21050000000000013,0.42100000000000026,231.0,2.0,20875.0,14756.61141658206
2026-09-13 06:07:47.326,0.26516504294495535,0.21050000000000013,0.42100000000000026,231.0,2.0,20875.0,14756.61141658206
2026-09-13 06:07:50.803,0.26516504294495535,0.21050000000000013,0.42100000000000026,231.0,2.0,20875.0,14756.61141658206
2026-09-13 06:07:50.826,0.26516504294495535,0.21050000000000013,0.42100000000000026,231.0,2.0,20875.0,14756.61141658206
2026-09-13 06:07:54.303,0.26516504294495535,0.21050000000000013,0.42100000000000026,231.0,2.0,20875.0,14756.61141658206
2026-09-13 06:07:54.327,0.2644579361637688,0.21100000000000013,0.42200000000000026,231.0,2.0,20875.0,14756.61141658206
2026-09-13 06:07:57.809,0.2644579361637688,0.21100000000000013,0.42200000000000026,231.0,2.0,20875.0,14756.61141658206
2026-09-13 06:07:57.833,0.2644579361637688,0.21100000000000013,0.42200000000000026,231.0,2.0,20875.0,14756.61141658206
2026-09-13 06:08:01.309,0.2644579361637688,0.21100000000000013,0.42200000000000026,231.0,2.0,20875.0,14756.61141658206
2026-09-13 06:08:01.333,0.2644579361637688,0.21100000000000013,0.42200000000000026,231.0,2.0,20875.0,14756.61141658206
2026-09-13 06:08:04.809,0.2644579361637688,0.21100000000000013,0.42200000000000026,231.0,2.0,20875.0,14756.61141658206
2026-09-13 06:08:04.833,0.2644579361637688,0.21100000000000013,0.42200000000000026,231.0,2.0,20875.0,14756.61141658206
2026-09-13 06:08:08.309,0.2644579361637688,0.21100000000000013,0.42200000000000026,231.0,2.0,20875.0,14756.61141658206
2026-09-13 06:08:08.333,0.2644579361637688,0.21100000000000013,0.42200000000000026,231.0,2.0,20875.0,14756.61141658206
2026-09-13 06:08:11.809,0.2644579361637688,0.21100000000000013,0.42200000000000026,231.0,2.0,20875.0,14756.61141658206
2026-09-13 06:08:11.833,0.2644579361637688,0.21100000000000013,0.42200000000000026,231.0,2.0,20875.0,14756.61141658206
2026-09-13 06:08:15.310,0.2644579361637688,0.21100000000000013,0.42200000000000026,231.0,2.0,20875.0,14756.61141658206
2026-09-13 06:08:15.333,0.26516504294495535,0.21050000000000013,0.42100000000000026,231.0,2.0,20875.0,14756.61141658206
2026-09-13 06:08:18.810,0.26516504294495535,0.21050000000000013,0.42100000000000026,231.0,2.0,20875.0,14756.61141658206
2026-09-13 06:08:18.833,0.26516504294495535,0.21050000000000013,0.42100000000000026,231.0,2.0,20875.0,14756.61141658206
2026-09-13 06:08:22.310,0.26516504294495535,0.21050000000000013,0.42100000000000026,231.0,2.0,20875.0,14756.61141658206
2026-09-13 06:08:22.333,0.26516504294495535,0.21050000000000013,0.42100000000000026,231.0,2.0,20875.0,14756.61141658206
2026-09-13 06:08:25.810,0.26516504294495535,0.21050000000000013,0.42100000000000026,231.0,2.0,20875.0,14756.61141658206
2026-09-13 06:08:25.833,0.26516504294495535,0.21050000000000013,0.42100000000000026,231.0,2.0,20875.0,14756.61141658206
2026-09-13 06:08:29.310,0.26516504294495535,0.21050000000000013,0.42100000000000026,231.0,2.0,20875.0,14756.61141658206
2026-09-13 06:08:29.333,0.26516504294495535,0.21050000000000013,0.42100000000000026,231.0,2.0,20875.0,14756.61141658206
2026-09-13 06:08:32.810,0.26516504294495535,0.21050000000000013,0.42100000000000026,231.0,2.0,20875.0,14756.61141658206
2026-09-13 06:08:32.833,0.26516504294495535,0.21050000000000013,0.42100000000000026,231.0,2.0,20875.0,14756.61141658206
2026-09-13 06:08:36.310,0.26516504294495535,0.21050000000000013,0.42100000000000026,231.0,2.0,20875.0,14756.61141658206
2026-09-13 06:08:36.334,0.2644579361637688,0.21100000000000013,0.42200000000000026,231.0,2.0,20875.0,14756.61141658206
2026-09-13 06:08:39.810,0.2644579361637688,0.21100000000000013,0.42200000000000026,231.0,2.0,20875.0,14756.61141658206
2026-09-13 06:08:39.834,0.2644579361637688,0.21100000000000013,0.42200000000000026,231.0,2.0,20875.0,14756.61141658206
2026-09-13 06:08:43.310,0.2644579361637688,0.21100000000000013,0.42200000000000026,231.0,2.0,20875.0,14756.61141658206
2026-09-13 06:08:43.334,0.2644579361637688,0.21100000000000013,0.42200000000000026,231.0,2.0,20875.0,14756.61141658206
2026-09-13 06:08:46.824,0.2644579361637688,0.21100000000000013,0.42200000000000026,231.0,2.0,20875.0,14756.61141658206
2026-09-13 06:08:46.848,0.2644579361637688,0.21100000000000013,0.42200000000000026,231.0,2.0,20875.0,14756.61141658206
2026-09-13 06:08:50.324,0.2644579361637688,0.21100000000000013,0.42200000000000026,231.0,2.0,20875.0,14756.61141658206
2026-09-13 06:08:50.348,0.2644579361637688,0.21100000000000013,0.42200000000000026,231.0,2.0,20875.0,14756.61141658206
2026-09-13 06:08:53.824,0.2644579361637688,0.21100000000000013,0.42200000000000026,231.0,2.0,20875.0,14756.61141658206
2026-09-13 06:08:53.848,0.2644579361637688,0.21100000000000013,0.42200000000000026,231.0,2.0,20875.0,14756.61141658206
2026-09-13 06:08:57.325,0.2644579361637688,0.21100000000000013,0.42200000000000026,231.0,2.0,20875.0,14756.61141658206
2026-09-13 06:08:57.348,0.26516504294495535,0.21050000000000013,0.42100000000000026,231.0,2.0,20875.0,14756.61141658206
2026-09-13 06:09:00.825,0.26516504294495535,0.21050000000000013,0.42100000000000026,231.0,2.0,20875.0,14756.61141658206
2026-09-13 06:09:00.848,0.26516504294495535,0.21050000000000013,0.42100000000000026,231.0,2.0,20875.0,14756.61141658206
2026-09-13 06:09:04.325,0.26516504294495535,0.21050000000000013,0.42100000000000026,231.0,2.0,20875.0,14756.61141658206
2026-09-13 06:09:04.348,0.26516504294495535,0.21050000000000013,0.42100000000000026,231.0,2.0,20875.0,14756.61141658206
2026-09-13 06:09:07.831,0.0021213203435596407,0.024500000000000112,0.049000000000000224,231.0,2.0,20875.0,14756.61141658206
2026-09-13 06:09:07.854,0.0021213203435596433,0.024500000000000112,0.049000000000000224,231.0,2.0,20875.0,14756.61141658206
2026-09-13 06:09:11.330,0.26516504294495535,0.21050000000000013,0.42100000000000026,231.0,2.0,20875.0,14756.61141658206
2026-09-13 06:09:11.353,0.26516504294495535,0.21050000000000013,0.42100000000000026,231.0,2.0,20875.0,14756.61141658206
2026-09-13 06:09:14.830,0.26516504294495535,0.21050000000000013,0.42100000000000026,231.0,2.0,20875.0,14756.61141658206
2026-09-13 06:09:14.854,0.2644579361637688,0.21100000000000013,0.42200000000000026,231.0,2.0,20875.0,14756.61141658206
2026-09-13 06:09:18.330,0.2644579361637688,0.21100000000000013,0.42200000000000026,231.0,2.0,20875.0,14756.61141658206
2026-09-13 06:09:18.354,0.2644579361637688,0.21100000000000013,0.42200000000000026,231.0,2.0,20875.0,14756.61141658206
2026-09-13 06:09:21.830,0.2644579361637688,0.21100000000000013,0.42200000000000026,231.0,2.0,20875.0,14756.61141658206
2026-09-13 06:09:21.854,0.2644579361637688,0.21100000000000013,0.42200000000000026,231.0,2.0,20875.0,14756.61141658206
2026-09-13 06:09:25.330,0.2644579361637688,0.21100000000000013,0.42200000000000026,231.0,2.0,20875.0,14756.61141658206
2026-09-13 06:09:25.354,0.2644579361637688,0.21100000000000013,0.42200000000000026,231.0,2.0,20875.0,14756.61141658206
2026-09-13 06:09:28.830,0.2644579361637688,0.21100000000000013,0.42200000000000026,231.0,2.0,20875.0,14756.61141658206
2026-09-13 06:09:28.854,0.2644579361637688,0.21100000000000013,0.42200000000000026,231.0,2.0,20875.0,14756.61141658206
2026-09-13 06:09:32.330,0.12091525958289963,0.10950000000000011,0.21900000000000022,231.0,2.0,20875.0,14756.61141658206
2026-09-13 06:09:32.354,0.12091525958289963,0.10950000000000011,0.21900000000000022,231.0,2.0,20875.0,14756.61141658206
2026-09-13 06:09:35.831,0.2644579361637688,0.21100000000000013,0.42200000000000026,231.0,2.0,20875.0,14756.61141658206
2026-09-13 06:09:35.854,0.26516504294495535,0.21050000000000013,0.42100000000000026,231.0,2.0,20875.0,14756.61141658206
2026-09-13 06:09:39.331,0.26516504294495535,0.21050000000000013,0.42100000000000026,231.0,2.0,20875.0,14756.61141658206
2026-09-13 06:09:39.354,0.26516504294495535,0.21050000000000013,0.42100000000000026,231.0,2.0,20875.0,14756.61141658206
2026-09-13 06:09:42.831,0.26516504294495535,0.21050000000000013,0.42100000000000026,231.0,2.0,20875.0,14756.61141658206
2026-09-13 06:09:42.854,0.26516504294495535,0.21050000000000013,0.42100000000000026,231.0,2.0,20875.0,14756.61141658206
2026-09-13 06:09:46.331,0.26516504294495535,0.21050000000000013,0.42100000000000026,231.0,2.0,20875.0,14756.61141658206
2026-09-13 06:09:46.354,0.26516504294495535,0.21050000000000013,0.42100000000000026,231.0,2.0,20875.0,14756.61141658206
2026-09-13 06:09:49.831,0.26516504294495535,0.21050000000000013,0.42100000000000026,231.0,2.0,20875.0,14756.61141658206
2026-09-13 06:09:49.854,0.26516504294495535,0.21050000000000013,0.42100000000000026,231.0,2.0,20875.0,14756.61141658206
2026-09-13 06:09:53.331,0.26516504294495535,0.21050000000000013,0.42100000000000026,231.0,2.0,20875.0,14756.61141658206
2026-09-13 06:09:53.355,0.2644579361637688,0.21100000000000013,0.42200000000000026,231.0,2.0,20875.0,14756.61141658206
2026-09-13 06:09:56.831,0.2644579361637688,0.21100000000000013,0.42200000000000026,231.0,2.0,20875.0,14756.61141658206
2026-09-13 06:09:56.855,0.2644579361637688,0.21100000000000013,0.42200000000000026,231.0,2.0,20875.0,14756.61141658206
2026-09-13 06:10:00.331,0.2644579361637688,0.21100000000000013,0.42200000000000026,231.0,2.0,20875.0,14756.61141658206
2026-09-13 06:10:00.355,0.2644579361637688,0.21100000000000013,0.42200000000000026,231.0,2.0,20875.0,14756.61141658206
2026-09-13 06:10:03.831,0.2644579361637688,0.21100000000000013,0.42200000000000026,231.0,2.0,20875.0,14756.61141658206
2026-09-13 06:10:03.855,0.2644579361637688,0.21100000000000013,0.42200000000000026,231.0,2.0,20875.0,14756.61141658206
2026-09-13 06:10:07.331,0.26375082938258226,0.21050000000000013,0.42100000000000026,231.0,2.0,20875.0,14756.61141658206
2026-09-13 06:10:07.355,0.26375082938258226,0.21050000000000013,0.42100000000000026,231.0,2.0,20875.0,14756.61141658206
2026-09-13 06:10:10.831,0.2644579361637688,0.21100000000000013,0.42200000000000026,231.0,2.0,20875.0,14756.61141658206
2026-09-13 06:10:10.855,0.2644579361637688,0.21100000000000013,0.42200000000000026,231.0,2.0,20875.0,14756.61141658206
2026-09-13 06:10:14.331,0.2644579361637688,0.21100000000000013,0.42200000000000026,231.0,2.0,20875.0,14756.61141658206
2026-09-13 06:10:14.355,0.2644579361637688,0.21100000000000013,0.42200000000000026,231.0,2.0,20875.0,14756.61141658206
2026-09-13 06:10:17.832,0.2644579361637688,0.21100000000000013,0.42200000000000026,231.0,2.0,20875.0,14756.61141658206
2026-09-13 06:10:17.855,0.26516504294495535,0.21050000000000013,0.42100000000000026,231.0,2.0,20875.0,14756.61141658206
2026-09-13 06:10:21.332,0.26516504294495535,0.21050000000000013,0.42100000000000026,231.0,2.0,20875.0,14756.61141658206
2026-09-13 06:10:21.355,0.26516504294495535,0.21050000000000013,0.42100000000000026,231.0,2.0,20875.0,14756.61141658206
2026-09-13 06:10:24.832,0.26516504294495535,0.21050000000000013,0.42100000000000026,231.0,2.0,20875.0,14756.61141658206
2026-09-13 06:10:24.855,0.26516504294495535,0.21050000000000013,0.42100000000000026,231.0,2.0,20875.0,14756.61141658206
2026-09-13 06:10:28.332,0.26516504294495535,0.21050000000000013,0.42100000000000026,231.0,2.0,20875.0,14756.61141658206
2026-09-13 06:10:28.355,0.26516504294495535,0.21050000000000013,0.42100000000000026,231.0,2.0,20875.0,14756.61141658206
2026-09-13 06:10:31.832,0.26516504294495535,0.21050000000000013,0.42100000000000026,231.0,2.0,20875.0,14756.61141658206
2026-09-13 06:10:31.856,0.2644579361637688,0.21100000000000013,0.42200000000000026,231.0,2.0,20875.0,14756.61141658206
2026-09-13 06:10:35.332,0.2644579361637688,0.21100000000000013,0.42200000000000026,231.0,2.0,20875.0,14756.61141658206
2026-09-13 06:10:35.356,0.2644579361637688,0.21100000000000013,0.42200000000000026,231.0,2.0,20875.0,14756.61141658206
2026-09-13 06:10:38.832,0.2644579361637688,0.21100000000000013,0.42200000000000026,231.0,2.0,20875.0,14756.61141658206
2026-09-13 06:10:38.856,0.2644579361637688,0.21100000000000013,0.42200000000000026,231.0,2.0,20875.0,14756.61141658206
2026-09-13 06:10:42.332,0.2644579361637688,0.21100000000000013,0.42200000000000026,231.0,2.0,20875.0,14756.61141658206
2026-09-13 06:10:42.356,0.2644579361637688,0.21100000000000013,0.42200000000000026,231.0,2.0,20875.0,14756.61141658206
2026-09-13 06:10:45.832,0.2644579361637688,0.21100000000000013,0.42200000000000026,231.0,2.0,20875.0,14756.61141658206
2026-09-13 06:10:45.856,0.2644579361637688,0.21100000000000013,0.42200000000000026,231.0,2.0,20875.0,14756.61141658206
2026-09-13 06:10:49.332,0.2644579361637688,0.21100000000000013,0.42200000000000026,231.0,2.0,20875.0,14756.61141658206
2026-09-13 06:10:49.356,0.2644579361637688,0.21100000000000013,0.42200000000000026,231.0,2.0,20875.0,14756.61141658206
2026-09-13 06:10:52.832,0.2644579361637688,0.21100000000000013,0.42200000000000026,231.0,2.0,20875.0,14756.61141658206
2026-09-13 06:10:52.856,0.2644579361637688,0.21100000000000013,0.42200000000000026,231.0,2.0,20875.0,14756.61141658206
2026-09-13 06:10:56.332,0.2644579361637688,0.21100000000000013,0.42200000000000026,231.0,2.0,20875.0,14756.61141658206
2026-09-13 06:10:56.356,0.2644579361637688,0.21100000000000013,0.42200000000000026,231.0,2.0,20875.0,14756.61141658206
2026-09-13 06:10:59.833,0.2644579361637688,0.21100000000000013,0.42200000000000026,231.0,2.0,20875.0,14756.61141658206
2026-09-13 06:10:59.856,0.26516504294495535,0.21050000000000013,0.42100000000000026,231.0,2.0,20875.0,14756.61141658206
2026-09-13 06:11:03.333,0.26516504294495535,0.21050000000000013,0.42100000000000026,231.0,2.0,20875.0,14756.61141658206
2026-09-13 06:11:03.356,0.26516504294495535,0.21050000000000013,0.42100000000000026,231.0,2.0,20875.0,14756.61141658206
2026-09-13 06:11:06.833,0.26516504294495535,0.21050000000000013,0.42100000000000026,231.0,2.0,20875.0,14756.61141658206
2026-09-13 06:11:06.856,0.26516504294495535,0.21050000000000013,0.42100000000000026,231.0,2.0,20875.0,14756.61141658206
2026-09-13 06:11:10.333,0.26516504294495535,0.21050000000000013,0.42100000000000026,231.0,2.0,20875.0,14756.61141658206
2026-09-13 06:11:10.356,0.26516504294495535,0.21050000000000013,0.42100000000000026,231.0,2.0,20875.0,14756.61141658206
2026-09-13 06:11:13.833,0.26516504294495535,0.21050000000000013,0.42100000000000026,231.0,2.0,20875.0,14756.61141658206
2026-09-13 06:11:13.856,0.26516504294495535,0.21050000000000013,0.42100000000000026,231.0,2.0,20875.0,14756.61141658206
2026-09-13 06:11:17.333,0.26516504294495535,0.21050000000000013,0.42100000000000026,231.0,2.0,20875.0,14756.61141658206
2026-09-13 06:11:17.357,0.2644579361637688,0.21100000000000013,0.42200000000000026,231.0,2.0,20875.0,14756.61141658206
2026-09-13 06:11:20.833,0.2644579361637688,0.21100000000000013,0.42200000000000026,231.0,2.0,20875.0,14756.61141658206
2026-09-13 06:11:20.857,0.2644579361637688,0.21100000000000013,0.42200000000000026,231.0,2.0,20875.0,14756.61141658206
2026-09-13 06:11:24.333,0.2644579361637688,0.21100000000000013,0.42200000000000026,231.0,2.0,20875.0,14756.61141658206
2026-09-13 06:11:24.357,0.2644579361637688,0.21100000000000013,0.42200000000000026,231.0,2.0,20875.0,14756.61141658206
2026-09-13 06:11:27.833,0.2644579361637688,0.21100000000000013,0.42200000000000026,231.0,2.0,20875.0,14756.61141658206
2026-09-13 06:11:27.857,0.2644579361637688,0.21100000000000013,0.42200000000000026,231.0,2.0,20875.0,14756.61141658206
2026-09-13 06:11:31.592,0.007778174593052025,0.029500000000000113,0.059000000000000226,231.0,2.0,20875.0,14756.61141658206
2026-09-13 06:11:31.615,0.008485281374238573,0.029000000000000112,0.058000000000000225,231.0,2.0,20875.0,14756.61141658206
2026-09-13 06:11:35.091,0.26516504294495535,0.21050000000000013,0.42100000000000026,231.0,2.0,20875.0,14756.61141658206
2026-09-13 06:11:35.115,0.2644579361637688,0.21100000000000013,0.42200000000000026,231.0,2.0,20875.0,14756.61141658206
2026-09-13 06:11:38.592,0.26516504294495535,0.21150000000000013,0.42300000000000026,231.0,2.0,20875.0,14756.61141658206
2026-09-13 06:11:38.615,0.26587214972614187,0.21100000000000013,0.42200000000000026,231.0,2.0,20875.0,14756.61141658206
2026-09-13 06:11:42.092,0.18243354954612928,0.15200000000000014,0.30400000000000027,231.0,2.0,20875.0,14756.61141658206
2026-09-13 06:11:42.115,0.18243354954612928,0.15200000000000014,0.30400000000000027,231.0,2.0,20875.0,14756.61141658206
2026-09-13 06:11:45.592,0.26516504294495535,0.21050000000000013,0.42100000000000026,231.0,2.0,20875.0,14756.61141658206
2026-09-13 06:11:45.615,0.26516504294495535,0.21050000000000013,0.42100000000000026,231.0,2.0,20875.0,14756.61141658206
2026-09-13 06:11:49.092,0.26516504294495535,0.21050000000000013,0.42100000000000026,231.0,2.0,20875.0,14756.61141658206
2026-09-13 06:11:49.115,0.26516504294495535,0.21050000000000013,0.42100000000000026,231.0,2.0,20875.0,14756.61141658206
2026-09-13 06:11:52.592,0.26516504294495535,0.21050000000000013,0.42100000000000026,231.0,2.0,20875.0,14756.61141658206
2026-09-13 06:11:52.615,0.26516504294495535,0.21050000000000013,0.42100000000000026,231.0,2.0,20875.0,14756.61141658206
2026-09-13 06:11:56.092,0.26516504294495535,0.21050000000000013,0.42100000000000026,231.0,2.0,20875.0,14756.61141658206
2026-09-13 06:11:56.116,0.2644579361637688,0.21100000000000013,0.42200000000000026,231.0,2.0,20875.0,14756.61141658206
2026-09-13 06:11:59.592,0.2644579361637688,0.21100000000000013,0.42200000000000026,231.0,2.0,20875.0,14756.61141658206
2026-09-13 06:11:59.616,0.2644579361637688,0.21100000000000013,0.42200000000000026,231.0,2.0,20875.0,14756.61141658206
2026-09-13 06:12:03.092,0.2644579361637688,0.21100000000000013,0.42200000000000026,231.0,2.0,20875.0,14756.61141658206
2026-09-13 06:12:03.116,0.2644579361637688,0.21100000000000013,0.42200000000000026,231.0,2.0,20875.0,14756.61141658206
2026-09-13 06:12:06.592,0.2644579361637688,0.21100000000000013,0.42200000000000026,231.0,2.0,20875.0,14756.61141658206
2026-09-13 06:12:06.616,0.2644579361637688,0.21100000000000013,0.42200000000000026,231.0,2.0,20875.0,14756.61141658206
2026-09-13 06:12:10.092,0.2644579361637688,0.21100000000000013,0.42200000000000026,231.0,2.0,20875.0,14756.61141658206
2026-09-13 06:12:10.116,0.2644579361637688,0.21100000000000013,0.42200000000000026,231.0,2.0,20875.0,14756.61141658206
2026-09-13 06:12:13.592,0.2644579361637688,0.21100000000000013,0.42200000000000026,231.0,2.0,20875.0,14756.61141658206
2026-09-13 06:12:13.616,0.2644579361637688,0.21100000000000013,0.42200000000000026,231.0,2.0,20875.0,14756.61141658206
2026-09-13 06:12:17.092,0.2644579361637688,0.21100000000000013,0.42200000000000026,231.0,2.0,20875.0,14756.61141658206
2026-09-13 06:12:17.116,0.2644579361637688,0.21100000000000013,0.42200000000000026,231.0,2.0,20875.0,14756.61141658206
2026-09-13 06:12:20.593,0.2644579361637688,0.21100000000000013,0.42200000000000026,231.0,2.0,20875.0,14756.61141658206
2026-09-13 06:12:20.616,0.26516504294495535,0.21050000000000013,0.42100000000000026,231.0,2.0,20875.0,14756.61141658206
2026-09-13 06:12:24.093,0.26516504294495535,0.21050000000000013,0.42100000000000026,231.0,2.0,20875.0,14756.61141658206
2026-09-13 06:12:24.116,0.26516504294495535,0.21050000000000013,0.42100000000000026,231.0,2.0,20875.0,14756.61141658206
2026-09-13 06:12:27.593,0.26516504294495535,0.21050000000000013,0.42100000000000026,231.0,2.0,20875.0,14756.61141658206
2026-09-13 06:12:27.616,0.26516504294495535,0.21050000000000013,0.42100000000000026,231.0,2.0,20875.0,14756.61141658206
2026-09-13 06:12:31.093,0.26516504294495535,0.21050000000000013,0.42100000000000026,231.0,2.0,20875.0,14756.61141658206
2026-09-13 06:12:31.116,0.26516504294495535,0.21050000000000013,0.42100000000000026,231.0,2.0,20875.0,14756.61141658206
2026-09-13 06:12:34.593,0.26516504294495535,0.21050000000000013,0.42100000000000026,231.0,2.0,20875.0,14756.61141658206
2026-09-13 06:12:34.616,0.26516504294495535,0.21050000000000013,0.42100000000000026,231.0,2.0,20875.0,14756.61141658206
2026-09-13 06:12:38.093,0.26516504294495535,0.21050000000000013,0.42100000000000026,231.0,2.0,20875.0,14756.61141658206
2026-09-13 06:12:38.116,0.26516504294495535,0.21050000000000013,0.42100000000000026,231.0,2.0,20875.0,14756.61141658206
2026-09-13 06:12:41.593,0.26516504294495535,0.21050000000000013,0.42100000000000026,231.0,2.0,20875.0,14756.61141658206
2026-09-13 06:12:41.617,0.2644579361637688,0.21100000000000013,0.42200000000000026,231.0,2.0,20875.0,14756.61141658206
2026-09-13 06:12:45.093,0.2644579361637688,0.21100000000000013,0.42200000000000026,231.0,2.0,20875.0,14756.61141658206
2026-09-13 06:12:45.117,0.2644579361637688,0.21100000000000013,0.42200000000000026,231.0,2.0,20875.0,14756.61141658206
2026-09-13 06:12:48.593,0.2644579361637688,0.21100000000000013,0.42200000000000026,231.0,2.0,20875.0,14756.61141658206
2026-09-13 06:12:48.617,0.2644579361637688,0.21100000000000013,0.42200000000000026,231.0,2.0,20875.0,14756.61141658206
2026-09-13 06:12:52.093,0.2644579361637688,0.21100000000000013,0.42200000000000026,231.0,2.0,20875.0,14756.61141658206
2026-09-13 06:12:52.117,0.2644579361637688,0.21100000000000013,0.42200000000000026,231.0,2.0,20875.0,14756.61141658206
2026-09-13 06:12:55.593,0.2644579361637688,0.21100000000000013,0.42200000000000026,231.0,2.0,20875.0,14756.61141658206
2026-09-13 06:12:55.617,0.2644579361637688,0.21100000000000013,0.42200000000000026,231.0,2.0,20875.0,14756.61141658206
2026-09-13 06:12:59.093,0.26375082938258226,0.21050000000000013,0.42100000000000026,231.0,2.0,20875.0,14756.61141658206
2026-09-13 06:12:59.117,0.26375082938258226,0.21050000000000013,0.42100000000000026,231.0,2.0,20875.0,14756.61141658206
2026-09-13 06:13:02.594,0.2644579361637688,0.21100000000000013,0.42200000000000026,231.0,2.0,20875.0,14756.61141658206
2026-09-13 06:13:02.617,0.26516504294495535,0.21050000000000013,0.42100000000000026,231.0,2.0,20875.0,14756.61141658206
2026-09-13 06:13:06.094,0.26516504294495535,0.21050000000000013,0.42100000000000026,231.0,2.0,20875.0,14756.61141658206
2026-09-13 06:13:06.117,0.26516504294495535,0.21050000000000013,0.42100000000000026,231.0,2.0,20875.0,14756.61141658206
2026-09-13 06:13:09.594,0.26516504294495535,0.21050000000000013,0.42100000000000026,231.0,2.0,20875.0,14756.61141658206
2026-09-13 06:13:09.617,0.26516504294495535,0.21050000000000013,0.42100000000000026,231.0,2.0,20875.0,14756.61141658206
2026-09-13 06:13:13.094,0.26516504294495535,0.21050000000000013,0.42100000000000026,231.0,2.0,20875.0,14756.61141658206
2026-09-13 06:13:13.117,0.26516504294495535,0.21050000000000013,0.42100000000000026,231.0,2.0,20875.0,14756.61141658206
2026-09-13 06:13:16.594,0.26516504294495535,0.21050000000000013,0.42100000000000026,231.0,2.0,20875.0,14756.61141658206
2026-09-13 06:13:16.617,0.26516504294495535,0.21050000000000013,0.42100000000000026,231.0,2.0,20875.0,14756.61141658206
2026-09-13 06:13:20.094,0.26516504294495535,0.21050000000000013,0.42100000000000026,231.0,2.0,20875.0,14756.61141658206
2026-09-13 06:13:20.118,0.2644579361637688,0.21100000000000013,0.42200000000000026,231.0,2.0,20875.0,14756.61141658206
2026-09-13 06:13:23.594,0.1520279579551077,0.13150000000000012,0.26300000000000023,231.0,2.0,20875.0,14756.61141658206
2026-09-13 06:13:23.618,0.15202795795510773,0.13150000000000012,0.26300000000000023,231.0,2.0,20875.0,14756.61141658206
2026-09-13 06:13:27.094,0.2644579361637688,0.21100000000000013,0.42200000000000026,231.0,2.0,20875.0,14756.61141658206
2026-09-13 06:13:27.118,0.2644579361637688,0.21100000000000013,0.42200000000000026,231.0,2.0,20875.0,14756.61141658206
2026-09-13 06:13:30.594,0.2644579361637688,0.21100000000000013,0.42200000000000026,231.0,2.0,20875.0,14756.61141658206
2026-09-13 06:13:30.618,0.2644579361637688,0.21100000000000013,0.42200000000000026,231.0,2.0,20875.0,14756.61141658206
2026-09-13 06:13:34.094,0.2644579361637688,0.21100000000000013,0.42200000000000026,231.0,2.0,20875.0,14756.61141658206
2026-09-13 06:13:34.118,0.2644579361637688,0.21100000000000013,0.42200000000000026,231.0,2.0,20875.0,14756.61141658206
2026-09-13 06:13:37.594,0.2644579361637688,0.21100000000000013,0.42200000000000026,231.0,2.0,20875.0,14756.61141658206
2026-09-13 06:13:37.618,0.2644579361637688,0.21100000000000013,0.42200000000000026,231.0,2.0,20875.0,14756.61141658206
2026-09-13 06:13:41.094,0.2644579361637688,0.21100000000000013,0.42200000000000026,231.0,2.0,20875.0,14756.61141658206
2026-09-13 06:13:41.118,0.2644579361637688,0.21100000000000013,0.42200000000000026,231.0,2.0,20875.0,14756.61141658206
2026-09-13 06:13:44.595,0.26516504294495535,0.21150000000000013,0.42300000000000026,231.0,2.0,20875.0,14756.61141658206
2026-09-13 06:13:44.618,0.26587214972614187,0.21100000000000013,0.42200000000000026,231.0,2.0,20875.0,14756.61141658206
2026-09-13 06:13:48.095,0.26516504294495535,0.21050000000000013,0.42100000000000026,231.0,2.0,20875.0,14756.61141658206
2026-09-13 06:13:48.118,0.26516504294495535,0.21050000000000013,0.42100000000000026,231.0,2.0,20875.0,14756.61141658206
2026-09-13 06:13:51.595,0.26516504294495535,0.21050000000000013,0.42100000000000026,231.0,2.0,20875.0,14756.61141658206
2026-09-13 06:13:51.618,0.26516504294495535,0.21050000000000013,0.42100000000000026,231.0,2.0,20875.0,14756.61141658206
2026-09-13 06:13:55.095,0.26516504294495535,0.21050000000000013,0.42100000000000026,231.0,2.0,20875.0,14756.61141658206
2026-09-13 06:13:55.118,0.26516504294495535,0.21050000000000013,0.42100000000000026,231.0,2.0,20875.0,14756.61141658206
2026-09-13 06:13:58.595,0.26516504294495535,0.21050000000000013,0.42100000000000026,231.0,2.0,20875.0,14756.61141658206
2026-09-13 06:13:58.618,0.26516504294495535,0.21050000000000013,0.42100000000000026,231.0,2.0,20875.0,14756.61141658206
2026-09-13 06:14:02.095,0.26516504294495535,0.21050000000000013,0.42100000000000026,231.0,2.0,20875.0,14756.61141658206
2026-09-13 06:14:02.119,0.2644579361637688,0.21100000000000013,0.42200000000000026,231.0,2.0,20875.0,14756.61141658206
2026-09-13 06:14:05.595,0.2644579361637688,0.21100000000000013,0.42200000000000026,231.0,2.0,20875.0,14756.61141658206
2026-09-13 06:14:05.619,0.2644579361637688,0.21100000000000013,0.42200000000000026,231.0,2.0,20875.0,14756.61141658206
2026-09-13 06:14:09.095,0.2644579361637688,0.21100000000000013,0.42200000000000026,231.0,2.0,20875.0,14756.61141658206
2026-09-13 06:14:09.119,0.2644579361637688,0.21100000000000013,0.42200000000000026,231.0,2.0,20875.0,14756.61141658206
2026-09-13 06:14:12.595,0.2644579361637688,0.21100000000000013,0.42200000000000026,231.0,2.0,20875.0,14756.61141658206
2026-09-13 06:14:12.619,0.2644579361637688,0.21100000000000013,0.42200000000000026,231.0,2.0,20875.0,14756.61141658206
2026-09-13 06:14:16.095,0.2644579361637688,0.21100000000000013,0.42200000000000026,231.0,2.0,20875.0,14756.61141658206
2026-09-13 06:14:16.119,0.2644579361637688,0.21100000000000013,0.42200000000000026,231.0,2.0,20875.0,14756.61141658206
2026-09-13 06:14:19.595,0.2644579361637688,0.21100000000000013,0.42200000000000026,231.0,2.0,20875.0,14756.61141658206
2026-09-13 06:14:19.619,0.2644579361637688,0.21100000000000013,0.42200000000000026,231.0,2.0,20875.0,14756.61141658206
2026-09-13 06:14:23.095,0.2644579361637688,0.21100000000000013,0.42200000000000026,231.0,2.0,20875.0,14756.61141658206
2026-09-13 06:14:23.119,0.2644579361637688,0.21100000000000013,0.42200000000000026,231.0,2.0,20875.0,14756.61141658206
2026-09-13 06:14:26.596,0.26516504294495535,0.21150000000000013,0.42300000000000026,231.0,2.0,20875.0,14756.61141658206
2026-09-13 06:14:26.619,0.26587214972614187,0.21100000000000013,0.42200000000000026,231.0,2.0,20875.0,14756.61141658206
2026-09-13 06:14:30.096,0.26516504294495535,0.21050000000000013,0.42100000000000026,231.0,2.0,20875.0,14756.61141658206
2026-09-13 06:14:30.119,0.26516504294495535,0.21050000000000013,0.42100000000000026,231.0,2.0,20875.0,14756.61141658206
2026-09-13 06:14:33.596,0.26516504294495535,0.21050000000000013,0.42100000000000026,231.0,2.0,20875.0,14756.61141658206
2026-09-13 06:14:33.619,0.26516504294495535,0.21050000000000013,0.42100000000000026,231.0,2.0,20875.0,14756.61141658206
2026-09-13 06:14:37.096,0.26516504294495535,0.21050000000000013,0.42100000000000026,231.0,2.0,20875.0,14756.61141658206
2026-09-13 06:14:37.119,0.26516504294495535,0.21050000000000013,0.42100000000000026,231.0,2.0,20875.0,14756.61141658206
2026-09-13 06:14:40.596,0.26516504294495535,0.21050000000000013,0.42100000000000026,231.0,2.0,20875.0,14756.61141658206
2026-09-13 06:14:40.619,0.26516504294495535,0.21050000000000013,0.42100000000000026,231.0,2.0,20875.0,14756.61141658206
2026-09-13 06:14:44.096,0.26516504294495535,0.21050000000000013,0.42100000000000026,231.0,2.0,20875.0,14756.61141658206
2026-09-13 06:14:44.120,0.2644579361637688,0.21100000000000013,0.42200000000000026,231.0,2.0,20875.0,14756.61141658206
2026-09-13 06:14:47.596,0.2644579361637688,0.21100000000000013,0.42200000000000026,231.0,2.0,20875.0,14756.61141658206
2026-09-13 06:14:47.620,0.2644579361637688,0.21100000000000013,0.42200000000000026,231.0,2.0,20875.0,14756.61141658206
2026-09-13 06:14:51.096,0.2644579361637688,0.21100000000000013,0.42200000000000026,231.0,2.0,20875.0,14756.61141658206
2026-09-13 06:14:51.120,0.2644579361637688,0.21100000000000013,0.42200000000000026,231.0,2.0,20875.0,14756.61141658206
2026-09-13 06:14:54.596,0.2644579361637688,0.21100000000000013,0.42200000000000026,231.0,2.0,20875.0,14756.61141658206
2026-09-13 06:14:54.620,0.2644579361637688,0.21100000000000013,0.42200000000000026,231.0,2.0,20875.0,14756.61141658206
2026-09-13 06:14:58.096,0.2644579361637688,0.21100000000000013,0.42200000000000026,231.0,2.0,20875.0,14756.61141658206
2026-09-13 06:14:58.120,0.2644579361637688,0.21100000000000013,0.42200000000000026,231.0,2.0,20875.0,14756.61141658206
2026-09-13 06:15:01.596,0.2644579361637688,0.21100000000000013,0.42200000000000026,231.0,2.0,20875.0,14756.61141658206
2026-09-13 06:15:01.620,0.2644579361637688,0.21100000000000013,0.42200000000000026,231.0,2.0,20875.0,14756.61141658206
2026-09-13 06:15:05.096,0.2644579361637688,0.21100000000000013,0.42200000000000026,231.0,2.0,20875.0,14756.61141658206
2026-09-13 06:15:05.120,0.2644579361637688,0.21100000000000013,0.42200000000000026,231.0,2.0,20875.0,14756.61141658206
2026-09-13 06:15:08.596,0.2644579361637688,0.21100000000000013,0.42200000000000026,231.0,2.0,20875.0,14756.61141658206
2026-09-13 06:15:08.620,0.2644579361637688,0.21100000000000013,0.42200000000000026,231.0,2.0,20875.0,14756.61141658206
2026-09-13 06:15:12.097,0.2644579361637688,0.21100000000000013,0.42200000000000026,231.0,2.0,20875.0,14756.61141658206
2026-09-13 06:15:12.120,0.26516504294495535,0.21050000000000013,0.42100000000000026,231.0,2.0,20875.0,14756.61141658206
2026-09-13 06:15:15.597,0.26516504294495535,0.21050000000000013,0.42100000000000026,231.0,2.0,20875.0,14756.61141658206
2026-09-13 06:15:15.620,0.26516504294495535,0.21050000000000013,0.42100000000000026,231.0,2.0,20875.0,14756.61141658206
2026-09-13 06:15:19.097,0.26516504294495535,0.21050000000000013,0.42100000000000026,231.0,2.0,20875.0,14756.61141658206
2026-09-13 06:15:19.120,0.26516504294495535,0.21050000000000013,0.42100000000000026,231.0,2.0,20875.0,14756.61141658206
2026-09-13 06:15:22.597,0.26516504294495535,0.21050000000000013,0.42100000000000026,231.0,2.0,20875.0,14756.61141658206
2026-09-13 06:15:22.620,0.26516504294495535,0.21050000000000013,0.42100000000000026,231.0,2.0,20875.0,14756.61141658206
2026-09-13 06:15:26.097,0.26516504294495535,0.21050000000000013,0.42100000000000026,231.0,2.0,20875.0,14756.61141658206
2026-09-13 06:15:26.120,0.26516504294495535,0.21050000000000013,0.42100000000000026,231.0,2.0,20875.0,14756.61141658206
2026-09-13 06:15:29.597,0.26516504294495535,0.21050000000000013,0.42100000000000026,231.0,2.0,20875.0,14756.61141658206
2026-09-13 06:15:29.621,0.2644579361637688,0.21100000000000013,0.42200000000000026,231.0,2.0,20875.0,14756.61141658206
2026-09-13 06:15:33.097,0.2644579361637688,0.21100000000000013,0.42200000000000026,231.0,2.0,20875.0,14756.61141658206
2026-09-13 06:15:33.121,0.2644579361637688,0.21100000000000013,0.42200000000000026,231.0,2.0,20875.0,14756.61141658206
2026-09-13 06:15:36.597,0.2644579361637688,0.21100000000000013,0.42200000000000026,231.0,2.0,20875.0,14756.61141658206
2026-09-13 06:15:36.621,0.2644579361637688,0.21100000000000013,0.42200000000000026,231.0,2.0,20875.0,14756.61141658206
2026-09-13 06:15:40.097,0.2644579361637688,0.21100000000000013,0.42200000000000026,231.0,2.0,20875.0,14756.61141658206
2026-09-13 06:15:40.121,0.2644579361637688,0.21100000000000013,0.42200000000000026,231.0,2.0,20875.0,14756.61141658206
2026-09-13 06:15:43.597,0.2644579361637688,0.21100000000000013,0.42200000000000026,231.0,2.0,20875.0,14756.61141658206
2026-09-13 06:15:43.621,0.2644579361637688,0.21100000000000013,0.42200000000000026,231.0,2.0,20875.0,14756.61141658206
2026-09-13 06:15:47.290,0.25667976157071676,0.20550000000000013,0.41100000000000025,231.0,2.0,20875.0,14756.61141658206
2026-09-13 06:15:47.314,0.25667976157071676,0.20550000000000013,0.41100000000000025,231.0,2.0,20875.0,14756.61141658206
2026-09-13 06:15:50.790,0.2644579361637688,0.21100000000000013,0.42200000000000026,231.0,2.0,20875.0,14756.61141658206
2026-09-13 06:15:50.814,0.2644579361637688,0.21100000000000013,0.42200000000000026,231.0,2.0,20875.0,14756.61141658206
2026-09-13 06:15:54.291,0.2644579361637688,0.21100000000000013,0.42200000000000026,231.0,2.0,20875.0,14756.61141658206
2026-09-13 06:15:54.314,0.26516504294495535,0.21050000000000013,0.42100000000000026,231.0,2.0,20875.0,14756.61141658206
2026-09-13 06:15:57.791,0.26516504294495535,0.21050000000000013,0.42100000000000026,231.0,2.0,20875.0,14756.61141658206
2026-09-13 06:15:57.814,0.26516504294495535,0.21050000000000013,0.42100000000000026,231.0,2.0,20875.0,14756.61141658206
2026-09-13 06:16:01.291,0.26516504294495535,0.21050000000000013,0.42100000000000026,231.0,2.0,20875.0,14756.61141658206
2026-09-13 06:16:01.314,0.26516504294495535,0.21050000000000013,0.42100000000000026,231.0,2.0,20875.0,14756.61141658206
2026-09-13 06:16:04.791,0.26516504294495535,0.21050000000000013,0.42100000000000026,231.0,2.0,20875.0,14756.61141658206
2026-09-13 06:16:04.815,0.2644579361637688,0.21100000000000013,0.42200000000000026,231.0,2.0,20875.0,14756.61141658206
2026-09-13 06:16:08.291,0.2644579361637688,0.21100000000000013,0.42200000000000026,231.0,2.0,20875.0,14756.61141658206
2026-09-13 06:16:08.314,0.26516504294495535,0.21050000000000013,0.42100000000000026,231.0,2.0,20875.0,14756.61141658206
2026-09-13 06:16:11.791,0.26516504294495535,0.21050000000000013,0.42100000000000026,231.0,2.0,20875.0,14756.61141658206
2026-09-13 06:16:11.815,0.2644579361637688,0.21100000000000013,0.42200000000000026,231.0,2.0,20875.0,14756.61141658206
2026-09-13 06:16:15.291,0.2644579361637688,0.21100000000000013,0.42200000000000026,231.0,2.0,20875.0,14756.61141658206
2026-09-13 06:16:15.315,0.2644579361637688,0.21100000000000013,0.42200000000000026,231.0,2.0,20875.0,14756.61141658206
2026-09-13 06:16:18.791,0.2644579361637688,0.21100000000000013,0.42200000000000026,231.0,2.0,20875.0,14756.61141658206
2026-09-13 06:16:18.815,0.2644579361637688,0.21100000000000013,0.42200000000000026,231.0,2.0,20875.0,14756.61141658206
2026-09-13 06:16:22.291,0.2644579361637688,0.21100000000000013,0.42200000000000026,231.0,2.0,20875.0,14756.61141658206
2026-09-13 06:16:22.315,0.2644579361637688,0.21100000000000013,0.42200000000000026,231.0,2.0,20875.0,14756.61141658206
2026-09-13 06:16:25.791,0.2644579361637688,0.21100000000000013,0.42200000000000026,231.0,2.0,20875.0,14756.61141658206
2026-09-13 06:16:25.815,0.2644579361637688,0.21100000000000013,0.42200000000000026,231.0,2.0,20875.0,14756.61141658206
2026-09-13 06:16:29.291,0.2644579361637688,0.21100000000000013,0.42200000000000026,231.0,2.0,20875.0,14756.61141658206
2026-09-13 06:16:29.315,0.2644579361637688,0.21100000000000013,0.42200000000000026,231.0,2.0,20875.0,14756.61141658206
2026-09-13 06:16:32.791,0.1796051224213831,0.15100000000000013,0.30200000000000027,231.0,2.0,20875.0,14756.61141658206
2026-09-13 06:16:32.816,0.17889801564019653,0.15150000000000013,0.30300000000000027,231.0,2.0,20875.0,14756.61141658206
2026-09-13 06:16:36.292,0.26375082938258226,0.21150000000000013,0.42300000000000026,231.0,2.0,20875.0,14756.61141658206
2026-09-13 06:16:36.315,0.26516504294495535,0.21050000000000013,0.42100000000000026,231.0,2.0,20875.0,14756.61141658206
2026-09-13 06:16:39.792,0.26516504294495535,0.21050000000000013,0.42100000000000026,231.0,2.0,20875.0,14756.61141658206
2026-09-13 06:16:39.815,0.26516504294495535,0.21050000000000013,0.42100000000000026,231.0,2.0,20875.0,14756.61141658206
2026-09-13 06:16:43.292,0.26516504294495535,0.21050000000000013,0.42100000000000026,231.0,2.0,20875.0,14756.61141658206
2026-09-13 06:16:43.315,0.26516504294495535,0.21050000000000013,0.42100000000000026,231.0,2.0,20875.0,14756.61141658206
2026-09-13 06:16:46.792,0.26516504294495535,0.21050000000000013,0.42100000000000026,231.0,2.0,20875.0,14756.61141658206
2026-09-13 06:16:46.815,0.26516504294495535,0.21050000000000013,0.42100000000000026,231.0,2.0,20875.0,14756.61141658206
2026-09-13 06:16:50.292,0.26516504294495535,0.21050000000000013,0.42100000000000026,231.0,2.0,20875.0,14756.61141658206
2026-09-13 06:16:50.315,0.26516504294495535,0.21050000000000013,0.42100000000000026,231.0,2.0,20875.0,14756.61141658206
2026-09-13 06:16:53.792,0.26516504294495535,0.21050000000000013,0.42100000000000026,231.0,2.0,20875.0,14756.61141658206
2026-09-13 06:16:53.816,0.2644579361637688,0.21100000000000013,0.42200000000000026,231.0,2.0,20875.0,14756.61141658206
2026-09-13 06:16:57.292,0.2644579361637688,0.21100000000000013,0.42200000000000026,231.0,2.0,20875.0,14756.61141658206
2026-09-13 06:16:57.316,0.2644579361637688,0.21100000000000013,0.42200000000000026,231.0,2.0,20875.0,14756.61141658206
2026-09-13 06:17:00.792,0.2644579361637688,0.21100000000000013,0.42200000000000026,231.0,2.0,20875.0,14756.61141658206
2026-09-13 06:17:00.816,0.2644579361637688,0.21100000000000013,0.42200000000000026,231.0,2.0,20875.0,14756.61141658206
2026-09-13 06:17:04.292,0.2644579361637688,0.21100000000000013,0.42200000000000026,231.0,2.0,20875.0,14756.61141658206
2026-09-13 06:17:04.316,0.2644579361637688,0.21100000000000013,0.42200000000000026,231.0,2.0,20875.0,14756.61141658206
2026-09-13 06:17:07.792,0.2644579361637688,0.21100000000000013,0.42200000000000026,231.0,2.0,20875.0,14756.61141658206
2026-09-13 06:17:07.816,0.2644579361637688,0.21100000000000013,0.42200000000000026,231.0,2.0,20875.0,14756.61141658206
2026-09-13 06:17:11.292,0.26375082938258226,0.21050000000000013,0.42100000000000026,231.0,2.0,20875.0,14756.61141658206
2026-09-13 06:17:11.316,0.26375082938258226,0.21050000000000013,0.42100000000000026,231.0,2.0,20875.0,14756.61141658206
2026-09-13 06:17:14.792,0.2644579361637688,0.21100000000000013,0.42200000000000026,231.0,2.0,20875.0,14756.61141658206
2026-09-13 06:17:14.816,0.2644579361637688,0.21100000000000013,0.42200000000000026,231.0,2.0,20875.0,14756.61141658206
2026-09-13 06:17:18.292,0.2644579361637688,0.21100000000000013,0.42200000000000026,231.0,2.0,20875.0,14756.61141658206
2026-09-13 06:17:18.316,0.2644579361637688,0.21100000000000013,0.42200000000000026,231.0,2.0,20875.0,14756.61141658206
2026-09-13 06:17:21.793,0.2644579361637688,0.21100000000000013,0.42200000000000026,231.0,2.0,20875.0,14756.61141658206
2026-09-13 06:17:21.816,0.26516504294495535,0.21050000000000013,0.42100000000000026,231.0,2.0,20875.0,14756.61141658206
2026-09-13 06:17:25.293,0.26516504294495535,0.21050000000000013,0.42100000000000026,231.0,2.0,20875.0,14756.61141658206
2026-09-13 06:17:25.316,0.26516504294495535,0.21050000000000013,0.42100000000000026,231.0,2.0,20875.0,14756.61141658206
2026-09-13 06:17:28.793,0.26516504294495535,0.21050000000000013,0.42100000000000026,231.0,2.0,20875.0,14756.61141658206
2026-09-13 06:17:28.816,0.26516504294495535,0.21050000000000013,0.42100000000000026,231.0,2.0,20875.0,14756.61141658206
2026-09-13 06:17:32.293,0.26516504294495535,0.21050000000000013,0.42100000000000026,231.0,2.0,20875.0,14756.61141658206
2026-09-13 06:17:32.316,0.26516504294495535,0.21050000000000013,0.42100000000000026,231.0,2.0,20875.0,14756.61141658206
2026-09-13 06:17:35.793,0.26516504294495535,0.21050000000000013,0.42100000000000026,231.0,2.0,20875.0,14756.61141658206
2026-09-13 06:17:35.817,0.2644579361637688,0.21100000000000013,0.42200000000000026,231.0,2.0,20875.0,14756.61141658206
2026-09-13 06:17:39.293,0.2644579361637688,0.21100000000000013,0.42200000000000026,231.0,2.0,20875.0,14756.61141658206
2026-09-13 06:17:39.317,0.2644579361637688,0.21100000000000013,0.42200000000000026,231.0,2.0,20875.0,14756.61141658206
2026-09-13 06:17:42.835,0.2644579361637688,0.21100000000000013,0.42200000000000026,231.0,2.0,20875.0,14756.61141658206
2026-09-13 06:17:42.859,0.2644579361637688,0.21100000000000013,0.42200000000000026,231.0,2.0,20875.0,14756.61141658206
2026-09-13 06:17:46.335,0.2644579361637688,0.21100000000000013,0.42200000000000026,231.0,2.0,20875.0,14756.61141658206
2026-09-13 06:17:46.359,0.2644579361637688,0.21100000000000013,0.42200000000000026,231.0,2.0,20875.0,14756.61141658206
2026-09-13 06:17:49.835,0.2644579361637688,0.21100000000000013,0.42200000000000026,231.0,2.0,20875.0,14756.61141658206
2026-09-13 06:17:49.859,0.2644579361637688,0.21100000000000013,0.42200000000000026,231.0,2.0,20875.0,14756.61141658206
2026-09-13 06:17:53.335,0.2644579361637688,0.21100000000000013,0.42200000000000026,231.0,2.0,20875.0,14756.61141658206
2026-09-13 06:17:53.359,0.2644579361637688,0.21100000000000013,0.42200000000000026,231.0,2.0,20875.0,14756.61141658206
2026-09-13 06:17:56.835,0.2644579361637688,0.21100000000000013,0.42200000000000026,231.0,2.0,20875.0,14756.61141658206
2026-09-13 06:17:56.859,0.2644579361637688,0.21100000000000013,0.42200000000000026,231.0,2.0,20875.0,14756.61141658206
2026-09-13 06:18:00.335,0.26375082938258226,0.21050000000000013,0.42100000000000026,231.0,2.0,20875.0,14756.61141658206
2026-09-13 06:18:00.359,0.26375082938258226,0.21050000000000013,0.42100000000000026,231.0,2.0,20875.0,14756.61141658206
2026-09-13 06:18:03.836,0.2644579361637688,0.21100000000000013,0.42200000000000026,231.0,2.0,20875.0,14756.61141658206
2026-09-13 06:18:03.859,0.26516504294495535,0.21050000000000013,0.42100000000000026,231.0,2.0,20875.0,14756.61141658206
2026-09-13 06:18:07.336,0.26516504294495535,0.21050000000000013,0.42100000000000026,231.0,2.0,20875.0,14756.61141658206
2026-09-13 06:18:07.359,0.26516504294495535,0.21050000000000013,0.42100000000000026,231.0,2.0,20875.0,14756.61141658206
2026-09-13 06:18:10.836,0.26516504294495535,0.21050000000000013,0.42100000000000026,231.0,2.0,20875.0,14756.61141658206
2026-09-13 06:18:10.859,0.26516504294495535,0.21050000000000013,0.42100000000000026,231.0,2.0,20875.0,14756.61141658206
2026-09-13 06:18:14.336,0.26516504294495535,0.21050000000000013,0.42100000000000026,231.0,2.0,20875.0,14756.61141658206
2026-09-13 06:18:14.359,0.26516504294495535,0.21050000000000013,0.42100000000000026,231.0,2.0,20875.0,14756.61141658206
2026-09-13 06:18:17.836,0.26516504294495535,0.21050000000000013,0.42100000000000026,231.0,2.0,20875.0,14756.61141658206
2026-09-13 06:18:17.859,0.26516504294495535,0.21050000000000013,0.42100000000000026,231.0,2.0,20875.0,14756.61141658206
2026-09-13 06:18:21.336,0.26516504294495535,0.21050000000000013,0.42100000000000026,231.0,2.0,20875.0,14756.61141658206
2026-09-13 06:18:21.360,0.2644579361637688,0.21100000000000013,0.42200000000000026,231.0,2.0,20875.0,14756.61141658206
2026-09-13 06:18:24.836,0.2644579361637688,0.21100000000000013,0.42200000000000026,231.0,2.0,20875.0,14756.61141658206
2026-09-13 06:18:24.860,0.2644579361637688,0.21100000000000013,0.42200000000000026,231.0,2.0,20875.0,14756.61141658206
2026-09-13 06:18:28.336,0.2644579361637688,0.21100000000000013,0.42200000000000026,231.0,2.0,20875.0,14756.61141658206
2026-09-13 06:18:28.360,0.2644579361637688,0.21100000000000013,0.42200000000000026,231.0,2.0,20875.0,14756.61141658206
2026-09-13 06:18:31.836,0.2644579361637688,0.21100000000000013,0.42200000000000026,231.0,2.0,20875.0,14756.61141658206
2026-09-13 06:18:31.860,0.2644579361637688,0.21100000000000013,0.42200000000000026,231.0,2.0,20875.0,14756.61141658206
2026-09-13 06:18:35.336,0.2644579361637688,0.21100000000000013,0.42200000000000026,231.0,2.0,20875.0,14756.61141658206
2026-09-13 06:18:35.360,0.2644579361637688,0.21100000000000013,0.42200000000000026,231.0,2.0,20875.0,14756.61141658206
2026-09-13 06:18:38.836,0.16122034611053282,0.13800000000000012,0.27600000000000025,231.0,2.0,20875.0,14756.61141658206
2026-09-13 06:18:38.860,0.16122034611053285,0.13800000000000012,0.27600000000000025,231.0,2.0,20875.0,14756.61141658206
2026-09-13 06:18:42.336,0.2644579361637688,0.21100000000000013,0.42200000000000026,231.0,2.0,20875.0,14756.61141658206
2026-09-13 06:18:42.360,0.2644579361637688,0.21100000000000013,0.42200000000000026,231.0,2.0,20875.0,14756.61141658206
2026-09-13 06:18:45.836,0.2644579361637688,0.21100000000000013,0.42200000000000026,231.0,2.0,20875.0,14756.61141658206
2026-09-13 06:18:45.860,0.2644579361637688,0.21100000000000013,0.42200000000000026,231.0,2.0,20875.0,14756.61141658206
2026-09-13 06:18:49.337,0.2644579361637688,0.21100000000000013,0.42200000000000026,231.0,2.0,20875.0,14756.61141658206
2026-09-13 06:18:49.360,0.26516504294495535,0.21050000000000013,0.42100000000000026,231.0,2.0,20875.0,14756.61141658206
2026-09-13 06:18:52.837,0.26516504294495535,0.21050000000000013,0.42100000000000026,231.0,2.0,20875.0,14756.61141658206
2026-09-13 06:18:52.860,0.26516504294495535,0.21050000000000013,0.42100000000000026,231.0,2.0,20875.0,14756.61141658206
2026-09-13 06:18:56.337,0.26516504294495535,0.21050000000000013,0.42100000000000026,231.0,2.0,20875.0,14756.61141658206
2026-09-13 06:18:56.360,0.26516504294495535,0.21050000000000013,0.42100000000000026,231.0,2.0,20875.0,14756.61141658206
2026-09-13 06:18:59.837,0.26516504294495535,0.21050000000000013,0.42100000000000026,231.0,2.0,20875.0,14756.61141658206
2026-09-13 06:18:59.860,0.26516504294495535,0.21050000000000013,0.42100000000000026,231.0,2.0,20875.0,14756.61141658206
2026-09-13 06:19:03.337,0.26516504294495535,0.21050000000000013,0.42100000000000026,231.0,2.0,20875.0,14756.61141658206
2026-09-13 06:19:03.360,0.26516504294495535,0.21050000000000013,0.42100000000000026,231.0,2.0,20875.0,14756.61141658206
2026-09-13 06:19:06.837,0.26516504294495535,0.21050000000000013,0.42100000000000026,231.0,2.0,20875.0,14756.61141658206
2026-09-13 06:19:06.861,0.2644579361637688,0.21100000000000013,0.42200000000000026,231.0,2.0,20875.0,14756.61141658206
2026-09-13 06:19:10.337,0.2644579361637688,0.21100000000000013,0.42200000000000026,231.0,2.0,20875.0,14756.61141658206
2026-09-13 06:19:10.361,0.2644579361637688,0.21100000000000013,0.42200000000000026,231.0,2.0,20875.0,14756.61141658206
2026-09-13 06:19:13.837,0.2644579361637688,0.21100000000000013,0.42200000000000026,231.0,2.0,20875.0,14756.61141658206
2026-09-13 06:19:13.861,0.2644579361637688,0.21100000000000013,0.42200000000000026,231.0,2.0,20875.0,14756.61141658206
2026-09-13 06:19:17.337,0.2644579361637688,0.21100000000000013,0.42200000000000026,231.0,2.0,20875.0,14756.61141658206
2026-09-13 06:19:17.361,0.2644579361637688,0.21100000000000013,0.42200000000000026,231.0,2.0,20875.0,14756.61141658206
2026-09-13 06:19:20.837,0.2644579361637688,0.21100000000000013,0.42200000000000026,231.0,2.0,20875.0,14756.61141658206
2026-09-13 06:19:20.861,0.2644579361637688,0.21100000000000013,0.42200000000000026,231.0,2.0,20875.0,14756.61141658206
2026-09-13 06:19:24.337,0.2644579361637688,0.21100000000000013,0.42200000000000026,231.0,2.0,20875.0,14756.61141658206
2026-09-13 06:19:24.361,0.2644579361637688,0.21100000000000013,0.42200000000000026,231.0,2.0,20875.0,14756.61141658206
2026-09-13 06:19:27.837,0.26375082938258226,0.21050000000000013,0.42100000000000026,231.0,2.0,20875.0,14756.61141658206
2026-09-13 06:19:27.861,0.26375082938258226,0.21050000000000013,0.42100000000000026,231.0,2.0,20875.0,14756.61141658206
2026-09-13 06:19:31.338,0.2644579361637688,0.21100000000000013,0.42200000000000026,231.0,2.0,20875.0,14756.61141658206
2026-09-13 06:19:31.361,0.26516504294495535,0.21050000000000013,0.42100000000000026,231.0,2.0,20875.0,14756.61141658206
2026-09-13 06:19:34.838,0.26516504294495535,0.21050000000000013,0.42100000000000026,231.0,2.0,20875.0,14756.61141658206
2026-09-13 06:19:34.861,0.26516504294495535,0.21050000000000013,0.42100000000000026,231.0,2.0,20875.0,14756.61141658206
2026-09-13 06:19:38.343,0.26516504294495535,0.21050000000000013,0.42100000000000026,231.0,2.0,20875.0,14756.61141658206
2026-09-13 06:19:38.366,0.26516504294495535,0.21050000000000013,0.42100000000000026,231.0,2.0,20875.0,14756.61141658206
2026-09-13 06:19:41.843,0.26516504294495535,0.21050000000000013,0.42100000000000026,231.0,2.0,20875.0,14756.61141658206
2026-09-13 06:19:41.866,0.26516504294495535,0.21050000000000013,0.42100000000000026,231.0,2.0,20875.0,14756.61141658206
2026-09-13 06:19:45.343,0.26516504294495535,0.21050000000000013,0.42100000000000026,231.0,2.0,20875.0,14756.61141658206
2026-09-13 06:19:45.366,0.26516504294495535,0.21050000000000013,0.42100000000000026,231.0,2.0,20875.0,14756.61141658206
2026-09-13 06:19:48.843,0.26516504294495535,0.21050000000000013,0.42100000000000026,231.0,2.0,20875.0,14756.61141658206
2026-09-13 06:19:48.867,0.2644579361637688,0.21100000000000013,0.42200000000000026,231.0,2.0,20875.0,14756.61141658206
2026-09-13 06:19:52.343,0.2644579361637688,0.21100000000000013,0.42200000000000026,231.0,2.0,20875.0,14756.61141658206
2026-09-13 06:19:52.367,0.2644579361637688,0.21100000000000013,0.42200000000000026,231.0,2.0,20875.0,14756.61141658206
2026-09-13 06:19:55.843,0.2644579361637688,0.21100000000000013,0.42200000000000026,231.0,2.0,20875.0,14756.61141658206
2026-09-13 06:19:55.867,0.2644579361637688,0.21100000000000013,0.42200000000000026,231.0,2.0,20875.0,14756.61141658206
2026-09-13 06:19:59.343,0.2644579361637688,0.21100000000000013,0.42200000000000026,231.0,2.0,20875.0,14756.61141658206
2026-09-13 06:19:59.367,0.2644579361637688,0.21100000000000013,0.42200000000000026,231.0,2.0,20875.0,14756.61141658206
2026-09-13 06:20:07.430,0.2644579361637688,0.21100000000000013,0.42200000000000026,231.0,2.0,20875.0,14756.61141658206
2026-09-13 06:20:07.454,0.2644579361637688,0.21100000000000013,0.42200000000000026,231.0,2.0,20875.0,14756.61141658206
2026-09-13 06:20:10.930,0.2644579361637688,0.21100000000000013,0.42200000000000026,231.0,2.0,20875.0,14756.61141658206
2026-09-13 06:20:10.954,0.2644579361637688,0.21100000000000013,0.42200000000000026,231.0,2.0,20875.0,14756.61141658206
2026-09-13 06:20:14.430,0.26375082938258226,0.21050000000000013,0.42100000000000026,231.0,2.0,20875.0,14756.61141658206
2026-09-13 06:20:14.454,0.26375082938258226,0.21050000000000013,0.42100000000000026,231.0,2.0,20875.0,14756.61141658206
2026-09-13 06:20:17.931,0.2644579361637688,0.21100000000000013,0.42200000000000026,231.0,2.0,20875.0,14756.61141658206
2026-09-13 06:20:17.954,0.26516504294495535,0.21050000000000013,0.42100000000000026,231.0,2.0,20875.0,14756.61141658206
2026-09-13 06:20:21.431,0.26516504294495535,0.21050000000000013,0.42100000000000026,231.0,2.0,20875.0,14756.61141658206
2026-09-13 06:20:21.454,0.26516504294495535,0.21050000000000013,0.42100000000000026,231.0,2.0,20875.0,14756.61141658206
2026-09-13 06:20:24.931,0.26516504294495535,0.21050000000000013,0.42100000000000026,231.0,2.0,20875.0,14756.61141658206
2026-09-13 06:20:24.954,0.26516504294495535,0.21050000000000013,0.42100000000000026,231.0,2.0,20875.0,14756.61141658206
2026-09-13 06:20:28.431,0.26516504294495535,0.21050000000000013,0.42100000000000026,231.0,2.0,20875.0,14756.61141658206
2026-09-13 06:20:28.454,0.26516504294495535,0.21050000000000013,0.42100000000000026,231.0,2.0,20875.0,14756.61141658206
2026-09-13 06:20:31.931,0.26516504294495535,0.21050000000000013,0.42100000000000026,231.0,2.0,20875.0,14756.61141658206
2026-09-13 06:20:31.954,0.26516504294495535,0.21050000000000013,0.42100000000000026,231.0,2.0,20875.0,14756.61141658206
2026-09-13 06:20:35.431,0.26516504294495535,0.21050000000000013,0.42100000000000026,231.0,2.0,20875.0,14756.61141658206
2026-09-13 06:20:35.455,0.2644579361637688,0.21100000000000013,0.42200000000000026,231.0,2.0,20875.0,14756.61141658206
2026-09-13 06:20:38.931,0.2644579361637688,0.21100000000000013,0.42200000000000026,231.0,2.0,20875.0,14756.61141658206
2026-09-13 06:20:38.955,0.2644579361637688,0.21100000000000013,0.42200000000000026,231.0,2.0,20875.0,14756.61141658206
2026-09-13 06:20:42.431,0.2644579361637688,0.21100000000000013,0.42200000000000026,231.0,2.0,20875.0,14756.61141658206
2026-09-13 06:20:42.455,0.2644579361637688,0.21100000000000013,0.42200000000000026,231.0,2.0,20875.0,14756.61141658206
2026-09-13 06:20:45.931,0.2644579361637688,0.21100000000000013,0.42200000000000026,231.0,2.0,20875.0,14756.61141658206
2026-09-13 06:20:45.955,0.2644579361637688,0.21100000000000013,0.42200000000000026,231.0,2.0,20875.0,14756.61141658206
2026-09-13 06:20:49.431,0.2644579361637688,0.21100000000000013,0.42200000000000026,231.0,2.0,20875.0,14756.61141658206
2026-09-13 06:20:49.455,0.2644579361637688,0.21100000000000013,0.42200000000000026,231.0,2.0,20875.0,14756.61141658206
2026-09-13 06:20:52.931,0.2644579361637688,0.21100000000000013,0.42200000000000026,231.0,2.0,20875.0,14756.61141658206
2026-09-13 06:20:52.955,0.2644579361637688,0.21100000000000013,0.42200000000000026,231.0,2.0,20875.0,14756.61141658206
2026-09-13 06:20:56.431,0.26375082938258226,0.21050000000000013,0.42100000000000026,231.0,2.0,20875.0,14756.61141658206
2026-09-13 06:20:56.455,0.26375082938258226,0.21050000000000013,0.42100000000000026,231.0,2.0,20875.0,14756.61141658206
2026-09-13 06:20:59.932,0.2644579361637688,0.21100000000000013,0.42200000000000026,231.0,2.0,20875.0,14756.61141658206
2026-09-13 06:20:59.955,0.26516504294495535,0.21050000000000013,0.42100000000000026,231.0,2.0,20875.0,14756.61141658206
2026-09-13 06:21:03.432,0.26516504294495535,0.21050000000000013,0.42100000000000026,231.0,2.0,20875.0,14756.61141658206
2026-09-13 06:21:03.455,0.26516504294495535,0.21050000000000013,0.42100000000000026,231.0,2.0,20875.0,14756.61141658206
2026-09-13 06:21:06.932,0.26516504294495535,0.21050000000000013,0.42100000000000026,231.0,2.0,20875.0,14756.61141658206
2026-09-13 06:21:06.955,0.26516504294495535,0.21050000000000013,0.42100000000000026,231.0,2.0,20875.0,14756.61141658206
2026-09-13 06:21:10.432,0.26516504294495535,0.21050000000000013,0.42100000000000026,231.0,2.0,20875.0,14756.61141658206
2026-09-13 06:21:10.455,0.26516504294495535,0.21050000000000013,0.42100000000000026,231.0,2.0,20875.0,14756.61141658206
2026-09-13 06:21:13.932,0.26516504294495535,0.21050000000000013,0.42100000000000026,231.0,2.0,20875.0,14756.61141658206
2026-09-13 06:21:13.955,0.26516504294495535,0.21050000000000013,0.42100000000000026,231.0,2.0,20875.0,14756.61141658206
2026-09-13 06:21:17.432,0.26516504294495535,0.21050000000000013,0.42100000000000026,231.0,2.0,20875.0,14756.61141658206
2026-09-13 06:21:17.456,0.2644579361637688,0.21100000000000013,0.42200000000000026,231.0,2.0,20875.0,14756.61141658206
2026-09-13 06:21:20.932,0.09050966799187808,0.0880000000000001,0.1760000000000002,231.0,2.0,20875.0,14756.61141658206
2026-09-13 06:21:20.957,0.08980256121069154,0.0885000000000001,0.1770000000000002,231.0,2.0,20875.0,14756.61141658206
2026-09-13 06:21:24.432,0.26375082938258226,0.21150000000000013,0.42300000000000026,231.0,2.0,20875.0,14756.61141658206
2026-09-13 06:21:24.456,0.2644579361637688,0.21100000000000013,0.42200000000000026,231.0,2.0,20875.0,14756.61141658206
2026-09-13 06:21:27.932,0.2644579361637688,0.21100000000000013,0.42200000000000026,231.0,2.0,20875.0,14756.61141658206
2026-09-13 06:21:27.956,0.2644579361637688,0.21100000000000013,0.42200000000000026,231.0,2.0,20875.0,14756.61141658206
2026-09-13 06:21:31.432,0.2644579361637688,0.21100000000000013,0.42200000000000026,231.0,2.0,20875.0,14756.61141658206
2026-09-13 06:21:31.456,0.2644579361637688,0.21100000000000013,0.42200000000000026,231.0,2.0,20875.0,14756.61141658206
2026-09-13 06:21:34.932,0.2644579361637688,0.21100000000000013,0.42200000000000026,231.0,2.0,20875.0,14756.61141658206
2026-09-13 06:21:34.956,0.2644579361637688,0.21100000000000013,0.42200000000000026,231.0,2.0,20875.0,14756.61141658206
2026-09-13 06:21:38.432,0.2644579361637688,0.21100000000000013,0.42200000000000026,231.0,2.0,20875.0,14756.61141658206
2026-09-13 06:21:38.456,0.2644579361637688,0.21100000000000013,0.42200000000000026,231.0,2.0,20875.0,14756.61141658206
2026-09-13 06:21:41.932,0.2213244225113894,0.18050000000000013,0.36100000000000027,231.0,2.0,20875.0,14756.61141658206
2026-09-13 06:21:41.956,0.2213244225113894,0.18050000000000013,0.36100000000000027,231.0,2.0,20875.0,14756.61141658206
2026-09-13 06:21:45.433,0.2644579361637688,0.21100000000000013,0.42200000000000026,231.0,2.0,20875.0,14756.61141658206
2026-09-13 06:21:45.456,0.26516504294495535,0.21050000000000013,0.42100000000000026,231.0,2.0,20875.0,14756.61141658206
2026-09-13 06:21:48.933,0.26516504294495535,0.21050000000000013,0.42100000000000026,231.0,2.0,20875.0,14756.61141658206
2026-09-13 06:21:48.956,0.26516504294495535,0.21050000000000013,0.42100000000000026,231.0,2.0,20875.0,14756.61141658206
2026-09-13 06:21:52.433,0.26516504294495535,0.21050000000000013,0.42100000000000026,231.0,2.0,20875.0,14756.61141658206
2026-09-13 06:21:52.456,0.26516504294495535,0.21050000000000013,0.42100000000000026,231.0,2.0,20875.0,14756.61141658206
2026-09-13 06:21:55.933,0.26516504294495535,0.21050000000000013,0.42100000000000026,231.0,2.0,20875.0,14756.61141658206
2026-09-13 06:21:55.956,0.26516504294495535,0.21050000000000013,0.42100000000000026,231.0,2.0,20875.0,14756.61141658206
2026-09-13 06:21:59.433,0.26516504294495535,0.21050000000000013,0.42100000000000026,231.0,2.0,20875.0,14756.61141658206
2026-09-13 06:21:59.456,0.26516504294495535,0.21050000000000013,0.42100000000000026,231.0,2.0,20875.0,14756.61141658206
2026-09-13 06:22:02.933,0.26516504294495535,0.21050000000000013,0.42100000000000026,231.0,2.0,20875.0,14756.61141658206
2026-09-13 06:22:02.957,0.2644579361637688,0.21100000000000013,0.42200000000000026,231.0,2.0,20875.0,14756.61141658206
2026-09-13 06:22:06.433,0.2644579361637688,0.21100000000000013,0.42200000000000026,231.0,2.0,20875.0,14756.61141658206
2026-09-13 06:22:06.457,0.2644579361637688,0.21100000000000013,0.42200000000000026,231.0,2.0,20875.0,14756.61141658206
2026-09-13 06:22:09.933,0.2644579361637688,0.21100000000000013,0.42200000000000026,231.0,2.0,20875.0,14756.61141658206
2026-09-13 06:22:09.957,0.2644579361637688,0.21100000000000013,0.42200000000000026,231.0,2.0,20875.0,14756.61141658206
2026-09-13 06:22:13.433,0.2644579361637688,0.21100000000000013,0.42200000000000026,231.0,2.0,20875.0,14756.61141658206
2026-09-13 06:22:13.457,0.2644579361637688,0.21100000000000013,0.42200000000000026,231.0,2.0,20875.0,14756.61141658206
2026-09-13 06:22:16.933,0.2644579361637688,0.21100000000000013,0.42200000000000026,231.0,2.0,20875.0,14756.61141658206
2026-09-13 06:22:16.957,0.2644579361637688,0.21100000000000013,0.42200000000000026,231.0,2.0,20875.0,14756.61141658206
2026-09-13 06:22:20.433,0.2644579361637688,0.21100000000000013,0.42200000000000026,231.0,2.0,20875.0,14756.61141658206
2026-09-13 06:22:20.457,0.2644579361637688,0.21100000000000013,0.42200000000000026,231.0,2.0,20875.0,14756.61141658206
2026-09-13 06:22:23.933,0.2644579361637688,0.21100000000000013,0.42200000000000026,231.0,2.0,20875.0,14756.61141658206
2026-09-13 06:22:23.957,0.2644579361637688,0.21100000000000013,0.42200000000000026,231.0,2.0,20875.0,14756.61141658206
2026-09-13 06:22:27.433,0.26375082938258226,0.21050000000000013,0.42100000000000026,231.0,2.0,20875.0,14756.61141658206
2026-09-13 06:22:27.457,0.26375082938258226,0.21050000000000013,0.42100000000000026,231.0,2.0,20875.0,14756.61141658206
2026-09-13 06:22:30.934,0.2644579361637688,0.21100000000000013,0.42200000000000026,231.0,2.0,20875.0,14756.61141658206
2026-09-13 06:22:30.957,0.26516504294495535,0.21050000000000013,0.42100000000000026,231.0,2.0,20875.0,14756.61141658206
2026-09-13 06:22:34.434,0.26516504294495535,0.21050000000000013,0.42100000000000026,231.0,2.0,20875.0,14756.61141658206
2026-09-13 06:22:34.457,0.26516504294495535,0.21050000000000013,0.42100000000000026,231.0,2.0,20875.0,14756.61141658206
2026-09-13 06:22:37.934,0.26516504294495535,0.21050000000000013,0.42100000000000026,231.0,2.0,20875.0,14756.61141658206
2026-09-13 06:22:37.957,0.26516504294495535,0.21050000000000013,0.42100000000000026,231.0,2.0,20875.0,14756.61141658206
2026-09-13 06:22:41.434,0.26516504294495535,0.21050000000000013,0.42100000000000026,231.0,2.0,20875.0,14756.61141658206
2026-09-13 06:22:41.457,0.26516504294495535,0.21050000000000013,0.42100000000000026,231.0,2.0,20875.0,14756.61141658206
2026-09-13 06:22:44.934,0.26516504294495535,0.21050000000000013,0.42100000000000026,231.0,2.0,20875.0,14756.61141658206
2026-09-13 06:22:44.957,0.26516504294495535,0.21050000000000013,0.42100000000000026,231.0,2.0,20875.0,14756.61141658206
2026-09-13 06:22:48.434,0.26516504294495535,0.21050000000000013,0.42100000000000026,231.0,2.0,20875.0,14756.61141658206
2026-09-13 06:22:48.458,0.2644579361637688,0.21100000000000013,0.42200000000000026,231.0,2.0,20875.0,14756.61141658206
2026-09-13 06:22:51.934,0.2644579361637688,0.21100000000000013,0.42200000000000026,231.0,2.0,20875.0,14756.61141658206
2026-09-13 06:22:51.958,0.2644579361637688,0.21100000000000013,0.42200000000000026,231.0,2.0,20875.0,14756.61141658206
2026-09-13 06:22:55.434,0.2644579361637688,0.21100000000000013,0.42200000000000026,231.0,2.0,20875.0,14756.61141658206
2026-09-13 06:22:55.458,0.2644579361637688,0.21100000000000013,0.42200000000000026,231.0,2.0,20875.0,14756.61141658206
2026-09-13 06:22:58.934,0.2644579361637688,0.21100000000000013,0.42200000000000026,231.0,2.0,20875.0,14756.61141658206
2026-09-13 06:22:58.958,0.2644579361637688,0.21100000000000013,0.42200000000000026,231.0,2.0,20875.0,14756.61141658206
2026-09-13 06:23:02.434,0.2644579361637688,0.21100000000000013,0.42200000000000026,231.0,2.0,20875.0,14756.61141658206
2026-09-13 06:23:02.458,0.2644579361637688,0.21100000000000013,0.42200000000000026,231.0,2.0,20875.0,14756.61141658206
2026-09-13 06:23:05.934,0.2644579361637688,0.21100000000000013,0.42200000000000026,231.0,2.0,20875.0,14756.61141658206
2026-09-13 06:23:05.958,0.2644579361637688,0.21100000000000013,0.42200000000000026,231.0,2.0,20875.0,14756.61141658206
2026-09-13 06:23:09.443,0.2644579361637688,0.21100000000000013,0.42200000000000026,231.0,2.0,20875.0,14756.61141658206
2026-09-13 06:23:09.467,0.2644579361637688,0.21100000000000013,0.42200000000000026,231.0,2.0,20875.0,14756.61141658206
2026-09-13 06:23:12.944,0.26516504294495535,0.21150000000000013,0.42300000000000026,231.0,2.0,20875.0,14756.61141658206
2026-09-13 06:23:12.967,0.26587214972614187,0.21100000000000013,0.42200000000000026,231.0,2.0,20875.0,14756.61141658206
2026-09-13 06:23:16.444,0.26516504294495535,0.21050000000000013,0.42100000000000026,231.0,2.0,20875.0,14756.61141658206
2026-09-13 06:23:16.467,0.26516504294495535,0.21050000000000013,0.42100000000000026,231.0,2.0,20875.0,14756.61141658206
2026-09-13 06:23:19.944,0.26516504294495535,0.21050000000000013,0.42100000000000026,231.0,2.0,20875.0,14756.61141658206
2026-09-13 06:23:19.967,0.26516504294495535,0.21050000000000013,0.42100000000000026,231.0,2.0,20875.0,14756.61141658206
2026-09-13 06:23:23.444,0.26516504294495535,0.21050000000000013,0.42100000000000026,231.0,2.0,20875.0,14756.61141658206
2026-09-13 06:23:23.467,0.26516504294495535,0.21050000000000013,0.42100000000000026,231.0,2.0,20875.0,14756.61141658206
2026-09-13 06:23:26.944,0.26516504294495535,0.21050000000000013,0.42100000000000026,231.0,2.0,20875.0,14756.61141658206
2026-09-13 06:23:26.968,0.2644579361637688,0.21100000000000013,0.42200000000000026,231.0,2.0,20875.0,14756.61141658206
2026-09-13 06:23:30.444,0.2644579361637688,0.21100000000000013,0.42200000000000026,231.0,2.0,20875.0,14756.61141658206
2026-09-13 06:23:30.468,0.2644579361637688,0.21100000000000013,0.42200000000000026,231.0,2.0,20875.0,14756.61141658206
2026-09-13 06:23:33.944,0.2644579361637688,0.21100000000000013,0.42200000000000026,231.0,2.0,20875.0,14756.61141658206
2026-09-13 06:23:33.968,0.2644579361637688,0.21100000000000013,0.42200000000000026,231.0,2.0,20875.0,14756.61141658206
2026-09-13 06:23:37.444,0.2644579361637688,0.21100000000000013,0.42200000000000026,231.0,2.0,20875.0,14756.61141658206
2026-09-13 06:23:37.468,0.2644579361637688,0.21100000000000013,0.42200000000000026,231.0,2.0,20875.0,14756.61141658206
2026-09-13 06:23:40.944,0.2644579361637688,0.21100000000000013,0.42200000000000026,231.0,2.0,20875.0,14756.61141658206
2026-09-13 06:23:40.968,0.2644579361637688,0.21100000000000013,0.42200000000000026,231.0,2.0,20875.0,14756.61141658206
2026-09-13 06:23:44.444,0.2644579361637688,0.21100000000000013,0.42200000000000026,231.0,2.0,20875.0,14756.61141658206
2026-09-13 06:23:44.468,0.2644579361637688,0.21100000000000013,0.42200000000000026,231.0,2.0,20875.0,14756.61141658206
2026-09-13 06:23:47.944,0.2644579361637688,0.21100000000000013,0.42200000000000026,231.0,2.0,20875.0,14756.61141658206
2026-09-13 06:23:47.968,0.2644579361637688,0.21100000000000013,0.42200000000000026,231.0,2.0,20875.0,14756.61141658206
2026-09-13 06:23:51.444,0.2644579361637688,0.21100000000000013,0.42200000000000026,231.0,2.0,20875.0,14756.61141658206
2026-09-13 06:23:51.468,0.2644579361637688,0.21100000000000013,0.42200000000000026,231.0,2.0,20875.0,14756.61141658206
2026-09-13 06:23:54.944,0.2644579361637688,0.21100000000000013,0.42200000000000026,231.0,2.0,20875.0,14756.61141658206
2026-09-13 06:23:54.968,0.2644579361637688,0.21100000000000013,0.42200000000000026,231.0,2.0,20875.0,14756.61141658206
2026-09-13 06:23:58.445,0.2644579361637688,0.21100000000000013,0.42200000000000026,231.0,2.0,20875.0,14756.61141658206
2026-09-13 06:23:58.468,0.26516504294495535,0.21050000000000013,0.42100000000000026,231.0,2.0,20875.0,14756.61141658206
2026-09-13 06:24:01.945,0.26587214972614187,0.21100000000000013,0.42200000000000026,231.0,2.0,20875.0,14756.61141658206
2026-09-13 06:24:01.968,0.26587214972614187,0.21100000000000013,0.42200000000000026,231.0,2.0,20875.0,14756.61141658206
2026-09-13 06:24:05.445,0.26516504294495535,0.21050000000000013,0.42100000000000026,231.0,2.0,20875.0,14756.61141658206
2026-09-13 06:24:05.468,0.26516504294495535,0.21050000000000013,0.42100000000000026,231.0,2.0,20875.0,14756.61141658206
2026-09-13 06:24:08.945,0.26516504294495535,0.21050000000000013,0.42100000000000026,231.0,2.0,20875.0,14756.61141658206
2026-09-13 06:24:08.968,0.26516504294495535,0.21050000000000013,0.42100000000000026,231.0,2.0,20875.0,14756.61141658206
2026-09-13 06:24:12.445,0.26516504294495535,0.21050000000000013,0.42100000000000026,231.0,2.0,20875.0,14756.61141658206
2026-09-13 06:24:12.468,0.26516504294495535,0.21050000000000013,0.42100000000000026,231.0,2.0,20875.0,14756.61141658206
2026-09-13 06:24:15.945,0.26516504294495535,0.21050000000000013,0.42100000000000026,231.0,2.0,20875.0,14756.61141658206
2026-09-13 06:24:15.969,0.2644579361637688,0.21100000000000013,0.42200000000000026,231.0,2.0,20875.0,14756.61141658206
2026-09-13 06:24:19.445,0.2644579361637688,0.21100000000000013,0.42200000000000026,231.0,2.0,20875.0,14756.61141658206
2026-09-13 06:24:19.469,0.2644579361637688,0.21100000000000013,0.42200000000000026,231.0,2.0,20875.0,14756.61141658206
2026-09-13 06:24:22.945,0.2644579361637688,0.21100000000000013,0.42200000000000026,231.0,2.0,20875.0,14756.61141658206
2026-09-13 06:24:22.969,0.2644579361637688,0.21100000000000013,0.42200000000000026,231.0,2.0,20875.0,14756.61141658206
2026-09-13 06:24:26.772,0.2644579361637688,0.21100000000000013,0.42200000000000026,231.0,2.0,20875.0,14756.61141658206
2026-09-13 06:24:26.796,0.2644579361637688,0.21100000000000013,0.42200000000000026,231.0,2.0,20875.0,14756.61141658206
2026-09-13 06:24:30.272,0.2644579361637688,0.21100000000000013,0.42200000000000026,231.0,2.0,20875.0,14756.61141658206
2026-09-13 06:24:30.296,0.2644579361637688,0.21100000000000013,0.42200000000000026,231.0,2.0,20875.0,14756.61141658206
2026-09-13 06:24:33.772,0.2644579361637688,0.21100000000000013,0.42200000000000026,231.0,2.0,20875.0,14756.61141658206
2026-09-13 06:24:33.796,0.2644579361637688,0.21100000000000013,0.42200000000000026,231.0,2.0,20875.0,14756.61141658206
2026-09-13 06:24:37.272,0.2644579361637688,0.21100000000000013,0.42200000000000026,231.0,2.0,20875.0,14756.61141658206
2026-09-13 06:24:37.296,0.2644579361637688,0.21100000000000013,0.42200000000000026,231.0,2.0,20875.0,14756.61141658206
2026-09-13 06:24:40.772,0.2644579361637688,0.21100000000000013,0.42200000000000026,231.0,2.0,20875.0,14756.61141658206
2026-09-13 06:24:40.796,0.2644579361637688,0.21100000000000013,0.42200000000000026,231.0,2.0,20875.0,14756.61141658206
2026-09-13 06:24:44.273,0.2644579361637688,0.21100000000000013,0.42200000000000026,231.0,2.0,20875.0,14756.61141658206
2026-09-13 06:24:44.296,0.26516504294495535,0.21050000000000013,0.42100000000000026,231.0,2.0,20875.0,14756.61141658206
2026-09-13 06:24:47.773,0.26516504294495535,0.21050000000000013,0.42100000000000026,231.0,2.0,20875.0,14756.61141658206
2026-09-13 06:24:47.796,0.26516504294495535,0.21050000000000013,0.42100000000000026,231.0,2.0,20875.0,14756.61141658206
2026-09-13 06:24:51.273,0.26516504294495535,0.21050000000000013,0.42100000000000026,231.0,2.0,20875.0,14756.61141658206
2026-09-13 06:24:51.296,0.26516504294495535,0.21050000000000013,0.42100000000000026,231.0,2.0,20875.0,14756.61141658206
2026-09-13 06:24:54.773,0.26516504294495535,0.21050000000000013,0.42100000000000026,231.0,2.0,20875.0,14756.61141658206
2026-09-13 06:24:54.796,0.26516504294495535,0.21050000000000013,0.42100000000000026,231.0,2.0,20875.0,14756.61141658206
2026-09-13 06:24:58.273,0.26516504294495535,0.21050000000000013,0.42100000000000026,231.0,2.0,20875.0,14756.61141658206
2026-09-13 06:24:58.296,0.26516504294495535,0.21050000000000013,0.42100000000000026,231.0,2.0,20875.0,14756.61141658206
2026-09-13 06:25:01.773,0.26516504294495535,0.21050000000000013,0.42100000000000026,231.0,2.0,20875.0,14756.61141658206
2026-09-13 06:25:01.796,0.26516504294495535,0.21050000000000013,0.42100000000000026,231.0,2.0,20875.0,14756.61141658206
2026-09-13 06:25:05.273,0.26516504294495535,0.21050000000000013,0.42100000000000026,231.0,2.0,20875.0,14756.61141658206
2026-09-13 06:25:05.297,0.2644579361637688,0.21100000000000013,0.42200000000000026,231.0,2.0,20875.0,14756.61141658206
2026-09-13 06:25:08.773,0.2644579361637688,0.21100000000000013,0.42200000000000026,231.0,2.0,20875.0,14756.61141658206
2026-09-13 06:25:08.797,0.2644579361637688,0.21100000000000013,0.42200000000000026,231.0,2.0,20875.0,14756.61141658206
2026-09-13 06:25:12.273,0.2644579361637688,0.21100000000000013,0.42200000000000026,231.0,2.0,20875.0,14756.61141658206
2026-09-13 06:25:12.297,0.2644579361637688,0.21100000000000013,0.42200000000000026,231.0,2.0,20875.0,14756.61141658206
2026-09-13 06:25:15.773,0.2644579361637688,0.21100000000000013,0.42200000000000026,231.0,2.0,20875.0,14756.61141658206
2026-09-13 06:25:15.797,0.2644579361637688,0.21100000000000013,0.42200000000000026,231.0,2.0,20875.0,14756.61141658206
2026-09-13 06:25:19.273,0.26375082938258226,0.21050000000000013,0.42100000000000026,231.0,2.0,20875.0,14756.61141658206
2026-09-13 06:25:19.297,0.26375082938258226,0.21050000000000013,0.42100000000000026,231.0,2.0,20875.0,14756.61141658206
2026-09-13 06:25:22.773,0.2644579361637688,0.21100000000000013,0.42200000000000026,231.0,2.0,20875.0,14756.61141658206
2026-09-13 06:25:22.797,0.2644579361637688,0.21100000000000013,0.42200000000000026,231.0,2.0,20875.0,14756.61141658206
2026-09-13 06:25:26.273,0.2644579361637688,0.21100000000000013,0.42200000000000026,231.0,2.0,20875.0,14756.61141658206
2026-09-13 06:25:26.297,0.2644579361637688,0.21100000000000013,0.42200000000000026,231.0,2.0,20875.0,14756.61141658206
2026-09-13 06:25:29.774,0.2644579361637688,0.21100000000000013,0.42200000000000026,231.0,2.0,20875.0,14756.61141658206
2026-09-13 06:25:29.797,0.26516504294495535,0.21050000000000013,0.42100000000000026,231.0,2.0,20875.0,14756.61141658206
2026-09-13 06:25:33.274,0.26516504294495535,0.21050000000000013,0.42100000000000026,231.0,2.0,20875.0,14756.61141658206
2026-09-13 06:25:33.297,0.26516504294495535,0.21050000000000013,0.42100000000000026,231.0,2.0,20875.0,14756.61141658206
2026-09-13 06:25:36.774,0.26516504294495535,0.21050000000000013,0.42100000000000026,231.0,2.0,20875.0,14756.61141658206
2026-09-13 06:25:36.797,0.26516504294495535,0.21050000000000013,0.42100000000000026,231.0,2.0,20875.0,14756.61141658206
2026-09-13 06:25:40.274,0.26516504294495535,0.21050000000000013,0.42100000000000026,231.0,2.0,20875.0,14756.61141658206
2026-09-13 06:25:40.297,0.26516504294495535,0.21050000000000013,0.42100000000000026,231.0,2.0,20875.0,14756.61141658206
2026-09-13 06:25:43.774,0.26516504294495535,0.21050000000000013,0.42100000000000026,231.0,2.0,20875.0,14756.61141658206
2026-09-13 06:25:43.798,0.2644579361637688,0.21100000000000013,0.42200000000000026,231.0,2.0,20875.0,14756.61141658206
2026-09-13 06:25:47.274,0.2644579361637688,0.21100000000000013,0.42200000000000026,231.0,2.0,20875.0,14756.61141658206
2026-09-13 06:25:47.298,0.2644579361637688,0.21100000000000013,0.42200000000000026,231.0,2.0,20875.0,14756.61141658206
2026-09-13 06:25:50.774,0.2644579361637688,0.21100000000000013,0.42200000000000026,231.0,2.0,20875.0,14756.61141658206
2026-09-13 06:25:50.798,0.2644579361637688,0.21100000000000013,0.42200000000000026,231.0,2.0,20875.0,14756.61141658206
2026-09-13 06:25:54.274,0.2644579361637688,0.21100000000000013,0.42200000000000026,231.0,2.0,20875.0,14756.61141658206
2026-09-13 06:25:54.298,0.2644579361637688,0.21100000000000013,0.42200000000000026,231.0,2.0,20875.0,14756.61141658206
2026-09-13 06:25:57.774,0.2644579361637688,0.21100000000000013,0.42200000000000026,231.0,2.0,20875.0,14756.61141658206
2026-09-13 06:25:57.798,0.2644579361637688,0.21100000000000013,0.42200000000000026,231.0,2.0,20875.0,14756.61141658206
2026-09-13 06:26:01.274,0.2644579361637688,0.21100000000000013,0.42200000000000026,231.0,2.0,20875.0,14756.61141658206
2026-09-13 06:26:01.298,0.2644579361637688,0.21100000000000013,0.42200000000000026,231.0,2.0,20875.0,14756.61141658206
2026-09-13 06:26:04.774,0.2644579361637688,0.21100000000000013,0.42200000000000026,231.0,2.0,20875.0,14756.61141658206
2026-09-13 06:26:04.798,0.2644579361637688,0.21100000000000013,0.42200000000000026,231.0,2.0,20875.0,14756.61141658206
2026-09-13 06:26:08.274,0.2644579361637688,0.21100000000000013,0.42200000000000026,231.0,2.0,20875.0,14756.61141658206
2026-09-13 06:26:08.298,0.2644579361637688,0.21100000000000013,0.42200000000000026,231.0,2.0,20875.0,14756.61141658206
2026-09-13 06:26:11.774,0.2644579361637688,0.21100000000000013,0.42200000000000026,231.0,2.0,20875.0,14756.61141658206
2026-09-13 06:26:11.798,0.2644579361637688,0.21100000000000013,0.42200000000000026,231.0,2.0,20875.0,14756.61141658206
2026-09-13 06:26:15.275,0.2644579361637688,0.21100000000000013,0.42200000000000026,231.0,2.0,20875.0,14756.61141658206
2026-09-13 06:26:15.298,0.26516504294495535,0.21050000000000013,0.42100000000000026,231.0,2.0,20875.0,14756.61141658206
2026-09-13 06:26:18.775,0.26516504294495535,0.21050000000000013,0.42100000000000026,231.0,2.0,20875.0,14756.61141658206
2026-09-13 06:26:18.798,0.26516504294495535,0.21050000000000013,0.42100000000000026,231.0,2.0,20875.0,14756.61141658206
2026-09-13 06:26:22.275,0.26516504294495535,0.21050000000000013,0.42100000000000026,231.0,2.0,20875.0,14756.61141658206
2026-09-13 06:26:22.298,0.26516504294495535,0.21050000000000013,0.42100000000000026,231.0,2.0,20875.0,14756.61141658206
2026-09-13 06:26:25.775,0.26516504294495535,0.21050000000000013,0.42100000000000026,231.0,2.0,20875.0,14756.61141658206
2026-09-13 06:26:25.798,0.26516504294495535,0.21050000000000013,0.42100000000000026,231.0,2.0,20875.0,14756.61141658206
2026-09-13 06:26:29.275,0.26516504294495535,0.21050000000000013,0.42100000000000026,231.0,2.0,20875.0,14756.61141658206
2026-09-13 06:26:29.299,0.2644579361637688,0.21100000000000013,0.42200000000000026,231.0,2.0,20875.0,14756.61141658206
2026-09-13 06:26:32.775,0.2644579361637688,0.21100000000000013,0.42200000000000026,231.0,2.0,20875.0,14756.61141658206
2026-09-13 06:26:32.799,0.2644579361637688,0.21100000000000013,0.42200000000000026,231.0,2.0,20875.0,14756.61141658206
2026-09-13 06:26:36.275,0.2644579361637688,0.21100000000000013,0.42200000000000026,231.0,2.0,20875.0,14756.61141658206
2026-09-13 06:26:36.299,0.2644579361637688,0.21100000000000013,0.42200000000000026,231.0,2.0,20875.0,14756.61141658206
2026-09-13 06:26:39.775,0.2644579361637688,0.21100000000000013,0.42200000000000026,231.0,2.0,20875.0,14756.61141658206
2026-09-13 06:26:39.799,0.2644579361637688,0.21100000000000013,0.42200000000000026,231.0,2.0,20875.0,14756.61141658206
2026-09-13 06:26:43.275,0.2644579361637688,0.21100000000000013,0.42200000000000026,231.0,2.0,20875.0,14756.61141658206
2026-09-13 06:26:43.299,0.2644579361637688,0.21100000000000013,0.42200000000000026,231.0,2.0,20875.0,14756.61141658206
2026-09-13 06:26:46.775,0.2644579361637688,0.21100000000000013,0.42200000000000026,231.0,2.0,20875.0,14756.61141658206
2026-09-13 06:26:46.799,0.2644579361637688,0.21100000000000013,0.42200000000000026,231.0,2.0,20875.0,14756.61141658206
2026-09-13 06:26:50.275,0.2644579361637688,0.21100000000000013,0.42200000000000026,231.0,2.0,20875.0,14756.61141658206
2026-09-13 06:26:50.299,0.2644579361637688,0.21100000000000013,0.42200000000000026,231.0,2.0,20875.0,14756.61141658206
2026-09-13 06:26:53.775,0.2644579361637688,0.21100000000000013,0.42200000000000026,231.0,2.0,20875.0,14756.61141658206
2026-09-13 06:26:53.799,0.2644579361637688,0.21100000000000013,0.42200000000000026,231.0,2.0,20875.0,14756.61141658206
2026-09-13 06:26:57.275,0.2644579361637688,0.21100000000000013,0.42200000000000026,231.0,2.0,20875.0,14756.61141658206
2026-09-13 06:26:57.299,0.2644579361637688,0.21100000000000013,0.42200000000000026,231.0,2.0,20875.0,14756.61141658206
2026-09-13 06:27:00.776,0.2644579361637688,0.21100000000000013,0.42200000000000026,231.0,2.0,20875.0,14756.61141658206
2026-09-13 06:27:00.799,0.26516504294495535,0.21050000000000013,0.42100000000000026,231.0,2.0,20875.0,14756.61141658206
2026-09-13 06:27:04.276,0.030405591591021547,0.04450000000000011,0.08900000000000022,231.0,2.0,20875.0,14756.61141658206
2026-09-13 06:27:04.299,0.030405591591021543,0.04450000000000011,0.08900000000000022,231.0,2.0,20875.0,14756.61141658206
2026-09-13 06:27:07.776,0.26516504294495535,0.21050000000000013,0.42100000000000026,231.0,2.0,20875.0,14756.61141658206
2026-09-13 06:27:07.799,0.26516504294495535,0.21050000000000013,0.42100000000000026,231.0,2.0,20875.0,14756.61141658206
2026-09-13 06:27:11.276,0.26516504294495535,0.21050000000000013,0.42100000000000026,231.0,2.0,20875.0,14756.61141658206
2026-09-13 06:27:11.299,0.26516504294495535,0.21050000000000013,0.42100000000000026,231.0,2.0,20875.0,14756.61141658206
2026-09-13 06:27:14.776,0.26516504294495535,0.21050000000000013,0.42100000000000026,231.0,2.0,20875.0,14756.61141658206
2026-09-13 06:27:14.800,0.2644579361637688,0.21100000000000013,0.42200000000000026,231.0,2.0,20875.0,14756.61141658206
2026-09-13 06:27:18.276,0.2644579361637688,0.21100000000000013,0.42200000000000026,231.0,2.0,20875.0,14756.61141658206
2026-09-13 06:27:18.300,0.2644579361637688,0.21100000000000013,0.42200000000000026,231.0,2.0,20875.0,14756.61141658206
2026-09-13 06:27:21.776,0.22203152929257594,0.18100000000000013,0.36200000000000027,231.0,2.0,20875.0,14756.61141658206
2026-09-13 06:27:21.800,0.22203152929257594,0.18100000000000013,0.36200000000000027,231.0,2.0,20875.0,14756.61141658206
2026-09-13 06:27:25.276,0.2644579361637688,0.21100000000000013,0.42200000000000026,231.0,2.0,20875.0,14756.61141658206
2026-09-13 06:27:25.300,0.2644579361637688,0.21100000000000013,0.42200000000000026,231.0,2.0,20875.0,14756.61141658206
2026-09-13 06:27:28.776,0.2644579361637688,0.21100000000000013,0.42200000000000026,231.0,2.0,20875.0,14756.61141658206
2026-09-13 06:27:28.800,0.2644579361637688,0.21100000000000013,0.42200000000000026,231.0,2.0,20875.0,14756.61141658206
2026-09-13 06:27:32.276,0.2644579361637688,0.21100000000000013,0.42200000000000026,231.0,2.0,20875.0,14756.61141658206
2026-09-13 06:27:32.300,0.2644579361637688,0.21100000000000013,0.42200000000000026,231.0,2.0,20875.0,14756.61141658206
2026-09-13 06:27:35.776,0.2644579361637688,0.21100000000000013,0.42200000000000026,231.0,2.0,20875.0,14756.61141658206
2026-09-13 06:27:35.800,0.2644579361637688,0.21100000000000013,0.42200000000000026,231.0,2.0,20875.0,14756.61141658206
2026-09-13 06:27:39.276,0.2644579361637688,0.21100000000000013,0.42200000000000026,231.0,2.0,20875.0,14756.61141658206
2026-09-13 06:27:39.300,0.2644579361637688,0.21100000000000013,0.42200000000000026,231.0,2.0,20875.0,14756.61141658206
2026-09-13 06:27:42.776,0.2644579361637688,0.21100000000000013,0.42200000000000026,231.0,2.0,20875.0,14756.61141658206
2026-09-13 06:27:42.800,0.2644579361637688,0.21100000000000013,0.42200000000000026,231.0,2.0,20875.0,14756.61141658206
2026-09-13 06:27:46.277,0.2644579361637688,0.21100000000000013,0.42200000000000026,231.0,2.0,20875.0,14756.61141658206
2026-09-13 06:27:46.300,0.26516504294495535,0.21050000000000013,0.42100000000000026,231.0,2.0,20875.0,14756.61141658206
2026-09-13 06:27:49.777,0.26516504294495535,0.21050000000000013,0.42100000000000026,231.0,2.0,20875.0,14756.61141658206
2026-09-13 06:27:49.800,0.26516504294495535,0.21050000000000013,0.42100000000000026,231.0,2.0,20875.0,14756.61141658206
2026-09-13 06:27:53.277,0.26516504294495535,0.21050000000000013,0.42100000000000026,231.0,2.0,20875.0,14756.61141658206
2026-09-13 06:27:53.300,0.26516504294495535,0.21050000000000013,0.42100000000000026,231.0,2.0,20875.0,14756.61141658206
2026-09-13 06:27:56.777,0.26516504294495535,0.21050000000000013,0.42100000000000026,231.0,2.0,20875.0,14756.61141658206
2026-09-13 06:27:56.800,0.26516504294495535,0.21050000000000013,0.42100000000000026,231.0,2.0,20875.0,14756.61141658206
2026-09-13 06:28:00.277,0.26516504294495535,0.21050000000000013,0.42100000000000026,231.0,2.0,20875.0,14756.61141658206
2026-09-13 06:28:00.300,0.26516504294495535,0.21050000000000013,0.42100000000000026,231.0,2.0,20875.0,14756.61141658206
2026-09-13 06:28:03.777,0.26516504294495535,0.21050000000000013,0.42100000000000026,231.0,2.0,20875.0,14756.61141658206
2026-09-13 06:28:03.801,0.2644579361637688,0.21100000000000013,0.42200000000000026,231.0,2.0,20875.0,14756.61141658206
2026-09-13 06:28:07.277,0.2644579361637688,0.21100000000000013,0.42200000000000026,231.0,2.0,20875.0,14756.61141658206
2026-09-13 06:28:07.301,0.2644579361637688,0.21100000000000013,0.42200000000000026,231.0,2.0,20875.0,14756.61141658206
2026-09-13 06:28:10.777,0.2644579361637688,0.21100000000000013,0.42200000000000026,231.0,2.0,20875.0,14756.61141658206
2026-09-13 06:28:10.801,0.2644579361637688,0.21100000000000013,0.42200000000000026,231.0,2.0,20875.0,14756.61141658206
2026-09-13 06:28:14.277,0.26375082938258226,0.21050000000000013,0.42100000000000026,231.0,2.0,20875.0,14756.61141658206
2026-09-13 06:28:14.301,0.26375082938258226,0.21050000000000013,0.42100000000000026,231.0,2.0,20875.0,14756.61141658206
2026-09-13 06:28:17.777,0.2644579361637688,0.21100000000000013,0.42200000000000026,231.0,2.0,20875.0,14756.61141658206
2026-09-13 06:28:17.801,0.2644579361637688,0.21100000000000013,0.42200000000000026,231.0,2.0,20875.0,14756.61141658206
2026-09-13 06:28:21.277,0.2644579361637688,0.21100000000000013,0.42200000000000026,231.0,2.0,20875.0,14756.61141658206
2026-09-13 06:28:21.301,0.2644579361637688,0.21100000000000013,0.42200000000000026,231.0,2.0,20875.0,14756.61141658206
2026-09-13 06:28:24.777,0.2644579361637688,0.21100000000000013,0.42200000000000026,231.0,2.0,20875.0,14756.61141658206
2026-09-13 06:28:24.801,0.2644579361637688,0.21100000000000013,0.42200000000000026,231.0,2.0,20875.0,14756.61141658206
2026-09-13 06:28:28.277,0.26375082938258226,0.21050000000000013,0.42100000000000026,231.0,2.0,20875.0,14756.61141658206
2026-09-13 06:28:28.301,0.26375082938258226,0.21050000000000013,0.42100000000000026,231.0,2.0,20875.0,14756.61141658206
2026-09-13 06:28:31.778,0.2644579361637688,0.21100000000000013,0.42200000000000026,231.0,2.0,20875.0,14756.61141658206
2026-09-13 06:28:31.801,0.26516504294495535,0.21050000000000013,0.42100000000000026,231.0,2.0,20875.0,14756.61141658206
2026-09-13 06:28:35.278,0.26516504294495535,0.21050000000000013,0.42100000000000026,231.0,2.0,20875.0,14756.61141658206
2026-09-13 06:28:35.301,0.26516504294495535,0.21050000000000013,0.42100000000000026,231.0,2.0,20875.0,14756.61141658206
2026-09-13 06:28:38.778,0.26516504294495535,0.21050000000000013,0.42100000000000026,231.0,2.0,20875.0,14756.61141658206
2026-09-13 06:28:38.801,0.26516504294495535,0.21050000000000013,0.42100000000000026,231.0,2.0,20875.0,14756.61141658206
2026-09-13 06:28:46.865,0.26516504294495535,0.21050000000000013,0.42100000000000026,231.0,2.0,20875.0,14756.61141658206
2026-09-13 06:28:46.889,0.2644579361637688,0.21100000000000013,0.42200000000000026,231.0,2.0,20875.0,14756.61141658206
2026-09-13 06:28:50.365,0.2644579361637688,0.21100000000000013,0.42200000000000026,231.0,2.0,20875.0,14756.61141658206
2026-09-13 06:28:50.389,0.2644579361637688,0.21100000000000013,0.42200000000000026,231.0,2.0,20875.0,14756.61141658206
2026-09-13 06:28:53.865,0.2644579361637688,0.21100000000000013,0.42200000000000026,231.0,2.0,20875.0,14756.61141658206
2026-09-13 06:28:53.889,0.2644579361637688,0.21100000000000013,0.42200000000000026,231.0,2.0,20875.0,14756.61141658206
2026-09-13 06:28:57.365,0.2644579361637688,0.21100000000000013,0.42200000000000026,231.0,2.0,20875.0,14756.61141658206
2026-09-13 06:28:57.389,0.2644579361637688,0.21100000000000013,0.42200000000000026,231.0,2.0,20875.0,14756.61141658206
2026-09-13 06:29:00.865,0.2644579361637688,0.21100000000000013,0.42200000000000026,231.0,2.0,20875.0,14756.61141658206
2026-09-13 06:29:00.889,0.2644579361637688,0.21100000000000013,0.42200000000000026,231.0,2.0,20875.0,14756.61141658206
2026-09-13 06:29:04.365,0.2644579361637688,0.21100000000000013,0.42200000000000026,231.0,2.0,20875.0,14756.61141658206
2026-09-13 06:29:04.389,0.2644579361637688,0.21100000000000013,0.42200000000000026,231.0,2.0,20875.0,14756.61141658206
2026-09-13 06:29:07.865,0.2644579361637688,0.21100000000000013,0.42200000000000026,231.0,2.0,20875.0,14756.61141658206
2026-09-13 06:29:07.889,0.2644579361637688,0.21100000000000013,0.42200000000000026,231.0,2.0,20875.0,14756.61141658206
2026-09-13 06:29:11.365,0.2644579361637688,0.21100000000000013,0.42200000000000026,231.0,2.0,20875.0,14756.61141658206
2026-09-13 06:29:11.389,0.2644579361637688,0.21100000000000013,0.42200000000000026,231.0,2.0,20875.0,14756.61141658206
2026-09-13 06:29:14.866,0.2644579361637688,0.21100000000000013,0.42200000000000026,231.0,2.0,20875.0,14756.61141658206
2026-09-13 06:29:14.889,0.26516504294495535,0.21050000000000013,0.42100000000000026,231.0,2.0,20875.0,14756.61141658206
2026-09-13 06:29:18.366,0.26516504294495535,0.21050000000000013,0.42100000000000026,231.0,2.0,20875.0,14756.61141658206
2026-09-13 06:29:18.389,0.26516504294495535,0.21050000000000013,0.42100000000000026,231.0,2.0,20875.0,14756.61141658206
2026-09-13 06:29:21.866,0.26516504294495535,0.21050000000000013,0.42100000000000026,231.0,2.0,20875.0,14756.61141658206
2026-09-13 06:29:21.889,0.26516504294495535,0.21050000000000013,0.42100000000000026,231.0,2.0,20875.0,14756.61141658206
2026-09-13 06:29:25.366,0.26516504294495535,0.21050000000000013,0.42100000000000026,231.0,2.0,20875.0,14756.61141658206
2026-09-13 06:29:25.389,0.26516504294495535,0.21050000000000013,0.42100000000000026,231.0,2.0,20875.0,14756.61141658206
2026-09-13 06:29:28.866,0.26516504294495535,0.21050000000000013,0.42100000000000026,231.0,2.0,20875.0,14756.61141658206
2026-09-13 06:29:28.889,0.26516504294495535,0.21050000000000013,0.42100000000000026,231.0,2.0,20875.0,14756.61141658206
2026-09-13 06:29:32.366,0.26516504294495535,0.21050000000000013,0.42100000000000026,231.0,2.0,20875.0,14756.61141658206
2026-09-13 06:29:32.390,0.2644579361637688,0.21100000000000013,0.42200000000000026,231.0,2.0,20875.0,14756.61141658206
2026-09-13 06:29:35.866,0.2644579361637688,0.21100000000000013,0.42200000000000026,231.0,2.0,20875.0,14756.61141658206
2026-09-13 06:29:35.890,0.2644579361637688,0.21100000000000013,0.42200000000000026,231.0,2.0,20875.0,14756.61141658206
2026-09-13 06:29:39.366,0.2644579361637688,0.21100000000000013,0.42200000000000026,231.0,2.0,20875.0,14756.61141658206
2026-09-13 06:29:39.390,0.2644579361637688,0.21100000000000013,0.42200000000000026,231.0,2.0,20875.0,14756.61141658206
2026-09-13 06:29:42.866,0.2644579361637688,0.21100000000000013,0.42200000000000026,231.0,2.0,20875.0,14756.61141658206
2026-09-13 06:29:42.890,0.2644579361637688,0.21100000000000013,0.42200000000000026,231.0,2.0,20875.0,14756.61141658206
2026-09-13 06:29:46.366,0.26375082938258226,0.21050000000000013,0.42100000000000026,231.0,2.0,20875.0,14756.61141658206
2026-09-13 06:29:46.390,0.26375082938258226,0.21050000000000013,0.42100000000000026,231.0,2.0,20875.0,14756.61141658206
2026-09-13 06:29:49.866,0.2644579361637688,0.21100000000000013,0.42200000000000026,231.0,2.0,20875.0,14756.61141658206
2026-09-13 06:29:49.890,0.2644579361637688,0.21100000000000013,0.42200000000000026,231.0,2.0,20875.0,14756.61141658206
2026-09-13 06:29:53.366,0.2644579361637688,0.21100000000000013,0.42200000000000026,231.0,2.0,20875.0,14756.61141658206
2026-09-13 06:29:53.390,0.2644579361637688,0.21100000000000013,0.42200000000000026,231.0,2.0,20875.0,14756.61141658206
2026-09-13 06:29:56.866,0.26375082938258226,0.21050000000000013,0.42100000000000026,231.0,2.0,20875.0,14756.61141658206
2026-09-13 06:29:56.890,0.26375082938258226,0.21050000000000013,0.42100000000000026,231.0,2.0,20875.0,14756.61141658206
2026-09-13 06:30:00.366,0.2644579361637688,0.21100000000000013,0.42200000000000026,231.0,2.0,20875.0,14756.61141658206
2026-09-13 06:30:00.390,0.2644579361637688,0.21100000000000013,0.42200000000000026,231.0,2.0,20875.0,14756.61141658206
2026-09-13 06:30:03.867,0.2644579361637688,0.21100000000000013,0.42200000000000026,231.0,2.0,20875.0,14756.61141658206
2026-09-13 06:30:03.890,0.26516504294495535,0.21050000000000013,0.42100000000000026,231.0,2.0,20875.0,14756.61141658206
2026-09-13 06:30:07.367,0.26516504294495535,0.21050000000000013,0.42100000000000026,231.0,2.0,20875.0,14756.61141658206
2026-09-13 06:30:07.390,0.26516504294495535,0.21050000000000013,0.42100000000000026,231.0,2.0,20875.0,14756.61141658206
2026-09-13 06:30:10.867,0.26516504294495535,0.21050000000000013,0.42100000000000026,231.0,2.0,20875.0,14756.61141658206
2026-09-13 06:30:10.890,0.26516504294495535,0.21050000000000013,0.42100000000000026,231.0,2.0,20875.0,14756.61141658206
2026-09-13 06:30:14.367,0.26516504294495535,0.21050000000000013,0.42100000000000026,231.0,2.0,20875.0,14756.61141658206
2026-09-13 06:30:14.390,0.26516504294495535,0.21050000000000013,0.42100000000000026,231.0,2.0,20875.0,14756.61141658206
2026-09-13 06:30:17.867,0.26516504294495535,0.21050000000000013,0.42100000000000026,231.0,2.0,20875.0,14756.61141658206
2026-09-13 06:30:17.890,0.26516504294495535,0.21050000000000013,0.42100000000000026,231.0,2.0,20875.0,14756.61141658206
2026-09-13 06:30:21.367,0.26516504294495535,0.21050000000000013,0.42100000000000026,231.0,2.0,20875.0,14756.61141658206
2026-09-13 06:30:21.391,0.2644579361637688,0.21100000000000013,0.42200000000000026,231.0,2.0,20875.0,14756.61141658206
2026-09-13 06:30:24.867,0.2644579361637688,0.21100000000000013,0.42200000000000026,231.0,2.0,20875.0,14756.61141658206
2026-09-13 06:30:24.891,0.2644579361637688,0.21100000000000013,0.42200000000000026,231.0,2.0,20875.0,14756.61141658206
2026-09-13 06:30:28.367,0.2644579361637688,0.21100000000000013,0.42200000000000026,231.0,2.0,20875.0,14756.61141658206
2026-09-13 06:30:28.391,0.2644579361637688,0.21100000000000013,0.42200000000000026,231.0,2.0,20875.0,14756.61141658206
2026-09-13 06:30:31.867,0.2644579361637688,0.21100000000000013,0.42200000000000026,231.0,2.0,20875.0,14756.61141658206
2026-09-13 06:30:31.891,0.2644579361637688,0.21100000000000013,0.42200000000000026,231.0,2.0,20875.0,14756.61141658206
2026-09-13 06:30:35.367,0.2644579361637688,0.21100000000000013,0.42200000000000026,231.0,2.0,20875.0,14756.61141658206
2026-09-13 06:30:35.391,0.2644579361637688,0.21100000000000013,0.42200000000000026,231.0,2.0,20875.0,14756.61141658206
2026-09-13 06:30:38.867,0.2644579361637688,0.21100000000000013,0.42200000000000026,231.0,2.0,20875.0,14756.61141658206
2026-09-13 06:30:38.891,0.2644579361637688,0.21100000000000013,0.42200000000000026,231.0,2.0,20875.0,14756.61141658206
2026-09-13 06:30:42.367,0.2644579361637688,0.21100000000000013,0.42200000000000026,231.0,2.0,20875.0,14756.61141658206
2026-09-13 06:30:42.391,0.2644579361637688,0.21100000000000013,0.42200000000000026,231.0,2.0,20875.0,14756.61141658206
2026-09-13 06:30:45.867,0.2644579361637688,0.21100000000000013,0.42200000000000026,231.0,2.0,20875.0,14756.61141658206
2026-09-13 06:30:45.891,0.2644579361637688,0.21100000000000013,0.42200000000000026,231.0,2.0,20875.0,14756.61141658206
2026-09-13 06:30:49.368,0.2644579361637688,0.21100000000000013,0.42200000000000026,231.0,2.0,20875.0,14756.61141658206
2026-09-13 06:30:49.391,0.26516504294495535,0.21050000000000013,0.42100000000000026,231.0,2.0,20875.0,14756.61141658206
2026-09-13 06:30:52.868,0.26516504294495535,0.21050000000000013,0.42100000000000026,231.0,2.0,20875.0,14756.61141658206
2026-09-13 06:30:52.891,0.26516504294495535,0.21050000000000013,0.42100000000000026,231.0,2.0,20875.0,14756.61141658206
2026-09-13 06:30:56.368,0.26516504294495535,0.21050000000000013,0.42100000000000026,231.0,2.0,20875.0,14756.61141658206
2026-09-13 06:30:56.391,0.26516504294495535,0.21050000000000013,0.42100000000000026,231.0,2.0,20875.0,14756.61141658206
2026-09-13 06:30:59.868,0.26516504294495535,0.21050000000000013,0.42100000000000026,231.0,2.0,20875.0,14756.61141658206
2026-09-13 06:30:59.891,0.26516504294495535,0.21050000000000013,0.42100000000000026,231.0,2.0,20875.0,14756.61141658206
2026-09-13 06:31:03.368,0.26516504294495535,0.21050000000000013,0.42100000000000026,231.0,2.0,20875.0,14756.61141658206
2026-09-13 06:31:03.391,0.26516504294495535,0.21050000000000013,0.42100000000000026,231.0,2.0,20875.0,14756.61141658206
2026-09-13 06:31:06.868,0.26516504294495535,0.21050000000000013,0.42100000000000026,231.0,2.0,20875.0,14756.61141658206
2026-09-13 06:31:06.892,0.2644579361637688,0.21100000000000013,0.42200000000000026,231.0,2.0,20875.0,14756.61141658206
2026-09-13 06:31:10.368,0.2644579361637688,0.21100000000000013,0.42200000000000026,231.0,2.0,20875.0,14756.61141658206
2026-09-13 06:31:10.392,0.2644579361637688,0.21100000000000013,0.42200000000000026,231.0,2.0,20875.0,14756.61141658206
2026-09-13 06:31:13.868,0.2644579361637688,0.21100000000000013,0.42200000000000026,231.0,2.0,20875.0,14756.61141658206
2026-09-13 06:31:13.892,0.2644579361637688,0.21100000000000013,0.42200000000000026,231.0,2.0,20875.0,14756.61141658206
2026-09-13 06:31:17.368,0.2644579361637688,0.21100000000000013,0.42200000000000026,231.0,2.0,20875.0,14756.61141658206
2026-09-13 06:31:17.392,0.2644579361637688,0.21100000000000013,0.42200000000000026,231.0,2.0,20875.0,14756.61141658206
2026-09-13 06:31:20.868,0.2644579361637688,0.21100000000000013,0.42200000000000026,231.0,2.0,20875.0,14756.61141658206
2026-09-13 06:31:20.892,0.2644579361637688,0.21100000000000013,0.42200000000000026,231.0,2.0,20875.0,14756.61141658206
2026-09-13 06:31:24.368,0.26375082938258226,0.21050000000000013,0.42100000000000026,231.0,2.0,20875.0,14756.61141658206
2026-09-13 06:31:24.392,0.26375082938258226,0.21050000000000013,0.42100000000000026,231.0,2.0,20875.0,14756.61141658206
2026-09-13 06:31:27.868,0.2644579361637688,0.21100000000000013,0.42200000000000026,231.0,2.0,20875.0,14756.61141658206
2026-09-13 06:31:27.892,0.2644579361637688,0.21100000000000013,0.42200000000000026,231.0,2.0,20875.0,14756.61141658206
2026-09-13 06:31:31.368,0.2644579361637688,0.21100000000000013,0.42200000000000026,231.0,2.0,20875.0,14756.61141658206
2026-09-13 06:31:31.392,0.2644579361637688,0.21100000000000013,0.42200000000000026,231.0,2.0,20875.0,14756.61141658206
2026-09-13 06:31:34.869,0.2644579361637688,0.21100000000000013,0.42200000000000026,231.0,2.0,20875.0,14756.61141658206
2026-09-13 06:31:34.892,0.26516504294495535,0.21050000000000013,0.42100000000000026,231.0,2.0,20875.0,14756.61141658206
2026-09-13 06:31:38.369,0.26516504294495535,0.21050000000000013,0.42100000000000026,231.0,2.0,20875.0,14756.61141658206
2026-09-13 06:31:38.392,0.26516504294495535,0.21050000000000013,0.42100000000000026,231.0,2.0,20875.0,14756.61141658206
2026-09-13 06:31:41.869,0.26516504294495535,0.21050000000000013,0.42100000000000026,231.0,2.0,20875.0,14756.61141658206
2026-09-13 06:31:41.892,0.26516504294495535,0.21050000000000013,0.42100000000000026,231.0,2.0,20875.0,14756.61141658206
2026-09-13 06:31:45.369,0.26516504294495535,0.21050000000000013,0.42100000000000026,231.0,2.0,20875.0,14756.61141658206
2026-09-13 06:31:45.392,0.26516504294495535,0.21050000000000013,0.42100000000000026,231.0,2.0,20875.0,14756.61141658206
2026-09-13 06:31:48.869,0.26516504294495535,0.21050000000000013,0.42100000000000026,231.0,2.0,20875.0,14756.61141658206
2026-09-13 06:31:48.893,0.2644579361637688,0.21100000000000013,0.42200000000000026,231.0,2.0,20875.0,14756.61141658206
2026-09-13 06:31:52.369,0.2644579361637688,0.21100000000000013,0.42200000000000026,231.0,2.0,20875.0,14756.61141658206
2026-09-13 06:31:52.393,0.2644579361637688,0.21100000000000013,0.42200000000000026,231.0,2.0,20875.0,14756.61141658206
2026-09-13 06:31:55.869,0.2644579361637688,0.21100000000000013,0.42200000000000026,231.0,2.0,20875.0,14756.61141658206
2026-09-13 06:31:55.893,0.2644579361637688,0.21100000000000013,0.42200000000000026,231.0,2.0,20875.0,14756.61141658206
2026-09-13 06:31:59.369,0.2644579361637688,0.21100000000000013,0.42200000000000026,231.0,2.0,20875.0,14756.61141658206
2026-09-13 06:31:59.393,0.2644579361637688,0.21100000000000013,0.42200000000000026,231.0,2.0,20875.0,14756.61141658206
2026-09-13 06:32:02.869,0.2644579361637688,0.21100000000000013,0.42200000000000026,231.0,2.0,20875.0,14756.61141658206
2026-09-13 06:32:02.893,0.2644579361637688,0.21100000000000013,0.42200000000000026,231.0,2.0,20875.0,14756.61141658206
2026-09-13 06:32:06.369,0.2644579361637688,0.21100000000000013,0.42200000000000026,231.0,2.0,20875.0,14756.61141658206
2026-09-13 06:32:06.393,0.2644579361637688,0.21100000000000013,0.42200000000000026,231.0,2.0,20875.0,14756.61141658206
2026-09-13 06:32:09.869,0.2644579361637688,0.21100000000000013,0.42200000000000026,231.0,2.0,20875.0,14756.61141658206
2026-09-13 06:32:09.893,0.2644579361637688,0.21100000000000013,0.42200000000000026,231.0,2.0,20875.0,14756.61141658206
2026-09-13 06:32:13.369,0.26375082938258226,0.21050000000000013,0.42100000000000026,231.0,2.0,20875.0,14756.61141658206
2026-09-13 06:32:13.393,0.26375082938258226,0.21050000000000013,0.42100000000000026,231.0,2.0,20875.0,14756.61141658206
2026-09-13 06:32:16.869,0.26375082938258226,0.21050000000000013,0.42100000000000026,231.0,2.0,20875.0,14756.61141658206
2026-09-13 06:32:16.893,0.26375082938258226,0.21050000000000013,0.42100000000000026,231.0,2.0,20875.0,14756.61141658206
2026-09-13 06:32:20.370,0.2644579361637688,0.21100000000000013,0.42200000000000026,231.0,2.0,20875.0,14756.61141658206
2026-09-13 06:32:20.393,0.26516504294495535,0.21050000000000013,0.42100000000000026,231.0,2.0,20875.0,14756.61141658206
2026-09-13 06:32:23.870,0.26516504294495535,0.21050000000000013,0.42100000000000026,231.0,2.0,20875.0,14756.61141658206
2026-09-13 06:32:23.893,0.26516504294495535,0.21050000000000013,0.42100000000000026,231.0,2.0,20875.0,14756.61141658206
2026-09-13 06:32:27.370,0.26516504294495535,0.21050000000000013,0.42100000000000026,231.0,2.0,20875.0,14756.61141658206
2026-09-13 06:32:27.393,0.26516504294495535,0.21050000000000013,0.42100000000000026,231.0,2.0,20875.0,14756.61141658206
2026-09-13 06:32:30.870,0.26516504294495535,0.21050000000000013,0.42100000000000026,231.0,2.0,20875.0,14756.61141658206
2026-09-13 06:32:30.893,0.26516504294495535,0.21050000000000013,0.42100000000000026,231.0,2.0,20875.0,14756.61141658206
2026-09-13 06:32:34.370,0.26516504294495535,0.21050000000000013,0.42100000000000026,231.0,2.0,20875.0,14756.61141658206
2026-09-13 06:32:34.393,0.26516504294495535,0.21050000000000013,0.42100000000000026,231.0,2.0,20875.0,14756.61141658206
2026-09-13 06:32:37.870,0.26516504294495535,0.21050000000000013,0.42100000000000026,231.0,2.0,20875.0,14756.61141658206
2026-09-13 06:32:37.894,0.2644579361637688,0.21100000000000013,0.42200000000000026,231.0,2.0,20875.0,14756.61141658206
2026-09-13 06:32:41.370,0.2644579361637688,0.21100000000000013,0.42200000000000026,231.0,2.0,20875.0,14756.61141658206
2026-09-13 06:32:41.394,0.2644579361637688,0.21100000000000013,0.42200000000000026,231.0,2.0,20875.0,14756.61141658206
2026-09-13 06:32:44.870,0.2644579361637688,0.21100000000000013,0.42200000000000026,231.0,2.0,20875.0,14756.61141658206
2026-09-13 06:32:44.894,0.2644579361637688,0.21100000000000013,0.42200000000000026,231.0,2.0,20875.0,14756.61141658206
2026-09-13 06:32:48.370,0.2644579361637688,0.21100000000000013,0.42200000000000026,231.0,2.0,20875.0,14756.61141658206
2026-09-13 06:32:48.394,0.2644579361637688,0.21100000000000013,0.42200000000000026,231.0,2.0,20875.0,14756.61141658206
2026-09-13 06:32:51.870,0.2644579361637688,0.21100000000000013,0.42200000000000026,231.0,2.0,20875.0,14756.61141658206
2026-09-13 06:32:51.894,0.2644579361637688,0.21100000000000013,0.42200000000000026,231.0,2.0,20875.0,14756.61141658206
2026-09-13 06:32:55.370,0.2644579361637688,0.21100000000000013,0.42200000000000026,231.0,2.0,20875.0,14756.61141658206
2026-09-13 06:32:55.394,0.2644579361637688,0.21100000000000013,0.42200000000000026,231.0,2.0,20875.0,14756.61141658206
2026-09-13 06:32:58.870,0.2644579361637688,0.21100000000000013,0.42200000000000026,231.0,2.0,20875.0,14756.61141658206
2026-09-13 06:32:58.894,0.2644579361637688,0.21100000000000013,0.42200000000000026,231.0,2.0,20875.0,14756.61141658206
2026-09-13 06:33:02.667,0.26375082938258226,0.21050000000000013,0.42100000000000026,231.0,2.0,20875.0,14756.61141658206
2026-09-13 06:33:02.691,0.26375082938258226,0.21050000000000013,0.42100000000000026,231.0,2.0,20875.0,14756.61141658206
2026-09-13 06:33:06.168,0.2644579361637688,0.21100000000000013,0.42200000000000026,231.0,2.0,20875.0,14756.61141658206
2026-09-13 06:33:06.191,0.26516504294495535,0.21050000000000013,0.42100000000000026,231.0,2.0,20875.0,14756.61141658206
2026-09-13 06:33:09.668,0.26516504294495535,0.21050000000000013,0.42100000000000026,231.0,2.0,20875.0,14756.61141658206
2026-09-13 06:33:09.691,0.26516504294495535,0.21050000000000013,0.42100000000000026,231.0,2.0,20875.0,14756.61141658206
2026-09-13 06:33:13.168,0.26516504294495535,0.21050000000000013,0.42100000000000026,231.0,2.0,20875.0,14756.61141658206
2026-09-13 06:33:13.191,0.26516504294495535,0.21050000000000013,0.42100000000000026,231.0,2.0,20875.0,14756.61141658206
2026-09-13 06:33:16.668,0.26516504294495535,0.21050000000000013,0.42100000000000026,231.0,2.0,20875.0,14756.61141658206
2026-09-13 06:33:16.691,0.26516504294495535,0.21050000000000013,0.42100000000000026,231.0,2.0,20875.0,14756.61141658206
2026-09-13 06:33:20.168,0.26516504294495535,0.21050000000000013,0.42100000000000026,231.0,2.0,20875.0,14756.61141658206
2026-09-13 06:33:20.191,0.26516504294495535,0.21050000000000013,0.42100000000000026,231.0,2.0,20875.0,14756.61141658206
2026-09-13 06:33:23.668,0.26516504294495535,0.21050000000000013,0.42100000000000026,231.0,2.0,20875.0,14756.61141658206
2026-09-13 06:33:23.691,0.26516504294495535,0.21050000000000013,0.42100000000000026,231.0,2.0,20875.0,14756.61141658206
2026-09-13 06:33:27.168,0.26516504294495535,0.21050000000000013,0.42100000000000026,231.0,2.0,20875.0,14756.61141658206
2026-09-13 06:33:27.192,0.2644579361637688,0.21100000000000013,0.42200000000000026,231.0,2.0,20875.0,14756.61141658206
2026-09-13 06:33:30.668,0.2644579361637688,0.21100000000000013,0.42200000000000026,231.0,2.0,20875.0,14756.61141658206
2026-09-13 06:33:30.692,0.2644579361637688,0.21100000000000013,0.42200000000000026,231.0,2.0,20875.0,14756.61141658206
2026-09-13 06:33:34.168,0.2644579361637688,0.21100000000000013,0.42200000000000026,231.0,2.0,20875.0,14756.61141658206
2026-09-13 06:33:34.192,0.2644579361637688,0.21100000000000013,0.42200000000000026,231.0,2.0,20875.0,14756.61141658206
2026-09-13 06:33:37.668,0.2644579361637688,0.21100000000000013,0.42200000000000026,231.0,2.0,20875.0,14756.61141658206
2026-09-13 06:33:37.692,0.2644579361637688,0.21100000000000013,0.42200000000000026,231.0,2.0,20875.0,14756.61141658206
2026-09-13 06:33:41.168,0.2644579361637688,0.21100000000000013,0.42200000000000026,231.0,2.0,20875.0,14756.61141658206
2026-09-13 06:33:41.192,0.2644579361637688,0.21100000000000013,0.42200000000000026,231.0,2.0,20875.0,14756.61141658206
2026-09-13 06:33:44.668,0.2644579361637688,0.21100000000000013,0.42200000000000026,231.0,2.0,20875.0,14756.61141658206
2026-09-13 06:33:44.692,0.2644579361637688,0.21100000000000013,0.42200000000000026,231.0,2.0,20875.0,14756.61141658206
2026-09-13 06:33:48.168,0.2644579361637688,0.21100000000000013,0.42200000000000026,231.0,2.0,20875.0,14756.61141658206
2026-09-13 06:33:48.192,0.2644579361637688,0.21100000000000013,0.42200000000000026,231.0,2.0,20875.0,14756.61141658206
2026-09-13 06:33:51.668,0.2644579361637688,0.21100000000000013,0.42200000000000026,231.0,2.0,20875.0,14756.61141658206
2026-09-13 06:33:51.692,0.2644579361637688,0.21100000000000013,0.42200000000000026,231.0,2.0,20875.0,14756.61141658206
2026-09-13 06:33:55.168,0.2644579361637688,0.21100000000000013,0.42200000000000026,231.0,2.0,20875.0,14756.61141658206
2026-09-13 06:33:55.192,0.2644579361637688,0.21100000000000013,0.42200000000000026,231.0,2.0,20875.0,14756.61141658206
2026-09-13 06:33:58.668,0.26375082938258226,0.21050000000000013,0.42100000000000026,231.0,2.0,20875.0,14756.61141658206
2026-09-13 06:33:58.692,0.26375082938258226,0.21050000000000013,0.42100000000000026,231.0,2.0,20875.0,14756.61141658206
2026-09-13 06:34:02.169,0.2644579361637688,0.21100000000000013,0.42200000000000026,231.0,2.0,20875.0,14756.61141658206
2026-09-13 06:34:02.192,0.26516504294495535,0.21050000000000013,0.42100000000000026,231.0,2.0,20875.0,14756.61141658206
2026-09-13 06:34:05.669,0.26516504294495535,0.21050000000000013,0.42100000000000026,231.0,2.0,20875.0,14756.61141658206
2026-09-13 06:34:05.692,0.26516504294495535,0.21050000000000013,0.42100000000000026,231.0,2.0,20875.0,14756.61141658206
2026-09-13 06:34:09.169,0.26516504294495535,0.21050000000000013,0.42100000000000026,231.0,2.0,20875.0,14756.61141658206
2026-09-13 06:34:09.192,0.26516504294495535,0.21050000000000013,0.42100000000000026,231.0,2.0,20875.0,14756.61141658206
2026-09-13 06:34:12.669,0.26516504294495535,0.21050000000000013,0.42100000000000026,231.0,2.0,20875.0,14756.61141658206
2026-09-13 06:34:12.692,0.26516504294495535,0.21050000000000013,0.42100000000000026,231.0,2.0,20875.0,14756.61141658206
2026-09-13 06:34:16.169,0.26516504294495535,0.21050000000000013,0.42100000000000026,231.0,2.0,20875.0,14756.61141658206
2026-09-13 06:34:16.192,0.26516504294495535,0.21050000000000013,0.42100000000000026,231.0,2.0,20875.0,14756.61141658206
2026-09-13 06:34:19.669,0.26516504294495535,0.21050000000000013,0.42100000000000026,231.0,2.0,20875.0,14756.61141658206
2026-09-13 06:34:19.692,0.26516504294495535,0.21050000000000013,0.42100000000000026,231.0,2.0,20875.0,14756.61141658206
2026-09-13 06:34:23.169,0.26516504294495535,0.21050000000000013,0.42100000000000026,231.0,2.0,20875.0,14756.61141658206
2026-09-13 06:34:23.193,0.2644579361637688,0.21100000000000013,0.42200000000000026,231.0,2.0,20875.0,14756.61141658206
2026-09-13 06:34:26.669,0.2644579361637688,0.21100000000000013,0.42200000000000026,231.0,2.0,20875.0,14756.61141658206
2026-09-13 06:34:26.693,0.2644579361637688,0.21100000000000013,0.42200000000000026,231.0,2.0,20875.0,14756.61141658206
2026-09-13 06:34:30.169,0.2644579361637688,0.21100000000000013,0.42200000000000026,231.0,2.0,20875.0,14756.61141658206
2026-09-13 06:34:30.193,0.2644579361637688,0.21100000000000013,0.42200000000000026,231.0,2.0,20875.0,14756.61141658206
2026-09-13 06:34:33.669,0.2644579361637688,0.21100000000000013,0.42200000000000026,231.0,2.0,20875.0,14756.61141658206
2026-09-13 06:34:33.693,0.2644579361637688,0.21100000000000013,0.42200000000000026,231.0,2.0,20875.0,14756.61141658206
2026-09-13 06:34:37.169,0.2644579361637688,0.21100000000000013,0.42200000000000026,231.0,2.0,20875.0,14756.61141658206
2026-09-13 06:34:37.193,0.2644579361637688,0.21100000000000013,0.42200000000000026,231.0,2.0,20875.0,14756.61141658206
2026-09-13 06:34:40.669,0.2644579361637688,0.21100000000000013,0.42200000000000026,231.0,2.0,20875.0,14756.61141658206
2026-09-13 06:34:40.693,0.2644579361637688,0.21100000000000013,0.42200000000000026,231.0,2.0,20875.0,14756.61141658206
2026-09-13 06:34:44.169,0.2644579361637688,0.21100000000000013,0.42200000000000026,231.0,2.0,20875.0,14756.61141658206
2026-09-13 06:34:44.193,0.2644579361637688,0.21100000000000013,0.42200000000000026,231.0,2.0,20875.0,14756.61141658206
2026-09-13 06:34:47.669,0.2644579361637688,0.21100000000000013,0.42200000000000026,231.0,2.0,20875.0,14756.61141658206
2026-09-13 06:34:47.693,0.2644579361637688,0.21100000000000013,0.42200000000000026,231.0,2.0,20875.0,14756.61141658206
2026-09-13 06:34:51.169,0.2644579361637688,0.21100000000000013,0.42200000000000026,231.0,2.0,20875.0,14756.61141658206
2026-09-13 06:34:51.193,0.2644579361637688,0.21100000000000013,0.42200000000000026,231.0,2.0,20875.0,14756.61141658206
2026-09-13 06:34:54.670,0.26516504294495535,0.21150000000000013,0.42300000000000026,231.0,2.0,20875.0,14756.61141658206
2026-09-13 06:34:54.693,0.26587214972614187,0.21100000000000013,0.42200000000000026,231.0,2.0,20875.0,14756.61141658206
2026-09-13 06:34:58.170,0.26516504294495535,0.21050000000000013,0.42100000000000026,231.0,2.0,20875.0,14756.61141658206
2026-09-13 06:34:58.193,0.26516504294495535,0.21050000000000013,0.42100000000000026,231.0,2.0,20875.0,14756.61141658206
2026-09-13 06:35:01.670,0.26516504294495535,0.21050000000000013,0.42100000000000026,231.0,2.0,20875.0,14756.61141658206
2026-09-13 06:35:01.693,0.26516504294495535,0.21050000000000013,0.42100000000000026,231.0,2.0,20875.0,14756.61141658206
2026-09-13 06:35:05.170,0.26516504294495535,0.21050000000000013,0.42100000000000026,231.0,2.0,20875.0,14756.61141658206
2026-09-13 06:35:05.193,0.26516504294495535,0.21050000000000013,0.42100000000000026,231.0,2.0,20875.0,14756.61141658206
2026-09-13 06:35:08.670,0.26516504294495535,0.21050000000000013,0.42100000000000026,231.0,2.0,20875.0,14756.61141658206
2026-09-13 06:35:08.693,0.26516504294495535,0.21050000000000013,0.42100000000000026,231.0,2.0,20875.0,14756.61141658206
2026-09-13 06:35:12.170,0.26516504294495535,0.21050000000000013,0.42100000000000026,231.0,2.0,20875.0,14756.61141658206
2026-09-13 06:35:12.194,0.2644579361637688,0.21100000000000013,0.42200000000000026,231.0,2.0,20875.0,14756.61141658206
2026-09-13 06:35:15.670,0.2644579361637688,0.21100000000000013,0.42200000000000026,231.0,2.0,20875.0,14756.61141658206
2026-09-13 06:35:15.694,0.2644579361637688,0.21100000000000013,0.42200000000000026,231.0,2.0,20875.0,14756.61141658206
2026-09-13 06:35:19.170,0.2644579361637688,0.21100000000000013,0.42200000000000026,231.0,2.0,20875.0,14756.61141658206
2026-09-13 06:35:19.194,0.2644579361637688,0.21100000000000013,0.42200000000000026,231.0,2.0,20875.0,14756.61141658206
2026-09-13 06:35:22.670,0.2644579361637688,0.21100000000000013,0.42200000000000026,231.0,2.0,20875.0,14756.61141658206
2026-09-13 06:35:22.694,0.2644579361637688,0.21100000000000013,0.42200000000000026,231.0,2.0,20875.0,14756.61141658206
2026-09-13 06:35:26.170,0.2644579361637688,0.21100000000000013,0.42200000000000026,231.0,2.0,20875.0,14756.61141658206
2026-09-13 06:35:26.194,0.2644579361637688,0.21100000000000013,0.42200000000000026,231.0,2.0,20875.0,14756.61141658206
2026-09-13 06:35:29.670,0.2644579361637688,0.21100000000000013,0.42200000000000026,231.0,2.0,20875.0,14756.61141658206
2026-09-13 06:35:29.694,0.2644579361637688,0.21100000000000013,0.42200000000000026,231.0,2.0,20875.0,14756.61141658206
2026-09-13 06:35:33.170,0.2644579361637688,0.21100000000000013,0.42200000000000026,231.0,2.0,20875.0,14756.61141658206
2026-09-13 06:35:33.194,0.2644579361637688,0.21100000000000013,0.42200000000000026,231.0,2.0,20875.0,14756.61141658206
2026-09-13 06:35:36.670,0.2644579361637688,0.21100000000000013,0.42200000000000026,231.0,2.0,20875.0,14756.61141658206
2026-09-13 06:35:36.694,0.2644579361637688,0.21100000000000013,0.42200000000000026,231.0,2.0,20875.0,14756.61141658206
2026-09-13 06:35:40.170,0.2644579361637688,0.21100000000000013,0.42200000000000026,231.0,2.0,20875.0,14756.61141658206
2026-09-13 06:35:40.194,0.2644579361637688,0.21100000000000013,0.42200000000000026,231.0,2.0,20875.0,14756.61141658206
2026-09-13 06:35:43.670,0.2644579361637688,0.21100000000000013,0.42200000000000026,231.0,2.0,20875.0,14756.61141658206
2026-09-13 06:35:43.694,0.2644579361637688,0.21100000000000013,0.42200000000000026,231.0,2.0,20875.0,14756.61141658206
2026-09-13 06:35:47.171,0.26516504294495535,0.21150000000000013,0.42300000000000026,231.0,2.0,20875.0,14756.61141658206
2026-09-13 06:35:47.194,0.26587214972614187,0.21100000000000013,0.42200000000000026,231.0,2.0,20875.0,14756.61141658206
2026-09-13 06:35:50.671,0.26516504294495535,0.21050000000000013,0.42100000000000026,231.0,2.0,20875.0,14756.61141658206
2026-09-13 06:35:50.694,0.26516504294495535,0.21050000000000013,0.42100000000000026,231.0,2.0,20875.0,14756.61141658206
2026-09-13 06:35:54.171,0.26516504294495535,0.21050000000000013,0.42100000000000026,231.0,2.0,20875.0,14756.61141658206
2026-09-13 06:35:54.194,0.26516504294495535,0.21050000000000013,0.42100000000000026,231.0,2.0,20875.0,14756.61141658206
2026-09-13 06:35:57.671,0.26516504294495535,0.21050000000000013,0.42100000000000026,231.0,2.0,20875.0,14756.61141658206
2026-09-13 06:35:57.694,0.26516504294495535,0.21050000000000013,0.42100000000000026,231.0,2.0,20875.0,14756.61141658206
2026-09-13 06:36:01.171,0.26516504294495535,0.21050000000000013,0.42100000000000026,231.0,2.0,20875.0,14756.61141658206
2026-09-13 06:36:01.194,0.26516504294495535,0.21050000000000013,0.42100000000000026,231.0,2.0,20875.0,14756.61141658206
2026-09-13 06:36:04.671,0.26516504294495535,0.21050000000000013,0.42100000000000026,231.0,2.0,20875.0,14756.61141658206
2026-09-13 06:36:04.695,0.2644579361637688,0.21100000000000013,0.42200000000000026,231.0,2.0,20875.0,14756.61141658206
2026-09-13 06:36:08.171,0.2644579361637688,0.21100000000000013,0.42200000000000026,231.0,2.0,20875.0,14756.61141658206
2026-09-13 06:36:08.195,0.2644579361637688,0.21100000000000013,0.42200000000000026,231.0,2.0,20875.0,14756.61141658206
2026-09-13 06:36:11.671,0.2644579361637688,0.21100000000000013,0.42200000000000026,231.0,2.0,20875.0,14756.61141658206
2026-09-13 06:36:11.695,0.2644579361637688,0.21100000000000013,0.42200000000000026,231.0,2.0,20875.0,14756.61141658206
2026-09-13 06:36:15.171,0.2644579361637688,0.21100000000000013,0.42200000000000026,231.0,2.0,20875.0,14756.61141658206
2026-09-13 06:36:15.195,0.2644579361637688,0.21100000000000013,0.42200000000000026,231.0,2.0,20875.0,14756.61141658206
2026-09-13 06:36:18.686,0.2573868683519033,0.20600000000000013,0.41200000000000025,231.0,2.0,20875.0,14756.61141658206
2026-09-13 06:36:18.710,0.2573868683519033,0.20600000000000013,0.41200000000000025,231.0,2.0,20875.0,14756.61141658206
2026-09-13 06:36:22.186,0.2644579361637688,0.21100000000000013,0.42200000000000026,231.0,2.0,20875.0,14756.61141658206
2026-09-13 06:36:22.210,0.2644579361637688,0.21100000000000013,0.42200000000000026,231.0,2.0,20875.0,14756.61141658206
2026-09-13 06:36:25.686,0.2644579361637688,0.21100000000000013,0.42200000000000026,231.0,2.0,20875.0,14756.61141658206
2026-09-13 06:36:25.710,0.2644579361637688,0.21100000000000013,0.42200000000000026,231.0,2.0,20875.0,14756.61141658206
2026-09-13 06:36:29.186,0.2644579361637688,0.21100000000000013,0.42200000000000026,231.0,2.0,20875.0,14756.61141658206
2026-09-13 06:36:29.210,0.2644579361637688,0.21100000000000013,0.42200000000000026,231.0,2.0,20875.0,14756.61141658206
2026-09-13 06:36:32.686,0.2644579361637688,0.21100000000000013,0.42200000000000026,231.0,2.0,20875.0,14756.61141658206
2026-09-13 06:36:32.710,0.2644579361637688,0.21100000000000013,0.42200000000000026,231.0,2.0,20875.0,14756.61141658206
2026-09-13 06:36:36.187,0.2644579361637688,0.21100000000000013,0.42200000000000026,231.0,2.0,20875.0,14756.61141658206
2026-09-13 06:36:36.210,0.26516504294495535,0.21050000000000013,0.42100000000000026,231.0,2.0,20875.0,14756.61141658206
2026-09-13 06:36:39.687,0.26516504294495535,0.21050000000000013,0.42100000000000026,231.0,2.0,20875.0,14756.61141658206
2026-09-13 06:36:39.710,0.26516504294495535,0.21050000000000013,0.42100000000000026,231.0,2.0,20875.0,14756.61141658206
2026-09-13 06:36:43.187,0.26516504294495535,0.21050000000000013,0.42100000000000026,231.0,2.0,20875.0,14756.61141658206
2026-09-13 06:36:43.210,0.26516504294495535,0.21050000000000013,0.42100000000000026,231.0,2.0,20875.0,14756.61141658206
2026-09-13 06:36:46.687,0.26516504294495535,0.21050000000000013,0.42100000000000026,231.0,2.0,20875.0,14756.61141658206
2026-09-13 06:36:46.710,0.26516504294495535,0.21050000000000013,0.42100000000000026,231.0,2.0,20875.0,14756.61141658206
2026-09-13 06:36:50.187,0.26516504294495535,0.21050000000000013,0.42100000000000026,231.0,2.0,20875.0,14756.61141658206
2026-09-13 06:36:50.210,0.26516504294495535,0.21050000000000013,0.42100000000000026,231.0,2.0,20875.0,14756.61141658206
2026-09-13 06:36:53.687,0.26516504294495535,0.21050000000000013,0.42100000000000026,231.0,2.0,20875.0,14756.61141658206
2026-09-13 06:36:53.710,0.26516504294495535,0.21050000000000013,0.42100000000000026,231.0,2.0,20875.0,14756.61141658206
2026-09-13 06:36:57.187,0.26516504294495535,0.21050000000000013,0.42100000000000026,231.0,2.0,20875.0,14756.61141658206
2026-09-13 06:36:57.211,0.2644579361637688,0.21100000000000013,0.42200000000000026,231.0,2.0,20875.0,14756.61141658206
2026-09-13 06:37:00.687,0.2644579361637688,0.21100000000000013,0.42200000000000026,231.0,2.0,20875.0,14756.61141658206
2026-09-13 06:37:00.711,0.2644579361637688,0.21100000000000013,0.42200000000000026,231.0,2.0,20875.0,14756.61141658206
2026-09-13 06:37:04.187,0.2644579361637688,0.21100000000000013,0.42200000000000026,231.0,2.0,20875.0,14756.61141658206
2026-09-13 06:37:04.211,0.2644579361637688,0.21100000000000013,0.42200000000000026,231.0,2.0,20875.0,14756.61141658206
2026-09-13 06:37:07.687,0.2644579361637688,0.21100000000000013,0.42200000000000026,231.0,2.0,20875.0,14756.61141658206
2026-09-13 06:37:07.711,0.2644579361637688,0.21100000000000013,0.42200000000000026,231.0,2.0,20875.0,14756.61141658206
2026-09-13 06:37:11.187,0.2644579361637688,0.21100000000000013,0.42200000000000026,231.0,2.0,20875.0,14756.61141658206
2026-09-13 06:37:11.211,0.2644579361637688,0.21100000000000013,0.42200000000000026,231.0,2.0,20875.0,14756.61141658206
2026-09-13 06:37:14.687,0.26375082938258226,0.21050000000000013,0.42100000000000026,231.0,2.0,20875.0,14756.61141658206
2026-09-13 06:37:14.711,0.26375082938258226,0.21050000000000013,0.42100000000000026,231.0,2.0,20875.0,14756.61141658206
2026-09-13 06:37:18.187,0.2644579361637688,0.21100000000000013,0.42200000000000026,231.0,2.0,20875.0,14756.61141658206
2026-09-13 06:37:18.211,0.2644579361637688,0.21100000000000013,0.42200000000000026,231.0,2.0,20875.0,14756.61141658206
2026-09-13 06:37:21.687,0.2644579361637688,0.21100000000000013,0.42200000000000026,231.0,2.0,20875.0,14756.61141658206
2026-09-13 06:37:21.711,0.2644579361637688,0.21100000000000013,0.42200000000000026,231.0,2.0,20875.0,14756.61141658206
2026-09-13 06:37:29.775,0.2644579361637688,0.21100000000000013,0.42200000000000026,231.0,2.0,20875.0,14756.61141658206
2026-09-13 06:37:29.798,0.26516504294495535,0.21050000000000013,0.42100000000000026,231.0,2.0,20875.0,14756.61141658206
2026-09-13 06:37:33.275,0.26516504294495535,0.21050000000000013,0.42100000000000026,231.0,2.0,20875.0,14756.61141658206
2026-09-13 06:37:33.298,0.26516504294495535,0.21050000000000013,0.42100000000000026,231.0,2.0,20875.0,14756.61141658206
2026-09-13 06:37:36.775,0.26516504294495535,0.21050000000000013,0.42100000000000026,231.0,2.0,20875.0,14756.61141658206
2026-09-13 06:37:36.798,0.26516504294495535,0.21050000000000013,0.42100000000000026,231.0,2.0,20875.0,14756.61141658206
2026-09-13 06:37:40.275,0.26516504294495535,0.21050000000000013,0.42100000000000026,231.0,2.0,20875.0,14756.61141658206
2026-09-13 06:37:40.298,0.26516504294495535,0.21050000000000013,0.42100000000000026,231.0,2.0,20875.0,14756.61141658206
2026-09-13 06:37:43.796,0.26516504294495535,0.21050000000000013,0.42100000000000026,231.0,2.0,20875.0,14756.61141658206
2026-09-13 06:37:43.819,0.26516504294495535,0.21050000000000013,0.42100000000000026,231.0,2.0,20875.0,14756.61141658206
2026-09-13 06:37:47.296,0.26516504294495535,0.21050000000000013,0.42100000000000026,231.0,2.0,20875.0,14756.61141658206
2026-09-13 06:37:47.319,0.26516504294495535,0.21050000000000013,0.42100000000000026,231.0,2.0,20875.0,14756.61141658206
2026-09-13 06:37:50.796,0.26516504294495535,0.21050000000000013,0.42100000000000026,231.0,2.0,20875.0,14756.61141658206
2026-09-13 06:37:50.820,0.2644579361637688,0.21100000000000013,0.42200000000000026,231.0,2.0,20875.0,14756.61141658206
2026-09-13 06:37:54.296,0.2644579361637688,0.21100000000000013,0.42200000000000026,231.0,2.0,20875.0,14756.61141658206
2026-09-13 06:37:54.320,0.2644579361637688,0.21100000000000013,0.42200000000000026,231.0,2.0,20875.0,14756.61141658206
2026-09-13 06:37:57.796,0.2644579361637688,0.21100000000000013,0.42200000000000026,231.0,2.0,20875.0,14756.61141658206
2026-09-13 06:37:57.820,0.2644579361637688,0.21100000000000013,0.42200000000000026,231.0,2.0,20875.0,14756.61141658206
2026-09-13 06:38:01.296,0.2644579361637688,0.21100000000000013,0.42200000000000026,231.0,2.0,20875.0,14756.61141658206
2026-09-13 06:38:01.320,0.2644579361637688,0.21100000000000013,0.42200000000000026,231.0,2.0,20875.0,14756.61141658206
2026-09-13 06:38:04.815,0.2644579361637688,0.21100000000000013,0.42200000000000026,231.0,2.0,20875.0,14756.61141658206
2026-09-13 06:38:04.839,0.2644579361637688,0.21100000000000013,0.42200000000000026,231.0,2.0,20875.0,14756.61141658206
2026-09-13 06:38:08.315,0.2644579361637688,0.21100000000000013,0.42200000000000026,231.0,2.0,20875.0,14756.61141658206
2026-09-13 06:38:08.339,0.2644579361637688,0.21100000000000013,0.42200000000000026,231.0,2.0,20875.0,14756.61141658206
2026-09-13 06:38:11.815,0.2644579361637688,0.21100000000000013,0.42200000000000026,231.0,2.0,20875.0,14756.61141658206
2026-09-13 06:38:11.839,0.2644579361637688,0.21100000000000013,0.42200000000000026,231.0,2.0,20875.0,14756.61141658206
2026-09-13 06:38:15.315,0.2644579361637688,0.21100000000000013,0.42200000000000026,231.0,2.0,20875.0,14756.61141658206
2026-09-13 06:38:15.339,0.2644579361637688,0.21100000000000013,0.42200000000000026,231.0,2.0,20875.0,14756.61141658206
2026-09-13 06:38:18.816,0.2644579361637688,0.21100000000000013,0.42200000000000026,231.0,2.0,20875.0,14756.61141658206
2026-09-13 06:38:18.839,0.26516504294495535,0.21050000000000013,0.42100000000000026,231.0,2.0,20875.0,14756.61141658206
2026-09-13 06:38:22.316,0.22273863607376249,0.18050000000000013,0.36100000000000027,231.0,2.0,20875.0,14756.61141658206
2026-09-13 06:38:22.339,0.22273863607376249,0.18050000000000013,0.36100000000000027,231.0,2.0,20875.0,14756.61141658206
2026-09-13 06:38:25.816,0.26516504294495535,0.21050000000000013,0.42100000000000026,231.0,2.0,20875.0,14756.61141658206
2026-09-13 06:38:25.839,0.26516504294495535,0.21050000000000013,0.42100000000000026,231.0,2.0,20875.0,14756.61141658206
2026-09-13 06:38:29.316,0.26516504294495535,0.21050000000000013,0.42100000000000026,231.0,2.0,20875.0,14756.61141658206
2026-09-13 06:38:29.339,0.26516504294495535,0.21050000000000013,0.42100000000000026,231.0,2.0,20875.0,14756.61141658206
2026-09-13 06:38:32.816,0.26516504294495535,0.21050000000000013,0.42100000000000026,231.0,2.0,20875.0,14756.61141658206
2026-09-13 06:38:32.839,0.26516504294495535,0.21050000000000013,0.42100000000000026,231.0,2.0,20875.0,14756.61141658206
2026-09-13 06:38:36.316,0.26516504294495535,0.21050000000000013,0.42100000000000026,231.0,2.0,20875.0,14756.61141658206
2026-09-13 06:38:36.339,0.26516504294495535,0.21050000000000013,0.42100000000000026,231.0,2.0,20875.0,14756.61141658206
2026-09-13 06:38:39.816,0.26516504294495535,0.21050000000000013,0.42100000000000026,231.0,2.0,20875.0,14756.61141658206
2026-09-13 06:38:39.839,0.26516504294495535,0.21050000000000013,0.42100000000000026,231.0,2.0,20875.0,14756.61141658206
2026-09-13 06:38:43.316,0.26516504294495535,0.21050000000000013,0.42100000000000026,231.0,2.0,20875.0,14756.61141658206
2026-09-13 06:38:43.340,0.2644579361637688,0.21100000000000013,0.42200000000000026,231.0,2.0,20875.0,14756.61141658206
2026-09-13 06:38:46.816,0.2644579361637688,0.21100000000000013,0.42200000000000026,231.0,2.0,20875.0,14756.61141658206
2026-09-13 06:38:46.840,0.2644579361637688,0.21100000000000013,0.42200000000000026,231.0,2.0,20875.0,14756.61141658206
2026-09-13 06:38:50.316,0.2644579361637688,0.21100000000000013,0.42200000000000026,231.0,2.0,20875.0,14756.61141658206
2026-09-13 06:38:50.340,0.2644579361637688,0.21100000000000013,0.42200000000000026,231.0,2.0,20875.0,14756.61141658206
2026-09-13 06:38:53.816,0.2644579361637688,0.21100000000000013,0.42200000000000026,231.0,2.0,20875.0,14756.61141658206
2026-09-13 06:38:53.840,0.2644579361637688,0.21100000000000013,0.42200000000000026,231.0,2.0,20875.0,14756.61141658206
2026-09-13 06:38:57.316,0.2644579361637688,0.21100000000000013,0.42200000000000026,231.0,2.0,20875.0,14756.61141658206
2026-09-13 06:38:57.340,0.2644579361637688,0.21100000000000013,0.42200000000000026,231.0,2.0,20875.0,14756.61141658206
2026-09-13 06:39:00.816,0.2644579361637688,0.21100000000000013,0.42200000000000026,231.0,2.0,20875.0,14756.61141658206
2026-09-13 06:39:00.840,0.2644579361637688,0.21100000000000013,0.42200000000000026,231.0,2.0,20875.0,14756.61141658206
2026-09-13 06:39:04.316,0.2644579361637688,0.21100000000000013,0.42200000000000026,231.0,2.0,20875.0,14756.61141658206
2026-09-13 06:39:04.340,0.2644579361637688,0.21100000000000013,0.42200000000000026,231.0,2.0,20875.0,14756.61141658206
2026-09-13 06:39:07.817,0.18526197667087543,0.1550000000000001,0.3100000000000002,231.0,2.0,20875.0,14756.61141658206
2026-09-13 06:39:07.840,0.18596908345206198,0.1545000000000001,0.3090000000000002,231.0,2.0,20875.0,14756.61141658206
2026-09-13 06:39:11.317,0.26516504294495535,0.21050000000000013,0.42100000000000026,231.0,2.0,20875.0,14756.61141658206
2026-09-13 06:39:11.340,0.26516504294495535,0.21050000000000013,0.42100000000000026,231.0,2.0,20875.0,14756.61141658206
2026-09-13 06:39:14.817,0.26516504294495535,0.21050000000000013,0.42100000000000026,231.0,2.0,20875.0,14756.61141658206
2026-09-13 06:39:14.840,0.26516504294495535,0.21050000000000013,0.42100000000000026,231.0,2.0,20875.0,14756.61141658206
2026-09-13 06:39:18.317,0.26516504294495535,0.21050000000000013,0.42100000000000026,231.0,2.0,20875.0,14756.61141658206
2026-09-13 06:39:18.340,0.26516504294495535,0.21050000000000013,0.42100000000000026,231.0,2.0,20875.0,14756.61141658206
2026-09-13 06:39:21.817,0.26516504294495535,0.21050000000000013,0.42100000000000026,231.0,2.0,20875.0,14756.61141658206
2026-09-13 06:39:21.840,0.26516504294495535,0.21050000000000013,0.42100000000000026,231.0,2.0,20875.0,14756.61141658206
2026-09-13 06:39:25.317,0.26516504294495535,0.21050000000000013,0.42100000000000026,231.0,2.0,20875.0,14756.61141658206
2026-09-13 06:39:25.340,0.26516504294495535,0.21050000000000013,0.42100000000000026,231.0,2.0,20875.0,14756.61141658206
2026-09-13 06:39:28.817,0.26516504294495535,0.21050000000000013,0.42100000000000026,231.0,2.0,20875.0,14756.61141658206
2026-09-13 06:39:28.840,0.26516504294495535,0.21050000000000013,0.42100000000000026,231.0,2.0,20875.0,14756.61141658206
2026-09-13 06:39:32.317,0.26516504294495535,0.21050000000000013,0.42100000000000026,231.0,2.0,20875.0,14756.61141658206
2026-09-13 06:39:32.341,0.2644579361637688,0.21100000000000013,0.42200000000000026,231.0,2.0,20875.0,14756.61141658206
2026-09-13 06:39:35.817,0.2644579361637688,0.21100000000000013,0.42200000000000026,231.0,2.0,20875.0,14756.61141658206
2026-09-13 06:39:35.841,0.2644579361637688,0.21100000000000013,0.42200000000000026,231.0,2.0,20875.0,14756.61141658206
2026-09-13 06:39:39.317,0.2644579361637688,0.21100000000000013,0.42200000000000026,231.0,2.0,20875.0,14756.61141658206
2026-09-13 06:39:39.341,0.2644579361637688,0.21100000000000013,0.42200000000000026,231.0,2.0,20875.0,14756.61141658206
2026-09-13 06:39:42.817,0.2644579361637688,0.21100000000000013,0.42200000000000026,231.0,2.0,20875.0,14756.61141658206
2026-09-13 06:39:42.841,0.2644579361637688,0.21100000000000013,0.42200000000000026,231.0,2.0,20875.0,14756.61141658206
2026-09-13 06:39:46.317,0.2644579361637688,0.21100000000000013,0.42200000000000026,231.0,2.0,20875.0,14756.61141658206
2026-09-13 06:39:46.341,0.2644579361637688,0.21100000000000013,0.42200000000000026,231.0,2.0,20875.0,14756.61141658206
2026-09-13 06:39:49.817,0.2644579361637688,0.21100000000000013,0.42200000000000026,231.0,2.0,20875.0,14756.61141658206
2026-09-13 06:39:49.841,0.2644579361637688,0.21100000000000013,0.42200000000000026,231.0,2.0,20875.0,14756.61141658206
2026-09-13 06:39:53.317,0.2644579361637688,0.21100000000000013,0.42200000000000026,231.0,2.0,20875.0,14756.61141658206
2026-09-13 06:39:53.341,0.2644579361637688,0.21100000000000013,0.42200000000000026,231.0,2.0,20875.0,14756.61141658206
2026-09-13 06:39:56.817,0.2644579361637688,0.21100000000000013,0.42200000000000026,231.0,2.0,20875.0,14756.61141658206
2026-09-13 06:39:56.841,0.2644579361637688,0.21100000000000013,0.42200000000000026,231.0,2.0,20875.0,14756.61141658206
2026-09-13 06:40:00.318,0.2644579361637688,0.21100000000000013,0.42200000000000026,231.0,2.0,20875.0,14756.61141658206
2026-09-13 06:40:00.341,0.26516504294495535,0.21050000000000013,0.42100000000000026,231.0,2.0,20875.0,14756.61141658206
2026-09-13 06:40:03.818,0.26516504294495535,0.21050000000000013,0.42100000000000026,231.0,2.0,20875.0,14756.61141658206
2026-09-13 06:40:03.841,0.26516504294495535,0.21050000000000013,0.42100000000000026,231.0,2.0,20875.0,14756.61141658206
2026-09-13 06:40:07.318,0.26516504294495535,0.21050000000000013,0.42100000000000026,231.0,2.0,20875.0,14756.61141658206
2026-09-13 06:40:07.341,0.26516504294495535,0.21050000000000013,0.42100000000000026,231.0,2.0,20875.0,14756.61141658206
2026-09-13 06:40:10.818,0.26516504294495535,0.21050000000000013,0.42100000000000026,231.0,2.0,20875.0,14756.61141658206
2026-09-13 06:40:10.841,0.26516504294495535,0.21050000000000013,0.42100000000000026,231.0,2.0,20875.0,14756.61141658206
2026-09-13 06:40:14.318,0.26516504294495535,0.21050000000000013,0.42100000000000026,231.0,2.0,20875.0,14756.61141658206
2026-09-13 06:40:14.341,0.26516504294495535,0.21050000000000013,0.42100000000000026,231.0,2.0,20875.0,14756.61141658206
2026-09-13 06:40:17.818,0.26516504294495535,0.21050000000000013,0.42100000000000026,231.0,2.0,20875.0,14756.61141658206
2026-09-13 06:40:17.841,0.26516504294495535,0.21050000000000013,0.42100000000000026,231.0,2.0,20875.0,14756.61141658206
2026-09-13 06:40:21.318,0.26516504294495535,0.21050000000000013,0.42100000000000026,231.0,2.0,20875.0,14756.61141658206
2026-09-13 06:40:21.342,0.2644579361637688,0.21100000000000013,0.42200000000000026,231.0,2.0,20875.0,14756.61141658206
2026-09-13 06:40:24.818,0.2644579361637688,0.21100000000000013,0.42200000000000026,231.0,2.0,20875.0,14756.61141658206
2026-09-13 06:40:24.842,0.2644579361637688,0.21100000000000013,0.42200000000000026,231.0,2.0,20875.0,14756.61141658206
2026-09-13 06:40:28.318,0.2644579361637688,0.21100000000000013,0.42200000000000026,231.0,2.0,20875.0,14756.61141658206
2026-09-13 06:40:28.342,0.2644579361637688,0.21100000000000013,0.42200000000000026,231.0,2.0,20875.0,14756.61141658206
2026-09-13 06:40:31.818,0.2644579361637688,0.21100000000000013,0.42200000000000026,231.0,2.0,20875.0,14756.61141658206
2026-09-13 06:40:31.842,0.2644579361637688,0.21100000000000013,0.42200000000000026,231.0,2.0,20875.0,14756.61141658206
2026-09-13 06:40:35.318,0.2644579361637688,0.21100000000000013,0.42200000000000026,231.0,2.0,20875.0,14756.61141658206
2026-09-13 06:40:35.342,0.2644579361637688,0.21100000000000013,0.42200000000000026,231.0,2.0,20875.0,14756.61141658206
2026-09-13 06:40:38.818,0.2644579361637688,0.21100000000000013,0.42200000000000026,231.0,2.0,20875.0,14756.61141658206
2026-09-13 06:40:38.842,0.2644579361637688,0.21100000000000013,0.42200000000000026,231.0,2.0,20875.0,14756.61141658206
2026-09-13 06:40:42.318,0.2644579361637688,0.21100000000000013,0.42200000000000026,231.0,2.0,20875.0,14756.61141658206
2026-09-13 06:40:42.342,0.2644579361637688,0.21100000000000013,0.42200000000000026,231.0,2.0,20875.0,14756.61141658206
2026-09-13 06:40:45.818,0.2644579361637688,0.21100000000000013,0.42200000000000026,231.0,2.0,20875.0,14756.61141658206
2026-09-13 06:40:45.842,0.2644579361637688,0.21100000000000013,0.42200000000000026,231.0,2.0,20875.0,14756.61141658206
2026-09-13 06:40:49.319,0.26516504294495535,0.21150000000000013,0.42300000000000026,231.0,2.0,20875.0,14756.61141658206
2026-09-13 06:40:49.342,0.26587214972614187,0.21100000000000013,0.42200000000000026,231.0,2.0,20875.0,14756.61141658206
2026-09-13 06:40:52.819,0.26516504294495535,0.21050000000000013,0.42100000000000026,231.0,2.0,20875.0,14756.61141658206
2026-09-13 06:40:52.842,0.26516504294495535,0.21050000000000013,0.42100000000000026,231.0,2.0,20875.0,14756.61141658206
2026-09-13 06:40:56.319,0.26516504294495535,0.21050000000000013,0.42100000000000026,231.0,2.0,20875.0,14756.61141658206
2026-09-13 06:40:56.342,0.26516504294495535,0.21050000000000013,0.42100000000000026,231.0,2.0,20875.0,14756.61141658206
2026-09-13 06:40:59.819,0.26516504294495535,0.21050000000000013,0.42100000000000026,231.0,2.0,20875.0,14756.61141658206
2026-09-13 06:40:59.842,0.26516504294495535,0.21050000000000013,0.42100000000000026,231.0,2.0,20875.0,14756.61141658206
2026-09-13 06:41:03.319,0.26516504294495535,0.21050000000000013,0.42100000000000026,231.0,2.0,20875.0,14756.61141658206
2026-09-13 06:41:03.342,0.26516504294495535,0.21050000000000013,0.42100000000000026,231.0,2.0,20875.0,14756.61141658206
2026-09-13 06:41:06.819,0.26516504294495535,0.21050000000000013,0.42100000000000026,231.0,2.0,20875.0,14756.61141658206
2026-09-13 06:41:06.843,0.2644579361637688,0.21100000000000013,0.42200000000000026,231.0,2.0,20875.0,14756.61141658206
2026-09-13 06:41:10.319,0.2644579361637688,0.21100000000000013,0.42200000000000026,231.0,2.0,20875.0,14756.61141658206
2026-09-13 06:41:10.343,0.2644579361637688,0.21100000000000013,0.42200000000000026,231.0,2.0,20875.0,14756.61141658206
2026-09-13 06:41:13.819,0.2644579361637688,0.21100000000000013,0.42200000000000026,231.0,2.0,20875.0,14756.61141658206
2026-09-13 06:41:13.843,0.2644579361637688,0.21100000000000013,0.42200000000000026,231.0,2.0,20875.0,14756.61141658206
2026-09-13 06:41:17.319,0.2644579361637688,0.21100000000000013,0.42200000000000026,231.0,2.0,20875.0,14756.61141658206
2026-09-13 06:41:17.343,0.2644579361637688,0.21100000000000013,0.42200000000000026,231.0,2.0,20875.0,14756.61141658206
2026-09-13 06:41:20.819,0.2644579361637688,0.21100000000000013,0.42200000000000026,231.0,2.0,20875.0,14756.61141658206
2026-09-13 06:41:20.843,0.2644579361637688,0.21100000000000013,0.42200000000000026,231.0,2.0,20875.0,14756.61141658206
2026-09-13 06:41:24.319,0.19586857838867366,0.16250000000000012,0.32500000000000023,231.0,2.0,20875.0,14756.61141658206
2026-09-13 06:41:24.343,0.19586857838867366,0.16250000000000012,0.32500000000000023,231.0,2.0,20875.0,14756.61141658206
2026-09-13 06:41:27.819,0.2644579361637688,0.21100000000000013,0.42200000000000026,231.0,2.0,20875.0,14756.61141658206
2026-09-13 06:41:27.843,0.2644579361637688,0.21100000000000013,0.42200000000000026,231.0,2.0,20875.0,14756.61141658206
2026-09-13 06:41:31.319,0.2644579361637688,0.21100000000000013,0.42200000000000026,231.0,2.0,20875.0,14756.61141658206
2026-09-13 06:41:31.343,0.2644579361637688,0.21100000000000013,0.42200000000000026,231.0,2.0,20875.0,14756.61141658206
2026-09-13 06:41:34.819,0.2644579361637688,0.21100000000000013,0.42200000000000026,231.0,2.0,20875.0,14756.61141658206
2026-09-13 06:41:34.843,0.2644579361637688,0.21100000000000013,0.42200000000000026,231.0,2.0,20875.0,14756.61141658206
2026-09-13 06:41:38.320,0.2644579361637688,0.21100000000000013,0.42200000000000026,231.0,2.0,20875.0,14756.61141658206
2026-09-13 06:41:38.343,0.26516504294495535,0.21050000000000013,0.42100000000000026,231.0,2.0,20875.0,14756.61141658206
2026-09-13 06:41:41.820,0.26516504294495535,0.21050000000000013,0.42100000000000026,231.0,2.0,20875.0,14756.61141658206
2026-09-13 06:41:41.843,0.26516504294495535,0.21050000000000013,0.42100000000000026,231.0,2.0,20875.0,14756.61141658206
2026-09-13 06:41:45.562,0.26516504294495535,0.21050000000000013,0.42100000000000026,231.0,2.0,20875.0,14756.61141658206
2026-09-13 06:41:45.585,0.26516504294495535,0.21050000000000013,0.42100000000000026,231.0,2.0,20875.0,14756.61141658206
2026-09-13 06:41:49.062,0.26516504294495535,0.21050000000000013,0.42100000000000026,231.0,2.0,20875.0,14756.61141658206
2026-09-13 06:41:49.085,0.26516504294495535,0.21050000000000013,0.42100000000000026,231.0,2.0,20875.0,14756.61141658206
2026-09-13 06:41:52.562,0.26516504294495535,0.21050000000000013,0.42100000000000026,231.0,2.0,20875.0,14756.61141658206
2026-09-13 06:41:52.585,0.26516504294495535,0.21050000000000013,0.42100000000000026,231.0,2.0,20875.0,14756.61141658206
2026-09-13 06:41:56.062,0.26516504294495535,0.21050000000000013,0.42100000000000026,231.0,2.0,20875.0,14756.61141658206
2026-09-13 06:41:56.086,0.2644579361637688,0.21100000000000013,0.42200000000000026,231.0,2.0,20875.0,14756.61141658206
2026-09-13 06:41:59.562,0.2644579361637688,0.21100000000000013,0.42200000000000026,231.0,2.0,20875.0,14756.61141658206
2026-09-13 06:41:59.586,0.2644579361637688,0.21100000000000013,0.42200000000000026,231.0,2.0,20875.0,14756.61141658206
2026-09-13 06:42:03.062,0.2644579361637688,0.21100000000000013,0.42200000000000026,231.0,2.0,20875.0,14756.61141658206
2026-09-13 06:42:03.086,0.2644579361637688,0.21100000000000013,0.42200000000000026,231.0,2.0,20875.0,14756.61141658206
2026-09-13 06:42:06.562,0.2644579361637688,0.21100000000000013,0.42200000000000026,231.0,2.0,20875.0,14756.61141658206
2026-09-13 06:42:06.586,0.2644579361637688,0.21100000000000013,0.42200000000000026,231.0,2.0,20875.0,14756.61141658206
2026-09-13 06:42:10.062,0.2644579361637688,0.21100000000000013,0.42200000000000026,231.0,2.0,20875.0,14756.61141658206
2026-09-13 06:42:10.086,0.2644579361637688,0.21100000000000013,0.42200000000000026,231.0,2.0,20875.0,14756.61141658206
2026-09-13 06:42:13.562,0.2644579361637688,0.21100000000000013,0.42200000000000026,231.0,2.0,20875.0,14756.61141658206
2026-09-13 06:42:13.586,0.2644579361637688,0.21100000000000013,0.42200000000000026,231.0,2.0,20875.0,14756.61141658206
2026-09-13 06:42:17.062,0.2644579361637688,0.21100000000000013,0.42200000000000026,231.0,2.0,20875.0,14756.61141658206
2026-09-13 06:42:17.086,0.2644579361637688,0.21100000000000013,0.42200000000000026,231.0,2.0,20875.0,14756.61141658206
2026-09-13 06:42:20.562,0.2644579361637688,0.21100000000000013,0.42200000000000026,231.0,2.0,20875.0,14756.61141658206
2026-09-13 06:42:20.586,0.2644579361637688,0.21100000000000013,0.42200000000000026,231.0,2.0,20875.0,14756.61141658206
2026-09-13 06:42:24.062,0.2644579361637688,0.21100000000000013,0.42200000000000026,231.0,2.0,20875.0,14756.61141658206
2026-09-13 06:42:24.086,0.2644579361637688,0.21100000000000013,0.42200000000000026,231.0,2.0,20875.0,14756.61141658206
2026-09-13 06:42:27.563,0.2644579361637688,0.21100000000000013,0.42200000000000026,231.0,2.0,20875.0,14756.61141658206
2026-09-13 06:42:27.586,0.26516504294495535,0.21050000000000013,0.42100000000000026,231.0,2.0,20875.0,14756.61141658206
2026-09-13 06:42:31.063,0.26516504294495535,0.21050000000000013,0.42100000000000026,231.0,2.0,20875.0,14756.61141658206
2026-09-13 06:42:31.086,0.26516504294495535,0.21050000000000013,0.42100000000000026,231.0,2.0,20875.0,14756.61141658206
2026-09-13 06:42:34.563,0.26516504294495535,0.21050000000000013,0.42100000000000026,231.0,2.0,20875.0,14756.61141658206
2026-09-13 06:42:34.586,0.26516504294495535,0.21050000000000013,0.42100000000000026,231.0,2.0,20875.0,14756.61141658206
2026-09-13 06:42:38.063,0.07212489168102784,0.07400000000000011,0.14800000000000021,231.0,2.0,20875.0,14756.61141658206
2026-09-13 06:42:38.086,0.07212489168102784,0.07400000000000011,0.14800000000000021,231.0,2.0,20875.0,14756.61141658206
2026-09-13 06:42:41.563,0.26516504294495535,0.21050000000000013,0.42100000000000026,231.0,2.0,20875.0,14756.61141658206
2026-09-13 06:42:41.587,0.2644579361637688,0.21100000000000013,0.42200000000000026,231.0,2.0,20875.0,14756.61141658206
2026-09-13 06:42:45.063,0.2644579361637688,0.21100000000000013,0.42200000000000026,231.0,2.0,20875.0,14756.61141658206
2026-09-13 06:42:45.087,0.2644579361637688,0.21100000000000013,0.42200000000000026,231.0,2.0,20875.0,14756.61141658206
2026-09-13 06:42:48.563,0.2644579361637688,0.21100000000000013,0.42200000000000026,231.0,2.0,20875.0,14756.61141658206
2026-09-13 06:42:48.587,0.2644579361637688,0.21100000000000013,0.42200000000000026,231.0,2.0,20875.0,14756.61141658206
2026-09-13 06:42:52.063,0.2644579361637688,0.21100000000000013,0.42200000000000026,231.0,2.0,20875.0,14756.61141658206
2026-09-13 06:42:52.087,0.2644579361637688,0.21100000000000013,0.42200000000000026,231.0,2.0,20875.0,14756.61141658206
2026-09-13 06:42:55.563,0.1873832970144351,0.1565000000000001,0.3130000000000002,231.0,2.0,20875.0,14756.61141658206
2026-09-13 06:42:55.587,0.1873832970144351,0.1565000000000001,0.3130000000000002,231.0,2.0,20875.0,14756.61141658206
2026-09-13 06:42:59.063,0.2644579361637688,0.21100000000000013,0.42200000000000026,231.0,2.0,20875.0,14756.61141658206
2026-09-13 06:42:59.087,0.2644579361637688,0.21100000000000013,0.42200000000000026,231.0,2.0,20875.0,14756.61141658206
2026-09-13 06:43:02.563,0.2644579361637688,0.21100000000000013,0.42200000000000026,231.0,2.0,20875.0,14756.61141658206
2026-09-13 06:43:02.587,0.2644579361637688,0.21100000000000013,0.42200000000000026,231.0,2.0,20875.0,14756.61141658206
2026-09-13 06:43:06.063,0.2644579361637688,0.21100000000000013,0.42200000000000026,231.0,2.0,20875.0,14756.61141658206
2026-09-13 06:43:06.087,0.2644579361637688,0.21100000000000013,0.42200000000000026,231.0,2.0,20875.0,14756.61141658206
2026-09-13 06:43:09.563,0.2644579361637688,0.21100000000000013,0.42200000000000026,231.0,2.0,20875.0,14756.61141658206
2026-09-13 06:43:09.587,0.2644579361637688,0.21100000000000013,0.42200000000000026,231.0,2.0,20875.0,14756.61141658206
2026-09-13 06:43:13.063,0.26375082938258226,0.21050000000000013,0.42100000000000026,231.0,2.0,20875.0,14756.61141658206
2026-09-13 06:43:13.087,0.26375082938258226,0.21050000000000013,0.42100000000000026,231.0,2.0,20875.0,14756.61141658206
2026-09-13 06:43:16.564,0.2644579361637688,0.21100000000000013,0.42200000000000026,231.0,2.0,20875.0,14756.61141658206
2026-09-13 06:43:16.587,0.26516504294495535,0.21050000000000013,0.42100000000000026,231.0,2.0,20875.0,14756.61141658206
2026-09-13 06:43:20.064,0.26516504294495535,0.21050000000000013,0.42100000000000026,231.0,2.0,20875.0,14756.61141658206
2026-09-13 06:43:20.087,0.26516504294495535,0.21050000000000013,0.42100000000000026,231.0,2.0,20875.0,14756.61141658206
2026-09-13 06:43:23.564,0.26516504294495535,0.21050000000000013,0.42100000000000026,231.0,2.0,20875.0,14756.61141658206
2026-09-13 06:43:23.587,0.26516504294495535,0.21050000000000013,0.42100000000000026,231.0,2.0,20875.0,14756.61141658206
2026-09-13 06:43:27.064,0.26516504294495535,0.21050000000000013,0.42100000000000026,231.0,2.0,20875.0,14756.61141658206
2026-09-13 06:43:27.087,0.26516504294495535,0.21050000000000013,0.42100000000000026,231.0,2.0,20875.0,14756.61141658206
2026-09-13 06:43:30.564,0.26516504294495535,0.21050000000000013,0.42100000000000026,231.0,2.0,20875.0,14756.61141658206
2026-09-13 06:43:30.587,0.26516504294495535,0.21050000000000013,0.42100000000000026,231.0,2.0,20875.0,14756.61141658206
2026-09-13 06:43:34.064,0.26516504294495535,0.21050000000000013,0.42100000000000026,231.0,2.0,20875.0,14756.61141658206
2026-09-13 06:43:34.087,0.26516504294495535,0.21050000000000013,0.42100000000000026,231.0,2.0,20875.0,14756.61141658206
2026-09-13 06:43:37.564,0.26516504294495535,0.21050000000000013,0.42100000000000026,231.0,2.0,20875.0,14756.61141658206
2026-09-13 06:43:37.588,0.2644579361637688,0.21100000000000013,0.42200000000000026,231.0,2.0,20875.0,14756.61141658206
2026-09-13 06:43:41.064,0.2644579361637688,0.21100000000000013,0.42200000000000026,231.0,2.0,20875.0,14756.61141658206
2026-09-13 06:43:41.088,0.2644579361637688,0.21100000000000013,0.42200000000000026,231.0,2.0,20875.0,14756.61141658206
2026-09-13 06:43:46.102,0.2644579361637688,0.21100000000000013,0.42200000000000026,231.0,2.0,20875.0,14756.61141658206
2026-09-13 06:43:46.126,0.2644579361637688,0.21100000000000013,0.42200000000000026,231.0,2.0,20875.0,14756.61141658206
2026-09-13 06:43:49.602,0.2644579361637688,0.21100000000000013,0.42200000000000026,231.0,2.0,20875.0,14756.61141658206
2026-09-13 06:43:49.626,0.2644579361637688,0.21100000000000013,0.42200000000000026,231.0,2.0,20875.0,14756.61141658206
2026-09-13 06:43:53.612,0.2644579361637688,0.21100000000000013,0.42200000000000026,231.0,2.0,20875.0,14756.61141658206
2026-09-13 06:43:53.636,0.2644579361637688,0.21100000000000013,0.42200000000000026,231.0,2.0,20875.0,14756.61141658206
2026-09-13 06:43:59.738,0.6965001794687492,0.5165000000000001,1.0330000000000001,231.0,2.0,20875.0,14756.61141658206
2026-09-13 06:43:59.762,0.6965001794687492,0.5165000000000001,1.0330000000000001,231.0,2.0,20875.0,14756.61141658206
2026-09-13 06:44:05.274,0.6972072862499359,0.5170000000000001,1.0340000000000003,231.0,2.0,20875.0,14756.61141658206
2026-09-13 06:44:11.408,0.6901362184380704,0.5220000000000001,1.0440000000000003,0.0,1.0,6.0,0.0
2026-09-13 06:44:11.432,0.007071067811865477,0.029000000000000112,0.058000000000000225,231.0,2.0,20875.0,14756.61141658206
2026-09-13 06:44:14.908,0.2644579361637688,0.21100000000000013,0.42200000000000026,231.0,2.0,20875.0,14756.61141658206
2026-09-13 06:44:14.931,0.26516504294495535,0.21050000000000013,0.42100000000000026,231.0,2.0,20875.0,14756.61141658206
2026-09-13 06:44:18.408,0.26516504294495535,0.21050000000000013,0.42100000000000026,231.0,2.0,20875.0,14756.61141658206
2026-09-13 06:44:18.431,0.26516504294495535,0.21050000000000013,0.42100000000000026,231.0,2.0,20875.0,14756.61141658206
2026-09-13 06:44:21.908,0.26516504294495535,0.21050000000000013,0.42100000000000026,231.0,2.0,20875.0,14756.61141658206
2026-09-13 06:44:21.931,0.26516504294495535,0.21050000000000013,0.42100000000000026,231.0,2.0,20875.0,14756.61141658206
2026-09-13 06:44:25.408,0.26516504294495535,0.21050000000000013,0.42100000000000026,231.0,2.0,20875.0,14756.61141658206
2026-09-13 06:44:25.432,0.2644579361637688,0.21100000000000013,0.42200000000000026,231.0,2.0,20875.0,14756.61141658206
2026-09-13 06:44:28.908,0.2644579361637688,0.21100000000000013,0.42200000000000026,231.0,2.0,20875.0,14756.61141658206
2026-09-13 06:44:28.932,0.2644579361637688,0.21100000000000013,0.42200000000000026,231.0,2.0,20875.0,14756.61141658206
2026-09-13 06:44:32.408,0.2644579361637688,0.21100000000000013,0.42200000000000026,231.0,2.0,20875.0,14756.61141658206
2026-09-13 06:44:32.432,0.2644579361637688,0.21100000000000013,0.42200000000000026,231.0,2.0,20875.0,14756.61141658206
2026-09-13 06:44:38.454,0.6717514421272202,0.4990000000000001,0.9980000000000002,231.0,2.0,20875.0,14756.61141658206
2026-09-13 06:44:38.478,0.6717514421272202,0.4990000000000001,0.9980000000000002,231.0,2.0,20875.0,14756.61141658206
2026-09-13 06:44:46.070,0.6965001794687492,0.5165000000000001,1.0330000000000001,231.0,2.0,20875.0,14756.61141658206
2026-09-13 06:44:54.176,0.0007071067811865482,1.0095,2.019,0.0,1.0,6.0,0.0
2026-09-13 06:45:02.270,0.0007071067811867052,1.0095,2.019,0.0,1.0,6.0,0.0
2026-09-13 06:45:09.346,0.0007071067811867052,1.0095,2.019,0.0,1.0,6.0,0.0
2026-09-13 06:45:16.931,0.0,1.01,2.02,0.0,1.0,6.0,0.0
2026-09-13 06:45:23.066,0.6894291116568838,0.5225000000000001,1.0450000000000002,0.0,1.0,6.0,0.0
2026-09-13 06:45:23.089,0.008485281374238573,0.029000000000000112,0.058000000000000225,231.0,2.0,20875.0,14756.61141658206
2026-09-13 06:45:29.123,0.2644579361637688,0.21000000000000013,0.42000000000000026,231.0,2.0,20875.0,14756.61141658206
2026-09-13 06:45:29.147,0.26375082938258226,0.21050000000000013,0.42100000000000026,231.0,2.0,20875.0,14756.61141658206
2026-09-13 06:45:33.641,0.2644579361637688,0.21100000000000013,0.42200000000000026,231.0,2.0,20875.0,14756.61141658206
2026-09-13 06:45:33.665,0.2644579361637688,0.21100000000000013,0.42200000000000026,231.0,2.0,20875.0,14756.61141658206
2026-09-13 06:45:38.170,0.26375082938258226,0.21050000000000013,0.42100000000000026,231.0,2.0,20875.0,14756.61141658206
2026-09-13 06:45:38.194,0.26375082938258226,0.21050000000000013,0.42100000000000026,231.0,2.0,20875.0,14756.61141658206
2026-09-13 06:45:41.671,0.2644579361637688,0.21100000000000013,0.42200000000000026,231.0,2.0,20875.0,14756.61141658206
2026-09-13 06:45:41.694,0.26516504294495535,0.21050000000000013,0.42100000000000026,231.0,2.0,20875.0,14756.61141658206
2026-09-13 06:45:45.171,0.26516504294495535,0.21050000000000013,0.42100000000000026,231.0,2.0,20875.0,14756.61141658206
2026-09-13 06:45:45.194,0.26516504294495535,0.21050000000000013,0.42100000000000026,231.0,2.0,20875.0,14756.61141658206
2026-09-13 06:45:48.671,0.26516504294495535,0.21050000000000013,0.42100000000000026,231.0,2.0,20875.0,14756.61141658206
2026-09-13 06:45:48.694,0.26516504294495535,0.21050000000000013,0.42100000000000026,231.0,2.0,20875.0,14756.61141658206
2026-09-13 06:45:52.171,0.26516504294495535,0.21050000000000013,0.42100000000000026,231.0,2.0,20875.0,14756.61141658206
2026-09-13 06:45:52.194,0.26516504294495535,0.21050000000000013,0.42100000000000026,231.0,2.0,20875.0,14756.61141658206
2026-09-13 06:45:55.671,0.26516504294495535,0.21050000000000013,0.42100000000000026,231.0,2.0,20875.0,14756.61141658206
2026-09-13 06:45:55.694,0.26516504294495535,0.21050000000000013,0.42100000000000026,231.0,2.0,20875.0,14756.61141658206
2026-09-13 06:45:59.171,0.26516504294495535,0.21050000000000013,0.42100000000000026,231.0,2.0,20875.0,14756.61141658206
2026-09-13 06:45:59.195,0.2644579361637688,0.21100000000000013,0.42200000000000026,231.0,2.0,20875.0,14756.61141658206
2026-09-13 06:46:02.671,0.2644579361637688,0.21100000000000013,0.42200000000000026,231.0,2.0,20875.0,14756.61141658206
2026-09-13 06:46:02.695,0.2644579361637688,0.21100000000000013,0.42200000000000026,231.0,2.0,20875.0,14756.61141658206
2026-09-13 06:46:06.171,0.2644579361637688,0.21100000000000013,0.42200000000000026,231.0,2.0,20875.0,14756.61141658206
2026-09-13 06:46:06.195,0.2644579361637688,0.21100000000000013,0.42200000000000026,231.0,2.0,20875.0,14756.61141658206
2026-09-13 06:46:09.671,0.2644579361637688,0.21100000000000013,0.42200000000000026,231.0,2.0,20875.0,14756.61141658206
2026-09-13 06:46:09.695,0.2644579361637688,0.21100000000000013,0.42200000000000026,231.0,2.0,20875.0,14756.61141658206
2026-09-13 06:46:13.171,0.2644579361637688,0.21100000000000013,0.42200000000000026,231.0,2.0,20875.0,14756.61141658206
2026-09-13 06:46:13.195,0.2644579361637688,0.21100000000000013,0.42200000000000026,231.0,2.0,20875.0,14756.61141658206
2026-09-13 06:46:16.671,0.2644579361637688,0.21100000000000013,0.42200000000000026,231.0,2.0,20875.0,14756.61141658206
2026-09-13 06:46:16.695,0.2644579361637688,0.21100000000000013,0.42200000000000026,231.0,2.0,20875.0,14756.61141658206
2026-09-13 06:46:20.171,0.2644579361637688,0.21100000000000013,0.42200000000000026,231.0,2.0,20875.0,14756.61141658206
2026-09-13 06:46:20.195,0.2644579361637688,0.21100000000000013,0.42200000000000026,231.0,2.0,20875.0,14756.61141658206
2026-09-13 06:46:23.671,0.2644579361637688,0.21100000000000013,0.42200000000000026,231.0,2.0,20875.0,14756.61141658206
2026-09-13 06:46:23.695,0.2644579361637688,0.21100000000000013,0.42200000000000026,231.0,2.0,20875.0,14756.61141658206
2026-09-13 06:46:27.171,0.2644579361637688,0.21100000000000013,0.42200000000000026,231.0,2.0,20875.0,14756.61141658206
2026-09-13 06:46:27.195,0.2644579361637688,0.21100000000000013,0.42200000000000026,231.0,2.0,20875.0,14756.61141658206
2026-09-13 06:46:30.672,0.2644579361637688,0.21100000000000013,0.42200000000000026,231.0,2.0,20875.0,14756.61141658206
2026-09-13 06:46:30.695,0.26516504294495535,0.21050000000000013,0.42100000000000026,231.0,2.0,20875.0,14756.61141658206
2026-09-13 06:46:34.172,0.26516504294495535,0.21050000000000013,0.42100000000000026,231.0,2.0,20875.0,14756.61141658206
2026-09-13 06:46:34.195,0.26516504294495535,0.21050000000000013,0.42100000000000026,231.0,2.0,20875.0,14756.61141658206
2026-09-13 06:46:37.672,0.26516504294495535,0.21050000000000013,0.42100000000000026,231.0,2.0,20875.0,14756.61141658206
2026-09-13 06:46:37.695,0.26516504294495535,0.21050000000000013,0.42100000000000026,231.0,2.0,20875.0,14756.61141658206
2026-09-13 06:46:41.172,0.26516504294495535,0.21050000000000013,0.42100000000000026,231.0,2.0,20875.0,14756.61141658206
2026-09-13 06:46:41.195,0.26516504294495535,0.21050000000000013,0.42100000000000026,231.0,2.0,20875.0,14756.61141658206
2026-09-13 06:46:44.672,0.26516504294495535,0.21050000000000013,0.42100000000000026,231.0,2.0,20875.0,14756.61141658206
2026-09-13 06:46:44.695,0.26516504294495535,0.21050000000000013,0.42100000000000026,231.0,2.0,20875.0,14756.61141658206
2026-09-13 06:46:48.172,0.26516504294495535,0.21050000000000013,0.42100000000000026,231.0,2.0,20875.0,14756.61141658206
2026-09-13 06:46:48.196,0.2644579361637688,0.21100000000000013,0.42200000000000026,231.0,2.0,20875.0,14756.61141658206
2026-09-13 06:46:51.672,0.2644579361637688,0.21100000000000013,0.42200000000000026,231.0,2.0,20875.0,14756.61141658206
2026-09-13 06:46:51.696,0.2644579361637688,0.21100000000000013,0.42200000000000026,231.0,2.0,20875.0,14756.61141658206
2026-09-13 06:46:55.471,0.2644579361637688,0.21100000000000013,0.42200000000000026,231.0,2.0,20875.0,14756.61141658206
2026-09-13 06:46:55.495,0.2644579361637688,0.21100000000000013,0.42200000000000026,231.0,2.0,20875.0,14756.61141658206
2026-09-13 06:46:58.971,0.2644579361637688,0.21100000000000013,0.42200000000000026,231.0,2.0,20875.0,14756.61141658206
2026-09-13 06:46:58.995,0.2644579361637688,0.21100000000000013,0.42200000000000026,231.0,2.0,20875.0,14756.61141658206
2026-09-13 06:47:02.471,0.2644579361637688,0.21100000000000013,0.42200000000000026,231.0,2.0,20875.0,14756.61141658206
2026-09-13 06:47:02.495,0.2644579361637688,0.21100000000000013,0.42200000000000026,231.0,2.0,20875.0,14756.61141658206
2026-09-13 06:47:05.971,0.2644579361637688,0.21100000000000013,0.42200000000000026,231.0,2.0,20875.0,14756.61141658206
2026-09-13 06:47:05.995,0.2644579361637688,0.21100000000000013,0.42200000000000026,231.0,2.0,20875.0,14756.61141658206
2026-09-13 06:47:09.471,0.2644579361637688,0.21100000000000013,0.42200000000000026,231.0,2.0,20875.0,14756.61141658206
2026-09-13 06:47:09.495,0.2644579361637688,0.21100000000000013,0.42200000000000026,231.0,2.0,20875.0,14756.61141658206
2026-09-13 06:47:12.971,0.2644579361637688,0.21100000000000013,0.42200000000000026,231.0,2.0,20875.0,14756.61141658206
2026-09-13 06:47:12.995,0.2644579361637688,0.21100000000000013,0.42200000000000026,231.0,2.0,20875.0,14756.61141658206
2026-09-13 06:47:16.472,0.26516504294495535,0.21150000000000013,0.42300000000000026,231.0,2.0,20875.0,14756.61141658206
2026-09-13 06:47:16.495,0.26587214972614187,0.21100000000000013,0.42200000000000026,231.0,2.0,20875.0,14756.61141658206
2026-09-13 06:47:19.972,0.26516504294495535,0.21050000000000013,0.42100000000000026,231.0,2.0,20875.0,14756.61141658206
2026-09-13 06:47:19.995,0.26516504294495535,0.21050000000000013,0.42100000000000026,231.0,2.0,20875.0,14756.61141658206
2026-09-13 06:47:23.472,0.26516504294495535,0.21050000000000013,0.42100000000000026,231.0,2.0,20875.0,14756.61141658206
2026-09-13 06:47:23.495,0.26516504294495535,0.21050000000000013,0.42100000000000026,231.0,2.0,20875.0,14756.61141658206
2026-09-13 06:47:26.972,0.26516504294495535,0.21050000000000013,0.42100000000000026,231.0,2.0,20875.0,14756.61141658206
2026-09-13 06:47:26.995,0.26516504294495535,0.21050000000000013,0.42100000000000026,231.0,2.0,20875.0,14756.61141658206
2026-09-13 06:47:30.472,0.26516504294495535,0.21050000000000013,0.42100000000000026,231.0,2.0,20875.0,14756.61141658206
2026-09-13 06:47:30.495,0.26516504294495535,0.21050000000000013,0.42100000000000026,231.0,2.0,20875.0,14756.61141658206
2026-09-13 06:47:33.972,0.26516504294495535,0.21050000000000013,0.42100000000000026,231.0,2.0,20875.0,14756.61141658206
2026-09-13 06:47:33.995,0.26516504294495535,0.21050000000000013,0.42100000000000026,231.0,2.0,20875.0,14756.61141658206
2026-09-13 06:47:37.483,0.26516504294495535,0.21050000000000013,0.42100000000000026,231.0,2.0,20875.0,14756.61141658206
2026-09-13 06:47:37.506,0.26516504294495535,0.21050000000000013,0.42100000000000026,231.0,2.0,20875.0,14756.61141658206
2026-09-13 06:47:40.983,0.26516504294495535,0.21050000000000013,0.42100000000000026,231.0,2.0,20875.0,14756.61141658206
2026-09-13 06:47:41.007,0.2644579361637688,0.21100000000000013,0.42200000000000026,231.0,2.0,20875.0,14756.61141658206
2026-09-13 06:47:44.483,0.2644579361637688,0.21100000000000013,0.42200000000000026,231.0,2.0,20875.0,14756.61141658206
2026-09-13 06:47:44.507,0.2644579361637688,0.21100000000000013,0.42200000000000026,231.0,2.0,20875.0,14756.61141658206
2026-09-13 06:47:47.983,0.2644579361637688,0.21100000000000013,0.42200000000000026,231.0,2.0,20875.0,14756.61141658206
2026-09-13 06:47:48.007,0.2644579361637688,0.21100000000000013,0.42200000000000026,231.0,2.0,20875.0,14756.61141658206
2026-09-13 06:47:51.483,0.2644579361637688,0.21100000000000013,0.42200000000000026,231.0,2.0,20875.0,14756.61141658206
2026-09-13 06:47:51.507,0.2644579361637688,0.21100000000000013,0.42200000000000026,231.0,2.0,20875.0,14756.61141658206
2026-09-13 06:47:54.983,0.2644579361637688,0.21100000000000013,0.42200000000000026,231.0,2.0,20875.0,14756.61141658206
2026-09-13 06:47:55.007,0.2644579361637688,0.21100000000000013,0.42200000000000026,231.0,2.0,20875.0,14756.61141658206
2026-09-13 06:47:58.483,0.2644579361637688,0.21100000000000013,0.42200000000000026,231.0,2.0,20875.0,14756.61141658206
2026-09-13 06:47:58.507,0.2644579361637688,0.21100000000000013,0.42200000000000026,231.0,2.0,20875.0,14756.61141658206
2026-09-13 06:48:01.983,0.2644579361637688,0.21100000000000013,0.42200000000000026,231.0,2.0,20875.0,14756.61141658206
2026-09-13 06:48:02.007,0.2644579361637688,0.21100000000000013,0.42200000000000026,231.0,2.0,20875.0,14756.61141658206
2026-09-13 06:48:05.484,0.2644579361637688,0.21100000000000013,0.42200000000000026,231.0,2.0,20875.0,14756.61141658206
2026-09-13 06:48:05.507,0.26516504294495535,0.21050000000000013,0.42100000000000026,231.0,2.0,20875.0,14756.61141658206
2026-09-13 06:48:08.984,0.26516504294495535,0.21050000000000013,0.42100000000000026,231.0,2.0,20875.0,14756.61141658206
2026-09-13 06:48:09.007,0.26516504294495535,0.21050000000000013,0.42100000000000026,231.0,2.0,20875.0,14756.61141658206
2026-09-13 06:48:12.484,0.26516504294495535,0.21050000000000013,0.42100000000000026,231.0,2.0,20875.0,14756.61141658206
2026-09-13 06:48:12.507,0.26516504294495535,0.21050000000000013,0.42100000000000026,231.0,2.0,20875.0,14756.61141658206
2026-09-13 06:48:15.984,0.26516504294495535,0.21050000000000013,0.42100000000000026,231.0,2.0,20875.0,14756.61141658206
2026-09-13 06:48:16.007,0.26516504294495535,0.21050000000000013,0.42100000000000026,231.0,2.0,20875.0,14756.61141658206
2026-09-13 06:48:19.484,0.26516504294495535,0.21050000000000013,0.42100000000000026,231.0,2.0,20875.0,14756.61141658206
2026-09-13 06:48:19.507,0.26516504294495535,0.21050000000000013,0.42100000000000026,231.0,2.0,20875.0,14756.61141658206
2026-09-13 06:48:22.984,0.26516504294495535,0.21050000000000013,0.42100000000000026,231.0,2.0,20875.0,14756.61141658206
2026-09-13 06:48:23.007,0.26516504294495535,0.21050000000000013,0.42100000000000026,231.0,2.0,20875.0,14756.61141658206
2026-09-13 06:48:26.484,0.26516504294495535,0.21050000000000013,0.42100000000000026,231.0,2.0,20875.0,14756.61141658206
2026-09-13 06:48:26.508,0.2644579361637688,0.21100000000000013,0.42200000000000026,231.0,2.0,20875.0,14756.61141658206
2026-09-13 06:48:29.984,0.2644579361637688,0.21100000000000013,0.42200000000000026,231.0,2.0,20875.0,14756.61141658206
2026-09-13 06:48:30.008,0.2644579361637688,0.21100000000000013,0.42200000000000026,231.0,2.0,20875.0,14756.61141658206
2026-09-13 06:48:33.484,0.2644579361637688,0.21100000000000013,0.42200000000000026,231.0,2.0,20875.0,14756.61141658206
2026-09-13 06:48:33.508,0.2644579361637688,0.21100000000000013,0.42200000000000026,231.0,2.0,20875.0,14756.61141658206
2026-09-13 06:48:36.984,0.2644579361637688,0.21100000000000013,0.42200000000000026,231.0,2.0,20875.0,14756.61141658206
2026-09-13 06:48:37.008,0.2644579361637688,0.21100000000000013,0.42200000000000026,231.0,2.0,20875.0,14756.61141658206
2026-09-13 06:48:40.484,0.2644579361637688,0.21100000000000013,0.42200000000000026,231.0,2.0,20875.0,14756.61141658206
2026-09-13 06:48:40.508,0.2644579361637688,0.21100000000000013,0.42200000000000026,231.0,2.0,20875.0,14756.61141658206
2026-09-13 06:48:43.984,0.2644579361637688,0.21100000000000013,0.42200000000000026,231.0,2.0,20875.0,14756.61141658206
2026-09-13 06:48:44.008,0.2644579361637688,0.21100000000000013,0.42200000000000026,231.0,2.0,20875.0,14756.61141658206
2026-09-13 06:48:47.484,0.2644579361637688,0.21100000000000013,0.42200000000000026,231.0,2.0,20875.0,14756.61141658206
2026-09-13 06:48:47.508,0.2644579361637688,0.21100000000000013,0.42200000000000026,231.0,2.0,20875.0,14756.61141658206
2026-09-13 06:48:50.984,0.2644579361637688,0.21100000000000013,0.42200000000000026,231.0,2.0,20875.0,14756.61141658206
2026-09-13 06:48:51.008,0.2644579361637688,0.21100000000000013,0.42200000000000026,231.0,2.0,20875.0,14756.61141658206
2026-09-13 06:48:54.485,0.26516504294495535,0.21150000000000013,0.42300000000000026,231.0,2.0,20875.0,14756.61141658206
2026-09-13 06:48:54.508,0.26587214972614187,0.21100000000000013,0.42200000000000026,231.0,2.0,20875.0,14756.61141658206
2026-09-13 06:48:57.985,0.26516504294495535,0.21050000000000013,0.42100000000000026,231.0,2.0,20875.0,14756.61141658206
2026-09-13 06:48:58.008,0.26516504294495535,0.21050000000000013,0.42100000000000026,231.0,2.0,20875.0,14756.61141658206
2026-09-13 06:49:01.485,0.26516504294495535,0.21050000000000013,0.42100000000000026,231.0,2.0,20875.0,14756.61141658206
2026-09-13 06:49:01.508,0.26516504294495535,0.21050000000000013,0.42100000000000026,231.0,2.0,20875.0,14756.61141658206
2026-09-13 06:49:04.985,0.26516504294495535,0.21050000000000013,0.42100000000000026,231.0,2.0,20875.0,14756.61141658206
2026-09-13 06:49:05.008,0.26516504294495535,0.21050000000000013,0.42100000000000026,231.0,2.0,20875.0,14756.61141658206
2026-09-13 06:49:08.492,0.26516504294495535,0.21050000000000013,0.42100000000000026,231.0,2.0,20875.0,14756.61141658206
2026-09-13 06:49:08.515,0.26516504294495535,0.21050000000000013,0.42100000000000026,231.0,2.0,20875.0,14756.61141658206
2026-09-13 06:49:11.992,0.26516504294495535,0.21050000000000013,0.42100000000000026,231.0,2.0,20875.0,14756.61141658206
2026-09-13 06:49:12.016,0.2644579361637688,0.21100000000000013,0.42200000000000026,231.0,2.0,20875.0,14756.61141658206
2026-09-13 06:49:15.492,0.2644579361637688,0.21100000000000013,0.42200000000000026,231.0,2.0,20875.0,14756.61141658206
2026-09-13 06:49:15.516,0.2644579361637688,0.21100000000000013,0.42200000000000026,231.0,2.0,20875.0,14756.61141658206
2026-09-13 06:49:18.992,0.2644579361637688,0.21100000000000013,0.42200000000000026,231.0,2.0,20875.0,14756.61141658206
2026-09-13 06:49:19.016,0.2644579361637688,0.21100000000000013,0.42200000000000026,231.0,2.0,20875.0,14756.61141658206
2026-09-13 06:49:22.492,0.2644579361637688,0.21100000000000013,0.42200000000000026,231.0,2.0,20875.0,14756.61141658206
2026-09-13 06:49:22.516,0.2644579361637688,0.21100000000000013,0.42200000000000026,231.0,2.0,20875.0,14756.61141658206
2026-09-13 06:49:25.992,0.2644579361637688,0.21100000000000013,0.42200000000000026,231.0,2.0,20875.0,14756.61141658206
2026-09-13 06:49:26.016,0.2644579361637688,0.21100000000000013,0.42200000000000026,231.0,2.0,20875.0,14756.61141658206
2026-09-13 06:49:29.492,0.2644579361637688,0.21100000000000013,0.42200000000000026,231.0,2.0,20875.0,14756.61141658206
2026-09-13 06:49:29.516,0.2644579361637688,0.21100000000000013,0.42200000000000026,231.0,2.0,20875.0,14756.61141658206
2026-09-13 06:49:32.992,0.2644579361637688,0.21100000000000013,0.42200000000000026,231.0,2.0,20875.0,14756.61141658206
2026-09-13 06:49:33.016,0.2644579361637688,0.21100000000000013,0.42200000000000026,231.0,2.0,20875.0,14756.61141658206
2026-09-13 06:49:36.492,0.2644579361637688,0.21100000000000013,0.42200000000000026,231.0,2.0,20875.0,14756.61141658206
2026-09-13 06:49:36.516,0.2644579361637688,0.21100000000000013,0.42200000000000026,231.0,2.0,20875.0,14756.61141658206
2026-09-13 06:49:39.993,0.26516504294495535,0.21150000000000013,0.42300000000000026,231.0,2.0,20875.0,14756.61141658206
2026-09-13 06:49:40.016,0.26587214972614187,0.21100000000000013,0.42200000000000026,231.0,2.0,20875.0,14756.61141658206
2026-09-13 06:49:43.493,0.26516504294495535,0.21050000000000013,0.42100000000000026,231.0,2.0,20875.0,14756.61141658206
2026-09-13 06:49:43.516,0.26516504294495535,0.21050000000000013,0.42100000000000026,231.0,2.0,20875.0,14756.61141658206
2026-09-13 06:49:46.993,0.26516504294495535,0.21050000000000013,0.42100000000000026,231.0,2.0,20875.0,14756.61141658206
2026-09-13 06:49:47.016,0.26516504294495535,0.21050000000000013,0.42100000000000026,231.0,2.0,20875.0,14756.61141658206
2026-09-13 06:49:50.493,0.26516504294495535,0.21050000000000013,0.42100000000000026,231.0,2.0,20875.0,14756.61141658206
2026-09-13 06:49:50.516,0.26516504294495535,0.21050000000000013,0.42100000000000026,231.0,2.0,20875.0,14756.61141658206
2026-09-13 06:49:53.993,0.26516504294495535,0.21050000000000013,0.42100000000000026,231.0,2.0,20875.0,14756.61141658206
2026-09-13 06:49:54.016,0.26516504294495535,0.21050000000000013,0.42100000000000026,231.0,2.0,20875.0,14756.61141658206
2026-09-13 06:49:57.493,0.26516504294495535,0.21050000000000013,0.42100000000000026,231.0,2.0,20875.0,14756.61141658206
2026-09-13 06:49:57.517,0.2644579361637688,0.21100000000000013,0.42200000000000026,231.0,2.0,20875.0,14756.61141658206
2026-09-13 06:50:00.993,0.2644579361637688,0.21100000000000013,0.42200000000000026,231.0,2.0,20875.0,14756.61141658206
2026-09-13 06:50:01.017,0.2644579361637688,0.21100000000000013,0.42200000000000026,231.0,2.0,20875.0,14756.61141658206
2026-09-13 06:50:04.493,0.2644579361637688,0.21100000000000013,0.42200000000000026,231.0,2.0,20875.0,14756.61141658206
2026-09-13 06:50:04.517,0.2644579361637688,0.21100000000000013,0.42200000000000026,231.0,2.0,20875.0,14756.61141658206
2026-09-13 06:50:07.993,0.2644579361637688,0.21100000000000013,0.42200000000000026,231.0,2.0,20875.0,14756.61141658206
2026-09-13 06:50:08.017,0.2644579361637688,0.21100000000000013,0.42200000000000026,231.0,2.0,20875.0,14756.61141658206
2026-09-13 06:50:11.493,0.2213244225113894,0.18050000000000013,0.36100000000000027,231.0,2.0,20875.0,14756.61141658206
2026-09-13 06:50:11.517,0.2213244225113894,0.18050000000000013,0.36100000000000027,231.0,2.0,20875.0,14756.61141658206
2026-09-13 06:50:14.993,0.2644579361637688,0.21100000000000013,0.42200000000000026,231.0,2.0,20875.0,14756.61141658206
2026-09-13 06:50:15.017,0.2644579361637688,0.21100000000000013,0.42200000000000026,231.0,2.0,20875.0,14756.61141658206
2026-09-13 06:50:18.493,0.2644579361637688,0.21100000000000013,0.42200000000000026,231.0,2.0,20875.0,14756.61141658206
2026-09-13 06:50:18.517,0.2644579361637688,0.21100000000000013,0.42200000000000026,231.0,2.0,20875.0,14756.61141658206
2026-09-13 06:50:21.993,0.2644579361637688,0.21100000000000013,0.42200000000000026,231.0,2.0,20875.0,14756.61141658206
2026-09-13 06:50:22.017,0.2644579361637688,0.21100000000000013,0.42200000000000026,231.0,2.0,20875.0,14756.61141658206
2026-09-13 06:50:25.493,0.26375082938258226,0.21050000000000013,0.42100000000000026,231.0,2.0,20875.0,14756.61141658206
2026-09-13 06:50:25.517,0.26375082938258226,0.21050000000000013,0.42100000000000026,231.0,2.0,20875.0,14756.61141658206
2026-09-13 06:50:28.994,0.2644579361637688,0.21100000000000013,0.42200000000000026,231.0,2.0,20875.0,14756.61141658206
2026-09-13 06:50:29.017,0.26516504294495535,0.21050000000000013,0.42100000000000026,231.0,2.0,20875.0,14756.61141658206
2026-09-13 06:50:32.494,0.26516504294495535,0.21050000000000013,0.42100000000000026,231.0,2.0,20875.0,14756.61141658206
2026-09-13 06:50:32.517,0.26516504294495535,0.21050000000000013,0.42100000000000026,231.0,2.0,20875.0,14756.61141658206
2026-09-13 06:50:35.994,0.26516504294495535,0.21050000000000013,0.42100000000000026,231.0,2.0,20875.0,14756.61141658206
2026-09-13 06:50:36.017,0.26516504294495535,0.21050000000000013,0.42100000000000026,231.0,2.0,20875.0,14756.61141658206
2026-09-13 06:50:39.494,0.26516504294495535,0.21050000000000013,0.42100000000000026,231.0,2.0,20875.0,14756.61141658206
2026-09-13 06:50:39.517,0.26516504294495535,0.21050000000000013,0.42100000000000026,231.0,2.0,20875.0,14756.61141658206
2026-09-13 06:50:42.994,0.26516504294495535,0.21050000000000013,0.42100000000000026,231.0,2.0,20875.0,14756.61141658206
2026-09-13 06:50:43.017,0.26516504294495535,0.21050000000000013,0.42100000000000026,231.0,2.0,20875.0,14756.61141658206
2026-09-13 06:50:46.494,0.26516504294495535,0.21050000000000013,0.42100000000000026,231.0,2.0,20875.0,14756.61141658206
2026-09-13 06:50:46.517,0.26516504294495535,0.21050000000000013,0.42100000000000026,231.0,2.0,20875.0,14756.61141658206
2026-09-13 06:50:49.994,0.26516504294495535,0.21050000000000013,0.42100000000000026,231.0,2.0,20875.0,14756.61141658206
2026-09-13 06:50:50.018,0.2644579361637688,0.21100000000000013,0.42200000000000026,231.0,2.0,20875.0,14756.61141658206
2026-09-13 06:50:53.494,0.2644579361637688,0.21100000000000013,0.42200000000000026,231.0,2.0,20875.0,14756.61141658206
2026-09-13 06:50:53.518,0.2644579361637688,0.21100000000000013,0.42200000000000026,231.0,2.0,20875.0,14756.61141658206
2026-09-13 06:50:56.994,0.2644579361637688,0.21100000000000013,0.42200000000000026,231.0,2.0,20875.0,14756.61141658206
2026-09-13 06:50:57.018,0.2644579361637688,0.21100000000000013,0.42200000000000026,231.0,2.0,20875.0,14756.61141658206
2026-09-13 06:51:00.494,0.2644579361637688,0.21100000000000013,0.42200000000000026,231.0,2.0,20875.0,14756.61141658206
2026-09-13 06:51:00.518,0.2644579361637688,0.21100000000000013,0.42200000000000026,231.0,2.0,20875.0,14756.61141658206
2026-09-13 06:51:03.994,0.2644579361637688,0.21100000000000013,0.42200000000000026,231.0,2.0,20875.0,14756.61141658206
2026-09-13 06:51:04.018,0.2644579361637688,0.21100000000000013,0.42200000000000026,231.0,2.0,20875.0,14756.61141658206
2026-09-13 06:51:07.494,0.2644579361637688,0.21100000000000013,0.42200000000000026,231.0,2.0,20875.0,14756.61141658206
2026-09-13 06:51:07.518,0.2644579361637688,0.21100000000000013,0.42200000000000026,231.0,2.0,20875.0,14756.61141658206
2026-09-13 06:51:10.994,0.2213244225113894,0.18050000000000013,0.36100000000000027,231.0,2.0,20875.0,14756.61141658206
2026-09-13 06:51:11.018,0.2213244225113894,0.18050000000000013,0.36100000000000027,231.0,2.0,20875.0,14756.61141658206
2026-09-13 06:51:14.494,0.2644579361637688,0.21100000000000013,0.42200000000000026,231.0,2.0,20875.0,14756.61141658206
2026-09-13 06:51:14.518,0.2644579361637688,0.21100000000000013,0.42200000000000026,231.0,2.0,20875.0,14756.61141658206
2026-09-13 06:51:17.995,0.2644579361637688,0.21100000000000013,0.42200000000000026,231.0,2.0,20875.0,14756.61141658206
2026-09-13 06:51:18.018,0.26516504294495535,0.21050000000000013,0.42100000000000026,231.0,2.0,20875.0,14756.61141658206
2026-09-13 06:51:21.495,0.26516504294495535,0.21050000000000013,0.42100000000000026,231.0,2.0,20875.0,14756.61141658206
2026-09-13 06:51:21.518,0.26516504294495535,0.21050000000000013,0.42100000000000026,231.0,2.0,20875.0,14756.61141658206
2026-09-13 06:51:24.995,0.26516504294495535,0.21050000000000013,0.42100000000000026,231.0,2.0,20875.0,14756.61141658206
2026-09-13 06:51:25.018,0.26516504294495535,0.21050000000000013,0.42100000000000026,231.0,2.0,20875.0,14756.61141658206
2026-09-13 06:51:28.495,0.26516504294495535,0.21050000000000013,0.42100000000000026,231.0,2.0,20875.0,14756.61141658206
2026-09-13 06:51:28.518,0.26516504294495535,0.21050000000000013,0.42100000000000026,231.0,2.0,20875.0,14756.61141658206
2026-09-13 06:51:31.995,0.20930360723121808,0.17100000000000012,0.34200000000000025,231.0,2.0,20875.0,14756.61141658206
2026-09-13 06:51:32.019,0.20859650045003153,0.17150000000000012,0.34300000000000025,231.0,2.0,20875.0,14756.61141658206
2026-09-13 06:51:35.495,0.2644579361637688,0.21100000000000013,0.42200000000000026,231.0,2.0,20875.0,14756.61141658206
2026-09-13 06:51:35.519,0.2644579361637688,0.21100000000000013,0.42200000000000026,231.0,2.0,20875.0,14756.61141658206
2026-09-13 06:51:38.995,0.2644579361637688,0.21100000000000013,0.42200000000000026,231.0,2.0,20875.0,14756.61141658206
2026-09-13 06:51:39.019,0.2644579361637688,0.21100000000000013,0.42200000000000026,231.0,2.0,20875.0,14756.61141658206
2026-09-13 06:51:42.495,0.2644579361637688,0.21100000000000013,0.42200000000000026,231.0,2.0,20875.0,14756.61141658206
2026-09-13 06:51:42.519,0.2644579361637688,0.21100000000000013,0.42200000000000026,231.0,2.0,20875.0,14756.61141658206
2026-09-13 06:51:45.995,0.2644579361637688,0.21100000000000013,0.42200000000000026,231.0,2.0,20875.0,14756.61141658206
2026-09-13 06:51:46.019,0.2644579361637688,0.21100000000000013,0.42200000000000026,231.0,2.0,20875.0,14756.61141658206
2026-09-13 06:51:49.495,0.2644579361637688,0.21100000000000013,0.42200000000000026,231.0,2.0,20875.0,14756.61141658206
2026-09-13 06:51:49.519,0.2644579361637688,0.21100000000000013,0.42200000000000026,231.0,2.0,20875.0,14756.61141658206
2026-09-13 06:51:52.995,0.2644579361637688,0.21100000000000013,0.42200000000000026,231.0,2.0,20875.0,14756.61141658206
2026-09-13 06:51:53.019,0.2644579361637688,0.21100000000000013,0.42200000000000026,231.0,2.0,20875.0,14756.61141658206
2026-09-13 06:51:56.495,0.2644579361637688,0.21100000000000013,0.42200000000000026,231.0,2.0,20875.0,14756.61141658206
2026-09-13 06:51:56.519,0.2644579361637688,0.21100000000000013,0.42200000000000026,231.0,2.0,20875.0,14756.61141658206
2026-09-13 06:51:59.995,0.2644579361637688,0.21100000000000013,0.42200000000000026,231.0,2.0,20875.0,14756.61141658206
2026-09-13 06:52:00.019,0.2644579361637688,0.21100000000000013,0.42200000000000026,231.0,2.0,20875.0,14756.61141658206
2026-09-13 06:52:03.496,0.2644579361637688,0.21100000000000013,0.42200000000000026,231.0,2.0,20875.0,14756.61141658206
2026-09-13 06:52:03.519,0.26516504294495535,0.21050000000000013,0.42100000000000026,231.0,2.0,20875.0,14756.61141658206
2026-09-13 06:52:06.996,0.26516504294495535,0.21050000000000013,0.42100000000000026,231.0,2.0,20875.0,14756.61141658206
2026-09-13 06:52:07.019,0.26516504294495535,0.21050000000000013,0.42100000000000026,231.0,2.0,20875.0,14756.61141658206
2026-09-13 06:52:10.496,0.26516504294495535,0.21050000000000013,0.42100000000000026,231.0,2.0,20875.0,14756.61141658206
2026-09-13 06:52:10.519,0.26516504294495535,0.21050000000000013,0.42100000000000026,231.0,2.0,20875.0,14756.61141658206
2026-09-13 06:52:13.996,0.26516504294495535,0.21050000000000013,0.42100000000000026,231.0,2.0,20875.0,14756.61141658206
2026-09-13 06:52:14.019,0.26516504294495535,0.21050000000000013,0.42100000000000026,231.0,2.0,20875.0,14756.61141658206
2026-09-13 06:52:17.496,0.26516504294495535,0.21050000000000013,0.42100000000000026,231.0,2.0,20875.0,14756.61141658206
2026-09-13 06:52:17.519,0.26516504294495535,0.21050000000000013,0.42100000000000026,231.0,2.0,20875.0,14756.61141658206
2026-09-13 06:52:20.996,0.26516504294495535,0.21050000000000013,0.42100000000000026,231.0,2.0,20875.0,14756.61141658206
2026-09-13 06:52:21.020,0.2644579361637688,0.21100000000000013,0.42200000000000026,231.0,2.0,20875.0,14756.61141658206
2026-09-13 06:52:24.496,0.2644579361637688,0.21100000000000013,0.42200000000000026,231.0,2.0,20875.0,14756.61141658206
2026-09-13 06:52:24.520,0.2644579361637688,0.21100000000000013,0.42200000000000026,231.0,2.0,20875.0,14756.61141658206
2026-09-13 06:52:27.996,0.2644579361637688,0.21100000000000013,0.42200000000000026,231.0,2.0,20875.0,14756.61141658206
2026-09-13 06:52:28.020,0.2644579361637688,0.21100000000000013,0.42200000000000026,231.0,2.0,20875.0,14756.61141658206
2026-09-13 06:52:31.496,0.2644579361637688,0.21100000000000013,0.42200000000000026,231.0,2.0,20875.0,14756.61141658206
2026-09-13 06:52:31.520,0.2644579361637688,0.21100000000000013,0.42200000000000026,231.0,2.0,20875.0,14756.61141658206
2026-09-13 06:52:34.996,0.14778531726798844,0.12850000000000011,0.25700000000000023,231.0,2.0,20875.0,14756.61141658206
2026-09-13 06:52:35.020,0.14778531726798844,0.12850000000000011,0.25700000000000023,231.0,2.0,20875.0,14756.61141658206
2026-09-13 06:52:38.496,0.2644579361637688,0.21100000000000013,0.42200000000000026,231.0,2.0,20875.0,14756.61141658206
2026-09-13 06:52:38.520,0.2644579361637688,0.21100000000000013,0.42200000000000026,231.0,2.0,20875.0,14756.61141658206
2026-09-13 06:52:41.996,0.2644579361637688,0.21100000000000013,0.42200000000000026,231.0,2.0,20875.0,14756.61141658206
2026-09-13 06:52:42.020,0.2644579361637688,0.21100000000000013,0.42200000000000026,231.0,2.0,20875.0,14756.61141658206
2026-09-13 06:52:45.496,0.26375082938258226,0.21050000000000013,0.42100000000000026,231.0,2.0,20875.0,14756.61141658206
2026-09-13 06:52:45.520,0.26375082938258226,0.21050000000000013,0.42100000000000026,231.0,2.0,20875.0,14756.61141658206
2026-09-13 06:52:48.996,0.2644579361637688,0.21100000000000013,0.42200000000000026,231.0,2.0,20875.0,14756.61141658206
2026-09-13 06:52:49.020,0.2644579361637688,0.21100000000000013,0.42200000000000026,231.0,2.0,20875.0,14756.61141658206
2026-09-13 06:52:52.497,0.11242997820866105,0.1035000000000001,0.2070000000000002,231.0,2.0,20875.0,14756.61141658206
2026-09-13 06:52:52.520,0.1131370849898476,0.1030000000000001,0.2060000000000002,231.0,2.0,20875.0,14756.61141658206
2026-09-13 06:52:55.997,0.26516504294495535,0.21050000000000013,0.42100000000000026,231.0,2.0,20875.0,14756.61141658206
2026-09-13 06:52:56.020,0.26516504294495535,0.21050000000000013,0.42100000000000026,231.0,2.0,20875.0,14756.61141658206
2026-09-13 06:52:59.497,0.26516504294495535,0.21050000000000013,0.42100000000000026,231.0,2.0,20875.0,14756.61141658206
2026-09-13 06:52:59.520,0.26516504294495535,0.21050000000000013,0.42100000000000026,231.0,2.0,20875.0,14756.61141658206
2026-09-13 06:53:02.997,0.26516504294495535,0.21050000000000013,0.42100000000000026,231.0,2.0,20875.0,14756.61141658206
2026-09-13 06:53:03.020,0.26516504294495535,0.21050000000000013,0.42100000000000026,231.0,2.0,20875.0,14756.61141658206
2026-09-13 06:53:06.497,0.26516504294495535,0.21050000000000013,0.42100000000000026,231.0,2.0,20875.0,14756.61141658206
2026-09-13 06:53:06.520,0.26516504294495535,0.21050000000000013,0.42100000000000026,231.0,2.0,20875.0,14756.61141658206
2026-09-13 06:53:09.997,0.26516504294495535,0.21050000000000013,0.42100000000000026,231.0,2.0,20875.0,14756.61141658206
2026-09-13 06:53:10.020,0.26516504294495535,0.21050000000000013,0.42100000000000026,231.0,2.0,20875.0,14756.61141658206
2026-09-13 06:53:13.497,0.26516504294495535,0.21050000000000013,0.42100000000000026,231.0,2.0,20875.0,14756.61141658206
2026-09-13 06:53:13.521,0.2644579361637688,0.21100000000000013,0.42200000000000026,231.0,2.0,20875.0,14756.61141658206
2026-09-13 06:53:16.997,0.1668772003600252,0.14200000000000013,0.28400000000000025,231.0,2.0,20875.0,14756.61141658206
2026-09-13 06:53:17.021,0.16687720036002524,0.14200000000000013,0.28400000000000025,231.0,2.0,20875.0,14756.61141658206
2026-09-13 06:53:20.497,0.2644579361637688,0.21100000000000013,0.42200000000000026,231.0,2.0,20875.0,14756.61141658206
2026-09-13 06:53:20.521,0.2644579361637688,0.21100000000000013,0.42200000000000026,231.0,2.0,20875.0,14756.61141658206
2026-09-13 06:53:23.997,0.2644579361637688,0.21100000000000013,0.42200000000000026,231.0,2.0,20875.0,14756.61141658206
2026-09-13 06:53:24.021,0.2644579361637688,0.21100000000000013,0.42200000000000026,231.0,2.0,20875.0,14756.61141658206
2026-09-13 06:53:27.497,0.2644579361637688,0.21100000000000013,0.42200000000000026,231.0,2.0,20875.0,14756.61141658206
2026-09-13 06:53:27.521,0.2644579361637688,0.21100000000000013,0.42200000000000026,231.0,2.0,20875.0,14756.61141658206
2026-09-13 06:53:30.997,0.2644579361637688,0.21100000000000013,0.42200000000000026,231.0,2.0,20875.0,14756.61141658206
2026-09-13 06:53:31.021,0.2644579361637688,0.21100000000000013,0.42200000000000026,231.0,2.0,20875.0,14756.61141658206
2026-09-13 06:53:34.497,0.26375082938258226,0.21050000000000013,0.42100000000000026,231.0,2.0,20875.0,14756.61141658206
2026-09-13 06:53:34.521,0.26375082938258226,0.21050000000000013,0.42100000000000026,231.0,2.0,20875.0,14756.61141658206
2026-09-13 06:53:37.998,0.2644579361637688,0.21100000000000013,0.42200000000000026,231.0,2.0,20875.0,14756.61141658206
2026-09-13 06:53:38.021,0.26516504294495535,0.21050000000000013,0.42100000000000026,231.0,2.0,20875.0,14756.61141658206
2026-09-13 06:53:41.498,0.26516504294495535,0.21050000000000013,0.42100000000000026,231.0,2.0,20875.0,14756.61141658206
2026-09-13 06:53:41.521,0.26516504294495535,0.21050000000000013,0.42100000000000026,231.0,2.0,20875.0,14756.61141658206
2026-09-13 06:53:44.998,0.26516504294495535,0.21050000000000013,0.42100000000000026,231.0,2.0,20875.0,14756.61141658206
2026-09-13 06:53:45.021,0.26516504294495535,0.21050000000000013,0.42100000000000026,231.0,2.0,20875.0,14756.61141658206
2026-09-13 06:53:48.498,0.26516504294495535,0.21050000000000013,0.42100000000000026,231.0,2.0,20875.0,14756.61141658206
2026-09-13 06:53:48.521,0.26516504294495535,0.21050000000000013,0.42100000000000026,231.0,2.0,20875.0,14756.61141658206
2026-09-13 06:53:51.998,0.26516504294495535,0.21050000000000013,0.42100000000000026,231.0,2.0,20875.0,14756.61141658206
2026-09-13 06:53:52.021,0.26516504294495535,0.21050000000000013,0.42100000000000026,231.0,2.0,20875.0,14756.61141658206
2026-09-13 06:53:55.498,0.26516504294495535,0.21050000000000013,0.42100000000000026,231.0,2.0,20875.0,14756.61141658206
2026-09-13 06:53:55.521,0.26516504294495535,0.21050000000000013,0.42100000000000026,231.0,2.0,20875.0,14756.61141658206
2026-09-13 06:53:58.998,0.26516504294495535,0.21050000000000013,0.42100000000000026,231.0,2.0,20875.0,14756.61141658206
2026-09-13 06:53:59.022,0.2644579361637688,0.21100000000000013,0.42200000000000026,231.0,2.0,20875.0,14756.61141658206
2026-09-13 06:54:02.498,0.2644579361637688,0.21100000000000013,0.42200000000000026,231.0,2.0,20875.0,14756.61141658206
2026-09-13 06:54:02.522,0.2644579361637688,0.21100000000000013,0.42200000000000026,231.0,2.0,20875.0,14756.61141658206
2026-09-13 06:54:05.998,0.2644579361637688,0.21100000000000013,0.42200000000000026,231.0,2.0,20875.0,14756.61141658206
2026-09-13 06:54:06.022,0.2644579361637688,0.21100000000000013,0.42200000000000026,231.0,2.0,20875.0,14756.61141658206
2026-09-13 06:54:09.498,0.2644579361637688,0.21100000000000013,0.42200000000000026,231.0,2.0,20875.0,14756.61141658206
2026-09-13 06:54:09.522,0.2644579361637688,0.21100000000000013,0.42200000000000026,231.0,2.0,20875.0,14756.61141658206
2026-09-13 06:54:12.998,0.2644579361637688,0.21100000000000013,0.42200000000000026,231.0,2.0,20875.0,14756.61141658206
2026-09-13 06:54:13.022,0.2644579361637688,0.21100000000000013,0.42200000000000026,231.0,2.0,20875.0,14756.61141658206
2026-09-13 06:54:16.498,0.2644579361637688,0.21100000000000013,0.42200000000000026,231.0,2.0,20875.0,14756.61141658206
2026-09-13 06:54:16.522,0.2644579361637688,0.21100000000000013,0.42200000000000026,231.0,2.0,20875.0,14756.61141658206
2026-09-13 06:54:19.998,0.2644579361637688,0.21100000000000013,0.42200000000000026,231.0,2.0,20875.0,14756.61141658206
2026-09-13 06:54:20.022,0.2644579361637688,0.21100000000000013,0.42200000000000026,231.0,2.0,20875.0,14756.61141658206
2026-09-13 06:54:23.498,0.26375082938258226,0.21050000000000013,0.42100000000000026,231.0,2.0,20875.0,14756.61141658206
2026-09-13 06:54:23.522,0.26375082938258226,0.21050000000000013,0.42100000000000026,231.0,2.0,20875.0,14756.61141658206
2026-09-13 06:54:26.999,0.2644579361637688,0.21100000000000013,0.42200000000000026,231.0,2.0,20875.0,14756.61141658206
2026-09-13 06:54:27.022,0.26516504294495535,0.21050000000000013,0.42100000000000026,231.0,2.0,20875.0,14756.61141658206
2026-09-13 06:54:30.499,0.26516504294495535,0.21050000000000013,0.42100000000000026,231.0,2.0,20875.0,14756.61141658206
2026-09-13 06:54:30.522,0.26516504294495535,0.21050000000000013,0.42100000000000026,231.0,2.0,20875.0,14756.61141658206
2026-09-13 06:54:33.999,0.26516504294495535,0.21050000000000013,0.42100000000000026,231.0,2.0,20875.0,14756.61141658206
2026-09-13 06:54:34.022,0.26516504294495535,0.21050000000000013,0.42100000000000026,231.0,2.0,20875.0,14756.61141658206
2026-09-13 06:54:37.499,0.26516504294495535,0.21050000000000013,0.42100000000000026,231.0,2.0,20875.0,14756.61141658206
2026-09-13 06:54:37.522,0.26516504294495535,0.21050000000000013,0.42100000000000026,231.0,2.0,20875.0,14756.61141658206
2026-09-13 06:54:40.999,0.26516504294495535,0.21050000000000013,0.42100000000000026,231.0,2.0,20875.0,14756.61141658206
2026-09-13 06:54:41.022,0.26516504294495535,0.21050000000000013,0.42100000000000026,231.0,2.0,20875.0,14756.61141658206
2026-09-13 06:54:44.499,0.26516504294495535,0.21050000000000013,0.42100000000000026,231.0,2.0,20875.0,14756.61141658206
2026-09-13 06:54:44.523,0.2644579361637688,0.21100000000000013,0.42200000000000026,231.0,2.0,20875.0,14756.61141658206
2026-09-13 06:54:47.999,0.2644579361637688,0.21100000000000013,0.42200000000000026,231.0,2.0,20875.0,14756.61141658206
2026-09-13 06:54:48.023,0.2644579361637688,0.21100000000000013,0.42200000000000026,231.0,2.0,20875.0,14756.61141658206
2026-09-13 06:54:51.499,0.2644579361637688,0.21100000000000013,0.42200000000000026,231.0,2.0,20875.0,14756.61141658206
2026-09-13 06:54:51.523,0.2644579361637688,0.21100000000000013,0.42200000000000026,231.0,2.0,20875.0,14756.61141658206
2026-09-13 06:54:54.999,0.2644579361637688,0.21100000000000013,0.42200000000000026,231.0,2.0,20875.0,14756.61141658206
2026-09-13 06:54:55.023,0.2644579361637688,0.21100000000000013,0.42200000000000026,231.0,2.0,20875.0,14756.61141658206
2026-09-13 06:54:58.499,0.2644579361637688,0.21100000000000013,0.42200000000000026,231.0,2.0,20875.0,14756.61141658206
2026-09-13 06:54:58.523,0.2644579361637688,0.21100000000000013,0.42200000000000026,231.0,2.0,20875.0,14756.61141658206
2026-09-13 06:55:01.999,0.26375082938258226,0.21050000000000013,0.42100000000000026,231.0,2.0,20875.0,14756.61141658206
2026-09-13 06:55:02.023,0.26375082938258226,0.21050000000000013,0.42100000000000026,231.0,2.0,20875.0,14756.61141658206
2026-09-13 06:55:05.501,0.0014142135623730926,0.025000000000000112,0.050000000000000225,231.0,2.0,20875.0,14756.61141658206
2026-09-13 06:55:05.525,0.001414213562373095,0.025000000000000112,0.050000000000000225,231.0,2.0,20875.0,14756.61141658206
2026-09-13 06:55:09.000,0.2644579361637688,0.21100000000000013,0.42200000000000026,231.0,2.0,20875.0,14756.61141658206
2026-09-13 06:55:09.024,0.2644579361637688,0.21100000000000013,0.42200000000000026,231.0,2.0,20875.0,14756.61141658206
2026-09-13 06:55:12.501,0.2644579361637688,0.21100000000000013,0.42200000000000026,231.0,2.0,20875.0,14756.61141658206
2026-09-13 06:55:12.524,0.26516504294495535,0.21050000000000013,0.42100000000000026,231.0,2.0,20875.0,14756.61141658206
2026-09-13 06:55:16.001,0.26516504294495535,0.21050000000000013,0.42100000000000026,231.0,2.0,20875.0,14756.61141658206
2026-09-13 06:55:16.024,0.26516504294495535,0.21050000000000013,0.42100000000000026,231.0,2.0,20875.0,14756.61141658206
2026-09-13 06:55:19.501,0.26516504294495535,0.21050000000000013,0.42100000000000026,231.0,2.0,20875.0,14756.61141658206
2026-09-13 06:55:19.524,0.26516504294495535,0.21050000000000013,0.42100000000000026,231.0,2.0,20875.0,14756.61141658206
2026-09-13 06:55:23.001,0.26516504294495535,0.21050000000000013,0.42100000000000026,231.0,2.0,20875.0,14756.61141658206
2026-09-13 06:55:23.024,0.26516504294495535,0.21050000000000013,0.42100000000000026,231.0,2.0,20875.0,14756.61141658206
2026-09-13 06:55:26.501,0.26516504294495535,0.21050000000000013,0.42100000000000026,231.0,2.0,20875.0,14756.61141658206
2026-09-13 06:55:26.524,0.26516504294495535,0.21050000000000013,0.42100000000000026,231.0,2.0,20875.0,14756.61141658206
