timestamp,slave_address,function_code,function_name,address_unit_1,quantity_unit_1,crc_calculated,delta_t
2026-09-13 05:28:13.614,1,4,Read Input Registers,86,3,6992,0.0
2026-09-13 05:28:13.643,1,4,Read Input Registers,1537,26880,19261,0.029
2026-09-13 05:28:17.069,1,4,Read Input Registers,86,3,6992,0.449
2026-09-13 05:28:17.098,1,4,Read Input Registers,1537,27136,19321,0.029
2026-09-13 05:28:20.569,1,4,Read Input Registers,86,3,6992,0.449
2026-09-13 05:28:20.598,1,4,Read Input Registers,1536,60160,33860,0.029
2026-09-13 05:28:24.069,1,4,Read Input Registers,86,3,6992,0.449
2026-09-13 05:28:24.098,1,4,Read Input Registers,1537,25344,19109,0.029
2026-09-13 05:28:27.569,1,4,Read Input Registers,86,3,6992,0.449
2026-09-13 05:28:27.598,1,4,Read Input Registers,1536,60160,33860,0.029
2026-09-13 05:28:31.069,1,4,Read Input Registers,86,3,6992,0.449
2026-09-13 05:28:31.099,1,4,Read Input Registers,1539,3584,24841,0.03
2026-09-13 05:28:34.580,1,4,Read Input Registers,86,3,6992,0.449
2026-09-13 05:28:34.610,1,4,Read Input Registers,1537,62976,22441,0.03
2026-09-13 05:28:38.080,1,4,Read Input Registers,86,3,6992,0.449
2026-09-13 05:28:38.110,1,4,Read Input Registers,1536,49408,16989,0.03
2026-09-13 05:28:41.580,1,4,Read Input Registers,86,3,6992,0.449
2026-09-13 05:28:41.610,1,4,Read Input Registers,1538,34560,28629,0.03
2026-09-13 05:28:45.080,1,4,Read Input Registers,86,3,6992,0.449
2026-09-13 05:28:45.110,1,4,Read Input Registers,1539,9728,26473,0.03
2026-09-13 05:28:48.580,1,4,Read Input Registers,86,3,6992,0.449
2026-09-13 05:28:48.610,1,4,Read Input Registers,1539,10752,26233,0.03
2026-09-13 05:28:52.081,1,4,Read Input Registers,86,3,6992,0.45
2026-09-13 05:28:52.110,1,4,Read Input Registers,1539,35840,32625,0.029
2026-09-13 05:28:55.581,1,4,Read Input Registers,86,3,6992,0.449
2026-09-13 05:28:55.610,1,4,Read Input Registers,1538,43776,43332,0.029
2026-09-13 05:28:59.081,1,4,Read Input Registers,86,3,6992,0.45
2026-09-13 05:28:59.110,1,4,Read Input Registers,1537,4352,16797,0.029
2026-09-13 05:29:02.581,1,4,Read Input Registers,86,3,6992,0.45
2026-09-13 05:29:02.610,1,4,Read Input Registers,1539,39680,31749,0.029
2026-09-13 05:29:06.081,1,4,Read Input Registers,86,3,6992,0.449
2026-09-13 05:29:06.110,1,4,Read Input Registers,1537,54272,20561,0.029
2026-09-13 05:29:09.581,1,4,Read Input Registers,86,3,6992,0.449
2026-09-13 05:29:09.610,1,4,Read Input Registers,1536,43264,35644,0.029
2026-09-13 05:29:13.123,1,4,Read Input Registers,86,3,6992,0.448
2026-09-13 05:29:13.152,1,4,Read Input Registers,1538,17408,32401,0.029
2026-09-13 05:29:16.623,1,4,Read Input Registers,86,3,6992,0.449
2026-09-13 05:29:16.652,1,4,Read Input Registers,1538,48128,43568,0.029
2026-09-13 05:29:20.123,1,4,Read Input Registers,86,3,6992,0.449
2026-09-13 05:29:20.152,1,4,Read Input Registers,1538,19968,32521,0.029
2026-09-13 05:29:23.623,1,4,Read Input Registers,86,3,6992,0.449
2026-09-13 05:29:23.652,1,4,Read Input Registers,1537,51200,37504,0.029
2026-09-13 05:29:27.123,1,4,Read Input Registers,86,3,6992,0.449
2026-09-13 05:29:27.153,1,4,Read Input Registers,1538,3840,28725,0.03
2026-09-13 05:29:30.623,1,4,Read Input Registers,86,3,6992,0.449
2026-09-13 05:29:30.652,1,4,Read Input Registers,1537,1280,17069,0.029
2026-09-13 05:29:34.123,1,4,Read Input Registers,86,3,6992,0.449
2026-09-13 05:29:34.153,1,4,Read Input Registers,1537,20224,35892,0.03
2026-09-13 05:29:37.623,1,4,Read Input Registers,86,3,6992,0.449
2026-09-13 05:29:37.653,1,4,Read Input Registers,1537,52992,21045,0.03
2026-09-13 05:29:41.123,1,4,Read Input Registers,86,3,6992,0.449
2026-09-13 05:29:41.153,1,4,Read Input Registers,1537,63744,22269,0.03
2026-09-13 05:29:44.623,1,4,Read Input Registers,86,3,6992,0.449
2026-09-13 05:29:44.653,1,4,Read Input Registers,1538,62720,25837,0.03
2026-09-13 05:29:48.123,1,4,Read Input Registers,86,3,6992,0.449
2026-09-13 05:29:48.153,1,4,Read Input Registers,1536,57088,16629,0.03
2026-09-13 05:29:51.624,1,4,Read Input Registers,86,3,6992,0.45
2026-09-13 05:29:51.653,1,4,Read Input Registers,1537,64000,22201,0.029
2026-09-13 05:29:55.124,1,4,Read Input Registers,86,3,6992,0.45
2026-09-13 05:29:55.153,1,4,Read Input Registers,1537,55552,37244,0.029
2026-09-13 05:29:58.624,1,4,Read Input Registers,86,3,6992,0.45
2026-09-13 05:29:58.653,1,4,Read Input Registers,1537,48384,22797,0.029
2026-09-13 05:30:02.124,1,4,Read Input Registers,86,3,6992,0.449
2026-09-13 05:30:02.153,1,4,Read Input Registers,1539,1536,41192,0.029
2026-09-13 05:30:05.624,1,4,Read Input Registers,86,3,6992,0.449
2026-09-13 05:30:05.653,1,4,Read Input Registers,1539,43008,30721,0.029
2026-09-13 05:30:09.124,1,4,Read Input Registers,86,3,6992,0.449
2026-09-13 05:30:09.153,1,4,Read Input Registers,1539,35328,32761,0.029
2026-09-13 05:30:12.624,1,4,Read Input Registers,86,3,6992,0.449
2026-09-13 05:30:12.653,1,4,Read Input Registers,1538,52992,24885,0.029
2026-09-13 05:30:16.124,1,4,Read Input Registers,86,3,6992,0.449
2026-09-13 05:30:16.153,1,4,Read Input Registers,1536,39680,20229,0.029
2026-09-13 05:30:19.624,1,4,Read Input Registers,86,3,6992,0.449
2026-09-13 05:30:19.653,1,4,Read Input Registers,1538,60928,26249,0.029
2026-09-13 05:30:23.124,1,4,Read Input Registers,86,3,6992,0.449
2026-09-13 05:30:23.153,1,4,Read Input Registers,1537,62976,22441,0.029
2026-09-13 05:30:26.624,1,4,Read Input Registers,86,3,6992,0.449
2026-09-13 05:30:26.654,1,4,Read Input Registers,1536,56832,32968,0.03
2026-09-13 05:30:30.124,1,4,Read Input Registers,86,3,6992,0.449
2026-09-13 05:30:30.154,1,4,Read Input Registers,1536,48640,34888,0.03
2026-09-13 05:30:33.624,1,4,Read Input Registers,86,3,6992,0.447
2026-09-13 05:30:33.654,1,4,Read Input Registers,1538,10240,30465,0.03
2026-09-13 05:30:37.124,1,4,Read Input Registers,86,3,6992,0.449
2026-09-13 05:30:37.154,1,4,Read Input Registers,1538,16384,48736,0.03
2026-09-13 05:30:40.624,1,4,Read Input Registers,86,3,6992,0.449
2026-09-13 05:30:40.654,1,4,Read Input Registers,1537,6144,16449,0.03
2026-09-13 05:30:44.124,1,4,Read Input Registers,86,3,6992,0.449
2026-09-13 05:30:44.154,1,4,Read Input Registers,1539,38400,48424,0.03
2026-09-13 05:30:47.624,1,4,Read Input Registers,86,3,6992,0.449
2026-09-13 05:30:47.654,1,4,Read Input Registers,1538,43008,43264,0.03
2026-09-13 05:30:51.125,1,4,Read Input Registers,86,3,6992,0.449
2026-09-13 05:30:51.154,1,4,Read Input Registers,1539,9216,42768,0.029
2026-09-13 05:30:54.625,1,4,Read Input Registers,86,3,6992,0.45
2026-09-13 05:30:54.654,1,4,Read Input Registers,1537,24320,20469,0.029
2026-09-13 05:30:58.125,1,4,Read Input Registers,86,3,6992,0.449
2026-09-13 05:30:58.154,1,4,Read Input Registers,1536,46848,35220,0.029
2026-09-13 05:31:01.625,1,4,Read Input Registers,86,3,6992,0.449
2026-09-13 05:31:01.654,1,4,Read Input Registers,1536,34304,19945,0.029
2026-09-13 05:31:05.125,1,4,Read Input Registers,86,3,6992,0.449
2026-09-13 05:31:05.154,1,4,Read Input Registers,1539,7424,41612,0.029
2026-09-13 05:31:08.625,1,4,Read Input Registers,86,3,6992,0.449
2026-09-13 05:31:08.654,1,4,Read Input Registers,1538,33024,28509,0.029
2026-09-13 05:31:12.125,1,4,Read Input Registers,86,3,6992,0.449
2026-09-13 05:31:12.154,1,4,Read Input Registers,1537,4352,16797,0.029
2026-09-13 05:31:15.637,1,4,Read Input Registers,86,3,6992,0.449
2026-09-13 05:31:15.666,1,4,Read Input Registers,1536,59392,33792,0.029
2026-09-13 05:31:19.137,1,4,Read Input Registers,86,3,6992,0.449
2026-09-13 05:31:19.166,1,4,Read Input Registers,1538,53504,25501,0.029
2026-09-13 05:31:22.637,1,4,Read Input Registers,86,3,6992,0.449
2026-09-13 05:31:22.666,1,4,Read Input Registers,1537,36608,40244,0.029
2026-09-13 05:31:26.137,1,4,Read Input Registers,86,3,6992,0.449
2026-09-13 05:31:26.166,1,4,Read Input Registers,1539,10240,42496,0.029
2026-09-13 05:31:29.637,1,4,Read Input Registers,86,3,6992,0.449
2026-09-13 05:31:29.667,1,4,Read Input Registers,1539,24064,28105,0.03
2026-09-13 05:31:33.137,1,4,Read Input Registers,86,3,6992,0.449
2026-09-13 05:31:33.167,1,4,Read Input Registers,1537,11776,17545,0.03
2026-09-13 05:31:36.637,1,4,Read Input Registers,86,3,6992,0.448
2026-09-13 05:31:36.667,1,4,Read Input Registers,1536,57088,16629,0.03
2026-09-13 05:31:40.137,1,4,Read Input Registers,86,3,6992,0.449
2026-09-13 05:31:40.167,1,4,Read Input Registers,1537,1792,33492,0.03
2026-09-13 05:31:43.637,1,4,Read Input Registers,86,3,6992,0.449
2026-09-13 05:31:43.667,1,4,Read Input Registers,1538,35072,44732,0.03
2026-09-13 05:31:47.138,1,4,Read Input Registers,86,3,6992,0.45
2026-09-13 05:31:47.167,1,4,Read Input Registers,1539,13568,42220,0.029
2026-09-13 05:31:50.638,1,4,Read Input Registers,86,3,6992,0.449
2026-09-13 05:31:50.667,1,4,Read Input Registers,1537,19456,35952,0.029
2026-09-13 05:31:54.138,1,4,Read Input Registers,86,3,6992,0.45
2026-09-13 05:31:54.167,1,4,Read Input Registers,1539,27392,26949,0.029
2026-09-13 05:31:57.638,1,4,Read Input Registers,86,3,6992,0.449
2026-09-13 05:31:57.667,1,4,Read Input Registers,1537,37376,40920,0.029
2026-09-13 05:32:01.138,1,4,Read Input Registers,86,3,6992,0.449
2026-09-13 05:32:01.167,1,4,Read Input Registers,1538,24064,48328,0.029
2026-09-13 05:32:04.638,1,4,Read Input Registers,86,3,6992,0.449
2026-09-13 05:32:04.667,1,4,Read Input Registers,1537,62464,38864,0.029
2026-09-13 05:32:08.138,1,4,Read Input Registers,86,3,6992,0.449
2026-09-13 05:32:08.167,1,4,Read Input Registers,1539,31232,27321,0.029
2026-09-13 05:32:11.638,1,4,Read Input Registers,86,3,6992,0.151
2026-09-13 05:32:11.667,1,4,Read Input Registers,1539,15616,25869,0.029
2026-09-13 05:32:15.138,1,4,Read Input Registers,86,3,6992,0.449
2026-09-13 05:32:15.167,1,4,Read Input Registers,1537,56064,20741,0.029
2026-09-13 05:32:18.638,1,4,Read Input Registers,86,3,6992,0.449
2026-09-13 05:32:18.668,1,4,Read Input Registers,1538,21248,32229,0.03
2026-09-13 05:32:22.138,1,4,Read Input Registers,86,3,6992,0.449
2026-09-13 05:32:22.168,1,4,Read Input Registers,1536,48896,18549,0.03
2026-09-13 05:32:25.638,1,4,Read Input Registers,86,3,6992,0.449
2026-09-13 05:32:25.668,1,4,Read Input Registers,1538,58112,42916,0.03
2026-09-13 05:32:29.138,1,4,Read Input Registers,86,3,6992,0.449
2026-09-13 05:32:29.168,1,4,Read Input Registers,1538,33280,28441,0.03
2026-09-13 05:32:33.052,1,4,Read Input Registers,86,3,6992,0.062
2026-09-13 05:32:33.081,1,4,Read Input Registers,1536,29184,39000,0.029
2026-09-13 05:32:36.541,1,4,Read Input Registers,86,3,6992,0.448
2026-09-13 05:32:36.571,1,4,Read Input Registers,1537,18944,36088,0.03
2026-09-13 05:32:40.041,1,4,Read Input Registers,86,3,6992,0.449
2026-09-13 05:32:40.071,1,4,Read Input Registers,1537,50944,37844,0.03
2026-09-13 05:32:43.542,1,4,Read Input Registers,86,3,6992,0.45
2026-09-13 05:32:43.571,1,4,Read Input Registers,1538,57088,41716,0.029
2026-09-13 05:32:47.042,1,4,Read Input Registers,86,3,6992,0.45
2026-09-13 05:32:47.071,1,4,Read Input Registers,1539,16128,42356,0.029
2026-09-13 05:32:50.542,1,4,Read Input Registers,86,3,6992,0.449
2026-09-13 05:32:50.571,1,4,Read Input Registers,1538,37376,44248,0.029
2026-09-13 05:32:54.042,1,4,Read Input Registers,86,3,6992,0.449
2026-09-13 05:32:54.071,1,4,Read Input Registers,1539,27136,43384,0.029
2026-09-13 05:32:57.542,1,4,Read Input Registers,86,3,6992,0.449
2026-09-13 05:32:57.571,1,4,Read Input Registers,1538,44032,27121,0.029
2026-09-13 05:33:01.042,1,4,Read Input Registers,86,3,6992,0.449
2026-09-13 05:33:01.071,1,4,Read Input Registers,1537,42496,23401,0.029
2026-09-13 05:33:04.542,1,4,Read Input Registers,86,3,6992,0.449
2026-09-13 05:33:04.571,1,4,Read Input Registers,1538,16128,29813,0.029
2026-09-13 05:33:08.042,1,4,Read Input Registers,86,3,6992,0.449
2026-09-13 05:33:08.071,1,4,Read Input Registers,1538,45824,43876,0.029
2026-09-13 05:33:11.542,1,4,Read Input Registers,86,3,6992,0.449
2026-09-13 05:33:11.572,1,4,Read Input Registers,1538,38912,44352,0.03
2026-09-13 05:33:15.042,1,4,Read Input Registers,86,3,6992,0.449
2026-09-13 05:33:15.071,1,4,Read Input Registers,1538,58112,42916,0.029
2026-09-13 05:33:18.542,1,4,Read Input Registers,86,3,6992,0.449
2026-09-13 05:33:18.572,1,4,Read Input Registers,1536,29696,39120,0.03
2026-09-13 05:33:22.042,1,4,Read Input Registers,86,3,6992,0.449
2026-09-13 05:33:22.072,1,4,Read Input Registers,1536,61696,17949,0.03
2026-09-13 05:33:25.542,1,4,Read Input Registers,86,3,6992,0.449
2026-09-13 05:33:25.572,1,4,Read Input Registers,1537,12800,34392,0.03
2026-09-13 05:33:29.042,1,4,Read Input Registers,86,3,6992,0.449
2026-09-13 05:33:29.072,1,4,Read Input Registers,1536,57600,34268,0.03
2026-09-13 05:33:32.542,1,4,Read Input Registers,86,3,6992,0.449
2026-09-13 05:33:32.572,1,4,Read Input Registers,1537,5376,33132,0.03
2026-09-13 05:33:36.042,1,4,Read Input Registers,86,3,6992,0.449
2026-09-13 05:33:36.072,1,4,Read Input Registers,1537,62208,22373,0.03
2026-09-13 05:33:39.543,1,4,Read Input Registers,86,3,6992,0.45
2026-09-13 05:33:39.572,1,4,Read Input Registers,1538,18944,49144,0.029
2026-09-13 05:33:43.057,1,4,Read Input Registers,86,3,6992,0.45
2026-09-13 05:33:43.086,1,4,Read Input Registers,1539,0,41056,0.029
2026-09-13 05:33:46.557,1,4,Read Input Registers,86,3,6992,0.449
2026-09-13 05:33:46.586,1,4,Read Input Registers,1536,54784,16681,0.029
2026-09-13 05:33:50.057,1,4,Read Input Registers,86,3,6992,0.449
2026-09-13 05:33:50.086,1,4,Read Input Registers,1539,26112,43112,0.029
2026-09-13 05:33:53.557,1,4,Read Input Registers,86,3,6992,0.449
2026-09-13 05:33:53.586,1,4,Read Input Registers,1537,48640,22857,0.029
2026-09-13 05:33:57.057,1,4,Read Input Registers,86,3,6992,0.449
2026-09-13 05:33:57.086,1,4,Read Input Registers,1539,15616,25869,0.029
2026-09-13 05:34:00.557,1,4,Read Input Registers,86,3,6992,0.449
2026-09-13 05:34:00.586,1,4,Read Input Registers,1536,46592,18857,0.029
2026-09-13 05:34:04.057,1,4,Read Input Registers,86,3,6992,0.449
2026-09-13 05:34:04.086,1,4,Read Input Registers,1539,36352,48904,0.029
2026-09-13 05:34:07.557,1,4,Read Input Registers,86,3,6992,0.449
2026-09-13 05:34:07.586,1,4,Read Input Registers,1538,11776,30601,0.029
2026-09-13 05:34:11.057,1,4,Read Input Registers,86,3,6992,0.449
2026-09-13 05:34:11.086,1,4,Read Input Registers,1536,56064,32772,0.029
2026-09-13 05:34:14.557,1,4,Read Input Registers,86,3,6992,0.449
2026-09-13 05:34:14.587,1,4,Read Input Registers,1537,1536,17129,0.03
2026-09-13 05:34:18.057,1,4,Read Input Registers,86,3,6992,0.449
2026-09-13 05:34:18.087,1,4,Read Input Registers,1538,57856,26521,0.03
2026-09-13 05:34:21.557,1,4,Read Input Registers,86,3,6992,0.449
2026-09-13 05:34:21.587,1,4,Read Input Registers,1538,3584,45064,0.03
2026-09-13 05:34:25.057,1,4,Read Input Registers,86,3,6992,0.449
2026-09-13 05:34:25.087,1,4,Read Input Registers,1536,61696,17949,0.03
2026-09-13 05:34:28.557,1,4,Read Input Registers,86,3,6992,0.092
2026-09-13 05:34:28.587,1,4,Read Input Registers,1537,58880,37992,0.03
2026-09-13 05:34:32.058,1,4,Read Input Registers,86,3,6992,0.45
2026-09-13 05:34:32.087,1,4,Read Input Registers,1537,29696,18897,0.029
2026-09-13 05:34:35.558,1,4,Read Input Registers,86,3,6992,0.45
2026-09-13 05:34:35.587,1,4,Read Input Registers,1538,33280,28441,0.029
2026-09-13 05:34:39.058,1,4,Read Input Registers,86,3,6992,0.45
2026-09-13 05:34:39.087,1,4,Read Input Registers,1537,28160,35720,0.029
2026-09-13 05:34:42.558,1,4,Read Input Registers,86,3,6992,0.449
2026-09-13 05:34:42.587,1,4,Read Input Registers,1537,61952,38744,0.029
2026-09-13 05:34:46.058,1,4,Read Input Registers,86,3,6992,0.449
2026-09-13 05:34:46.087,1,4,Read Input Registers,1539,26880,43324,0.029
2026-09-13 05:34:49.558,1,4,Read Input Registers,86,3,6992,0.449
2026-09-13 05:34:49.587,1,4,Read Input Registers,1538,63744,26109,0.029
2026-09-13 05:34:53.058,1,4,Read Input Registers,86,3,6992,0.449
2026-09-13 05:34:53.087,1,4,Read Input Registers,1536,34048,19885,0.029
2026-09-13 05:34:56.558,1,4,Read Input Registers,86,3,6992,0.449
2026-09-13 05:34:56.587,1,4,Read Input Registers,1536,29184,39000,0.029
2026-09-13 05:35:00.058,1,4,Read Input Registers,86,3,6992,0.449
2026-09-13 05:35:00.087,1,4,Read Input Registers,1537,39680,40452,0.029
2026-09-13 05:35:03.558,1,4,Read Input Registers,86,3,6992,0.449
2026-09-13 05:35:03.587,1,4,Read Input Registers,1537,17408,19857,0.029
2026-09-13 05:35:07.058,1,4,Read Input Registers,86,3,6992,0.449
2026-09-13 05:35:07.087,1,4,Read Input Registers,1537,27392,35652,0.029
2026-09-13 05:35:10.558,1,4,Read Input Registers,86,3,6992,0.449
2026-09-13 05:35:10.588,1,4,Read Input Registers,1537,13056,18021,0.03
2026-09-13 05:35:14.058,1,4,Read Input Registers,86,3,6992,0.449
2026-09-13 05:35:14.088,1,4,Read Input Registers,1537,59136,21589,0.03
2026-09-13 05:35:17.558,1,4,Read Input Registers,86,3,6992,0.449
2026-09-13 05:35:17.588,1,4,Read Input Registers,1537,47616,39352,0.03
2026-09-13 05:35:21.058,1,4,Read Input Registers,86,3,6992,0.449
2026-09-13 05:35:21.088,1,4,Read Input Registers,1538,10496,46908,0.03
2026-09-13 05:35:24.558,1,4,Read Input Registers,86,3,6992,0.448
2026-09-13 05:35:24.588,1,4,Read Input Registers,1538,45824,43876,0.03
2026-09-13 05:35:28.059,1,4,Read Input Registers,86,3,6992,0.45
2026-09-13 05:35:28.088,1,4,Read Input Registers,1537,65024,38472,0.029
2026-09-13 05:35:31.559,1,4,Read Input Registers,86,3,6992,0.45
2026-09-13 05:35:31.588,1,4,Read Input Registers,1538,57088,41716,0.029
2026-09-13 05:35:35.059,1,4,Read Input Registers,86,3,6992,0.45
2026-09-13 05:35:35.088,1,4,Read Input Registers,1537,24576,19169,0.029
2026-09-13 05:35:38.559,1,4,Read Input Registers,86,3,6992,0.449
2026-09-13 05:35:38.588,1,4,Read Input Registers,1538,26880,30781,0.029
2026-09-13 05:35:42.059,1,4,Read Input Registers,86,3,6992,0.449
2026-09-13 05:35:42.088,1,4,Read Input Registers,1536,34304,19945,0.029
2026-09-13 05:35:45.559,1,4,Read Input Registers,86,3,6992,0.449
2026-09-13 05:35:45.588,1,4,Read Input Registers,1536,39680,20229,0.029
2026-09-13 05:35:49.059,1,4,Read Input Registers,86,3,6992,0.449
2026-09-13 05:35:49.088,1,4,Read Input Registers,1539,20992,27865,0.029
2026-09-13 05:35:52.559,1,4,Read Input Registers,86,3,6992,0.449
2026-09-13 05:35:52.588,1,4,Read Input Registers,1538,59904,42616,0.029
2026-09-13 05:35:56.059,1,4,Read Input Registers,86,3,6992,0.217
2026-09-13 05:35:56.088,1,4,Read Input Registers,1539,23040,44344,0.029
2026-09-13 05:35:59.559,1,4,Read Input Registers,86,3,6992,0.449
2026-09-13 05:35:59.588,1,4,Read Input Registers,1538,55808,41528,0.029
2026-09-13 05:36:03.059,1,4,Read Input Registers,86,3,6992,0.449
2026-09-13 05:36:03.089,1,4,Read Input Registers,1536,47872,34948,0.03
2026-09-13 05:36:06.559,1,4,Read Input Registers,86,3,6992,0.449
2026-09-13 05:36:06.589,1,4,Read Input Registers,1539,9984,42836,0.03
2026-09-13 05:36:10.059,1,4,Read Input Registers,86,3,6992,0.449
2026-09-13 05:36:10.089,1,4,Read Input Registers,1538,60416,42736,0.03
2026-09-13 05:36:13.559,1,4,Read Input Registers,86,3,6992,0.449
2026-09-13 05:36:13.589,1,4,Read Input Registers,1538,31744,47920,0.03
2026-09-13 05:36:17.059,1,4,Read Input Registers,86,3,6992,0.449
2026-09-13 05:36:17.089,1,4,Read Input Registers,1536,43008,19201,0.03
2026-09-13 05:36:20.559,1,4,Read Input Registers,86,3,6992,0.449
2026-09-13 05:36:20.589,1,4,Read Input Registers,1537,38656,40724,0.03
2026-09-13 05:36:24.060,1,4,Read Input Registers,86,3,6992,0.45
2026-09-13 05:36:24.089,1,4,Read Input Registers,1538,2816,45252,0.029
2026-09-13 05:36:27.560,1,4,Read Input Registers,86,3,6992,0.45
2026-09-13 05:36:27.589,1,4,Read Input Registers,1538,52736,41224,0.029
2026-09-13 05:36:31.060,1,4,Read Input Registers,86,3,6992,0.449
2026-09-13 05:36:31.089,1,4,Read Input Registers,1536,62208,34404,0.029
2026-09-13 05:36:34.560,1,4,Read Input Registers,86,3,6992,0.449
2026-09-13 05:36:34.589,1,4,Read Input Registers,1537,55552,37244,0.029
2026-09-13 05:36:38.060,1,4,Read Input Registers,86,3,6992,0.449
2026-09-13 05:36:38.089,1,4,Read Input Registers,1538,36608,44596,0.029
2026-09-13 05:36:41.560,1,4,Read Input Registers,86,3,6992,0.449
2026-09-13 05:36:41.589,1,4,Read Input Registers,1537,47872,22917,0.029
2026-09-13 05:36:45.060,1,4,Read Input Registers,86,3,6992,0.449
2026-09-13 05:36:45.089,1,4,Read Input Registers,1538,8960,46756,0.029
2026-09-13 05:36:48.560,1,4,Read Input Registers,86,3,6992,0.449
2026-09-13 05:36:48.589,1,4,Read Input Registers,1538,35840,44656,0.029
2026-09-13 05:36:52.060,1,4,Read Input Registers,86,3,6992,0.45
2026-09-13 05:36:52.090,1,4,Read Input Registers,1537,46848,22677,0.03
2026-09-13 05:36:56.647,1,4,Read Input Registers,86,3,6992,0.449
2026-09-13 05:36:56.677,1,4,Read Input Registers,1536,55808,16441,0.03
2026-09-13 05:37:00.147,1,4,Read Input Registers,86,3,6992,0.449
2026-09-13 05:37:00.177,1,4,Read Input Registers,1536,41728,35492,0.03
2026-09-13 05:37:03.647,1,4,Read Input Registers,86,3,6992,0.449
2026-09-13 05:37:03.677,1,4,Read Input Registers,1536,62464,18129,0.03
2026-09-13 05:37:07.147,1,4,Read Input Registers,86,3,6992,0.449
2026-09-13 05:37:07.177,1,4,Read Input Registers,1538,25600,47376,0.03
2026-09-13 05:37:10.647,1,4,Read Input Registers,86,3,6992,0.449
2026-09-13 05:37:10.677,1,4,Read Input Registers,1536,34304,19945,0.03
2026-09-13 05:37:14.147,1,4,Read Input Registers,86,3,6992,0.449
2026-09-13 05:37:14.177,1,4,Read Input Registers,1539,31488,43652,0.03
2026-09-13 05:37:17.648,1,4,Read Input Registers,86,3,6992,0.45
2026-09-13 05:37:17.677,1,4,Read Input Registers,1536,59136,34132,0.029
2026-09-13 05:37:21.148,1,4,Read Input Registers,86,3,6992,0.449
2026-09-13 05:37:21.177,1,4,Read Input Registers,1537,61952,38744,0.029
2026-09-13 05:37:24.648,1,4,Read Input Registers,86,3,6992,0.449
2026-09-13 05:37:24.677,1,4,Read Input Registers,1537,27904,35788,0.029
2026-09-13 05:37:28.148,1,4,Read Input Registers,86,3,6992,0.449
2026-09-13 05:37:28.177,1,4,Read Input Registers,1536,50944,17109,0.029
2026-09-13 05:37:31.648,1,4,Read Input Registers,86,3,6992,0.449
2026-09-13 05:37:31.677,1,4,Read Input Registers,1536,33536,19749,0.029
2026-09-13 05:37:35.148,1,4,Read Input Registers,86,3,6992,0.449
2026-09-13 05:37:35.177,1,4,Read Input Registers,1537,5120,16721,0.029
2026-09-13 05:37:38.648,1,4,Read Input Registers,86,3,6992,0.449
2026-09-13 05:37:38.677,1,4,Read Input Registers,1538,58624,42796,0.029
2026-09-13 05:37:42.148,1,4,Read Input Registers,86,3,6992,0.449
2026-09-13 05:37:42.177,1,4,Read Input Registers,1537,46592,39080,0.029
2026-09-13 05:37:45.648,1,4,Read Input Registers,86,3,6992,0.449
2026-09-13 05:37:45.677,1,4,Read Input Registers,1538,17920,48872,0.029
2026-09-13 05:37:49.148,1,4,Read Input Registers,86,3,6992,0.449
2026-09-13 05:37:49.177,1,4,Read Input Registers,1539,20224,28213,0.029
2026-09-13 05:37:52.648,1,4,Read Input Registers,86,3,6992,0.449
2026-09-13 05:37:52.677,1,4,Read Input Registers,1536,50432,33452,0.029
2026-09-13 05:37:56.148,1,4,Read Input Registers,86,3,6992,0.449
2026-09-13 05:37:56.178,1,4,Read Input Registers,1536,59136,34132,0.03
2026-09-13 05:37:59.648,1,4,Read Input Registers,86,3,6992,0.449
2026-09-13 05:37:59.678,1,4,Read Input Registers,1536,57344,17889,0.03
2026-09-13 05:38:03.148,1,4,Read Input Registers,86,3,6992,0.449
2026-09-13 05:38:03.178,1,4,Read Input Registers,1536,50432,33452,0.03
2026-09-13 05:38:06.680,1,4,Read Input Registers,86,3,6992,0.449
2026-09-13 05:38:06.710,1,4,Read Input Registers,1536,39168,36732,0.03
2026-09-13 05:38:10.181,1,4,Read Input Registers,86,3,6992,0.45
2026-09-13 05:38:10.210,1,4,Read Input Registers,1537,60672,21965,0.029
2026-09-13 05:38:13.681,1,4,Read Input Registers,86,3,6992,0.45
2026-09-13 05:38:13.710,1,4,Read Input Registers,1537,47360,39420,0.029
2026-09-13 05:38:17.181,1,4,Read Input Registers,86,3,6992,0.45
2026-09-13 05:38:17.210,1,4,Read Input Registers,1539,19200,44740,0.029
2026-09-13 05:38:20.681,1,4,Read Input Registers,86,3,6992,0.449
2026-09-13 05:38:20.710,1,4,Read Input Registers,1537,25600,35344,0.029
2026-09-13 05:38:24.199,1,4,Read Input Registers,86,3,6992,0.449
2026-09-13 05:38:24.228,1,4,Read Input Registers,1538,61952,42072,0.029
2026-09-13 05:38:27.699,1,4,Read Input Registers,86,3,6992,0.449
2026-09-13 05:38:27.728,1,4,Read Input Registers,1537,43008,39424,0.029
2026-09-13 05:38:31.199,1,4,Read Input Registers,86,3,6992,0.449
2026-09-13 05:38:31.228,1,4,Read Input Registers,1539,43264,47164,0.029
2026-09-13 05:38:34.699,1,4,Read Input Registers,86,3,6992,0.449
2026-09-13 05:38:34.728,1,4,Read Input Registers,1536,35584,36036,0.029
2026-09-13 05:38:38.199,1,4,Read Input Registers,86,3,6992,0.449
2026-09-13 05:38:38.228,1,4,Read Input Registers,1537,15872,34632,0.029
2026-09-13 05:38:41.699,1,4,Read Input Registers,86,3,6992,0.449
2026-09-13 05:38:41.728,1,4,Read Input Registers,1537,55040,20501,0.029
2026-09-13 05:38:45.199,1,4,Read Input Registers,86,3,6992,0.449
2026-09-13 05:38:45.229,1,4,Read Input Registers,1538,50432,24749,0.03
2026-09-13 05:38:48.699,1,4,Read Input Registers,86,3,6992,0.449
2026-09-13 05:38:48.729,1,4,Read Input Registers,1537,52224,21105,0.03
2026-09-13 05:38:52.199,1,4,Read Input Registers,86,3,6992,0.449
2026-09-13 05:38:52.229,1,4,Read Input Registers,1538,4864,45796,0.03
2026-09-13 05:38:55.699,1,4,Read Input Registers,86,3,6992,0.449
2026-09-13 05:38:55.729,1,4,Read Input Registers,1537,20480,20129,0.03
2026-09-13 05:38:59.199,1,4,Read Input Registers,86,3,6992,0.449
2026-09-13 05:38:59.229,1,4,Read Input Registers,1537,4096,33184,0.03
2026-09-13 05:39:02.743,1,4,Read Input Registers,86,3,6992,0.45
2026-09-13 05:39:02.772,1,4,Read Input Registers,1537,12544,34332,0.029
2026-09-13 05:39:06.243,1,4,Read Input Registers,86,3,6992,0.45
2026-09-13 05:39:06.272,1,4,Read Input Registers,1538,40704,28149,0.029
2026-09-13 05:39:09.743,1,4,Read Input Registers,86,3,6992,0.45
2026-09-13 05:39:09.772,1,4,Read Input Registers,1536,60928,33928,0.029
2026-09-13 05:39:13.243,1,4,Read Input Registers,86,3,6992,0.449
2026-09-13 05:39:13.272,1,4,Read Input Registers,1538,37120,44188,0.029
2026-09-13 05:39:16.743,1,4,Read Input Registers,86,3,6992,0.449
2026-09-13 05:39:16.772,1,4,Read Input Registers,1538,15104,46212,0.029
2026-09-13 05:39:20.243,1,4,Read Input Registers,86,3,6992,0.449
2026-09-13 05:39:20.272,1,4,Read Input Registers,1537,61184,38324,0.029
2026-09-13 05:39:23.743,1,4,Read Input Registers,86,3,6992,0.449
2026-09-13 05:39:23.772,1,4,Read Input Registers,1537,23808,36748,0.029
2026-09-13 05:39:27.243,1,4,Read Input Registers,86,3,6992,0.449
2026-09-13 05:39:27.272,1,4,Read Input Registers,1538,36864,27809,0.029
2026-09-13 05:39:30.743,1,4,Read Input Registers,86,3,6992,0.449
2026-09-13 05:39:30.772,1,4,Read Input Registers,1539,11264,26353,0.029
2026-09-13 05:39:34.243,1,4,Read Input Registers,86,3,6992,0.449
2026-09-13 05:39:34.272,1,4,Read Input Registers,1538,25856,31021,0.029
2026-09-13 05:39:37.743,1,4,Read Input Registers,86,3,6992,0.449
2026-09-13 05:39:37.772,1,4,Read Input Registers,1537,44544,39560,0.029
2026-09-13 05:39:41.243,1,4,Read Input Registers,86,3,6992,0.449
2026-09-13 05:39:41.273,1,4,Read Input Registers,1539,23552,44464,0.03
2026-09-13 05:39:44.743,1,4,Read Input Registers,86,3,6992,0.449
2026-09-13 05:39:44.773,1,4,Read Input Registers,1537,63744,22269,0.03
2026-09-13 05:39:48.243,1,4,Read Input Registers,86,3,6992,0.449
2026-09-13 05:39:48.273,1,4,Read Input Registers,1539,1536,41192,0.03
2026-09-13 05:39:51.743,1,4,Read Input Registers,86,3,6992,0.449
2026-09-13 05:39:51.773,1,4,Read Input Registers,1538,56832,25289,0.03
2026-09-13 05:39:55.243,1,4,Read Input Registers,86,3,6992,0.449
2026-09-13 05:39:55.273,1,4,Read Input Registers,1538,29184,31321,0.03
2026-09-13 05:39:58.744,1,4,Read Input Registers,86,3,6992,0.45
2026-09-13 05:39:58.773,1,4,Read Input Registers,1537,54784,36904,0.029
2026-09-13 05:40:02.244,1,4,Read Input Registers,86,3,6992,0.449
2026-09-13 05:40:02.273,1,4,Read Input Registers,1538,11008,30533,0.029
2026-09-13 05:40:05.744,1,4,Read Input Registers,86,3,6992,0.45
2026-09-13 05:40:05.773,1,4,Read Input Registers,1536,30208,22697,0.029
2026-09-13 05:40:09.244,1,4,Read Input Registers,86,3,6992,0.449
2026-09-13 05:40:09.273,1,4,Read Input Registers,1537,27648,19441,0.029
2026-09-13 05:40:12.744,1,4,Read Input Registers,86,3,6992,0.449
2026-09-13 05:40:12.773,1,4,Read Input Registers,1538,57088,41716,0.029
2026-09-13 05:40:16.244,1,4,Read Input Registers,86,3,6992,0.449
2026-09-13 05:40:16.273,1,4,Read Input Registers,1537,61184,38324,0.029
2026-09-13 05:40:19.744,1,4,Read Input Registers,86,3,6992,0.449
2026-09-13 05:40:19.773,1,4,Read Input Registers,1538,51456,25021,0.029
2026-09-13 05:40:23.244,1,4,Read Input Registers,86,3,6992,0.449
2026-09-13 05:40:23.273,1,4,Read Input Registers,1539,23808,28045,0.029
2026-09-13 05:40:26.744,1,4,Read Input Registers,86,3,6992,0.449
2026-09-13 05:40:26.773,1,4,Read Input Registers,1536,42496,35432,0.029
2026-09-13 05:40:30.244,1,4,Read Input Registers,86,3,6992,0.31
2026-09-13 05:40:30.274,1,4,Read Input Registers,1538,32000,31501,0.03
2026-09-13 05:40:33.744,1,4,Read Input Registers,86,3,6992,0.449
2026-09-13 05:40:33.774,1,4,Read Input Registers,1538,34304,45032,0.03
2026-09-13 05:40:37.244,1,4,Read Input Registers,86,3,6992,0.449
2026-09-13 05:40:37.274,1,4,Read Input Registers,1537,46080,22737,0.03
2026-09-13 05:40:40.744,1,4,Read Input Registers,86,3,6992,0.449
2026-09-13 05:40:40.774,1,4,Read Input Registers,1539,33024,48732,0.03
2026-09-13 05:40:44.244,1,4,Read Input Registers,86,3,6992,0.449
2026-09-13 05:40:44.274,1,4,Read Input Registers,1536,58368,34064,0.03
2026-09-13 05:40:47.744,1,4,Read Input Registers,86,3,6992,0.45
2026-09-13 05:40:47.774,1,4,Read Input Registers,1538,10752,46968,0.03
2026-09-13 05:40:51.245,1,4,Read Input Registers,86,3,6992,0.45
2026-09-13 05:40:51.274,1,4,Read Input Registers,1539,26880,43324,0.029
2026-09-13 05:40:54.745,1,4,Read Input Registers,86,3,6992,0.449
2026-09-13 05:40:54.774,1,4,Read Input Registers,1536,30976,23037,0.029
2026-09-13 05:40:58.245,1,4,Read Input Registers,86,3,6992,0.449
2026-09-13 05:40:58.274,1,4,Read Input Registers,1538,47616,43704,0.029
2026-09-13 05:41:01.745,1,4,Read Input Registers,86,3,6992,0.449
2026-09-13 05:41:01.774,1,4,Read Input Registers,1539,4864,25573,0.029
2026-09-13 05:41:05.245,1,4,Read Input Registers,86,3,6992,0.449
2026-09-13 05:41:05.274,1,4,Read Input Registers,1537,64256,38532,0.029
2026-09-13 05:41:08.745,1,4,Read Input Registers,86,3,6992,0.144
2026-09-13 05:41:08.774,1,4,Read Input Registers,1539,43264,47164,0.029
2026-09-13 05:41:12.552,1,4,Read Input Registers,86,3,6992,0.449
2026-09-13 05:41:12.581,1,4,Read Input Registers,1537,57344,38112,0.029
2026-09-13 05:41:16.052,1,4,Read Input Registers,86,3,6992,0.449
2026-09-13 05:41:16.081,1,4,Read Input Registers,1538,30976,48124,0.029
2026-09-13 05:41:19.552,1,4,Read Input Registers,86,3,6992,0.449
2026-09-13 05:41:19.581,1,4,Read Input Registers,1538,56832,25289,0.029
2026-09-13 05:41:23.052,1,4,Read Input Registers,86,3,6992,0.449
2026-09-13 05:41:23.082,1,4,Read Input Registers,1537,64512,22065,0.03
2026-09-13 05:41:26.552,1,4,Read Input Registers,86,3,6992,0.449
2026-09-13 05:41:26.582,1,4,Read Input Registers,1537,60928,21897,0.03
2026-09-13 05:41:30.052,1,4,Read Input Registers,86,3,6992,0.449
2026-09-13 05:41:30.082,1,4,Read Input Registers,1537,37376,40920,0.03
2026-09-13 05:41:33.552,1,4,Read Input Registers,86,3,6992,0.449
2026-09-13 05:41:33.582,1,4,Read Input Registers,1538,22784,31869,0.03
2026-09-13 05:41:37.052,1,4,Read Input Registers,86,3,6992,0.449
2026-09-13 05:41:37.082,1,4,Read Input Registers,1539,13568,42220,0.03
2026-09-13 05:41:40.552,1,4,Read Input Registers,86,3,6992,0.449
2026-09-13 05:41:40.582,1,4,Read Input Registers,1539,40704,48372,0.03
2026-09-13 05:41:44.053,1,4,Read Input Registers,86,3,6992,0.45
2026-09-13 05:41:44.082,1,4,Read Input Registers,1537,57088,37364,0.029
2026-09-13 05:41:47.553,1,4,Read Input Registers,86,3,6992,0.45
2026-09-13 05:41:47.582,1,4,Read Input Registers,1537,15616,34572,0.029
2026-09-13 05:41:51.100,1,4,Read Input Registers,86,3,6992,0.026
2026-09-13 05:41:51.130,1,4,Read Input Registers,1537,45056,38944,0.03
2026-09-13 05:41:54.600,1,4,Read Input Registers,86,3,6992,0.449
2026-09-13 05:41:54.629,1,4,Read Input Registers,1537,59904,38264,0.029
2026-09-13 05:41:58.100,1,4,Read Input Registers,86,3,6992,0.449
2026-09-13 05:41:58.129,1,4,Read Input Registers,1537,35584,24005,0.029
2026-09-13 05:42:01.600,1,4,Read Input Registers,86,3,6992,0.449
2026-09-13 05:42:01.629,1,4,Read Input Registers,1538,27648,30961,0.029
2026-09-13 05:42:05.100,1,4,Read Input Registers,86,3,6992,0.449
2026-09-13 05:42:05.129,1,4,Read Input Registers,1536,36864,36512,0.029
2026-09-13 05:42:08.600,1,4,Read Input Registers,86,3,6992,0.449
2026-09-13 05:42:08.629,1,4,Read Input Registers,1536,40192,20365,0.029
2026-09-13 05:42:12.100,1,4,Read Input Registers,86,3,6992,0.449
2026-09-13 05:42:12.129,1,4,Read Input Registers,1536,36352,35848,0.029
2026-09-13 05:42:15.600,1,4,Read Input Registers,86,3,6992,0.082
2026-09-13 05:42:15.629,1,4,Read Input Registers,1537,8704,17817,0.029
2026-09-13 05:42:19.100,1,4,Read Input Registers,86,3,6992,0.449
2026-09-13 05:42:19.130,1,4,Read Input Registers,1537,40704,24309,0.03
2026-09-13 05:42:22.600,1,4,Read Input Registers,86,3,6992,0.449
2026-09-13 05:42:22.630,1,4,Read Input Registers,1537,25088,35480,0.03
2026-09-13 05:42:26.100,1,4,Read Input Registers,86,3,6992,0.449
2026-09-13 05:42:26.130,1,4,Read Input Registers,1536,28416,39604,0.03
2026-09-13 05:42:29.600,1,4,Read Input Registers,86,3,6992,0.449
2026-09-13 05:42:29.630,1,4,Read Input Registers,1538,15616,46092,0.03
2026-09-13 05:42:33.100,1,4,Read Input Registers,86,3,6992,0.449
2026-09-13 05:42:33.130,1,4,Read Input Registers,1539,13312,25809,0.03
2026-09-13 05:42:36.601,1,4,Read Input Registers,86,3,6992,0.45
2026-09-13 05:42:36.630,1,4,Read Input Registers,1538,46848,27541,0.029
2026-09-13 05:42:40.101,1,4,Read Input Registers,86,3,6992,0.449
2026-09-13 05:42:40.130,1,4,Read Input Registers,1539,8192,26593,0.029
2026-09-13 05:42:43.601,1,4,Read Input Registers,86,3,6992,0.449
2026-09-13 05:42:43.630,1,4,Read Input Registers,1538,44544,43400,0.029
2026-09-13 05:42:47.101,1,4,Read Input Registers,86,3,6992,0.449
2026-09-13 05:42:47.130,1,4,Read Input Registers,1536,28416,39604,0.029
2026-09-13 05:42:50.601,1,4,Read Input Registers,86,3,6992,0.449
2026-09-13 05:42:50.630,1,4,Read Input Registers,1539,25856,43052,0.029
2026-09-13 05:42:54.101,1,4,Read Input Registers,86,3,6992,0.449
2026-09-13 05:42:54.130,1,4,Read Input Registers,1537,1536,17129,0.029
2026-09-13 05:42:57.601,1,4,Read Input Registers,86,3,6992,0.449
2026-09-13 05:42:57.630,1,4,Read Input Registers,1537,55808,37176,0.029
2026-09-13 05:43:01.101,1,4,Read Input Registers,86,3,6992,0.449
2026-09-13 05:43:01.130,1,4,Read Input Registers,1537,31232,35000,0.029
2026-09-13 05:43:04.601,1,4,Read Input Registers,86,3,6992,0.449
2026-09-13 05:43:04.630,1,4,Read Input Registers,1538,32000,31501,0.029
2026-09-13 05:43:08.101,1,4,Read Input Registers,86,3,6992,0.449
2026-09-13 05:43:08.131,1,4,Read Input Registers,1537,30720,18625,0.03
2026-09-13 05:43:11.601,1,4,Read Input Registers,86,3,6992,0.449
2026-09-13 05:43:11.631,1,4,Read Input Registers,1537,33024,23645,0.03
2026-09-13 05:43:15.101,1,4,Read Input Registers,86,3,6992,0.449
2026-09-13 05:43:15.131,1,4,Read Input Registers,1536,26112,39784,0.03
2026-09-13 05:43:18.629,1,4,Read Input Registers,86,3,6992,0.45
2026-09-13 05:43:18.659,1,4,Read Input Registers,1537,40192,40588,0.03
2026-09-13 05:43:22.129,1,4,Read Input Registers,86,3,6992,0.449
2026-09-13 05:43:22.159,1,4,Read Input Registers,1538,27136,30841,0.03
2026-09-13 05:43:25.629,1,4,Read Input Registers,86,3,6992,0.449
2026-09-13 05:43:25.659,1,4,Read Input Registers,1537,60160,21829,0.03
2026-09-13 05:43:29.130,1,4,Read Input Registers,86,3,6992,0.449
2026-09-13 05:43:29.159,1,4,Read Input Registers,1536,31488,39300,0.029
2026-09-13 05:43:32.630,1,4,Read Input Registers,86,3,6992,0.45
2026-09-13 05:43:32.659,1,4,Read Input Registers,1539,8704,42904,0.029
2026-09-13 05:43:36.130,1,4,Read Input Registers,86,3,6992,0.449
2026-09-13 05:43:36.159,1,4,Read Input Registers,1538,15104,46212,0.029
2026-09-13 05:43:39.630,1,4,Read Input Registers,86,3,6992,0.449
2026-09-13 05:43:39.659,1,4,Read Input Registers,1538,32512,47988,0.029
2026-09-13 05:43:43.130,1,4,Read Input Registers,86,3,6992,0.449
2026-09-13 05:43:43.159,1,4,Read Input Registers,1538,43264,26941,0.029
2026-09-13 05:43:46.630,1,4,Read Input Registers,86,3,6992,0.449
2026-09-13 05:43:46.659,1,4,Read Input Registers,1538,47872,27269,0.029
2026-09-13 05:43:50.130,1,4,Read Input Registers,86,3,6992,0.449
2026-09-13 05:43:50.159,1,4,Read Input Registers,1539,20736,27805,0.029
2026-09-13 05:43:53.630,1,4,Read Input Registers,86,3,6992,0.449
2026-09-13 05:43:53.659,1,4,Read Input Registers,1539,11776,42632,0.029
2026-09-13 05:43:57.130,1,4,Read Input Registers,86,3,6992,0.449
2026-09-13 05:43:57.159,1,4,Read Input Registers,1539,29440,27493,0.029
2026-09-13 05:44:00.630,1,4,Read Input Registers,86,3,6992,0.449
2026-09-13 05:44:00.660,1,4,Read Input Registers,1538,47104,27329,0.03
2026-09-13 05:44:04.130,1,4,Read Input Registers,86,3,6992,0.449
2026-09-13 05:44:04.160,1,4,Read Input Registers,1538,14848,29881,0.03
2026-09-13 05:44:07.630,1,4,Read Input Registers,86,3,6992,0.449
2026-09-13 05:44:07.660,1,4,Read Input Registers,1538,17664,48812,0.03
2026-09-13 05:44:11.130,1,4,Read Input Registers,86,3,6992,0.449
2026-09-13 05:44:11.160,1,4,Read Input Registers,1536,44544,19337,0.03
2026-09-13 05:44:14.630,1,4,Read Input Registers,86,3,6992,0.449
2026-09-13 05:44:14.660,1,4,Read Input Registers,1539,4608,41944,0.03
2026-09-13 05:44:18.130,1,4,Read Input Registers,86,3,6992,0.449
2026-09-13 05:44:18.160,1,4,Read Input Registers,1537,5120,16721,0.03
2026-09-13 05:44:21.631,1,4,Read Input Registers,86,3,6992,0.45
2026-09-13 05:44:21.660,1,4,Read Input Registers,1538,768,28965,0.029
2026-09-13 05:44:25.131,1,4,Read Input Registers,86,3,6992,0.449
2026-09-13 05:44:25.160,1,4,Read Input Registers,1536,27904,23245,0.029
2026-09-13 05:44:28.631,1,4,Read Input Registers,86,3,6992,0.449
2026-09-13 05:44:28.660,1,4,Read Input Registers,1537,32256,18505,0.029
2026-09-13 05:44:32.131,1,4,Read Input Registers,86,3,6992,0.449
2026-09-13 05:44:32.160,1,4,Read Input Registers,1537,25856,18989,0.029
2026-09-13 05:44:35.631,1,4,Read Input Registers,86,3,6992,0.449
2026-09-13 05:44:35.660,1,4,Read Input Registers,1536,56832,32968,0.029
2026-09-13 05:44:39.131,1,4,Read Input Registers,86,3,6992,0.449
2026-09-13 05:44:39.160,1,4,Read Input Registers,1537,19968,19465,0.029
2026-09-13 05:44:42.631,1,4,Read Input Registers,86,3,6992,0.449
2026-09-13 05:44:42.660,1,4,Read Input Registers,1536,28160,23177,0.029
2026-09-13 05:44:46.131,1,4,Read Input Registers,86,3,6992,0.449
2026-09-13 05:44:46.160,1,4,Read Input Registers,1537,37376,40920,0.029
2026-09-13 05:44:49.631,1,4,Read Input Registers,86,3,6992,0.449
2026-09-13 05:44:49.660,1,4,Read Input Registers,1537,42752,39764,0.029
2026-09-13 05:44:53.131,1,4,Read Input Registers,86,3,6992,0.449
2026-09-13 05:44:53.160,1,4,Read Input Registers,1538,27136,30841,0.029
2026-09-13 05:44:56.631,1,4,Read Input Registers,86,3,6992,0.449
2026-09-13 05:44:56.660,1,4,Read Input Registers,1538,49408,41052,0.029
2026-09-13 05:45:00.131,1,4,Read Input Registers,86,3,6992,0.45
2026-09-13 05:45:00.161,1,4,Read Input Registers,1539,22272,27669,0.03
2026-09-13 05:45:03.631,1,4,Read Input Registers,86,3,6992,0.449
2026-09-13 05:45:03.661,1,4,Read Input Registers,1537,17664,36268,0.03
2026-09-13 05:45:07.131,1,4,Read Input Registers,86,3,6992,0.449
2026-09-13 05:45:07.161,1,4,Read Input Registers,1536,41472,19097,0.03
2026-09-13 05:45:10.631,1,4,Read Input Registers,86,3,6992,0.448
2026-09-13 05:45:10.661,1,4,Read Input Registers,1538,40448,44488,0.03
2026-09-13 05:45:14.132,1,4,Read Input Registers,86,3,6992,0.45
2026-09-13 05:45:14.161,1,4,Read Input Registers,1536,36608,19509,0.029
2026-09-13 05:45:17.632,1,4,Read Input Registers,86,3,6992,0.45
2026-09-13 05:45:17.661,1,4,Read Input Registers,1539,16384,28513,0.029
2026-09-13 05:45:21.132,1,4,Read Input Registers,86,3,6992,0.449
2026-09-13 05:45:21.161,1,4,Read Input Registers,1536,65280,34676,0.029
2026-09-13 05:45:24.632,1,4,Read Input Registers,86,3,6992,0.449
2026-09-13 05:45:24.661,1,4,Read Input Registers,1538,50944,41172,0.029
2026-09-13 05:45:28.132,1,4,Read Input Registers,86,3,6992,0.449
2026-09-13 05:45:28.161,1,4,Read Input Registers,1537,54016,37092,0.029
2026-09-13 05:45:31.632,1,4,Read Input Registers,86,3,6992,0.447
2026-09-13 05:45:31.661,1,4,Read Input Registers,1536,36352,35848,0.029
2026-09-13 05:45:36.219,1,4,Read Input Registers,86,3,6992,0.448
2026-09-13 05:45:36.248,1,4,Read Input Registers,1536,53760,33240,0.029
2026-09-13 05:45:39.719,1,4,Read Input Registers,86,3,6992,0.362
2026-09-13 05:45:39.748,1,4,Read Input Registers,1536,29184,39000,0.029
2026-09-13 05:45:43.219,1,4,Read Input Registers,86,3,6992,0.449
2026-09-13 05:45:43.248,1,4,Read Input Registers,1539,11776,42632,0.029
2026-09-13 05:45:46.719,1,4,Read Input Registers,86,3,6992,0.449
2026-09-13 05:45:46.748,1,4,Read Input Registers,1536,37376,20185,0.029
2026-09-13 05:45:50.219,1,4,Read Input Registers,86,3,6992,0.449
2026-09-13 05:45:50.249,1,4,Read Input Registers,1539,1280,41132,0.03
2026-09-13 05:45:53.719,1,4,Read Input Registers,86,3,6992,0.449
2026-09-13 05:45:53.749,1,4,Read Input Registers,1537,37376,40920,0.03
2026-09-13 05:45:57.219,1,4,Read Input Registers,86,3,6992,0.449
2026-09-13 05:45:57.249,1,4,Read Input Registers,1537,256,33372,0.03
2026-09-13 05:46:00.719,1,4,Read Input Registers,86,3,6992,0.449
2026-09-13 05:46:00.749,1,4,Read Input Registers,1538,49664,40984,0.03
2026-09-13 05:46:04.220,1,4,Read Input Registers,86,3,6992,0.45
2026-09-13 05:46:04.249,1,4,Read Input Registers,1537,39936,24241,0.029
2026-09-13 05:46:07.720,1,4,Read Input Registers,86,3,6992,0.45
2026-09-13 05:46:07.749,1,4,Read Input Registers,1536,40192,20365,0.029
2026-09-13 05:46:11.220,1,4,Read Input Registers,86,3,6992,0.449
2026-09-13 05:46:11.249,1,4,Read Input Registers,1539,33536,32293,0.029
2026-09-13 05:46:14.720,1,4,Read Input Registers,86,3,6992,0.449
2026-09-13 05:46:14.749,1,4,Read Input Registers,1538,62208,25701,0.029
2026-09-13 05:46:18.220,1,4,Read Input Registers,86,3,6992,0.449
2026-09-13 05:46:18.249,1,4,Read Input Registers,1539,14848,42424,0.029
2026-09-13 05:46:21.720,1,4,Read Input Registers,86,3,6992,0.449
2026-09-13 05:46:21.749,1,4,Read Input Registers,1537,15104,34692,0.029
2026-09-13 05:46:25.220,1,4,Read Input Registers,86,3,6992,0.449
2026-09-13 05:46:25.249,1,4,Read Input Registers,1536,45312,35100,0.029
2026-09-13 05:46:28.720,1,4,Read Input Registers,86,3,6992,0.449
2026-09-13 05:46:28.749,1,4,Read Input Registers,1538,57344,42976,0.029
2026-09-13 05:46:32.220,1,4,Read Input Registers,86,3,6992,0.449
2026-09-13 05:46:32.249,1,4,Read Input Registers,1538,31488,31621,0.029
2026-09-13 05:46:35.720,1,4,Read Input Registers,86,3,6992,0.449
2026-09-13 05:46:35.749,1,4,Read Input Registers,1537,52224,21105,0.029
2026-09-13 05:46:39.220,1,4,Read Input Registers,86,3,6992,0.449
2026-09-13 05:46:39.250,1,4,Read Input Registers,1536,36864,36512,0.03
2026-09-13 05:46:42.720,1,4,Read Input Registers,86,3,6992,0.449
2026-09-13 05:46:42.750,1,4,Read Input Registers,1536,43008,19201,0.03
2026-09-13 05:46:46.220,1,4,Read Input Registers,86,3,6992,0.449
2026-09-13 05:46:46.250,1,4,Read Input Registers,1537,24320,20469,0.03
2026-09-13 05:46:49.720,1,4,Read Input Registers,86,3,6992,0.449
2026-09-13 05:46:49.750,1,4,Read Input Registers,1537,24832,35548,0.03
2026-09-13 05:46:53.220,1,4,Read Input Registers,86,3,6992,0.449
2026-09-13 05:46:53.250,1,4,Read Input Registers,1537,23808,36748,0.03
2026-09-13 05:46:56.721,1,4,Read Input Registers,86,3,6992,0.449
2026-09-13 05:46:56.750,1,4,Read Input Registers,1537,62976,22441,0.029
2026-09-13 05:47:00.221,1,4,Read Input Registers,86,3,6992,0.45
2026-09-13 05:47:00.250,1,4,Read Input Registers,1538,6144,29505,0.029
2026-09-13 05:47:03.721,1,4,Read Input Registers,86,3,6992,0.449
2026-09-13 05:47:03.750,1,4,Read Input Registers,1537,36352,23817,0.029
2026-09-13 05:47:07.221,1,4,Read Input Registers,86,3,6992,0.449
2026-09-13 05:47:07.250,1,4,Read Input Registers,1538,2304,28861,0.029
2026-09-13 05:47:10.721,1,4,Read Input Registers,86,3,6992,0.449
2026-09-13 05:47:10.750,1,4,Read Input Registers,1539,23808,28045,0.029
2026-09-13 05:47:14.221,1,4,Read Input Registers,86,3,6992,0.449
2026-09-13 05:47:14.250,1,4,Read Input Registers,1539,39424,48184,0.029
2026-09-13 05:47:17.721,1,4,Read Input Registers,86,3,6992,0.449
2026-09-13 05:47:17.750,1,4,Read Input Registers,1537,18432,19585,0.029
2026-09-13 05:47:21.221,1,4,Read Input Registers,86,3,6992,0.449
2026-09-13 05:47:21.250,1,4,Read Input Registers,1539,15616,25869,0.029
2026-09-13 05:47:24.721,1,4,Read Input Registers,86,3,6992,0.449
2026-09-13 05:47:24.750,1,4,Read Input Registers,1538,40960,26849,0.029
2026-09-13 05:47:28.221,1,4,Read Input Registers,86,3,6992,0.449
2026-09-13 05:47:28.250,1,4,Read Input Registers,1537,18176,19925,0.029
2026-09-13 05:47:31.721,1,4,Read Input Registers,86,3,6992,0.449
2026-09-13 05:47:31.750,1,4,Read Input Registers,1538,39936,28081,0.029
2026-09-13 05:47:35.221,1,4,Read Input Registers,86,3,6992,0.449
2026-09-13 05:47:35.251,1,4,Read Input Registers,1539,38912,31809,0.03
2026-09-13 05:47:38.721,1,4,Read Input Registers,86,3,6992,0.449
2026-09-13 05:47:38.751,1,4,Read Input Registers,1538,47360,43772,0.03
2026-09-13 05:47:42.221,1,4,Read Input Registers,86,3,6992,0.449
2026-09-13 05:47:42.251,1,4,Read Input Registers,1539,33280,48664,0.03
2026-09-13 05:47:45.721,1,4,Read Input Registers,86,3,6992,0.449
2026-09-13 05:47:45.751,1,4,Read Input Registers,1537,41728,23461,0.03
2026-09-13 05:47:49.222,1,4,Read Input Registers,86,3,6992,0.45
2026-09-13 05:47:49.251,1,4,Read Input Registers,1539,5376,25453,0.029
2026-09-13 05:47:52.722,1,4,Read Input Registers,86,3,6992,0.45
2026-09-13 05:47:52.751,1,4,Read Input Registers,1538,28672,47648,0.029
2026-09-13 05:47:56.222,1,4,Read Input Registers,86,3,6992,0.45
2026-09-13 05:47:56.251,1,4,Read Input Registers,1537,48640,22857,0.029
2026-09-13 05:47:59.722,1,4,Read Input Registers,86,3,6992,0.151
2026-09-13 05:47:59.751,1,4,Read Input Registers,1536,53504,33180,0.029
2026-09-13 05:48:03.222,1,4,Read Input Registers,86,3,6992,0.449
2026-09-13 05:48:03.251,1,4,Read Input Registers,1538,32256,31561,0.029
2026-09-13 05:48:06.722,1,4,Read Input Registers,86,3,6992,0.449
2026-09-13 05:48:06.751,1,4,Read Input Registers,1537,38400,24361,0.029
2026-09-13 05:48:10.222,1,4,Read Input Registers,86,3,6992,0.449
2026-09-13 05:48:10.251,1,4,Read Input Registers,1539,14592,42492,0.029
2026-09-13 05:48:13.722,1,4,Read Input Registers,86,3,6992,0.449
2026-09-13 05:48:13.751,1,4,Read Input Registers,1539,26368,26709,0.029
2026-09-13 05:48:17.222,1,4,Read Input Registers,86,3,6992,0.449
2026-09-13 05:48:17.251,1,4,Read Input Registers,1536,28416,39604,0.029
2026-09-13 05:48:20.722,1,4,Read Input Registers,86,3,6992,0.449
2026-09-13 05:48:20.752,1,4,Read Input Registers,1537,61440,22305,0.03
2026-09-13 05:48:24.222,1,4,Read Input Registers,86,3,6992,0.311
2026-09-13 05:48:24.252,1,4,Read Input Registers,1537,6656,32824,0.03
2026-09-13 05:48:27.722,1,4,Read Input Registers,86,3,6992,0.449
2026-09-13 05:48:27.752,1,4,Read Input Registers,1539,2560,41464,0.03
2026-09-13 05:48:31.222,1,4,Read Input Registers,86,3,6992,0.449
2026-09-13 05:48:31.252,1,4,Read Input Registers,1539,30208,27561,0.03
2026-09-13 05:48:34.722,1,4,Read Input Registers,86,3,6992,0.449
2026-09-13 05:48:34.752,1,4,Read Input Registers,1537,33024,23645,0.03
2026-09-13 05:48:38.222,1,4,Read Input Registers,86,3,6992,0.449
2026-09-13 05:48:38.252,1,4,Read Input Registers,1536,27392,23109,0.03
2026-09-13 05:48:41.723,1,4,Read Input Registers,86,3,6992,0.449
2026-09-13 05:48:41.752,1,4,Read Input Registers,1538,27648,30961,0.029
2026-09-13 05:48:45.223,1,4,Read Input Registers,86,3,6992,0.45
2026-09-13 05:48:45.252,1,4,Read Input Registers,1536,35840,19569,0.029
2026-09-13 05:48:48.723,1,4,Read Input Registers,86,3,6992,0.45
2026-09-13 05:48:48.752,1,4,Read Input Registers,1538,58880,42856,0.029
2026-09-13 05:48:52.223,1,4,Read Input Registers,86,3,6992,0.449
2026-09-13 05:48:52.252,1,4,Read Input Registers,1537,45568,22617,0.029
2026-09-13 05:48:55.723,1,4,Read Input Registers,86,3,6992,0.449
2026-09-13 05:48:55.752,1,4,Read Input Registers,1537,8704,17817,0.029
2026-09-13 05:48:59.223,1,4,Read Input Registers,86,3,6992,0.449
2026-09-13 05:48:59.252,1,4,Read Input Registers,1537,7168,32944,0.029
2026-09-13 05:49:02.723,1,4,Read Input Registers,86,3,6992,0.449
2026-09-13 05:49:02.752,1,4,Read Input Registers,1536,26624,23041,0.029
2026-09-13 05:49:06.223,1,4,Read Input Registers,86,3,6992,0.449
2026-09-13 05:49:06.252,1,4,Read Input Registers,1538,27648,30961,0.029
2026-09-13 05:49:09.723,1,4,Read Input Registers,86,3,6992,0.45
2026-09-13 05:49:09.752,1,4,Read Input Registers,1536,40960,35552,0.029
2026-09-13 05:49:13.223,1,4,Read Input Registers,86,3,6992,0.449
2026-09-13 05:49:13.252,1,4,Read Input Registers,1539,27648,43504,0.029
2026-09-13 05:49:16.723,1,4,Read Input Registers,86,3,6992,0.449
2026-09-13 05:49:16.752,1,4,Read Input Registers,1539,18688,28349,0.029
2026-09-13 05:49:20.223,1,4,Read Input Registers,86,3,6992,0.449
2026-09-13 05:49:20.253,1,4,Read Input Registers,1536,48128,18481,0.03
2026-09-13 05:49:23.723,1,4,Read Input Registers,86,3,6992,0.449
2026-09-13 05:49:23.753,1,4,Read Input Registers,1537,38656,40724,0.03
2026-09-13 05:49:27.223,1,4,Read Input Registers,86,3,6992,0.448
2026-09-13 05:49:27.253,1,4,Read Input Registers,1539,20480,44192,0.03
2026-09-13 05:49:30.723,1,4,Read Input Registers,86,3,6992,0.449
2026-09-13 05:49:30.753,1,4,Read Input Registers,1537,26112,19049,0.03
2026-09-13 05:49:34.224,1,4,Read Input Registers,86,3,6992,0.45
2026-09-13 05:49:34.253,1,4,Read Input Registers,1536,55040,33044,0.029
2026-09-13 05:49:37.724,1,4,Read Input Registers,86,3,6992,0.45
2026-09-13 05:49:37.753,1,4,Read Input Registers,1538,13056,30053,0.029
2026-09-13 05:49:41.224,1,4,Read Input Registers,86,3,6992,0.449
2026-09-13 05:49:41.253,1,4,Read Input Registers,1538,28416,30901,0.029
2026-09-13 05:49:44.724,1,4,Read Input Registers,86,3,6992,0.449
2026-09-13 05:49:44.753,1,4,Read Input Registers,1536,60160,33860,0.029
2026-09-13 05:49:48.224,1,4,Read Input Registers,86,3,6992,0.449
2026-09-13 05:49:48.253,1,4,Read Input Registers,1537,45568,22617,0.029
2026-09-13 05:49:51.724,1,4,Read Input Registers,86,3,6992,0.449
2026-09-13 05:49:51.753,1,4,Read Input Registers,1537,9216,17681,0.029
2026-09-13 05:49:55.224,1,4,Read Input Registers,86,3,6992,0.449
2026-09-13 05:49:55.253,1,4,Read Input Registers,1536,37376,20185,0.029
2026-09-13 05:49:58.993,1,4,Read Input Registers,86,3,6992,0.448
2026-09-13 05:49:59.022,1,4,Read Input Registers,1536,41216,19165,0.029
2026-09-13 05:50:02.493,1,4,Read Input Registers,86,3,6992,0.449
2026-09-13 05:50:02.523,1,4,Read Input Registers,1536,59136,34132,0.03
2026-09-13 05:50:05.993,1,4,Read Input Registers,86,3,6992,0.449
2026-09-13 05:50:06.023,1,4,Read Input Registers,1538,17408,32401,0.03
2026-09-13 05:50:09.493,1,4,Read Input Registers,86,3,6992,0.449
2026-09-13 05:50:09.523,1,4,Read Input Registers,1537,17920,36328,0.03
2026-09-13 05:50:12.993,1,4,Read Input Registers,86,3,6992,0.449
2026-09-13 05:50:13.023,1,4,Read Input Registers,1538,43776,43332,0.03
2026-09-13 05:50:16.493,1,4,Read Input Registers,86,3,6992,0.449
2026-09-13 05:50:16.523,1,4,Read Input Registers,1537,24576,19169,0.03
2026-09-13 05:50:19.993,1,4,Read Input Registers,86,3,6992,0.449
2026-09-13 05:50:20.023,1,4,Read Input Registers,1539,6656,25145,0.03
2026-09-13 05:50:23.494,1,4,Read Input Registers,86,3,6992,0.45
2026-09-13 05:50:23.523,1,4,Read Input Registers,1537,32768,40032,0.029
2026-09-13 05:50:26.994,1,4,Read Input Registers,86,3,6992,0.449
2026-09-13 05:50:27.023,1,4,Read Input Registers,1537,56064,20741,0.029
2026-09-13 05:50:30.494,1,4,Read Input Registers,86,3,6992,0.449
2026-09-13 05:50:30.523,1,4,Read Input Registers,1537,22272,36372,0.029
2026-09-13 05:50:33.994,1,4,Read Input Registers,86,3,6992,0.449
2026-09-13 05:50:34.023,1,4,Read Input Registers,1539,38144,48492,0.029
2026-09-13 05:50:37.494,1,4,Read Input Registers,86,3,6992,0.449
2026-09-13 05:50:37.523,1,4,Read Input Registers,1538,37632,27877,0.029
2026-09-13 05:50:40.994,1,4,Read Input Registers,86,3,6992,0.449
2026-09-13 05:50:41.023,1,4,Read Input Registers,1537,57344,38112,0.029
2026-09-13 05:50:44.494,1,4,Read Input Registers,86,3,6992,0.449
2026-09-13 05:50:44.523,1,4,Read Input Registers,1538,35584,28357,0.029
2026-09-13 05:50:47.994,1,4,Read Input Registers,86,3,6992,0.449
2026-09-13 05:50:48.023,1,4,Read Input Registers,1536,43264,35644,0.029
2026-09-13 05:50:51.494,1,4,Read Input Registers,86,3,6992,0.449
2026-09-13 05:50:51.523,1,4,Read Input Registers,1539,35584,49092,0.029
2026-09-13 05:50:54.994,1,4,Read Input Registers,86,3,6992,0.449
2026-09-13 05:50:55.024,1,4,Read Input Registers,1538,9216,30225,0.03
2026-09-13 05:50:58.494,1,4,Read Input Registers,86,3,6992,0.449
2026-09-13 05:50:58.524,1,4,Read Input Registers,1536,25856,39724,0.03
2026-09-13 05:51:01.994,1,4,Read Input Registers,86,3,6992,0.449
2026-09-13 05:51:02.024,1,4,Read Input Registers,1537,2560,17401,0.03
2026-09-13 05:51:05.494,1,4,Read Input Registers,86,3,6992,0.449
2026-09-13 05:51:05.524,1,4,Read Input Registers,1538,512,45336,0.03
2026-09-13 05:51:08.994,1,4,Read Input Registers,86,3,6992,0.449
2026-09-13 05:51:09.024,1,4,Read Input Registers,1536,29440,22629,0.03
2026-09-13 05:51:12.494,1,4,Read Input Registers,86,3,6992,0.449
2026-09-13 05:51:12.524,1,4,Read Input Registers,1538,11264,47088,0.03
2026-09-13 05:51:15.995,1,4,Read Input Registers,86,3,6992,0.449
2026-09-13 05:51:16.024,1,4,Read Input Registers,1537,17152,36132,0.029
2026-09-13 05:51:19.495,1,4,Read Input Registers,86,3,6992,0.449
2026-09-13 05:51:19.524,1,4,Read Input Registers,1539,29696,43984,0.029
2026-09-13 05:51:22.995,1,4,Read Input Registers,86,3,6992,0.449
2026-09-13 05:51:23.024,1,4,Read Input Registers,1539,30464,43924,0.029
2026-09-13 05:51:26.495,1,4,Read Input Registers,86,3,6992,0.449
2026-09-13 05:51:26.524,1,4,Read Input Registers,1538,27904,47308,0.029
2026-09-13 05:51:29.995,1,4,Read Input Registers,86,3,6992,0.449
2026-09-13 05:51:30.024,1,4,Read Input Registers,1538,40192,44428,0.029
2026-09-13 05:51:33.495,1,4,Read Input Registers,86,3,6992,0.449
2026-09-13 05:51:33.524,1,4,Read Input Registers,1537,59392,21761,0.029
2026-09-13 05:51:36.995,1,4,Read Input Registers,86,3,6992,0.449
2026-09-13 05:51:37.024,1,4,Read Input Registers,1539,38400,48424,0.029
2026-09-13 05:51:40.495,1,4,Read Input Registers,86,3,6992,0.449
2026-09-13 05:51:40.524,1,4,Read Input Registers,1537,3072,17265,0.029
2026-09-13 05:51:43.995,1,4,Read Input Registers,86,3,6992,0.449
2026-09-13 05:51:44.024,1,4,Read Input Registers,1538,57344,42976,0.029
2026-09-13 05:51:47.495,1,4,Read Input Registers,86,3,6992,0.449
2026-09-13 05:51:47.525,1,4,Read Input Registers,1536,63232,18069,0.03
2026-09-13 05:51:50.995,1,4,Read Input Registers,86,3,6992,0.449
2026-09-13 05:51:51.025,1,4,Read Input Registers,1536,53760,33240,0.03
2026-09-13 05:51:54.495,1,4,Read Input Registers,86,3,6992,0.027
2026-09-13 05:51:54.527,1,4,Read Input Registers,1538,31744,47920,0.032
2026-09-13 05:51:57.995,1,4,Read Input Registers,86,3,6992,0.449
2026-09-13 05:51:58.025,1,4,Read Input Registers,1537,54784,36904,0.03
2026-09-13 05:52:01.495,1,4,Read Input Registers,86,3,6992,0.449
2026-09-13 05:52:01.525,1,4,Read Input Registers,1538,54272,25425,0.03
2026-09-13 05:52:04.995,1,4,Read Input Registers,86,3,6992,0.449
2026-09-13 05:52:05.025,1,4,Read Input Registers,1536,32000,39180,0.03
2026-09-13 05:52:08.496,1,4,Read Input Registers,86,3,6992,0.449
2026-09-13 05:52:08.525,1,4,Read Input Registers,1537,62464,38864,0.029
2026-09-13 05:52:11.996,1,4,Read Input Registers,86,3,6992,0.449
2026-09-13 05:52:12.025,1,4,Read Input Registers,1536,56832,32968,0.029
2026-09-13 05:52:15.496,1,4,Read Input Registers,86,3,6992,0.449
2026-09-13 05:52:15.525,1,4,Read Input Registers,1537,19712,19533,0.029
2026-09-13 05:52:18.996,1,4,Read Input Registers,86,3,6992,0.449
2026-09-13 05:52:19.025,1,4,Read Input Registers,1539,42496,47464,0.029
2026-09-13 05:52:22.496,1,4,Read Input Registers,86,3,6992,0.449
2026-09-13 05:52:22.525,1,4,Read Input Registers,1537,21504,36432,0.029
2026-09-13 05:52:25.996,1,4,Read Input Registers,86,3,6992,0.449
2026-09-13 05:52:26.025,1,4,Read Input Registers,1538,56320,41648,0.029
2026-09-13 05:52:29.496,1,4,Read Input Registers,86,3,6992,0.449
2026-09-13 05:52:29.525,1,4,Read Input Registers,1536,38656,19989,0.029
2026-09-13 05:52:32.996,1,4,Read Input Registers,86,3,6992,0.449
2026-09-13 05:52:33.025,1,4,Read Input Registers,1538,3840,28725,0.029
2026-09-13 05:52:36.496,1,4,Read Input Registers,86,3,6992,0.449
2026-09-13 05:52:36.525,1,4,Read Input Registers,1538,63488,42432,0.029
2026-09-13 05:52:39.996,1,4,Read Input Registers,86,3,6992,0.449
2026-09-13 05:52:40.026,1,4,Read Input Registers,1538,65024,42312,0.03
2026-09-13 05:52:43.496,1,4,Read Input Registers,86,3,6992,0.449
2026-09-13 05:52:43.526,1,4,Read Input Registers,1539,22528,27969,0.03
2026-09-13 05:52:46.996,1,4,Read Input Registers,86,3,6992,0.449
2026-09-13 05:52:47.026,1,4,Read Input Registers,1537,28672,35104,0.03
2026-09-13 05:52:50.496,1,4,Read Input Registers,86,3,6992,0.449
2026-09-13 05:52:50.526,1,4,Read Input Registers,1539,26368,26709,0.03
2026-09-13 05:52:53.996,1,4,Read Input Registers,86,3,6992,0.449
2026-09-13 05:52:54.026,1,4,Read Input Registers,1539,23296,27909,0.03
2026-09-13 05:52:57.496,1,4,Read Input Registers,86,3,6992,0.449
2026-09-13 05:52:57.526,1,4,Read Input Registers,1537,14336,34752,0.03
2026-09-13 05:53:00.997,1,4,Read Input Registers,86,3,6992,0.45
2026-09-13 05:53:01.026,1,4,Read Input Registers,1539,4608,41944,0.029
2026-09-13 05:53:04.497,1,4,Read Input Registers,86,3,6992,0.449
2026-09-13 05:53:04.526,1,4,Read Input Registers,1536,28928,38940,0.029
2026-09-13 05:53:07.997,1,4,Read Input Registers,86,3,6992,0.449
2026-09-13 05:53:08.026,1,4,Read Input Registers,1536,47616,18617,0.029
2026-09-13 05:53:11.497,1,4,Read Input Registers,86,3,6992,0.449
2026-09-13 05:53:11.526,1,4,Read Input Registers,1539,29952,27629,0.029
2026-09-13 05:53:14.997,1,4,Read Input Registers,86,3,6992,0.449
2026-09-13 05:53:15.026,1,4,Read Input Registers,1539,39168,48252,0.029
2026-09-13 05:53:18.497,1,4,Read Input Registers,86,3,6992,0.449
2026-09-13 05:53:18.526,1,4,Read Input Registers,1537,43776,39492,0.029
2026-09-13 05:53:21.997,1,4,Read Input Registers,86,3,6992,0.449
2026-09-13 05:53:22.026,1,4,Read Input Registers,1539,4864,25573,0.029
2026-09-13 05:53:25.497,1,4,Read Input Registers,86,3,6992,0.449
2026-09-13 05:53:25.526,1,4,Read Input Registers,1538,5888,29205,0.029
2026-09-13 05:53:28.997,1,4,Read Input Registers,86,3,6992,0.449
2026-09-13 05:53:29.027,1,4,Read Input Registers,1537,40192,40588,0.03
2026-09-13 05:53:32.497,1,4,Read Input Registers,86,3,6992,0.449
2026-09-13 05:53:32.527,1,4,Read Input Registers,1539,34304,32489,0.03
2026-09-13 05:53:35.997,1,4,Read Input Registers,86,3,6992,0.449
2026-09-13 05:53:36.027,1,4,Read Input Registers,1536,52480,17229,0.03
2026-09-13 05:53:39.497,1,4,Read Input Registers,86,3,6992,0.449
2026-09-13 05:53:39.527,1,4,Read Input Registers,1537,52992,21045,0.03
2026-09-13 05:53:42.997,1,4,Read Input Registers,86,3,6992,0.449
2026-09-13 05:53:43.027,1,4,Read Input Registers,1539,8704,42904,0.03
2026-09-13 05:53:46.497,1,4,Read Input Registers,86,3,6992,0.449
2026-09-13 05:53:46.527,1,4,Read Input Registers,1537,31744,34864,0.03
2026-09-13 05:53:49.998,1,4,Read Input Registers,86,3,6992,0.45
2026-09-13 05:53:50.027,1,4,Read Input Registers,1537,19456,35952,0.029
2026-09-13 05:53:53.498,1,4,Read Input Registers,86,3,6992,0.45
2026-09-13 05:53:53.527,1,4,Read Input Registers,1537,19200,19653,0.029
2026-09-13 05:53:56.998,1,4,Read Input Registers,86,3,6992,0.449
2026-09-13 05:53:57.027,1,4,Read Input Registers,1536,30976,23037,0.029
2026-09-13 05:54:00.498,1,4,Read Input Registers,86,3,6992,0.449
2026-09-13 05:54:00.527,1,4,Read Input Registers,1537,44032,23281,0.029
2026-09-13 05:54:03.998,1,4,Read Input Registers,86,3,6992,0.449
2026-09-13 05:54:04.027,1,4,Read Input Registers,1538,15104,46212,0.029
2026-09-13 05:54:07.498,1,4,Read Input Registers,86,3,6992,0.449
2026-09-13 05:54:07.527,1,4,Read Input Registers,1537,61440,22305,0.029
2026-09-13 05:54:10.998,1,4,Read Input Registers,86,3,6992,0.449
2026-09-13 05:54:11.027,1,4,Read Input Registers,1536,56576,32908,0.029
2026-09-13 05:54:14.498,1,4,Read Input Registers,86,3,6992,0.449
2026-09-13 05:54:14.527,1,4,Read Input Registers,1539,29184,43864,0.029
2026-09-13 05:54:18.316,1,4,Read Input Registers,86,3,6992,0.449
2026-09-13 05:54:18.345,1,4,Read Input Registers,1537,49152,21345,0.029
2026-09-13 05:54:21.816,1,4,Read Input Registers,86,3,6992,0.449
2026-09-13 05:54:21.846,1,4,Read Input Registers,1538,20992,48600,0.03
2026-09-13 05:54:25.316,1,4,Read Input Registers,86,3,6992,0.449
2026-09-13 05:54:25.346,1,4,Read Input Registers,1537,35328,40440,0.03
2026-09-13 05:54:28.816,1,4,Read Input Registers,86,3,6992,0.449
2026-09-13 05:54:28.846,1,4,Read Input Registers,1538,55296,25153,0.03
2026-09-13 05:54:32.316,1,4,Read Input Registers,86,3,6992,0.449
2026-09-13 05:54:32.346,1,4,Read Input Registers,1538,57088,41716,0.03
2026-09-13 05:54:35.816,1,4,Read Input Registers,86,3,6992,0.449
2026-09-13 05:54:35.846,1,4,Read Input Registers,1539,31744,27185,0.03
2026-09-13 05:54:39.316,1,4,Read Input Registers,86,3,6992,0.449
2026-09-13 05:54:39.346,1,4,Read Input Registers,1539,11008,42564,0.03
2026-09-13 05:54:42.817,1,4,Read Input Registers,86,3,6992,0.45
2026-09-13 05:54:42.846,1,4,Read Input Registers,1537,57088,37364,0.029
2026-09-13 05:54:46.317,1,4,Read Input Registers,86,3,6992,0.45
2026-09-13 05:54:46.346,1,4,Read Input Registers,1538,29696,31441,0.029
2026-09-13 05:54:49.817,1,4,Read Input Registers,86,3,6992,0.449
2026-09-13 05:54:49.846,1,4,Read Input Registers,1536,38656,19989,0.029
2026-09-13 05:54:53.317,1,4,Read Input Registers,86,3,6992,0.449
2026-09-13 05:54:53.346,1,4,Read Input Registers,1537,62464,38864,0.029
2026-09-13 05:54:56.817,1,4,Read Input Registers,86,3,6992,0.449
2026-09-13 05:54:56.846,1,4,Read Input Registers,1537,6144,16449,0.029
2026-09-13 05:55:00.317,1,4,Read Input Registers,86,3,6992,0.449
2026-09-13 05:55:00.346,1,4,Read Input Registers,1539,29952,27629,0.029
2026-09-13 05:55:03.817,1,4,Read Input Registers,86,3,6992,0.449
2026-09-13 05:55:03.846,1,4,Read Input Registers,1539,7936,25333,0.029
2026-09-13 05:55:07.317,1,4,Read Input Registers,86,3,6992,0.449
2026-09-13 05:55:07.346,1,4,Read Input Registers,1538,20736,48540,0.029
2026-09-13 05:55:10.817,1,4,Read Input Registers,86,3,6992,0.449
2026-09-13 05:55:10.846,1,4,Read Input Registers,1539,38656,32021,0.029
2026-09-13 05:55:14.317,1,4,Read Input Registers,86,3,6992,0.449
2026-09-13 05:55:14.346,1,4,Read Input Registers,1539,1280,41132,0.029
2026-09-13 05:55:17.817,1,4,Read Input Registers,86,3,6992,0.449
2026-09-13 05:55:17.847,1,4,Read Input Registers,1539,46080,47824,0.03
2026-09-13 05:55:21.317,1,4,Read Input Registers,86,3,6992,0.449
2026-09-13 05:55:21.347,1,4,Read Input Registers,1536,54528,16749,0.03
2026-09-13 05:55:24.817,1,4,Read Input Registers,86,3,6992,0.449
2026-09-13 05:55:24.847,1,4,Read Input Registers,1537,15104,34692,0.03
2026-09-13 05:55:28.317,1,4,Read Input Registers,86,3,6992,0.449
2026-09-13 05:55:28.347,1,4,Read Input Registers,1539,19200,44740,0.03
2026-09-13 05:55:31.818,1,4,Read Input Registers,86,3,6992,0.45
2026-09-13 05:55:31.847,1,4,Read Input Registers,1539,30208,27561,0.029
2026-09-13 05:55:35.318,1,4,Read Input Registers,86,3,6992,0.45
2026-09-13 05:55:35.347,1,4,Read Input Registers,1536,52224,33648,0.029
2026-09-13 05:55:38.818,1,4,Read Input Registers,86,3,6992,0.45
2026-09-13 05:55:38.847,1,4,Read Input Registers,1538,512,45336,0.029
2026-09-13 05:55:42.318,1,4,Read Input Registers,86,3,6992,0.449
2026-09-13 05:55:42.347,1,4,Read Input Registers,1537,43008,39424,0.029
2026-09-13 05:55:45.818,1,4,Read Input Registers,86,3,6992,0.449
2026-09-13 05:55:45.847,1,4,Read Input Registers,1537,14848,18361,0.029
2026-09-13 05:55:49.318,1,4,Read Input Registers,86,3,6992,0.449
2026-09-13 05:55:49.347,1,4,Read Input Registers,1538,31232,48056,0.029
2026-09-13 05:55:52.818,1,4,Read Input Registers,86,3,6992,0.449
2026-09-13 05:55:52.847,1,4,Read Input Registers,1538,21760,32109,0.029
2026-09-13 05:55:56.318,1,4,Read Input Registers,86,3,6992,0.449
2026-09-13 05:55:56.347,1,4,Read Input Registers,1538,65024,42312,0.029
2026-09-13 05:55:59.818,1,4,Read Input Registers,86,3,6992,0.449
2026-09-13 05:55:59.847,1,4,Read Input Registers,1539,4608,41944,0.029
2026-09-13 05:56:03.318,1,4,Read Input Registers,86,3,6992,0.449
2026-09-13 05:56:03.347,1,4,Read Input Registers,1536,53248,16801,0.029
2026-09-13 05:56:06.818,1,4,Read Input Registers,86,3,6992,0.449
2026-09-13 05:56:06.848,1,4,Read Input Registers,1539,13824,42152,0.03
2026-09-13 05:56:10.318,1,4,Read Input Registers,86,3,6992,0.449
2026-09-13 05:56:10.348,1,4,Read Input Registers,1538,25600,47376,0.03
2026-09-13 05:56:13.818,1,4,Read Input Registers,86,3,6992,0.449
2026-09-13 05:56:13.848,1,4,Read Input Registers,1538,5632,45608,0.03
2026-09-13 05:56:17.318,1,4,Read Input Registers,86,3,6992,0.449
2026-09-13 05:56:17.348,1,4,Read Input Registers,1539,35840,32625,0.03
2026-09-13 05:56:20.818,1,4,Read Input Registers,86,3,6992,0.361
2026-09-13 05:56:20.848,1,4,Read Input Registers,1538,52224,24945,0.03
2026-09-13 05:56:24.319,1,4,Read Input Registers,86,3,6992,0.45
2026-09-13 05:56:24.348,1,4,Read Input Registers,1538,47104,27329,0.029
2026-09-13 05:56:27.819,1,4,Read Input Registers,86,3,6992,0.449
2026-09-13 05:56:27.848,1,4,Read Input Registers,1538,58368,26385,0.029
2026-09-13 05:56:31.319,1,4,Read Input Registers,86,3,6992,0.449
2026-09-13 05:56:31.348,1,4,Read Input Registers,1538,21504,48464,0.029
2026-09-13 05:56:34.819,1,4,Read Input Registers,86,3,6992,0.449
2026-09-13 05:56:34.848,1,4,Read Input Registers,1537,21248,20197,0.029
2026-09-13 05:56:38.319,1,4,Read Input Registers,86,3,6992,0.449
2026-09-13 05:56:38.348,1,4,Read Input Registers,1536,50688,33512,0.029
2026-09-13 05:56:41.819,1,4,Read Input Registers,86,3,6992,0.449
2026-09-13 05:56:41.848,1,4,Read Input Registers,1538,25600,47376,0.029
2026-09-13 05:56:45.319,1,4,Read Input Registers,86,3,6992,0.362
2026-09-13 05:56:45.348,1,4,Read Input Registers,1536,60160,33860,0.029
2026-09-13 05:56:48.819,1,4,Read Input Registers,86,3,6992,0.449
2026-09-13 05:56:48.848,1,4,Read Input Registers,1536,27904,23245,0.029
2026-09-13 05:56:52.319,1,4,Read Input Registers,86,3,6992,0.449
2026-09-13 05:56:52.348,1,4,Read Input Registers,1538,44800,27061,0.029
2026-09-13 05:56:55.819,1,4,Read Input Registers,86,3,6992,0.449
2026-09-13 05:56:55.849,1,4,Read Input Registers,1536,47360,18685,0.03
2026-09-13 05:56:59.319,1,4,Read Input Registers,86,3,6992,0.449
2026-09-13 05:56:59.349,1,4,Read Input Registers,1539,12800,25689,0.03
2026-09-13 05:57:02.819,1,4,Read Input Registers,86,3,6992,0.449
2026-09-13 05:57:02.849,1,4,Read Input Registers,1537,41984,39696,0.03
2026-09-13 05:57:06.319,1,4,Read Input Registers,86,3,6992,0.449
2026-09-13 05:57:06.349,1,4,Read Input Registers,1539,32512,27253,0.03
2026-09-13 05:57:09.819,1,4,Read Input Registers,86,3,6992,0.449
2026-09-13 05:57:09.849,1,4,Read Input Registers,1538,5632,45608,0.03
2026-09-13 05:57:13.319,1,4,Read Input Registers,86,3,6992,0.449
2026-09-13 05:57:13.349,1,4,Read Input Registers,1538,9984,30293,0.03
2026-09-13 05:57:16.820,1,4,Read Input Registers,86,3,6992,0.45
2026-09-13 05:57:16.849,1,4,Read Input Registers,1537,36608,40244,0.029
2026-09-13 05:57:20.320,1,4,Read Input Registers,86,3,6992,0.449
2026-09-13 05:57:20.349,1,4,Read Input Registers,1537,47872,22917,0.029
2026-09-13 05:57:23.820,1,4,Read Input Registers,86,3,6992,0.449
2026-09-13 05:57:23.849,1,4,Read Input Registers,1538,0,29025,0.029
2026-09-13 05:57:27.320,1,4,Read Input Registers,86,3,6992,0.45
2026-09-13 05:57:27.349,1,4,Read Input Registers,1537,48640,22857,0.029
2026-09-13 05:57:30.820,1,4,Read Input Registers,86,3,6992,0.449
2026-09-13 05:57:30.849,1,4,Read Input Registers,1538,45312,27421,0.029
2026-09-13 05:57:34.320,1,4,Read Input Registers,86,3,6992,0.449
2026-09-13 05:57:34.349,1,4,Read Input Registers,1536,47616,18617,0.029
2026-09-13 05:57:37.820,1,4,Read Input Registers,86,3,6992,0.449
2026-09-13 05:57:37.849,1,4,Read Input Registers,1538,41472,43160,0.029
2026-09-13 05:57:41.320,1,4,Read Input Registers,86,3,6992,0.449
2026-09-13 05:57:41.349,1,4,Read Input Registers,1538,42240,26669,0.029
2026-09-13 05:57:44.820,1,4,Read Input Registers,86,3,6992,0.449
2026-09-13 05:57:44.849,1,4,Read Input Registers,1536,36352,35848,0.029
2026-09-13 05:57:48.320,1,4,Read Input Registers,86,3,6992,0.45
2026-09-13 05:57:48.350,1,4,Read Input Registers,1539,19712,44620,0.03
2026-09-13 05:57:51.820,1,4,Read Input Registers,86,3,6992,0.449
2026-09-13 05:57:51.850,1,4,Read Input Registers,1537,17920,36328,0.03
2026-09-13 05:57:55.320,1,4,Read Input Registers,86,3,6992,0.449
2026-09-13 05:57:55.350,1,4,Read Input Registers,1536,26368,23381,0.03
2026-09-13 05:57:58.820,1,4,Read Input Registers,86,3,6992,0.449
2026-09-13 05:57:58.850,1,4,Read Input Registers,1537,64000,22201,0.03
2026-09-13 05:58:02.320,1,4,Read Input Registers,86,3,6992,0.449
2026-09-13 05:58:02.350,1,4,Read Input Registers,1538,41216,43228,0.03
2026-09-13 05:58:05.821,1,4,Read Input Registers,86,3,6992,0.45
2026-09-13 05:58:05.850,1,4,Read Input Registers,1538,57856,26521,0.029
2026-09-13 05:58:09.321,1,4,Read Input Registers,86,3,6992,0.449
2026-09-13 05:58:09.350,1,4,Read Input Registers,1539,28160,27017,0.029
2026-09-13 05:58:12.821,1,4,Read Input Registers,86,3,6992,0.449
2026-09-13 05:58:12.850,1,4,Read Input Registers,1538,59392,26113,0.029
2026-09-13 05:58:16.321,1,4,Read Input Registers,86,3,6992,0.449
2026-09-13 05:58:16.350,1,4,Read Input Registers,1536,40448,20425,0.029
2026-09-13 05:58:19.821,1,4,Read Input Registers,86,3,6992,0.449
2026-09-13 05:58:19.850,1,4,Read Input Registers,1537,51968,37572,0.029
2026-09-13 05:58:23.321,1,4,Read Input Registers,86,3,6992,0.449
2026-09-13 05:58:23.350,1,4,Read Input Registers,1539,41728,47524,0.029
2026-09-13 05:58:26.821,1,4,Read Input Registers,86,3,6992,0.449
2026-09-13 05:58:26.850,1,4,Read Input Registers,1536,29952,22765,0.029
2026-09-13 05:58:30.321,1,4,Read Input Registers,86,3,6992,0.449
2026-09-13 05:58:30.350,1,4,Read Input Registers,1538,25088,47512,0.029
2026-09-13 05:58:33.870,1,4,Read Input Registers,86,3,6992,0.449
2026-09-13 05:58:33.899,1,4,Read Input Registers,1539,38656,32021,0.029
2026-09-13 05:58:37.370,1,4,Read Input Registers,86,3,6992,0.449
2026-09-13 05:58:37.399,1,4,Read Input Registers,1539,30720,43712,0.029
2026-09-13 05:58:40.870,1,4,Read Input Registers,86,3,6992,0.449
2026-09-13 05:58:40.899,1,4,Read Input Registers,1536,30464,39060,0.029
2026-09-13 05:58:44.370,1,4,Read Input Registers,86,3,6992,0.449
2026-09-13 05:58:44.400,1,4,Read Input Registers,1539,31488,43652,0.03
2026-09-13 05:58:47.870,1,4,Read Input Registers,86,3,6992,0.449
2026-09-13 05:58:47.900,1,4,Read Input Registers,1537,19200,19653,0.03
2026-09-13 05:58:51.371,1,4,Read Input Registers,86,3,6992,0.451
2026-09-13 05:58:51.400,1,4,Read Input Registers,1537,47616,39352,0.029
2026-09-13 05:58:54.871,1,4,Read Input Registers,86,3,6992,0.45
2026-09-13 05:58:54.900,1,4,Read Input Registers,1536,26112,39784,0.029
2026-09-13 05:58:58.371,1,4,Read Input Registers,86,3,6992,0.449
2026-09-13 05:58:58.400,1,4,Read Input Registers,1537,40448,40648,0.029
2026-09-13 05:59:01.871,1,4,Read Input Registers,86,3,6992,0.449
2026-09-13 05:59:01.900,1,4,Read Input Registers,1537,28416,19381,0.029
2026-09-13 05:59:05.371,1,4,Read Input Registers,86,3,6992,0.449
2026-09-13 05:59:05.400,1,4,Read Input Registers,1537,8192,34272,0.029
2026-09-13 05:59:08.871,1,4,Read Input Registers,86,3,6992,0.449
2026-09-13 05:59:08.900,1,4,Read Input Registers,1537,35840,40304,0.029
2026-09-13 05:59:12.371,1,4,Read Input Registers,86,3,6992,0.449
2026-09-13 05:59:12.401,1,4,Read Input Registers,1538,768,28965,0.03
2026-09-13 05:59:15.871,1,4,Read Input Registers,86,3,6992,0.449
2026-09-13 05:59:15.901,1,4,Read Input Registers,1538,35840,44656,0.03
2026-09-13 05:59:19.371,1,4,Read Input Registers,86,3,6992,0.449
2026-09-13 05:59:19.401,1,4,Read Input Registers,1536,60160,33860,0.03
2026-09-13 05:59:22.872,1,4,Read Input Registers,86,3,6992,0.449
2026-09-13 05:59:22.901,1,4,Read Input Registers,1538,62976,25769,0.029
2026-09-13 05:59:26.372,1,4,Read Input Registers,86,3,6992,0.449
2026-09-13 05:59:26.401,1,4,Read Input Registers,1537,24064,36808,0.029
2026-09-13 05:59:29.872,1,4,Read Input Registers,86,3,6992,0.449
2026-09-13 05:59:29.901,1,4,Read Input Registers,1538,2816,45252,0.029
2026-09-13 05:59:33.372,1,4,Read Input Registers,86,3,6992,0.449
2026-09-13 05:59:33.401,1,4,Read Input Registers,1538,58368,26385,0.029
2026-09-13 05:59:36.872,1,4,Read Input Registers,86,3,6992,0.449
2026-09-13 05:59:36.901,1,4,Read Input Registers,1536,56832,32968,0.029
2026-09-13 05:59:40.372,1,4,Read Input Registers,86,3,6992,0.449
2026-09-13 05:59:40.401,1,4,Read Input Registers,1537,52224,21105,0.029
2026-09-13 05:59:43.872,1,4,Read Input Registers,86,3,6992,0.449
2026-09-13 05:59:43.902,1,4,Read Input Registers,1537,22528,36672,0.03
2026-09-13 05:59:47.372,1,4,Read Input Registers,86,3,6992,0.449
2026-09-13 05:59:47.402,1,4,Read Input Registers,1537,65280,22133,0.03
2026-09-13 05:59:50.872,1,4,Read Input Registers,86,3,6992,0.449
2026-09-13 05:59:50.902,1,4,Read Input Registers,1539,12032,26293,0.03
2026-09-13 05:59:54.373,1,4,Read Input Registers,86,3,6992,0.45
2026-09-13 05:59:54.402,1,4,Read Input Registers,1537,11264,34032,0.029
2026-09-13 05:59:57.873,1,4,Read Input Registers,86,3,6992,0.45
2026-09-13 05:59:57.902,1,4,Read Input Registers,1538,14848,29881,0.029
2026-09-13 06:00:01.373,1,4,Read Input Registers,86,3,6992,0.449
2026-09-13 06:00:01.402,1,4,Read Input Registers,1536,45568,35160,0.029
2026-09-13 06:00:04.873,1,4,Read Input Registers,86,3,6992,0.449
2026-09-13 06:00:04.902,1,4,Read Input Registers,1538,20480,32161,0.029
2026-09-13 06:00:08.373,1,4,Read Input Registers,86,3,6992,0.449
2026-09-13 06:00:08.402,1,4,Read Input Registers,1539,39168,48252,0.029
2026-09-13 06:00:11.873,1,4,Read Input Registers,86,3,6992,0.449
2026-09-13 06:00:11.902,1,4,Read Input Registers,1538,42496,26729,0.029
2026-09-13 06:00:15.373,1,4,Read Input Registers,86,3,6992,0.449
2026-09-13 06:00:15.403,1,4,Read Input Registers,1537,34560,23765,0.03
2026-09-13 06:00:18.873,1,4,Read Input Registers,86,3,6992,0.449
2026-09-13 06:00:18.903,1,4,Read Input Registers,1538,1024,45456,0.03
2026-09-13 06:00:22.373,1,4,Read Input Registers,86,3,6992,0.449
2026-09-13 06:00:22.403,1,4,Read Input Registers,1537,6144,16449,0.03
2026-09-13 06:00:25.874,1,4,Read Input Registers,86,3,6992,0.45
2026-09-13 06:00:25.903,1,4,Read Input Registers,1538,61952,42072,0.029
2026-09-13 06:00:29.374,1,4,Read Input Registers,86,3,6992,0.449
2026-09-13 06:00:29.403,1,4,Read Input Registers,1538,46080,27601,0.029
2026-09-13 06:00:32.874,1,4,Read Input Registers,86,3,6992,0.449
2026-09-13 06:00:32.903,1,4,Read Input Registers,1538,61440,25633,0.029
2026-09-13 06:00:36.374,1,4,Read Input Registers,86,3,6992,0.45
2026-09-13 06:00:36.403,1,4,Read Input Registers,1536,49920,33316,0.029
2026-09-13 06:00:39.874,1,4,Read Input Registers,86,3,6992,0.449
2026-09-13 06:00:39.903,1,4,Read Input Registers,1537,19712,19533,0.029
2026-09-13 06:00:43.374,1,4,Read Input Registers,86,3,6992,0.449
2026-09-13 06:00:43.403,1,4,Read Input Registers,1538,64768,42252,0.029
2026-09-13 06:00:46.874,1,4,Read Input Registers,86,3,6992,0.449
2026-09-13 06:00:46.903,1,4,Read Input Registers,1537,17408,19857,0.029
2026-09-13 06:00:50.374,1,4,Read Input Registers,86,3,6992,0.449
2026-09-13 06:00:50.404,1,4,Read Input Registers,1536,45568,35160,0.03
2026-09-13 06:00:53.874,1,4,Read Input Registers,86,3,6992,0.449
2026-09-13 06:00:53.904,1,4,Read Input Registers,1537,11776,17545,0.03
2026-09-13 06:00:57.375,1,4,Read Input Registers,86,3,6992,0.45
2026-09-13 06:00:57.404,1,4,Read Input Registers,1538,23040,31801,0.029
2026-09-13 06:01:00.875,1,4,Read Input Registers,86,3,6992,0.449
2026-09-13 06:01:00.904,1,4,Read Input Registers,1538,5376,45676,0.029
2026-09-13 06:01:04.375,1,4,Read Input Registers,86,3,6992,0.449
2026-09-13 06:01:04.404,1,4,Read Input Registers,1537,34304,40168,0.029
2026-09-13 06:01:07.875,1,4,Read Input Registers,86,3,6992,0.449
2026-09-13 06:01:07.904,1,4,Read Input Registers,1537,54016,37092,0.029
2026-09-13 06:01:11.375,1,4,Read Input Registers,86,3,6992,0.449
2026-09-13 06:01:11.404,1,4,Read Input Registers,1539,45312,47644,0.029
2026-09-13 06:01:14.875,1,4,Read Input Registers,86,3,6992,0.449
2026-09-13 06:01:14.904,1,4,Read Input Registers,1536,46848,35220,0.029
2026-09-13 06:01:18.375,1,4,Read Input Registers,86,3,6992,0.449
2026-09-13 06:01:18.404,1,4,Read Input Registers,1536,51456,33724,0.029
2026-09-13 06:01:21.875,1,4,Read Input Registers,86,3,6992,0.449
2026-09-13 06:01:21.905,1,4,Read Input Registers,1536,51456,33724,0.03
2026-09-13 06:01:25.375,1,4,Read Input Registers,86,3,6992,0.449
2026-09-13 06:01:25.405,1,4,Read Input Registers,1537,44288,39628,0.03
2026-09-13 06:01:28.875,1,4,Read Input Registers,86,3,6992,0.449
2026-09-13 06:01:28.905,1,4,Read Input Registers,1539,45824,31333,0.03
2026-09-13 06:01:32.376,1,4,Read Input Registers,86,3,6992,0.45
2026-09-13 06:01:32.405,1,4,Read Input Registers,1537,5888,16661,0.029
2026-09-13 06:01:35.876,1,4,Read Input Registers,86,3,6992,0.45
2026-09-13 06:01:35.905,1,4,Read Input Registers,1538,39168,28029,0.029
2026-09-13 06:01:39.376,1,4,Read Input Registers,86,3,6992,0.192
2026-09-13 06:01:39.405,1,4,Read Input Registers,1537,22272,36372,0.029
2026-09-13 06:01:42.876,1,4,Read Input Registers,86,3,6992,0.449
2026-09-13 06:01:42.905,1,4,Read Input Registers,1536,61440,34336,0.029
2026-09-13 06:01:46.376,1,4,Read Input Registers,86,3,6992,0.449
2026-09-13 06:01:46.405,1,4,Read Input Registers,1536,57600,34268,0.029
2026-09-13 06:01:49.876,1,4,Read Input Registers,86,3,6992,0.449
2026-09-13 06:01:49.905,1,4,Read Input Registers,1538,9728,46696,0.029
2026-09-13 06:01:53.376,1,4,Read Input Registers,86,3,6992,0.449
2026-09-13 06:01:53.406,1,4,Read Input Registers,1538,37888,44112,0.03
2026-09-13 06:01:56.876,1,4,Read Input Registers,86,3,6992,0.449
2026-09-13 06:01:56.906,1,4,Read Input Registers,1538,33792,28561,0.03
2026-09-13 06:02:00.376,1,4,Read Input Registers,86,3,6992,0.335
2026-09-13 06:02:00.406,1,4,Read Input Registers,1539,30720,43712,0.03
2026-09-13 06:02:03.876,1,4,Read Input Registers,86,3,6992,0.449
2026-09-13 06:02:03.906,1,4,Read Input Registers,1539,28928,43804,0.03
2026-09-13 06:02:07.377,1,4,Read Input Registers,86,3,6992,0.45
2026-09-13 06:02:07.406,1,4,Read Input Registers,1539,5632,25385,0.029
2026-09-13 06:02:10.877,1,4,Read Input Registers,86,3,6992,0.45
2026-09-13 06:02:10.906,1,4,Read Input Registers,1538,61184,42676,0.029
2026-09-13 06:02:14.377,1,4,Read Input Registers,86,3,6992,0.449
2026-09-13 06:02:14.406,1,4,Read Input Registers,1536,53248,16801,0.029
2026-09-13 06:02:17.877,1,4,Read Input Registers,86,3,6992,0.449
2026-09-13 06:02:17.906,1,4,Read Input Registers,1538,30464,31381,0.029
2026-09-13 06:02:21.377,1,4,Read Input Registers,86,3,6992,0.449
2026-09-13 06:02:21.406,1,4,Read Input Registers,1539,39680,31749,0.029
2026-09-13 06:02:24.877,1,4,Read Input Registers,86,3,6992,0.449
2026-09-13 06:02:24.906,1,4,Read Input Registers,1536,33024,36188,0.029
2026-09-13 06:02:28.377,1,4,Read Input Registers,86,3,6992,0.449
2026-09-13 06:02:28.406,1,4,Read Input Registers,1538,43776,43332,0.029
2026-09-13 06:02:31.877,1,4,Read Input Registers,86,3,6992,0.449
2026-09-13 06:02:31.907,1,4,Read Input Registers,1538,59392,26113,0.03
2026-09-13 06:02:35.377,1,4,Read Input Registers,86,3,6992,0.449
2026-09-13 06:02:35.407,1,4,Read Input Registers,1539,25856,43052,0.03
2026-09-13 06:02:38.877,1,4,Read Input Registers,86,3,6992,0.449
2026-09-13 06:02:38.907,1,4,Read Input Registers,1537,60928,21897,0.03
2026-09-13 06:02:42.378,1,4,Read Input Registers,86,3,6992,0.45
2026-09-13 06:02:42.407,1,4,Read Input Registers,1536,63232,18069,0.029
2026-09-13 06:02:45.878,1,4,Read Input Registers,86,3,6992,0.449
2026-09-13 06:02:45.907,1,4,Read Input Registers,1539,3584,24841,0.029
2026-09-13 06:02:49.378,1,4,Read Input Registers,86,3,6992,0.449
2026-09-13 06:02:49.407,1,4,Read Input Registers,1538,29184,31321,0.029
2026-09-13 06:02:52.878,1,4,Read Input Registers,86,3,6992,0.449
2026-09-13 06:02:52.907,1,4,Read Input Registers,1539,14592,42492,0.029
2026-09-13 06:02:56.378,1,4,Read Input Registers,86,3,6992,0.449
2026-09-13 06:02:56.407,1,4,Read Input Registers,1537,33024,23645,0.029
2026-09-13 06:03:00.150,1,4,Read Input Registers,86,3,6992,0.448
2026-09-13 06:03:00.180,1,4,Read Input Registers,1537,19456,35952,0.03
2026-09-13 06:03:03.650,1,4,Read Input Registers,86,3,6992,0.449
2026-09-13 06:03:03.680,1,4,Read Input Registers,1538,1280,29101,0.03
2026-09-13 06:03:07.150,1,4,Read Input Registers,86,3,6992,0.449
2026-09-13 06:03:07.180,1,4,Read Input Registers,1536,31744,22833,0.03
2026-09-13 06:03:10.650,1,4,Read Input Registers,86,3,6992,0.448
2026-09-13 06:03:10.680,1,4,Read Input Registers,1537,64000,22201,0.03
2026-09-13 06:03:14.150,1,4,Read Input Registers,86,3,6992,0.449
2026-09-13 06:03:14.180,1,4,Read Input Registers,1537,29440,35172,0.03
2026-09-13 06:03:17.651,1,4,Read Input Registers,86,3,6992,0.45
2026-09-13 06:03:17.680,1,4,Read Input Registers,1538,48640,27209,0.029
2026-09-13 06:03:21.151,1,4,Read Input Registers,86,3,6992,0.449
2026-09-13 06:03:21.180,1,4,Read Input Registers,1538,11520,30669,0.029
2026-09-13 06:03:25.160,1,4,Read Input Registers,86,3,6992,0.45
2026-09-13 06:03:25.189,1,4,Read Input Registers,1538,27136,30841,0.029
2026-09-13 06:03:28.660,1,4,Read Input Registers,86,3,6992,0.449
2026-09-13 06:03:28.689,1,4,Read Input Registers,1536,63744,34812,0.029
2026-09-13 06:03:32.160,1,4,Read Input Registers,86,3,6992,0.449
2026-09-13 06:03:32.189,1,4,Read Input Registers,1538,63744,26109,0.029
2026-09-13 06:03:35.660,1,4,Read Input Registers,86,3,6992,0.449
2026-09-13 06:03:35.689,1,4,Read Input Registers,1537,19968,19465,0.029
2026-09-13 06:03:39.160,1,4,Read Input Registers,86,3,6992,0.449
2026-09-13 06:03:39.190,1,4,Read Input Registers,1538,3328,45132,0.03
2026-09-13 06:03:42.660,1,4,Read Input Registers,86,3,6992,0.449
2026-09-13 06:03:42.690,1,4,Read Input Registers,1536,33280,36120,0.03
2026-09-13 06:03:46.160,1,4,Read Input Registers,86,3,6992,0.449
2026-09-13 06:03:46.190,1,4,Read Input Registers,1537,5120,16721,0.03
2026-09-13 06:03:49.660,1,4,Read Input Registers,86,3,6992,0.449
2026-09-13 06:03:49.690,1,4,Read Input Registers,1536,32512,22901,0.03
2026-09-13 06:03:53.161,1,4,Read Input Registers,86,3,6992,0.45
2026-09-13 06:03:53.190,1,4,Read Input Registers,1538,48640,27209,0.029
2026-09-13 06:03:56.661,1,4,Read Input Registers,86,3,6992,0.449
2026-09-13 06:03:56.690,1,4,Read Input Registers,1537,6912,16389,0.029
2026-09-13 06:04:00.161,1,4,Read Input Registers,86,3,6992,0.449
2026-09-13 06:04:00.190,1,4,Read Input Registers,1537,34304,40168,0.029
2026-09-13 06:04:03.661,1,4,Read Input Registers,86,3,6992,0.449
2026-09-13 06:04:03.690,1,4,Read Input Registers,1536,56320,16561,0.029
2026-09-13 06:04:07.161,1,4,Read Input Registers,86,3,6992,0.449
2026-09-13 06:04:07.190,1,4,Read Input Registers,1537,36096,23885,0.029
2026-09-13 06:04:10.661,1,4,Read Input Registers,86,3,6992,0.449
2026-09-13 06:04:10.690,1,4,Read Input Registers,1539,29952,27629,0.029
2026-09-13 06:04:14.161,1,4,Read Input Registers,86,3,6992,0.449
2026-09-13 06:04:14.191,1,4,Read Input Registers,1537,24576,19169,0.03
2026-09-13 06:04:17.661,1,4,Read Input Registers,86,3,6992,0.449
2026-09-13 06:04:17.691,1,4,Read Input Registers,1536,36096,35916,0.03
2026-09-13 06:04:21.161,1,4,Read Input Registers,86,3,6992,0.449
2026-09-13 06:04:21.191,1,4,Read Input Registers,1536,52736,17161,0.03
2026-09-13 06:04:24.661,1,4,Read Input Registers,86,3,6992,0.449
2026-09-13 06:04:24.691,1,4,Read Input Registers,1536,41472,19097,0.03
2026-09-13 06:04:28.162,1,4,Read Input Registers,86,3,6992,0.45
2026-09-13 06:04:28.191,1,4,Read Input Registers,1538,2560,28921,0.029
2026-09-13 06:04:31.662,1,4,Read Input Registers,86,3,6992,0.45
2026-09-13 06:04:31.691,1,4,Read Input Registers,1537,5376,33132,0.029
2026-09-13 06:04:35.162,1,4,Read Input Registers,86,3,6992,0.449
2026-09-13 06:04:35.191,1,4,Read Input Registers,1538,24064,48328,0.029
2026-09-13 06:04:38.662,1,4,Read Input Registers,86,3,6992,0.449
2026-09-13 06:04:38.691,1,4,Read Input Registers,1536,40960,35552,0.029
2026-09-13 06:04:42.162,1,4,Read Input Registers,86,3,6992,0.449
2026-09-13 06:04:42.191,1,4,Read Input Registers,1537,11264,34032,0.029
2026-09-13 06:04:45.662,1,4,Read Input Registers,86,3,6992,0.449
2026-09-13 06:04:45.691,1,4,Read Input Registers,1538,51456,25021,0.029
2026-09-13 06:04:49.162,1,4,Read Input Registers,86,3,6992,0.449
2026-09-13 06:04:49.192,1,4,Read Input Registers,1537,32512,34932,0.03
2026-09-13 06:04:52.662,1,4,Read Input Registers,86,3,6992,0.449
2026-09-13 06:04:52.692,1,4,Read Input Registers,1537,52480,37452,0.03
2026-09-13 06:04:56.162,1,4,Read Input Registers,86,3,6992,0.449
2026-09-13 06:04:56.192,1,4,Read Input Registers,1538,50688,24809,0.03
2026-09-13 06:04:59.662,1,4,Read Input Registers,86,3,6992,0.449
2026-09-13 06:04:59.692,1,4,Read Input Registers,1539,23040,44344,0.03
2026-09-13 06:05:03.163,1,4,Read Input Registers,86,3,6992,0.45
2026-09-13 06:05:03.192,1,4,Read Input Registers,1536,54016,16869,0.029
2026-09-13 06:05:06.663,1,4,Read Input Registers,86,3,6992,0.449
2026-09-13 06:05:06.692,1,4,Read Input Registers,1538,20224,48948,0.029
2026-09-13 06:05:10.163,1,4,Read Input Registers,86,3,6992,0.449
2026-09-13 06:05:10.192,1,4,Read Input Registers,1538,44800,27061,0.029
2026-09-13 06:05:13.663,1,4,Read Input Registers,86,3,6992,0.449
2026-09-13 06:05:13.692,1,4,Read Input Registers,1538,768,28965,0.029
2026-09-13 06:05:17.163,1,4,Read Input Registers,86,3,6992,0.449
2026-09-13 06:05:17.192,1,4,Read Input Registers,1536,35072,19645,0.029
2026-09-13 06:05:20.663,1,4,Read Input Registers,86,3,6992,0.45
2026-09-13 06:05:20.692,1,4,Read Input Registers,1537,47360,39420,0.029
2026-09-13 06:05:24.163,1,4,Read Input Registers,86,3,6992,0.449
2026-09-13 06:05:24.192,1,4,Read Input Registers,1536,62464,18129,0.029
2026-09-13 06:05:27.663,1,4,Read Input Registers,86,3,6992,0.449
2026-09-13 06:05:27.693,1,4,Read Input Registers,1537,40960,23521,0.03
2026-09-13 06:05:31.163,1,4,Read Input Registers,86,3,6992,0.449
2026-09-13 06:05:31.193,1,4,Read Input Registers,1536,30976,23037,0.03
2026-09-13 06:05:34.663,1,4,Read Input Registers,86,3,6992,0.449
2026-09-13 06:05:34.693,1,4,Read Input Registers,1538,40448,44488,0.03
2026-09-13 06:05:38.163,1,4,Read Input Registers,86,3,6992,0.449
2026-09-13 06:05:38.193,1,4,Read Input Registers,1537,12800,34392,0.03
2026-09-13 06:05:41.664,1,4,Read Input Registers,86,3,6992,0.45
2026-09-13 06:05:41.693,1,4,Read Input Registers,1539,7680,41672,0.029
2026-09-13 06:05:45.164,1,4,Read Input Registers,86,3,6992,0.45
2026-09-13 06:05:45.193,1,4,Read Input Registers,1537,42240,23341,0.029
2026-09-13 06:05:48.664,1,4,Read Input Registers,86,3,6992,0.449
2026-09-13 06:05:48.693,1,4,Read Input Registers,1537,35328,40440,0.029
2026-09-13 06:05:52.164,1,4,Read Input Registers,86,3,6992,0.449
2026-09-13 06:05:52.193,1,4,Read Input Registers,1537,12288,17953,0.029
2026-09-13 06:05:55.664,1,4,Read Input Registers,86,3,6992,0.449
2026-09-13 06:05:55.693,1,4,Read Input Registers,1536,54016,16869,0.029
2026-09-13 06:05:59.164,1,4,Read Input Registers,86,3,6992,0.449
2026-09-13 06:05:59.193,1,4,Read Input Registers,1536,32000,39180,0.029
2026-09-13 06:06:02.664,1,4,Read Input Registers,86,3,6992,0.449
2026-09-13 06:06:02.693,1,4,Read Input Registers,1536,32768,19809,0.029
2026-09-13 06:06:06.164,1,4,Read Input Registers,86,3,6992,0.449
2026-09-13 06:06:06.194,1,4,Read Input Registers,1536,51456,33724,0.03
2026-09-13 06:06:09.664,1,4,Read Input Registers,86,3,6992,0.449
2026-09-13 06:06:09.694,1,4,Read Input Registers,1536,38912,20289,0.03
2026-09-13 06:06:13.164,1,4,Read Input Registers,86,3,6992,0.45
2026-09-13 06:06:13.194,1,4,Read Input Registers,1537,47360,39420,0.03
2026-09-13 06:06:16.664,1,4,Read Input Registers,86,3,6992,0.449
2026-09-13 06:06:16.694,1,4,Read Input Registers,1537,23040,20281,0.03
2026-09-13 06:06:20.165,1,4,Read Input Registers,86,3,6992,0.45
2026-09-13 06:06:20.194,1,4,Read Input Registers,1538,16640,32349,0.029
2026-09-13 06:06:23.665,1,4,Read Input Registers,86,3,6992,0.45
2026-09-13 06:06:23.694,1,4,Read Input Registers,1538,16896,32281,0.029
2026-09-13 06:06:27.165,1,4,Read Input Registers,86,3,6992,0.449
2026-09-13 06:06:27.194,1,4,Read Input Registers,1537,56576,20877,0.029
2026-09-13 06:06:30.665,1,4,Read Input Registers,86,3,6992,0.449
2026-09-13 06:06:30.694,1,4,Read Input Registers,1537,41984,39696,0.029
2026-09-13 06:06:34.188,1,4,Read Input Registers,86,3,6992,0.45
2026-09-13 06:06:34.217,1,4,Read Input Registers,1537,49408,37724,0.029
2026-09-13 06:06:37.688,1,4,Read Input Registers,86,3,6992,0.449
2026-09-13 06:06:37.717,1,4,Read Input Registers,1536,30208,22697,0.029
2026-09-13 06:06:41.188,1,4,Read Input Registers,86,3,6992,0.449
2026-09-13 06:06:41.218,1,4,Read Input Registers,1536,46336,18925,0.03
2026-09-13 06:06:44.688,1,4,Read Input Registers,86,3,6992,0.449
2026-09-13 06:06:44.718,1,4,Read Input Registers,1536,48384,34828,0.03
2026-09-13 06:06:48.188,1,4,Read Input Registers,86,3,6992,0.449
2026-09-13 06:06:48.218,1,4,Read Input Registers,1536,26112,39784,0.03
2026-09-13 06:06:51.688,1,4,Read Input Registers,86,3,6992,0.449
2026-09-13 06:06:51.718,1,4,Read Input Registers,1537,23296,36612,0.03
2026-09-13 06:06:55.188,1,4,Read Input Registers,86,3,6992,0.449
2026-09-13 06:06:55.218,1,4,Read Input Registers,1538,20992,48600,0.03
2026-09-13 06:06:58.689,1,4,Read Input Registers,86,3,6992,0.45
2026-09-13 06:06:58.718,1,4,Read Input Registers,1538,36864,27809,0.029
2026-09-13 06:07:02.189,1,4,Read Input Registers,86,3,6992,0.449
2026-09-13 06:07:02.218,1,4,Read Input Registers,1538,256,45404,0.029
2026-09-13 06:07:05.689,1,4,Read Input Registers,86,3,6992,0.449
2026-09-13 06:07:05.718,1,4,Read Input Registers,1536,35584,36036,0.029
2026-09-13 06:07:09.189,1,4,Read Input Registers,86,3,6992,0.449
2026-09-13 06:07:09.218,1,4,Read Input Registers,1536,38144,36460,0.029
2026-09-13 06:07:12.689,1,4,Read Input Registers,86,3,6992,0.449
2026-09-13 06:07:12.718,1,4,Read Input Registers,1537,50944,37844,0.029
2026-09-13 06:07:17.276,1,4,Read Input Registers,86,3,6992,0.449
2026-09-13 06:07:17.305,1,4,Read Input Registers,1538,20992,48600,0.029
2026-09-13 06:07:20.776,1,4,Read Input Registers,86,3,6992,0.449
2026-09-13 06:07:20.805,1,4,Read Input Registers,1538,16896,32281,0.029
2026-09-13 06:07:24.276,1,4,Read Input Registers,86,3,6992,0.449
2026-09-13 06:07:24.306,1,4,Read Input Registers,1536,52736,17161,0.03
2026-09-13 06:07:27.776,1,4,Read Input Registers,86,3,6992,0.449
2026-09-13 06:07:27.806,1,4,Read Input Registers,1539,15104,25989,0.03
2026-09-13 06:07:31.276,1,4,Read Input Registers,86,3,6992,0.449
2026-09-13 06:07:31.306,1,4,Read Input Registers,1536,39168,36732,0.03
2026-09-13 06:07:34.802,1,4,Read Input Registers,86,3,6992,0.449
2026-09-13 06:07:34.832,1,4,Read Input Registers,1537,65024,38472,0.03
2026-09-13 06:07:38.303,1,4,Read Input Registers,86,3,6992,0.45
2026-09-13 06:07:38.332,1,4,Read Input Registers,1536,34816,35968,0.029
2026-09-13 06:07:41.803,1,4,Read Input Registers,86,3,6992,0.45
2026-09-13 06:07:41.832,1,4,Read Input Registers,1536,46080,35280,0.029
2026-09-13 06:07:45.303,1,4,Read Input Registers,86,3,6992,0.449
2026-09-13 06:07:45.332,1,4,Read Input Registers,1539,16640,44892,0.029
2026-09-13 06:07:48.803,1,4,Read Input Registers,86,3,6992,0.449
2026-09-13 06:07:48.832,1,4,Read Input Registers,1537,61440,22305,0.029
2026-09-13 06:07:52.303,1,4,Read Input Registers,86,3,6992,0.449
2026-09-13 06:07:52.332,1,4,Read Input Registers,1536,40704,36852,0.029
2026-09-13 06:07:55.809,1,4,Read Input Registers,86,3,6992,0.45
2026-09-13 06:07:55.838,1,4,Read Input Registers,1536,40960,35552,0.029
2026-09-13 06:07:59.309,1,4,Read Input Registers,86,3,6992,0.449
2026-09-13 06:07:59.338,1,4,Read Input Registers,1538,9472,46636,0.029
2026-09-13 06:08:02.809,1,4,Read Input Registers,86,3,6992,0.449
2026-09-13 06:08:02.839,1,4,Read Input Registers,1538,1024,45456,0.03
2026-09-13 06:08:06.309,1,4,Read Input Registers,86,3,6992,0.449
2026-09-13 06:08:06.339,1,4,Read Input Registers,1537,30208,35240,0.03
2026-09-13 06:08:09.809,1,4,Read Input Registers,86,3,6992,0.449
2026-09-13 06:08:09.839,1,4,Read Input Registers,1536,44288,19405,0.03
2026-09-13 06:08:13.309,1,4,Read Input Registers,86,3,6992,0.449
2026-09-13 06:08:13.339,1,4,Read Input Registers,1538,43520,27001,0.03
2026-09-13 06:08:16.810,1,4,Read Input Registers,86,3,6992,0.45
2026-09-13 06:08:16.839,1,4,Read Input Registers,1537,31232,35000,0.029
2026-09-13 06:08:20.310,1,4,Read Input Registers,86,3,6992,0.45
2026-09-13 06:08:20.339,1,4,Read Input Registers,1537,53504,20637,0.029
2026-09-13 06:08:23.810,1,4,Read Input Registers,86,3,6992,0.449
2026-09-13 06:08:23.839,1,4,Read Input Registers,1537,16384,36192,0.029
2026-09-13 06:08:27.310,1,4,Read Input Registers,86,3,6992,0.449
2026-09-13 06:08:27.339,1,4,Read Input Registers,1538,2560,28921,0.029
2026-09-13 06:08:30.810,1,4,Read Input Registers,86,3,6992,0.449
2026-09-13 06:08:30.839,1,4,Read Input Registers,1537,8704,17817,0.029
2026-09-13 06:08:34.310,1,4,Read Input Registers,86,3,6992,0.449
2026-09-13 06:08:34.339,1,4,Read Input Registers,1537,26624,35584,0.029
2026-09-13 06:08:37.810,1,4,Read Input Registers,86,3,6992,0.449
2026-09-13 06:08:37.840,1,4,Read Input Registers,1536,40960,35552,0.03
2026-09-13 06:08:41.310,1,4,Read Input Registers,86,3,6992,0.449
2026-09-13 06:08:41.340,1,4,Read Input Registers,1538,1280,29101,0.03
2026-09-13 06:08:44.824,1,4,Read Input Registers,86,3,6992,0.026
2026-09-13 06:08:44.854,1,4,Read Input Registers,1537,30464,18837,0.03
2026-09-13 06:08:48.324,1,4,Read Input Registers,86,3,6992,0.449
2026-09-13 06:08:48.354,1,4,Read Input Registers,1539,26112,43112,0.03
2026-09-13 06:08:51.824,1,4,Read Input Registers,86,3,6992,0.449
2026-09-13 06:08:51.854,1,4,Read Input Registers,1538,29440,47716,0.03
2026-09-13 06:08:55.325,1,4,Read Input Registers,86,3,6992,0.45
2026-09-13 06:08:55.354,1,4,Read Input Registers,1538,36608,44596,0.029
2026-09-13 06:08:58.825,1,4,Read Input Registers,86,3,6992,0.45
2026-09-13 06:08:58.854,1,4,Read Input Registers,1538,19968,32521,0.029
2026-09-13 06:09:02.325,1,4,Read Input Registers,86,3,6992,0.449
2026-09-13 06:09:02.354,1,4,Read Input Registers,1537,41216,39900,0.029
2026-09-13 06:09:05.825,1,4,Read Input Registers,86,3,6992,0.449
2026-09-13 06:09:05.854,1,4,Read Input Registers,1539,256,24669,0.029
2026-09-13 06:09:09.330,1,4,Read Input Registers,86,3,6992,0.449
2026-09-13 06:09:09.359,1,4,Read Input Registers,1537,45824,39012,0.029
2026-09-13 06:09:12.830,1,4,Read Input Registers,86,3,6992,0.449
2026-09-13 06:09:12.859,1,4,Read Input Registers,1537,23552,20401,0.029
2026-09-13 06:09:16.330,1,4,Read Input Registers,86,3,6992,0.449
2026-09-13 06:09:16.359,1,4,Read Input Registers,1537,6656,32824,0.029
2026-09-13 06:09:19.830,1,4,Read Input Registers,86,3,6992,0.449
2026-09-13 06:09:19.859,1,4,Read Input Registers,1537,1792,33492,0.029
2026-09-13 06:09:23.330,1,4,Read Input Registers,86,3,6992,0.449
2026-09-13 06:09:23.360,1,4,Read Input Registers,1537,63744,22269,0.03
2026-09-13 06:09:26.830,1,4,Read Input Registers,86,3,6992,0.449
2026-09-13 06:09:26.860,1,4,Read Input Registers,1536,37632,36580,0.03
2026-09-13 06:09:30.330,1,4,Read Input Registers,86,3,6992,0.449
2026-09-13 06:09:30.360,1,4,Read Input Registers,1539,16896,44824,0.03
2026-09-13 06:09:33.830,1,4,Read Input Registers,86,3,6992,0.449
2026-09-13 06:09:33.860,1,4,Read Input Registers,1537,18944,36088,0.03
2026-09-13 06:09:37.331,1,4,Read Input Registers,86,3,6992,0.45
2026-09-13 06:09:37.360,1,4,Read Input Registers,1538,45568,27481,0.029
2026-09-13 06:09:40.831,1,4,Read Input Registers,86,3,6992,0.449
2026-09-13 06:09:40.860,1,4,Read Input Registers,1536,65024,18249,0.029
2026-09-13 06:09:44.331,1,4,Read Input Registers,86,3,6992,0.449
2026-09-13 06:09:44.360,1,4,Read Input Registers,1537,43008,39424,0.029
2026-09-13 06:09:47.831,1,4,Read Input Registers,86,3,6992,0.449
2026-09-13 06:09:47.860,1,4,Read Input Registers,1539,32768,32353,0.029
2026-09-13 06:09:51.331,1,4,Read Input Registers,86,3,6992,0.449
2026-09-13 06:09:51.360,1,4,Read Input Registers,1538,55808,41528,0.029
2026-09-13 06:09:54.831,1,4,Read Input Registers,86,3,6992,0.449
2026-09-13 06:09:54.860,1,4,Read Input Registers,1538,57088,41716,0.029
2026-09-13 06:09:58.331,1,4,Read Input Registers,86,3,6992,0.449
2026-09-13 06:09:58.360,1,4,Read Input Registers,1538,26112,31081,0.029
2026-09-13 06:10:01.831,1,4,Read Input Registers,86,3,6992,0.449
2026-09-13 06:10:01.861,1,4,Read Input Registers,1538,4864,45796,0.03
2026-09-13 06:10:05.331,1,4,Read Input Registers,86,3,6992,0.449
2026-09-13 06:10:05.361,1,4,Read Input Registers,1538,45824,43876,0.03
2026-09-13 06:10:08.831,1,4,Read Input Registers,86,3,6992,0.449
2026-09-13 06:10:08.861,1,4,Read Input Registers,1536,57600,34268,0.03
2026-09-13 06:10:12.331,1,4,Read Input Registers,86,3,6992,0.45
2026-09-13 06:10:12.361,1,4,Read Input Registers,1538,512,45336,0.03
2026-09-13 06:10:15.832,1,4,Read Input Registers,86,3,6992,0.45
2026-09-13 06:10:15.861,1,4,Read Input Registers,1536,38656,19989,0.029
2026-09-13 06:10:19.332,1,4,Read Input Registers,86,3,6992,0.45
2026-09-13 06:10:19.361,1,4,Read Input Registers,1539,11776,42632,0.029
2026-09-13 06:10:22.832,1,4,Read Input Registers,86,3,6992,0.449
2026-09-13 06:10:22.861,1,4,Read Input Registers,1537,51200,37504,0.029
2026-09-13 06:10:26.332,1,4,Read Input Registers,86,3,6992,0.449
2026-09-13 06:10:26.361,1,4,Read Input Registers,1537,44544,39560,0.029
2026-09-13 06:10:29.832,1,4,Read Input Registers,86,3,6992,0.449
2026-09-13 06:10:29.861,1,4,Read Input Registers,1539,22272,27669,0.029
2026-09-13 06:10:33.332,1,4,Read Input Registers,86,3,6992,0.449
2026-09-13 06:10:33.361,1,4,Read Input Registers,1536,32512,22901,0.029
2026-09-13 06:10:36.832,1,4,Read Input Registers,86,3,6992,0.449
2026-09-13 06:10:36.861,1,4,Read Input Registers,1537,46592,39080,0.029
2026-09-13 06:10:40.332,1,4,Read Input Registers,86,3,6992,0.449
2026-09-13 06:10:40.362,1,4,Read Input Registers,1539,16640,44892,0.03
2026-09-13 06:10:43.832,1,4,Read Input Registers,86,3,6992,0.449
2026-09-13 06:10:43.862,1,4,Read Input Registers,1537,28416,19381,0.03
2026-09-13 06:10:47.332,1,4,Read Input Registers,86,3,6992,0.449
2026-09-13 06:10:47.362,1,4,Read Input Registers,1538,2304,28861,0.03
2026-09-13 06:10:50.832,1,4,Read Input Registers,86,3,6992,0.449
2026-09-13 06:10:50.862,1,4,Read Input Registers,1538,6656,45880,0.03
2026-09-13 06:10:54.332,1,4,Read Input Registers,86,3,6992,0.449
2026-09-13 06:10:54.362,1,4,Read Input Registers,1536,41216,19165,0.03
2026-09-13 06:10:57.833,1,4,Read Input Registers,86,3,6992,0.45
2026-09-13 06:10:57.862,1,4,Read Input Registers,1539,26368,26709,0.029
2026-09-13 06:11:01.333,1,4,Read Input Registers,86,3,6992,0.45
2026-09-13 06:11:01.362,1,4,Read Input Registers,1537,17152,36132,0.029
2026-09-13 06:11:04.833,1,4,Read Input Registers,86,3,6992,0.449
2026-09-13 06:11:04.862,1,4,Read Input Registers,1539,2816,25029,0.029
2026-09-13 06:11:08.333,1,4,Read Input Registers,86,3,6992,0.449
2026-09-13 06:11:08.362,1,4,Read Input Registers,1537,47360,39420,0.029
2026-09-13 06:11:11.833,1,4,Read Input Registers,86,3,6992,0.449
2026-09-13 06:11:11.862,1,4,Read Input Registers,1538,39936,28081,0.029
2026-09-13 06:11:15.333,1,4,Read Input Registers,86,3,6992,0.449
2026-09-13 06:11:15.362,1,4,Read Input Registers,1538,33280,28441,0.029
2026-09-13 06:11:18.833,1,4,Read Input Registers,86,3,6992,0.362
2026-09-13 06:11:18.862,1,4,Read Input Registers,1536,33792,36240,0.029
2026-09-13 06:11:22.333,1,4,Read Input Registers,86,3,6992,0.449
2026-09-13 06:11:22.362,1,4,Read Input Registers,1538,21504,48464,0.029
2026-09-13 06:11:25.833,1,4,Read Input Registers,86,3,6992,0.449
2026-09-13 06:11:25.863,1,4,Read Input Registers,1536,63488,18369,0.03
2026-09-13 06:11:29.333,1,4,Read Input Registers,86,3,6992,0.449
2026-09-13 06:11:29.363,1,4,Read Input Registers,1538,49920,24613,0.03
2026-09-13 06:11:33.091,1,4,Read Input Registers,86,3,6992,0.449
2026-09-13 06:11:33.121,1,4,Read Input Registers,1537,17664,36268,0.03
2026-09-13 06:11:36.591,1,4,Read Input Registers,86,3,6992,0.449
2026-09-13 06:11:36.621,1,4,Read Input Registers,1539,10496,26173,0.03
2026-09-13 06:11:40.092,1,4,Read Input Registers,86,3,6992,0.45
2026-09-13 06:11:40.121,1,4,Read Input Registers,1537,35072,40380,0.029
2026-09-13 06:11:43.592,1,4,Read Input Registers,86,3,6992,0.45
2026-09-13 06:11:43.621,1,4,Read Input Registers,1538,35840,44656,0.029
2026-09-13 06:11:47.092,1,4,Read Input Registers,86,3,6992,0.45
2026-09-13 06:11:47.121,1,4,Read Input Registers,1539,6656,25145,0.029
2026-09-13 06:11:50.592,1,4,Read Input Registers,86,3,6992,0.449
2026-09-13 06:11:50.621,1,4,Read Input Registers,1537,45056,38944,0.029
2026-09-13 06:11:54.092,1,4,Read Input Registers,86,3,6992,0.449
2026-09-13 06:11:54.121,1,4,Read Input Registers,1537,27392,35652,0.029
2026-09-13 06:11:57.592,1,4,Read Input Registers,86,3,6992,0.449
2026-09-13 06:11:57.621,1,4,Read Input Registers,1537,48896,39284,0.029
2026-09-13 06:12:01.092,1,4,Read Input Registers,86,3,6992,0.449
2026-09-13 06:12:01.121,1,4,Read Input Registers,1537,46080,22737,0.029
2026-09-13 06:12:04.592,1,4,Read Input Registers,86,3,6992,0.449
2026-09-13 06:12:04.622,1,4,Read Input Registers,1537,48640,22857,0.03
2026-09-13 06:12:08.092,1,4,Read Input Registers,86,3,6992,0.449
2026-09-13 06:12:08.122,1,4,Read Input Registers,1537,65280,22133,0.03
2026-09-13 06:12:11.592,1,4,Read Input Registers,86,3,6992,0.449
2026-09-13 06:12:11.622,1,4,Read Input Registers,1538,11264,47088,0.03
2026-09-13 06:12:15.092,1,4,Read Input Registers,86,3,6992,0.449
2026-09-13 06:12:15.122,1,4,Read Input Registers,1537,59648,38204,0.03
2026-09-13 06:12:18.592,1,4,Read Input Registers,86,3,6992,0.449
2026-09-13 06:12:18.622,1,4,Read Input Registers,1538,48640,27209,0.03
2026-09-13 06:12:22.093,1,4,Read Input Registers,86,3,6992,0.45
2026-09-13 06:12:22.122,1,4,Read Input Registers,1538,768,28965,0.029
2026-09-13 06:12:25.593,1,4,Read Input Registers,86,3,6992,0.449
2026-09-13 06:12:25.622,1,4,Read Input Registers,1536,47872,34948,0.029
2026-09-13 06:12:29.093,1,4,Read Input Registers,86,3,6992,0.449
2026-09-13 06:12:29.122,1,4,Read Input Registers,1537,28672,35104,0.029
2026-09-13 06:12:32.593,1,4,Read Input Registers,86,3,6992,0.449
2026-09-13 06:12:32.622,1,4,Read Input Registers,1537,29440,35172,0.029
2026-09-13 06:12:36.093,1,4,Read Input Registers,86,3,6992,0.449
2026-09-13 06:12:36.122,1,4,Read Input Registers,1537,5632,33064,0.029
2026-09-13 06:12:39.593,1,4,Read Input Registers,86,3,6992,0.449
2026-09-13 06:12:39.622,1,4,Read Input Registers,1538,37376,44248,0.029
2026-09-13 06:12:43.093,1,4,Read Input Registers,86,3,6992,0.449
2026-09-13 06:12:43.122,1,4,Read Input Registers,1538,46080,27601,0.029
2026-09-13 06:12:46.593,1,4,Read Input Registers,86,3,6992,0.45
2026-09-13 06:12:46.622,1,4,Read Input Registers,1537,17408,19857,0.029
2026-09-13 06:12:50.093,1,4,Read Input Registers,86,3,6992,0.449
2026-09-13 06:12:50.123,1,4,Read Input Registers,1536,34048,19885,0.03
2026-09-13 06:12:53.593,1,4,Read Input Registers,86,3,6992,0.449
2026-09-13 06:12:53.623,1,4,Read Input Registers,1539,38912,31809,0.03
2026-09-13 06:12:57.093,1,4,Read Input Registers,86,3,6992,0.449
2026-09-13 06:12:57.123,1,4,Read Input Registers,1539,5376,25453,0.03
2026-09-13 06:13:00.593,1,4,Read Input Registers,86,3,6992,0.449
2026-09-13 06:13:00.623,1,4,Read Input Registers,1538,61440,25633,0.03
2026-09-13 06:13:04.094,1,4,Read Input Registers,86,3,6992,0.45
2026-09-13 06:13:04.123,1,4,Read Input Registers,1539,36352,48904,0.029
2026-09-13 06:13:07.594,1,4,Read Input Registers,86,3,6992,0.449
2026-09-13 06:13:07.623,1,4,Read Input Registers,1538,28160,47240,0.029
2026-09-13 06:13:11.094,1,4,Read Input Registers,86,3,6992,0.449
2026-09-13 06:13:11.123,1,4,Read Input Registers,1538,46080,27601,0.029
2026-09-13 06:13:14.594,1,4,Read Input Registers,86,3,6992,0.449
2026-09-13 06:13:14.623,1,4,Read Input Registers,1536,39936,36784,0.029
2026-09-13 06:13:18.094,1,4,Read Input Registers,86,3,6992,0.449
2026-09-13 06:13:18.123,1,4,Read Input Registers,1536,43776,19269,0.029
2026-09-13 06:13:21.594,1,4,Read Input Registers,86,3,6992,0.449
2026-09-13 06:13:21.623,1,4,Read Input Registers,1538,59904,42616,0.029
2026-09-13 06:13:25.094,1,4,Read Input Registers,86,3,6992,0.449
2026-09-13 06:13:25.123,1,4,Read Input Registers,1537,43264,23101,0.029
2026-09-13 06:13:28.594,1,4,Read Input Registers,86,3,6992,0.449
2026-09-13 06:13:28.623,1,4,Read Input Registers,1537,36864,24481,0.029
2026-09-13 06:13:32.094,1,4,Read Input Registers,86,3,6992,0.449
2026-09-13 06:13:32.124,1,4,Read Input Registers,1537,768,16933,0.03
2026-09-13 06:13:35.594,1,4,Read Input Registers,86,3,6992,0.449
2026-09-13 06:13:35.624,1,4,Read Input Registers,1538,12800,46424,0.03
2026-09-13 06:13:39.094,1,4,Read Input Registers,86,3,6992,0.449
2026-09-13 06:13:39.124,1,4,Read Input Registers,1536,53248,16801,0.03
2026-09-13 06:13:42.594,1,4,Read Input Registers,86,3,6992,0.449
2026-09-13 06:13:42.624,1,4,Read Input Registers,1537,64256,38532,0.03
2026-09-13 06:13:46.095,1,4,Read Input Registers,86,3,6992,0.45
2026-09-13 06:13:46.124,1,4,Read Input Registers,1536,65024,18249,0.029
2026-09-13 06:13:49.595,1,4,Read Input Registers,86,3,6992,0.45
2026-09-13 06:13:49.624,1,4,Read Input Registers,1537,17152,36132,0.029
2026-09-13 06:13:53.095,1,4,Read Input Registers,86,3,6992,0.449
2026-09-13 06:13:53.124,1,4,Read Input Registers,1538,32512,47988,0.029
2026-09-13 06:13:56.595,1,4,Read Input Registers,86,3,6992,0.449
2026-09-13 06:13:56.624,1,4,Read Input Registers,1536,55552,16509,0.029
2026-09-13 06:14:00.095,1,4,Read Input Registers,86,3,6992,0.449
2026-09-13 06:14:00.124,1,4,Read Input Registers,1537,6656,32824,0.029
2026-09-13 06:14:03.595,1,4,Read Input Registers,86,3,6992,0.449
2026-09-13 06:14:03.624,1,4,Read Input Registers,1538,45824,43876,0.029
2026-09-13 06:14:07.095,1,4,Read Input Registers,86,3,6992,0.449
2026-09-13 06:14:07.124,1,4,Read Input Registers,1537,65024,38472,0.029
2026-09-13 06:14:10.595,1,4,Read Input Registers,86,3,6992,0.45
2026-09-13 06:14:10.624,1,4,Read Input Registers,1537,35584,24005,0.029
2026-09-13 06:14:14.095,1,4,Read Input Registers,86,3,6992,0.449
2026-09-13 06:14:14.125,1,4,Read Input Registers,1538,23040,31801,0.03
2026-09-13 06:14:17.595,1,4,Read Input Registers,86,3,6992,0.449
2026-09-13 06:14:17.625,1,4,Read Input Registers,1537,58880,37992,0.03
2026-09-13 06:14:21.095,1,4,Read Input Registers,86,3,6992,0.449
2026-09-13 06:14:21.125,1,4,Read Input Registers,1537,63488,38592,0.03
2026-09-13 06:14:24.595,1,4,Read Input Registers,86,3,6992,0.449
2026-09-13 06:14:24.625,1,4,Read Input Registers,1537,54784,36904,0.03
2026-09-13 06:14:28.096,1,4,Read Input Registers,86,3,6992,0.45
2026-09-13 06:14:28.125,1,4,Read Input Registers,1537,51200,37504,0.029
2026-09-13 06:14:31.596,1,4,Read Input Registers,86,3,6992,0.45
2026-09-13 06:14:31.625,1,4,Read Input Registers,1537,8704,17817,0.029
2026-09-13 06:14:35.096,1,4,Read Input Registers,86,3,6992,0.449
2026-09-13 06:14:35.125,1,4,Read Input Registers,1537,53248,37024,0.029
2026-09-13 06:14:38.596,1,4,Read Input Registers,86,3,6992,0.449
2026-09-13 06:14:38.625,1,4,Read Input Registers,1537,6144,16449,0.029
2026-09-13 06:14:42.096,1,4,Read Input Registers,86,3,6992,0.449
2026-09-13 06:14:42.125,1,4,Read Input Registers,1539,13568,42220,0.029
2026-09-13 06:14:45.596,1,4,Read Input Registers,86,3,6992,0.449
2026-09-13 06:14:45.625,1,4,Read Input Registers,1536,25600,23313,0.029
2026-09-13 06:14:49.096,1,4,Read Input Registers,86,3,6992,0.45
2026-09-13 06:14:49.125,1,4,Read Input Registers,1539,41728,47524,0.029
2026-09-13 06:14:52.596,1,4,Read Input Registers,86,3,6992,0.449
2026-09-13 06:14:52.626,1,4,Read Input Registers,1539,18944,28409,0.03
2026-09-13 06:14:56.096,1,4,Read Input Registers,86,3,6992,0.449
2026-09-13 06:14:56.126,1,4,Read Input Registers,1537,59648,38204,0.03
2026-09-13 06:14:59.596,1,4,Read Input Registers,86,3,6992,0.449
2026-09-13 06:14:59.626,1,4,Read Input Registers,1537,26624,35584,0.03
2026-09-13 06:15:03.096,1,4,Read Input Registers,86,3,6992,0.449
2026-09-13 06:15:03.126,1,4,Read Input Registers,1538,0,29025,0.03
2026-09-13 06:15:06.596,1,4,Read Input Registers,86,3,6992,0.449
2026-09-13 06:15:06.626,1,4,Read Input Registers,1537,2048,33664,0.03
2026-09-13 06:15:10.097,1,4,Read Input Registers,86,3,6992,0.45
2026-09-13 06:15:10.126,1,4,Read Input Registers,1537,12800,34392,0.029
2026-09-13 06:15:13.597,1,4,Read Input Registers,86,3,6992,0.45
2026-09-13 06:15:13.626,1,4,Read Input Registers,1537,22016,20009,0.029
2026-09-13 06:15:17.097,1,4,Read Input Registers,86,3,6992,0.45
2026-09-13 06:15:17.126,1,4,Read Input Registers,1536,34304,19945,0.029
2026-09-13 06:15:20.597,1,4,Read Input Registers,86,3,6992,0.449
2026-09-13 06:15:20.626,1,4,Read Input Registers,1538,5376,45676,0.029
2026-09-13 06:15:24.097,1,4,Read Input Registers,86,3,6992,0.449
2026-09-13 06:15:24.126,1,4,Read Input Registers,1538,3328,45132,0.029
2026-09-13 06:15:27.597,1,4,Read Input Registers,86,3,6992,0.449
2026-09-13 06:15:27.626,1,4,Read Input Registers,1537,57088,37364,0.029
2026-09-13 06:15:31.097,1,4,Read Input Registers,86,3,6992,0.449
2026-09-13 06:15:31.126,1,4,Read Input Registers,1536,32256,39240,0.029
2026-09-13 06:15:34.597,1,4,Read Input Registers,86,3,6992,0.449
2026-09-13 06:15:34.626,1,4,Read Input Registers,1539,28928,43804,0.029
2026-09-13 06:15:38.097,1,4,Read Input Registers,86,3,6992,0.449
2026-09-13 06:15:38.127,1,4,Read Input Registers,1539,19200,44740,0.03
2026-09-13 06:15:41.597,1,4,Read Input Registers,86,3,6992,0.449
2026-09-13 06:15:41.627,1,4,Read Input Registers,1537,48640,22857,0.03
2026-09-13 06:15:45.097,1,4,Read Input Registers,86,3,6992,0.449
2026-09-13 06:15:45.127,1,4,Read Input Registers,1537,64000,22201,0.03
2026-09-13 06:15:48.790,1,4,Read Input Registers,86,3,6992,0.449
2026-09-13 06:15:48.820,1,4,Read Input Registers,1538,3584,45064,0.03
2026-09-13 06:15:52.291,1,4,Read Input Registers,86,3,6992,0.45
2026-09-13 06:15:52.320,1,4,Read Input Registers,1536,52480,17229,0.029
2026-09-13 06:15:55.791,1,4,Read Input Registers,86,3,6992,0.45
2026-09-13 06:15:55.820,1,4,Read Input Registers,1538,4864,45796,0.029
2026-09-13 06:15:59.291,1,4,Read Input Registers,86,3,6992,0.45
2026-09-13 06:15:59.320,1,4,Read Input Registers,1538,37632,27877,0.029
2026-09-13 06:16:02.791,1,4,Read Input Registers,86,3,6992,0.449
2026-09-13 06:16:02.820,1,4,Read Input Registers,1537,55808,37176,0.029
2026-09-13 06:16:06.291,1,4,Read Input Registers,86,3,6992,0.449
2026-09-13 06:16:06.320,1,4,Read Input Registers,1537,50432,21421,0.029
2026-09-13 06:16:09.791,1,4,Read Input Registers,86,3,6992,0.449
2026-09-13 06:16:09.820,1,4,Read Input Registers,1539,40192,31885,0.029
2026-09-13 06:16:13.291,1,4,Read Input Registers,86,3,6992,0.449
2026-09-13 06:16:13.320,1,4,Read Input Registers,1536,38656,19989,0.029
2026-09-13 06:16:16.791,1,4,Read Input Registers,86,3,6992,0.449
2026-09-13 06:16:16.820,1,4,Read Input Registers,1538,50432,24749,0.029
2026-09-13 06:16:20.291,1,4,Read Input Registers,86,3,6992,0.449
2026-09-13 06:16:20.321,1,4,Read Input Registers,1536,43264,35644,0.03
2026-09-13 06:16:23.791,1,4,Read Input Registers,86,3,6992,0.449
2026-09-13 06:16:23.821,1,4,Read Input Registers,1538,26880,30781,0.03
2026-09-13 06:16:27.291,1,4,Read Input Registers,86,3,6992,0.449
2026-09-13 06:16:27.321,1,4,Read Input Registers,1537,55808,37176,0.03
2026-09-13 06:16:30.791,1,4,Read Input Registers,86,3,6992,0.449
2026-09-13 06:16:30.821,1,4,Read Input Registers,1537,35328,40440,0.03
2026-09-13 06:16:34.291,1,4,Read Input Registers,86,3,6992,0.448
2026-09-13 06:16:34.321,1,4,Read Input Registers,1538,10240,30465,0.03
2026-09-13 06:16:37.792,1,4,Read Input Registers,86,3,6992,0.45
2026-09-13 06:16:37.821,1,4,Read Input Registers,1537,37376,40920,0.029
2026-09-13 06:16:41.292,1,4,Read Input Registers,86,3,6992,0.449
2026-09-13 06:16:41.321,1,4,Read Input Registers,1536,44544,19337,0.029
2026-09-13 06:16:44.792,1,4,Read Input Registers,86,3,6992,0.449
2026-09-13 06:16:44.821,1,4,Read Input Registers,1537,21248,20197,0.029
2026-09-13 06:16:48.292,1,4,Read Input Registers,86,3,6992,0.449
2026-09-13 06:16:48.321,1,4,Read Input Registers,1538,14848,29881,0.029
2026-09-13 06:16:51.792,1,4,Read Input Registers,86,3,6992,0.449
2026-09-13 06:16:51.821,1,4,Read Input Registers,1536,58624,17709,0.029
2026-09-13 06:16:55.292,1,4,Read Input Registers,86,3,6992,0.449
2026-09-13 06:16:55.321,1,4,Read Input Registers,1538,65280,25973,0.029
2026-09-13 06:16:58.792,1,4,Read Input Registers,86,3,6992,0.449
2026-09-13 06:16:58.821,1,4,Read Input Registers,1538,41216,43228,0.029
2026-09-13 06:17:02.292,1,4,Read Input Registers,86,3,6992,0.449
2026-09-13 06:17:02.322,1,4,Read Input Registers,1537,20992,36568,0.03
2026-09-13 06:17:05.792,1,4,Read Input Registers,86,3,6992,0.449
2026-09-13 06:17:05.822,1,4,Read Input Registers,1536,62464,18129,0.03
2026-09-13 06:17:09.292,1,4,Read Input Registers,86,3,6992,0.449
2026-09-13 06:17:09.322,1,4,Read Input Registers,1536,31232,22969,0.03
2026-09-13 06:17:12.792,1,4,Read Input Registers,86,3,6992,0.449
2026-09-13 06:17:12.822,1,4,Read Input Registers,1538,60160,26181,0.03
2026-09-13 06:17:16.292,1,4,Read Input Registers,86,3,6992,0.449
2026-09-13 06:17:16.322,1,4,Read Input Registers,1536,40192,20365,0.03
2026-09-13 06:17:19.793,1,4,Read Input Registers,86,3,6992,0.45
2026-09-13 06:17:19.822,1,4,Read Input Registers,1539,7680,41672,0.029
2026-09-13 06:17:23.293,1,4,Read Input Registers,86,3,6992,0.45
2026-09-13 06:17:23.322,1,4,Read Input Registers,1536,43264,35644,0.029
2026-09-13 06:17:26.793,1,4,Read Input Registers,86,3,6992,0.449
2026-09-13 06:17:26.822,1,4,Read Input Registers,1539,15360,42288,0.029
2026-09-13 06:17:30.293,1,4,Read Input Registers,86,3,6992,0.449
2026-09-13 06:17:30.322,1,4,Read Input Registers,1537,20224,35892,0.029
2026-09-13 06:17:33.793,1,4,Read Input Registers,86,3,6992,0.449
2026-09-13 06:17:33.822,1,4,Read Input Registers,1536,60672,33996,0.029
2026-09-13 06:17:37.293,1,4,Read Input Registers,86,3,6992,0.449
2026-09-13 06:17:37.322,1,4,Read Input Registers,1538,48640,27209,0.029
2026-09-13 06:17:40.835,1,4,Read Input Registers,86,3,6992,0.449
2026-09-13 06:17:40.864,1,4,Read Input Registers,1539,31488,43652,0.029
2026-09-13 06:17:44.335,1,4,Read Input Registers,86,3,6992,0.449
2026-09-13 06:17:44.364,1,4,Read Input Registers,1538,58368,26385,0.029
2026-09-13 06:17:47.835,1,4,Read Input Registers,86,3,6992,0.449
2026-09-13 06:17:47.865,1,4,Read Input Registers,1537,26624,35584,0.03
2026-09-13 06:17:51.335,1,4,Read Input Registers,86,3,6992,0.449
2026-09-13 06:17:51.365,1,4,Read Input Registers,1538,14592,29949,0.03
2026-09-13 06:17:54.835,1,4,Read Input Registers,86,3,6992,0.449
2026-09-13 06:17:54.865,1,4,Read Input Registers,1537,12032,33972,0.03
2026-09-13 06:17:58.335,1,4,Read Input Registers,86,3,6992,0.449
2026-09-13 06:17:58.365,1,4,Read Input Registers,1536,29696,39120,0.03
2026-09-13 06:18:01.835,1,4,Read Input Registers,86,3,6992,0.449
2026-09-13 06:18:01.865,1,4,Read Input Registers,1538,38400,27689,0.03
2026-09-13 06:18:05.336,1,4,Read Input Registers,86,3,6992,0.45
2026-09-13 06:18:05.365,1,4,Read Input Registers,1539,24832,26845,0.029
2026-09-13 06:18:08.836,1,4,Read Input Registers,86,3,6992,0.449
2026-09-13 06:18:08.865,1,4,Read Input Registers,1536,32768,19809,0.029
2026-09-13 06:18:12.336,1,4,Read Input Registers,86,3,6992,0.449
2026-09-13 06:18:12.365,1,4,Read Input Registers,1537,7936,33012,0.029
2026-09-13 06:18:15.836,1,4,Read Input Registers,86,3,6992,0.449
2026-09-13 06:18:15.865,1,4,Read Input Registers,1539,30720,43712,0.029
2026-09-13 06:18:19.336,1,4,Read Input Registers,86,3,6992,0.449
2026-09-13 06:18:19.365,1,4,Read Input Registers,1537,30464,18837,0.029
2026-09-13 06:18:22.836,1,4,Read Input Registers,86,3,6992,0.449
2026-09-13 06:18:22.865,1,4,Read Input Registers,1536,40192,20365,0.029
2026-09-13 06:18:26.336,1,4,Read Input Registers,86,3,6992,0.449
2026-09-13 06:18:26.365,1,4,Read Input Registers,1538,62208,25701,0.029
2026-09-13 06:18:29.836,1,4,Read Input Registers,86,3,6992,0.449
2026-09-13 06:18:29.865,1,4,Read Input Registers,1537,13056,18021,0.029
2026-09-13 06:18:33.336,1,4,Read Input Registers,86,3,6992,0.449
2026-09-13 06:18:33.366,1,4,Read Input Registers,1536,53248,16801,0.03
2026-09-13 06:18:36.836,1,4,Read Input Registers,86,3,6992,0.449
2026-09-13 06:18:36.866,1,4,Read Input Registers,1539,4864,25573,0.03
2026-09-13 06:18:40.336,1,4,Read Input Registers,86,3,6992,0.449
2026-09-13 06:18:40.366,1,4,Read Input Registers,1539,32256,43592,0.03
2026-09-13 06:18:43.836,1,4,Read Input Registers,86,3,6992,0.449
2026-09-13 06:18:43.866,1,4,Read Input Registers,1537,40960,23521,0.03
2026-09-13 06:18:47.337,1,4,Read Input Registers,86,3,6992,0.45
2026-09-13 06:18:47.366,1,4,Read Input Registers,1537,6400,32892,0.029
2026-09-13 06:18:50.837,1,4,Read Input Registers,86,3,6992,0.45
2026-09-13 06:18:50.866,1,4,Read Input Registers,1537,42240,23341,0.029
2026-09-13 06:18:54.337,1,4,Read Input Registers,86,3,6992,0.449
2026-09-13 06:18:54.366,1,4,Read Input Registers,1537,4352,16797,0.029
2026-09-13 06:18:57.837,1,4,Read Input Registers,86,3,6992,0.449
2026-09-13 06:18:57.866,1,4,Read Input Registers,1537,0,16993,0.029
2026-09-13 06:19:01.337,1,4,Read Input Registers,86,3,6992,0.449
2026-09-13 06:19:01.366,1,4,Read Input Registers,1539,23808,28045,0.029
2026-09-13 06:19:04.837,1,4,Read Input Registers,86,3,6992,0.449
2026-09-13 06:19:04.866,1,4,Read Input Registers,1538,10752,46968,0.029
2026-09-13 06:19:08.337,1,4,Read Input Registers,86,3,6992,0.449
2026-09-13 06:19:08.366,1,4,Read Input Registers,1537,3328,33612,0.029
2026-09-13 06:19:11.837,1,4,Read Input Registers,86,3,6992,0.449
2026-09-13 06:19:11.866,1,4,Read Input Registers,1539,29440,27493,0.029
2026-09-13 06:19:15.337,1,4,Read Input Registers,86,3,6992,0.449
2026-09-13 06:19:15.367,1,4,Read Input Registers,1538,14848,29881,0.03
2026-09-13 06:19:18.837,1,4,Read Input Registers,86,3,6992,0.449
2026-09-13 06:19:18.867,1,4,Read Input Registers,1538,49408,41052,0.03
2026-09-13 06:19:22.337,1,4,Read Input Registers,86,3,6992,0.449
2026-09-13 06:19:22.367,1,4,Read Input Registers,1539,9984,42836,0.03
2026-09-13 06:19:25.837,1,4,Read Input Registers,86,3,6992,0.449
2026-09-13 06:19:25.867,1,4,Read Input Registers,1538,18688,49084,0.03
2026-09-13 06:19:29.337,1,4,Read Input Registers,86,3,6992,0.449
2026-09-13 06:19:29.367,1,4,Read Input Registers,1537,20736,36508,0.03
2026-09-13 06:19:32.838,1,4,Read Input Registers,86,3,6992,0.45
2026-09-13 06:19:32.867,1,4,Read Input Registers,1538,4352,29341,0.029
2026-09-13 06:19:36.338,1,4,Read Input Registers,86,3,6992,0.449
2026-09-13 06:19:36.367,1,4,Read Input Registers,1538,55040,25365,0.029
2026-09-13 06:19:39.843,1,4,Read Input Registers,86,3,6992,0.449
2026-09-13 06:19:39.872,1,4,Read Input Registers,1539,37120,32157,0.029
2026-09-13 06:19:43.343,1,4,Read Input Registers,86,3,6992,0.449
2026-09-13 06:19:43.372,1,4,Read Input Registers,1538,17408,32401,0.029
2026-09-13 06:19:46.843,1,4,Read Input Registers,86,3,6992,0.449
2026-09-13 06:19:46.872,1,4,Read Input Registers,1538,7424,29581,0.029
2026-09-13 06:19:50.343,1,4,Read Input Registers,86,3,6992,0.449
2026-09-13 06:19:50.372,1,4,Read Input Registers,1536,47616,18617,0.029
2026-09-13 06:19:53.843,1,4,Read Input Registers,86,3,6992,0.449
2026-09-13 06:19:53.872,1,4,Read Input Registers,1538,37120,44188,0.029
2026-09-13 06:19:57.343,1,4,Read Input Registers,86,3,6992,0.449
2026-09-13 06:19:57.372,1,4,Read Input Registers,1538,58368,26385,0.029
2026-09-13 06:20:00.843,1,4,Read Input Registers,86,3,6992,0.449
2026-09-13 06:20:00.872,1,4,Read Input Registers,1536,52736,17161,0.029
2026-09-13 06:20:05.430,1,4,Read Input Registers,86,3,6992,0.448
2026-09-13 06:20:05.460,1,4,Read Input Registers,1536,34816,35968,0.03
2026-09-13 06:20:08.930,1,4,Read Input Registers,86,3,6992,0.449
2026-09-13 06:20:08.960,1,4,Read Input Registers,1536,64512,34608,0.03
2026-09-13 06:20:12.430,1,4,Read Input Registers,86,3,6992,0.449
2026-09-13 06:20:12.460,1,4,Read Input Registers,1538,24064,48328,0.03
2026-09-13 06:20:15.931,1,4,Read Input Registers,86,3,6992,0.45
2026-09-13 06:20:15.960,1,4,Read Input Registers,1538,56320,41648,0.029
2026-09-13 06:20:19.431,1,4,Read Input Registers,86,3,6992,0.449
2026-09-13 06:20:19.460,1,4,Read Input Registers,1538,39424,27961,0.029
2026-09-13 06:20:22.931,1,4,Read Input Registers,86,3,6992,0.449
2026-09-13 06:20:22.960,1,4,Read Input Registers,1537,768,16933,0.029
2026-09-13 06:20:26.431,1,4,Read Input Registers,86,3,6992,0.449
2026-09-13 06:20:26.460,1,4,Read Input Registers,1536,61440,34336,0.029
2026-09-13 06:20:29.931,1,4,Read Input Registers,86,3,6992,0.449
2026-09-13 06:20:29.960,1,4,Read Input Registers,1539,32512,27253,0.029
2026-09-13 06:20:33.431,1,4,Read Input Registers,86,3,6992,0.449
2026-09-13 06:20:33.460,1,4,Read Input Registers,1537,26880,19261,0.029
2026-09-13 06:20:36.931,1,4,Read Input Registers,86,3,6992,0.449
2026-09-13 06:20:36.960,1,4,Read Input Registers,1536,54528,16749,0.029
2026-09-13 06:20:40.431,1,4,Read Input Registers,86,3,6992,0.45
2026-09-13 06:20:40.460,1,4,Read Input Registers,1537,64000,22201,0.029
2026-09-13 06:20:43.931,1,4,Read Input Registers,86,3,6992,0.449
2026-09-13 06:20:43.960,1,4,Read Input Registers,1538,4608,29401,0.029
2026-09-13 06:20:47.431,1,4,Read Input Registers,86,3,6992,0.449
2026-09-13 06:20:47.461,1,4,Read Input Registers,1539,39424,48184,0.03
2026-09-13 06:20:50.931,1,4,Read Input Registers,86,3,6992,0.449
2026-09-13 06:20:50.961,1,4,Read Input Registers,1536,32768,19809,0.03
2026-09-13 06:20:54.431,1,4,Read Input Registers,86,3,6992,0.449
2026-09-13 06:20:54.461,1,4,Read Input Registers,1536,59648,17469,0.03
2026-09-13 06:20:57.931,1,4,Read Input Registers,86,3,6992,0.449
2026-09-13 06:20:57.961,1,4,Read Input Registers,1537,17408,19857,0.03
2026-09-13 06:21:01.432,1,4,Read Input Registers,86,3,6992,0.45
2026-09-13 06:21:01.461,1,4,Read Input Registers,1537,31744,34864,0.029
2026-09-13 06:21:04.932,1,4,Read Input Registers,86,3,6992,0.45
2026-09-13 06:21:04.961,1,4,Read Input Registers,1538,65280,25973,0.029
2026-09-13 06:21:08.432,1,4,Read Input Registers,86,3,6992,0.449
2026-09-13 06:21:08.461,1,4,Read Input Registers,1538,26368,47444,0.029
2026-09-13 06:21:11.932,1,4,Read Input Registers,86,3,6992,0.449
2026-09-13 06:21:11.961,1,4,Read Input Registers,1538,57856,26521,0.029
2026-09-13 06:21:15.432,1,4,Read Input Registers,86,3,6992,0.449
2026-09-13 06:21:15.461,1,4,Read Input Registers,1536,65280,34676,0.029
2026-09-13 06:21:18.932,1,4,Read Input Registers,86,3,6992,0.449
2026-09-13 06:21:18.961,1,4,Read Input Registers,1538,48640,27209,0.029
2026-09-13 06:21:22.432,1,4,Read Input Registers,86,3,6992,0.45
2026-09-13 06:21:22.462,1,4,Read Input Registers,1537,44800,23221,0.03
2026-09-13 06:21:25.932,1,4,Read Input Registers,86,3,6992,0.449
2026-09-13 06:21:25.962,1,4,Read Input Registers,1537,33792,23697,0.03
2026-09-13 06:21:29.432,1,4,Read Input Registers,86,3,6992,0.449
2026-09-13 06:21:29.462,1,4,Read Input Registers,1536,50176,17041,0.03
2026-09-13 06:21:32.932,1,4,Read Input Registers,86,3,6992,0.449
2026-09-13 06:21:32.962,1,4,Read Input Registers,1539,5888,41748,0.03
2026-09-13 06:21:36.432,1,4,Read Input Registers,86,3,6992,0.449
2026-09-13 06:21:36.462,1,4,Read Input Registers,1537,25088,35480,0.03
2026-09-13 06:21:39.932,1,4,Read Input Registers,86,3,6992,0.449
2026-09-13 06:21:39.962,1,4,Read Input Registers,1538,44288,43468,0.03
2026-09-13 06:21:43.433,1,4,Read Input Registers,86,3,6992,0.449
2026-09-13 06:21:43.462,1,4,Read Input Registers,1538,32256,31561,0.029
2026-09-13 06:21:46.933,1,4,Read Input Registers,86,3,6992,0.45
2026-09-13 06:21:46.962,1,4,Read Input Registers,1539,29952,27629,0.029
2026-09-13 06:21:50.433,1,4,Read Input Registers,86,3,6992,0.449
2026-09-13 06:21:50.462,1,4,Read Input Registers,1538,58112,42916,0.029
2026-09-13 06:21:53.933,1,4,Read Input Registers,86,3,6992,0.449
2026-09-13 06:21:53.962,1,4,Read Input Registers,1537,3584,33544,0.029
2026-09-13 06:21:57.433,1,4,Read Input Registers,86,3,6992,0.449
2026-09-13 06:21:57.462,1,4,Read Input Registers,1537,13056,18021,0.029
2026-09-13 06:22:00.933,1,4,Read Input Registers,86,3,6992,0.45
2026-09-13 06:22:00.962,1,4,Read Input Registers,1536,57600,34268,0.029
2026-09-13 06:22:04.433,1,4,Read Input Registers,86,3,6992,0.449
2026-09-13 06:22:04.462,1,4,Read Input Registers,1537,43264,23101,0.029
2026-09-13 06:22:07.933,1,4,Read Input Registers,86,3,6992,0.449
2026-09-13 06:22:07.962,1,4,Read Input Registers,1536,47872,34948,0.029
2026-09-13 06:22:11.433,1,4,Read Input Registers,86,3,6992,0.449
2026-09-13 06:22:11.463,1,4,Read Input Registers,1537,13312,34512,0.03
2026-09-13 06:22:14.933,1,4,Read Input Registers,86,3,6992,0.449
2026-09-13 06:22:14.963,1,4,Read Input Registers,1537,36096,23885,0.03
2026-09-13 06:22:18.433,1,4,Read Input Registers,86,3,6992,0.449
2026-09-13 06:22:18.463,1,4,Read Input Registers,1536,54784,16681,0.03
2026-09-13 06:22:21.933,1,4,Read Input Registers,86,3,6992,0.449
2026-09-13 06:22:21.963,1,4,Read Input Registers,1538,28416,30901,0.03
2026-09-13 06:22:25.433,1,4,Read Input Registers,86,3,6992,0.448
2026-09-13 06:22:25.463,1,4,Read Input Registers,1537,36096,23885,0.03
2026-09-13 06:22:28.934,1,4,Read Input Registers,86,3,6992,0.45
2026-09-13 06:22:28.963,1,4,Read Input Registers,1538,7168,46000,0.029
2026-09-13 06:22:32.434,1,4,Read Input Registers,86,3,6992,0.449
2026-09-13 06:22:32.463,1,4,Read Input Registers,1539,3072,41328,0.029
2026-09-13 06:22:35.934,1,4,Read Input Registers,86,3,6992,0.449
2026-09-13 06:22:35.963,1,4,Read Input Registers,1539,9216,42768,0.029
2026-09-13 06:22:39.434,1,4,Read Input Registers,86,3,6992,0.449
2026-09-13 06:22:39.463,1,4,Read Input Registers,1538,26624,47104,0.029
2026-09-13 06:22:42.934,1,4,Read Input Registers,86,3,6992,0.449
2026-09-13 06:22:42.963,1,4,Read Input Registers,1537,45056,38944,0.029
2026-09-13 06:22:46.434,1,4,Read Input Registers,86,3,6992,0.449
2026-09-13 06:22:46.463,1,4,Read Input Registers,1537,14080,34452,0.029
2026-09-13 06:22:49.934,1,4,Read Input Registers,86,3,6992,0.449
2026-09-13 06:22:49.963,1,4,Read Input Registers,1539,27648,43504,0.029
2026-09-13 06:22:53.434,1,4,Read Input Registers,86,3,6992,0.449
2026-09-13 06:22:53.463,1,4,Read Input Registers,1538,48128,43568,0.029
2026-09-13 06:22:56.934,1,4,Read Input Registers,86,3,6992,0.449
2026-09-13 06:22:56.963,1,4,Read Input Registers,1539,37120,32157,0.029
2026-09-13 06:23:00.434,1,4,Read Input Registers,86,3,6992,0.449
2026-09-13 06:23:00.464,1,4,Read Input Registers,1538,36096,28237,0.03
2026-09-13 06:23:03.934,1,4,Read Input Registers,86,3,6992,0.449
2026-09-13 06:23:03.964,1,4,Read Input Registers,1539,23040,44344,0.03
2026-09-13 06:23:07.443,1,4,Read Input Registers,86,3,6992,0.448
2026-09-13 06:23:07.473,1,4,Read Input Registers,1538,45312,27421,0.03
2026-09-13 06:23:10.943,1,4,Read Input Registers,86,3,6992,0.449
2026-09-13 06:23:10.973,1,4,Read Input Registers,1537,63232,38804,0.03
2026-09-13 06:23:14.444,1,4,Read Input Registers,86,3,6992,0.45
2026-09-13 06:23:14.473,1,4,Read Input Registers,1539,12544,25629,0.029
2026-09-13 06:23:17.944,1,4,Read Input Registers,86,3,6992,0.45
2026-09-13 06:23:17.973,1,4,Read Input Registers,1536,56320,16561,0.029
2026-09-13 06:23:21.444,1,4,Read Input Registers,86,3,6992,0.449
2026-09-13 06:23:21.473,1,4,Read Input Registers,1537,43008,39424,0.029
2026-09-13 06:23:24.944,1,4,Read Input Registers,86,3,6992,0.449
2026-09-13 06:23:24.973,1,4,Read Input Registers,1539,41984,30993,0.029
2026-09-13 06:23:28.444,1,4,Read Input Registers,86,3,6992,0.449
2026-09-13 06:23:28.473,1,4,Read Input Registers,1537,2304,17341,0.029
2026-09-13 06:23:31.944,1,4,Read Input Registers,86,3,6992,0.449
2026-09-13 06:23:31.973,1,4,Read Input Registers,1538,49920,24613,0.029
2026-09-13 06:23:35.444,1,4,Read Input Registers,86,3,6992,0.449
2026-09-13 06:23:35.473,1,4,Read Input Registers,1536,59904,17529,0.029
2026-09-13 06:23:38.944,1,4,Read Input Registers,86,3,6992,0.449
2026-09-13 06:23:38.973,1,4,Read Input Registers,1538,51200,41344,0.029
2026-09-13 06:23:42.444,1,4,Read Input Registers,86,3,6992,0.449
2026-09-13 06:23:42.473,1,4,Read Input Registers,1537,52736,37384,0.029
2026-09-13 06:23:45.944,1,4,Read Input Registers,86,3,6992,0.449
2026-09-13 06:23:45.974,1,4,Read Input Registers,1538,50688,24809,0.03
2026-09-13 06:23:49.444,1,4,Read Input Registers,86,3,6992,0.449
2026-09-13 06:23:49.474,1,4,Read Input Registers,1539,28672,27425,0.03
2026-09-13 06:23:52.944,1,4,Read Input Registers,86,3,6992,0.449
2026-09-13 06:23:52.974,1,4,Read Input Registers,1537,13824,18089,0.03
2026-09-13 06:23:56.444,1,4,Read Input Registers,86,3,6992,0.449
2026-09-13 06:23:56.474,1,4,Read Input Registers,1537,28672,35104,0.03
2026-09-13 06:23:59.945,1,4,Read Input Registers,86,3,6992,0.45
2026-09-13 06:23:59.974,1,4,Read Input Registers,1539,41216,31197,0.029
2026-09-13 06:24:03.445,1,4,Read Input Registers,86,3,6992,0.449
2026-09-13 06:24:03.474,1,4,Read Input Registers,1537,58368,21521,0.029
2026-09-13 06:24:06.945,1,4,Read Input Registers,86,3,6992,0.449
2026-09-13 06:24:06.974,1,4,Read Input Registers,1538,51456,25021,0.029
2026-09-13 06:24:10.445,1,4,Read Input Registers,86,3,6992,0.449
2026-09-13 06:24:10.474,1,4,Read Input Registers,1539,39168,48252,0.029
2026-09-13 06:24:13.945,1,4,Read Input Registers,86,3,6992,0.449
2026-09-13 06:24:13.974,1,4,Read Input Registers,1538,40704,28149,0.029
2026-09-13 06:24:17.445,1,4,Read Input Registers,86,3,6992,0.449
2026-09-13 06:24:17.474,1,4,Read Input Registers,1539,40960,47584,0.029
2026-09-13 06:24:20.945,1,4,Read Input Registers,86,3,6992,0.449
2026-09-13 06:24:20.974,1,4,Read Input Registers,1537,48128,39216,0.029
2026-09-13 06:24:24.445,1,4,Read Input Registers,86,3,6992,0.449
2026-09-13 06:24:24.474,1,4,Read Input Registers,1537,34560,23765,0.029
2026-09-13 06:24:28.272,1,4,Read Input Registers,86,3,6992,0.449
2026-09-13 06:24:28.302,1,4,Read Input Registers,1537,50176,37776,0.03
2026-09-13 06:24:31.772,1,4,Read Input Registers,86,3,6992,0.449
2026-09-13 06:24:31.802,1,4,Read Input Registers,1537,31232,35000,0.03
2026-09-13 06:24:35.272,1,4,Read Input Registers,86,3,6992,0.449
2026-09-13 06:24:35.302,1,4,Read Input Registers,1536,59904,17529,0.03
2026-09-13 06:24:38.772,1,4,Read Input Registers,86,3,6992,0.449
2026-09-13 06:24:38.802,1,4,Read Input Registers,1539,7424,41612,0.03
2026-09-13 06:24:42.272,1,4,Read Input Registers,86,3,6992,0.45
2026-09-13 06:24:42.302,1,4,Read Input Registers,1537,58880,37992,0.03
2026-09-13 06:24:45.773,1,4,Read Input Registers,86,3,6992,0.45
2026-09-13 06:24:45.802,1,4,Read Input Registers,1538,29952,47852,0.029
2026-09-13 06:24:49.273,1,4,Read Input Registers,86,3,6992,0.45
2026-09-13 06:24:49.302,1,4,Read Input Registers,1536,46592,18857,0.029
2026-09-13 06:24:52.773,1,4,Read Input Registers,86,3,6992,0.449
2026-09-13 06:24:52.802,1,4,Read Input Registers,1537,2304,17341,0.029
2026-09-13 06:24:56.273,1,4,Read Input Registers,86,3,6992,0.449
2026-09-13 06:24:56.302,1,4,Read Input Registers,1539,13824,42152,0.029
2026-09-13 06:24:59.773,1,4,Read Input Registers,86,3,6992,0.449
2026-09-13 06:24:59.802,1,4,Read Input Registers,1537,42752,39764,0.029
2026-09-13 06:25:03.273,1,4,Read Input Registers,86,3,6992,0.449
2026-09-13 06:25:03.302,1,4,Read Input Registers,1537,63232,38804,0.029
2026-09-13 06:25:06.773,1,4,Read Input Registers,86,3,6992,0.449
2026-09-13 06:25:06.802,1,4,Read Input Registers,1537,59648,38204,0.029
2026-09-13 06:25:10.273,1,4,Read Input Registers,86,3,6992,0.449
2026-09-13 06:25:10.303,1,4,Read Input Registers,1538,61440,25633,0.03
2026-09-13 06:25:13.773,1,4,Read Input Registers,86,3,6992,0.449
2026-09-13 06:25:13.802,1,4,Read Input Registers,1537,12544,34332,0.029
2026-09-13 06:25:17.273,1,4,Read Input Registers,86,3,6992,0.449
2026-09-13 06:25:17.303,1,4,Read Input Registers,1538,60416,42736,0.03
2026-09-13 06:25:20.773,1,4,Read Input Registers,86,3,6992,0.449
2026-09-13 06:25:20.803,1,4,Read Input Registers,1536,60160,33860,0.03
2026-09-13 06:25:24.273,1,4,Read Input Registers,86,3,6992,0.449
2026-09-13 06:25:24.303,1,4,Read Input Registers,1538,39680,44292,0.03
2026-09-13 06:25:27.773,1,4,Read Input Registers,86,3,6992,0.449
2026-09-13 06:25:27.803,1,4,Read Input Registers,1537,7424,16525,0.03
2026-09-13 06:25:31.274,1,4,Read Input Registers,86,3,6992,0.45
2026-09-13 06:25:31.303,1,4,Read Input Registers,1539,22528,27969,0.029
2026-09-13 06:25:34.774,1,4,Read Input Registers,86,3,6992,0.45
2026-09-13 06:25:34.803,1,4,Read Input Registers,1536,37376,20185,0.029
2026-09-13 06:25:38.274,1,4,Read Input Registers,86,3,6992,0.449
2026-09-13 06:25:38.303,1,4,Read Input Registers,1538,43776,43332,0.029
2026-09-13 06:25:41.774,1,4,Read Input Registers,86,3,6992,0.449
2026-09-13 06:25:41.803,1,4,Read Input Registers,1539,29696,43984,0.029
2026-09-13 06:25:45.274,1,4,Read Input Registers,86,3,6992,0.449
2026-09-13 06:25:45.303,1,4,Read Input Registers,1536,56064,32772,0.029
2026-09-13 06:25:48.774,1,4,Read Input Registers,86,3,6992,0.449
2026-09-13 06:25:48.803,1,4,Read Input Registers,1538,37888,44112,0.029
2026-09-13 06:25:52.274,1,4,Read Input Registers,86,3,6992,0.449
2026-09-13 06:25:52.303,1,4,Read Input Registers,1537,60928,21897,0.029
2026-09-13 06:25:55.774,1,4,Read Input Registers,86,3,6992,0.449
2026-09-13 06:25:55.804,1,4,Read Input Registers,1537,49152,21345,0.03
2026-09-13 06:25:59.274,1,4,Read Input Registers,86,3,6992,0.449
2026-09-13 06:25:59.304,1,4,Read Input Registers,1539,1536,41192,0.03
2026-09-13 06:26:02.774,1,4,Read Input Registers,86,3,6992,0.449
2026-09-13 06:26:02.804,1,4,Read Input Registers,1536,37376,20185,0.03
2026-09-13 06:26:06.274,1,4,Read Input Registers,86,3,6992,0.11
2026-09-13 06:26:06.306,1,4,Read Input Registers,1536,44800,35764,0.032
2026-09-13 06:26:09.774,1,4,Read Input Registers,86,3,6992,0.449
2026-09-13 06:26:09.804,1,4,Read Input Registers,1536,59136,34132,0.03
2026-09-13 06:26:13.274,1,4,Read Input Registers,86,3,6992,0.449
2026-09-13 06:26:13.304,1,4,Read Input Registers,1538,49920,24613,0.03
2026-09-13 06:26:16.775,1,4,Read Input Registers,86,3,6992,0.45
2026-09-13 06:26:16.804,1,4,Read Input Registers,1536,48384,34828,0.029
2026-09-13 06:26:20.275,1,4,Read Input Registers,86,3,6992,0.45
2026-09-13 06:26:20.304,1,4,Read Input Registers,1537,24832,35548,0.029
2026-09-13 06:26:23.775,1,4,Read Input Registers,86,3,6992,0.45
2026-09-13 06:26:23.804,1,4,Read Input Registers,1538,18688,49084,0.029
2026-09-13 06:26:27.275,1,4,Read Input Registers,86,3,6992,0.449
2026-09-13 06:26:27.304,1,4,Read Input Registers,1538,53248,41888,0.029
2026-09-13 06:26:30.775,1,4,Read Input Registers,86,3,6992,0.449
2026-09-13 06:26:30.804,1,4,Read Input Registers,1537,33536,39972,0.029
2026-09-13 06:26:34.275,1,4,Read Input Registers,86,3,6992,0.449
2026-09-13 06:26:34.304,1,4,Read Input Registers,1539,19200,44740,0.029
2026-09-13 06:26:37.775,1,4,Read Input Registers,86,3,6992,0.449
2026-09-13 06:26:37.804,1,4,Read Input Registers,1539,38912,31809,0.029
2026-09-13 06:26:41.275,1,4,Read Input Registers,86,3,6992,0.449
2026-09-13 06:26:41.304,1,4,Read Input Registers,1536,60928,33928,0.029
2026-09-13 06:26:44.775,1,4,Read Input Registers,86,3,6992,0.449
2026-09-13 06:26:44.805,1,4,Read Input Registers,1538,9216,30225,0.03
2026-09-13 06:26:48.275,1,4,Read Input Registers,86,3,6992,0.449
2026-09-13 06:26:48.305,1,4,Read Input Registers,1539,18432,44672,0.03
2026-09-13 06:26:51.775,1,4,Read Input Registers,86,3,6992,0.449
2026-09-13 06:26:51.805,1,4,Read Input Registers,1538,13056,30053,0.03
2026-09-13 06:26:55.275,1,4,Read Input Registers,86,3,6992,0.449
2026-09-13 06:26:55.305,1,4,Read Input Registers,1537,16640,19805,0.03
2026-09-13 06:26:58.776,1,4,Read Input Registers,86,3,6992,0.449
2026-09-13 06:26:58.805,1,4,Read Input Registers,1536,47104,35008,0.029
2026-09-13 06:27:02.276,1,4,Read Input Registers,86,3,6992,0.45
2026-09-13 06:27:02.305,1,4,Read Input Registers,1536,34304,19945,0.029
2026-09-13 06:27:05.776,1,4,Read Input Registers,86,3,6992,0.449
2026-09-13 06:27:05.805,1,4,Read Input Registers,1538,11520,30669,0.029
2026-09-13 06:27:09.276,1,4,Read Input Registers,86,3,6992,0.449
2026-09-13 06:27:09.305,1,4,Read Input Registers,1538,27904,47308,0.029
2026-09-13 06:27:12.776,1,4,Read Input Registers,86,3,6992,0.449
2026-09-13 06:27:12.805,1,4,Read Input Registers,1537,33536,39972,0.029
2026-09-13 06:27:16.276,1,4,Read Input Registers,86,3,6992,0.449
2026-09-13 06:27:16.305,1,4,Read Input Registers,1537,43264,23101,0.029
2026-09-13 06:27:19.776,1,4,Read Input Registers,86,3,6992,0.449
2026-09-13 06:27:19.805,1,4,Read Input Registers,1538,54016,41956,0.029
2026-09-13 06:27:23.276,1,4,Read Input Registers,86,3,6992,0.449
2026-09-13 06:27:23.305,1,4,Read Input Registers,1538,41984,43024,0.029
2026-09-13 06:27:26.776,1,4,Read Input Registers,86,3,6992,0.449
2026-09-13 06:27:26.805,1,4,Read Input Registers,1536,50944,17109,0.029
2026-09-13 06:27:30.276,1,4,Read Input Registers,86,3,6992,0.449
2026-09-13 06:27:30.306,1,4,Read Input Registers,1537,46592,39080,0.03
2026-09-13 06:27:33.776,1,4,Read Input Registers,86,3,6992,0.449
2026-09-13 06:27:33.806,1,4,Read Input Registers,1536,43264,35644,0.03
2026-09-13 06:27:37.276,1,4,Read Input Registers,86,3,6992,0.449
2026-09-13 06:27:37.306,1,4,Read Input Registers,1536,56576,32908,0.03
2026-09-13 06:27:40.776,1,4,Read Input Registers,86,3,6992,0.449
2026-09-13 06:27:40.806,1,4,Read Input Registers,1538,61952,42072,0.03
2026-09-13 06:27:44.277,1,4,Read Input Registers,86,3,6992,0.449
2026-09-13 06:27:44.306,1,4,Read Input Registers,1538,7424,29581,0.029
2026-09-13 06:27:47.777,1,4,Read Input Registers,86,3,6992,0.45
2026-09-13 06:27:47.806,1,4,Read Input Registers,1537,2816,33732,0.029
2026-09-13 06:27:51.277,1,4,Read Input Registers,86,3,6992,0.449
2026-09-13 06:27:51.306,1,4,Read Input Registers,1537,29184,18777,0.029
2026-09-13 06:27:54.777,1,4,Read Input Registers,86,3,6992,0.449
2026-09-13 06:27:54.806,1,4,Read Input Registers,1538,51712,25081,0.029
2026-09-13 06:27:58.277,1,4,Read Input Registers,86,3,6992,0.449
2026-09-13 06:27:58.306,1,4,Read Input Registers,1539,22272,27669,0.029
2026-09-13 06:28:01.777,1,4,Read Input Registers,86,3,6992,0.449
2026-09-13 06:28:01.806,1,4,Read Input Registers,1536,39936,36784,0.029
2026-09-13 06:28:05.277,1,4,Read Input Registers,86,3,6992,0.449
2026-09-13 06:28:05.306,1,4,Read Input Registers,1539,31232,27321,0.029
2026-09-13 06:28:08.777,1,4,Read Input Registers,86,3,6992,0.45
2026-09-13 06:28:08.806,1,4,Read Input Registers,1539,20480,44192,0.029
2026-09-13 06:28:12.277,1,4,Read Input Registers,86,3,6992,0.449
2026-09-13 06:28:12.307,1,4,Read Input Registers,1538,10752,46968,0.03
2026-09-13 06:28:15.777,1,4,Read Input Registers,86,3,6992,0.449
2026-09-13 06:28:15.807,1,4,Read Input Registers,1536,30464,39060,0.03
2026-09-13 06:28:19.277,1,4,Read Input Registers,86,3,6992,0.449
2026-09-13 06:28:19.307,1,4,Read Input Registers,1538,3328,45132,0.03
2026-09-13 06:28:22.777,1,4,Read Input Registers,86,3,6992,0.449
2026-09-13 06:28:22.807,1,4,Read Input Registers,1537,60160,21829,0.03
2026-09-13 06:28:26.277,1,4,Read Input Registers,86,3,6992,0.449
2026-09-13 06:28:26.307,1,4,Read Input Registers,1538,16640,32349,0.03
2026-09-13 06:28:29.778,1,4,Read Input Registers,86,3,6992,0.45
2026-09-13 06:28:29.807,1,4,Read Input Registers,1537,20736,36508,0.029
2026-09-13 06:28:33.278,1,4,Read Input Registers,86,3,6992,0.45
2026-09-13 06:28:33.307,1,4,Read Input Registers,1537,39936,24241,0.029
2026-09-13 06:28:36.778,1,4,Read Input Registers,86,3,6992,0.449
2026-09-13 06:28:36.807,1,4,Read Input Registers,1537,59904,38264,0.029
2026-09-13 06:28:40.278,1,4,Read Input Registers,86,3,6992,0.238
2026-09-13 06:28:40.307,1,4,Read Input Registers,1538,6144,29505,0.029
2026-09-13 06:28:44.865,1,4,Read Input Registers,86,3,6992,0.45
2026-09-13 06:28:44.894,1,4,Read Input Registers,1536,31744,22833,0.029
2026-09-13 06:28:48.365,1,4,Read Input Registers,86,3,6992,0.449
2026-09-13 06:28:48.394,1,4,Read Input Registers,1537,49408,37724,0.029
2026-09-13 06:28:51.865,1,4,Read Input Registers,86,3,6992,0.449
2026-09-13 06:28:51.894,1,4,Read Input Registers,1539,41472,31129,0.029
2026-09-13 06:28:55.365,1,4,Read Input Registers,86,3,6992,0.449
2026-09-13 06:28:55.394,1,4,Read Input Registers,1539,45056,31265,0.029
2026-09-13 06:28:58.865,1,4,Read Input Registers,86,3,6992,0.449
2026-09-13 06:28:58.894,1,4,Read Input Registers,1537,55808,37176,0.029
2026-09-13 06:29:02.365,1,4,Read Input Registers,86,3,6992,0.449
2026-09-13 06:29:02.395,1,4,Read Input Registers,1538,35840,44656,0.03
2026-09-13 06:29:05.865,1,4,Read Input Registers,86,3,6992,0.449
2026-09-13 06:29:05.895,1,4,Read Input Registers,1538,57344,42976,0.03
2026-09-13 06:29:09.365,1,4,Read Input Registers,86,3,6992,0.449
2026-09-13 06:29:09.395,1,4,Read Input Registers,1538,11008,30533,0.03
2026-09-13 06:29:12.865,1,4,Read Input Registers,86,3,6992,0.449
2026-09-13 06:29:12.895,1,4,Read Input Registers,1537,18944,36088,0.03
2026-09-13 06:29:16.366,1,4,Read Input Registers,86,3,6992,0.45
2026-09-13 06:29:16.395,1,4,Read Input Registers,1538,58880,42856,0.029
2026-09-13 06:29:19.866,1,4,Read Input Registers,86,3,6992,0.45
2026-09-13 06:29:19.895,1,4,Read Input Registers,1537,15872,34632,0.029
2026-09-13 06:29:23.366,1,4,Read Input Registers,86,3,6992,0.449
2026-09-13 06:29:23.395,1,4,Read Input Registers,1537,34560,23765,0.029
2026-09-13 06:29:26.866,1,4,Read Input Registers,86,3,6992,0.449
2026-09-13 06:29:26.895,1,4,Read Input Registers,1538,11264,47088,0.029
2026-09-13 06:29:30.366,1,4,Read Input Registers,86,3,6992,0.449
2026-09-13 06:29:30.395,1,4,Read Input Registers,1537,56320,37296,0.029
2026-09-13 06:29:33.866,1,4,Read Input Registers,86,3,6992,0.449
2026-09-13 06:29:33.895,1,4,Read Input Registers,1539,24064,28105,0.029
2026-09-13 06:29:37.366,1,4,Read Input Registers,86,3,6992,0.449
2026-09-13 06:29:37.395,1,4,Read Input Registers,1536,32768,19809,0.029
2026-09-13 06:29:40.866,1,4,Read Input Registers,86,3,6992,0.449
2026-09-13 06:29:40.895,1,4,Read Input Registers,1536,42240,35372,0.029
2026-09-13 06:29:44.366,1,4,Read Input Registers,86,3,6992,0.449
2026-09-13 06:29:44.396,1,4,Read Input Registers,1538,48896,43636,0.03
2026-09-13 06:29:47.866,1,4,Read Input Registers,86,3,6992,0.449
2026-09-13 06:29:47.896,1,4,Read Input Registers,1539,3584,24841,0.03
2026-09-13 06:29:51.366,1,4,Read Input Registers,86,3,6992,0.449
2026-09-13 06:29:51.396,1,4,Read Input Registers,1537,45056,38944,0.03
2026-09-13 06:29:54.866,1,4,Read Input Registers,86,3,6992,0.449
2026-09-13 06:29:54.896,1,4,Read Input Registers,1536,30208,22697,0.03
2026-09-13 06:29:58.366,1,4,Read Input Registers,86,3,6992,0.227
2026-09-13 06:29:58.396,1,4,Read Input Registers,1539,31744,27185,0.03
2026-09-13 06:30:01.867,1,4,Read Input Registers,86,3,6992,0.45
2026-09-13 06:30:01.896,1,4,Read Input Registers,1537,63488,38592,0.029
2026-09-13 06:30:05.367,1,4,Read Input Registers,86,3,6992,0.449
2026-09-13 06:30:05.396,1,4,Read Input Registers,1537,46336,39148,0.029
2026-09-13 06:30:08.867,1,4,Read Input Registers,86,3,6992,0.449
2026-09-13 06:30:08.896,1,4,Read Input Registers,1536,40960,35552,0.029
2026-09-13 06:30:12.367,1,4,Read Input Registers,86,3,6992,0.449
2026-09-13 06:30:12.396,1,4,Read Input Registers,1538,1280,29101,0.029
2026-09-13 06:30:15.867,1,4,Read Input Registers,86,3,6992,0.45
2026-09-13 06:30:15.896,1,4,Read Input Registers,1539,40192,31885,0.029
2026-09-13 06:30:19.367,1,4,Read Input Registers,86,3,6992,0.449
2026-09-13 06:30:19.396,1,4,Read Input Registers,1539,31488,43652,0.029
2026-09-13 06:30:22.867,1,4,Read Input Registers,86,3,6992,0.449
2026-09-13 06:30:22.896,1,4,Read Input Registers,1537,768,16933,0.029
2026-09-13 06:30:26.367,1,4,Read Input Registers,86,3,6992,0.449
2026-09-13 06:30:26.396,1,4,Read Input Registers,1538,63232,42132,0.029
2026-09-13 06:30:29.867,1,4,Read Input Registers,86,3,6992,0.449
2026-09-13 06:30:29.897,1,4,Read Input Registers,1538,47872,27269,0.03
2026-09-13 06:30:33.367,1,4,Read Input Registers,86,3,6992,0.449
2026-09-13 06:30:33.397,1,4,Read Input Registers,1537,12288,17953,0.03
2026-09-13 06:30:36.867,1,4,Read Input Registers,86,3,6992,0.449
2026-09-13 06:30:36.897,1,4,Read Input Registers,1537,15104,34692,0.03
2026-09-13 06:30:40.367,1,4,Read Input Registers,86,3,6992,0.449
2026-09-13 06:30:40.397,1,4,Read Input Registers,1538,28672,47648,0.03
2026-09-13 06:30:43.867,1,4,Read Input Registers,86,3,6992,0.449
2026-09-13 06:30:43.897,1,4,Read Input Registers,1536,29696,39120,0.03
2026-09-13 06:30:47.368,1,4,Read Input Registers,86,3,6992,0.45
2026-09-13 06:30:47.397,1,4,Read Input Registers,1537,59392,21761,0.029
2026-09-13 06:30:50.868,1,4,Read Input Registers,86,3,6992,0.45
2026-09-13 06:30:50.897,1,4,Read Input Registers,1539,43520,47224,0.029
2026-09-13 06:30:54.368,1,4,Read Input Registers,86,3,6992,0.449
2026-09-13 06:30:54.397,1,4,Read Input Registers,1537,59392,21761,0.029
2026-09-13 06:30:57.868,1,4,Read Input Registers,86,3,6992,0.449
2026-09-13 06:30:57.897,1,4,Read Input Registers,1537,51200,37504,0.029
2026-09-13 06:31:01.368,1,4,Read Input Registers,86,3,6992,0.449
2026-09-13 06:31:01.397,1,4,Read Input Registers,1539,4352,41884,0.029
2026-09-13 06:31:04.868,1,4,Read Input Registers,86,3,6992,0.449
2026-09-13 06:31:04.897,1,4,Read Input Registers,1537,7424,16525,0.029
2026-09-13 06:31:08.368,1,4,Read Input Registers,86,3,6992,0.449
2026-09-13 06:31:08.397,1,4,Read Input Registers,1539,24320,44532,0.029
2026-09-13 06:31:11.868,1,4,Read Input Registers,86,3,6992,0.449
2026-09-13 06:31:11.897,1,4,Read Input Registers,1539,32768,32353,0.029
2026-09-13 06:31:15.368,1,4,Read Input Registers,86,3,6992,0.449
2026-09-13 06:31:15.397,1,4,Read Input Registers,1537,19200,19653,0.029
2026-09-13 06:31:18.868,1,4,Read Input Registers,86,3,6992,0.449
2026-09-13 06:31:18.898,1,4,Read Input Registers,1537,5120,16721,0.03
2026-09-13 06:31:22.368,1,4,Read Input Registers,86,3,6992,0.449
2026-09-13 06:31:22.398,1,4,Read Input Registers,1537,65024,38472,0.03
2026-09-13 06:31:25.868,1,4,Read Input Registers,86,3,6992,0.449
2026-09-13 06:31:25.898,1,4,Read Input Registers,1538,0,29025,0.03
2026-09-13 06:31:29.368,1,4,Read Input Registers,86,3,6992,0.449
2026-09-13 06:31:29.398,1,4,Read Input Registers,1536,31488,39300,0.03
2026-09-13 06:31:32.869,1,4,Read Input Registers,86,3,6992,0.45
2026-09-13 06:31:32.898,1,4,Read Input Registers,1536,44544,19337,0.029
2026-09-13 06:31:36.369,1,4,Read Input Registers,86,3,6992,0.45
2026-09-13 06:31:36.398,1,4,Read Input Registers,1539,11008,42564,0.029
2026-09-13 06:31:39.869,1,4,Read Input Registers,86,3,6992,0.449
2026-09-13 06:31:39.898,1,4,Read Input Registers,1537,22784,20349,0.029
2026-09-13 06:31:43.369,1,4,Read Input Registers,86,3,6992,0.449
2026-09-13 06:31:43.398,1,4,Read Input Registers,1539,39936,48304,0.029
2026-09-13 06:31:46.869,1,4,Read Input Registers,86,3,6992,0.449
2026-09-13 06:31:46.898,1,4,Read Input Registers,1539,29696,43984,0.029
2026-09-13 06:31:50.369,1,4,Read Input Registers,86,3,6992,0.449
2026-09-13 06:31:50.398,1,4,Read Input Registers,1538,22784,31869,0.029
2026-09-13 06:31:53.869,1,4,Read Input Registers,86,3,6992,0.449
2026-09-13 06:31:53.898,1,4,Read Input Registers,1539,7680,41672,0.029
2026-09-13 06:31:57.369,1,4,Read Input Registers,86,3,6992,0.449
2026-09-13 06:31:57.398,1,4,Read Input Registers,1537,50688,21481,0.029
2026-09-13 06:32:00.869,1,4,Read Input Registers,86,3,6992,0.449
2026-09-13 06:32:00.899,1,4,Read Input Registers,1538,58880,42856,0.03
2026-09-13 06:32:04.369,1,4,Read Input Registers,86,3,6992,0.449
2026-09-13 06:32:04.399,1,4,Read Input Registers,1539,41472,31129,0.03
2026-09-13 06:32:07.869,1,4,Read Input Registers,86,3,6992,0.449
2026-09-13 06:32:07.899,1,4,Read Input Registers,1536,54016,16869,0.03
2026-09-13 06:32:11.369,1,4,Read Input Registers,86,3,6992,0.449
2026-09-13 06:32:11.399,1,4,Read Input Registers,1537,9472,34092,0.03
2026-09-13 06:32:14.869,1,4,Read Input Registers,86,3,6992,0.449
2026-09-13 06:32:14.899,1,4,Read Input Registers,1538,25344,31141,0.03
2026-09-13 06:32:18.370,1,4,Read Input Registers,86,3,6992,0.449
2026-09-13 06:32:18.399,1,4,Read Input Registers,1537,37632,24549,0.029
2026-09-13 06:32:21.870,1,4,Read Input Registers,86,3,6992,0.451
2026-09-13 06:32:21.899,1,4,Read Input Registers,1537,47360,39420,0.029
2026-09-13 06:32:25.370,1,4,Read Input Registers,86,3,6992,0.449
2026-09-13 06:32:25.399,1,4,Read Input Registers,1538,61184,42676,0.029
2026-09-13 06:32:28.870,1,4,Read Input Registers,86,3,6992,0.449
2026-09-13 06:32:28.899,1,4,Read Input Registers,1537,48640,22857,0.029
2026-09-13 06:32:32.370,1,4,Read Input Registers,86,3,6992,0.449
2026-09-13 06:32:32.399,1,4,Read Input Registers,1539,25856,43052,0.029
2026-09-13 06:32:35.870,1,4,Read Input Registers,86,3,6992,0.449
2026-09-13 06:32:35.899,1,4,Read Input Registers,1536,27392,23109,0.029
2026-09-13 06:32:39.370,1,4,Read Input Registers,86,3,6992,0.449
2026-09-13 06:32:39.399,1,4,Read Input Registers,1537,28416,19381,0.029
2026-09-13 06:32:42.870,1,4,Read Input Registers,86,3,6992,0.449
2026-09-13 06:32:42.899,1,4,Read Input Registers,1536,52224,33648,0.029
2026-09-13 06:32:46.370,1,4,Read Input Registers,86,3,6992,0.449
2026-09-13 06:32:46.399,1,4,Read Input Registers,1536,27136,39544,0.029
2026-09-13 06:32:49.870,1,4,Read Input Registers,86,3,6992,0.449
2026-09-13 06:32:49.900,1,4,Read Input Registers,1536,56320,16561,0.03
2026-09-13 06:32:53.370,1,4,Read Input Registers,86,3,6992,0.449
2026-09-13 06:32:53.400,1,4,Read Input Registers,1536,27136,39544,0.03
2026-09-13 06:32:56.870,1,4,Read Input Registers,86,3,6992,0.449
2026-09-13 06:32:56.900,1,4,Read Input Registers,1536,64000,34744,0.03
2026-09-13 06:33:01.109,1,4,Read Input Registers,86,3,6992,1.188
2026-09-13 06:33:01.138,1,4,Read Input Registers,1537,7168,32944,0.029
2026-09-13 06:33:04.167,1,4,Read Input Registers,86,3,6992,0.449
2026-09-13 06:33:04.197,1,4,Read Input Registers,1537,35072,40380,0.03
2026-09-13 06:33:07.668,1,4,Read Input Registers,86,3,6992,0.45
2026-09-13 06:33:07.697,1,4,Read Input Registers,1538,17152,48676,0.029
2026-09-13 06:33:11.168,1,4,Read Input Registers,86,3,6992,0.449
2026-09-13 06:33:11.197,1,4,Read Input Registers,1536,38144,36460,0.029
2026-09-13 06:33:14.668,1,4,Read Input Registers,86,3,6992,0.449
2026-09-13 06:33:14.697,1,4,Read Input Registers,1539,25856,43052,0.029
2026-09-13 06:33:18.168,1,4,Read Input Registers,86,3,6992,0.449
2026-09-13 06:33:18.197,1,4,Read Input Registers,1538,17664,48812,0.029
2026-09-13 06:33:21.668,1,4,Read Input Registers,86,3,6992,0.449
2026-09-13 06:33:21.697,1,4,Read Input Registers,1538,47616,43704,0.029
2026-09-13 06:33:25.168,1,4,Read Input Registers,86,3,6992,0.449
2026-09-13 06:33:25.197,1,4,Read Input Registers,1536,55808,16441,0.029
2026-09-13 06:33:28.668,1,4,Read Input Registers,86,3,6992,0.449
2026-09-13 06:33:28.697,1,4,Read Input Registers,1539,14592,42492,0.029
2026-09-13 06:33:32.168,1,4,Read Input Registers,86,3,6992,0.449
2026-09-13 06:33:32.197,1,4,Read Input Registers,1538,50688,24809,0.029
2026-09-13 06:33:35.668,1,4,Read Input Registers,86,3,6992,0.449
2026-09-13 06:33:35.697,1,4,Read Input Registers,1537,60672,21965,0.029
2026-09-13 06:33:39.168,1,4,Read Input Registers,86,3,6992,0.449
2026-09-13 06:33:39.197,1,4,Read Input Registers,1537,9472,34092,0.029
2026-09-13 06:33:42.668,1,4,Read Input Registers,86,3,6992,0.449
2026-09-13 06:33:42.697,1,4,Read Input Registers,1539,41472,31129,0.029
2026-09-13 06:33:46.168,1,4,Read Input Registers,86,3,6992,0.449
2026-09-13 06:33:46.198,1,4,Read Input Registers,1539,34816,49024,0.03
2026-09-13 06:33:49.668,1,4,Read Input Registers,86,3,6992,0.449
2026-09-13 06:33:49.698,1,4,Read Input Registers,1538,768,28965,0.03
2026-09-13 06:33:53.168,1,4,Read Input Registers,86,3,6992,0.449
2026-09-13 06:33:53.198,1,4,Read Input Registers,1537,41728,23461,0.03
2026-09-13 06:33:56.668,1,4,Read Input Registers,86,3,6992,0.449
2026-09-13 06:33:56.698,1,4,Read Input Registers,1537,34048,40108,0.03
2026-09-13 06:34:00.169,1,4,Read Input Registers,86,3,6992,0.449
2026-09-13 06:34:00.198,1,4,Read Input Registers,1539,35840,32625,0.029
2026-09-13 06:34:03.669,1,4,Read Input Registers,86,3,6992,0.449
2026-09-13 06:34:03.698,1,4,Read Input Registers,1537,47616,39352,0.029
2026-09-13 06:34:07.169,1,4,Read Input Registers,86,3,6992,0.449
2026-09-13 06:34:07.198,1,4,Read Input Registers,1538,30208,47784,0.029
2026-09-13 06:34:10.669,1,4,Read Input Registers,86,3,6992,0.449
2026-09-13 06:34:10.698,1,4,Read Input Registers,1538,51968,41412,0.029
2026-09-13 06:34:14.169,1,4,Read Input Registers,86,3,6992,0.449
2026-09-13 06:34:14.198,1,4,Read Input Registers,1537,29696,18897,0.029
2026-09-13 06:34:17.669,1,4,Read Input Registers,86,3,6992,0.449
2026-09-13 06:34:17.698,1,4,Read Input Registers,1537,29952,35308,0.029
2026-09-13 06:34:21.169,1,4,Read Input Registers,86,3,6992,0.449
2026-09-13 06:34:21.198,1,4,Read Input Registers,1539,24064,28105,0.029
2026-09-13 06:34:24.669,1,4,Read Input Registers,86,3,6992,0.449
2026-09-13 06:34:24.698,1,4,Read Input Registers,1537,56832,20937,0.029
2026-09-13 06:34:28.169,1,4,Read Input Registers,86,3,6992,0.449
2026-09-13 06:34:28.198,1,4,Read Input Registers,1537,24832,35548,0.029
2026-09-13 06:34:31.669,1,4,Read Input Registers,86,3,6992,0.449
2026-09-13 06:34:31.698,1,4,Read Input Registers,1539,25600,26641,0.029
2026-09-13 06:34:35.169,1,4,Read Input Registers,86,3,6992,0.449
2026-09-13 06:34:35.198,1,4,Read Input Registers,1536,27392,23109,0.029
2026-09-13 06:34:38.669,1,4,Read Input Registers,86,3,6992,0.362
2026-09-13 06:34:38.699,1,4,Read Input Registers,1537,22272,36372,0.03
2026-09-13 06:34:42.169,1,4,Read Input Registers,86,3,6992,0.449
2026-09-13 06:34:42.199,1,4,Read Input Registers,1539,15104,25989,0.03
2026-09-13 06:34:45.669,1,4,Read Input Registers,86,3,6992,0.449
2026-09-13 06:34:45.699,1,4,Read Input Registers,1537,59136,21589,0.03
2026-09-13 06:34:49.169,1,4,Read Input Registers,86,3,6992,0.449
2026-09-13 06:34:49.199,1,4,Read Input Registers,1537,64768,38412,0.03
2026-09-13 06:34:52.669,1,4,Read Input Registers,86,3,6992,0.449
2026-09-13 06:34:52.699,1,4,Read Input Registers,1536,30208,22697,0.03
2026-09-13 06:34:56.170,1,4,Read Input Registers,86,3,6992,0.451
2026-09-13 06:34:56.199,1,4,Read Input Registers,1538,48896,43636,0.029
2026-09-13 06:34:59.670,1,4,Read Input Registers,86,3,6992,0.449
2026-09-13 06:34:59.699,1,4,Read Input Registers,1536,25600,23313,0.029
2026-09-13 06:35:03.170,1,4,Read Input Registers,86,3,6992,0.449
2026-09-13 06:35:03.199,1,4,Read Input Registers,1539,16128,42356,0.029
2026-09-13 06:35:06.670,1,4,Read Input Registers,86,3,6992,0.449
2026-09-13 06:35:06.699,1,4,Read Input Registers,1536,59904,17529,0.029
2026-09-13 06:35:10.170,1,4,Read Input Registers,86,3,6992,0.449
2026-09-13 06:35:10.199,1,4,Read Input Registers,1539,6144,41536,0.029
2026-09-13 06:35:13.670,1,4,Read Input Registers,86,3,6992,0.449
2026-09-13 06:35:13.699,1,4,Read Input Registers,1537,13824,18089,0.029
2026-09-13 06:35:17.170,1,4,Read Input Registers,86,3,6992,0.449
2026-09-13 06:35:17.199,1,4,Read Input Registers,1536,39936,36784,0.029
2026-09-13 06:35:20.670,1,4,Read Input Registers,86,3,6992,0.449
2026-09-13 06:35:20.699,1,4,Read Input Registers,1537,46336,39148,0.029
2026-09-13 06:35:24.170,1,4,Read Input Registers,86,3,6992,0.449
2026-09-13 06:35:24.199,1,4,Read Input Registers,1539,23808,28045,0.029
2026-09-13 06:35:27.670,1,4,Read Input Registers,86,3,6992,0.449
2026-09-13 06:35:27.699,1,4,Read Input Registers,1536,25856,39724,0.029
2026-09-13 06:35:31.170,1,4,Read Input Registers,86,3,6992,0.449
2026-09-13 06:35:31.200,1,4,Read Input Registers,1537,9728,34152,0.03
2026-09-13 06:35:34.670,1,4,Read Input Registers,86,3,6992,0.449
2026-09-13 06:35:34.700,1,4,Read Input Registers,1539,768,40996,0.03
2026-09-13 06:35:38.170,1,4,Read Input Registers,86,3,6992,0.449
2026-09-13 06:35:38.200,1,4,Read Input Registers,1536,29440,22629,0.03
2026-09-13 06:35:41.670,1,4,Read Input Registers,86,3,6992,0.449
2026-09-13 06:35:41.700,1,4,Read Input Registers,1537,46848,22677,0.03
2026-09-13 06:35:45.171,1,4,Read Input Registers,86,3,6992,0.45
2026-09-13 06:35:45.200,1,4,Read Input Registers,1538,30720,31681,0.029
2026-09-13 06:35:48.671,1,4,Read Input Registers,86,3,6992,0.45
2026-09-13 06:35:48.700,1,4,Read Input Registers,1536,36608,19509,0.029
2026-09-13 06:35:52.171,1,4,Read Input Registers,86,3,6992,0.45
2026-09-13 06:35:52.200,1,4,Read Input Registers,1536,58112,17829,0.029
2026-09-13 06:35:55.671,1,4,Read Input Registers,86,3,6992,0.45
2026-09-13 06:35:55.700,1,4,Read Input Registers,1539,41984,30993,0.029
2026-09-13 06:35:59.171,1,4,Read Input Registers,86,3,6992,0.449
2026-09-13 06:35:59.200,1,4,Read Input Registers,1539,36608,32565,0.029
2026-09-13 06:36:02.671,1,4,Read Input Registers,86,3,6992,0.449
2026-09-13 06:36:02.700,1,4,Read Input Registers,1537,2304,17341,0.029
2026-09-13 06:36:06.171,1,4,Read Input Registers,86,3,6992,0.449
2026-09-13 06:36:06.200,1,4,Read Input Registers,1538,40192,44428,0.029
2026-09-13 06:36:09.671,1,4,Read Input Registers,86,3,6992,0.449
2026-09-13 06:36:09.700,1,4,Read Input Registers,1539,11264,26353,0.029
2026-09-13 06:36:13.171,1,4,Read Input Registers,86,3,6992,0.449
2026-09-13 06:36:13.200,1,4,Read Input Registers,1539,31488,43652,0.029
2026-09-13 06:36:16.671,1,4,Read Input Registers,86,3,6992,0.449
2026-09-13 06:36:16.700,1,4,Read Input Registers,1539,20480,44192,0.029
2026-09-13 06:36:20.186,1,4,Read Input Registers,86,3,6992,0.449
2026-09-13 06:36:20.216,1,4,Read Input Registers,1539,6400,25213,0.03
2026-09-13 06:36:23.686,1,4,Read Input Registers,86,3,6992,0.449
2026-09-13 06:36:23.716,1,4,Read Input Registers,1537,40960,23521,0.03
2026-09-13 06:36:27.186,1,4,Read Input Registers,86,3,6992,0.449
2026-09-13 06:36:27.216,1,4,Read Input Registers,1538,29696,31441,0.03
2026-09-13 06:36:30.686,1,4,Read Input Registers,86,3,6992,0.449
2026-09-13 06:36:30.716,1,4,Read Input Registers,1538,14848,29881,0.03
2026-09-13 06:36:34.186,1,4,Read Input Registers,86,3,6992,0.449
2026-09-13 06:36:34.216,1,4,Read Input Registers,1538,6144,29505,0.03
2026-09-13 06:36:37.687,1,4,Read Input Registers,86,3,6992,0.45
2026-09-13 06:36:37.716,1,4,Read Input Registers,1537,7424,16525,0.029
2026-09-13 06:36:41.187,1,4,Read Input Registers,86,3,6992,0.45
2026-09-13 06:36:41.216,1,4,Read Input Registers,1537,8960,34212,0.029
2026-09-13 06:36:44.687,1,4,Read Input Registers,86,3,6992,0.449
2026-09-13 06:36:44.716,1,4,Read Input Registers,1538,63488,42432,0.029
2026-09-13 06:36:48.187,1,4,Read Input Registers,86,3,6992,0.449
2026-09-13 06:36:48.216,1,4,Read Input Registers,1538,768,28965,0.029
2026-09-13 06:36:51.687,1,4,Read Input Registers,86,3,6992,0.449
2026-09-13 06:36:51.716,1,4,Read Input Registers,1537,46080,22737,0.029
2026-09-13 06:36:55.187,1,4,Read Input Registers,86,3,6992,0.449
2026-09-13 06:36:55.216,1,4,Read Input Registers,1537,38144,24429,0.029
2026-09-13 06:36:58.687,1,4,Read Input Registers,86,3,6992,0.449
2026-09-13 06:36:58.716,1,4,Read Input Registers,1537,23296,36612,0.029
2026-09-13 06:37:02.187,1,4,Read Input Registers,86,3,6992,0.449
2026-09-13 06:37:02.216,1,4,Read Input Registers,1536,48384,34828,0.029
2026-09-13 06:37:05.687,1,4,Read Input Registers,86,3,6992,0.449
2026-09-13 06:37:05.716,1,4,Read Input Registers,1539,16640,44892,0.029
2026-09-13 06:37:09.187,1,4,Read Input Registers,86,3,6992,0.449
2026-09-13 06:37:09.217,1,4,Read Input Registers,1539,23040,44344,0.03
2026-09-13 06:37:12.687,1,4,Read Input Registers,86,3,6992,0.449
2026-09-13 06:37:12.717,1,4,Read Input Registers,1538,48384,27149,0.03
2026-09-13 06:37:16.187,1,4,Read Input Registers,86,3,6992,0.449
2026-09-13 06:37:16.217,1,4,Read Input Registers,1537,41472,39832,0.03
2026-09-13 06:37:19.687,1,4,Read Input Registers,86,3,6992,0.449
2026-09-13 06:37:19.717,1,4,Read Input Registers,1538,25600,47376,0.03
2026-09-13 06:37:23.187,1,4,Read Input Registers,86,3,6992,0.449
2026-09-13 06:37:23.217,1,4,Read Input Registers,1536,25856,39724,0.03
2026-09-13 06:37:27.775,1,4,Read Input Registers,86,3,6992,0.449
2026-09-13 06:37:27.804,1,4,Read Input Registers,1539,8704,42904,0.029
2026-09-13 06:37:31.275,1,4,Read Input Registers,86,3,6992,0.449
2026-09-13 06:37:31.304,1,4,Read Input Registers,1538,42496,26729,0.029
2026-09-13 06:37:34.775,1,4,Read Input Registers,86,3,6992,0.449
2026-09-13 06:37:34.804,1,4,Read Input Registers,1539,26368,26709,0.029
2026-09-13 06:37:38.275,1,4,Read Input Registers,86,3,6992,0.449
2026-09-13 06:37:38.304,1,4,Read Input Registers,1538,7168,46000,0.029
2026-09-13 06:37:41.775,1,4,Read Input Registers,86,3,6992,0.449
2026-09-13 06:37:41.804,1,4,Read Input Registers,1537,54016,37092,0.029
2026-09-13 06:37:45.296,1,4,Read Input Registers,86,3,6992,0.449
2026-09-13 06:37:45.325,1,4,Read Input Registers,1539,40192,31885,0.029
2026-09-13 06:37:48.796,1,4,Read Input Registers,86,3,6992,0.449
2026-09-13 06:37:48.825,1,4,Read Input Registers,1536,45312,35100,0.029
2026-09-13 06:37:52.296,1,4,Read Input Registers,86,3,6992,0.449
2026-09-13 06:37:52.325,1,4,Read Input Registers,1536,46336,18925,0.029
2026-09-13 06:37:55.796,1,4,Read Input Registers,86,3,6992,0.449
2026-09-13 06:37:55.825,1,4,Read Input Registers,1538,16384,48736,0.029
2026-09-13 06:37:59.296,1,4,Read Input Registers,86,3,6992,0.449
2026-09-13 06:37:59.326,1,4,Read Input Registers,1537,35072,40380,0.03
2026-09-13 06:38:02.816,1,4,Read Input Registers,86,3,6992,0.026
2026-09-13 06:38:02.846,1,4,Read Input Registers,1539,11264,26353,0.03
2026-09-13 06:38:06.315,1,4,Read Input Registers,86,3,6992,0.449
2026-09-13 06:38:06.345,1,4,Read Input Registers,1539,6144,41536,0.03
2026-09-13 06:38:09.815,1,4,Read Input Registers,86,3,6992,0.449
2026-09-13 06:38:09.845,1,4,Read Input Registers,1538,51968,41412,0.03
2026-09-13 06:38:13.315,1,4,Read Input Registers,86,3,6992,0.449
2026-09-13 06:38:13.345,1,4,Read Input Registers,1536,42240,35372,0.03
2026-09-13 06:38:16.815,1,4,Read Input Registers,86,3,6992,0.449
2026-09-13 06:38:16.845,1,4,Read Input Registers,1537,55552,37244,0.03
2026-09-13 06:38:20.316,1,4,Read Input Registers,86,3,6992,0.45
2026-09-13 06:38:20.345,1,4,Read Input Registers,1539,36352,48904,0.029
2026-09-13 06:38:23.816,1,4,Read Input Registers,86,3,6992,0.45
2026-09-13 06:38:23.845,1,4,Read Input Registers,1538,30464,31381,0.029
2026-09-13 06:38:27.316,1,4,Read Input Registers,86,3,6992,0.449
2026-09-13 06:38:27.345,1,4,Read Input Registers,1536,30720,39360,0.029
2026-09-13 06:38:30.816,1,4,Read Input Registers,86,3,6992,0.449
2026-09-13 06:38:30.845,1,4,Read Input Registers,1536,36096,35916,0.029
2026-09-13 06:38:34.316,1,4,Read Input Registers,86,3,6992,0.449
2026-09-13 06:38:34.345,1,4,Read Input Registers,1537,59648,38204,0.029
2026-09-13 06:38:37.816,1,4,Read Input Registers,86,3,6992,0.449
2026-09-13 06:38:37.845,1,4,Read Input Registers,1538,35328,44792,0.029
2026-09-13 06:38:41.316,1,4,Read Input Registers,86,3,6992,0.449
2026-09-13 06:38:41.345,1,4,Read Input Registers,1536,62208,34404,0.029
2026-09-13 06:38:44.816,1,4,Read Input Registers,86,3,6992,0.449
2026-09-13 06:38:44.845,1,4,Read Input Registers,1538,4864,45796,0.029
2026-09-13 06:38:48.316,1,4,Read Input Registers,86,3,6992,0.449
2026-09-13 06:38:48.345,1,4,Read Input Registers,1537,5120,16721,0.029
2026-09-13 06:38:51.816,1,4,Read Input Registers,86,3,6992,0.449
2026-09-13 06:38:51.845,1,4,Read Input Registers,1537,62976,22441,0.029
2026-09-13 06:38:55.316,1,4,Read Input Registers,86,3,6992,0.449
2026-09-13 06:38:55.346,1,4,Read Input Registers,1538,7680,29641,0.03
2026-09-13 06:38:58.816,1,4,Read Input Registers,86,3,6992,0.449
2026-09-13 06:38:58.846,1,4,Read Input Registers,1539,32000,43532,0.03
2026-09-13 06:39:02.316,1,4,Read Input Registers,86,3,6992,0.449
2026-09-13 06:39:02.346,1,4,Read Input Registers,1537,55296,20801,0.03
2026-09-13 06:39:05.816,1,4,Read Input Registers,86,3,6992,0.449
2026-09-13 06:39:05.846,1,4,Read Input Registers,1536,56064,32772,0.03
2026-09-13 06:39:09.317,1,4,Read Input Registers,86,3,6992,0.45
2026-09-13 06:39:09.346,1,4,Read Input Registers,1538,22016,32041,0.029
2026-09-13 06:39:12.817,1,4,Read Input Registers,86,3,6992,0.45
2026-09-13 06:39:12.846,1,4,Read Input Registers,1538,22784,31869,0.029
2026-09-13 06:39:16.317,1,4,Read Input Registers,86,3,6992,0.45
2026-09-13 06:39:16.346,1,4,Read Input Registers,1537,39168,24189,0.029
2026-09-13 06:39:19.817,1,4,Read Input Registers,86,3,6992,0.449
2026-09-13 06:39:19.846,1,4,Read Input Registers,1537,31232,35000,0.029
2026-09-13 06:39:23.317,1,4,Read Input Registers,86,3,6992,0.449
2026-09-13 06:39:23.346,1,4,Read Input Registers,1537,49920,21285,0.029
2026-09-13 06:39:26.817,1,4,Read Input Registers,86,3,6992,0.449
2026-09-13 06:39:26.846,1,4,Read Input Registers,1538,65024,42312,0.029
2026-09-13 06:39:30.317,1,4,Read Input Registers,86,3,6992,0.449
2026-09-13 06:39:30.346,1,4,Read Input Registers,1538,45056,43808,0.029
2026-09-13 06:39:33.817,1,4,Read Input Registers,86,3,6992,0.449
2026-09-13 06:39:33.846,1,4,Read Input Registers,1539,32000,43532,0.029
2026-09-13 06:39:37.317,1,4,Read Input Registers,86,3,6992,0.449
2026-09-13 06:39:37.346,1,4,Read Input Registers,1539,39680,31749,0.029
2026-09-13 06:39:40.817,1,4,Read Input Registers,86,3,6992,0.449
2026-09-13 06:39:40.847,1,4,Read Input Registers,1539,9984,42836,0.03
2026-09-13 06:39:44.317,1,4,Read Input Registers,86,3,6992,0.449
2026-09-13 06:39:44.347,1,4,Read Input Registers,1536,58368,34064,0.03
2026-09-13 06:39:47.817,1,4,Read Input Registers,86,3,6992,0.449
2026-09-13 06:39:47.847,1,4,Read Input Registers,1538,42240,26669,0.03
2026-09-13 06:39:51.317,1,4,Read Input Registers,86,3,6992,0.449
2026-09-13 06:39:51.347,1,4,Read Input Registers,1537,42240,23341,0.03
2026-09-13 06:39:54.817,1,4,Read Input Registers,86,3,6992,0.449
2026-09-13 06:39:54.847,1,4,Read Input Registers,1538,12288,29985,0.03
2026-09-13 06:39:58.318,1,4,Read Input Registers,86,3,6992,0.45
2026-09-13 06:39:58.347,1,4,Read Input Registers,1539,30720,43712,0.029
2026-09-13 06:40:01.818,1,4,Read Input Registers,86,3,6992,0.45
2026-09-13 06:40:01.847,1,4,Read Input Registers,1536,32256,39240,0.029
2026-09-13 06:40:05.318,1,4,Read Input Registers,86,3,6992,0.45
2026-09-13 06:40:05.347,1,4,Read Input Registers,1536,54528,16749,0.029
2026-09-13 06:40:08.818,1,4,Read Input Registers,86,3,6992,0.449
2026-09-13 06:40:08.847,1,4,Read Input Registers,1536,27904,23245,0.029
2026-09-13 06:40:12.318,1,4,Read Input Registers,86,3,6992,0.449
2026-09-13 06:40:12.347,1,4,Read Input Registers,1537,50176,37776,0.029
2026-09-13 06:40:15.818,1,4,Read Input Registers,86,3,6992,0.449
2026-09-13 06:40:15.847,1,4,Read Input Registers,1537,24064,36808,0.029
2026-09-13 06:40:19.318,1,4,Read Input Registers,86,3,6992,0.449
2026-09-13 06:40:19.347,1,4,Read Input Registers,1538,50688,24809,0.029
2026-09-13 06:40:22.818,1,4,Read Input Registers,86,3,6992,0.449
2026-09-13 06:40:22.847,1,4,Read Input Registers,1536,62976,34472,0.029
2026-09-13 06:40:26.318,1,4,Read Input Registers,86,3,6992,0.449
2026-09-13 06:40:26.348,1,4,Read Input Registers,1538,6144,29505,0.03
2026-09-13 06:40:29.818,1,4,Read Input Registers,86,3,6992,0.449
2026-09-13 06:40:29.848,1,4,Read Input Registers,1536,59904,17529,0.03
2026-09-13 06:40:33.318,1,4,Read Input Registers,86,3,6992,0.449
2026-09-13 06:40:33.348,1,4,Read Input Registers,1536,50176,17041,0.03
2026-09-13 06:40:36.818,1,4,Read Input Registers,86,3,6992,0.449
2026-09-13 06:40:36.848,1,4,Read Input Registers,1537,52224,21105,0.03
2026-09-13 06:40:40.318,1,4,Read Input Registers,86,3,6992,0.449
2026-09-13 06:40:40.348,1,4,Read Input Registers,1537,27136,19321,0.03
2026-09-13 06:40:43.818,1,4,Read Input Registers,86,3,6992,0.311
2026-09-13 06:40:43.848,1,4,Read Input Registers,1538,10496,46908,0.03
2026-09-13 06:40:47.319,1,4,Read Input Registers,86,3,6992,0.45
2026-09-13 06:40:47.348,1,4,Read Input Registers,1539,512,24601,0.029
2026-09-13 06:40:50.819,1,4,Read Input Registers,86,3,6992,0.45
2026-09-13 06:40:50.848,1,4,Read Input Registers,1536,36352,35848,0.029
2026-09-13 06:40:54.319,1,4,Read Input Registers,86,3,6992,0.45
2026-09-13 06:40:54.348,1,4,Read Input Registers,1539,41472,31129,0.029
2026-09-13 06:40:57.819,1,4,Read Input Registers,86,3,6992,0.449
2026-09-13 06:40:57.848,1,4,Read Input Registers,1538,5632,45608,0.029
2026-09-13 06:41:01.319,1,4,Read Input Registers,86,3,6992,0.449
2026-09-13 06:41:01.348,1,4,Read Input Registers,1539,22528,27969,0.029
2026-09-13 06:41:04.819,1,4,Read Input Registers,86,3,6992,0.449
2026-09-13 06:41:04.848,1,4,Read Input Registers,1539,5632,25385,0.029
2026-09-13 06:41:08.319,1,4,Read Input Registers,86,3,6992,0.449
2026-09-13 06:41:08.348,1,4,Read Input Registers,1538,52224,24945,0.029
2026-09-13 06:41:11.819,1,4,Read Input Registers,86,3,6992,0.449
2026-09-13 06:41:11.848,1,4,Read Input Registers,1536,39424,36664,0.029
2026-09-13 06:41:15.319,1,4,Read Input Registers,86,3,6992,0.449
2026-09-13 06:41:15.349,1,4,Read Input Registers,1539,20224,28213,0.03
2026-09-13 06:41:18.819,1,4,Read Input Registers,86,3,6992,0.449
2026-09-13 06:41:18.849,1,4,Read Input Registers,1538,11520,30669,0.03
2026-09-13 06:41:22.319,1,4,Read Input Registers,86,3,6992,0.449
2026-09-13 06:41:22.348,1,4,Read Input Registers,1538,61440,25633,0.029
2026-09-13 06:41:25.819,1,4,Read Input Registers,86,3,6992,0.449
2026-09-13 06:41:25.849,1,4,Read Input Registers,1536,40704,36852,0.03
2026-09-13 06:41:29.319,1,4,Read Input Registers,86,3,6992,0.449
2026-09-13 06:41:29.349,1,4,Read Input Registers,1537,6144,16449,0.03
2026-09-13 06:41:32.819,1,4,Read Input Registers,86,3,6992,0.449
2026-09-13 06:41:32.849,1,4,Read Input Registers,1539,37888,32081,0.03
2026-09-13 06:41:36.319,1,4,Read Input Registers,86,3,6992,0.449
2026-09-13 06:41:36.349,1,4,Read Input Registers,1538,7936,46068,0.03
2026-09-13 06:41:39.820,1,4,Read Input Registers,86,3,6992,0.45
2026-09-13 06:41:39.849,1,4,Read Input Registers,1536,44544,19337,0.029
2026-09-13 06:41:43.572,1,4,Read Input Registers,86,3,6992,0.061
2026-09-13 06:41:43.602,1,4,Read Input Registers,1539,2560,41464,0.03
2026-09-13 06:41:47.062,1,4,Read Input Registers,86,3,6992,0.449
2026-09-13 06:41:47.091,1,4,Read Input Registers,1539,34048,32429,0.029
2026-09-13 06:41:50.562,1,4,Read Input Registers,86,3,6992,0.449
2026-09-13 06:41:50.591,1,4,Read Input Registers,1536,28672,22561,0.029
2026-09-13 06:41:54.062,1,4,Read Input Registers,86,3,6992,0.449
2026-09-13 06:41:54.091,1,4,Read Input Registers,1538,45568,27481,0.029
2026-09-13 06:41:57.562,1,4,Read Input Registers,86,3,6992,0.449
2026-09-13 06:41:57.591,1,4,Read Input Registers,1538,58624,42796,0.029
2026-09-13 06:42:01.062,1,4,Read Input Registers,86,3,6992,0.449
2026-09-13 06:42:01.091,1,4,Read Input Registers,1539,6400,25213,0.029
2026-09-13 06:42:04.562,1,4,Read Input Registers,86,3,6992,0.45
2026-09-13 06:42:04.592,1,4,Read Input Registers,1539,768,40996,0.03
2026-09-13 06:42:08.062,1,4,Read Input Registers,86,3,6992,0.449
2026-09-13 06:42:08.092,1,4,Read Input Registers,1539,32512,27253,0.03
2026-09-13 06:42:11.562,1,4,Read Input Registers,86,3,6992,0.449
2026-09-13 06:42:11.592,1,4,Read Input Registers,1537,46848,22677,0.03
2026-09-13 06:42:15.062,1,4,Read Input Registers,86,3,6992,0.449
2026-09-13 06:42:15.092,1,4,Read Input Registers,1537,7168,32944,0.03
2026-09-13 06:42:18.562,1,4,Read Input Registers,86,3,6992,0.449
2026-09-13 06:42:18.592,1,4,Read Input Registers,1538,35840,44656,0.03
2026-09-13 06:42:22.062,1,4,Read Input Registers,86,3,6992,0.449
2026-09-13 06:42:22.092,1,4,Read Input Registers,1539,37120,32157,0.03
2026-09-13 06:42:25.563,1,4,Read Input Registers,86,3,6992,0.45
2026-09-13 06:42:25.592,1,4,Read Input Registers,1537,27648,19441,0.029
2026-09-13 06:42:29.063,1,4,Read Input Registers,86,3,6992,0.45
2026-09-13 06:42:29.092,1,4,Read Input Registers,1536,47360,18685,0.029
2026-09-13 06:42:32.563,1,4,Read Input Registers,86,3,6992,0.45
2026-09-13 06:42:32.592,1,4,Read Input Registers,1539,17152,28453,0.029
2026-09-13 06:42:36.063,1,4,Read Input Registers,86,3,6992,0.449
2026-09-13 06:42:36.092,1,4,Read Input Registers,1539,46336,31469,0.029
2026-09-13 06:42:39.563,1,4,Read Input Registers,86,3,6992,0.449
2026-09-13 06:42:39.592,1,4,Read Input Registers,1537,29184,18777,0.029
2026-09-13 06:42:43.063,1,4,Read Input Registers,86,3,6992,0.449
2026-09-13 06:42:43.092,1,4,Read Input Registers,1537,12032,33972,0.029
2026-09-13 06:42:46.563,1,4,Read Input Registers,86,3,6992,0.449
2026-09-13 06:42:46.592,1,4,Read Input Registers,1539,35328,32761,0.029
2026-09-13 06:42:50.063,1,4,Read Input Registers,86,3,6992,0.449
2026-09-13 06:42:50.092,1,4,Read Input Registers,1539,14592,42492,0.029
2026-09-13 06:42:53.563,1,4,Read Input Registers,86,3,6992,0.449
2026-09-13 06:42:53.592,1,4,Read Input Registers,1536,60928,33928,0.029
2026-09-13 06:42:57.063,1,4,Read Input Registers,86,3,6992,0.449
2026-09-13 06:42:57.093,1,4,Read Input Registers,1539,2560,41464,0.03
2026-09-13 06:43:00.563,1,4,Read Input Registers,86,3,6992,0.449
2026-09-13 06:43:00.592,1,4,Read Input Registers,1536,60160,33860,0.029
2026-09-13 06:43:04.063,1,4,Read Input Registers,86,3,6992,0.449
2026-09-13 06:43:04.093,1,4,Read Input Registers,1536,63744,34812,0.03
2026-09-13 06:43:07.563,1,4,Read Input Registers,86,3,6992,0.449
2026-09-13 06:43:07.593,1,4,Read Input Registers,1538,56576,25229,0.03
2026-09-13 06:43:11.063,1,4,Read Input Registers,86,3,6992,0.449
2026-09-13 06:43:11.093,1,4,Read Input Registers,1536,56064,32772,0.03
2026-09-13 06:43:14.564,1,4,Read Input Registers,86,3,6992,0.45
2026-09-13 06:43:14.593,1,4,Read Input Registers,1539,37376,32217,0.029
2026-09-13 06:43:18.064,1,4,Read Input Registers,86,3,6992,0.449
2026-09-13 06:43:18.093,1,4,Read Input Registers,1537,56576,20877,0.029
2026-09-13 06:43:21.564,1,4,Read Input Registers,86,3,6992,0.449
2026-09-13 06:43:21.593,1,4,Read Input Registers,1536,32512,22901,0.029
2026-09-13 06:43:25.064,1,4,Read Input Registers,86,3,6992,0.449
2026-09-13 06:43:25.093,1,4,Read Input Registers,1539,19200,44740,0.029
2026-09-13 06:43:28.564,1,4,Read Input Registers,86,3,6992,0.449
2026-09-13 06:43:28.593,1,4,Read Input Registers,1538,1536,29161,0.029
2026-09-13 06:43:32.064,1,4,Read Input Registers,86,3,6992,0.449
2026-09-13 06:43:32.093,1,4,Read Input Registers,1539,24576,43232,0.029
2026-09-13 06:43:35.564,1,4,Read Input Registers,86,3,6992,0.449
2026-09-13 06:43:35.593,1,4,Read Input Registers,1539,27648,43504,0.029
2026-09-13 06:43:39.064,1,4,Read Input Registers,86,3,6992,0.449
2026-09-13 06:43:39.093,1,4,Read Input Registers,1539,12544,25629,0.029
2026-09-13 06:43:43.593,1,4,Read Input Registers,86,3,6992,1.02
2026-09-13 06:43:43.623,1,4,Read Input Registers,1539,0,41056,0.03
2026-09-13 06:43:47.602,1,4,Read Input Registers,86,3,6992,0.449
2026-09-13 06:43:47.632,1,4,Read Input Registers,1539,4608,41944,0.03
2026-09-13 06:43:51.623,1,4,Read Input Registers,86,3,6992,0.97
2026-09-13 06:43:51.652,1,4,Read Input Registers,1538,48384,27149,0.029
2026-09-13 06:43:56.142,1,4,Read Input Registers,86,3,6992,1.02
2026-09-13 06:44:01.237,1,4,Read Input Registers,86,3,6992,0.448
2026-09-13 06:44:08.313,1,4,Read Input Registers,86,3,6992,1.02
2026-09-13 06:44:12.908,1,4,Read Input Registers,86,3,6992,0.449
2026-09-13 06:44:12.937,1,4,Read Input Registers,1538,42752,43092,0.029
2026-09-13 06:44:16.408,1,4,Read Input Registers,86,3,6992,0.449
2026-09-13 06:44:16.437,1,4,Read Input Registers,1536,39680,20229,0.029
2026-09-13 06:44:19.908,1,4,Read Input Registers,86,3,6992,0.449
2026-09-13 06:44:19.937,1,4,Read Input Registers,1536,47360,18685,0.029
2026-09-13 06:44:23.408,1,4,Read Input Registers,86,3,6992,0.449
2026-09-13 06:44:23.437,1,4,Read Input Registers,1538,30464,31381,0.029
2026-09-13 06:44:26.908,1,4,Read Input Registers,86,3,6992,0.449
2026-09-13 06:44:26.937,1,4,Read Input Registers,1538,16128,29813,0.029
2026-09-13 06:44:30.408,1,4,Read Input Registers,86,3,6992,0.449
2026-09-13 06:44:30.437,1,4,Read Input Registers,1538,18688,49084,0.029
2026-09-13 06:44:34.938,1,4,Read Input Registers,86,3,6992,0.97
2026-09-13 06:44:34.968,1,4,Read Input Registers,1537,1024,33424,0.03
2026-09-13 06:44:40.984,1,4,Read Input Registers,86,3,6992,1.02
2026-09-13 06:44:41.014,1,4,Read Input Registers,1538,37632,27877,0.03
2026-09-13 06:44:49.110,1,4,Read Input Registers,86,3,6992,1.02
2026-09-13 06:44:49.139,1,4,Read Input Registers,1538,9984,30293,0.029
2026-09-13 06:44:57.215,1,4,Read Input Registers,86,3,6992,1.02
2026-09-13 06:45:05.310,1,4,Read Input Registers,86,3,6992,1.02
2026-09-13 06:45:12.385,1,4,Read Input Registers,86,3,6992,0.97
2026-09-13 06:45:19.970,1,4,Read Input Registers,86,3,6992,1.02
2026-09-13 06:45:20.000,1,4,Read Input Registers,1539,18944,28409,0.03
2026-09-13 06:45:26.615,1,4,Read Input Registers,86,3,6992,1.02
2026-09-13 06:45:26.644,1,4,Read Input Registers,1537,16384,36192,0.029
2026-09-13 06:45:31.132,1,4,Read Input Registers,86,3,6992,0.448
2026-09-13 06:45:31.162,1,4,Read Input Registers,1538,36096,28237,0.03
2026-09-13 06:45:35.662,1,4,Read Input Registers,86,3,6992,0.97
2026-09-13 06:45:35.691,1,4,Read Input Registers,1536,50176,17041,0.029
2026-09-13 06:45:39.671,1,4,Read Input Registers,86,3,6992,0.45
2026-09-13 06:45:39.700,1,4,Read Input Registers,1536,34048,19885,0.029
2026-09-13 06:45:43.171,1,4,Read Input Registers,86,3,6992,0.45
2026-09-13 06:45:43.200,1,4,Read Input Registers,1536,44544,19337,0.029
2026-09-13 06:45:46.671,1,4,Read Input Registers,86,3,6992,0.356
2026-09-13 06:45:46.700,1,4,Read Input Registers,1536,53504,33180,0.029
2026-09-13 06:45:50.171,1,4,Read Input Registers,86,3,6992,0.449
2026-09-13 06:45:50.200,1,4,Read Input Registers,1537,43520,23161,0.029
2026-09-13 06:45:53.671,1,4,Read Input Registers,86,3,6992,0.449
2026-09-13 06:45:53.700,1,4,Read Input Registers,1539,2560,41464,0.029
2026-09-13 06:45:57.171,1,4,Read Input Registers,86,3,6992,0.449
2026-09-13 06:45:57.200,1,4,Read Input Registers,1538,512,45336,0.029
2026-09-13 06:46:00.671,1,4,Read Input Registers,86,3,6992,0.449
2026-09-13 06:46:00.700,1,4,Read Input Registers,1537,23552,20401,0.029
2026-09-13 06:46:04.171,1,4,Read Input Registers,86,3,6992,0.346
2026-09-13 06:46:04.200,1,4,Read Input Registers,1537,12544,34332,0.029
2026-09-13 06:46:07.671,1,4,Read Input Registers,86,3,6992,0.449
2026-09-13 06:46:07.700,1,4,Read Input Registers,1537,2304,17341,0.029
2026-09-13 06:46:11.171,1,4,Read Input Registers,86,3,6992,0.449
2026-09-13 06:46:11.200,1,4,Read Input Registers,1538,2816,45252,0.029
2026-09-13 06:46:14.671,1,4,Read Input Registers,86,3,6992,0.449
2026-09-13 06:46:14.701,1,4,Read Input Registers,1538,50432,24749,0.03
2026-09-13 06:46:18.171,1,4,Read Input Registers,86,3,6992,0.449
2026-09-13 06:46:18.201,1,4,Read Input Registers,1538,26112,31081,0.03
2026-09-13 06:46:21.671,1,4,Read Input Registers,86,3,6992,0.449
2026-09-13 06:46:21.701,1,4,Read Input Registers,1538,43776,43332,0.03
2026-09-13 06:46:25.171,1,4,Read Input Registers,86,3,6992,0.449
2026-09-13 06:46:25.201,1,4,Read Input Registers,1536,43008,19201,0.03
2026-09-13 06:46:28.672,1,4,Read Input Registers,86,3,6992,0.187
2026-09-13 06:46:28.701,1,4,Read Input Registers,1537,1536,17129,0.029
2026-09-13 06:46:32.172,1,4,Read Input Registers,86,3,6992,0.45
2026-09-13 06:46:32.201,1,4,Read Input Registers,1537,30464,18837,0.029
2026-09-13 06:46:35.672,1,4,Read Input Registers,86,3,6992,0.449
2026-09-13 06:46:35.701,1,4,Read Input Registers,1539,14848,42424,0.029
2026-09-13 06:46:39.172,1,4,Read Input Registers,86,3,6992,0.449
2026-09-13 06:46:39.201,1,4,Read Input Registers,1538,63488,42432,0.029
2026-09-13 06:46:42.672,1,4,Read Input Registers,86,3,6992,0.449
2026-09-13 06:46:42.701,1,4,Read Input Registers,1538,57856,26521,0.029
2026-09-13 06:46:46.172,1,4,Read Input Registers,86,3,6992,0.449
2026-09-13 06:46:46.201,1,4,Read Input Registers,1538,18688,49084,0.029
2026-09-13 06:46:49.672,1,4,Read Input Registers,86,3,6992,0.449
2026-09-13 06:46:49.701,1,4,Read Input Registers,1537,59392,21761,0.029
2026-09-13 06:46:53.912,1,4,Read Input Registers,86,3,6992,1.189
2026-09-13 06:46:53.942,1,4,Read Input Registers,1537,57856,21657,0.03
2026-09-13 06:46:56.971,1,4,Read Input Registers,86,3,6992,0.449
2026-09-13 06:46:57.000,1,4,Read Input Registers,1539,15104,25989,0.029
2026-09-13 06:47:00.471,1,4,Read Input Registers,86,3,6992,0.449
2026-09-13 06:47:00.501,1,4,Read Input Registers,1537,45312,22557,0.03
2026-09-13 06:47:03.971,1,4,Read Input Registers,86,3,6992,0.449
2026-09-13 06:47:04.001,1,4,Read Input Registers,1539,35072,32701,0.03
2026-09-13 06:47:07.471,1,4,Read Input Registers,86,3,6992,0.449
2026-09-13 06:47:07.501,1,4,Read Input Registers,1536,44032,35824,0.03
2026-09-13 06:47:10.971,1,4,Read Input Registers,86,3,6992,0.449
2026-09-13 06:47:11.001,1,4,Read Input Registers,1536,48896,18549,0.03
2026-09-13 06:47:14.471,1,4,Read Input Registers,86,3,6992,0.152
2026-09-13 06:47:14.503,1,4,Read Input Registers,1539,5632,25385,0.032
2026-09-13 06:47:17.972,1,4,Read Input Registers,86,3,6992,0.45
2026-09-13 06:47:18.001,1,4,Read Input Registers,1536,51456,33724,0.029
2026-09-13 06:47:21.472,1,4,Read Input Registers,86,3,6992,0.45
2026-09-13 06:47:21.501,1,4,Read Input Registers,1539,38656,32021,0.029
2026-09-13 06:47:24.972,1,4,Read Input Registers,86,3,6992,0.449
2026-09-13 06:47:25.001,1,4,Read Input Registers,1538,34816,28289,0.029
2026-09-13 06:47:28.472,1,4,Read Input Registers,86,3,6992,0.449
2026-09-13 06:47:28.501,1,4,Read Input Registers,1538,48128,43568,0.029
2026-09-13 06:47:31.972,1,4,Read Input Registers,86,3,6992,0.449
2026-09-13 06:47:32.001,1,4,Read Input Registers,1537,59648,38204,0.029
2026-09-13 06:47:35.472,1,4,Read Input Registers,86,3,6992,0.449
2026-09-13 06:47:35.501,1,4,Read Input Registers,1537,30464,18837,0.029
2026-09-13 06:47:38.983,1,4,Read Input Registers,86,3,6992,0.449
2026-09-13 06:47:39.012,1,4,Read Input Registers,1537,55552,37244,0.029
2026-09-13 06:47:42.483,1,4,Read Input Registers,86,3,6992,0.449
2026-09-13 06:47:42.512,1,4,Read Input Registers,1536,64768,18189,0.029
2026-09-13 06:47:45.983,1,4,Read Input Registers,86,3,6992,0.449
2026-09-13 06:47:46.012,1,4,Read Input Registers,1537,28416,19381,0.029
2026-09-13 06:47:49.483,1,4,Read Input Registers,86,3,6992,0.449
2026-09-13 06:47:49.512,1,4,Read Input Registers,1538,5888,29205,0.029
2026-09-13 06:47:52.983,1,4,Read Input Registers,86,3,6992,0.449
2026-09-13 06:47:53.013,1,4,Read Input Registers,1538,47872,27269,0.03
2026-09-13 06:47:56.483,1,4,Read Input Registers,86,3,6992,0.449
2026-09-13 06:47:56.513,1,4,Read Input Registers,1539,28672,27425,0.03
2026-09-13 06:47:59.983,1,4,Read Input Registers,86,3,6992,0.45
2026-09-13 06:48:00.013,1,4,Read Input Registers,1536,30720,39360,0.03
2026-09-13 06:48:03.484,1,4,Read Input Registers,86,3,6992,0.45
2026-09-13 06:48:03.513,1,4,Read Input Registers,1539,16640,44892,0.029
2026-09-13 06:48:06.984,1,4,Read Input Registers,86,3,6992,0.45
2026-09-13 06:48:07.013,1,4,Read Input Registers,1537,47616,39352,0.029
2026-09-13 06:48:10.484,1,4,Read Input Registers,86,3,6992,0.449
2026-09-13 06:48:10.513,1,4,Read Input Registers,1538,34560,28629,0.029
2026-09-13 06:48:13.984,1,4,Read Input Registers,86,3,6992,0.449
2026-09-13 06:48:14.013,1,4,Read Input Registers,1537,49920,21285,0.029
2026-09-13 06:48:17.484,1,4,Read Input Registers,86,3,6992,0.449
2026-09-13 06:48:17.513,1,4,Read Input Registers,1538,62208,25701,0.029
2026-09-13 06:48:20.984,1,4,Read Input Registers,86,3,6992,0.449
2026-09-13 06:48:21.013,1,4,Read Input Registers,1537,19968,19465,0.029
2026-09-13 06:48:24.484,1,4,Read Input Registers,86,3,6992,0.45
2026-09-13 06:48:24.513,1,4,Read Input Registers,1537,768,16933,0.029
2026-09-13 06:48:27.984,1,4,Read Input Registers,86,3,6992,0.449
2026-09-13 06:48:28.013,1,4,Read Input Registers,1537,38656,40724,0.029
2026-09-13 06:48:31.484,1,4,Read Input Registers,86,3,6992,0.449
2026-09-13 06:48:31.513,1,4,Read Input Registers,1539,39680,31749,0.029
2026-09-13 06:48:34.984,1,4,Read Input Registers,86,3,6992,0.449
2026-09-13 06:48:35.014,1,4,Read Input Registers,1536,29440,22629,0.03
2026-09-13 06:48:38.484,1,4,Read Input Registers,86,3,6992,0.449
2026-09-13 06:48:38.514,1,4,Read Input Registers,1536,32512,22901,0.03
2026-09-13 06:48:41.984,1,4,Read Input Registers,86,3,6992,0.45
2026-09-13 06:48:42.014,1,4,Read Input Registers,1539,40448,31945,0.03
2026-09-13 06:48:45.484,1,4,Read Input Registers,86,3,6992,0.449
2026-09-13 06:48:45.514,1,4,Read Input Registers,1537,62208,22373,0.03
2026-09-13 06:48:48.984,1,4,Read Input Registers,86,3,6992,0.449
2026-09-13 06:48:49.014,1,4,Read Input Registers,1537,28672,35104,0.03
2026-09-13 06:48:52.485,1,4,Read Input Registers,86,3,6992,0.45
2026-09-13 06:48:52.514,1,4,Read Input Registers,1539,28416,43444,0.029
2026-09-13 06:48:55.985,1,4,Read Input Registers,86,3,6992,0.45
2026-09-13 06:48:56.014,1,4,Read Input Registers,1538,53504,25501,0.029
2026-09-13 06:48:59.485,1,4,Read Input Registers,86,3,6992,0.45
2026-09-13 06:48:59.514,1,4,Read Input Registers,1537,51456,21181,0.029
2026-09-13 06:49:02.985,1,4,Read Input Registers,86,3,6992,0.449
2026-09-13 06:49:03.014,1,4,Read Input Registers,1536,50688,33512,0.029
2026-09-13 06:49:06.492,1,4,Read Input Registers,86,3,6992,0.449
2026-09-13 06:49:06.521,1,4,Read Input Registers,1538,43520,27001,0.029
2026-09-13 06:49:09.992,1,4,Read Input Registers,86,3,6992,0.449
2026-09-13 06:49:10.021,1,4,Read Input Registers,1537,56576,20877,0.029
2026-09-13 06:49:13.492,1,4,Read Input Registers,86,3,6992,0.449
2026-09-13 06:49:13.521,1,4,Read Input Registers,1537,11264,34032,0.029
2026-09-13 06:49:16.992,1,4,Read Input Registers,86,3,6992,0.449
2026-09-13 06:49:17.021,1,4,Read Input Registers,1538,8192,46816,0.029
2026-09-13 06:49:20.492,1,4,Read Input Registers,86,3,6992,0.449
2026-09-13 06:49:20.522,1,4,Read Input Registers,1539,22784,44412,0.03
2026-09-13 06:49:23.992,1,4,Read Input Registers,86,3,6992,0.449
2026-09-13 06:49:24.022,1,4,Read Input Registers,1537,8704,17817,0.03
2026-09-13 06:49:27.492,1,4,Read Input Registers,86,3,6992,0.134
2026-09-13 06:49:27.522,1,4,Read Input Registers,1537,41472,39832,0.03
2026-09-13 06:49:30.992,1,4,Read Input Registers,86,3,6992,0.449
2026-09-13 06:49:31.022,1,4,Read Input Registers,1538,49152,24673,0.03
2026-09-13 06:49:34.492,1,4,Read Input Registers,86,3,6992,0.449
2026-09-13 06:49:34.522,1,4,Read Input Registers,1538,37376,44248,0.03
2026-09-13 06:49:37.992,1,4,Read Input Registers,86,3,6992,0.449
2026-09-13 06:49:38.022,1,4,Read Input Registers,1539,1024,24721,0.03
2026-09-13 06:49:41.493,1,4,Read Input Registers,86,3,6992,0.45
2026-09-13 06:49:41.522,1,4,Read Input Registers,1539,2560,41464,0.029
2026-09-13 06:49:44.993,1,4,Read Input Registers,86,3,6992,0.45
2026-09-13 06:49:45.022,1,4,Read Input Registers,1538,11264,47088,0.029
2026-09-13 06:49:48.493,1,4,Read Input Registers,86,3,6992,0.45
2026-09-13 06:49:48.522,1,4,Read Input Registers,1538,49664,40984,0.029
2026-09-13 06:49:51.993,1,4,Read Input Registers,86,3,6992,0.449
2026-09-13 06:49:52.022,1,4,Read Input Registers,1536,53760,33240,0.029
2026-09-13 06:49:55.493,1,4,Read Input Registers,86,3,6992,0.449
2026-09-13 06:49:55.522,1,4,Read Input Registers,1536,25600,23313,0.029
2026-09-13 06:49:58.993,1,4,Read Input Registers,86,3,6992,0.449
2026-09-13 06:49:59.022,1,4,Read Input Registers,1536,62464,18129,0.029
2026-09-13 06:50:02.493,1,4,Read Input Registers,86,3,6992,0.449
2026-09-13 06:50:02.522,1,4,Read Input Registers,1538,25600,47376,0.029
2026-09-13 06:50:05.993,1,4,Read Input Registers,86,3,6992,0.449
2026-09-13 06:50:06.022,1,4,Read Input Registers,1539,5888,41748,0.029
2026-09-13 06:50:09.493,1,4,Read Input Registers,86,3,6992,0.449
2026-09-13 06:50:09.522,1,4,Read Input Registers,1536,54016,16869,0.029
2026-09-13 06:50:12.993,1,4,Read Input Registers,86,3,6992,0.449
2026-09-13 06:50:13.023,1,4,Read Input Registers,1539,44800,47284,0.03
2026-09-13 06:50:16.493,1,4,Read Input Registers,86,3,6992,0.449
2026-09-13 06:50:16.523,1,4,Read Input Registers,1537,55808,37176,0.03
2026-09-13 06:50:19.993,1,4,Read Input Registers,86,3,6992,0.449
2026-09-13 06:50:20.023,1,4,Read Input Registers,1537,64256,38532,0.03
2026-09-13 06:50:23.493,1,4,Read Input Registers,86,3,6992,0.449
2026-09-13 06:50:23.523,1,4,Read Input Registers,1538,9216,30225,0.03
2026-09-13 06:50:26.993,1,4,Read Input Registers,86,3,6992,0.449
2026-09-13 06:50:27.023,1,4,Read Input Registers,1539,20992,27865,0.03
2026-09-13 06:50:30.494,1,4,Read Input Registers,86,3,6992,0.45
2026-09-13 06:50:30.523,1,4,Read Input Registers,1536,57856,34200,0.029
2026-09-13 06:50:33.994,1,4,Read Input Registers,86,3,6992,0.449
2026-09-13 06:50:34.023,1,4,Read Input Registers,1537,25088,35480,0.029
2026-09-13 06:50:37.494,1,4,Read Input Registers,86,3,6992,0.449
2026-09-13 06:50:37.523,1,4,Read Input Registers,1537,12544,34332,0.029
2026-09-13 06:50:40.994,1,4,Read Input Registers,86,3,6992,0.449
2026-09-13 06:50:41.023,1,4,Read Input Registers,1538,54528,41836,0.029
2026-09-13 06:50:44.494,1,4,Read Input Registers,86,3,6992,0.449
2026-09-13 06:50:44.523,1,4,Read Input Registers,1536,49664,16921,0.029
2026-09-13 06:50:47.994,1,4,Read Input Registers,86,3,6992,0.449
2026-09-13 06:50:48.023,1,4,Read Input Registers,1536,63744,34812,0.029
2026-09-13 06:50:51.494,1,4,Read Input Registers,86,3,6992,0.449
2026-09-13 06:50:51.523,1,4,Read Input Registers,1539,3840,41268,0.029
2026-09-13 06:50:54.994,1,4,Read Input Registers,86,3,6992,0.449
2026-09-13 06:50:55.023,1,4,Read Input Registers,1537,48640,22857,0.029
2026-09-13 06:50:58.494,1,4,Read Input Registers,86,3,6992,0.449
2026-09-13 06:50:58.523,1,4,Read Input Registers,1536,41216,19165,0.029
2026-09-13 06:51:01.994,1,4,Read Input Registers,86,3,6992,0.449
2026-09-13 06:51:02.024,1,4,Read Input Registers,1538,51712,25081,0.03
2026-09-13 06:51:05.494,1,4,Read Input Registers,86,3,6992,0.449
2026-09-13 06:51:05.524,1,4,Read Input Registers,1537,38656,40724,0.03
2026-09-13 06:51:08.994,1,4,Read Input Registers,86,3,6992,0.449
2026-09-13 06:51:09.024,1,4,Read Input Registers,1537,24320,20469,0.03
2026-09-13 06:51:12.494,1,4,Read Input Registers,86,3,6992,0.449
2026-09-13 06:51:12.524,1,4,Read Input Registers,1538,57856,26521,0.03
2026-09-13 06:51:15.995,1,4,Read Input Registers,86,3,6992,0.449
2026-09-13 06:51:16.024,1,4,Read Input Registers,1536,38400,36392,0.029
2026-09-13 06:51:19.495,1,4,Read Input Registers,86,3,6992,0.45
2026-09-13 06:51:19.524,1,4,Read Input Registers,1538,54528,41836,0.029
2026-09-13 06:51:22.995,1,4,Read Input Registers,86,3,6992,0.45
2026-09-13 06:51:23.024,1,4,Read Input Registers,1536,59136,34132,0.029
2026-09-13 06:51:26.495,1,4,Read Input Registers,86,3,6992,0.449
2026-09-13 06:51:26.524,1,4,Read Input Registers,1536,36096,35916,0.029
2026-09-13 06:51:29.995,1,4,Read Input Registers,86,3,6992,0.449
2026-09-13 06:51:30.024,1,4,Read Input Registers,1536,37888,20049,0.029
2026-09-13 06:51:33.495,1,4,Read Input Registers,86,3,6992,0.449
2026-09-13 06:51:33.524,1,4,Read Input Registers,1537,59392,21761,0.029
2026-09-13 06:51:36.995,1,4,Read Input Registers,86,3,6992,0.449
2026-09-13 06:51:37.024,1,4,Read Input Registers,1539,39168,48252,0.029
2026-09-13 06:51:40.495,1,4,Read Input Registers,86,3,6992,0.449
2026-09-13 06:51:40.524,1,4,Read Input Registers,1536,51200,17281,0.029
2026-09-13 06:51:43.995,1,4,Read Input Registers,86,3,6992,0.449
2026-09-13 06:51:44.024,1,4,Read Input Registers,1537,41984,39696,0.029
2026-09-13 06:51:47.495,1,4,Read Input Registers,86,3,6992,0.449
2026-09-13 06:51:47.525,1,4,Read Input Registers,1539,18432,44672,0.03
2026-09-13 06:51:50.995,1,4,Read Input Registers,86,3,6992,0.449
2026-09-13 06:51:51.025,1,4,Read Input Registers,1537,7424,16525,0.03
2026-09-13 06:51:54.495,1,4,Read Input Registers,86,3,6992,0.449
2026-09-13 06:51:54.525,1,4,Read Input Registers,1539,2304,41404,0.03
2026-09-13 06:51:57.995,1,4,Read Input Registers,86,3,6992,0.449
2026-09-13 06:51:58.025,1,4,Read Input Registers,1537,62208,22373,0.03
2026-09-13 06:52:01.495,1,4,Read Input Registers,86,3,6992,0.449
2026-09-13 06:52:01.525,1,4,Read Input Registers,1536,58368,34064,0.03
2026-09-13 06:52:04.996,1,4,Read Input Registers,86,3,6992,0.45
2026-09-13 06:52:05.025,1,4,Read Input Registers,1537,50176,37776,0.029
2026-09-13 06:52:08.496,1,4,Read Input Registers,86,3,6992,0.45
2026-09-13 06:52:08.525,1,4,Read Input Registers,1537,63232,38804,0.029
2026-09-13 06:52:11.996,1,4,Read Input Registers,86,3,6992,0.449
2026-09-13 06:52:12.025,1,4,Read Input Registers,1537,8960,34212,0.029
2026-09-13 06:52:15.496,1,4,Read Input Registers,86,3,6992,0.449
2026-09-13 06:52:15.525,1,4,Read Input Registers,1539,27904,27085,0.029
2026-09-13 06:52:18.996,1,4,Read Input Registers,86,3,6992,0.449
2026-09-13 06:52:19.025,1,4,Read Input Registers,1537,28416,19381,0.029
2026-09-13 06:52:22.496,1,4,Read Input Registers,86,3,6992,0.449
2026-09-13 06:52:22.525,1,4,Read Input Registers,1538,6912,29445,0.029
2026-09-13 06:52:25.996,1,4,Read Input Registers,86,3,6992,0.449
2026-09-13 06:52:26.025,1,4,Read Input Registers,1538,17408,32401,0.029
2026-09-13 06:52:29.496,1,4,Read Input Registers,86,3,6992,0.449
2026-09-13 06:52:29.525,1,4,Read Input Registers,1539,24320,44532,0.029
2026-09-13 06:52:32.996,1,4,Read Input Registers,86,3,6992,0.449
2026-09-13 06:52:33.026,1,4,Read Input Registers,1538,62208,25701,0.03
2026-09-13 06:52:36.496,1,4,Read Input Registers,86,3,6992,0.449
2026-09-13 06:52:36.526,1,4,Read Input Registers,1537,34304,40168,0.03
2026-09-13 06:52:39.996,1,4,Read Input Registers,86,3,6992,0.449
2026-09-13 06:52:40.026,1,4,Read Input Registers,1536,48128,18481,0.03
2026-09-13 06:52:43.496,1,4,Read Input Registers,86,3,6992,0.449
2026-09-13 06:52:43.526,1,4,Read Input Registers,1538,14336,46272,0.03
2026-09-13 06:52:46.996,1,4,Read Input Registers,86,3,6992,0.449
2026-09-13 06:52:47.026,1,4,Read Input Registers,1539,28416,43444,0.03
2026-09-13 06:52:50.497,1,4,Read Input Registers,86,3,6992,0.45
2026-09-13 06:52:50.526,1,4,Read Input Registers,1536,41728,35492,0.029
2026-09-13 06:52:53.997,1,4,Read Input Registers,86,3,6992,0.45
2026-09-13 06:52:54.026,1,4,Read Input Registers,1539,24320,44532,0.029
2026-09-13 06:52:57.497,1,4,Read Input Registers,86,3,6992,0.449
2026-09-13 06:52:57.526,1,4,Read Input Registers,1536,33024,36188,0.029
2026-09-13 06:53:00.997,1,4,Read Input Registers,86,3,6992,0.449
2026-09-13 06:53:01.026,1,4,Read Input Registers,1537,34816,23937,0.029
2026-09-13 06:53:04.497,1,4,Read Input Registers,86,3,6992,0.449
2026-09-13 06:53:04.526,1,4,Read Input Registers,1538,47872,27269,0.029
2026-09-13 06:53:07.997,1,4,Read Input Registers,86,3,6992,0.449
2026-09-13 06:53:08.026,1,4,Read Input Registers,1537,22272,36372,0.029
2026-09-13 06:53:11.497,1,4,Read Input Registers,86,3,6992,0.449
2026-09-13 06:53:11.526,1,4,Read Input Registers,1536,47872,34948,0.029
2026-09-13 06:53:14.997,1,4,Read Input Registers,86,3,6992,0.449
2026-09-13 06:53:15.026,1,4,Read Input Registers,1539,39424,48184,0.029
2026-09-13 06:53:18.497,1,4,Read Input Registers,86,3,6992,0.449
2026-09-13 06:53:18.526,1,4,Read Input Registers,1537,44032,23281,0.029
2026-09-13 06:53:21.997,1,4,Read Input Registers,86,3,6992,0.449
2026-09-13 06:53:22.027,1,4,Read Input Registers,1537,22272,36372,0.03
2026-09-13 06:53:25.497,1,4,Read Input Registers,86,3,6992,0.449
2026-09-13 06:53:25.527,1,4,Read Input Registers,1538,63232,42132,0.03
2026-09-13 06:53:28.997,1,4,Read Input Registers,86,3,6992,0.449
2026-09-13 06:53:29.027,1,4,Read Input Registers,1538,53504,25501,0.03
2026-09-13 06:53:32.497,1,4,Read Input Registers,86,3,6992,0.449
2026-09-13 06:53:32.527,1,4,Read Input Registers,1537,18944,36088,0.03
2026-09-13 06:53:35.997,1,4,Read Input Registers,86,3,6992,0.449
2026-09-13 06:53:36.027,1,4,Read Input Registers,1539,37632,48612,0.03
2026-09-13 06:53:39.498,1,4,Read Input Registers,86,3,6992,0.45
2026-09-13 06:53:39.527,1,4,Read Input Registers,1537,57856,21657,0.029
2026-09-13 06:53:42.998,1,4,Read Input Registers,86,3,6992,0.449
2026-09-13 06:53:43.027,1,4,Read Input Registers,1536,57344,17889,0.029
2026-09-13 06:53:46.498,1,4,Read Input Registers,86,3,6992,0.449
2026-09-13 06:53:46.527,1,4,Read Input Registers,1538,39680,44292,0.029
2026-09-13 06:53:49.998,1,4,Read Input Registers,86,3,6992,0.449
2026-09-13 06:53:50.027,1,4,Read Input Registers,1536,44032,35824,0.029
2026-09-13 06:53:53.498,1,4,Read Input Registers,86,3,6992,0.449
2026-09-13 06:53:53.527,1,4,Read Input Registers,1537,54784,36904,0.029
2026-09-13 06:53:56.998,1,4,Read Input Registers,86,3,6992,0.449
2026-09-13 06:53:57.027,1,4,Read Input Registers,1539,40192,31885,0.029
2026-09-13 06:54:00.498,1,4,Read Input Registers,86,3,6992,0.449
2026-09-13 06:54:00.527,1,4,Read Input Registers,1539,43776,30789,0.029
2026-09-13 06:54:03.998,1,4,Read Input Registers,86,3,6992,0.45
2026-09-13 06:54:04.027,1,4,Read Input Registers,1536,64512,34608,0.029
2026-09-13 06:54:07.498,1,4,Read Input Registers,86,3,6992,0.449
2026-09-13 06:54:07.527,1,4,Read Input Registers,1537,38144,24429,0.029
2026-09-13 06:54:10.998,1,4,Read Input Registers,86,3,6992,0.449
2026-09-13 06:54:11.028,1,4,Read Input Registers,1538,53248,41888,0.03
2026-09-13 06:54:14.498,1,4,Read Input Registers,86,3,6992,0.449
2026-09-13 06:54:14.528,1,4,Read Input Registers,1536,54528,16749,0.03
2026-09-13 06:54:17.998,1,4,Read Input Registers,86,3,6992,0.449
2026-09-13 06:54:18.028,1,4,Read Input Registers,1539,12544,25629,0.03
2026-09-13 06:54:21.498,1,4,Read Input Registers,86,3,6992,0.449
2026-09-13 06:54:21.528,1,4,Read Input Registers,1537,23552,20401,0.03
2026-09-13 06:54:24.998,1,4,Read Input Registers,86,3,6992,0.449
2026-09-13 06:54:25.028,1,4,Read Input Registers,1538,53760,25561,0.03
2026-09-13 06:54:28.499,1,4,Read Input Registers,86,3,6992,0.45
2026-09-13 06:54:28.528,1,4,Read Input Registers,1538,7168,46000,0.029
2026-09-13 06:54:31.999,1,4,Read Input Registers,86,3,6992,0.449
2026-09-13 06:54:32.028,1,4,Read Input Registers,1538,17920,48872,0.029
2026-09-13 06:54:35.499,1,4,Read Input Registers,86,3,6992,0.449
2026-09-13 06:54:35.528,1,4,Read Input Registers,1537,47872,22917,0.029
2026-09-13 06:54:38.999,1,4,Read Input Registers,86,3,6992,0.449
2026-09-13 06:54:39.028,1,4,Read Input Registers,1538,5376,45676,0.029
2026-09-13 06:54:42.499,1,4,Read Input Registers,86,3,6992,0.449
2026-09-13 06:54:42.528,1,4,Read Input Registers,1536,49920,33316,0.029
2026-09-13 06:54:45.999,1,4,Read Input Registers,86,3,6992,0.449
2026-09-13 06:54:46.028,1,4,Read Input Registers,1537,10496,33852,0.029
2026-09-13 06:54:49.499,1,4,Read Input Registers,86,3,6992,0.449
2026-09-13 06:54:49.528,1,4,Read Input Registers,1536,49152,33376,0.029
2026-09-13 06:54:52.999,1,4,Read Input Registers,86,3,6992,0.449
2026-09-13 06:54:53.028,1,4,Read Input Registers,1538,36608,44596,0.029
2026-09-13 06:54:56.499,1,4,Read Input Registers,86,3,6992,0.449
2026-09-13 06:54:56.528,1,4,Read Input Registers,1537,4096,33184,0.029
2026-09-13 06:54:59.999,1,4,Read Input Registers,86,3,6992,0.449
2026-09-13 06:55:00.029,1,4,Read Input Registers,1538,16128,29813,0.03
2026-09-13 06:55:03.499,1,4,Read Input Registers,86,3,6992,0.449
2026-09-13 06:55:03.529,1,4,Read Input Registers,1536,46080,35280,0.03
2026-09-13 06:55:07.000,1,4,Read Input Registers,86,3,6992,0.448
2026-09-13 06:55:07.030,1,4,Read Input Registers,1539,7424,41612,0.03
2026-09-13 06:55:10.500,1,4,Read Input Registers,86,3,6992,0.449
2026-09-13 06:55:10.530,1,4,Read Input Registers,1538,18944,49144,0.03
2026-09-13 06:55:14.001,1,4,Read Input Registers,86,3,6992,0.45
2026-09-13 06:55:14.030,1,4,Read Input Registers,1536,46080,35280,0.029
2026-09-13 06:55:17.501,1,4,Read Input Registers,86,3,6992,0.45
2026-09-13 06:55:17.530,1,4,Read Input Registers,1539,38400,48424,0.029
2026-09-13 06:55:21.001,1,4,Read Input Registers,86,3,6992,0.449
2026-09-13 06:55:21.030,1,4,Read Input Registers,1538,256,45404,0.029
2026-09-13 06:55:24.501,1,4,Read Input Registers,86,3,6992,0.449
2026-09-13 06:55:24.530,1,4,Read Input Registers,1538,45824,43876,0.029
2026-09-13 06:55:28.001,1,4,Read Input Registers,86,3,6992,0.45
2026-09-13 06:55:28.030,1,4,Read Input Registers,1537,56064,20741,0.029
