timestamp,slave_address,function_code,function_name,address_unit_1,quantity_unit_1,count_unit_1,mininum_value_register,maximum_value_register,tmean_value_register,mean_value_register,median_value_register,std_value_register,q1_value_register,q3_value_register,iqr_value_register,mad_value_register,entropy_value_register,mode_value_register,mode_freq_value_register,skewness_value_register,kurtosis_value_register,max_diff_value_register,avg_diff_value_register,median_diff_value_register,mad_diff_value_register,total_value_register,zeros_count_register,crc_calculated,delta_t
2026-09-13 05:28:15.077,1,16,Write Multiple Registers,2835,3,6,116,240,185,185,201,51,116,240,124,39,1584,116,1,0,1,124,104,124,39,557,0,28846,1.434
2026-09-13 05:28:18.577,1,16,Write Multiple Registers,2835,3,6,103,249,196,196,236,65,103,249,146,13,1584,103,1,0,1,146,139,146,13,588,0,29906,0.48
2026-09-13 05:28:22.077,1,16,Write Multiple Registers,2835,3,6,119,249,205,205,247,60,119,249,130,2,1584,119,1,0,1,130,129,130,2,615,0,46687,1.479
2026-09-13 05:28:25.577,1,16,Write Multiple Registers,2835,3,6,113,251,202,202,243,63,113,251,138,8,1584,113,1,0,1,138,134,138,8,607,0,45863,1.479
2026-09-13 05:28:29.077,1,16,Write Multiple Registers,2835,3,6,102,259,198,198,234,68,102,259,157,25,1584,102,1,0,1,157,144,157,25,595,0,26506,0.48
2026-09-13 05:28:32.577,1,16,Write Multiple Registers,2835,3,6,117,249,202,202,242,60,117,249,132,7,1584,117,1,0,1,132,128,132,7,608,0,30014,1.478
2026-09-13 05:28:36.088,1,16,Write Multiple Registers,2835,3,6,114,257,206,206,247,65,114,257,143,10,1584,114,1,0,1,143,138,143,10,618,0,41127,0.482
2026-09-13 05:28:39.588,1,16,Write Multiple Registers,2835,3,6,117,247,202,202,242,60,117,247,130,5,1584,117,1,0,1,130,127,130,5,606,0,46167,1.478
2026-09-13 05:28:43.088,1,16,Write Multiple Registers,2835,3,6,107,247,186,186,205,58,107,247,140,42,1584,107,1,0,1,140,119,140,42,559,0,46127,0.982
2026-09-13 05:28:46.588,1,16,Write Multiple Registers,2835,3,6,111,247,186,186,200,56,111,247,136,47,1584,111,1,0,1,136,112,136,47,558,0,30114,1.478
2026-09-13 05:28:50.089,1,16,Write Multiple Registers,2835,3,6,105,254,193,193,222,64,105,254,149,32,1584,105,1,0,1,149,133,149,32,581,0,45515,0.483
2026-09-13 05:28:53.589,1,16,Write Multiple Registers,2835,3,6,108,254,194,194,222,62,108,254,146,32,1584,108,1,0,1,146,130,146,32,584,0,45275,1.479
2026-09-13 05:28:57.089,1,16,Write Multiple Registers,2835,3,6,104,246,197,197,243,66,104,246,142,3,1584,104,1,0,1,142,140,142,3,593,0,45367,1.479
2026-09-13 05:29:00.589,1,16,Write Multiple Registers,2835,3,6,101,240,184,184,212,60,101,240,139,28,1584,101,1,0,1,139,125,139,28,553,0,30482,1.479
2026-09-13 05:29:04.089,1,16,Write Multiple Registers,2835,3,6,108,259,203,203,244,67,108,259,151,15,1584,108,1,0,1,151,143,151,15,611,0,26370,1.479
2026-09-13 05:29:07.589,1,16,Write Multiple Registers,2835,3,6,112,251,201,201,241,63,112,251,139,10,1584,112,1,0,1,139,134,139,10,604,0,45839,0.48
2026-09-13 05:29:11.089,1,16,Write Multiple Registers,2835,3,6,111,256,200,200,235,63,111,256,145,21,1584,111,1,0,1,145,134,145,21,602,0,42023,1.479
2026-09-13 05:29:14.631,1,16,Write Multiple Registers,2835,3,6,103,252,193,193,226,64,103,252,149,26,1584,103,1,0,1,149,136,149,26,581,0,46715,1.479
2026-09-13 05:29:18.131,1,16,Write Multiple Registers,2835,3,6,101,247,192,192,230,65,101,247,146,17,1584,101,1,0,1,146,137,146,17,578,0,29034,0.482
2026-09-13 05:29:21.631,1,16,Write Multiple Registers,2835,3,6,107,258,201,201,240,67,107,258,151,18,1584,107,1,0,1,151,142,151,18,605,0,42627,0.982
2026-09-13 05:29:25.131,1,16,Write Multiple Registers,2835,3,6,112,259,205,205,244,66,112,259,147,15,1584,112,1,0,1,147,139,147,15,615,0,41411,1.479
2026-09-13 05:29:28.631,1,16,Write Multiple Registers,2835,3,6,103,244,196,196,242,66,103,244,141,2,1584,103,1,0,1,141,140,141,2,589,0,46011,0.982
2026-09-13 05:29:32.131,1,16,Write Multiple Registers,2835,3,6,101,253,197,197,239,68,101,253,152,14,1584,101,1,0,1,152,145,152,14,593,0,30518,1.479
2026-09-13 05:29:35.631,1,16,Write Multiple Registers,2835,3,6,119,252,195,195,216,56,119,252,133,36,1584,119,1,0,1,133,115,133,36,587,0,30370,1.478
2026-09-13 05:29:39.131,1,16,Write Multiple Registers,2835,3,6,106,257,188,188,202,62,106,257,151,55,1584,106,1,0,1,151,123,151,55,565,0,25162,0.982
2026-09-13 05:29:42.631,1,16,Write Multiple Registers,2835,3,6,118,241,196,196,231,55,118,241,123,10,1584,118,1,0,1,123,118,123,10,590,0,30246,0.982
2026-09-13 05:29:46.131,1,16,Write Multiple Registers,2835,3,6,106,256,200,200,240,67,106,256,150,16,1584,106,1,0,1,150,142,150,16,602,0,42835,1.478
2026-09-13 05:29:49.632,1,16,Write Multiple Registers,2835,3,6,105,248,184,184,200,59,105,248,143,48,1584,105,1,0,1,143,119,143,48,553,0,28674,1.479
2026-09-13 05:29:53.132,1,16,Write Multiple Registers,2835,3,6,104,259,196,196,225,66,104,259,155,34,1584,104,1,0,1,155,138,155,34,588,0,25934,0.983
2026-09-13 05:29:56.632,1,16,Write Multiple Registers,2835,3,6,117,240,197,197,236,57,117,240,123,4,1584,117,1,0,1,123,121,123,4,593,0,30642,0.982
2026-09-13 05:30:00.132,1,16,Write Multiple Registers,2835,3,6,114,247,199,199,238,60,114,247,133,9,1584,114,1,0,1,133,128,133,9,599,0,46139,1.479
2026-09-13 05:30:03.632,1,16,Write Multiple Registers,2835,3,6,119,253,198,198,224,57,119,253,134,29,1584,119,1,0,1,134,119,134,29,596,0,29634,1.479
2026-09-13 05:30:07.132,1,16,Write Multiple Registers,2835,3,6,112,246,192,192,220,58,112,246,134,26,1584,112,1,0,1,134,121,134,26,578,0,28770,0.482
2026-09-13 05:30:10.632,1,16,Write Multiple Registers,2835,3,6,117,256,207,207,248,63,117,256,139,8,1584,117,1,0,1,139,135,139,8,621,0,41091,1.479
2026-09-13 05:30:14.132,1,16,Write Multiple Registers,2835,3,6,117,245,192,192,215,54,117,245,128,30,1584,117,1,0,1,128,113,128,30,577,0,45463,1.479
2026-09-13 05:30:17.632,1,16,Write Multiple Registers,2835,3,6,113,258,206,206,248,66,113,258,145,10,1584,113,1,0,1,145,140,145,10,619,0,41027,0.482
2026-09-13 05:30:21.132,1,16,Write Multiple Registers,2835,3,6,110,249,192,192,217,59,110,249,139,32,1584,110,1,0,1,139,123,139,32,576,0,29326,1.479
2026-09-13 05:30:24.632,1,16,Write Multiple Registers,2835,3,6,109,246,195,195,230,61,109,246,137,16,1584,109,1,0,1,137,129,137,16,585,0,29482,1.479
2026-09-13 05:30:28.132,1,16,Write Multiple Registers,2835,3,6,118,247,204,204,247,60,118,247,129,0,918,247,2,0,1,129,129,129,0,612,0,46951,0.482
2026-09-13 05:30:31.632,1,16,Write Multiple Registers,2835,3,6,109,248,199,199,240,63,109,248,139,8,1584,109,1,0,1,139,135,139,8,597,0,29442,0.48
2026-09-13 05:30:35.132,1,16,Write Multiple Registers,2835,3,6,114,254,202,202,238,62,114,254,140,16,1584,114,1,0,1,140,132,140,16,606,0,45819,0.982
2026-09-13 05:30:38.632,1,16,Write Multiple Registers,2835,3,6,109,244,191,191,220,58,109,244,135,24,1584,109,1,0,1,135,123,135,24,573,0,46963,0.482
2026-09-13 05:30:42.132,1,16,Write Multiple Registers,2835,3,6,115,247,197,197,229,58,115,247,132,18,1584,115,1,0,1,132,123,132,18,591,0,46543,1.478
2026-09-13 05:30:45.633,1,16,Write Multiple Registers,2835,3,6,112,256,198,198,228,62,112,256,144,28,1584,112,1,0,1,144,130,144,28,596,0,25410,1.479
2026-09-13 05:30:49.133,1,16,Write Multiple Registers,2835,3,6,119,258,201,201,228,59,119,258,139,30,1584,119,1,0,1,139,124,139,30,605,0,25458,0.983
2026-09-13 05:30:52.633,1,16,Write Multiple Registers,2835,3,6,105,242,186,186,213,58,105,242,137,29,1584,105,1,0,1,137,122,137,29,560,0,30062,1.479
2026-09-13 05:30:56.133,1,16,Write Multiple Registers,2835,3,6,103,253,186,186,204,62,103,253,150,49,1584,103,1,0,1,150,125,150,49,560,0,28754,1.479
2026-09-13 05:30:59.633,1,16,Write Multiple Registers,2835,3,6,104,243,194,194,236,63,104,243,139,7,1584,104,1,0,1,139,135,139,7,583,0,28770,1.479
2026-09-13 05:31:03.133,1,16,Write Multiple Registers,2835,3,6,119,252,192,192,206,55,119,252,133,46,1584,119,1,0,1,133,110,133,46,577,0,46571,0.482
2026-09-13 05:31:06.633,1,16,Write Multiple Registers,2835,3,6,107,248,197,197,237,64,107,248,141,11,1584,107,1,0,1,141,135,141,11,592,0,30702,0.48
2026-09-13 05:31:10.133,1,16,Write Multiple Registers,2835,3,6,103,249,186,186,208,61,103,249,146,41,1584,103,1,0,1,146,125,146,41,560,0,29058,0.482
2026-09-13 05:31:13.645,1,16,Write Multiple Registers,2835,3,6,114,253,197,197,224,59,114,253,139,29,1584,114,1,0,1,139,124,139,29,591,0,29394,0.982
2026-09-13 05:31:17.145,1,16,Write Multiple Registers,2835,3,6,110,250,198,198,234,62,110,250,140,16,1584,110,1,0,1,140,132,140,16,594,0,30666,1.479
2026-09-13 05:31:20.645,1,16,Write Multiple Registers,2835,3,6,111,257,205,205,247,66,111,257,146,10,1584,111,1,0,1,146,141,146,10,615,0,42551,0.982
2026-09-13 05:31:24.145,1,16,Write Multiple Registers,2835,3,6,104,256,189,189,208,63,104,256,152,48,1584,104,1,0,1,152,128,152,48,568,0,41075,1.479
2026-09-13 05:31:27.645,1,16,Write Multiple Registers,2835,3,6,113,242,185,185,200,53,113,242,129,42,1584,113,1,0,1,129,108,129,42,555,0,28674,1.479
2026-09-13 05:31:31.145,1,16,Write Multiple Registers,2835,3,6,104,251,193,193,224,63,104,251,147,27,1584,104,1,0,1,147,133,147,27,579,0,46963,0.48
2026-09-13 05:31:34.645,1,16,Write Multiple Registers,2835,3,6,104,250,188,188,211,61,104,250,146,39,1584,104,1,0,1,146,126,146,39,565,0,29622,0.482
2026-09-13 05:31:38.145,1,16,Write Multiple Registers,2835,3,6,106,251,198,198,238,65,106,251,145,13,1584,106,1,0,1,145,138,145,13,595,0,46779,0.982
2026-09-13 05:31:41.646,1,16,Write Multiple Registers,2835,3,6,118,253,204,204,241,61,118,253,135,12,1584,118,1,0,1,135,129,135,12,612,0,45167,0.483
2026-09-13 05:31:45.146,1,16,Write Multiple Registers,2835,3,6,110,256,193,193,213,61,110,256,146,43,1584,110,1,0,1,146,124,146,43,579,0,41311,1.479
2026-09-13 05:31:48.646,1,16,Write Multiple Registers,2835,3,6,117,248,197,197,228,57,117,248,131,20,1584,117,1,0,1,131,121,131,20,593,0,28754,0.48
2026-09-13 05:31:52.146,1,16,Write Multiple Registers,2835,3,6,112,259,205,205,245,66,112,259,147,14,1584,112,1,0,1,147,140,147,14,616,0,25086,1.479
2026-09-13 05:31:55.646,1,16,Write Multiple Registers,2835,3,6,106,247,188,188,212,59,106,247,141,35,1584,106,1,0,1,141,123,141,35,565,0,46691,0.982
2026-09-13 05:31:59.146,1,16,Write Multiple Registers,2835,3,6,102,243,194,194,239,65,102,243,141,4,1584,102,1,0,1,141,139,141,4,584,0,45895,1.479
2026-09-13 05:32:02.646,1,16,Write Multiple Registers,2835,3,6,106,244,190,190,221,60,106,244,138,23,1584,106,1,0,1,138,126,138,23,571,0,46847,0.482
2026-09-13 05:32:06.146,1,16,Write Multiple Registers,2835,3,6,109,249,200,200,244,64,109,249,140,5,1584,109,1,0,1,140,137,140,5,602,0,29906,1.479
2026-09-13 05:32:09.646,1,16,Write Multiple Registers,2835,3,6,113,255,200,200,233,62,113,255,142,22,1584,113,1,0,1,142,131,142,22,601,0,45695,0.482
2026-09-13 05:32:13.146,1,16,Write Multiple Registers,2835,3,6,101,259,191,191,213,66,101,259,158,46,1584,101,1,0,1,158,135,158,46,573,0,25198,1.479
2026-09-13 05:32:16.646,1,16,Write Multiple Registers,2835,3,6,107,240,182,182,200,55,107,240,133,40,1584,107,1,0,1,133,113,133,40,547,0,30370,0.48
2026-09-13 05:32:20.146,1,16,Write Multiple Registers,2835,3,6,113,246,194,194,225,58,113,246,133,21,1584,113,1,0,1,133,122,133,21,584,0,30046,0.982
2026-09-13 05:32:23.646,1,16,Write Multiple Registers,2835,3,6,110,249,202,202,247,65,110,249,139,2,1584,110,1,0,1,139,138,139,2,606,0,29070,1.478
2026-09-13 05:32:27.146,1,16,Write Multiple Registers,2835,3,6,119,250,201,201,236,58,119,250,131,14,1584,119,1,0,1,131,124,131,14,605,0,45203,1.478
2026-09-13 05:32:30.646,1,16,Write Multiple Registers,2835,3,6,114,246,188,188,206,55,114,246,132,40,1584,114,1,0,1,132,112,132,40,566,0,45947,1.478
2026-09-13 05:32:34.549,1,16,Write Multiple Registers,2835,3,6,100,243,186,186,216,62,100,243,143,27,1584,100,1,0,1,143,129,143,27,559,0,46867,1.468
2026-09-13 05:32:38.049,1,16,Write Multiple Registers,2835,3,6,110,243,190,190,217,57,110,243,133,26,1584,110,1,0,1,133,120,133,26,570,0,29966,0.982
2026-09-13 05:32:41.550,1,16,Write Multiple Registers,2835,3,6,109,251,193,193,221,61,109,251,142,30,1584,109,1,0,1,142,127,142,30,581,0,29454,0.983
2026-09-13 05:32:45.050,1,16,Write Multiple Registers,2835,3,6,108,249,199,199,240,64,108,249,141,9,1584,108,1,0,1,141,136,141,9,597,0,29810,0.482
2026-09-13 05:32:48.550,1,16,Write Multiple Registers,2835,3,6,106,244,196,196,240,64,106,244,138,4,1584,106,1,0,1,138,136,138,4,590,0,45139,1.479
2026-09-13 05:32:52.050,1,16,Write Multiple Registers,2835,3,6,104,256,200,200,242,68,104,256,152,14,1584,104,1,0,1,152,145,152,14,602,0,42891,1.479
2026-09-13 05:32:55.550,1,16,Write Multiple Registers,2835,3,6,111,248,187,187,203,57,111,248,137,45,1584,111,1,0,1,137,114,137,45,562,0,29094,0.899
2026-09-13 05:32:59.050,1,16,Write Multiple Registers,2835,3,6,108,256,189,189,205,61,108,256,148,51,1584,108,1,0,1,148,122,148,51,569,0,25566,0.482
2026-09-13 05:33:02.550,1,16,Write Multiple Registers,2835,3,6,119,251,196,196,219,56,119,251,132,32,1584,119,1,0,1,132,116,132,32,589,0,46247,1.479
2026-09-13 05:33:06.050,1,16,Write Multiple Registers,2835,3,6,101,254,188,188,211,64,101,254,153,43,1584,101,1,0,1,153,131,153,43,566,0,29478,0.482
2026-09-13 05:33:09.550,1,16,Write Multiple Registers,2835,3,6,105,247,190,190,219,61,105,247,142,28,1584,105,1,0,1,142,128,142,28,571,0,47047,0.482
2026-09-13 05:33:13.050,1,16,Write Multiple Registers,2835,3,6,105,257,203,203,249,69,105,257,152,8,1584,105,1,0,1,152,148,152,8,611,0,26302,0.482
2026-09-13 05:33:16.550,1,16,Write Multiple Registers,2835,3,6,115,243,195,195,227,56,115,243,128,16,1584,115,1,0,1,128,120,128,16,585,0,30278,1.479
2026-09-13 05:33:20.050,1,16,Write Multiple Registers,2835,3,6,100,243,191,191,232,64,100,243,143,11,1584,100,1,0,1,143,137,143,11,575,0,45907,0.542
2026-09-13 05:33:23.550,1,16,Write Multiple Registers,2835,3,6,103,254,201,201,248,69,103,254,151,6,1584,103,1,0,1,151,148,151,6,605,0,46499,0.982
2026-09-13 05:33:27.050,1,16,Write Multiple Registers,2835,3,6,115,257,205,205,243,63,115,257,142,14,1584,115,1,0,1,142,135,142,14,615,0,40967,1.478
2026-09-13 05:33:30.550,1,16,Write Multiple Registers,2835,3,6,101,259,192,192,216,66,101,259,158,43,1584,101,1,0,1,158,136,158,43,576,0,41795,1.478
2026-09-13 05:33:34.051,1,16,Write Multiple Registers,2835,3,6,103,246,187,187,213,61,103,246,143,33,1584,103,1,0,1,143,126,143,33,562,0,29966,0.483
2026-09-13 05:33:37.551,1,16,Write Multiple Registers,2835,3,6,112,240,185,185,204,53,112,240,128,36,1584,112,1,0,1,128,110,128,36,556,0,45347,1.479
2026-09-13 05:33:41.065,1,16,Write Multiple Registers,2835,3,6,103,250,192,192,225,64,103,250,147,25,1584,103,1,0,1,147,134,147,25,578,0,46271,0.482
2026-09-13 05:33:44.565,1,16,Write Multiple Registers,2835,3,6,112,258,194,194,213,61,112,258,146,45,1584,112,1,0,1,146,123,146,45,583,0,26302,1.479
2026-09-13 05:33:48.065,1,16,Write Multiple Registers,2835,3,6,103,244,189,189,222,61,103,244,141,22,1584,103,1,0,1,141,130,141,22,569,0,29994,0.982
2026-09-13 05:33:51.565,1,16,Write Multiple Registers,2835,3,6,117,244,190,190,209,53,117,244,127,35,1584,117,1,0,1,127,109,127,35,570,0,29150,1.479
2026-09-13 05:33:55.065,1,16,Write Multiple Registers,2835,3,6,113,257,196,196,218,60,113,257,144,39,1584,113,1,0,1,144,124,144,39,588,0,42747,1.479
2026-09-13 05:33:58.565,1,16,Write Multiple Registers,2835,3,6,102,248,193,193,230,65,102,248,146,18,1584,102,1,0,1,146,137,146,18,580,0,30170,0.482
2026-09-13 05:34:02.065,1,16,Write Multiple Registers,2835,3,6,114,249,196,196,227,59,114,249,135,22,1584,114,1,0,1,135,124,135,22,590,0,45463,1.479
2026-09-13 05:34:05.565,1,16,Write Multiple Registers,2835,3,6,103,249,189,189,217,62,103,249,146,32,1584,103,1,0,1,146,130,146,32,569,0,28766,0.478
2026-09-13 05:34:09.065,1,16,Write Multiple Registers,2835,3,6,119,251,196,196,220,56,119,251,132,31,1584,119,1,0,1,132,116,132,31,590,0,29714,1.479
2026-09-13 05:34:12.565,1,16,Write Multiple Registers,2835,3,6,118,256,207,207,248,63,118,256,138,8,1584,118,1,0,1,138,134,138,8,622,0,41075,1.479
2026-09-13 05:34:16.065,1,16,Write Multiple Registers,2835,3,6,101,259,192,192,216,66,101,259,158,43,1584,101,1,0,1,158,136,158,43,576,0,41795,1.478
2026-09-13 05:34:19.565,1,16,Write Multiple Registers,2835,3,6,113,256,204,204,245,64,113,256,143,11,1584,113,1,0,1,143,137,143,11,614,0,41199,1.478
2026-09-13 05:34:23.065,1,16,Write Multiple Registers,2835,3,6,104,247,188,188,214,61,104,247,143,33,1584,104,1,0,1,143,126,143,33,565,0,46779,1.478
2026-09-13 05:34:26.565,1,16,Write Multiple Registers,2835,3,6,118,240,190,190,214,52,118,240,122,26,1584,118,1,0,1,122,109,122,26,572,0,29338,0.482
2026-09-13 05:34:30.066,1,16,Write Multiple Registers,2835,3,6,114,259,206,206,246,65,114,259,145,13,1584,114,1,0,1,145,138,145,13,619,0,41243,1.479
2026-09-13 05:34:33.566,1,16,Write Multiple Registers,2835,3,6,102,245,196,196,243,66,102,245,143,2,1584,102,1,0,1,143,142,143,2,590,0,28958,0.483
2026-09-13 05:34:37.066,1,16,Write Multiple Registers,2835,3,6,119,256,194,194,209,56,119,256,137,47,1584,119,1,0,1,137,113,137,47,584,0,42623,1.479
2026-09-13 05:34:40.566,1,16,Write Multiple Registers,2835,3,6,111,257,194,194,214,61,111,257,146,43,1584,111,1,0,1,146,124,146,43,582,0,41355,0.482
2026-09-13 05:34:44.066,1,16,Write Multiple Registers,2835,3,6,115,258,191,191,202,58,115,258,143,56,1584,115,1,0,1,143,115,143,56,575,0,42203,0.982
2026-09-13 05:34:47.566,1,16,Write Multiple Registers,2835,3,6,105,252,192,192,220,63,105,252,147,32,1584,105,1,0,1,147,131,147,32,577,0,45107,1.403
2026-09-13 05:34:51.066,1,16,Write Multiple Registers,2835,3,6,111,243,187,187,207,55,111,243,132,36,1584,111,1,0,1,132,114,132,36,561,0,30230,0.982
2026-09-13 05:34:54.566,1,16,Write Multiple Registers,2835,3,6,110,251,192,192,215,59,110,251,141,36,1584,110,1,0,1,141,123,141,36,576,0,29286,1.479
2026-09-13 05:34:58.066,1,16,Write Multiple Registers,2835,3,6,105,242,183,183,204,57,105,242,137,38,1584,105,1,0,1,137,118,137,38,551,0,46963,1.479
2026-09-13 05:35:01.566,1,16,Write Multiple Registers,2835,3,6,118,259,193,193,203,57,118,259,141,56,1584,118,1,0,1,141,113,141,56,580,0,42295,1.479
2026-09-13 05:35:05.066,1,16,Write Multiple Registers,2835,3,6,113,240,192,192,225,56,113,240,127,15,1584,113,1,0,1,127,119,127,15,578,0,30686,1.479
2026-09-13 05:35:08.566,1,16,Write Multiple Registers,2835,3,6,100,252,188,188,213,64,100,252,152,39,1584,100,1,0,1,152,132,152,39,565,0,29310,0.982
2026-09-13 05:35:12.066,1,16,Write Multiple Registers,2835,3,6,116,252,193,193,213,57,116,252,136,39,1584,116,1,0,1,136,116,136,39,581,0,46975,1.478
2026-09-13 05:35:15.566,1,16,Write Multiple Registers,2835,3,6,107,256,195,195,223,63,107,256,149,33,1584,107,1,0,1,149,132,149,33,586,0,41431,1.478
2026-09-13 05:35:19.066,1,16,Write Multiple Registers,2835,3,6,107,250,194,194,227,62,107,250,143,23,1584,107,1,0,1,143,131,143,23,584,0,30470,0.982
2026-09-13 05:35:22.566,1,16,Write Multiple Registers,2835,3,6,110,250,188,188,204,58,110,250,140,46,1584,110,1,0,1,140,117,140,46,564,0,45251,0.982
2026-09-13 05:35:26.067,1,16,Write Multiple Registers,2835,3,6,113,251,199,199,233,61,113,251,138,18,1584,113,1,0,1,138,129,138,18,597,0,29054,1.479
2026-09-13 05:35:29.567,1,16,Write Multiple Registers,2835,3,6,110,242,184,184,200,55,110,242,132,42,1584,110,1,0,1,132,111,132,42,552,0,46643,0.983
2026-09-13 05:35:33.067,1,16,Write Multiple Registers,2835,3,6,112,253,190,190,206,58,112,253,141,47,1584,112,1,0,1,141,117,141,47,571,0,46235,0.982
2026-09-13 05:35:36.567,1,16,Write Multiple Registers,2835,3,6,109,255,203,203,247,67,109,255,146,8,1584,109,1,0,1,146,142,146,8,611,0,30230,0.48
2026-09-13 05:35:40.067,1,16,Write Multiple Registers,2835,3,6,110,253,202,202,245,65,110,253,143,8,1584,110,1,0,1,143,139,143,8,608,0,30494,0.982
2026-09-13 05:35:43.567,1,16,Write Multiple Registers,2835,3,6,117,247,201,201,241,59,117,247,130,6,1584,117,1,0,1,130,127,130,6,605,0,46879,0.48
2026-09-13 05:35:47.067,1,16,Write Multiple Registers,2835,3,6,107,241,186,186,212,57,107,241,134,29,1584,107,1,0,1,134,119,134,29,560,0,29874,1.479
2026-09-13 05:35:50.567,1,16,Write Multiple Registers,2835,3,6,100,247,197,197,246,69,100,247,147,1,1584,100,1,0,1,147,146,147,1,593,0,29190,0.48
2026-09-13 05:35:54.067,1,16,Write Multiple Registers,2835,3,6,109,254,200,200,237,64,109,254,145,17,1584,109,1,0,1,145,136,145,17,600,0,29838,1.479
2026-09-13 05:35:57.567,1,16,Write Multiple Registers,2835,3,6,116,258,203,203,235,62,116,258,142,23,1584,116,1,0,1,142,130,142,23,609,0,25302,1.479
2026-09-13 05:36:01.067,1,16,Write Multiple Registers,2835,3,6,113,244,199,199,242,61,113,244,131,2,1584,113,1,0,1,131,130,131,2,599,0,30554,1.479
2026-09-13 05:36:04.567,1,16,Write Multiple Registers,2835,3,6,106,255,200,200,240,66,106,255,149,15,1584,106,1,0,1,149,141,149,15,601,0,30482,1.478
2026-09-13 05:36:08.067,1,16,Write Multiple Registers,2835,3,6,112,245,189,189,212,56,112,245,133,33,1584,112,1,0,1,133,116,133,33,569,0,45251,0.982
2026-09-13 05:36:11.567,1,16,Write Multiple Registers,2835,3,6,115,258,201,201,230,61,115,258,143,28,1584,115,1,0,1,143,129,143,28,603,0,25162,0.482
2026-09-13 05:36:15.067,1,16,Write Multiple Registers,2835,3,6,105,242,192,192,231,62,105,242,137,11,1584,105,1,0,1,137,131,137,11,578,0,45399,0.982
2026-09-13 05:36:18.567,1,16,Write Multiple Registers,2835,3,6,116,254,206,206,249,63,116,254,138,5,1584,116,1,0,1,138,135,138,5,619,0,45167,1.478
2026-09-13 05:36:22.068,1,16,Write Multiple Registers,2835,3,6,111,242,198,198,241,61,111,242,131,1,1584,111,1,0,1,131,130,131,1,594,0,29434,1.479
2026-09-13 05:36:25.568,1,16,Write Multiple Registers,2835,3,6,100,243,188,188,222,63,100,243,143,21,1584,100,1,0,1,143,132,143,21,565,0,47003,0.483
2026-09-13 05:36:29.068,1,16,Write Multiple Registers,2835,3,6,113,243,197,197,235,59,113,243,130,8,1584,113,1,0,1,130,126,130,8,591,0,30470,0.481
2026-09-13 05:36:32.568,1,16,Write Multiple Registers,2835,3,6,110,253,189,189,205,59,110,253,143,48,1584,110,1,0,1,143,119,143,48,568,0,45759,0.482
2026-09-13 05:36:36.068,1,16,Write Multiple Registers,2835,3,6,107,259,195,195,220,64,107,259,152,39,1584,107,1,0,1,152,132,152,39,586,0,41171,0.982
2026-09-13 05:36:39.568,1,16,Write Multiple Registers,2835,3,6,100,244,185,185,211,61,100,244,144,33,1584,100,1,0,1,144,127,144,33,555,0,46327,1.479
2026-09-13 05:36:43.068,1,16,Write Multiple Registers,2835,3,6,101,244,181,181,200,59,101,244,143,44,1584,101,1,0,1,143,121,143,44,545,0,30402,0.48
2026-09-13 05:36:46.568,1,16,Write Multiple Registers,2835,3,6,102,247,194,194,233,65,102,247,145,14,1584,102,1,0,1,145,138,145,14,582,0,28878,1.479
2026-09-13 05:36:50.068,1,16,Write Multiple Registers,2835,3,6,113,243,196,196,233,59,113,243,130,10,1584,113,1,0,1,130,125,130,10,589,0,46975,0.982
2026-09-13 05:36:53.568,1,16,Write Multiple Registers,2835,3,6,115,247,189,189,206,55,115,247,132,41,1584,115,1,0,1,132,111,132,41,568,0,46059,1.478
2026-09-13 05:36:58.155,1,16,Write Multiple Registers,2835,3,6,117,249,189,189,203,54,117,249,132,46,1584,117,1,0,1,132,109,132,46,569,0,30278,0.982
2026-09-13 05:37:01.655,1,16,Write Multiple Registers,2835,3,6,106,255,199,199,236,66,106,255,149,19,1584,106,1,0,1,149,139,149,19,597,0,46531,1.478
2026-09-13 05:37:05.155,1,16,Write Multiple Registers,2835,3,6,109,255,200,200,238,65,109,255,146,17,1584,109,1,0,1,146,137,146,17,602,0,46091,0.982
2026-09-13 05:37:08.655,1,16,Write Multiple Registers,2835,3,6,102,255,189,189,211,64,102,255,153,44,1584,102,1,0,1,153,131,153,44,568,0,45847,1.478
2026-09-13 05:37:12.155,1,16,Write Multiple Registers,2835,3,6,103,255,201,201,246,69,103,255,152,9,1584,103,1,0,1,152,147,152,9,604,0,46091,0.481
2026-09-13 05:37:15.656,1,16,Write Multiple Registers,2835,3,6,100,242,184,184,210,60,100,242,142,32,1584,100,1,0,1,142,126,142,32,552,0,30282,0.483
2026-09-13 05:37:19.156,1,16,Write Multiple Registers,2835,3,6,105,250,191,191,220,62,105,250,145,30,1584,105,1,0,1,145,130,145,30,575,0,45747,0.982
2026-09-13 05:37:22.656,1,16,Write Multiple Registers,2835,3,6,115,256,193,193,208,58,115,256,141,48,1584,115,1,0,1,141,117,141,48,579,0,42755,1.479
2026-09-13 05:37:26.156,1,16,Write Multiple Registers,2835,3,6,110,245,189,189,212,57,110,245,135,33,1584,110,1,0,1,135,118,135,33,567,0,46755,0.145
2026-09-13 05:37:29.656,1,16,Write Multiple Registers,2835,3,6,108,255,192,192,213,61,108,255,147,42,1584,108,1,0,1,147,126,147,42,576,0,45503,0.48
2026-09-13 05:37:33.156,1,16,Write Multiple Registers,2835,3,6,103,247,198,198,244,67,103,247,144,3,1584,103,1,0,1,144,142,144,3,594,0,45943,0.48
2026-09-13 05:37:36.656,1,16,Write Multiple Registers,2835,3,6,108,257,196,196,224,63,108,257,149,33,1584,108,1,0,1,149,132,149,33,589,0,42419,1.479
2026-09-13 05:37:40.156,1,16,Write Multiple Registers,2835,3,6,112,250,188,188,203,57,112,250,138,47,1584,112,1,0,1,138,114,138,47,565,0,30230,1.479
2026-09-13 05:37:43.656,1,16,Write Multiple Registers,2835,3,6,116,254,190,190,201,56,116,254,138,53,1584,116,1,0,1,138,111,138,53,571,0,46127,0.48
2026-09-13 05:37:47.156,1,16,Write Multiple Registers,2835,3,6,118,257,201,201,230,60,118,257,139,27,1584,118,1,0,1,139,125,139,27,605,0,25114,1.159
2026-09-13 05:37:50.656,1,16,Write Multiple Registers,2835,3,6,113,258,193,193,209,60,113,258,145,49,1584,113,1,0,1,145,120,145,49,580,0,26142,1.479
2026-09-13 05:37:54.156,1,16,Write Multiple Registers,2835,3,6,103,259,189,189,207,64,103,259,156,52,1584,103,1,0,1,156,130,156,52,569,0,24726,1.479
2026-09-13 05:37:57.656,1,16,Write Multiple Registers,2835,3,6,106,255,195,195,224,64,106,255,149,31,1584,106,1,0,1,149,133,149,31,585,0,46291,0.482
2026-09-13 05:38:01.156,1,16,Write Multiple Registers,2835,3,6,109,254,189,189,206,60,109,254,145,48,1584,109,1,0,1,145,121,145,48,569,0,45899,0.482
2026-09-13 05:38:04.699,1,16,Write Multiple Registers,2835,3,6,116,248,189,189,204,54,116,248,132,44,1584,116,1,0,1,132,110,132,44,568,0,46691,0.045
2026-09-13 05:38:08.189,1,16,Write Multiple Registers,2835,3,6,118,248,189,189,203,53,118,248,130,45,1584,118,1,0,1,130,107,130,45,569,0,46711,0.481
2026-09-13 05:38:11.689,1,16,Write Multiple Registers,2835,3,6,112,245,199,199,241,61,112,245,133,4,1584,112,1,0,1,133,131,133,4,598,0,29822,0.983
2026-09-13 05:38:15.189,1,16,Write Multiple Registers,2835,3,6,106,248,185,185,201,59,106,248,142,47,1584,106,1,0,1,142,118,142,47,555,0,45263,0.483
2026-09-13 05:38:18.689,1,16,Write Multiple Registers,2835,3,6,117,248,204,204,248,61,117,248,131,0,918,248,2,0,1,131,131,131,0,613,0,45699,0.982
2026-09-13 05:38:22.217,1,16,Write Multiple Registers,2835,3,6,104,249,190,190,217,62,104,249,145,32,1584,104,1,0,1,145,129,145,32,570,0,29550,0.044
2026-09-13 05:38:25.707,1,16,Write Multiple Registers,2835,3,6,113,240,192,192,224,56,113,240,127,16,1584,113,1,0,1,127,119,127,16,577,0,47075,1.479
2026-09-13 05:38:29.207,1,16,Write Multiple Registers,2835,3,6,103,257,191,191,214,64,103,257,154,43,1584,103,1,0,1,154,132,154,43,574,0,25354,1.479
2026-09-13 05:38:32.707,1,16,Write Multiple Registers,2835,3,6,108,249,192,192,221,60,108,249,141,28,1584,108,1,0,1,141,127,141,28,578,0,29406,0.482
2026-09-13 05:38:36.207,1,16,Write Multiple Registers,2835,3,6,107,248,188,188,211,59,107,248,141,37,1584,107,1,0,1,141,122,141,37,566,0,45767,1.479
2026-09-13 05:38:39.707,1,16,Write Multiple Registers,2835,3,6,118,245,196,196,227,56,118,245,127,18,1584,118,1,0,1,127,118,127,18,590,0,30166,0.982
2026-09-13 05:38:43.207,1,16,Write Multiple Registers,2835,3,6,109,250,202,202,247,65,109,250,141,3,1584,109,1,0,1,141,139,141,3,606,0,30166,0.482
2026-09-13 05:38:46.707,1,16,Write Multiple Registers,2835,3,6,114,248,187,187,201,55,114,248,134,47,1584,114,1,0,1,134,110,134,47,563,0,46927,0.482
2026-09-13 05:38:50.207,1,16,Write Multiple Registers,2835,3,6,110,251,200,200,239,63,110,251,141,12,1584,110,1,0,1,141,135,141,12,600,0,47047,1.478
2026-09-13 05:38:53.707,1,16,Write Multiple Registers,2835,3,6,102,252,199,199,245,69,102,252,150,7,1584,102,1,0,1,150,146,150,7,599,0,30046,0.482
2026-09-13 05:38:57.207,1,16,Write Multiple Registers,2835,3,6,108,255,191,191,212,61,108,255,147,43,1584,108,1,0,1,147,125,147,43,575,0,29058,0.48
2026-09-13 05:39:00.751,1,16,Write Multiple Registers,2835,3,6,104,252,196,196,233,65,104,252,148,19,1584,104,1,0,1,148,138,148,19,589,0,29934,0.483
2026-09-13 05:39:04.251,1,16,Write Multiple Registers,2835,3,6,115,257,193,193,207,58,115,257,142,50,1584,115,1,0,1,142,117,142,50,579,0,42327,1.479
2026-09-13 05:39:07.751,1,16,Write Multiple Registers,2835,3,6,119,248,200,200,233,57,119,248,129,15,1584,119,1,0,1,129,121,129,15,600,0,29150,1.479
2026-09-13 05:39:11.251,1,16,Write Multiple Registers,2835,3,6,115,258,200,200,228,61,115,258,143,30,1584,115,1,0,1,143,128,143,30,601,0,41523,1.479
2026-09-13 05:39:14.751,1,16,Write Multiple Registers,2835,3,6,117,255,196,196,216,58,117,255,138,39,1584,117,1,0,1,138,118,138,39,588,0,46915,1.479
2026-09-13 05:39:18.251,1,16,Write Multiple Registers,2835,3,6,119,246,189,189,203,52,119,246,127,43,1584,119,1,0,1,127,105,127,43,568,0,45735,0.982
2026-09-13 05:39:21.751,1,16,Write Multiple Registers,2835,3,6,102,245,188,188,219,62,102,245,143,26,1584,102,1,0,1,143,130,143,26,566,0,30070,1.479
2026-09-13 05:39:25.251,1,16,Write Multiple Registers,2835,3,6,113,252,198,198,230,61,113,252,139,22,1584,113,1,0,1,139,128,139,22,595,0,45675,0.48
2026-09-13 05:39:28.751,1,16,Write Multiple Registers,2835,3,6,110,245,185,185,200,56,110,245,135,45,1584,110,1,0,1,135,112,135,45,555,0,29810,1.479
2026-09-13 05:39:32.251,1,16,Write Multiple Registers,2835,3,6,119,259,201,201,227,59,119,259,140,32,1584,119,1,0,1,140,124,140,32,605,0,25350,1.479
2026-09-13 05:39:35.751,1,16,Write Multiple Registers,2835,3,6,107,243,196,196,239,63,107,243,136,4,1584,107,1,0,1,136,134,136,4,589,0,28886,0.482
2026-09-13 05:39:39.251,1,16,Write Multiple Registers,2835,3,6,115,256,203,203,239,62,115,256,141,17,1584,115,1,0,1,141,132,141,17,610,0,41495,0.482
2026-09-13 05:39:42.751,1,16,Write Multiple Registers,2835,3,6,107,247,199,199,244,65,107,247,140,3,1584,107,1,0,1,140,138,140,3,598,0,45491,1.478
2026-09-13 05:39:46.251,1,16,Write Multiple Registers,2835,3,6,103,250,193,193,227,64,103,250,147,23,1584,103,1,0,1,147,135,147,23,580,0,29894,1.478
2026-09-13 05:39:49.751,1,16,Write Multiple Registers,2835,3,6,108,251,198,198,235,63,108,251,143,16,1584,108,1,0,1,143,135,143,16,594,0,46999,1.478
2026-09-13 05:39:53.252,1,16,Write Multiple Registers,2835,3,6,112,247,199,199,239,61,112,247,135,8,1584,112,1,0,1,135,131,135,8,598,0,46247,0.483
2026-09-13 05:39:56.752,1,16,Write Multiple Registers,2835,3,6,112,245,198,198,237,60,112,245,133,8,1584,112,1,0,1,133,129,133,8,594,0,46431,0.983
2026-09-13 05:40:00.252,1,16,Write Multiple Registers,2835,3,6,103,248,198,198,244,67,103,248,145,4,1584,103,1,0,1,145,143,145,4,595,0,45603,0.983
2026-09-13 05:40:03.752,1,16,Write Multiple Registers,2835,3,6,116,249,203,203,245,61,116,249,133,4,1584,116,1,0,1,133,131,133,4,610,0,30510,0.982
2026-09-13 05:40:07.252,1,16,Write Multiple Registers,2835,3,6,101,243,185,185,213,61,101,243,142,30,1584,101,1,0,1,142,127,142,30,557,0,46703,1.479
2026-09-13 05:40:10.752,1,16,Write Multiple Registers,2835,3,6,119,257,205,205,239,61,119,257,138,18,1584,119,1,0,1,138,129,138,18,615,0,41879,1.479
2026-09-13 05:40:14.252,1,16,Write Multiple Registers,2835,3,6,106,249,196,196,235,64,106,249,143,14,1584,106,1,0,1,143,136,143,14,590,0,30710,1.479
2026-09-13 05:40:17.752,1,16,Write Multiple Registers,2835,3,6,101,258,192,192,217,66,101,258,157,41,1584,101,1,0,1,157,136,157,41,576,0,41919,1.479
2026-09-13 05:40:21.252,1,16,Write Multiple Registers,2835,3,6,115,249,194,194,219,57,115,249,134,30,1584,115,1,0,1,134,119,134,30,583,0,46183,0.982
2026-09-13 05:40:24.752,1,16,Write Multiple Registers,2835,3,6,108,246,185,185,201,57,108,246,138,45,1584,108,1,0,1,138,115,138,45,555,0,30126,0.48
2026-09-13 05:40:28.252,1,16,Write Multiple Registers,2835,3,6,103,248,185,185,205,60,103,248,145,43,1584,103,1,0,1,145,123,145,43,556,0,45999,0.48
2026-09-13 05:40:31.752,1,16,Write Multiple Registers,2835,3,6,111,240,191,191,223,57,111,240,129,17,1584,111,1,0,1,129,120,129,17,574,0,46231,0.982
2026-09-13 05:40:35.252,1,16,Write Multiple Registers,2835,3,6,104,248,192,192,225,63,104,248,144,23,1584,104,1,0,1,144,132,144,23,577,0,30222,0.482
2026-09-13 05:40:38.752,1,16,Write Multiple Registers,2835,3,6,111,250,193,193,219,59,111,250,139,31,1584,111,1,0,1,139,123,139,31,580,0,29670,1.478
2026-09-13 05:40:42.252,1,16,Write Multiple Registers,2835,3,6,118,244,187,187,201,52,118,244,126,43,1584,118,1,0,1,126,104,126,43,563,0,29454,0.482
2026-09-13 05:40:45.752,1,16,Write Multiple Registers,2835,3,6,118,241,189,189,210,52,118,241,123,31,1584,118,1,0,1,123,107,123,31,569,0,29354,1.478
2026-09-13 05:40:49.253,1,16,Write Multiple Registers,2835,3,6,119,259,196,196,212,58,119,259,140,47,1584,119,1,0,1,140,116,140,47,590,0,42995,0.483
2026-09-13 05:40:52.753,1,16,Write Multiple Registers,2835,3,6,106,250,201,201,247,67,106,250,144,3,1584,106,1,0,1,144,142,144,3,603,0,46183,1.479
2026-09-13 05:40:56.253,1,16,Write Multiple Registers,2835,3,6,109,241,187,187,213,56,109,241,132,28,1584,109,1,0,1,132,118,132,28,563,0,46447,0.481
2026-09-13 05:40:59.753,1,16,Write Multiple Registers,2835,3,6,113,246,193,193,222,57,113,246,133,24,1584,113,1,0,1,133,121,133,24,581,0,28746,0.482
2026-09-13 05:41:03.253,1,16,Write Multiple Registers,2835,3,6,110,253,201,201,242,64,110,253,143,11,1584,110,1,0,1,143,137,143,11,605,0,47019,0.982
2026-09-13 05:41:06.753,1,16,Write Multiple Registers,2835,3,6,100,247,196,196,243,68,100,247,147,4,1584,100,1,0,1,147,145,147,4,590,0,29126,1.479
2026-09-13 05:41:10.253,1,16,Write Multiple Registers,2835,3,6,107,242,183,183,201,56,107,242,135,41,1584,107,1,0,1,135,114,135,41,550,0,30494,0.482
2026-09-13 05:41:14.060,1,16,Write Multiple Registers,2835,3,6,118,256,205,205,243,62,118,256,138,13,1584,118,1,0,1,138,131,138,13,617,0,25046,0.482
2026-09-13 05:41:17.560,1,16,Write Multiple Registers,2835,3,6,112,243,199,199,242,61,112,243,131,1,1584,112,1,0,1,131,130,131,1,597,0,30134,1.479
2026-09-13 05:41:21.060,1,16,Write Multiple Registers,2835,3,6,112,249,194,194,221,59,112,249,137,28,1584,112,1,0,1,137,123,137,28,582,0,46111,0.982
2026-09-13 05:41:24.560,1,16,Write Multiple Registers,2835,3,6,108,240,194,194,236,61,108,240,132,4,1584,108,1,0,1,132,130,132,4,584,0,45155,1.478
2026-09-13 05:41:28.060,1,16,Write Multiple Registers,2835,3,6,107,250,200,200,243,65,107,250,143,7,1584,107,1,0,1,143,139,143,7,600,0,46279,0.482
2026-09-13 05:41:31.560,1,16,Write Multiple Registers,2835,3,6,103,253,193,193,224,64,103,253,150,29,1584,103,1,0,1,150,135,150,29,580,0,46787,1.478
2026-09-13 05:41:35.060,1,16,Write Multiple Registers,2835,3,6,101,251,198,198,242,68,101,251,150,9,1584,101,1,0,1,150,145,150,9,594,0,30554,1.478
2026-09-13 05:41:38.560,1,16,Write Multiple Registers,2835,3,6,100,253,200,200,249,71,100,253,153,4,1584,100,1,0,1,153,151,153,4,602,0,29742,0.982
2026-09-13 05:41:42.061,1,16,Write Multiple Registers,2835,3,6,103,246,195,195,237,65,103,246,143,9,1584,103,1,0,1,143,138,143,9,586,0,45231,0.983
2026-09-13 05:41:45.561,1,16,Write Multiple Registers,2835,3,6,113,255,193,193,213,59,113,255,142,42,1584,113,1,0,1,142,121,142,42,581,0,46895,1.479
2026-09-13 05:41:49.061,1,16,Write Multiple Registers,2835,3,6,110,249,200,200,241,63,110,249,139,8,1584,110,1,0,1,139,135,139,8,600,0,29454,0.482
2026-09-13 05:41:52.608,1,16,Write Multiple Registers,2835,3,6,116,246,197,197,231,58,116,246,130,15,1584,116,1,0,1,130,122,130,15,593,0,29894,0.982
2026-09-13 05:41:56.108,1,16,Write Multiple Registers,2835,3,6,108,250,195,195,227,62,108,250,142,23,1584,108,1,0,1,142,130,142,23,585,0,46775,1.479
2026-09-13 05:41:59.608,1,16,Write Multiple Registers,2835,3,6,105,243,188,188,218,60,105,243,138,25,1584,105,1,0,1,138,125,138,25,566,0,46331,1.479
2026-09-13 05:42:03.108,1,16,Write Multiple Registers,2835,3,6,113,240,195,195,232,58,113,240,127,8,1584,113,1,0,1,127,123,127,8,585,0,30210,1.479
2026-09-13 05:42:06.608,1,16,Write Multiple Registers,2835,3,6,100,254,195,195,233,68,100,254,154,21,1584,100,1,0,1,154,143,154,21,587,0,46767,1.479
2026-09-13 05:42:10.108,1,16,Write Multiple Registers,2835,3,6,105,259,197,197,227,66,105,259,154,32,1584,105,1,0,1,154,138,154,32,591,0,25958,0.482
2026-09-13 05:42:13.608,1,16,Write Multiple Registers,2835,3,6,109,245,190,190,217,58,109,245,136,28,1584,109,1,0,1,136,122,136,28,571,0,30590,1.479
2026-09-13 05:42:17.108,1,16,Write Multiple Registers,2835,3,6,117,244,190,190,210,53,117,244,127,34,1584,117,1,0,1,127,110,127,34,571,0,29082,0.48
2026-09-13 05:42:20.608,1,16,Write Multiple Registers,2835,3,6,118,240,190,190,212,52,118,240,122,28,1584,118,1,0,1,122,108,122,28,570,0,45795,0.482
2026-09-13 05:42:24.108,1,16,Write Multiple Registers,2835,3,6,113,253,200,200,236,62,113,253,140,17,1584,113,1,0,1,140,131,140,17,602,0,29490,0.48
2026-09-13 05:42:27.608,1,16,Write Multiple Registers,2835,3,6,109,252,203,203,248,66,109,252,143,4,1584,109,1,0,1,143,141,143,4,609,0,30210,0.482
2026-09-13 05:42:31.108,1,16,Write Multiple Registers,2835,3,6,119,247,199,199,231,56,119,247,128,16,1584,119,1,0,1,128,120,128,16,597,0,46327,0.482
2026-09-13 05:42:34.609,1,16,Write Multiple Registers,2835,3,6,119,242,197,197,230,55,119,242,123,12,1584,119,1,0,1,123,117,123,12,591,0,30474,1.479
2026-09-13 05:42:38.109,1,16,Write Multiple Registers,2835,3,6,100,252,193,193,229,66,100,252,152,23,1584,100,1,0,1,152,140,152,23,581,0,30270,0.482
2026-09-13 05:42:41.609,1,16,Write Multiple Registers,2835,3,6,109,246,199,199,242,63,109,246,137,4,1584,109,1,0,1,137,135,137,4,597,0,28698,0.482
2026-09-13 05:42:45.109,1,16,Write Multiple Registers,2835,3,6,107,241,191,191,227,60,107,241,134,14,1584,107,1,0,1,134,127,134,14,575,0,45127,0.482
2026-09-13 05:42:48.609,1,16,Write Multiple Registers,2835,3,6,112,245,188,188,207,55,112,245,133,38,1584,112,1,0,1,133,114,133,38,564,0,45735,1.479
2026-09-13 05:42:52.109,1,16,Write Multiple Registers,2835,3,6,108,248,197,197,236,63,108,248,140,12,1584,108,1,0,1,140,134,140,12,592,0,30306,1.479
2026-09-13 05:42:55.609,1,16,Write Multiple Registers,2835,3,6,114,247,195,195,224,58,114,247,133,23,1584,114,1,0,1,133,121,133,23,585,0,30034,1.479
2026-09-13 05:42:59.109,1,16,Write Multiple Registers,2835,3,6,105,242,189,189,221,60,105,242,137,21,1584,105,1,0,1,137,126,137,21,568,0,46223,1.479
2026-09-13 05:43:02.609,1,16,Write Multiple Registers,2835,3,6,104,252,188,188,208,62,104,252,148,44,1584,104,1,0,1,148,126,148,44,564,0,29042,1.479
2026-09-13 05:43:06.109,1,16,Write Multiple Registers,2835,3,6,100,246,182,182,202,61,100,246,146,44,1584,100,1,0,1,146,124,146,44,548,0,46955,1.479
2026-09-13 05:43:09.609,1,16,Write Multiple Registers,2835,3,6,119,241,191,191,215,52,119,241,122,26,1584,119,1,0,1,122,109,122,26,575,0,45623,0.982
2026-09-13 05:43:13.109,1,16,Write Multiple Registers,2835,3,6,104,255,189,189,208,63,104,255,151,47,1584,104,1,0,1,151,127,151,47,567,0,28722,0.482
2026-09-13 05:43:16.609,1,16,Write Multiple Registers,2835,3,6,113,256,204,204,244,64,113,256,143,12,1584,113,1,0,1,143,137,143,12,613,0,24786,1.478
2026-09-13 05:43:20.137,1,16,Write Multiple Registers,2835,3,6,101,247,195,195,239,67,101,247,146,8,1584,101,1,0,1,146,142,146,8,587,0,28854,1.478
2026-09-13 05:43:23.637,1,16,Write Multiple Registers,2835,3,6,116,246,192,192,214,55,116,246,130,32,1584,116,1,0,1,130,114,130,32,576,0,45243,1.478
2026-09-13 05:43:27.138,1,16,Write Multiple Registers,2835,3,6,102,249,196,196,238,66,102,249,147,11,1584,102,1,0,1,147,141,147,11,589,0,29946,1.479
2026-09-13 05:43:30.638,1,16,Write Multiple Registers,2835,3,6,119,246,200,200,235,57,119,246,127,11,1584,119,1,0,1,127,121,127,11,600,0,29990,1.479
2026-09-13 05:43:34.138,1,16,Write Multiple Registers,2835,3,6,100,255,187,187,206,64,100,255,155,49,1584,100,1,0,1,155,130,155,49,561,0,29018,0.982
2026-09-13 05:43:37.638,1,16,Write Multiple Registers,2835,3,6,118,254,204,204,241,61,118,254,136,13,1584,118,1,0,1,136,129,136,13,613,0,45359,1.479
2026-09-13 05:43:41.138,1,16,Write Multiple Registers,2835,3,6,112,258,203,203,239,64,112,258,146,19,1584,112,1,0,1,146,136,146,19,609,0,25446,1.479
2026-09-13 05:43:44.638,1,16,Write Multiple Registers,2835,3,6,101,243,188,188,222,62,101,243,142,21,1584,101,1,0,1,142,131,142,21,566,0,30666,1.479
2026-09-13 05:43:48.138,1,16,Write Multiple Registers,2835,3,6,115,250,200,200,235,60,115,250,135,15,1584,115,1,0,1,135,127,135,15,600,0,45415,1.479
2026-09-13 05:43:51.638,1,16,Write Multiple Registers,2835,3,6,107,242,188,188,216,58,107,242,135,26,1584,107,1,0,1,135,122,135,26,565,0,29922,1.479
2026-09-13 05:43:55.138,1,16,Write Multiple Registers,2835,3,6,112,250,203,203,247,64,112,250,138,3,1584,112,1,0,1,138,136,138,3,609,0,29510,1.479
2026-09-13 05:43:58.638,1,16,Write Multiple Registers,2835,3,6,100,252,186,186,207,63,100,252,152,45,1584,100,1,0,1,152,129,152,45,559,0,45095,0.982
2026-09-13 05:44:02.138,1,16,Write Multiple Registers,2835,3,6,103,249,198,198,244,67,103,249,146,5,1584,103,1,0,1,146,143,146,5,596,0,29214,0.103
2026-09-13 05:44:05.638,1,16,Write Multiple Registers,2835,3,6,100,257,189,189,212,66,100,257,157,45,1584,100,1,0,1,157,134,157,45,569,0,41859,0.982
2026-09-13 05:44:09.138,1,16,Write Multiple Registers,2835,3,6,109,243,193,193,228,59,109,243,134,15,1584,109,1,0,1,134,126,134,15,580,0,45203,0.982
2026-09-13 05:44:12.638,1,16,Write Multiple Registers,2835,3,6,113,248,201,201,242,62,113,248,135,6,1584,113,1,0,1,135,132,135,6,603,0,29762,1.478
2026-09-13 05:44:16.138,1,16,Write Multiple Registers,2835,3,6,109,256,199,199,232,64,109,256,147,24,1584,109,1,0,1,147,135,147,24,597,0,25794,1.478
2026-09-13 05:44:19.639,1,16,Write Multiple Registers,2835,3,6,102,250,188,188,213,62,102,250,148,37,1584,102,1,0,1,148,129,148,37,565,0,45151,0.338
2026-09-13 05:44:23.139,1,16,Write Multiple Registers,2835,3,6,110,242,185,185,205,55,110,242,132,37,1584,110,1,0,1,132,113,132,37,557,0,46847,0.482
2026-09-13 05:44:26.639,1,16,Write Multiple Registers,2835,3,6,119,250,203,203,241,59,119,250,131,9,1584,119,1,0,1,131,126,131,9,610,0,45695,0.482
2026-09-13 05:44:30.139,1,16,Write Multiple Registers,2835,3,6,116,257,203,203,237,62,116,257,141,20,1584,116,1,0,1,141,131,141,20,610,0,25374,1.479
2026-09-13 05:44:33.639,1,16,Write Multiple Registers,2835,3,6,118,255,196,196,215,57,118,255,137,40,1584,118,1,0,1,137,117,137,40,588,0,46823,0.48
2026-09-13 05:44:37.139,1,16,Write Multiple Registers,2835,3,6,110,246,189,189,211,57,110,246,136,35,1584,110,1,0,1,136,118,136,35,567,0,30550,1.479
2026-09-13 05:44:40.639,1,16,Write Multiple Registers,2835,3,6,119,247,200,200,236,57,119,247,128,11,1584,119,1,0,1,128,122,128,11,602,0,30034,0.482
2026-09-13 05:44:44.139,1,16,Write Multiple Registers,2835,3,6,108,258,192,192,212,62,108,258,150,46,1584,108,1,0,1,150,127,150,46,578,0,24642,1.479
2026-09-13 05:44:47.639,1,16,Write Multiple Registers,2835,3,6,113,258,201,201,232,63,113,258,145,26,1584,113,1,0,1,145,132,145,26,603,0,25474,1.479
2026-09-13 05:44:51.139,1,16,Write Multiple Registers,2835,3,6,102,249,197,197,242,67,102,249,147,7,1584,102,1,0,1,147,143,147,7,593,0,45263,0.482
2026-09-13 05:44:54.639,1,16,Write Multiple Registers,2835,3,6,105,256,197,197,232,66,105,256,151,24,1584,105,1,0,1,151,139,151,24,593,0,42371,0.482
2026-09-13 05:44:58.139,1,16,Write Multiple Registers,2835,3,6,106,253,202,202,247,67,106,253,147,6,1584,106,1,0,1,147,144,147,6,606,0,30246,1.479
2026-09-13 05:45:01.639,1,16,Write Multiple Registers,2835,3,6,101,259,198,198,236,69,101,259,158,23,1584,101,1,0,1,158,146,158,23,596,0,26610,0.482
2026-09-13 05:45:05.139,1,16,Write Multiple Registers,2835,3,6,105,252,187,187,206,61,105,252,147,46,1584,105,1,0,1,147,124,147,46,563,0,45963,1.478
2026-09-13 05:45:08.639,1,16,Write Multiple Registers,2835,3,6,110,253,196,196,227,62,110,253,143,26,1584,110,1,0,1,143,130,143,26,590,0,46167,1.478
2026-09-13 05:45:12.140,1,16,Write Multiple Registers,2835,3,6,109,252,196,196,228,62,109,252,143,24,1584,109,1,0,1,143,131,143,24,589,0,46291,0.48
2026-09-13 05:45:15.640,1,16,Write Multiple Registers,2835,3,6,115,258,199,199,225,61,115,258,143,33,1584,115,1,0,1,143,126,143,33,598,0,41727,0.983
2026-09-13 05:45:19.140,1,16,Write Multiple Registers,2835,3,6,111,250,190,190,210,58,111,250,139,40,1584,111,1,0,1,139,119,139,40,571,0,29242,0.96
2026-09-13 05:45:22.640,1,16,Write Multiple Registers,2835,3,6,101,255,193,193,225,66,101,255,154,30,1584,101,1,0,1,154,139,154,30,581,0,30686,1.479
2026-09-13 05:45:26.140,1,16,Write Multiple Registers,2835,3,6,116,240,192,192,220,54,116,240,124,20,1584,116,1,0,1,124,114,124,20,576,0,45987,0.482
2026-09-13 05:45:29.640,1,16,Write Multiple Registers,2835,3,6,103,241,194,194,240,64,103,241,138,1,1584,103,1,0,1,138,137,138,1,584,0,28674,0.482
2026-09-13 05:45:33.140,1,16,Write Multiple Registers,2835,3,6,103,246,196,196,239,65,103,246,143,7,1584,103,1,0,1,143,139,143,7,588,0,28886,1.479
2026-09-13 05:45:37.727,1,16,Write Multiple Registers,2835,3,6,115,246,189,189,208,55,115,246,131,38,1584,115,1,0,1,131,112,131,38,569,0,29058,0.48
2026-09-13 05:45:41.227,1,16,Write Multiple Registers,2835,3,6,115,247,202,202,246,61,115,247,132,1,1584,115,1,0,1,132,131,132,1,608,0,30390,1.479
2026-09-13 05:45:44.727,1,16,Write Multiple Registers,2835,3,6,113,245,192,192,219,57,113,245,132,26,1584,113,1,0,1,132,119,132,26,577,0,29126,1.479
2026-09-13 05:45:48.227,1,16,Write Multiple Registers,2835,3,6,115,253,197,197,223,59,115,253,138,30,1584,115,1,0,1,138,123,138,30,591,0,46999,1.479
2026-09-13 05:45:51.727,1,16,Write Multiple Registers,2835,3,6,100,248,196,196,240,67,100,248,148,8,1584,100,1,0,1,148,144,148,8,588,0,30258,1.478
2026-09-13 05:45:55.227,1,16,Write Multiple Registers,2835,3,6,115,259,207,207,247,65,115,259,144,12,1584,115,1,0,1,144,138,144,12,621,0,41335,0.19
2026-09-13 05:45:58.727,1,16,Write Multiple Registers,2835,3,6,101,242,192,192,235,64,101,242,141,7,1584,101,1,0,1,141,137,141,7,578,0,45959,1.478
2026-09-13 05:46:02.228,1,16,Write Multiple Registers,2835,3,6,101,245,194,194,238,66,101,245,144,7,1584,101,1,0,1,144,140,144,7,584,0,28938,1.479
2026-09-13 05:46:05.728,1,16,Write Multiple Registers,2835,3,6,105,242,191,191,226,61,105,242,137,16,1584,105,1,0,1,137,129,137,16,573,0,45467,0.983
2026-09-13 05:46:09.228,1,16,Write Multiple Registers,2835,3,6,119,244,201,201,242,58,119,244,125,2,1584,119,1,0,1,125,124,125,2,605,0,30394,0.982
2026-09-13 05:46:12.728,1,16,Write Multiple Registers,2835,3,6,103,253,199,199,241,68,103,253,150,12,1584,103,1,0,1,150,144,150,12,597,0,46399,1.479
2026-09-13 05:46:16.228,1,16,Write Multiple Registers,2835,3,6,110,250,192,192,216,59,110,250,140,34,1584,110,1,0,1,140,123,140,34,576,0,46067,0.982
2026-09-13 05:46:19.728,1,16,Write Multiple Registers,2835,3,6,101,246,186,186,211,61,101,246,145,35,1584,101,1,0,1,145,127,145,35,558,0,46375,0.982
2026-09-13 05:46:23.228,1,16,Write Multiple Registers,2835,3,6,101,258,188,188,205,65,101,258,157,53,1584,101,1,0,1,157,130,157,53,564,0,41103,1.479
2026-09-13 05:46:26.728,1,16,Write Multiple Registers,2835,3,6,103,246,188,188,216,61,103,246,143,30,1584,103,1,0,1,143,128,143,30,565,0,46115,0.48
2026-09-13 05:46:30.228,1,16,Write Multiple Registers,2835,3,6,106,255,187,187,202,61,106,255,149,53,1584,106,1,0,1,149,122,149,53,563,0,29386,0.482
2026-09-13 05:46:33.728,1,16,Write Multiple Registers,2835,3,6,110,259,197,197,223,63,110,259,149,36,1584,110,1,0,1,149,131,149,36,592,0,41351,1.479
2026-09-13 05:46:37.228,1,16,Write Multiple Registers,2835,3,6,108,256,190,190,207,61,108,256,148,49,1584,108,1,0,1,148,123,148,49,571,0,41895,0.165
2026-09-13 05:46:40.728,1,16,Write Multiple Registers,2835,3,6,102,248,195,195,237,66,102,248,146,11,1584,102,1,0,1,146,140,146,11,587,0,46207,1.478
2026-09-13 05:46:44.228,1,16,Write Multiple Registers,2835,3,6,105,244,185,185,206,58,105,244,139,38,1584,105,1,0,1,139,120,139,38,555,0,30090,0.482
2026-09-13 05:46:47.728,1,16,Write Multiple Registers,2835,3,6,118,255,202,202,234,60,118,255,137,21,1584,118,1,0,1,137,126,137,21,607,0,29578,1.478
2026-09-13 05:46:51.228,1,16,Write Multiple Registers,2835,3,6,106,241,192,192,229,61,106,241,135,12,1584,106,1,0,1,135,129,135,12,576,0,28830,1.478
2026-09-13 05:46:54.729,1,16,Write Multiple Registers,2835,3,6,118,251,190,190,203,54,118,251,133,48,1584,118,1,0,1,133,109,133,48,572,0,46903,0.983
2026-09-13 05:46:58.229,1,16,Write Multiple Registers,2835,3,6,112,257,206,206,249,66,112,257,145,8,1584,112,1,0,1,145,141,145,8,618,0,41327,0.431
2026-09-13 05:47:01.729,1,16,Write Multiple Registers,2835,3,6,116,251,193,193,213,56,116,251,135,38,1584,116,1,0,1,135,116,135,38,580,0,30014,1.479
2026-09-13 05:47:05.229,1,16,Write Multiple Registers,2835,3,6,116,251,195,195,218,57,116,251,135,33,1584,116,1,0,1,135,118,135,33,585,0,29802,0.481
2026-09-13 05:47:08.729,1,16,Write Multiple Registers,2835,3,6,110,248,200,200,243,63,110,248,138,5,1584,110,1,0,1,138,135,138,5,601,0,29362,0.482
2026-09-13 05:47:12.229,1,16,Write Multiple Registers,2835,3,6,109,257,199,199,232,64,109,257,148,25,1584,109,1,0,1,148,135,148,25,598,0,41987,0.482
2026-09-13 05:47:15.729,1,16,Write Multiple Registers,2835,3,6,113,257,191,191,204,59,113,257,144,53,1584,113,1,0,1,144,117,144,53,574,0,26034,1.268
2026-09-13 05:47:19.229,1,16,Write Multiple Registers,2835,3,6,102,253,195,195,232,66,102,253,151,21,1584,102,1,0,1,151,140,151,21,587,0,46963,0.982
2026-09-13 05:47:22.729,1,16,Write Multiple Registers,2835,3,6,114,242,194,194,226,56,114,242,128,16,1584,114,1,0,1,128,120,128,16,582,0,46827,1.479
2026-09-13 05:47:26.229,1,16,Write Multiple Registers,2835,3,6,102,248,193,193,231,65,102,248,146,17,1584,102,1,0,1,146,137,146,17,581,0,46567,1.479
2026-09-13 05:47:29.729,1,16,Write Multiple Registers,2835,3,6,101,259,198,198,235,69,101,259,158,24,1584,101,1,0,1,158,146,158,24,595,0,42823,0.982
2026-09-13 05:47:33.229,1,16,Write Multiple Registers,2835,3,6,112,241,196,196,237,59,112,241,129,4,1584,112,1,0,1,129,127,129,4,590,0,30302,0.482
2026-09-13 05:47:36.729,1,16,Write Multiple Registers,2835,3,6,110,259,194,194,213,62,110,259,149,46,1584,110,1,0,1,149,126,149,46,582,0,40991,1.478
2026-09-13 05:47:40.229,1,16,Write Multiple Registers,2835,3,6,113,256,196,196,220,60,113,256,143,36,1584,113,1,0,1,143,125,143,36,589,0,26290,0.982
2026-09-13 05:47:43.729,1,16,Write Multiple Registers,2835,3,6,106,259,199,199,232,66,106,259,153,27,1584,106,1,0,1,153,139,153,27,597,0,42035,1.478
2026-09-13 05:47:47.230,1,16,Write Multiple Registers,2835,3,6,116,253,203,203,241,61,116,253,137,12,1584,116,1,0,1,137,131,137,12,610,0,28878,1.479
2026-09-13 05:47:50.730,1,16,Write Multiple Registers,2835,3,6,115,257,193,193,207,58,115,257,142,50,1584,115,1,0,1,142,117,142,50,579,0,42327,0.482
2026-09-13 05:47:54.230,1,16,Write Multiple Registers,2835,3,6,110,244,195,195,233,60,110,244,134,11,1584,110,1,0,1,134,128,134,11,587,0,45839,1.479
2026-09-13 05:47:57.730,1,16,Write Multiple Registers,2835,3,6,111,243,192,192,223,58,111,243,132,20,1584,111,1,0,1,132,122,132,20,577,0,46551,0.982
2026-09-13 05:48:01.230,1,16,Write Multiple Registers,2835,3,6,112,250,189,189,207,57,112,250,138,43,1584,112,1,0,1,138,116,138,43,569,0,46823,0.482
2026-09-13 05:48:04.730,1,16,Write Multiple Registers,2835,3,6,104,245,194,194,233,63,104,245,141,12,1584,104,1,0,1,141,135,141,12,582,0,29230,0.482
2026-09-13 05:48:08.230,1,16,Write Multiple Registers,2835,3,6,111,242,193,193,227,58,111,242,131,15,1584,111,1,0,1,131,123,131,15,580,0,28742,0.482
2026-09-13 05:48:11.730,1,16,Write Multiple Registers,2835,3,6,109,243,198,198,243,63,109,243,134,0,918,243,2,0,1,134,134,134,0,595,0,46055,0.982
2026-09-13 05:48:15.230,1,16,Write Multiple Registers,2835,3,6,103,248,199,199,247,68,103,248,145,1,1584,103,1,0,1,145,144,145,1,598,0,45923,1.479
2026-09-13 05:48:18.730,1,16,Write Multiple Registers,2835,3,6,118,258,200,200,226,59,118,258,140,32,1584,118,1,0,1,140,124,140,32,602,0,41899,0.482
2026-09-13 05:48:22.230,1,16,Write Multiple Registers,2835,3,6,104,259,202,202,244,69,104,259,155,15,1584,104,1,0,1,155,147,155,15,607,0,42563,1.478
2026-09-13 05:48:25.730,1,16,Write Multiple Registers,2835,3,6,108,255,188,188,203,60,108,255,147,52,1584,108,1,0,1,147,121,147,52,566,0,45847,1.478
2026-09-13 05:48:29.230,1,16,Write Multiple Registers,2835,3,6,109,253,188,188,202,59,109,253,144,51,1584,109,1,0,1,144,118,144,51,564,0,29434,1.478
2026-09-13 05:48:32.730,1,16,Write Multiple Registers,2835,3,6,111,252,202,202,243,64,111,252,141,9,1584,111,1,0,1,141,136,141,9,606,0,30470,1.478
2026-09-13 05:48:36.230,1,16,Write Multiple Registers,2835,3,6,109,254,204,204,249,67,109,254,145,5,1584,109,1,0,1,145,142,145,5,612,0,30654,1.478
2026-09-13 05:48:39.731,1,16,Write Multiple Registers,2835,3,6,114,259,191,191,202,59,114,259,145,57,1584,114,1,0,1,145,116,145,57,575,0,42059,0.983
2026-09-13 05:48:43.231,1,16,Write Multiple Registers,2835,3,6,104,255,186,186,201,62,104,255,151,54,1584,104,1,0,1,151,124,151,54,560,0,45615,1.479
2026-09-13 05:48:46.731,1,16,Write Multiple Registers,2835,3,6,110,242,190,190,218,57,110,242,132,24,1584,110,1,0,1,132,120,132,24,570,0,46475,0.599
2026-09-13 05:48:50.231,1,16,Write Multiple Registers,2835,3,6,113,259,191,191,202,60,113,259,146,57,1584,113,1,0,1,146,117,146,57,574,0,42171,0.982
2026-09-13 05:48:53.731,1,16,Write Multiple Registers,2835,3,6,103,257,194,194,222,65,103,257,154,35,1584,103,1,0,1,154,136,154,35,582,0,41707,1.479
2026-09-13 05:48:57.231,1,16,Write Multiple Registers,2835,3,6,106,256,197,197,229,65,106,256,150,27,1584,106,1,0,1,150,136,150,27,591,0,25694,1.479
2026-09-13 05:49:00.731,1,16,Write Multiple Registers,2835,3,6,107,257,199,199,233,65,107,257,150,24,1584,107,1,0,1,150,138,150,24,597,0,26078,0.482
2026-09-13 05:49:04.231,1,16,Write Multiple Registers,2835,3,6,105,254,190,190,211,62,105,254,149,43,1584,105,1,0,1,149,127,149,43,570,0,28902,0.482
2026-09-13 05:49:07.731,1,16,Write Multiple Registers,2835,3,6,115,242,196,196,233,57,115,242,127,9,1584,115,1,0,1,127,122,127,9,590,0,46879,1.479
2026-09-13 05:49:11.231,1,16,Write Multiple Registers,2835,3,6,107,258,192,192,212,63,107,258,151,46,1584,107,1,0,1,151,128,151,46,577,0,41459,0.48
2026-09-13 05:49:14.731,1,16,Write Multiple Registers,2835,3,6,119,254,197,197,219,57,119,254,135,35,1584,119,1,0,1,135,117,135,35,592,0,46951,1.479
2026-09-13 05:49:18.231,1,16,Write Multiple Registers,2835,3,6,102,242,188,188,222,61,102,242,140,20,1584,102,1,0,1,140,130,140,20,566,0,47099,1.479
2026-09-13 05:49:21.731,1,16,Write Multiple Registers,2835,3,6,109,257,193,193,213,62,109,257,148,44,1584,109,1,0,1,148,126,148,44,579,0,24942,0.982
2026-09-13 05:49:25.231,1,16,Write Multiple Registers,2835,3,6,106,247,196,196,236,64,106,247,141,11,1584,106,1,0,1,141,135,141,11,589,0,29634,1.478
2026-09-13 05:49:28.732,1,16,Write Multiple Registers,2835,3,6,100,241,182,182,206,59,100,241,141,35,1584,100,1,0,1,141,123,141,35,547,0,46555,1.479
2026-09-13 05:49:32.232,1,16,Write Multiple Registers,2835,3,6,111,246,188,188,208,56,111,246,135,38,1584,111,1,0,1,135,116,135,38,565,0,46915,0.983
2026-09-13 05:49:35.732,1,16,Write Multiple Registers,2835,3,6,110,240,189,189,218,56,110,240,130,22,1584,110,1,0,1,130,119,130,22,568,0,29706,1.479
2026-09-13 05:49:39.232,1,16,Write Multiple Registers,2835,3,6,118,248,202,202,242,59,118,248,130,6,1584,118,1,0,1,130,127,130,6,608,0,46059,1.479
2026-09-13 05:49:42.732,1,16,Write Multiple Registers,2835,3,6,118,249,199,199,230,57,118,249,131,19,1584,118,1,0,1,131,121,131,19,597,0,28698,0.482
2026-09-13 05:49:46.232,1,16,Write Multiple Registers,2835,3,6,116,240,196,196,234,57,116,240,124,6,1584,116,1,0,1,124,121,124,6,590,0,46955,1.479
2026-09-13 05:49:49.732,1,16,Write Multiple Registers,2835,3,6,115,244,196,196,229,57,115,244,129,15,1584,115,1,0,1,129,121,129,15,588,0,46223,1.479
2026-09-13 05:49:53.232,1,16,Write Multiple Registers,2835,3,6,116,250,193,193,213,56,116,250,134,37,1584,116,1,0,1,134,115,134,37,579,0,46591,0.482
2026-09-13 05:49:56.732,1,16,Write Multiple Registers,2835,3,6,107,250,192,192,220,61,107,250,143,30,1584,107,1,0,1,143,128,143,30,577,0,29202,0.482
2026-09-13 05:50:00.501,1,16,Write Multiple Registers,2835,3,6,104,242,187,187,217,60,104,242,138,25,1584,104,1,0,1,138,125,138,25,563,0,46127,1.479
2026-09-13 05:50:04.001,1,16,Write Multiple Registers,2835,3,6,109,252,197,197,230,62,109,252,143,22,1584,109,1,0,1,143,132,143,22,591,0,29866,1.478
2026-09-13 05:50:07.501,1,16,Write Multiple Registers,2835,3,6,111,257,190,190,203,60,111,257,146,54,1584,111,1,0,1,146,119,146,54,571,0,41831,0.605
2026-09-13 05:50:11.001,1,16,Write Multiple Registers,2835,3,6,110,243,197,197,239,61,110,243,133,4,1584,110,1,0,1,133,131,133,4,592,0,29126,0.982
2026-09-13 05:50:14.501,1,16,Write Multiple Registers,2835,3,6,103,242,194,194,237,64,103,242,139,5,1584,103,1,0,1,139,136,139,5,582,0,29614,1.478
2026-09-13 05:50:18.001,1,16,Write Multiple Registers,2835,3,6,114,248,198,198,232,59,114,248,134,16,1584,114,1,0,1,134,126,134,16,594,0,45299,1.478
2026-09-13 05:50:21.502,1,16,Write Multiple Registers,2835,3,6,110,253,189,189,204,59,110,253,143,49,1584,110,1,0,1,143,118,143,49,567,0,29314,0.483
2026-09-13 05:50:25.002,1,16,Write Multiple Registers,2835,3,6,115,245,187,187,201,53,115,245,130,44,1584,115,1,0,1,130,108,130,44,561,0,45791,0.983
2026-09-13 05:50:28.502,1,16,Write Multiple Registers,2835,3,6,114,252,195,195,219,58,114,252,138,33,1584,114,1,0,1,138,121,138,33,585,0,30710,0.482
2026-09-13 05:50:32.002,1,16,Write Multiple Registers,2835,3,6,103,242,183,183,206,58,103,242,139,36,1584,103,1,0,1,139,121,139,36,551,0,46187,1.479
2026-09-13 05:50:35.502,1,16,Write Multiple Registers,2835,3,6,103,251,201,201,249,69,103,251,148,2,1584,103,1,0,1,148,147,148,2,603,0,30302,1.479
2026-09-13 05:50:39.002,1,16,Write Multiple Registers,2835,3,6,111,259,196,196,218,62,111,259,148,41,1584,111,1,0,1,148,127,148,41,588,0,24858,0.48
2026-09-13 05:50:42.502,1,16,Write Multiple Registers,2835,3,6,119,242,189,189,207,51,119,242,123,35,1584,119,1,0,1,123,105,123,35,568,0,45399,1.479
2026-09-13 05:50:46.002,1,16,Write Multiple Registers,2835,3,6,106,259,202,202,243,68,106,259,153,16,1584,106,1,0,1,153,145,153,16,608,0,42583,0.982
2026-09-13 05:50:49.502,1,16,Write Multiple Registers,2835,3,6,101,248,190,190,221,63,101,248,147,27,1584,101,1,0,1,147,133,147,27,570,0,45263,1.479
2026-09-13 05:50:53.002,1,16,Write Multiple Registers,2835,3,6,104,255,194,194,225,65,104,255,151,30,1584,104,1,0,1,151,136,151,30,584,0,46159,0.104
2026-09-13 05:50:56.502,1,16,Write Multiple Registers,2835,3,6,101,254,199,199,242,69,101,254,153,12,1584,101,1,0,1,153,147,153,12,597,0,29850,0.982
2026-09-13 05:51:00.002,1,16,Write Multiple Registers,2835,3,6,110,250,198,198,235,62,110,250,140,15,1584,110,1,0,1,140,132,140,15,595,0,47095,1.478
2026-09-13 05:51:03.502,1,16,Write Multiple Registers,2835,3,6,117,254,195,195,216,57,117,254,137,38,1584,117,1,0,1,137,118,137,38,587,0,30594,1.478
2026-09-13 05:51:07.002,1,16,Write Multiple Registers,2835,3,6,108,252,193,193,221,61,108,252,144,31,1584,108,1,0,1,144,128,144,31,581,0,28958,0.482
2026-09-13 05:51:10.502,1,16,Write Multiple Registers,2835,3,6,118,252,191,191,205,55,118,252,134,47,1584,118,1,0,1,134,110,134,47,575,0,30206,1.478
2026-09-13 05:51:14.003,1,16,Write Multiple Registers,2835,3,6,112,242,188,188,211,55,112,242,130,31,1584,112,1,0,1,130,114,130,31,565,0,45623,1.479
2026-09-13 05:51:17.503,1,16,Write Multiple Registers,2835,3,6,114,259,203,203,238,63,114,259,145,21,1584,114,1,0,1,145,134,145,21,611,0,41787,1.479
2026-09-13 05:51:21.003,1,16,Write Multiple Registers,2835,3,6,118,251,194,194,215,56,118,251,133,36,1584,118,1,0,1,133,115,133,36,584,0,30182,0.982
2026-09-13 05:51:24.503,1,16,Write Multiple Registers,2835,3,6,112,250,189,189,205,57,112,250,138,45,1584,112,1,0,1,138,115,138,45,567,0,30366,0.48
2026-09-13 05:51:28.003,1,16,Write Multiple Registers,2835,3,6,100,246,190,190,224,64,100,246,146,22,1584,100,1,0,1,146,135,146,22,570,0,29042,0.482
2026-09-13 05:51:31.503,1,16,Write Multiple Registers,2835,3,6,108,256,203,203,247,67,108,256,148,9,1584,108,1,0,1,148,143,148,9,611,0,26118,0.381
2026-09-13 05:51:35.003,1,16,Write Multiple Registers,2835,3,6,103,248,194,194,232,64,103,248,145,16,1584,103,1,0,1,145,137,145,16,583,0,29922,1.479
2026-09-13 05:51:38.503,1,16,Write Multiple Registers,2835,3,6,106,259,194,194,217,64,106,259,153,42,1584,106,1,0,1,153,132,153,42,582,0,24654,1.479
2026-09-13 05:51:42.003,1,16,Write Multiple Registers,2835,3,6,109,241,184,184,203,55,109,241,132,38,1584,109,1,0,1,132,113,132,38,553,0,47047,1.479
2026-09-13 05:51:45.503,1,16,Write Multiple Registers,2835,3,6,104,248,192,192,225,63,104,248,144,23,1584,104,1,0,1,144,132,144,23,577,0,30222,1.479
2026-09-13 05:51:49.003,1,16,Write Multiple Registers,2835,3,6,118,246,196,196,224,55,118,246,128,22,1584,118,1,0,1,128,117,128,22,588,0,29906,0.482
2026-09-13 05:51:52.503,1,16,Write Multiple Registers,2835,3,6,109,255,188,188,201,60,109,255,146,54,1584,109,1,0,1,146,119,146,54,565,0,45887,1.478
2026-09-13 05:51:56.003,1,16,Write Multiple Registers,2835,3,6,104,248,197,197,239,65,104,248,144,9,1584,104,1,0,1,144,139,144,9,591,0,46951,1.476
2026-09-13 05:51:59.503,1,16,Write Multiple Registers,2835,3,6,100,258,193,193,221,67,100,258,158,37,1584,100,1,0,1,158,139,158,37,579,0,41759,1.478
2026-09-13 05:52:03.004,1,16,Write Multiple Registers,2835,3,6,115,252,196,196,222,58,115,252,137,30,1584,115,1,0,1,137,122,137,30,589,0,46955,1.479
2026-09-13 05:52:06.504,1,16,Write Multiple Registers,2835,3,6,117,248,201,201,238,59,117,248,131,10,1584,117,1,0,1,131,126,131,10,603,0,29130,1.479
2026-09-13 05:52:10.004,1,16,Write Multiple Registers,2835,3,6,116,249,203,203,244,61,116,249,133,5,1584,116,1,0,1,133,130,133,5,609,0,45827,1.479
2026-09-13 05:52:13.504,1,16,Write Multiple Registers,2835,3,6,108,251,191,191,216,60,108,251,143,35,1584,108,1,0,1,143,125,143,35,575,0,45971,0.982
2026-09-13 05:52:17.004,1,16,Write Multiple Registers,2835,3,6,119,246,191,191,208,53,119,246,127,38,1584,119,1,0,1,127,108,127,38,573,0,45251,1.479
2026-09-13 05:52:20.504,1,16,Write Multiple Registers,2835,3,6,101,240,193,193,239,65,101,240,139,1,1584,101,1,0,1,139,138,139,1,580,0,45815,0.482
2026-09-13 05:52:24.004,1,16,Write Multiple Registers,2835,3,6,117,254,201,201,232,60,117,254,137,22,1584,117,1,0,1,137,126,137,22,603,0,29634,1.479
2026-09-13 05:52:27.504,1,16,Write Multiple Registers,2835,3,6,119,250,198,198,226,56,119,250,131,24,1584,119,1,0,1,131,119,131,24,595,0,29178,1.479
2026-09-13 05:52:31.004,1,16,Write Multiple Registers,2835,3,6,114,245,201,201,244,61,114,245,131,1,1584,114,1,0,1,131,130,131,1,603,0,46879,0.982
2026-09-13 05:52:34.504,1,16,Write Multiple Registers,2835,3,6,105,246,185,185,206,59,105,246,141,40,1584,105,1,0,1,141,121,141,40,557,0,46091,0.584
2026-09-13 05:52:38.004,1,16,Write Multiple Registers,2835,3,6,100,244,183,183,205,60,100,244,144,39,1584,100,1,0,1,144,124,144,39,549,0,46687,0.982
2026-09-13 05:52:41.504,1,16,Write Multiple Registers,2835,3,6,105,240,183,183,204,57,105,240,135,36,1584,105,1,0,1,135,117,135,36,549,0,30450,0.482
2026-09-13 05:52:45.004,1,16,Write Multiple Registers,2835,3,6,110,252,198,198,232,62,110,252,142,20,1584,110,1,0,1,142,132,142,20,594,0,46387,1.478
2026-09-13 05:52:48.504,1,16,Write Multiple Registers,2835,3,6,106,242,192,192,230,61,106,242,136,12,1584,106,1,0,1,136,130,136,12,578,0,29082,1.478
2026-09-13 05:52:52.004,1,16,Write Multiple Registers,2835,3,6,115,256,196,196,219,59,115,256,141,37,1584,115,1,0,1,141,122,141,37,590,0,26278,0.48
2026-09-13 05:52:55.505,1,16,Write Multiple Registers,2835,3,6,104,244,193,193,231,63,104,244,140,13,1584,104,1,0,1,140,133,140,13,579,0,29574,1.479
2026-09-13 05:52:59.005,1,16,Write Multiple Registers,2835,3,6,112,248,196,196,228,59,112,248,136,20,1584,112,1,0,1,136,126,136,20,588,0,28994,0.481
2026-09-13 05:53:02.505,1,16,Write Multiple Registers,2835,3,6,104,246,197,197,242,66,104,246,142,4,1584,104,1,0,1,142,140,142,4,592,0,28938,0.982
2026-09-13 05:53:06.005,1,16,Write Multiple Registers,2835,3,6,117,258,199,199,223,59,117,258,141,35,1584,117,1,0,1,141,123,141,35,598,0,26166,0.982
2026-09-13 05:53:09.505,1,16,Write Multiple Registers,2835,3,6,109,253,194,194,220,61,109,253,144,33,1584,109,1,0,1,144,127,144,33,582,0,45491,0.982
2026-09-13 05:53:13.005,1,16,Write Multiple Registers,2835,3,6,114,258,206,206,248,65,114,258,144,10,1584,114,1,0,1,144,139,144,10,620,0,41139,1.479
2026-09-13 05:53:16.505,1,16,Write Multiple Registers,2835,3,6,105,249,197,197,237,65,105,249,144,12,1584,105,1,0,1,144,138,144,12,591,0,30606,1.479
2026-09-13 05:53:20.005,1,16,Write Multiple Registers,2835,3,6,103,241,183,183,205,58,103,241,138,36,1584,103,1,0,1,138,120,138,36,549,0,46447,0.982
2026-09-13 05:53:23.505,1,16,Write Multiple Registers,2835,3,6,114,251,204,204,249,64,114,251,137,2,1584,114,1,0,1,137,136,137,2,614,0,45647,0.482
2026-09-13 05:53:27.005,1,16,Write Multiple Registers,2835,3,6,115,245,201,201,243,60,115,245,130,2,1584,115,1,0,1,130,129,130,2,603,0,46855,0.482
2026-09-13 05:53:30.505,1,16,Write Multiple Registers,2835,3,6,102,252,191,191,220,64,102,252,150,32,1584,102,1,0,1,150,134,150,32,574,0,45827,0.482
2026-09-13 05:53:34.005,1,16,Write Multiple Registers,2835,3,6,113,252,202,202,242,63,113,252,139,10,1584,113,1,0,1,139,134,139,10,607,0,45403,0.48
2026-09-13 05:53:37.505,1,16,Write Multiple Registers,2835,3,6,118,253,197,197,222,57,118,253,135,31,1584,118,1,0,1,135,119,135,31,593,0,30394,0.982
2026-09-13 05:53:41.005,1,16,Write Multiple Registers,2835,3,6,101,251,194,194,231,66,101,251,150,20,1584,101,1,0,1,150,140,150,20,583,0,46167,0.982
2026-09-13 05:53:44.505,1,16,Write Multiple Registers,2835,3,6,110,245,194,194,229,60,110,245,135,16,1584,110,1,0,1,135,127,135,16,584,0,29406,0.482
2026-09-13 05:53:48.006,1,16,Write Multiple Registers,2835,3,6,110,257,204,204,246,66,110,257,147,11,1584,110,1,0,1,147,141,147,11,613,0,42587,1.479
2026-09-13 05:53:51.506,1,16,Write Multiple Registers,2835,3,6,105,256,190,190,210,63,105,256,151,46,1584,105,1,0,1,151,128,151,46,571,0,41051,1.479
2026-09-13 05:53:55.006,1,16,Write Multiple Registers,2835,3,6,114,256,203,203,239,63,114,256,142,17,1584,114,1,0,1,142,133,142,17,609,0,25158,1.479
2026-09-13 05:53:58.506,1,16,Write Multiple Registers,2835,3,6,110,247,200,200,244,63,110,247,137,3,1584,110,1,0,1,137,135,137,3,601,0,45219,0.081
2026-09-13 05:54:02.006,1,16,Write Multiple Registers,2835,3,6,113,257,200,200,231,62,113,257,144,26,1584,113,1,0,1,144,131,144,26,601,0,25494,0.982
2026-09-13 05:54:05.506,1,16,Write Multiple Registers,2835,3,6,116,250,194,194,218,57,116,250,134,32,1584,116,1,0,1,134,118,134,32,584,0,46251,0.48
2026-09-13 05:54:09.006,1,16,Write Multiple Registers,2835,3,6,112,240,193,193,228,57,112,240,128,12,1584,112,1,0,1,128,122,128,12,580,0,46915,0.482
2026-09-13 05:54:12.506,1,16,Write Multiple Registers,2835,3,6,103,258,196,196,227,66,103,258,155,31,1584,103,1,0,1,155,139,155,31,588,0,26310,1.479
2026-09-13 05:54:16.006,1,16,Write Multiple Registers,2835,3,6,113,251,201,201,240,62,113,251,138,11,1584,113,1,0,1,138,132,138,11,604,0,45923,0.482
2026-09-13 05:54:19.824,1,16,Write Multiple Registers,2835,3,6,106,254,190,190,210,62,106,254,148,44,1584,106,1,0,1,148,126,148,44,570,0,45099,0.982
2026-09-13 05:54:23.324,1,16,Write Multiple Registers,2835,3,6,106,256,191,191,213,63,106,256,150,43,1584,106,1,0,1,150,128,150,43,575,0,24606,0.831
2026-09-13 05:54:26.824,1,16,Write Multiple Registers,2835,3,6,112,250,196,196,226,60,112,250,138,24,1584,112,1,0,1,138,126,138,24,588,0,45131,1.478
2026-09-13 05:54:30.324,1,16,Write Multiple Registers,2835,3,6,116,254,196,196,219,58,116,254,138,35,1584,116,1,0,1,138,120,138,35,589,0,46999,0.482
2026-09-13 05:54:33.824,1,16,Write Multiple Registers,2835,3,6,112,256,199,199,230,62,112,256,144,26,1584,112,1,0,1,144,131,144,26,598,0,41787,0.48
2026-09-13 05:54:37.325,1,16,Write Multiple Registers,2835,3,6,106,248,200,200,246,66,106,248,142,2,1584,106,1,0,1,142,141,142,2,600,0,46555,0.483
2026-09-13 05:54:40.825,1,16,Write Multiple Registers,2835,3,6,105,244,197,197,242,65,105,244,139,2,1584,105,1,0,1,139,138,139,2,591,0,29394,0.481
2026-09-13 05:54:44.325,1,16,Write Multiple Registers,2835,3,6,101,240,182,182,207,59,101,240,139,33,1584,101,1,0,1,139,122,139,33,548,0,30070,1.195
2026-09-13 05:54:47.825,1,16,Write Multiple Registers,2835,3,6,101,240,191,191,234,64,101,240,139,6,1584,101,1,0,1,139,136,139,6,575,0,45627,0.983
2026-09-13 05:54:51.325,1,16,Write Multiple Registers,2835,3,6,102,254,192,192,220,65,102,254,152,34,1584,102,1,0,1,152,135,152,34,576,0,29314,1.479
2026-09-13 05:54:54.825,1,16,Write Multiple Registers,2835,3,6,105,247,196,196,237,64,105,247,142,10,1584,105,1,0,1,142,137,142,10,589,0,45839,1.479
2026-09-13 05:54:58.325,1,16,Write Multiple Registers,2835,3,6,117,259,206,206,242,63,117,259,142,17,1584,117,1,0,1,142,133,142,17,618,0,41051,0.48
2026-09-13 05:55:01.825,1,16,Write Multiple Registers,2835,3,6,107,253,195,195,227,63,107,253,146,26,1584,107,1,0,1,146,133,146,26,587,0,46407,0.982
2026-09-13 05:55:05.325,1,16,Write Multiple Registers,2835,3,6,100,255,192,192,223,66,100,255,155,32,1584,100,1,0,1,155,139,155,32,578,0,29350,0.982
2026-09-13 05:55:08.825,1,16,Write Multiple Registers,2835,3,6,115,251,203,203,244,62,115,251,136,7,1584,115,1,0,1,136,132,136,7,610,0,45875,0.982
2026-09-13 05:55:12.325,1,16,Write Multiple Registers,2835,3,6,103,258,200,200,241,69,103,258,155,17,1584,103,1,0,1,155,146,155,17,602,0,25982,1.479
2026-09-13 05:55:15.825,1,16,Write Multiple Registers,2835,3,6,106,254,190,190,212,62,106,254,148,42,1584,106,1,0,1,148,127,148,42,572,0,45219,0.982
2026-09-13 05:55:19.325,1,16,Write Multiple Registers,2835,3,6,114,251,200,200,235,61,114,251,137,16,1584,114,1,0,1,137,129,137,16,600,0,45559,0.245
2026-09-13 05:55:22.825,1,16,Write Multiple Registers,2835,3,6,114,244,191,191,215,55,114,244,130,29,1584,114,1,0,1,130,115,130,29,573,0,45287,1.478
2026-09-13 05:55:26.325,1,16,Write Multiple Registers,2835,3,6,109,250,189,189,208,59,109,250,141,42,1584,109,1,0,1,141,120,141,42,567,0,29410,1.478
2026-09-13 05:55:29.826,1,16,Write Multiple Registers,2835,3,6,117,244,188,188,203,52,117,244,127,41,1584,117,1,0,1,127,106,127,41,564,0,45959,0.483
2026-09-13 05:55:33.326,1,16,Write Multiple Registers,2835,3,6,101,244,187,187,218,62,101,244,143,26,1584,101,1,0,1,143,130,143,26,563,0,30074,1.479
2026-09-13 05:55:36.826,1,16,Write Multiple Registers,2835,3,6,118,255,205,205,242,61,118,255,137,13,1584,118,1,0,1,137,130,137,13,615,0,29098,0.481
2026-09-13 05:55:40.326,1,16,Write Multiple Registers,2835,3,6,119,244,195,195,223,54,119,244,125,21,1584,119,1,0,1,125,114,125,21,586,0,28694,0.482
2026-09-13 05:55:43.826,1,16,Write Multiple Registers,2835,3,6,103,254,191,191,218,64,103,254,151,36,1584,103,1,0,1,151,133,151,36,575,0,45659,0.482
2026-09-13 05:55:47.326,1,16,Write Multiple Registers,2835,3,6,102,249,197,197,240,67,102,249,147,9,1584,102,1,0,1,147,142,147,9,591,0,30290,1.479
2026-09-13 05:55:50.826,1,16,Write Multiple Registers,2835,3,6,101,243,185,185,213,61,101,243,142,30,1584,101,1,0,1,142,127,142,30,557,0,46703,1.479
2026-09-13 05:55:54.326,1,16,Write Multiple Registers,2835,3,6,107,250,201,201,247,66,107,250,143,3,1584,107,1,0,1,143,141,143,3,604,0,29750,0.48
2026-09-13 05:55:57.826,1,16,Write Multiple Registers,2835,3,6,103,253,186,186,202,62,103,253,150,51,1584,103,1,0,1,150,124,150,51,558,0,28890,1.479
2026-09-13 05:56:01.326,1,16,Write Multiple Registers,2835,3,6,103,245,190,190,222,62,103,245,142,23,1584,103,1,0,1,142,130,142,23,570,0,46571,0.48
2026-09-13 05:56:04.826,1,16,Write Multiple Registers,2835,3,6,111,259,201,201,234,64,111,259,148,25,1584,111,1,0,1,148,135,148,25,604,0,25946,1.153
2026-09-13 05:56:08.326,1,16,Write Multiple Registers,2835,3,6,119,251,205,205,245,60,119,251,132,6,1584,119,1,0,1,132,129,132,6,615,0,45647,0.982
2026-09-13 05:56:11.826,1,16,Write Multiple Registers,2835,3,6,102,246,198,198,246,67,102,246,144,0,918,246,2,0,1,144,144,144,0,594,0,29338,0.982
2026-09-13 05:56:15.326,1,16,Write Multiple Registers,2835,3,6,101,242,183,183,206,59,101,242,141,36,1584,101,1,0,1,141,123,141,36,549,0,29898,0.982
2026-09-13 05:56:18.826,1,16,Write Multiple Registers,2835,3,6,106,254,193,193,220,63,106,254,148,34,1584,106,1,0,1,148,131,148,34,580,0,28994,0.482
2026-09-13 05:56:22.327,1,16,Write Multiple Registers,2835,3,6,105,246,187,187,211,59,105,246,141,35,1584,105,1,0,1,141,123,141,35,562,0,46823,1.479
2026-09-13 05:56:25.827,1,16,Write Multiple Registers,2835,3,6,106,259,189,189,204,63,106,259,153,55,1584,106,1,0,1,153,125,153,55,569,0,41795,0.482
2026-09-13 05:56:29.327,1,16,Write Multiple Registers,2835,3,6,113,258,196,196,218,61,113,258,145,40,1584,113,1,0,1,145,125,145,40,589,0,42939,0.482
2026-09-13 05:56:32.827,1,16,Write Multiple Registers,2835,3,6,104,242,183,183,203,58,104,242,138,39,1584,104,1,0,1,138,118,138,39,549,0,46999,0.982
2026-09-13 05:56:36.327,1,16,Write Multiple Registers,2835,3,6,113,251,190,190,207,57,113,251,138,44,1584,113,1,0,1,138,116,138,44,571,0,46711,1.479
2026-09-13 05:56:39.827,1,16,Write Multiple Registers,2835,3,6,116,243,191,191,216,54,116,243,127,27,1584,116,1,0,1,127,113,127,27,575,0,29202,1.479
2026-09-13 05:56:43.327,1,16,Write Multiple Registers,2835,3,6,105,258,201,201,240,68,105,258,153,18,1584,105,1,0,1,153,144,153,18,603,0,26146,1.479
2026-09-13 05:56:46.827,1,16,Write Multiple Registers,2835,3,6,109,252,191,191,212,60,109,252,143,40,1584,109,1,0,1,143,123,143,40,573,0,45203,0.482
2026-09-13 05:56:50.327,1,16,Write Multiple Registers,2835,3,6,103,242,194,194,237,64,103,242,139,5,1584,103,1,0,1,139,136,139,5,582,0,29614,1.479
2026-09-13 05:56:53.827,1,16,Write Multiple Registers,2835,3,6,115,253,198,198,227,59,115,253,138,26,1584,115,1,0,1,138,125,138,26,595,0,45767,1.479
2026-09-13 05:56:57.327,1,16,Write Multiple Registers,2835,3,6,105,247,190,190,220,61,105,247,142,27,1584,105,1,0,1,142,128,142,27,572,0,30578,0.482
2026-09-13 05:57:00.827,1,16,Write Multiple Registers,2835,3,6,115,251,189,189,201,56,115,251,136,50,1584,115,1,0,1,136,111,136,50,567,0,30302,1.478
2026-09-13 05:57:04.327,1,16,Write Multiple Registers,2835,3,6,106,246,193,193,228,62,106,246,140,18,1584,106,1,0,1,140,131,140,18,580,0,29410,0.48
2026-09-13 05:57:07.827,1,16,Write Multiple Registers,2835,3,6,116,249,200,200,235,59,116,249,133,14,1584,116,1,0,1,133,126,133,14,600,0,29078,1.478
2026-09-13 05:57:11.328,1,16,Write Multiple Registers,2835,3,6,112,252,204,204,249,65,112,252,140,3,1584,112,1,0,1,140,138,140,3,613,0,45231,1.479
2026-09-13 05:57:14.828,1,16,Write Multiple Registers,2835,3,6,103,249,198,198,243,67,103,249,146,6,1584,103,1,0,1,146,143,146,6,595,0,46663,0.983
2026-09-13 05:57:18.328,1,16,Write Multiple Registers,2835,3,6,104,252,200,200,245,68,104,252,148,7,1584,104,1,0,1,148,144,148,7,601,0,46655,1.479
2026-09-13 05:57:21.828,1,16,Write Multiple Registers,2835,3,6,117,240,197,197,234,56,117,240,123,6,1584,117,1,0,1,123,120,123,6,591,0,30522,1.479
2026-09-13 05:57:25.328,1,16,Write Multiple Registers,2835,3,6,100,241,181,181,202,59,100,241,141,39,1584,100,1,0,1,141,121,141,39,543,0,29994,1.479
2026-09-13 05:57:28.828,1,16,Write Multiple Registers,2835,3,6,104,247,189,189,217,61,104,247,143,30,1584,104,1,0,1,143,128,143,30,568,0,47087,1.479
2026-09-13 05:57:32.328,1,16,Write Multiple Registers,2835,3,6,101,242,194,194,241,66,101,242,141,1,1584,101,1,0,1,141,140,141,1,584,0,28890,1.479
2026-09-13 05:57:35.828,1,16,Write Multiple Registers,2835,3,6,106,246,198,198,243,65,106,246,140,3,1584,106,1,0,1,140,138,140,3,595,0,29078,1.479
2026-09-13 05:57:39.328,1,16,Write Multiple Registers,2835,3,6,114,257,198,198,223,60,114,257,143,34,1584,114,1,0,1,143,126,143,34,594,0,42695,1.479
2026-09-13 05:57:42.828,1,16,Write Multiple Registers,2835,3,6,100,247,195,195,238,67,100,247,147,9,1584,100,1,0,1,147,142,147,9,585,0,28890,1.479
2026-09-13 05:57:46.328,1,16,Write Multiple Registers,2835,3,6,116,249,197,197,227,58,116,249,133,22,1584,116,1,0,1,133,122,133,22,592,0,45175,0.982
2026-09-13 05:57:49.828,1,16,Write Multiple Registers,2835,3,6,116,253,196,196,219,58,116,253,137,34,1584,116,1,0,1,137,120,137,34,588,0,46807,0.482
2026-09-13 05:57:53.328,1,16,Write Multiple Registers,2835,3,6,105,252,198,198,238,66,105,252,147,14,1584,105,1,0,1,147,140,147,14,595,0,29706,0.482
2026-09-13 05:57:56.828,1,16,Write Multiple Registers,2835,3,6,103,243,186,186,212,60,103,243,140,31,1584,103,1,0,1,140,124,140,31,558,0,46835,0.982
2026-09-13 05:58:00.328,1,16,Write Multiple Registers,2835,3,6,116,258,196,196,215,59,116,258,142,43,1584,116,1,0,1,142,120,142,43,589,0,26502,0.982
2026-09-13 05:58:03.829,1,16,Write Multiple Registers,2835,3,6,119,245,199,199,235,57,119,245,126,10,1584,119,1,0,1,126,121,126,10,599,0,29798,1.479
2026-09-13 05:58:07.329,1,16,Write Multiple Registers,2835,3,6,107,244,193,193,229,61,107,244,137,15,1584,107,1,0,1,137,129,137,15,580,0,45839,1.479
2026-09-13 05:58:10.829,1,16,Write Multiple Registers,2835,3,6,112,251,191,191,212,58,112,251,139,39,1584,112,1,0,1,139,119,139,39,575,0,29762,0.899
2026-09-13 05:58:14.329,1,16,Write Multiple Registers,2835,3,6,113,241,189,189,214,55,113,241,128,27,1584,113,1,0,1,128,114,128,27,568,0,29674,1.479
2026-09-13 05:58:17.829,1,16,Write Multiple Registers,2835,3,6,119,248,200,200,233,57,119,248,129,15,1584,119,1,0,1,129,121,129,15,600,0,29150,1.479
2026-09-13 05:58:21.329,1,16,Write Multiple Registers,2835,3,6,102,250,199,199,245,68,102,250,148,5,1584,102,1,0,1,148,145,148,5,597,0,30686,1.479
2026-09-13 05:58:24.829,1,16,Write Multiple Registers,2835,3,6,100,247,185,185,209,62,100,247,147,38,1584,100,1,0,1,147,128,147,38,556,0,30158,0.982
2026-09-13 05:58:28.329,1,16,Write Multiple Registers,2835,3,6,105,254,187,187,202,61,105,254,149,52,1584,105,1,0,1,149,123,149,52,561,0,45819,1.479
2026-09-13 05:58:31.878,1,16,Write Multiple Registers,2835,3,6,114,250,191,191,209,56,114,250,136,41,1584,114,1,0,1,136,115,136,41,573,0,29934,0.482
2026-09-13 05:58:35.493,1,16,Write Multiple Registers,2835,3,6,102,248,186,186,208,61,102,248,146,40,1584,102,1,0,1,146,126,146,40,558,0,28946,1.097
2026-09-13 05:58:38.878,1,16,Write Multiple Registers,2835,3,6,104,247,189,189,218,61,104,247,143,29,1584,104,1,0,1,143,128,143,29,569,0,47019,1.479
2026-09-13 05:58:42.378,1,16,Write Multiple Registers,2835,3,6,116,257,191,191,202,58,116,257,141,55,1584,116,1,0,1,141,113,141,55,575,0,25642,0.482
2026-09-13 05:58:45.878,1,16,Write Multiple Registers,2835,3,6,113,246,191,191,214,56,113,246,133,32,1584,113,1,0,1,133,117,133,32,573,0,45483,0.982
2026-09-13 05:58:49.379,1,16,Write Multiple Registers,2835,3,6,105,249,189,189,214,61,105,249,144,35,1584,105,1,0,1,144,126,144,35,568,0,45675,1.479
2026-09-13 05:58:52.879,1,16,Write Multiple Registers,2835,3,6,114,256,200,200,231,61,114,256,142,25,1584,114,1,0,1,142,129,142,25,601,0,41895,1.479
2026-09-13 05:58:56.379,1,16,Write Multiple Registers,2835,3,6,115,249,198,198,232,59,115,249,134,17,1584,115,1,0,1,134,125,134,17,596,0,45155,1.479
2026-09-13 05:58:59.879,1,16,Write Multiple Registers,2835,3,6,109,248,200,200,245,64,109,248,139,3,1584,109,1,0,1,139,137,139,3,602,0,29742,0.482
2026-09-13 05:59:03.379,1,16,Write Multiple Registers,2835,3,6,119,249,202,202,240,59,119,249,130,9,1584,119,1,0,1,130,125,130,9,608,0,29726,1.479
2026-09-13 05:59:06.879,1,16,Write Multiple Registers,2835,3,6,112,247,190,190,213,57,112,247,135,34,1584,112,1,0,1,135,118,135,34,572,0,45439,1.479
2026-09-13 05:59:10.379,1,16,Write Multiple Registers,2835,3,6,112,246,200,200,243,62,112,246,134,3,1584,112,1,0,1,134,132,134,3,601,0,46523,0.982
2026-09-13 05:59:13.879,1,16,Write Multiple Registers,2835,3,6,105,249,195,195,232,64,105,249,144,17,1584,105,1,0,1,144,135,144,17,586,0,30530,1.478
2026-09-13 05:59:17.379,1,16,Write Multiple Registers,2835,3,6,103,242,182,182,203,58,103,242,139,39,1584,103,1,0,1,139,119,139,39,548,0,46247,1.478
2026-09-13 05:59:20.880,1,16,Write Multiple Registers,2835,3,6,100,249,199,199,248,70,100,249,149,1,1584,100,1,0,1,149,148,149,1,597,0,30482,0.481
2026-09-13 05:59:24.380,1,16,Write Multiple Registers,2835,3,6,102,249,193,193,229,65,102,249,147,20,1584,102,1,0,1,147,137,147,20,580,0,46431,1.479
2026-09-13 05:59:27.880,1,16,Write Multiple Registers,2835,3,6,117,249,195,195,221,56,117,249,132,28,1584,117,1,0,1,132,118,132,28,587,0,46351,1.479
2026-09-13 05:59:31.380,1,16,Write Multiple Registers,2835,3,6,103,256,195,195,226,66,103,256,153,30,1584,103,1,0,1,153,138,153,30,585,0,26490,0.482
2026-09-13 05:59:34.880,1,16,Write Multiple Registers,2835,3,6,103,253,197,197,235,66,103,253,150,18,1584,103,1,0,1,150,141,150,18,591,0,30566,0.482
2026-09-13 05:59:38.380,1,16,Write Multiple Registers,2835,3,6,104,249,199,199,246,67,104,249,145,3,1584,104,1,0,1,145,143,145,3,599,0,45231,0.534
2026-09-13 05:59:41.880,1,16,Write Multiple Registers,2835,3,6,111,257,203,203,243,65,111,257,146,14,1584,111,1,0,1,146,139,146,14,611,0,26310,0.982
2026-09-13 05:59:45.380,1,16,Write Multiple Registers,2835,3,6,100,259,201,201,244,71,100,259,159,15,1584,100,1,0,1,159,151,159,15,603,0,42371,1.478
2026-09-13 05:59:48.880,1,16,Write Multiple Registers,2835,3,6,117,250,197,197,225,57,117,250,133,25,1584,117,1,0,1,133,120,133,25,592,0,45343,0.482
2026-09-13 05:59:52.381,1,16,Write Multiple Registers,2835,3,6,109,246,196,196,234,61,109,246,137,12,1584,109,1,0,1,137,131,137,12,589,0,29242,0.483
2026-09-13 05:59:55.881,1,16,Write Multiple Registers,2835,3,6,119,243,201,201,241,57,119,243,124,2,1584,119,1,0,1,124,123,124,2,603,0,46271,0.483
2026-09-13 05:59:59.381,1,16,Write Multiple Registers,2835,3,6,112,242,198,198,241,61,112,242,130,1,1584,112,1,0,1,130,129,130,1,595,0,46543,0.921
2026-09-13 06:00:02.881,1,16,Write Multiple Registers,2835,3,6,115,246,199,199,236,59,115,246,131,10,1584,115,1,0,1,131,126,131,10,597,0,29906,1.479
2026-09-13 06:00:06.381,1,16,Write Multiple Registers,2835,3,6,117,249,201,201,237,59,117,249,132,12,1584,117,1,0,1,132,126,132,12,603,0,45391,1.479
2026-09-13 06:00:09.881,1,16,Write Multiple Registers,2835,3,6,102,254,198,198,238,68,102,254,152,16,1584,102,1,0,1,152,144,152,16,594,0,46779,1.479
2026-09-13 06:00:13.381,1,16,Write Multiple Registers,2835,3,6,110,258,194,194,216,62,110,258,148,42,1584,110,1,0,1,148,127,148,42,584,0,41459,1.479
2026-09-13 06:00:16.881,1,16,Write Multiple Registers,2835,3,6,104,258,188,188,202,63,104,258,154,56,1584,104,1,0,1,154,126,154,56,564,0,41899,1.478
2026-09-13 06:00:20.381,1,16,Write Multiple Registers,2835,3,6,118,244,197,197,230,56,118,244,126,14,1584,118,1,0,1,126,119,126,14,592,0,46555,1.077
2026-09-13 06:00:23.882,1,16,Write Multiple Registers,2835,3,6,100,244,182,182,203,60,100,244,144,41,1584,100,1,0,1,144,123,144,41,547,0,46807,0.983
2026-09-13 06:00:27.382,1,16,Write Multiple Registers,2835,3,6,117,256,196,196,217,58,117,256,139,39,1584,117,1,0,1,139,119,139,39,590,0,42815,1.479
2026-09-13 06:00:30.882,1,16,Write Multiple Registers,2835,3,6,104,245,184,184,205,59,104,245,141,40,1584,104,1,0,1,141,121,141,40,554,0,30046,0.482
2026-09-13 06:00:34.382,1,16,Write Multiple Registers,2835,3,6,106,241,188,188,217,58,106,241,135,24,1584,106,1,0,1,135,123,135,24,564,0,30158,0.48
2026-09-13 06:00:37.882,1,16,Write Multiple Registers,2835,3,6,101,240,191,191,233,63,101,240,139,7,1584,101,1,0,1,139,135,139,7,574,0,45695,0.982
2026-09-13 06:00:41.382,1,16,Write Multiple Registers,2835,3,6,104,255,186,186,201,62,104,255,151,54,1584,104,1,0,1,151,124,151,54,560,0,45615,0.48
2026-09-13 06:00:44.882,1,16,Write Multiple Registers,2835,3,6,116,247,202,202,243,60,116,247,131,4,1584,116,1,0,1,131,129,131,4,606,0,46279,1.479
2026-09-13 06:00:48.382,1,16,Write Multiple Registers,2835,3,6,109,245,195,195,233,61,109,245,136,12,1584,109,1,0,1,136,130,136,12,587,0,29502,0.482
2026-09-13 06:00:51.882,1,16,Write Multiple Registers,2835,3,6,103,255,190,190,214,64,103,255,152,41,1584,103,1,0,1,152,131,152,41,572,0,29578,1.478
2026-09-13 06:00:55.382,1,16,Write Multiple Registers,2835,3,6,118,250,196,196,220,56,118,250,132,30,1584,118,1,0,1,132,117,132,30,588,0,29826,1.478
2026-09-13 06:00:58.883,1,16,Write Multiple Registers,2835,3,6,106,255,194,194,222,63,106,255,149,33,1584,106,1,0,1,149,132,149,33,583,0,29178,1.479
2026-09-13 06:01:02.383,1,16,Write Multiple Registers,2835,3,6,103,254,197,197,234,66,103,254,151,20,1584,103,1,0,1,151,141,151,20,591,0,46619,1.479
2026-09-13 06:01:05.883,1,16,Write Multiple Registers,2835,3,6,119,244,199,199,235,56,119,244,125,9,1584,119,1,0,1,125,120,125,9,598,0,46247,0.982
2026-09-13 06:01:09.383,1,16,Write Multiple Registers,2835,3,6,106,256,191,191,211,62,106,256,150,45,1584,106,1,0,1,150,127,150,45,573,0,24726,0.982
2026-09-13 06:01:12.883,1,16,Write Multiple Registers,2835,3,6,113,255,197,197,225,61,113,255,142,30,1584,113,1,0,1,142,127,142,30,593,0,29598,1.479
2026-09-13 06:01:16.383,1,16,Write Multiple Registers,2835,3,6,110,249,187,187,204,57,110,249,139,45,1584,110,1,0,1,139,116,139,45,563,0,45443,0.482
2026-09-13 06:01:19.883,1,16,Write Multiple Registers,2835,3,6,101,255,198,198,238,68,101,255,154,17,1584,101,1,0,1,154,145,154,17,594,0,30346,1.479
2026-09-13 06:01:23.383,1,16,Write Multiple Registers,2835,3,6,103,257,200,200,242,69,103,257,154,15,1584,103,1,0,1,154,146,154,15,602,0,25722,0.482
2026-09-13 06:01:26.883,1,16,Write Multiple Registers,2835,3,6,102,251,193,193,227,65,102,251,149,24,1584,102,1,0,1,149,137,149,24,580,0,29782,1.478
2026-09-13 06:01:30.384,1,16,Write Multiple Registers,2835,3,6,103,244,185,185,210,60,103,244,141,34,1584,103,1,0,1,141,124,141,34,557,0,29754,1.479
2026-09-13 06:01:33.884,1,16,Write Multiple Registers,2835,3,6,107,240,191,191,227,59,107,240,133,13,1584,107,1,0,1,133,126,133,13,574,0,28806,0.483
2026-09-13 06:01:37.384,1,16,Write Multiple Registers,2835,3,6,107,256,193,193,218,63,107,256,149,38,1584,107,1,0,1,149,130,149,38,581,0,41243,0.982
2026-09-13 06:01:40.884,1,16,Write Multiple Registers,2835,3,6,103,251,190,190,217,63,103,251,148,34,1584,103,1,0,1,148,131,148,34,571,0,45535,0.982
2026-09-13 06:01:44.384,1,16,Write Multiple Registers,2835,3,6,107,251,199,199,241,65,107,251,144,10,1584,107,1,0,1,144,139,144,10,599,0,46207,1.479
2026-09-13 06:01:47.884,1,16,Write Multiple Registers,2835,3,6,115,246,196,196,228,57,115,246,131,18,1584,115,1,0,1,131,122,131,18,589,0,46387,1.479
2026-09-13 06:01:51.384,1,16,Write Multiple Registers,2835,3,6,112,256,205,205,247,65,112,256,144,9,1584,112,1,0,1,144,139,144,9,615,0,41159,0.982
2026-09-13 06:01:54.884,1,16,Write Multiple Registers,2835,3,6,111,252,197,197,230,61,111,252,141,22,1584,111,1,0,1,141,130,141,22,593,0,46091,1.478
2026-09-13 06:01:58.384,1,16,Write Multiple Registers,2835,3,6,111,256,193,193,213,60,111,256,145,43,1584,111,1,0,1,145,123,145,43,580,0,24846,1.478
2026-09-13 06:02:01.884,1,16,Write Multiple Registers,2835,3,6,108,241,194,194,233,60,108,241,133,8,1584,108,1,0,1,133,129,133,8,582,0,28782,0.482
2026-09-13 06:02:05.385,1,16,Write Multiple Registers,2835,3,6,101,241,181,181,203,59,101,241,140,38,1584,101,1,0,1,140,121,140,38,545,0,30022,1.479
2026-09-13 06:02:08.885,1,16,Write Multiple Registers,2835,3,6,117,253,206,206,248,62,117,253,136,5,1584,117,1,0,1,136,133,136,5,618,0,45379,0.482
2026-09-13 06:02:12.385,1,16,Write Multiple Registers,2835,3,6,104,247,193,193,229,63,104,247,143,18,1584,104,1,0,1,143,134,143,18,580,0,45759,0.982
2026-09-13 06:02:15.885,1,16,Write Multiple Registers,2835,3,6,116,250,189,189,201,55,116,250,134,49,1584,116,1,0,1,134,109,134,49,567,0,30510,1.479
2026-09-13 06:02:19.385,1,16,Write Multiple Registers,2835,3,6,106,245,184,184,202,58,106,245,139,43,1584,106,1,0,1,139,117,139,43,553,0,30026,1.479
2026-09-13 06:02:22.885,1,16,Write Multiple Registers,2835,3,6,101,248,188,188,217,63,101,248,147,31,1584,101,1,0,1,147,131,147,31,566,0,28734,1.479
2026-09-13 06:02:26.385,1,16,Write Multiple Registers,2835,3,6,119,257,201,201,229,59,119,257,138,28,1584,119,1,0,1,138,124,138,28,605,0,41487,0.482
2026-09-13 06:02:29.885,1,16,Write Multiple Registers,2835,3,6,116,259,195,195,211,59,116,259,143,48,1584,116,1,0,1,143,119,143,48,586,0,26550,0.482
2026-09-13 06:02:33.385,1,16,Write Multiple Registers,2835,3,6,107,249,187,187,207,59,107,249,142,42,1584,107,1,0,1,142,121,142,42,563,0,45271,0.482
2026-09-13 06:02:36.885,1,16,Write Multiple Registers,2835,3,6,112,243,190,190,217,56,112,243,131,26,1584,112,1,0,1,131,118,131,26,572,0,29550,1.478
2026-09-13 06:02:40.386,1,16,Write Multiple Registers,2835,3,6,108,241,186,186,211,56,108,241,133,30,1584,108,1,0,1,133,118,133,30,560,0,30134,0.483
2026-09-13 06:02:43.886,1,16,Write Multiple Registers,2835,3,6,108,255,189,189,206,61,108,255,147,49,1584,108,1,0,1,147,122,147,49,569,0,46043,1.479
2026-09-13 06:02:47.386,1,16,Write Multiple Registers,2835,3,6,101,259,187,187,202,65,101,259,158,57,1584,101,1,0,1,158,129,158,57,562,0,41211,0.982
2026-09-13 06:02:50.886,1,16,Write Multiple Registers,2835,3,6,109,246,199,199,242,63,109,246,137,4,1584,109,1,0,1,137,135,137,4,597,0,29674,1.479
2026-09-13 06:02:54.386,1,16,Write Multiple Registers,2835,3,6,105,243,187,187,213,59,105,243,138,30,1584,105,1,0,1,138,123,138,30,561,0,46511,1.479
2026-09-13 06:02:57.886,1,16,Write Multiple Registers,2835,3,6,118,243,193,193,219,54,118,243,125,24,1584,118,1,0,1,125,113,125,24,580,0,45815,1.479
2026-09-13 06:03:01.658,1,16,Write Multiple Registers,2835,3,6,114,240,185,185,201,52,114,240,126,39,1584,114,1,0,1,126,106,126,39,555,0,29006,0.737
2026-09-13 06:03:05.158,1,16,Write Multiple Registers,2835,3,6,113,240,185,185,203,53,113,240,127,37,1584,113,1,0,1,127,108,127,37,556,0,45511,1.478
2026-09-13 06:03:08.658,1,16,Write Multiple Registers,2835,3,6,109,258,189,189,202,61,109,258,149,56,1584,109,1,0,1,149,121,149,56,569,0,41659,0.982
2026-09-13 06:03:12.158,1,16,Write Multiple Registers,2835,3,6,100,241,180,180,201,59,100,241,141,40,1584,100,1,0,1,141,121,141,40,542,0,30062,0.482
2026-09-13 06:03:15.659,1,16,Write Multiple Registers,2835,3,6,111,242,190,190,218,56,111,242,131,24,1584,111,1,0,1,131,119,131,24,571,0,30170,0.983
2026-09-13 06:03:19.159,1,16,Write Multiple Registers,2835,3,6,119,250,199,199,230,57,119,250,131,20,1584,119,1,0,1,131,121,131,20,599,0,45323,1.424
2026-09-13 06:03:22.659,1,16,Write Multiple Registers,2835,3,6,119,244,193,193,216,53,119,244,125,28,1584,119,1,0,1,125,111,125,28,579,0,45219,1.479
2026-09-13 06:03:26.668,1,16,Write Multiple Registers,2835,3,6,112,257,199,199,230,62,112,257,145,27,1584,112,1,0,1,145,131,145,27,599,0,25594,0.982
2026-09-13 06:03:30.168,1,16,Write Multiple Registers,2835,3,6,119,258,196,196,212,57,119,258,139,46,1584,119,1,0,1,139,116,139,46,589,0,26418,0.482
2026-09-13 06:03:33.668,1,16,Write Multiple Registers,2835,3,6,119,247,198,198,228,56,119,247,128,19,1584,119,1,0,1,128,118,128,19,594,0,46259,1.479
2026-09-13 06:03:37.168,1,16,Write Multiple Registers,2835,3,6,117,248,198,198,230,57,117,248,131,18,1584,117,1,0,1,131,122,131,18,595,0,45099,0.982
2026-09-13 06:03:40.668,1,16,Write Multiple Registers,2835,3,6,109,254,192,192,214,61,109,254,145,40,1584,109,1,0,1,145,125,145,40,577,0,45419,0.982
2026-09-13 06:03:44.168,1,16,Write Multiple Registers,2835,3,6,111,254,198,198,229,62,111,254,143,25,1584,111,1,0,1,143,130,143,25,594,0,30158,1.478
2026-09-13 06:03:47.668,1,16,Write Multiple Registers,2835,3,6,108,251,200,200,243,65,108,251,143,8,1584,108,1,0,1,143,139,143,8,602,0,46519,1.478
2026-09-13 06:03:51.169,1,16,Write Multiple Registers,2835,3,6,112,258,190,190,202,60,112,258,146,56,1584,112,1,0,1,146,118,146,56,572,0,42027,0.983
2026-09-13 06:03:54.669,1,16,Write Multiple Registers,2835,3,6,105,244,188,188,215,59,105,244,139,29,1584,105,1,0,1,139,124,139,29,564,0,46999,0.482
2026-09-13 06:03:58.169,1,16,Write Multiple Registers,2835,3,6,110,259,190,190,202,61,110,259,149,57,1584,110,1,0,1,149,120,149,57,571,0,25226,1.479
2026-09-13 06:04:01.669,1,16,Write Multiple Registers,2835,3,6,111,240,186,186,207,54,111,240,129,33,1584,111,1,0,1,129,112,129,33,558,0,30550,1.479
2026-09-13 06:04:05.169,1,16,Write Multiple Registers,2835,3,6,104,257,188,188,203,63,104,257,153,54,1584,104,1,0,1,153,126,153,54,564,0,25302,0.482
2026-09-13 06:04:08.669,1,16,Write Multiple Registers,2835,3,6,100,244,186,186,215,62,100,244,144,29,1584,100,1,0,1,144,129,144,29,559,0,29702,1.479
2026-09-13 06:04:12.169,1,16,Write Multiple Registers,2835,3,6,113,259,199,199,225,62,113,259,146,34,1584,113,1,0,1,146,129,146,34,597,0,41631,1.479
2026-09-13 06:04:15.669,1,16,Write Multiple Registers,2835,3,6,111,240,185,185,205,54,111,240,129,35,1584,111,1,0,1,129,111,129,35,556,0,46895,1.478
2026-09-13 06:04:19.169,1,16,Write Multiple Registers,2835,3,6,108,252,198,198,236,64,108,252,144,16,1584,108,1,0,1,144,136,144,16,596,0,46435,0.482
2026-09-13 06:04:22.669,1,16,Write Multiple Registers,2835,3,6,113,241,189,189,215,55,113,241,128,26,1584,113,1,0,1,128,115,128,26,569,0,46039,0.982
2026-09-13 06:04:26.170,1,16,Write Multiple Registers,2835,3,6,119,252,192,192,207,55,119,252,133,45,1584,119,1,0,1,133,110,133,45,578,0,30166,0.983
2026-09-13 06:04:29.670,1,16,Write Multiple Registers,2835,3,6,117,249,198,198,228,57,117,249,132,21,1584,117,1,0,1,132,121,132,21,594,0,45203,0.983
2026-09-13 06:04:33.170,1,16,Write Multiple Registers,2835,3,6,119,259,196,196,210,58,119,259,140,49,1584,119,1,0,1,140,115,140,49,588,0,42875,0.982
2026-09-13 06:04:36.670,1,16,Write Multiple Registers,2835,3,6,113,245,200,200,243,61,113,245,132,2,1584,113,1,0,1,132,131,132,2,601,0,30126,0.482
2026-09-13 06:04:40.170,1,16,Write Multiple Registers,2835,3,6,112,250,194,194,221,59,112,250,138,29,1584,112,1,0,1,138,123,138,29,583,0,46431,0.482
2026-09-13 06:04:43.670,1,16,Write Multiple Registers,2835,3,6,115,251,203,203,245,62,115,251,136,6,1584,115,1,0,1,136,133,136,6,611,0,29454,0.982
2026-09-13 06:04:47.170,1,16,Write Multiple Registers,2835,3,6,107,252,202,202,247,67,107,252,145,5,1584,107,1,0,1,145,142,145,5,606,0,30390,0.982
2026-09-13 06:04:50.670,1,16,Write Multiple Registers,2835,3,6,107,258,199,199,232,65,107,258,151,26,1584,107,1,0,1,151,138,151,26,597,0,42147,1.478
2026-09-13 06:04:54.170,1,16,Write Multiple Registers,2835,3,6,111,244,193,193,226,58,111,244,133,18,1584,111,1,0,1,133,124,133,18,581,0,45819,1.478
2026-09-13 06:04:57.670,1,16,Write Multiple Registers,2835,3,6,105,246,185,185,205,59,105,246,141,41,1584,105,1,0,1,141,120,141,41,556,0,46159,0.482
2026-09-13 06:05:01.170,1,16,Write Multiple Registers,2835,3,6,113,258,201,201,234,63,113,258,145,24,1584,113,1,0,1,145,133,145,24,605,0,41979,0.48
2026-09-13 06:05:04.671,1,16,Write Multiple Registers,2835,3,6,116,248,193,193,216,56,116,248,132,32,1584,116,1,0,1,132,116,132,32,580,0,46419,0.481
2026-09-13 06:05:08.171,1,16,Write Multiple Registers,2835,3,6,116,248,194,194,219,56,116,248,132,29,1584,116,1,0,1,132,117,132,29,583,0,46359,0.982
2026-09-13 06:05:11.671,1,16,Write Multiple Registers,2835,3,6,111,243,198,198,241,61,111,243,132,2,1584,111,1,0,1,132,131,132,2,595,0,45767,0.982
2026-09-13 06:05:15.171,1,16,Write Multiple Registers,2835,3,6,116,258,200,200,226,60,116,258,142,32,1584,116,1,0,1,142,126,142,32,600,0,25354,0.48
2026-09-13 06:05:18.671,1,16,Write Multiple Registers,2835,3,6,103,251,198,198,242,67,103,251,148,9,1584,103,1,0,1,148,143,148,9,596,0,47099,0.482
2026-09-13 06:05:22.171,1,16,Write Multiple Registers,2835,3,6,115,242,188,188,208,53,115,242,127,34,1584,115,1,0,1,127,110,127,34,565,0,45699,1.479
2026-09-13 06:05:25.671,1,16,Write Multiple Registers,2835,3,6,109,258,200,200,233,65,109,258,149,25,1584,109,1,0,1,149,136,149,25,600,0,25982,1.479
2026-09-13 06:05:29.171,1,16,Write Multiple Registers,2835,3,6,116,240,189,189,213,53,116,240,124,27,1584,116,1,0,1,124,110,124,27,569,0,45695,1.478
2026-09-13 06:05:32.671,1,16,Write Multiple Registers,2835,3,6,112,247,187,187,203,56,112,247,135,44,1584,112,1,0,1,135,113,135,44,562,0,46039,0.48
2026-09-13 06:05:36.171,1,16,Write Multiple Registers,2835,3,6,113,243,185,185,201,54,113,243,130,42,1584,113,1,0,1,130,109,130,42,557,0,28926,0.301
2026-09-13 06:05:39.672,1,16,Write Multiple Registers,2835,3,6,113,245,199,199,239,60,113,245,132,6,1584,113,1,0,1,132,129,132,6,597,0,46455,1.479
2026-09-13 06:05:43.172,1,16,Write Multiple Registers,2835,3,6,114,258,193,193,207,59,114,258,144,51,1584,114,1,0,1,144,118,144,51,579,0,25670,1.479
2026-09-13 06:05:46.672,1,16,Write Multiple Registers,2835,3,6,119,251,200,200,232,58,119,251,132,19,1584,119,1,0,1,132,122,132,19,602,0,45219,1.479
2026-09-13 06:05:50.172,1,16,Write Multiple Registers,2835,3,6,119,259,194,194,204,57,119,259,140,55,1584,119,1,0,1,140,112,140,55,582,0,42451,1.479
2026-09-13 06:05:53.672,1,16,Write Multiple Registers,2835,3,6,104,253,192,192,221,64,104,253,149,32,1584,104,1,0,1,149,133,149,32,578,0,28830,0.48
2026-09-13 06:05:57.172,1,16,Write Multiple Registers,2835,3,6,106,255,200,200,241,67,106,255,149,14,1584,106,1,0,1,149,142,149,14,602,0,46895,1.173
2026-09-13 06:06:00.672,1,16,Write Multiple Registers,2835,3,6,110,248,200,200,243,63,110,248,138,5,1584,110,1,0,1,138,135,138,5,601,0,29362,0.482
2026-09-13 06:06:04.172,1,16,Write Multiple Registers,2835,3,6,110,252,191,191,213,59,110,252,142,39,1584,110,1,0,1,142,122,142,39,575,0,28766,0.482
2026-09-13 06:06:07.672,1,16,Write Multiple Registers,2835,3,6,118,246,194,194,218,54,118,246,128,28,1584,118,1,0,1,128,114,128,28,582,0,28938,0.482
2026-09-13 06:06:11.172,1,16,Write Multiple Registers,2835,3,6,119,246,202,202,243,59,119,246,127,3,1584,119,1,0,1,127,125,127,3,608,0,29706,0.982
2026-09-13 06:06:14.672,1,16,Write Multiple Registers,2835,3,6,117,246,189,189,206,53,117,246,129,40,1584,117,1,0,1,129,109,129,40,569,0,29386,1.478
2026-09-13 06:06:18.173,1,16,Write Multiple Registers,2835,3,6,102,244,188,188,218,61,102,244,142,26,1584,102,1,0,1,142,129,142,26,564,0,30090,0.983
2026-09-13 06:06:21.673,1,16,Write Multiple Registers,2835,3,6,107,240,188,188,219,58,107,240,133,21,1584,107,1,0,1,133,122,133,21,566,0,46375,0.983
2026-09-13 06:06:25.173,1,16,Write Multiple Registers,2835,3,6,108,242,196,196,240,62,108,242,134,2,1584,108,1,0,1,134,133,134,2,590,0,45875,0.982
2026-09-13 06:06:28.673,1,16,Write Multiple Registers,2835,3,6,113,255,197,197,224,60,113,255,142,31,1584,113,1,0,1,142,126,142,31,592,0,45987,1.479
2026-09-13 06:06:32.173,1,16,Write Multiple Registers,2835,3,6,106,246,198,198,242,65,106,246,140,4,1584,106,1,0,1,140,138,140,4,594,0,45483,1.479
2026-09-13 06:06:35.696,1,16,Write Multiple Registers,2835,3,6,111,248,193,193,222,59,111,248,137,26,1584,111,1,0,1,137,124,137,26,581,0,45739,0.982
2026-09-13 06:06:39.196,1,16,Write Multiple Registers,2835,3,6,102,255,191,191,216,64,102,255,153,39,1584,102,1,0,1,153,133,153,39,573,0,29362,0.48
2026-09-13 06:06:42.696,1,16,Write Multiple Registers,2835,3,6,106,241,194,194,237,62,106,241,135,4,1584,106,1,0,1,135,133,135,4,584,0,45439,1.478
2026-09-13 06:06:46.196,1,16,Write Multiple Registers,2835,3,6,105,240,185,185,211,58,105,240,135,29,1584,105,1,0,1,135,120,135,29,556,0,46183,0.482
2026-09-13 06:06:49.696,1,16,Write Multiple Registers,2835,3,6,114,247,194,194,223,57,114,247,133,24,1584,114,1,0,1,133,121,133,24,584,0,28742,1.478
2026-09-13 06:06:53.196,1,16,Write Multiple Registers,2835,3,6,103,254,198,198,239,67,103,254,151,15,1584,103,1,0,1,151,143,151,15,596,0,46807,0.482
2026-09-13 06:06:56.697,1,16,Write Multiple Registers,2835,3,6,115,257,191,191,202,58,115,257,142,55,1584,115,1,0,1,142,114,142,55,574,0,42395,0.481
2026-09-13 06:07:00.197,1,16,Write Multiple Registers,2835,3,6,104,252,198,198,238,66,104,252,148,14,1584,104,1,0,1,148,141,148,14,594,0,46171,0.482
2026-09-13 06:07:03.697,1,16,Write Multiple Registers,2835,3,6,106,242,190,190,223,60,106,242,136,19,1584,106,1,0,1,136,126,136,19,571,0,29702,1.479
2026-09-13 06:07:07.197,1,16,Write Multiple Registers,2835,3,6,104,240,185,185,213,58,104,240,136,27,1584,104,1,0,1,136,122,136,27,557,0,29886,1.479
2026-09-13 06:07:10.697,1,16,Write Multiple Registers,2835,3,6,114,257,195,195,216,60,114,257,143,41,1584,114,1,0,1,143,122,143,41,587,0,26226,1.479
2026-09-13 06:07:14.197,1,16,Write Multiple Registers,2835,3,6,100,248,192,192,229,65,100,248,148,19,1584,100,1,0,1,148,138,148,19,577,0,46399,0.48
2026-09-13 06:07:18.784,1,16,Write Multiple Registers,2835,3,6,100,245,192,192,233,65,100,245,145,12,1584,100,1,0,1,145,139,145,12,578,0,29166,1.479
2026-09-13 06:07:22.284,1,16,Write Multiple Registers,2835,3,6,105,247,194,194,230,63,105,247,142,17,1584,105,1,0,1,142,133,142,17,582,0,29354,0.982
2026-09-13 06:07:25.784,1,16,Write Multiple Registers,2835,3,6,116,254,201,201,233,60,116,254,138,21,1584,116,1,0,1,138,127,138,21,603,0,29614,0.982
2026-09-13 06:07:29.284,1,16,Write Multiple Registers,2835,3,6,118,246,188,188,201,53,118,246,128,45,1584,118,1,0,1,128,105,128,45,565,0,45711,1.478
2026-09-13 06:07:32.810,1,16,Write Multiple Registers,2835,3,6,107,256,202,202,243,67,107,256,149,13,1584,107,1,0,1,149,142,149,13,606,0,26438,1.034
2026-09-13 06:07:36.311,1,16,Write Multiple Registers,2835,3,6,119,257,193,193,204,56,119,257,138,53,1584,119,1,0,1,138,111,138,53,580,0,25682,1.479
2026-09-13 06:07:39.811,1,16,Write Multiple Registers,2835,3,6,118,242,200,200,240,57,118,242,124,2,1584,118,1,0,1,124,123,124,2,600,0,29714,0.483
2026-09-13 06:07:43.311,1,16,Write Multiple Registers,2835,3,6,108,249,192,192,221,60,108,249,141,28,1584,108,1,0,1,141,127,141,28,578,0,29406,0.982
2026-09-13 06:07:46.811,1,16,Write Multiple Registers,2835,3,6,104,253,188,188,207,62,104,253,149,46,1584,104,1,0,1,149,126,149,46,564,0,29478,1.479
2026-09-13 06:07:50.311,1,16,Write Multiple Registers,2835,3,6,103,259,194,194,221,66,103,259,156,38,1584,103,1,0,1,156,137,156,38,583,0,25390,1.479
2026-09-13 06:07:53.811,1,16,Write Multiple Registers,2835,3,6,107,256,196,196,227,64,107,256,149,29,1584,107,1,0,1,149,134,149,29,590,0,42119,1.479
2026-09-13 06:07:57.317,1,16,Write Multiple Registers,2835,3,6,102,246,184,184,204,60,102,246,144,42,1584,102,1,0,1,144,123,144,42,552,0,30530,0.982
2026-09-13 06:08:00.817,1,16,Write Multiple Registers,2835,3,6,108,256,191,191,209,61,108,256,148,47,1584,108,1,0,1,148,124,148,47,573,0,41231,1.479
2026-09-13 06:08:04.317,1,16,Write Multiple Registers,2835,3,6,108,255,201,201,241,66,108,255,147,14,1584,108,1,0,1,147,140,147,14,604,0,46799,0.982
2026-09-13 06:08:07.817,1,16,Write Multiple Registers,2835,3,6,110,248,200,200,244,64,110,248,138,4,1584,110,1,0,1,138,136,138,4,602,0,46307,1.478
2026-09-13 06:08:11.317,1,16,Write Multiple Registers,2835,3,6,106,254,197,197,232,65,106,254,148,22,1584,106,1,0,1,148,137,148,22,592,0,46579,0.982
2026-09-13 06:08:14.818,1,16,Write Multiple Registers,2835,3,6,112,240,194,194,230,58,112,240,128,10,1584,112,1,0,1,128,123,128,10,582,0,30522,0.483
2026-09-13 06:08:18.318,1,16,Write Multiple Registers,2835,3,6,105,243,185,185,208,58,105,243,138,35,1584,105,1,0,1,138,120,138,35,556,0,46435,0.483
2026-09-13 06:08:21.818,1,16,Write Multiple Registers,2835,3,6,106,247,196,196,235,63,106,247,141,12,1584,106,1,0,1,141,135,141,12,588,0,45943,0.482
2026-09-13 06:08:25.318,1,16,Write Multiple Registers,2835,3,6,113,252,202,202,243,63,113,252,139,9,1584,113,1,0,1,139,134,139,9,608,0,29030,0.482
2026-09-13 06:08:28.818,1,16,Write Multiple Registers,2835,3,6,110,244,193,193,226,59,110,244,134,18,1584,110,1,0,1,134,125,134,18,580,0,29354,0.584
2026-09-13 06:08:32.318,1,16,Write Multiple Registers,2835,3,6,110,256,200,200,236,64,110,256,146,20,1584,110,1,0,1,146,136,146,20,602,0,42179,0.982
2026-09-13 06:08:35.818,1,16,Write Multiple Registers,2835,3,6,112,246,189,189,210,56,112,246,134,36,1584,112,1,0,1,134,116,134,36,568,0,45323,0.982
2026-09-13 06:08:39.318,1,16,Write Multiple Registers,2835,3,6,117,255,195,195,215,57,117,255,138,40,1584,117,1,0,1,138,118,138,40,587,0,46615,1.478
2026-09-13 06:08:42.818,1,16,Write Multiple Registers,2835,3,6,107,248,200,200,246,66,107,248,141,2,1584,107,1,0,1,141,140,141,2,601,0,28770,0.982
2026-09-13 06:08:46.332,1,16,Write Multiple Registers,2835,3,6,105,247,198,198,244,66,105,247,142,3,1584,105,1,0,1,142,140,142,3,596,0,28946,0.982
2026-09-13 06:08:49.832,1,16,Write Multiple Registers,2835,3,6,109,259,203,203,243,67,109,259,150,16,1584,109,1,0,1,150,142,150,16,611,0,26598,0.482
2026-09-13 06:08:53.333,1,16,Write Multiple Registers,2835,3,6,110,248,201,201,246,64,110,248,138,2,1584,110,1,0,1,138,137,138,2,604,0,29042,0.983
2026-09-13 06:08:56.833,1,16,Write Multiple Registers,2835,3,6,115,248,188,188,203,55,115,248,133,45,1584,115,1,0,1,133,110,133,45,566,0,46951,0.983
2026-09-13 06:09:00.333,1,16,Write Multiple Registers,2835,3,6,108,254,194,194,221,62,108,254,146,33,1584,108,1,0,1,146,129,146,33,583,0,45215,0.482
2026-09-13 06:09:03.833,1,16,Write Multiple Registers,2835,3,6,112,257,197,197,224,62,112,257,145,33,1584,112,1,0,1,145,128,145,33,593,0,25458,1.479
2026-09-13 06:09:07.333,1,16,Write Multiple Registers,2835,3,6,107,243,195,195,237,62,107,243,136,6,1584,107,1,0,1,136,133,136,6,587,0,45231,0.482
2026-09-13 06:09:10.838,1,16,Write Multiple Registers,2835,3,6,114,255,197,197,222,60,114,255,141,33,1584,114,1,0,1,141,124,141,33,591,0,30330,0.482
2026-09-13 06:09:14.338,1,16,Write Multiple Registers,2835,3,6,102,254,192,192,220,65,102,254,152,34,1584,102,1,0,1,152,135,152,34,576,0,29314,0.48
2026-09-13 06:09:17.838,1,16,Write Multiple Registers,2835,3,6,102,243,181,181,200,59,102,243,141,43,1584,102,1,0,1,141,119,141,43,545,0,46195,1.479
2026-09-13 06:09:21.338,1,16,Write Multiple Registers,2835,3,6,110,247,199,199,240,62,110,247,137,7,1584,110,1,0,1,137,133,137,7,597,0,28754,0.482
2026-09-13 06:09:24.838,1,16,Write Multiple Registers,2835,3,6,105,243,190,190,223,60,105,243,138,20,1584,105,1,0,1,138,128,138,20,571,0,46135,1.478
2026-09-13 06:09:28.338,1,16,Write Multiple Registers,2835,3,6,100,249,198,198,247,69,100,249,149,2,1584,100,1,0,1,149,148,149,2,596,0,29614,1.478
2026-09-13 06:09:31.838,1,16,Write Multiple Registers,2835,3,6,115,255,202,202,238,62,115,255,140,17,1584,115,1,0,1,140,131,140,17,608,0,45675,0.48
2026-09-13 06:09:35.339,1,16,Write Multiple Registers,2835,3,6,106,241,194,194,237,62,106,241,135,4,1584,106,1,0,1,135,133,135,4,584,0,45439,1.479
2026-09-13 06:09:38.839,1,16,Write Multiple Registers,2835,3,6,103,244,194,194,236,64,103,244,141,8,1584,103,1,0,1,141,137,141,8,583,0,45331,0.983
2026-09-13 06:09:42.339,1,16,Write Multiple Registers,2835,3,6,119,248,190,190,203,53,119,248,129,45,1584,119,1,0,1,129,106,129,45,570,0,30246,0.48
2026-09-13 06:09:45.839,1,16,Write Multiple Registers,2835,3,6,103,258,192,192,217,65,103,258,155,41,1584,103,1,0,1,155,134,155,41,578,0,25374,0.482
2026-09-13 06:09:49.339,1,16,Write Multiple Registers,2835,3,6,110,245,186,186,205,56,110,245,135,40,1584,110,1,0,1,135,115,135,40,560,0,29886,0.482
2026-09-13 06:09:52.839,1,16,Write Multiple Registers,2835,3,6,111,257,200,200,232,63,111,257,146,25,1584,111,1,0,1,146,133,146,25,600,0,25762,0.616
2026-09-13 06:09:56.339,1,16,Write Multiple Registers,2835,3,6,119,244,200,200,237,57,119,244,125,7,1584,119,1,0,1,125,121,125,7,600,0,46127,1.479
2026-09-13 06:09:59.839,1,16,Write Multiple Registers,2835,3,6,116,257,206,206,247,64,116,257,141,10,1584,116,1,0,1,141,136,141,10,620,0,41287,0.982
2026-09-13 06:10:03.339,1,16,Write Multiple Registers,2835,3,6,119,248,191,191,206,53,119,248,129,42,1584,119,1,0,1,129,108,129,42,573,0,30442,1.478
2026-09-13 06:10:06.839,1,16,Write Multiple Registers,2835,3,6,101,251,192,192,224,65,101,251,150,27,1584,101,1,0,1,150,136,150,27,576,0,29922,1.478
2026-09-13 06:10:10.339,1,16,Write Multiple Registers,2835,3,6,111,251,187,187,200,57,111,251,140,51,1584,111,1,0,1,140,114,140,51,562,0,28834,0.482
2026-09-13 06:10:13.839,1,16,Write Multiple Registers,2835,3,6,116,247,194,194,221,56,116,247,131,26,1584,116,1,0,1,131,118,131,26,584,0,45535,0.982
2026-09-13 06:10:17.340,1,16,Write Multiple Registers,2835,3,6,112,258,201,201,234,63,112,258,146,24,1584,112,1,0,1,146,134,146,24,604,0,25514,1.479
2026-09-13 06:10:20.840,1,16,Write Multiple Registers,2835,3,6,112,256,190,190,202,59,112,256,144,54,1584,112,1,0,1,144,117,144,54,570,0,26026,1.479
2026-09-13 06:10:24.340,1,16,Write Multiple Registers,2835,3,6,116,254,200,200,232,60,116,254,138,22,1584,116,1,0,1,138,127,138,22,602,0,45971,0.982
2026-09-13 06:10:27.840,1,16,Write Multiple Registers,2835,3,6,117,241,198,198,238,57,117,241,124,3,1584,117,1,0,1,124,122,124,3,596,0,30474,0.482
2026-09-13 06:10:31.340,1,16,Write Multiple Registers,2835,3,6,106,251,199,199,242,66,106,251,145,9,1584,106,1,0,1,145,140,145,9,599,0,29802,0.482
2026-09-13 06:10:34.840,1,16,Write Multiple Registers,2835,3,6,111,257,191,191,207,60,111,257,146,50,1584,111,1,0,1,146,121,146,50,575,0,25494,0.982
2026-09-13 06:10:38.340,1,16,Write Multiple Registers,2835,3,6,109,256,196,196,224,63,109,256,147,32,1584,109,1,0,1,147,131,147,32,589,0,42275,1.479
2026-09-13 06:10:41.840,1,16,Write Multiple Registers,2835,3,6,116,254,195,195,217,58,116,254,138,37,1584,116,1,0,1,138,119,138,37,587,0,30702,0.48
2026-09-13 06:10:45.340,1,16,Write Multiple Registers,2835,3,6,116,249,204,204,248,62,116,249,133,1,1584,116,1,0,1,133,132,133,1,613,0,45587,0.482
2026-09-13 06:10:48.840,1,16,Write Multiple Registers,2835,3,6,103,255,200,200,244,69,103,255,152,11,1584,103,1,0,1,152,146,152,11,602,0,29810,0.982
2026-09-13 06:10:52.340,1,16,Write Multiple Registers,2835,3,6,103,248,190,190,221,62,103,248,145,27,1584,103,1,0,1,145,131,145,27,572,0,28782,0.482
2026-09-13 06:10:55.841,1,16,Write Multiple Registers,2835,3,6,101,252,189,189,215,64,101,252,151,37,1584,101,1,0,1,151,132,151,37,568,0,29270,0.832
2026-09-13 06:10:59.341,1,16,Write Multiple Registers,2835,3,6,108,256,191,191,210,61,108,256,148,46,1584,108,1,0,1,148,125,148,46,574,0,41291,0.983
2026-09-13 06:11:02.841,1,16,Write Multiple Registers,2835,3,6,117,248,202,202,242,60,117,248,131,6,1584,117,1,0,1,131,128,131,6,607,0,45851,1.479
2026-09-13 06:11:06.341,1,16,Write Multiple Registers,2835,3,6,104,255,188,188,206,62,104,255,151,49,1584,104,1,0,1,151,126,151,49,565,0,29338,1.479
2026-09-13 06:11:09.841,1,16,Write Multiple Registers,2835,3,6,117,257,206,206,245,63,117,257,140,12,1584,117,1,0,1,140,134,140,12,619,0,41327,0.48
2026-09-13 06:11:13.341,1,16,Write Multiple Registers,2835,3,6,108,245,186,186,207,57,108,245,137,38,1584,108,1,0,1,137,118,137,38,560,0,29798,0.982
2026-09-13 06:11:16.841,1,16,Write Multiple Registers,2835,3,6,109,252,202,202,245,65,109,252,143,7,1584,109,1,0,1,143,139,143,7,606,0,46895,0.482
2026-09-13 06:11:20.341,1,16,Write Multiple Registers,2835,3,6,111,259,200,200,230,64,111,259,148,29,1584,111,1,0,1,148,133,148,29,600,0,25674,0.482
2026-09-13 06:11:23.841,1,16,Write Multiple Registers,2835,3,6,107,240,191,191,226,59,107,240,133,14,1584,107,1,0,1,133,126,133,14,573,0,45243,1.479
2026-09-13 06:11:27.341,1,16,Write Multiple Registers,2835,3,6,100,248,197,197,243,68,100,248,148,5,1584,100,1,0,1,148,145,148,5,591,0,30326,0.482
2026-09-13 06:11:31.463,1,16,Write Multiple Registers,2835,3,6,101,250,185,185,206,62,101,250,149,44,1584,101,1,0,1,149,127,149,44,557,0,45771,1.104
2026-09-13 06:11:34.599,1,16,Write Multiple Registers,2835,3,6,117,252,194,194,215,56,117,252,135,37,1584,117,1,0,1,135,116,135,37,584,0,46935,0.982
2026-09-13 06:11:38.100,1,16,Write Multiple Registers,2835,3,6,110,253,197,197,228,62,110,253,143,25,1584,110,1,0,1,143,130,143,25,591,0,29922,1.479
2026-09-13 06:11:41.600,1,16,Write Multiple Registers,2835,3,6,110,251,200,200,241,64,110,251,141,10,1584,110,1,0,1,141,136,141,10,602,0,46447,0.483
2026-09-13 06:11:45.100,1,16,Write Multiple Registers,2835,3,6,118,244,187,187,201,52,118,244,126,43,1584,118,1,0,1,126,104,126,43,563,0,29454,1.479
2026-09-13 06:11:48.600,1,16,Write Multiple Registers,2835,3,6,106,254,203,203,249,68,106,254,148,5,1584,106,1,0,1,148,145,148,5,609,0,46607,1.479
2026-09-13 06:11:52.100,1,16,Write Multiple Registers,2835,3,6,118,251,202,202,238,59,118,251,133,13,1584,118,1,0,1,133,126,133,13,607,0,28794,0.982
2026-09-13 06:11:55.600,1,16,Write Multiple Registers,2835,3,6,112,247,196,196,231,60,112,247,135,16,1584,112,1,0,1,135,127,135,16,590,0,30022,0.982
2026-09-13 06:11:59.100,1,16,Write Multiple Registers,2835,3,6,109,243,198,198,242,62,109,243,134,1,1584,109,1,0,1,134,133,134,1,594,0,29658,0.769
2026-09-13 06:12:02.600,1,16,Write Multiple Registers,2835,3,6,113,240,195,195,234,58,113,240,127,6,1584,113,1,0,1,127,124,127,6,587,0,46715,1.479
2026-09-13 06:12:06.100,1,16,Write Multiple Registers,2835,3,6,112,258,197,197,221,61,112,258,146,37,1584,112,1,0,1,146,127,146,37,591,0,42847,1.478
2026-09-13 06:12:09.600,1,16,Write Multiple Registers,2835,3,6,106,257,190,190,208,62,106,257,151,49,1584,106,1,0,1,151,126,151,49,571,0,40979,0.482
2026-09-13 06:12:13.100,1,16,Write Multiple Registers,2835,3,6,106,249,198,198,240,65,106,249,143,9,1584,106,1,0,1,143,138,143,9,595,0,30098,0.982
2026-09-13 06:12:16.600,1,16,Write Multiple Registers,2835,3,6,108,255,191,191,210,61,108,255,147,45,1584,108,1,0,1,147,124,147,45,573,0,28938,0.482
2026-09-13 06:12:20.101,1,16,Write Multiple Registers,2835,3,6,119,252,200,200,230,58,119,252,133,22,1584,119,1,0,1,133,122,133,22,601,0,45963,0.483
2026-09-13 06:12:23.601,1,16,Write Multiple Registers,2835,3,6,101,253,186,186,206,63,101,253,152,47,1584,101,1,0,1,152,128,152,47,560,0,28810,0.483
2026-09-13 06:12:27.101,1,16,Write Multiple Registers,2835,3,6,111,245,190,190,215,57,111,245,134,30,1584,111,1,0,1,134,119,134,30,571,0,30390,1.479
2026-09-13 06:12:30.601,1,16,Write Multiple Registers,2835,3,6,111,257,202,202,240,65,111,257,146,17,1584,111,1,0,1,146,137,146,17,608,0,26242,1.479
2026-09-13 06:12:34.101,1,16,Write Multiple Registers,2835,3,6,108,256,192,192,214,62,108,256,148,42,1584,108,1,0,1,148,127,148,42,578,0,25018,1.479
2026-09-13 06:12:37.601,1,16,Write Multiple Registers,2835,3,6,106,249,190,190,217,61,106,249,143,32,1584,106,1,0,1,143,127,143,32,572,0,46031,0.982
2026-09-13 06:12:41.101,1,16,Write Multiple Registers,2835,3,6,105,254,190,190,213,62,105,254,149,41,1584,105,1,0,1,149,128,149,41,572,0,28782,0.982
2026-09-13 06:12:44.601,1,16,Write Multiple Registers,2835,3,6,118,255,205,205,243,61,118,255,137,12,1584,118,1,0,1,137,131,137,12,616,0,45463,0.48
2026-09-13 06:12:48.101,1,16,Write Multiple Registers,2835,3,6,110,257,195,195,220,62,110,257,147,37,1584,110,1,0,1,147,128,147,37,587,0,24642,1.479
2026-09-13 06:12:51.601,1,16,Write Multiple Registers,2835,3,6,108,245,190,190,218,59,108,245,137,27,1584,108,1,0,1,137,123,137,27,571,0,46955,0.982
2026-09-13 06:12:55.101,1,16,Write Multiple Registers,2835,3,6,107,252,193,193,220,62,107,252,145,32,1584,107,1,0,1,145,129,145,32,579,0,28818,1.478
2026-09-13 06:12:58.601,1,16,Write Multiple Registers,2835,3,6,117,250,196,196,223,57,117,250,133,27,1584,117,1,0,1,133,119,133,27,590,0,29750,1.478
2026-09-13 06:13:02.102,1,16,Write Multiple Registers,2835,3,6,116,246,191,191,213,55,116,246,130,33,1584,116,1,0,1,130,113,130,33,575,0,45311,0.983
2026-09-13 06:13:05.602,1,16,Write Multiple Registers,2835,3,6,119,250,200,200,231,57,119,250,131,19,1584,119,1,0,1,131,121,131,19,600,0,28982,0.819
2026-09-13 06:13:09.102,1,16,Write Multiple Registers,2835,3,6,101,253,189,189,213,64,101,253,152,40,1584,101,1,0,1,152,132,152,40,567,0,29422,0.482
2026-09-13 06:13:12.602,1,16,Write Multiple Registers,2835,3,6,114,253,196,196,221,59,114,253,139,32,1584,114,1,0,1,139,123,139,32,588,0,47039,0.982
2026-09-13 06:13:16.102,1,16,Write Multiple Registers,2835,3,6,115,247,188,188,204,54,115,247,132,43,1584,115,1,0,1,132,110,132,43,566,0,29586,0.982
2026-09-13 06:13:19.602,1,16,Write Multiple Registers,2835,3,6,119,259,206,206,241,62,119,259,140,18,1584,119,1,0,1,140,131,140,18,619,0,24766,1.479
2026-09-13 06:13:23.102,1,16,Write Multiple Registers,2835,3,6,100,252,198,198,244,69,100,252,152,8,1584,100,1,0,1,152,148,152,8,596,0,30146,0.982
2026-09-13 06:13:26.602,1,16,Write Multiple Registers,2835,3,6,119,251,204,204,243,60,119,251,132,8,1584,119,1,0,1,132,128,132,8,613,0,45767,1.479
2026-09-13 06:13:30.102,1,16,Write Multiple Registers,2835,3,6,109,256,204,204,247,67,109,256,147,9,1584,109,1,0,1,147,142,147,9,612,0,42583,0.982
2026-09-13 06:13:33.602,1,16,Write Multiple Registers,2835,3,6,103,259,190,190,208,64,103,259,156,51,1584,103,1,0,1,156,130,156,51,570,0,41475,0.982
2026-09-13 06:13:37.102,1,16,Write Multiple Registers,2835,3,6,108,246,196,196,236,62,108,246,138,10,1584,108,1,0,1,138,133,138,10,590,0,45795,0.482
2026-09-13 06:13:40.602,1,16,Write Multiple Registers,2835,3,6,100,248,196,196,240,67,100,248,148,8,1584,100,1,0,1,148,144,148,8,588,0,29138,0.982
2026-09-13 06:13:44.103,1,16,Write Multiple Registers,2835,3,6,100,250,198,198,245,69,100,250,150,5,1584,100,1,0,1,150,147,150,5,595,0,46975,1.479
2026-09-13 06:13:47.603,1,16,Write Multiple Registers,2835,3,6,108,259,193,193,214,63,108,259,151,45,1584,108,1,0,1,151,128,151,45,581,0,24826,0.415
2026-09-13 06:13:51.103,1,16,Write Multiple Registers,2835,3,6,110,247,189,189,210,57,110,247,137,37,1584,110,1,0,1,137,118,137,37,567,0,30634,1.479
2026-09-13 06:13:54.603,1,16,Write Multiple Registers,2835,3,6,116,241,188,188,208,52,116,241,125,33,1584,116,1,0,1,125,108,125,33,565,0,29298,1.479
2026-09-13 06:13:58.103,1,16,Write Multiple Registers,2835,3,6,108,246,200,200,246,65,108,246,138,0,918,246,2,0,1,138,138,138,0,600,0,28858,0.982
2026-09-13 06:14:01.603,1,16,Write Multiple Registers,2835,3,6,107,247,196,196,234,63,107,247,140,13,1584,107,1,0,1,140,133,140,13,588,0,45851,0.48
2026-09-13 06:14:05.103,1,16,Write Multiple Registers,2835,3,6,116,245,193,193,219,55,116,245,129,26,1584,116,1,0,1,129,116,129,26,580,0,28886,0.48
2026-09-13 06:14:08.603,1,16,Write Multiple Registers,2835,3,6,113,250,201,201,242,62,113,250,137,8,1584,113,1,0,1,137,133,137,8,605,0,46043,0.982
2026-09-13 06:14:12.103,1,16,Write Multiple Registers,2835,3,6,115,245,195,195,227,57,115,245,130,18,1584,115,1,0,1,130,121,130,18,587,0,29894,1.479
2026-09-13 06:14:15.603,1,16,Write Multiple Registers,2835,3,6,105,243,194,194,236,63,105,243,138,7,1584,105,1,0,1,138,134,138,7,584,0,45107,0.982
2026-09-13 06:14:19.103,1,16,Write Multiple Registers,2835,3,6,108,257,189,189,202,61,108,257,149,55,1584,108,1,0,1,149,121,149,55,567,0,25514,0.482
2026-09-13 06:14:22.603,1,16,Write Multiple Registers,2835,3,6,108,243,194,194,231,61,108,243,135,12,1584,108,1,0,1,135,129,135,12,582,0,28806,0.982
2026-09-13 06:14:26.104,1,16,Write Multiple Registers,2835,3,6,103,244,182,182,200,58,103,244,141,44,1584,103,1,0,1,141,119,141,44,547,0,46691,0.481
2026-09-13 06:14:29.604,1,16,Write Multiple Registers,2835,3,6,117,253,203,203,240,61,117,253,136,13,1584,117,1,0,1,136,129,136,13,610,0,28834,0.483
2026-09-13 06:14:33.104,1,16,Write Multiple Registers,2835,3,6,109,256,201,201,239,65,109,256,147,17,1584,109,1,0,1,147,138,147,17,604,0,42103,0.982
2026-09-13 06:14:36.604,1,16,Write Multiple Registers,2835,3,6,101,253,186,186,204,63,101,253,152,49,1584,101,1,0,1,152,127,152,49,558,0,45299,0.482
2026-09-13 06:14:40.104,1,16,Write Multiple Registers,2835,3,6,115,247,203,203,247,62,115,247,132,0,918,247,2,0,1,132,132,132,0,609,0,46711,1.479
2026-09-13 06:14:43.604,1,16,Write Multiple Registers,2835,3,6,108,258,195,195,219,63,108,258,150,39,1584,108,1,0,1,150,130,150,39,585,0,24854,1.479
2026-09-13 06:14:47.104,1,16,Write Multiple Registers,2835,3,6,109,248,195,195,230,61,109,248,139,18,1584,109,1,0,1,139,130,139,18,587,0,47019,1.479
2026-09-13 06:14:50.604,1,16,Write Multiple Registers,2835,3,6,110,252,198,198,233,62,110,252,142,19,1584,110,1,0,1,142,132,142,19,595,0,29966,0.482
2026-09-13 06:14:54.104,1,16,Write Multiple Registers,2835,3,6,104,256,192,192,217,64,104,256,152,39,1584,104,1,0,1,152,132,152,39,577,0,41391,0.482
2026-09-13 06:14:57.604,1,16,Write Multiple Registers,2835,3,6,114,256,190,190,201,58,114,256,142,55,1584,114,1,0,1,142,114,142,55,571,0,42319,1.478
2026-09-13 06:15:01.104,1,16,Write Multiple Registers,2835,3,6,108,252,194,194,222,62,108,252,144,30,1584,108,1,0,1,144,129,144,30,582,0,29018,0.48
2026-09-13 06:15:04.604,1,16,Write Multiple Registers,2835,3,6,111,255,189,189,203,59,111,255,144,52,1584,111,1,0,1,144,118,144,52,569,0,46055,1.478
2026-09-13 06:15:08.105,1,16,Write Multiple Registers,2835,3,6,104,256,201,201,245,69,104,256,152,11,1584,104,1,0,1,152,146,152,11,605,0,26430,1.479
2026-09-13 06:15:11.605,1,16,Write Multiple Registers,2835,3,6,104,259,200,200,239,68,104,259,155,20,1584,104,1,0,1,155,145,155,20,602,0,42023,0.983
2026-09-13 06:15:15.105,1,16,Write Multiple Registers,2835,3,6,104,247,197,197,242,66,104,247,143,5,1584,104,1,0,1,143,140,143,5,593,0,45515,0.982
2026-09-13 06:15:18.605,1,16,Write Multiple Registers,2835,3,6,116,247,199,199,235,59,116,247,131,12,1584,116,1,0,1,131,125,131,12,598,0,46359,0.982
2026-09-13 06:15:22.105,1,16,Write Multiple Registers,2835,3,6,106,243,194,194,234,62,106,243,137,9,1584,106,1,0,1,137,132,137,9,583,0,45131,1.479
2026-09-13 06:15:25.605,1,16,Write Multiple Registers,2835,3,6,102,251,197,197,239,67,102,251,149,12,1584,102,1,0,1,149,143,149,12,592,0,30022,1.423
2026-09-13 06:15:29.105,1,16,Write Multiple Registers,2835,3,6,110,259,198,198,225,63,110,259,149,34,1584,110,1,0,1,149,132,149,34,594,0,25774,1.479
2026-09-13 06:15:32.605,1,16,Write Multiple Registers,2835,3,6,109,253,190,190,209,60,109,253,144,44,1584,109,1,0,1,144,122,144,44,571,0,28830,0.48
2026-09-13 06:15:36.105,1,16,Write Multiple Registers,2835,3,6,108,255,195,195,223,63,108,255,147,32,1584,108,1,0,1,147,131,147,32,586,0,45095,1.479
2026-09-13 06:15:39.605,1,16,Write Multiple Registers,2835,3,6,113,251,198,198,230,60,113,251,138,21,1584,113,1,0,1,138,127,138,21,594,0,28714,0.982
2026-09-13 06:15:43.105,1,16,Write Multiple Registers,2835,3,6,100,241,182,182,205,59,100,241,141,36,1584,100,1,0,1,141,123,141,36,546,0,46495,1.478
2026-09-13 06:15:46.809,1,16,Write Multiple Registers,2835,3,6,104,244,183,183,201,58,104,244,140,43,1584,104,1,0,1,140,118,140,43,549,0,30062,0.045
2026-09-13 06:15:50.299,1,16,Write Multiple Registers,2835,3,6,114,259,192,192,204,59,114,259,145,55,1584,114,1,0,1,145,117,145,55,577,0,42179,0.483
2026-09-13 06:15:53.799,1,16,Write Multiple Registers,2835,3,6,117,240,186,186,202,51,117,240,123,38,1584,117,1,0,1,123,104,123,38,559,0,45243,0.983
2026-09-13 06:15:57.299,1,16,Write Multiple Registers,2835,3,6,117,240,192,192,221,54,117,240,123,19,1584,117,1,0,1,123,113,123,19,578,0,46031,0.482
2026-09-13 06:16:00.799,1,16,Write Multiple Registers,2835,3,6,106,259,193,193,216,64,106,259,153,43,1584,106,1,0,1,153,131,153,43,581,0,41075,0.982
2026-09-13 06:16:04.299,1,16,Write Multiple Registers,2835,3,6,113,240,188,188,213,54,113,240,127,27,1584,113,1,0,1,127,113,127,27,566,0,45935,1.479
2026-09-13 06:16:07.799,1,16,Write Multiple Registers,2835,3,6,101,250,188,188,214,63,101,250,149,36,1584,101,1,0,1,149,131,149,36,565,0,45291,0.482
2026-09-13 06:16:11.299,1,16,Write Multiple Registers,2835,3,6,111,259,191,191,204,61,111,259,148,55,1584,111,1,0,1,148,120,148,55,574,0,41555,1.421
2026-09-13 06:16:14.799,1,16,Write Multiple Registers,2835,3,6,112,247,201,201,245,63,112,247,135,2,1584,112,1,0,1,135,134,135,2,604,0,30462,0.48
2026-09-13 06:16:18.299,1,16,Write Multiple Registers,2835,3,6,108,240,188,188,217,57,108,240,132,23,1584,108,1,0,1,132,120,132,23,565,0,46319,0.482
2026-09-13 06:16:21.799,1,16,Write Multiple Registers,2835,3,6,115,247,196,196,227,58,115,247,132,20,1584,115,1,0,1,132,122,132,20,589,0,46407,1.478
2026-09-13 06:16:25.299,1,16,Write Multiple Registers,2835,3,6,100,257,187,187,204,65,100,257,157,53,1584,100,1,0,1,157,130,157,53,561,0,41379,1.478
2026-09-13 06:16:28.799,1,16,Write Multiple Registers,2835,3,6,105,258,199,199,234,67,105,258,153,24,1584,105,1,0,1,153,141,153,24,597,0,42107,0.48
2026-09-13 06:16:32.299,1,16,Write Multiple Registers,2835,3,6,114,242,188,188,209,54,114,242,128,33,1584,114,1,0,1,128,111,128,33,565,0,45807,1.478
2026-09-13 06:16:35.800,1,16,Write Multiple Registers,2835,3,6,114,245,200,200,241,60,114,245,131,4,1584,114,1,0,1,131,129,131,4,600,0,46303,1.479
2026-09-13 06:16:39.300,1,16,Write Multiple Registers,2835,3,6,111,251,196,196,228,61,111,251,140,23,1584,111,1,0,1,140,128,140,23,590,0,46643,0.481
2026-09-13 06:16:42.800,1,16,Write Multiple Registers,2835,3,6,112,241,185,185,203,54,112,241,129,38,1584,112,1,0,1,129,110,129,38,556,0,45399,0.482
2026-09-13 06:16:46.300,1,16,Write Multiple Registers,2835,3,6,105,241,191,191,228,61,105,241,136,13,1584,105,1,0,1,136,129,136,13,574,0,45139,1.479
2026-09-13 06:16:49.800,1,16,Write Multiple Registers,2835,3,6,112,248,191,191,214,57,112,248,136,34,1584,112,1,0,1,136,119,136,34,574,0,46459,0.482
2026-09-13 06:16:53.300,1,16,Write Multiple Registers,2835,3,6,105,252,201,201,248,68,105,252,147,4,1584,105,1,0,1,147,145,147,4,605,0,46915,1.479
2026-09-13 06:16:56.800,1,16,Write Multiple Registers,2835,3,6,117,251,193,193,213,56,117,251,134,38,1584,117,1,0,1,134,115,134,38,581,0,46447,0.482
2026-09-13 06:17:00.300,1,16,Write Multiple Registers,2835,3,6,118,252,200,200,230,58,118,252,134,22,1584,118,1,0,1,134,123,134,22,600,0,29658,0.482
2026-09-13 06:17:03.800,1,16,Write Multiple Registers,2835,3,6,115,241,185,185,201,52,115,241,126,40,1584,115,1,0,1,126,106,126,40,557,0,29150,1.478
2026-09-13 06:17:07.300,1,16,Write Multiple Registers,2835,3,6,104,258,200,200,238,68,104,258,154,20,1584,104,1,0,1,154,144,154,20,600,0,42203,1.478
2026-09-13 06:17:10.800,1,16,Write Multiple Registers,2835,3,6,111,247,191,191,215,58,111,247,136,32,1584,111,1,0,1,136,120,136,32,573,0,46903,1.478
2026-09-13 06:17:14.300,1,16,Write Multiple Registers,2835,3,6,100,249,197,197,243,68,100,249,149,6,1584,100,1,0,1,149,146,149,6,592,0,45231,1.478
2026-09-13 06:17:17.801,1,16,Write Multiple Registers,2835,3,6,118,255,205,205,243,61,118,255,137,12,1584,118,1,0,1,137,131,137,12,616,0,45463,0.743
2026-09-13 06:17:21.301,1,16,Write Multiple Registers,2835,3,6,109,251,190,190,212,59,109,251,142,39,1584,109,1,0,1,142,122,142,39,572,0,29394,1.479
2026-09-13 06:17:24.801,1,16,Write Multiple Registers,2835,3,6,100,256,201,201,249,71,100,256,156,7,1584,100,1,0,1,156,152,156,7,605,0,26094,1.479
2026-09-13 06:17:28.301,1,16,Write Multiple Registers,2835,3,6,114,252,194,194,218,58,114,252,138,34,1584,114,1,0,1,138,121,138,34,584,0,47051,0.48
2026-09-13 06:17:31.801,1,16,Write Multiple Registers,2835,3,6,111,254,192,192,212,60,111,254,143,42,1584,111,1,0,1,143,122,143,42,577,0,45491,0.482
2026-09-13 06:17:35.301,1,16,Write Multiple Registers,2835,3,6,105,251,191,191,219,62,105,251,146,32,1584,105,1,0,1,146,130,146,32,575,0,45767,1.479
2026-09-13 06:17:38.801,1,16,Write Multiple Registers,2835,3,6,110,246,199,199,241,62,110,246,136,5,1584,110,1,0,1,136,133,136,5,597,0,28846,1.479
2026-09-13 06:17:42.343,1,16,Write Multiple Registers,2835,3,6,117,258,198,198,219,59,117,258,141,39,1584,117,1,0,1,141,121,141,39,594,0,42695,1.479
2026-09-13 06:17:45.843,1,16,Write Multiple Registers,2835,3,6,112,259,194,194,212,61,112,259,147,47,1584,112,1,0,1,147,123,147,47,583,0,26178,0.982
2026-09-13 06:17:49.343,1,16,Write Multiple Registers,2835,3,6,102,248,188,188,215,62,102,248,146,33,1584,102,1,0,1,146,129,146,33,565,0,45479,0.482
2026-09-13 06:17:52.843,1,16,Write Multiple Registers,2835,3,6,119,240,193,193,221,53,119,240,121,19,1584,119,1,0,1,121,111,121,19,580,0,29550,1.478
2026-09-13 06:17:56.343,1,16,Write Multiple Registers,2835,3,6,117,240,197,197,236,57,117,240,123,4,1584,117,1,0,1,123,121,123,4,593,0,30642,0.982
2026-09-13 06:17:59.843,1,16,Write Multiple Registers,2835,3,6,105,251,195,195,231,64,105,251,146,20,1584,105,1,0,1,146,136,146,20,587,0,46999,0.982
2026-09-13 06:18:03.344,1,16,Write Multiple Registers,2835,3,6,118,246,199,199,235,57,118,246,128,11,1584,118,1,0,1,128,122,128,11,599,0,46455,1.049
2026-09-13 06:18:06.844,1,16,Write Multiple Registers,2835,3,6,104,256,203,203,249,70,104,256,152,7,1584,104,1,0,1,152,148,152,7,609,0,26158,1.479
2026-09-13 06:18:10.344,1,16,Write Multiple Registers,2835,3,6,119,249,195,195,217,55,119,249,130,32,1584,119,1,0,1,130,114,130,32,585,0,46431,1.479
2026-09-13 06:18:13.844,1,16,Write Multiple Registers,2835,3,6,107,244,193,193,229,61,107,244,137,15,1584,107,1,0,1,137,129,137,15,580,0,45839,0.48
2026-09-13 06:18:17.344,1,16,Write Multiple Registers,2835,3,6,116,256,194,194,212,58,116,256,140,44,1584,116,1,0,1,140,118,140,44,584,0,42563,0.482
2026-09-13 06:18:20.844,1,16,Write Multiple Registers,2835,3,6,113,253,195,195,219,59,113,253,140,34,1584,113,1,0,1,140,123,140,34,585,0,47047,0.982
2026-09-13 06:18:24.344,1,16,Write Multiple Registers,2835,3,6,111,245,196,196,234,60,111,245,134,11,1584,111,1,0,1,134,128,134,11,590,0,46043,0.482
2026-09-13 06:18:27.844,1,16,Write Multiple Registers,2835,3,6,115,246,192,192,217,56,115,246,131,29,1584,115,1,0,1,131,116,131,29,578,0,28766,0.982
2026-09-13 06:18:31.344,1,16,Write Multiple Registers,2835,3,6,102,240,191,191,233,63,102,240,138,7,1584,102,1,0,1,138,134,138,7,575,0,45711,0.482
2026-09-13 06:18:34.844,1,16,Write Multiple Registers,2835,3,6,115,253,194,194,216,58,115,253,138,37,1584,115,1,0,1,138,119,138,37,584,0,30498,1.478
2026-09-13 06:18:38.344,1,16,Write Multiple Registers,2835,3,6,113,254,189,189,201,58,113,254,141,53,1584,113,1,0,1,141,114,141,53,568,0,46399,0.482
2026-09-13 06:18:41.844,1,16,Write Multiple Registers,2835,3,6,112,250,193,193,218,58,112,250,138,32,1584,112,1,0,1,138,122,138,32,580,0,30186,1.478
2026-09-13 06:18:45.345,1,16,Write Multiple Registers,2835,3,6,109,250,190,190,213,59,109,250,141,37,1584,109,1,0,1,141,122,141,37,572,0,29230,1.479
2026-09-13 06:18:48.845,1,16,Write Multiple Registers,2835,3,6,118,240,196,196,231,55,118,240,122,9,1584,118,1,0,1,122,117,122,9,589,0,46823,1.479
2026-09-13 06:18:52.345,1,16,Write Multiple Registers,2835,3,6,109,259,198,198,227,64,109,259,150,32,1584,109,1,0,1,150,134,150,32,595,0,42023,0.482
2026-09-13 06:18:55.845,1,16,Write Multiple Registers,2835,3,6,118,246,195,195,222,55,118,246,128,24,1584,118,1,0,1,128,116,128,24,586,0,45563,1.479
2026-09-13 06:18:59.345,1,16,Write Multiple Registers,2835,3,6,109,241,196,196,240,61,109,241,132,1,1584,109,1,0,1,132,131,132,1,590,0,29406,0.48
2026-09-13 06:19:02.845,1,16,Write Multiple Registers,2835,3,6,112,249,188,188,205,57,112,249,137,44,1584,112,1,0,1,137,115,137,44,566,0,30686,1.479
2026-09-13 06:19:06.345,1,16,Write Multiple Registers,2835,3,6,118,254,200,200,230,59,118,254,136,24,1584,118,1,0,1,136,124,136,24,602,0,45659,0.982
2026-09-13 06:19:09.845,1,16,Write Multiple Registers,2835,3,6,119,248,199,199,230,57,119,248,129,18,1584,119,1,0,1,129,120,129,18,597,0,28810,0.482
2026-09-13 06:19:13.345,1,16,Write Multiple Registers,2835,3,6,118,253,197,197,222,57,118,253,135,31,1584,118,1,0,1,135,119,135,31,593,0,30394,1.479
2026-09-13 06:19:16.845,1,16,Write Multiple Registers,2835,3,6,108,248,193,193,225,61,108,248,140,23,1584,108,1,0,1,140,128,140,23,581,0,46927,0.48
2026-09-13 06:19:20.345,1,16,Write Multiple Registers,2835,3,6,117,247,188,188,200,53,117,247,130,47,1584,117,1,0,1,130,106,130,47,564,0,45699,0.982
2026-09-13 06:19:23.845,1,16,Write Multiple Registers,2835,3,6,118,259,203,203,234,61,118,259,141,25,1584,118,1,0,1,141,128,141,25,611,0,41611,1.478
2026-09-13 06:19:27.345,1,16,Write Multiple Registers,2835,3,6,110,255,199,199,232,63,110,255,145,23,1584,110,1,0,1,145,133,145,23,597,0,46195,0.982
2026-09-13 06:19:30.846,1,16,Write Multiple Registers,2835,3,6,104,255,194,194,224,65,104,255,151,31,1584,104,1,0,1,151,135,151,31,583,0,29810,1.479
2026-09-13 06:19:34.346,1,16,Write Multiple Registers,2835,3,6,119,244,201,201,242,58,119,244,125,2,1584,119,1,0,1,125,124,125,2,605,0,30394,1.479
2026-09-13 06:19:37.851,1,16,Write Multiple Registers,2835,3,6,113,251,189,189,205,57,113,251,138,46,1584,113,1,0,1,138,115,138,46,569,0,30222,0.533
2026-09-13 06:19:41.351,1,16,Write Multiple Registers,2835,3,6,107,254,197,197,230,64,107,254,147,24,1584,107,1,0,1,147,135,147,24,591,0,46283,0.48
2026-09-13 06:19:44.851,1,16,Write Multiple Registers,2835,3,6,105,253,186,186,201,61,105,253,148,52,1584,105,1,0,1,148,122,148,52,559,0,46079,0.982
2026-09-13 06:19:48.351,1,16,Write Multiple Registers,2835,3,6,107,250,189,189,211,60,107,250,143,39,1584,107,1,0,1,143,123,143,39,568,0,29510,1.479
2026-09-13 06:19:51.851,1,16,Write Multiple Registers,2835,3,6,109,257,200,200,235,65,109,257,148,22,1584,109,1,0,1,148,137,148,22,601,0,42055,0.982
2026-09-13 06:19:55.351,1,16,Write Multiple Registers,2835,3,6,115,243,187,187,204,53,115,243,128,39,1584,115,1,0,1,128,108,128,39,562,0,45203,0.982
2026-09-13 06:19:58.851,1,16,Write Multiple Registers,2835,3,6,118,252,203,203,240,60,118,252,134,12,1584,118,1,0,1,134,128,134,12,610,0,45203,0.482
2026-09-13 06:20:02.351,1,16,Write Multiple Registers,2835,3,6,116,259,194,194,209,59,116,259,143,50,1584,116,1,0,1,143,118,143,50,584,0,42959,0.482
2026-09-13 06:20:06.938,1,16,Write Multiple Registers,2835,3,6,112,249,199,199,236,61,112,249,137,13,1584,112,1,0,1,137,130,137,13,597,0,28770,1.478
2026-09-13 06:20:10.438,1,16,Write Multiple Registers,2835,3,6,113,258,195,195,214,60,113,258,145,44,1584,113,1,0,1,145,123,145,44,585,0,42667,0.982
2026-09-13 06:20:13.939,1,16,Write Multiple Registers,2835,3,6,108,252,198,198,235,64,108,252,144,17,1584,108,1,0,1,144,135,144,17,595,0,30166,0.483
2026-09-13 06:20:17.439,1,16,Write Multiple Registers,2835,3,6,117,255,207,207,249,63,117,255,138,6,1584,117,1,0,1,138,135,138,6,621,0,45311,1.479
2026-09-13 06:20:20.939,1,16,Write Multiple Registers,2835,3,6,105,259,201,201,239,68,105,259,154,20,1584,105,1,0,1,154,144,154,20,603,0,25718,1.479
2026-09-13 06:20:24.439,1,16,Write Multiple Registers,2835,3,6,111,245,189,189,213,57,111,245,134,32,1584,111,1,0,1,134,118,134,32,569,0,46799,1.343
2026-09-13 06:20:27.939,1,16,Write Multiple Registers,2835,3,6,109,253,195,195,224,62,109,253,144,29,1584,109,1,0,1,144,129,144,29,586,0,46307,0.982
2026-09-13 06:20:31.439,1,16,Write Multiple Registers,2835,3,6,112,247,187,187,204,56,112,247,135,43,1584,112,1,0,1,135,113,135,43,563,0,29538,1.479
2026-09-13 06:20:34.939,1,16,Write Multiple Registers,2835,3,6,103,245,192,192,230,63,103,245,142,15,1584,103,1,0,1,142,134,142,15,578,0,28746,0.982
2026-09-13 06:20:38.439,1,16,Write Multiple Registers,2835,3,6,115,242,191,191,218,55,115,242,127,24,1584,115,1,0,1,127,115,127,24,575,0,45851,1.479
2026-09-13 06:20:41.939,1,16,Write Multiple Registers,2835,3,6,107,254,195,195,224,63,107,254,147,30,1584,107,1,0,1,147,132,147,30,585,0,46147,0.482
2026-09-13 06:20:45.439,1,16,Write Multiple Registers,2835,3,6,100,245,196,196,243,67,100,245,145,2,1584,100,1,0,1,145,144,145,2,588,0,45503,1.479
2026-09-13 06:20:48.939,1,16,Write Multiple Registers,2835,3,6,119,245,193,193,216,53,119,245,126,29,1584,119,1,0,1,126,111,126,29,580,0,28770,0.482
2026-09-13 06:20:52.439,1,16,Write Multiple Registers,2835,3,6,115,255,204,204,244,63,115,255,140,11,1584,115,1,0,1,140,134,140,11,614,0,28722,0.48
2026-09-13 06:20:55.939,1,16,Write Multiple Registers,2835,3,6,116,252,189,189,201,56,116,252,136,51,1584,116,1,0,1,136,110,136,51,569,0,30126,1.478
2026-09-13 06:20:59.440,1,16,Write Multiple Registers,2835,3,6,119,258,201,201,227,59,119,258,139,31,1584,119,1,0,1,139,123,139,31,604,0,41927,0.982
2026-09-13 06:21:02.940,1,16,Write Multiple Registers,2835,3,6,116,257,202,202,235,61,116,257,141,22,1584,116,1,0,1,141,130,141,22,608,0,25494,0.48
2026-09-13 06:21:06.440,1,16,Write Multiple Registers,2835,3,6,107,245,184,184,200,57,107,245,138,45,1584,107,1,0,1,138,115,138,45,552,0,30050,0.48
2026-09-13 06:21:09.940,1,16,Write Multiple Registers,2835,3,6,104,248,197,197,240,66,104,248,144,8,1584,104,1,0,1,144,140,144,8,592,0,29202,1.479
2026-09-13 06:21:13.440,1,16,Write Multiple Registers,2835,3,6,107,243,197,197,242,63,107,243,136,1,1584,107,1,0,1,136,135,136,1,592,0,29242,0.982
2026-09-13 06:21:16.940,1,16,Write Multiple Registers,2835,3,6,106,256,200,200,239,67,106,256,150,17,1584,106,1,0,1,150,141,150,17,601,0,26054,0.982
2026-09-13 06:21:20.440,1,16,Write Multiple Registers,2835,3,6,102,246,187,187,215,61,102,246,144,31,1584,102,1,0,1,144,128,144,31,563,0,29990,1.479
2026-09-13 06:21:23.940,1,16,Write Multiple Registers,2835,3,6,115,246,189,189,206,54,115,246,131,40,1584,115,1,0,1,131,111,131,40,567,0,29482,0.482
2026-09-13 06:21:27.440,1,16,Write Multiple Registers,2835,3,6,119,251,195,195,216,55,119,251,132,35,1584,119,1,0,1,132,114,132,35,586,0,46307,0.482
2026-09-13 06:21:30.940,1,16,Write Multiple Registers,2835,3,6,117,254,198,198,225,58,117,254,137,29,1584,117,1,0,1,137,122,137,29,596,0,29214,1.478
2026-09-13 06:21:34.440,1,16,Write Multiple Registers,2835,3,6,101,255,188,188,208,64,101,255,154,47,1584,101,1,0,1,154,130,154,47,564,0,45987,1.478
2026-09-13 06:21:37.940,1,16,Write Multiple Registers,2835,3,6,104,244,189,189,220,61,104,244,140,24,1584,104,1,0,1,140,128,140,24,568,0,46691,1.478
2026-09-13 06:21:41.440,1,16,Write Multiple Registers,2835,3,6,100,255,187,187,206,64,100,255,155,49,1584,100,1,0,1,155,130,155,49,561,0,29018,1.478
2026-09-13 06:21:44.941,1,16,Write Multiple Registers,2835,3,6,108,248,189,189,213,59,108,248,140,35,1584,108,1,0,1,140,122,140,35,569,0,29694,1.479
2026-09-13 06:21:48.441,1,16,Write Multiple Registers,2835,3,6,109,248,199,199,242,64,109,248,139,6,1584,109,1,0,1,139,136,139,6,599,0,46235,0.482
2026-09-13 06:21:51.941,1,16,Write Multiple Registers,2835,3,6,100,247,197,197,246,69,100,247,147,1,1584,100,1,0,1,147,146,147,1,593,0,29190,1.479
2026-09-13 06:21:55.441,1,16,Write Multiple Registers,2835,3,6,118,246,202,202,243,59,118,246,128,3,1584,118,1,0,1,128,126,128,3,607,0,46935,0.482
2026-09-13 06:21:58.941,1,16,Write Multiple Registers,2835,3,6,106,250,201,201,249,67,106,250,144,1,1584,106,1,0,1,144,143,144,1,605,0,29966,0.482
2026-09-13 06:22:02.441,1,16,Write Multiple Registers,2835,3,6,103,248,191,191,223,63,103,248,145,25,1584,103,1,0,1,145,132,145,25,574,0,45079,0.48
2026-09-13 06:22:05.941,1,16,Write Multiple Registers,2835,3,6,102,243,183,183,206,59,102,243,141,37,1584,102,1,0,1,141,122,141,37,551,0,46331,1.479
2026-09-13 06:22:09.441,1,16,Write Multiple Registers,2835,3,6,119,257,192,192,201,56,119,257,138,56,1584,119,1,0,1,138,110,138,56,577,0,25758,0.48
2026-09-13 06:22:12.941,1,16,Write Multiple Registers,2835,3,6,105,258,197,197,230,66,105,258,153,28,1584,105,1,0,1,153,139,153,28,593,0,42347,0.982
2026-09-13 06:22:16.441,1,16,Write Multiple Registers,2835,3,6,109,256,195,195,220,62,109,256,147,36,1584,109,1,0,1,147,129,147,36,585,0,41075,1.478
2026-09-13 06:22:19.941,1,16,Write Multiple Registers,2835,3,6,100,254,189,189,214,65,100,254,154,40,1584,100,1,0,1,154,134,154,40,568,0,46011,0.093
2026-09-13 06:22:23.441,1,16,Write Multiple Registers,2835,3,6,114,242,198,198,240,59,114,242,128,2,1584,114,1,0,1,128,127,128,2,596,0,46419,1.478
2026-09-13 06:22:26.942,1,16,Write Multiple Registers,2835,3,6,112,252,202,202,244,64,112,252,140,8,1584,112,1,0,1,140,136,140,8,608,0,29058,1.479
2026-09-13 06:22:30.442,1,16,Write Multiple Registers,2835,3,6,119,248,198,198,229,56,119,248,129,19,1584,119,1,0,1,129,119,129,19,596,0,28878,1.479
2026-09-13 06:22:33.942,1,16,Write Multiple Registers,2835,3,6,113,256,191,191,206,59,113,256,143,50,1584,113,1,0,1,143,118,143,50,575,0,25866,1.479
2026-09-13 06:22:37.442,1,16,Write Multiple Registers,2835,3,6,110,255,197,197,227,62,110,255,145,28,1584,110,1,0,1,145,131,145,28,592,0,30166,0.982
2026-09-13 06:22:40.942,1,16,Write Multiple Registers,2835,3,6,108,259,193,193,213,63,108,259,151,46,1584,108,1,0,1,151,128,151,46,580,0,24766,0.482
2026-09-13 06:22:44.442,1,16,Write Multiple Registers,2835,3,6,114,252,191,191,209,57,114,252,138,43,1584,114,1,0,1,138,116,138,43,575,0,30318,0.269
2026-09-13 06:22:47.942,1,16,Write Multiple Registers,2835,3,6,115,244,187,187,203,53,115,244,129,41,1584,115,1,0,1,129,108,129,41,562,0,45671,0.482
2026-09-13 06:22:51.442,1,16,Write Multiple Registers,2835,3,6,107,251,189,189,211,60,107,251,144,40,1584,107,1,0,1,144,124,144,40,569,0,45959,1.479
2026-09-13 06:22:54.942,1,16,Write Multiple Registers,2835,3,6,108,256,203,203,245,67,108,256,148,11,1584,108,1,0,1,148,142,148,11,609,0,42623,0.982
2026-09-13 06:22:58.442,1,16,Write Multiple Registers,2835,3,6,100,257,198,198,237,69,100,257,157,20,1584,100,1,0,1,157,147,157,20,594,0,42527,0.982
2026-09-13 06:23:01.942,1,16,Write Multiple Registers,2835,3,6,116,247,191,191,210,55,116,247,131,37,1584,116,1,0,1,131,112,131,37,573,0,45195,0.982
2026-09-13 06:23:05.442,1,16,Write Multiple Registers,2835,3,6,106,244,187,187,211,58,106,244,138,33,1584,106,1,0,1,138,121,138,33,561,0,30614,1.478
2026-09-13 06:23:08.951,1,16,Write Multiple Registers,2835,3,6,116,253,202,202,238,61,116,253,137,15,1584,116,1,0,1,137,129,137,15,607,0,45659,0.982
2026-09-13 06:23:12.452,1,16,Write Multiple Registers,2835,3,6,119,250,195,195,218,55,119,250,131,32,1584,119,1,0,1,131,115,131,32,587,0,46171,1.479
2026-09-13 06:23:15.952,1,16,Write Multiple Registers,2835,3,6,100,255,188,188,210,65,100,255,155,45,1584,100,1,0,1,155,132,155,45,565,0,45963,0.483
2026-09-13 06:23:19.452,1,16,Write Multiple Registers,2835,3,6,108,243,184,184,203,56,108,243,135,40,1584,108,1,0,1,135,115,135,40,554,0,46615,1.479
2026-09-13 06:23:22.952,1,16,Write Multiple Registers,2835,3,6,101,257,195,195,229,67,101,257,156,28,1584,101,1,0,1,156,142,156,28,587,0,42927,1.479
2026-09-13 06:23:26.452,1,16,Write Multiple Registers,2835,3,6,100,250,187,187,213,63,100,250,150,37,1584,100,1,0,1,150,131,150,37,563,0,28926,1.479
2026-09-13 06:23:29.952,1,16,Write Multiple Registers,2835,3,6,110,257,189,189,200,60,110,257,147,57,1584,110,1,0,1,147,118,147,57,567,0,25458,0.982
2026-09-13 06:23:33.452,1,16,Write Multiple Registers,2835,3,6,115,249,188,188,202,55,115,249,134,47,1584,115,1,0,1,134,110,134,47,566,0,47003,0.482
2026-09-13 06:23:36.952,1,16,Write Multiple Registers,2835,3,6,108,253,188,188,204,60,108,253,145,49,1584,108,1,0,1,145,120,145,49,565,0,45603,1.479
2026-09-13 06:23:40.452,1,16,Write Multiple Registers,2835,3,6,100,243,182,182,205,60,100,243,143,38,1584,100,1,0,1,143,124,143,38,548,0,29726,0.482
2026-09-13 06:23:43.952,1,16,Write Multiple Registers,2835,3,6,110,244,195,195,232,60,110,244,134,12,1584,110,1,0,1,134,128,134,12,586,0,29490,1.479
2026-09-13 06:23:47.452,1,16,Write Multiple Registers,2835,3,6,107,258,195,195,220,64,107,258,151,38,1584,107,1,0,1,151,132,151,38,585,0,24594,1.478
2026-09-13 06:23:50.952,1,16,Write Multiple Registers,2835,3,6,119,257,205,205,239,61,119,257,138,18,1584,119,1,0,1,138,129,138,18,615,0,41879,0.174
2026-09-13 06:23:54.452,1,16,Write Multiple Registers,2835,3,6,100,258,199,199,240,70,100,258,158,18,1584,100,1,0,1,158,149,158,18,598,0,42419,0.982
2026-09-13 06:23:57.953,1,16,Write Multiple Registers,2835,3,6,115,243,189,189,209,54,115,243,128,34,1584,115,1,0,1,128,111,128,34,567,0,45695,1.479
2026-09-13 06:24:01.453,1,16,Write Multiple Registers,2835,3,6,108,255,198,198,231,64,108,255,147,24,1584,108,1,0,1,147,135,147,24,594,0,30086,0.482
2026-09-13 06:24:04.953,1,16,Write Multiple Registers,2835,3,6,105,245,192,192,227,62,105,245,140,18,1584,105,1,0,1,140,131,140,18,577,0,46055,1.479
2026-09-13 06:24:08.453,1,16,Write Multiple Registers,2835,3,6,113,250,198,198,233,60,113,250,137,17,1584,113,1,0,1,137,128,137,17,596,0,45503,0.224
2026-09-13 06:24:11.953,1,16,Write Multiple Registers,2835,3,6,105,254,187,187,203,61,105,254,149,51,1584,105,1,0,1,149,123,149,51,562,0,29382,0.482
2026-09-13 06:24:15.453,1,16,Write Multiple Registers,2835,3,6,107,257,192,192,213,62,107,257,150,44,1584,107,1,0,1,150,128,150,44,577,0,24718,1.479
2026-09-13 06:24:18.953,1,16,Write Multiple Registers,2835,3,6,109,253,201,201,241,65,109,253,144,12,1584,109,1,0,1,144,138,144,12,603,0,46879,1.479
2026-09-13 06:24:22.453,1,16,Write Multiple Registers,2835,3,6,102,247,196,196,241,66,102,247,145,6,1584,102,1,0,1,145,142,145,6,590,0,28902,0.982
2026-09-13 06:24:26.280,1,16,Write Multiple Registers,2835,3,6,107,250,196,196,233,63,107,250,143,17,1584,107,1,0,1,143,134,143,17,590,0,30366,0.482
2026-09-13 06:24:29.780,1,16,Write Multiple Registers,2835,3,6,101,245,196,196,244,67,101,245,144,1,1584,101,1,0,1,144,143,144,1,590,0,45999,0.48
2026-09-13 06:24:33.280,1,16,Write Multiple Registers,2835,3,6,115,259,203,203,237,63,115,259,144,22,1584,115,1,0,1,144,133,144,22,611,0,25390,1.478
2026-09-13 06:24:36.780,1,16,Write Multiple Registers,2835,3,6,105,243,183,183,202,57,105,243,138,41,1584,105,1,0,1,138,117,138,41,550,0,30522,1.478
2026-09-13 06:24:40.281,1,16,Write Multiple Registers,2835,3,6,111,248,189,189,209,57,111,248,137,39,1584,111,1,0,1,137,117,137,39,568,0,46079,1.479
2026-09-13 06:24:43.781,1,16,Write Multiple Registers,2835,3,6,114,245,200,200,242,61,114,245,131,3,1584,114,1,0,1,131,129,131,3,601,0,46955,0.483
2026-09-13 06:24:47.281,1,16,Write Multiple Registers,2835,3,6,116,241,194,194,226,55,116,241,125,15,1584,116,1,0,1,125,117,125,15,583,0,46667,1.479
2026-09-13 06:24:50.781,1,16,Write Multiple Registers,2835,3,6,116,254,205,205,246,63,116,254,138,8,1584,116,1,0,1,138,134,138,8,616,0,45371,0.482
2026-09-13 06:24:54.281,1,16,Write Multiple Registers,2835,3,6,110,252,193,193,218,60,110,252,142,34,1584,110,1,0,1,142,125,142,34,580,0,28938,1.479
2026-09-13 06:24:57.781,1,16,Write Multiple Registers,2835,3,6,111,257,193,193,212,61,111,257,146,45,1584,111,1,0,1,146,123,146,45,580,0,25074,0.48
2026-09-13 06:25:01.281,1,16,Write Multiple Registers,2835,3,6,116,259,199,199,223,60,116,259,143,36,1584,116,1,0,1,143,125,143,36,598,0,26278,0.48
2026-09-13 06:25:04.781,1,16,Write Multiple Registers,2835,3,6,114,242,186,186,204,53,114,242,128,38,1584,114,1,0,1,128,109,128,38,560,0,45059,1.479
2026-09-13 06:25:08.281,1,16,Write Multiple Registers,2835,3,6,106,240,184,184,207,57,106,240,134,33,1584,106,1,0,1,134,117,134,33,553,0,30278,1.479
2026-09-13 06:25:11.781,1,16,Write Multiple Registers,2835,3,6,113,259,203,203,239,64,113,259,146,20,1584,113,1,0,1,146,136,146,20,611,0,25590,1.478
2026-09-13 06:25:15.281,1,16,Write Multiple Registers,2835,3,6,113,241,186,186,206,54,113,241,128,35,1584,113,1,0,1,128,110,128,35,560,0,29130,0.982
2026-09-13 06:25:18.781,1,16,Write Multiple Registers,2835,3,6,100,245,192,192,233,65,100,245,145,12,1584,100,1,0,1,145,139,145,12,578,0,29166,0.482
2026-09-13 06:25:22.281,1,16,Write Multiple Registers,2835,3,6,109,255,191,191,211,61,109,255,146,44,1584,109,1,0,1,146,124,146,44,575,0,29030,1.478
2026-09-13 06:25:25.782,1,16,Write Multiple Registers,2835,3,6,110,249,201,201,244,64,110,249,139,5,1584,110,1,0,1,139,136,139,5,603,0,28878,1.479
2026-09-13 06:25:29.282,1,16,Write Multiple Registers,2835,3,6,113,245,187,187,204,55,113,245,132,41,1584,113,1,0,1,132,111,132,41,562,0,29362,1.479
2026-09-13 06:25:32.782,1,16,Write Multiple Registers,2835,3,6,115,249,193,193,216,57,115,249,134,33,1584,115,1,0,1,134,117,134,33,580,0,46115,0.482
2026-09-13 06:25:36.282,1,16,Write Multiple Registers,2835,3,6,102,254,187,187,205,63,102,254,152,49,1584,102,1,0,1,152,127,152,49,561,0,29054,1.479
2026-09-13 06:25:39.782,1,16,Write Multiple Registers,2835,3,6,110,243,186,186,205,55,110,243,133,38,1584,110,1,0,1,133,114,133,38,558,0,30270,1.479
2026-09-13 06:25:43.282,1,16,Write Multiple Registers,2835,3,6,112,259,195,195,214,61,112,259,147,45,1584,112,1,0,1,147,124,147,45,585,0,42555,0.482
2026-09-13 06:25:46.782,1,16,Write Multiple Registers,2835,3,6,119,259,203,203,231,60,119,259,140,28,1584,119,1,0,1,140,126,140,28,609,0,41975,0.482
2026-09-13 06:25:50.282,1,16,Write Multiple Registers,2835,3,6,118,258,201,201,229,60,118,258,140,29,1584,118,1,0,1,140,125,140,29,605,0,25374,1.479
2026-09-13 06:25:53.782,1,16,Write Multiple Registers,2835,3,6,107,240,189,189,221,58,107,240,133,19,1584,107,1,0,1,133,123,133,19,568,0,46511,1.479
2026-09-13 06:25:57.282,1,16,Write Multiple Registers,2835,3,6,110,242,191,191,222,58,110,242,132,20,1584,110,1,0,1,132,122,132,20,574,0,30074,0.482
2026-09-13 06:26:00.782,1,16,Write Multiple Registers,2835,3,6,114,252,189,189,201,56,114,252,138,51,1584,114,1,0,1,138,112,138,51,567,0,29774,0.982
2026-09-13 06:26:04.282,1,16,Write Multiple Registers,2835,3,6,104,241,185,185,211,58,104,241,137,30,1584,104,1,0,1,137,122,137,30,556,0,46327,1.478
2026-09-13 06:26:07.782,1,16,Write Multiple Registers,2835,3,6,109,245,199,199,243,63,109,245,136,2,1584,109,1,0,1,136,135,136,2,597,0,45415,0.482
2026-09-13 06:26:11.283,1,16,Write Multiple Registers,2835,3,6,100,258,196,196,230,68,100,258,158,28,1584,100,1,0,1,158,144,158,28,588,0,26362,1.479
2026-09-13 06:26:14.783,1,16,Write Multiple Registers,2835,3,6,117,252,195,195,218,57,117,252,135,34,1584,117,1,0,1,135,118,135,34,587,0,30330,0.483
2026-09-13 06:26:18.283,1,16,Write Multiple Registers,2835,3,6,112,255,195,195,218,60,112,255,143,37,1584,112,1,0,1,143,124,143,37,585,0,30250,1.479
2026-09-13 06:26:21.783,1,16,Write Multiple Registers,2835,3,6,119,253,194,194,211,55,119,253,134,42,1584,119,1,0,1,134,113,134,42,583,0,30662,0.482
2026-09-13 06:26:25.283,1,16,Write Multiple Registers,2835,3,6,102,247,193,193,230,64,102,247,145,17,1584,102,1,0,1,145,136,145,17,579,0,29082,0.48
2026-09-13 06:26:28.783,1,16,Write Multiple Registers,2835,3,6,113,258,194,194,212,60,113,258,145,46,1584,113,1,0,1,145,122,145,46,583,0,26322,0.482
2026-09-13 06:26:32.283,1,16,Write Multiple Registers,2835,3,6,101,252,193,193,227,66,101,252,151,25,1584,101,1,0,1,151,138,151,25,580,0,46823,1.479
2026-09-13 06:26:35.783,1,16,Write Multiple Registers,2835,3,6,103,241,184,184,208,58,103,241,138,33,1584,103,1,0,1,138,121,138,33,552,0,46979,0.982
2026-09-13 06:26:39.283,1,16,Write Multiple Registers,2835,3,6,110,245,186,186,204,56,110,245,135,41,1584,110,1,0,1,135,114,135,41,559,0,46211,1.479
2026-09-13 06:26:42.783,1,16,Write Multiple Registers,2835,3,6,112,259,196,196,217,61,112,259,147,42,1584,112,1,0,1,147,126,147,42,588,0,42863,0.982
2026-09-13 06:26:46.283,1,16,Write Multiple Registers,2835,3,6,100,240,184,184,213,60,100,240,140,27,1584,100,1,0,1,140,126,140,27,553,0,30590,1.478
2026-09-13 06:26:49.783,1,16,Write Multiple Registers,2835,3,6,106,259,202,202,241,68,106,259,153,18,1584,106,1,0,1,153,144,153,18,606,0,26158,1.478
2026-09-13 06:26:53.283,1,16,Write Multiple Registers,2835,3,6,110,256,204,204,246,66,110,256,146,10,1584,110,1,0,1,146,141,146,10,612,0,26266,0.982
2026-09-13 06:26:56.784,1,16,Write Multiple Registers,2835,3,6,113,241,186,186,206,54,113,241,128,35,1584,113,1,0,1,128,110,128,35,560,0,29130,0.483
2026-09-13 06:27:00.284,1,16,Write Multiple Registers,2835,3,6,102,258,189,189,208,65,102,258,156,50,1584,102,1,0,1,156,131,156,50,568,0,41619,0.483
2026-09-13 06:27:03.784,1,16,Write Multiple Registers,2835,3,6,118,250,204,204,246,61,118,250,132,4,1584,118,1,0,1,132,130,132,4,614,0,45723,1.479
2026-09-13 06:27:07.284,1,16,Write Multiple Registers,2835,3,6,105,254,198,198,237,66,105,254,149,17,1584,105,1,0,1,149,140,149,17,596,0,46543,1.479
2026-09-13 06:27:10.784,1,16,Write Multiple Registers,2835,3,6,103,253,200,200,246,69,103,253,150,7,1584,103,1,0,1,150,146,150,7,602,0,30090,1.479
2026-09-13 06:27:14.284,1,16,Write Multiple Registers,2835,3,6,109,251,201,201,245,65,109,251,142,6,1584,109,1,0,1,142,139,142,6,605,0,30062,0.982
2026-09-13 06:27:17.784,1,16,Write Multiple Registers,2835,3,6,115,247,190,190,208,55,115,247,132,39,1584,115,1,0,1,132,112,132,39,570,0,45379,0.982
2026-09-13 06:27:21.284,1,16,Write Multiple Registers,2835,3,6,118,241,191,191,215,52,118,241,123,26,1584,118,1,0,1,123,110,123,26,574,0,29286,0.482
2026-09-13 06:27:24.784,1,16,Write Multiple Registers,2835,3,6,105,251,197,197,235,65,105,251,146,16,1584,105,1,0,1,146,138,146,16,591,0,46727,0.482
2026-09-13 06:27:28.284,1,16,Write Multiple Registers,2835,3,6,109,251,191,191,215,60,109,251,142,36,1584,109,1,0,1,142,124,142,36,575,0,29334,1.479
2026-09-13 06:27:31.784,1,16,Write Multiple Registers,2835,3,6,108,249,195,195,230,62,108,249,141,19,1584,108,1,0,1,141,131,141,19,587,0,46907,0.982
2026-09-13 06:27:35.284,1,16,Write Multiple Registers,2835,3,6,118,246,192,192,213,54,118,246,128,33,1584,118,1,0,1,128,111,128,33,577,0,28766,1.478
2026-09-13 06:27:38.784,1,16,Write Multiple Registers,2835,3,6,112,253,194,194,218,59,112,253,141,35,1584,112,1,0,1,141,123,141,35,583,0,47019,0.982
2026-09-13 06:27:42.285,1,16,Write Multiple Registers,2835,3,6,114,244,198,198,237,59,114,244,130,7,1584,114,1,0,1,130,126,130,7,595,0,46399,0.483
2026-09-13 06:27:45.785,1,16,Write Multiple Registers,2835,3,6,102,256,202,202,248,70,102,256,154,8,1584,102,1,0,1,154,150,154,8,606,0,25970,0.481
2026-09-13 06:27:49.285,1,16,Write Multiple Registers,2835,3,6,115,248,200,200,238,60,115,248,133,10,1584,115,1,0,1,133,128,133,10,601,0,28714,0.482
2026-09-13 06:27:52.785,1,16,Write Multiple Registers,2835,3,6,113,251,188,188,202,57,113,251,138,49,1584,113,1,0,1,138,113,138,49,566,0,46779,1.479
2026-09-13 06:27:56.285,1,16,Write Multiple Registers,2835,3,6,102,249,193,193,229,65,102,249,147,20,1584,102,1,0,1,147,137,147,20,580,0,46431,1.479
2026-09-13 06:27:59.785,1,16,Write Multiple Registers,2835,3,6,119,254,194,194,209,56,119,254,135,45,1584,119,1,0,1,135,112,135,45,582,0,46847,1.479
2026-09-13 06:28:03.285,1,16,Write Multiple Registers,2835,3,6,114,243,198,198,238,59,114,243,129,5,1584,114,1,0,1,129,126,129,5,595,0,30522,0.482
2026-09-13 06:28:06.785,1,16,Write Multiple Registers,2835,3,6,104,258,191,191,213,64,104,258,154,45,1584,104,1,0,1,154,131,154,45,575,0,24894,1.479
2026-09-13 06:28:10.285,1,16,Write Multiple Registers,2835,3,6,105,243,190,190,222,60,105,243,138,21,1584,105,1,0,1,138,127,138,21,570,0,29706,0.48
2026-09-13 06:28:13.785,1,16,Write Multiple Registers,2835,3,6,117,248,189,189,204,54,117,248,131,44,1584,117,1,0,1,131,109,131,44,569,0,30258,0.982
2026-09-13 06:28:17.285,1,16,Write Multiple Registers,2835,3,6,112,253,194,194,218,59,112,253,141,35,1584,112,1,0,1,141,123,141,35,583,0,47019,0.982
2026-09-13 06:28:20.785,1,16,Write Multiple Registers,2835,3,6,118,251,199,199,228,58,118,251,133,23,1584,118,1,0,1,133,121,133,23,597,0,29154,1.478
2026-09-13 06:28:24.285,1,16,Write Multiple Registers,2835,3,6,116,245,200,200,240,59,116,245,129,5,1584,116,1,0,1,129,126,129,5,601,0,30206,0.482
2026-09-13 06:28:27.786,1,16,Write Multiple Registers,2835,3,6,119,250,197,197,222,56,119,250,131,28,1584,119,1,0,1,131,117,131,28,591,0,29866,0.483
2026-09-13 06:28:31.286,1,16,Write Multiple Registers,2835,3,6,110,244,195,195,232,60,110,244,134,12,1584,110,1,0,1,134,128,134,12,586,0,29490,1.479
2026-09-13 06:28:34.786,1,16,Write Multiple Registers,2835,3,6,105,259,202,202,243,69,105,259,154,16,1584,105,1,0,1,154,146,154,16,607,0,42663,0.982
2026-09-13 06:28:38.286,1,16,Write Multiple Registers,2835,3,6,102,242,182,182,204,59,102,242,140,38,1584,102,1,0,1,140,121,140,38,548,0,46147,1.479
2026-09-13 06:28:41.786,1,16,Write Multiple Registers,2835,3,6,110,251,199,199,238,63,110,251,141,13,1584,110,1,0,1,141,134,141,13,599,0,30714,1.479
2026-09-13 06:28:46.373,1,16,Write Multiple Registers,2835,3,6,106,249,196,196,234,64,106,249,143,15,1584,106,1,0,1,143,135,143,15,589,0,47051,0.482
2026-09-13 06:28:49.873,1,16,Write Multiple Registers,2835,3,6,102,256,189,189,209,64,102,256,154,47,1584,102,1,0,1,154,130,154,47,567,0,41775,0.482
2026-09-13 06:28:53.373,1,16,Write Multiple Registers,2835,3,6,118,244,192,192,215,53,118,244,126,29,1584,118,1,0,1,126,111,126,29,577,0,29094,0.982
2026-09-13 06:28:56.873,1,16,Write Multiple Registers,2835,3,6,116,252,203,203,242,61,116,252,136,10,1584,116,1,0,1,136,131,136,10,610,0,45131,0.482
2026-09-13 06:29:00.373,1,16,Write Multiple Registers,2835,3,6,113,242,189,189,212,55,113,242,129,30,1584,113,1,0,1,129,114,129,30,567,0,45779,0.482
2026-09-13 06:29:03.873,1,16,Write Multiple Registers,2835,3,6,119,249,197,197,224,56,119,249,130,25,1584,119,1,0,1,130,117,130,25,592,0,45251,1.478
2026-09-13 06:29:07.373,1,16,Write Multiple Registers,2835,3,6,112,256,190,190,203,59,112,256,144,53,1584,112,1,0,1,144,117,144,53,571,0,42391,1.478
2026-09-13 06:29:10.873,1,16,Write Multiple Registers,2835,3,6,117,245,192,192,215,54,117,245,128,30,1584,117,1,0,1,128,113,128,30,577,0,45463,1.478
2026-09-13 06:29:14.374,1,16,Write Multiple Registers,2835,3,6,115,241,195,195,230,56,115,241,126,11,1584,115,1,0,1,126,120,126,11,586,0,46859,0.483
2026-09-13 06:29:17.874,1,16,Write Multiple Registers,2835,3,6,118,253,196,196,217,57,118,253,135,36,1584,118,1,0,1,135,117,135,36,588,0,46607,0.141
2026-09-13 06:29:21.374,1,16,Write Multiple Registers,2835,3,6,111,244,197,197,237,61,111,244,133,7,1584,111,1,0,1,133,129,133,7,592,0,45999,0.982
2026-09-13 06:29:24.874,1,16,Write Multiple Registers,2835,3,6,105,247,189,189,215,60,105,247,142,32,1584,105,1,0,1,142,126,142,32,567,0,46807,0.982
2026-09-13 06:29:28.374,1,16,Write Multiple Registers,2835,3,6,106,255,194,194,221,63,106,255,149,34,1584,106,1,0,1,149,132,149,34,582,0,29118,1.479
2026-09-13 06:29:31.874,1,16,Write Multiple Registers,2835,3,6,104,240,183,183,207,57,104,240,136,33,1584,104,1,0,1,136,119,136,33,551,0,46823,1.479
2026-09-13 06:29:35.374,1,16,Write Multiple Registers,2835,3,6,106,246,198,198,242,65,106,246,140,4,1584,106,1,0,1,140,138,140,4,594,0,45659,1.479
2026-09-13 06:29:38.874,1,16,Write Multiple Registers,2835,3,6,115,248,192,192,213,56,115,248,133,35,1584,115,1,0,1,133,115,133,35,576,0,46543,0.482
2026-09-13 06:29:42.374,1,16,Write Multiple Registers,2835,3,6,113,249,196,196,226,59,113,249,136,23,1584,113,1,0,1,136,124,136,23,588,0,29018,0.482
2026-09-13 06:29:45.874,1,16,Write Multiple Registers,2835,3,6,117,253,198,198,225,58,117,253,136,28,1584,117,1,0,1,136,122,136,28,595,0,29534,0.48
2026-09-13 06:29:49.374,1,16,Write Multiple Registers,2835,3,6,119,251,200,200,230,57,119,251,132,21,1584,119,1,0,1,132,121,132,21,600,0,29130,0.482
2026-09-13 06:29:52.874,1,16,Write Multiple Registers,2835,3,6,100,246,194,194,236,66,100,246,146,10,1584,100,1,0,1,146,141,146,10,582,0,28770,0.982
2026-09-13 06:29:56.374,1,16,Write Multiple Registers,2835,3,6,103,247,197,197,243,66,103,247,144,4,1584,103,1,0,1,144,142,144,4,593,0,28982,0.482
2026-09-13 06:29:59.875,1,16,Write Multiple Registers,2835,3,6,105,254,196,196,229,65,105,254,149,25,1584,105,1,0,1,149,136,149,25,588,0,29742,0.483
2026-09-13 06:30:03.375,1,16,Write Multiple Registers,2835,3,6,100,240,183,183,210,60,100,240,140,30,1584,100,1,0,1,140,125,140,30,550,0,47051,0.481
2026-09-13 06:30:06.875,1,16,Write Multiple Registers,2835,3,6,115,246,191,191,212,55,115,246,131,34,1584,115,1,0,1,131,114,131,34,573,0,45427,1.479
2026-09-13 06:30:10.375,1,16,Write Multiple Registers,2835,3,6,104,258,200,200,239,68,104,258,154,19,1584,104,1,0,1,154,144,154,19,601,0,25830,1.479
2026-09-13 06:30:13.875,1,16,Write Multiple Registers,2835,3,6,107,253,191,191,213,61,107,253,146,40,1584,107,1,0,1,146,126,146,40,573,0,45455,0.982
2026-09-13 06:30:17.375,1,16,Write Multiple Registers,2835,3,6,109,253,189,189,205,59,109,253,144,48,1584,109,1,0,1,144,120,144,48,567,0,45647,1.479
2026-09-13 06:30:20.875,1,16,Write Multiple Registers,2835,3,6,115,243,200,200,242,60,115,243,128,1,1584,115,1,0,1,128,127,128,1,600,0,30138,1.479
2026-09-13 06:30:24.375,1,16,Write Multiple Registers,2835,3,6,102,256,195,195,228,66,102,256,154,28,1584,102,1,0,1,154,140,154,28,586,0,42915,0.48
2026-09-13 06:30:27.875,1,16,Write Multiple Registers,2835,3,6,116,248,194,194,219,56,116,248,132,29,1584,116,1,0,1,132,117,132,29,583,0,46359,1.479
2026-09-13 06:30:31.375,1,16,Write Multiple Registers,2835,3,6,107,253,197,197,232,64,107,253,146,21,1584,107,1,0,1,146,135,146,21,592,0,29922,1.478
2026-09-13 06:30:34.875,1,16,Write Multiple Registers,2835,3,6,113,246,190,190,212,56,113,246,133,34,1584,113,1,0,1,133,116,133,34,571,0,29138,0.48
2026-09-13 06:30:38.375,1,16,Write Multiple Registers,2835,3,6,118,243,200,200,240,58,118,243,125,3,1584,118,1,0,1,125,123,125,3,601,0,46291,0.982
2026-09-13 06:30:41.875,1,16,Write Multiple Registers,2835,3,6,118,254,206,206,247,62,118,254,136,7,1584,118,1,0,1,136,132,136,7,619,0,45479,1.478
2026-09-13 06:30:45.376,1,16,Write Multiple Registers,2835,3,6,102,248,192,192,226,64,102,248,146,22,1584,102,1,0,1,146,135,146,22,576,0,46379,0.483
2026-09-13 06:30:48.876,1,16,Write Multiple Registers,2835,3,6,117,251,202,202,239,60,117,251,134,12,1584,117,1,0,1,134,128,134,12,607,0,45239,0.483
2026-09-13 06:30:52.376,1,16,Write Multiple Registers,2835,3,6,106,248,200,200,247,66,106,248,142,1,1584,106,1,0,1,142,141,142,1,601,0,30182,1.479
2026-09-13 06:30:55.876,1,16,Write Multiple Registers,2835,3,6,109,248,190,190,215,59,109,248,139,33,1584,109,1,0,1,139,122,139,33,572,0,29654,0.482
2026-09-13 06:30:59.376,1,16,Write Multiple Registers,2835,3,6,116,253,199,199,230,59,116,253,137,23,1584,116,1,0,1,137,125,137,23,599,0,29626,1.107
2026-09-13 06:31:02.876,1,16,Write Multiple Registers,2835,3,6,112,249,196,196,228,60,112,249,137,21,1584,112,1,0,1,137,126,137,21,589,0,45443,0.982
2026-09-13 06:31:06.376,1,16,Write Multiple Registers,2835,3,6,112,249,201,201,242,62,112,249,137,7,1584,112,1,0,1,137,133,137,7,603,0,29742,1.479
2026-09-13 06:31:09.876,1,16,Write Multiple Registers,2835,3,6,114,247,188,188,204,55,114,247,133,43,1584,114,1,0,1,133,111,133,43,565,0,46019,1.479
2026-09-13 06:31:13.376,1,16,Write Multiple Registers,2835,3,6,110,255,192,192,212,60,110,255,145,43,1584,110,1,0,1,145,123,145,43,577,0,45347,1.479
2026-09-13 06:31:16.876,1,16,Write Multiple Registers,2835,3,6,114,247,201,201,242,61,114,247,133,5,1584,114,1,0,1,133,130,133,5,603,0,30182,0.48
2026-09-13 06:31:20.376,1,16,Write Multiple Registers,2835,3,6,107,244,193,193,228,61,107,244,137,16,1584,107,1,0,1,137,129,137,16,579,0,29490,0.48
2026-09-13 06:31:23.876,1,16,Write Multiple Registers,2835,3,6,102,241,183,183,208,59,102,241,139,33,1584,102,1,0,1,139,122,139,33,551,0,30674,0.482
2026-09-13 06:31:27.376,1,16,Write Multiple Registers,2835,3,6,106,248,196,196,234,63,106,248,142,14,1584,106,1,0,1,142,135,142,14,588,0,30474,1.478
2026-09-13 06:31:30.877,1,16,Write Multiple Registers,2835,3,6,115,252,199,199,231,60,115,252,137,21,1584,115,1,0,1,137,126,137,21,598,0,45815,0.483
2026-09-13 06:31:34.377,1,16,Write Multiple Registers,2835,3,6,119,243,199,199,235,56,119,243,124,8,1584,119,1,0,1,124,120,124,8,597,0,30438,1.479
2026-09-13 06:31:37.877,1,16,Write Multiple Registers,2835,3,6,119,247,198,198,229,56,119,247,128,18,1584,119,1,0,1,128,119,128,18,595,0,29838,0.982
2026-09-13 06:31:41.377,1,16,Write Multiple Registers,2835,3,6,103,255,192,192,219,64,103,255,152,36,1584,103,1,0,1,152,134,152,36,577,0,45735,0.359
2026-09-13 06:31:44.877,1,16,Write Multiple Registers,2835,3,6,115,249,191,191,211,56,115,249,134,38,1584,115,1,0,1,134,115,134,38,575,0,30086,1.479
2026-09-13 06:31:48.377,1,16,Write Multiple Registers,2835,3,6,115,245,189,189,208,54,115,245,130,37,1584,115,1,0,1,130,111,130,37,568,0,28866,1.479
2026-09-13 06:31:51.877,1,16,Write Multiple Registers,2835,3,6,111,243,189,189,214,56,111,243,132,29,1584,111,1,0,1,132,117,132,29,568,0,46091,1.479
2026-09-13 06:31:55.377,1,16,Write Multiple Registers,2835,3,6,110,252,200,200,239,64,110,252,142,13,1584,110,1,0,1,142,135,142,13,601,0,30086,0.982
2026-09-13 06:31:58.877,1,16,Write Multiple Registers,2835,3,6,102,242,194,194,239,65,102,242,140,3,1584,102,1,0,1,140,138,140,3,583,0,29574,0.071
2026-09-13 06:32:02.377,1,16,Write Multiple Registers,2835,3,6,104,253,200,200,243,68,104,253,149,10,1584,104,1,0,1,149,144,149,10,600,0,30326,0.482
2026-09-13 06:32:05.877,1,16,Write Multiple Registers,2835,3,6,119,247,203,203,245,59,119,247,128,2,1584,119,1,0,1,128,127,128,2,611,0,46927,1.478
2026-09-13 06:32:09.377,1,16,Write Multiple Registers,2835,3,6,114,245,199,199,240,60,114,245,131,5,1584,114,1,0,1,131,128,131,5,599,0,30482,0.482
2026-09-13 06:32:12.877,1,16,Write Multiple Registers,2835,3,6,117,247,191,191,209,54,117,247,130,38,1584,117,1,0,1,130,111,130,38,573,0,28830,1.478
2026-09-13 06:32:16.378,1,16,Write Multiple Registers,2835,3,6,104,249,193,193,226,63,104,249,145,23,1584,104,1,0,1,145,133,145,23,579,0,46731,0.481
2026-09-13 06:32:19.878,1,16,Write Multiple Registers,2835,3,6,114,247,190,190,210,56,114,247,133,37,1584,114,1,0,1,133,114,133,37,571,0,45419,1.479
2026-09-13 06:32:23.378,1,16,Write Multiple Registers,2835,3,6,107,253,200,200,242,66,107,253,146,11,1584,107,1,0,1,146,140,146,11,602,0,46779,1.479
2026-09-13 06:32:26.878,1,16,Write Multiple Registers,2835,3,6,104,242,192,192,232,62,104,242,138,10,1584,104,1,0,1,138,133,138,10,578,0,28754,1.479
2026-09-13 06:32:30.378,1,16,Write Multiple Registers,2835,3,6,100,259,190,190,212,66,100,259,159,47,1584,100,1,0,1,159,135,159,47,571,0,25090,0.982
2026-09-13 06:32:33.878,1,16,Write Multiple Registers,2835,3,6,105,240,189,189,222,59,105,240,135,18,1584,105,1,0,1,135,126,135,18,567,0,30026,1.479
2026-09-13 06:32:37.378,1,16,Write Multiple Registers,2835,3,6,101,254,188,188,209,64,101,254,153,45,1584,101,1,0,1,153,130,153,45,564,0,45919,1.479
2026-09-13 06:32:40.878,1,16,Write Multiple Registers,2835,3,6,105,246,184,184,201,58,105,246,141,45,1584,105,1,0,1,141,118,141,45,552,0,29886,1.479
2026-09-13 06:32:44.378,1,16,Write Multiple Registers,2835,3,6,107,248,196,196,235,63,107,248,141,13,1584,107,1,0,1,141,134,141,13,590,0,30566,0.675
2026-09-13 06:32:47.878,1,16,Write Multiple Registers,2835,3,6,119,240,190,190,211,51,119,240,121,29,1584,119,1,0,1,121,106,121,29,570,0,45575,0.48
2026-09-13 06:32:51.378,1,16,Write Multiple Registers,2835,3,6,104,252,198,198,239,66,104,252,148,13,1584,104,1,0,1,148,141,148,13,595,0,29798,0.982
2026-09-13 06:32:54.878,1,16,Write Multiple Registers,2835,3,6,117,246,191,191,211,54,117,246,129,35,1584,117,1,0,1,129,111,129,35,574,0,28710,0.982
2026-09-13 06:32:58.378,1,16,Write Multiple Registers,2835,3,6,100,249,191,191,225,65,100,249,149,24,1584,100,1,0,1,149,137,149,24,574,0,46351,1.478
2026-09-13 06:33:02.175,1,16,Write Multiple Registers,2835,3,6,118,253,191,191,204,55,118,253,135,49,1584,118,1,0,1,135,110,135,49,575,0,29954,0.981
2026-09-13 06:33:05.676,1,16,Write Multiple Registers,2835,3,6,102,246,193,193,232,64,102,246,144,14,1584,102,1,0,1,144,137,144,14,580,0,28722,1.479
2026-09-13 06:33:09.176,1,16,Write Multiple Registers,2835,3,6,101,253,191,191,220,65,101,253,152,33,1584,101,1,0,1,152,135,152,33,574,0,29490,1.479
2026-09-13 06:33:12.676,1,16,Write Multiple Registers,2835,3,6,113,244,195,195,230,58,113,244,131,14,1584,113,1,0,1,131,124,131,14,587,0,29802,0.482
2026-09-13 06:33:16.176,1,16,Write Multiple Registers,2835,3,6,102,252,198,198,240,68,102,252,150,12,1584,102,1,0,1,150,144,150,12,594,0,30098,1.479
2026-09-13 06:33:19.676,1,16,Write Multiple Registers,2835,3,6,115,248,199,199,235,59,115,248,133,13,1584,115,1,0,1,133,126,133,13,598,0,28902,0.482
2026-09-13 06:33:23.176,1,16,Write Multiple Registers,2835,3,6,116,249,202,202,241,60,116,249,133,8,1584,116,1,0,1,133,129,133,8,606,0,46031,1.479
2026-09-13 06:33:26.676,1,16,Write Multiple Registers,2835,3,6,113,242,195,195,230,58,113,242,129,12,1584,113,1,0,1,129,123,129,12,585,0,30442,1.162
2026-09-13 06:33:30.176,1,16,Write Multiple Registers,2835,3,6,108,241,186,186,209,56,108,241,133,32,1584,108,1,0,1,133,117,133,32,558,0,46543,0.482
2026-09-13 06:33:33.676,1,16,Write Multiple Registers,2835,3,6,115,257,192,192,206,58,115,257,142,51,1584,115,1,0,1,142,116,142,51,578,0,25962,0.982
2026-09-13 06:33:37.176,1,16,Write Multiple Registers,2835,3,6,111,257,205,205,249,67,111,257,146,8,1584,111,1,0,1,146,142,146,8,617,0,26462,0.982
2026-09-13 06:33:40.676,1,16,Write Multiple Registers,2835,3,6,101,249,198,198,246,69,101,249,148,3,1584,101,1,0,1,148,146,148,3,596,0,30250,1.479
2026-09-13 06:33:44.176,1,16,Write Multiple Registers,2835,3,6,105,250,193,193,224,63,105,250,145,26,1584,105,1,0,1,145,132,145,26,579,0,47075,1.479
2026-09-13 06:33:47.676,1,16,Write Multiple Registers,2835,3,6,101,252,196,196,236,67,101,252,151,16,1584,101,1,0,1,151,143,151,16,589,0,47027,1.478
2026-09-13 06:33:51.176,1,16,Write Multiple Registers,2835,3,6,109,249,186,186,201,58,109,249,140,48,1584,109,1,0,1,140,116,140,48,559,0,45503,0.482
2026-09-13 06:33:54.676,1,16,Write Multiple Registers,2835,3,6,113,243,193,193,223,57,113,243,130,20,1584,113,1,0,1,130,120,130,20,579,0,46007,1.478
2026-09-13 06:33:58.177,1,16,Write Multiple Registers,2835,3,6,108,250,196,196,230,62,108,250,142,20,1584,108,1,0,1,142,132,142,20,588,0,46715,0.483
2026-09-13 06:34:01.677,1,16,Write Multiple Registers,2835,3,6,108,255,196,196,225,63,108,255,147,30,1584,108,1,0,1,147,132,147,30,588,0,29966,1.479
2026-09-13 06:34:05.177,1,16,Write Multiple Registers,2835,3,6,108,250,202,202,248,66,108,250,142,2,1584,108,1,0,1,142,141,142,2,606,0,46291,1.479
2026-09-13 06:34:08.677,1,16,Write Multiple Registers,2835,3,6,118,244,192,192,215,53,118,244,126,29,1584,118,1,0,1,126,111,126,29,577,0,29094,1.479
2026-09-13 06:34:12.177,1,16,Write Multiple Registers,2835,3,6,103,247,198,198,244,67,103,247,144,3,1584,103,1,0,1,144,142,144,3,594,0,45943,1.479
2026-09-13 06:34:15.677,1,16,Write Multiple Registers,2835,3,6,110,254,195,195,221,61,110,254,144,33,1584,110,1,0,1,144,127,144,33,585,0,28734,1.115
2026-09-13 06:34:19.177,1,16,Write Multiple Registers,2835,3,6,105,251,201,201,248,68,105,251,146,3,1584,105,1,0,1,146,144,146,3,604,0,29954,0.482
2026-09-13 06:34:22.677,1,16,Write Multiple Registers,2835,3,6,105,247,187,187,210,60,105,247,142,37,1584,105,1,0,1,142,123,142,37,562,0,46619,1.479
2026-09-13 06:34:26.177,1,16,Write Multiple Registers,2835,3,6,108,246,187,187,208,58,108,246,138,38,1584,108,1,0,1,138,119,138,38,562,0,47027,1.479
2026-09-13 06:34:29.677,1,16,Write Multiple Registers,2835,3,6,102,247,184,184,205,60,102,247,145,42,1584,102,1,0,1,145,124,145,42,554,0,30654,0.482
2026-09-13 06:34:33.177,1,16,Write Multiple Registers,2835,3,6,109,252,194,194,223,61,109,252,143,29,1584,109,1,0,1,143,128,143,29,584,0,28982,0.482
2026-09-13 06:34:36.677,1,16,Write Multiple Registers,2835,3,6,116,243,191,191,215,54,116,243,127,28,1584,116,1,0,1,127,113,127,28,574,0,29510,1.479
2026-09-13 06:34:40.177,1,16,Write Multiple Registers,2835,3,6,117,241,186,186,201,51,117,241,124,40,1584,117,1,0,1,124,104,124,40,559,0,28734,1.478
2026-09-13 06:34:43.677,1,16,Write Multiple Registers,2835,3,6,108,259,190,190,203,62,108,259,151,56,1584,108,1,0,1,151,123,151,56,570,0,25110,0.48
2026-09-13 06:34:47.177,1,16,Write Multiple Registers,2835,3,6,112,250,194,194,221,59,112,250,138,29,1584,112,1,0,1,138,123,138,29,583,0,46431,1.478
2026-09-13 06:34:50.678,1,16,Write Multiple Registers,2835,3,6,103,257,193,193,219,65,103,257,154,38,1584,103,1,0,1,154,135,154,38,579,0,41511,1.479
2026-09-13 06:34:54.178,1,16,Write Multiple Registers,2835,3,6,119,249,203,203,243,59,119,249,130,6,1584,119,1,0,1,130,127,130,6,611,0,29510,1.479
2026-09-13 06:34:57.678,1,16,Write Multiple Registers,2835,3,6,117,245,198,198,232,57,117,245,128,13,1584,117,1,0,1,128,121,128,13,594,0,46211,1.479
2026-09-13 06:35:01.178,1,16,Write Multiple Registers,2835,3,6,108,241,189,189,219,58,108,241,133,22,1584,108,1,0,1,133,122,133,22,568,0,46167,0.482
2026-09-13 06:35:04.678,1,16,Write Multiple Registers,2835,3,6,107,254,202,202,247,67,107,254,147,7,1584,107,1,0,1,147,143,147,7,608,0,46903,1.479
2026-09-13 06:35:08.178,1,16,Write Multiple Registers,2835,3,6,101,258,186,186,201,64,101,258,157,57,1584,101,1,0,1,157,128,157,57,560,0,24702,0.48
2026-09-13 06:35:11.678,1,16,Write Multiple Registers,2835,3,6,111,251,201,201,242,63,111,251,140,9,1584,111,1,0,1,140,135,140,9,604,0,30074,0.982
2026-09-13 06:35:15.178,1,16,Write Multiple Registers,2835,3,6,118,247,201,201,238,58,118,247,129,9,1584,118,1,0,1,129,124,129,9,603,0,30074,1.479
2026-09-13 06:35:18.678,1,16,Write Multiple Registers,2835,3,6,115,244,193,193,220,56,115,244,129,24,1584,115,1,0,1,129,117,129,24,579,0,45331,0.982
2026-09-13 06:35:22.178,1,16,Write Multiple Registers,2835,3,6,111,245,192,192,220,58,111,245,134,25,1584,111,1,0,1,134,121,134,25,576,0,46867,0.482
2026-09-13 06:35:25.678,1,16,Write Multiple Registers,2835,3,6,109,248,199,199,242,64,109,248,139,6,1584,109,1,0,1,139,136,139,6,599,0,45699,1.479
2026-09-13 06:35:29.178,1,16,Write Multiple Registers,2835,3,6,105,246,193,193,229,62,105,246,141,17,1584,105,1,0,1,141,132,141,17,580,0,45615,1.479
2026-09-13 06:35:32.678,1,16,Write Multiple Registers,2835,3,6,112,255,204,204,245,65,112,255,143,10,1584,112,1,0,1,143,138,143,10,612,0,45311,0.482
2026-09-13 06:35:36.178,1,16,Write Multiple Registers,2835,3,6,116,247,201,201,241,60,116,247,131,6,1584,116,1,0,1,131,128,131,6,604,0,30022,1.478
2026-09-13 06:35:39.678,1,16,Write Multiple Registers,2835,3,6,100,244,190,190,227,64,100,244,144,17,1584,100,1,0,1,144,135,144,17,571,0,45239,0.688
2026-09-13 06:35:43.179,1,16,Write Multiple Registers,2835,3,6,107,249,199,199,241,65,107,249,142,8,1584,107,1,0,1,142,138,142,8,597,0,29214,1.479
2026-09-13 06:35:46.679,1,16,Write Multiple Registers,2835,3,6,114,250,196,196,224,58,114,250,136,26,1584,114,1,0,1,136,123,136,26,588,0,45203,0.983
2026-09-13 06:35:50.179,1,16,Write Multiple Registers,2835,3,6,101,251,184,184,201,62,101,251,150,50,1584,101,1,0,1,150,125,150,50,553,0,45759,0.982
2026-09-13 06:35:53.679,1,16,Write Multiple Registers,2835,3,6,114,248,190,190,209,56,114,248,134,39,1584,114,1,0,1,134,114,134,39,571,0,46447,1.479
2026-09-13 06:35:57.179,1,16,Write Multiple Registers,2835,3,6,105,247,191,191,221,61,105,247,142,26,1584,105,1,0,1,142,129,142,26,573,0,46927,1.479
2026-09-13 06:36:00.679,1,16,Write Multiple Registers,2835,3,6,100,253,189,189,216,65,100,253,153,37,1584,100,1,0,1,153,134,153,37,569,0,29586,1.479
2026-09-13 06:36:04.179,1,16,Write Multiple Registers,2835,3,6,102,257,189,189,208,64,102,257,155,49,1584,102,1,0,1,155,130,155,49,567,0,41939,0.482
2026-09-13 06:36:07.679,1,16,Write Multiple Registers,2835,3,6,104,253,189,189,210,62,104,253,149,43,1584,104,1,0,1,149,127,149,43,567,0,29130,0.482
2026-09-13 06:36:11.179,1,16,Write Multiple Registers,2835,3,6,113,253,201,201,237,62,113,253,140,16,1584,113,1,0,1,140,132,140,16,603,0,45839,1.479
2026-09-13 06:36:14.679,1,16,Write Multiple Registers,2835,3,6,111,240,190,190,221,56,111,240,129,19,1584,111,1,0,1,129,119,129,19,572,0,29934,1.479
2026-09-13 06:36:18.204,1,16,Write Multiple Registers,2835,3,6,118,250,203,203,242,60,118,250,132,8,1584,118,1,0,1,132,128,132,8,610,0,29290,0.044
2026-09-13 06:36:21.694,1,16,Write Multiple Registers,2835,3,6,114,243,193,193,223,56,114,243,129,20,1584,114,1,0,1,129,119,129,20,580,0,45895,0.482
2026-09-13 06:36:25.194,1,16,Write Multiple Registers,2835,3,6,110,248,198,198,238,62,110,248,138,10,1584,110,1,0,1,138,133,138,10,596,0,30394,1.478
2026-09-13 06:36:28.694,1,16,Write Multiple Registers,2835,3,6,105,242,191,191,226,61,105,242,137,16,1584,105,1,0,1,137,129,137,16,573,0,45467,0.48
2026-09-13 06:36:32.194,1,16,Write Multiple Registers,2835,3,6,119,256,200,200,225,58,119,256,137,31,1584,119,1,0,1,137,121,137,31,600,0,41535,0.482
2026-09-13 06:36:35.695,1,16,Write Multiple Registers,2835,3,6,112,254,205,205,249,65,112,254,142,5,1584,112,1,0,1,142,139,142,5,615,0,28974,1.479
2026-09-13 06:36:39.195,1,16,Write Multiple Registers,2835,3,6,103,254,201,201,248,69,103,254,151,6,1584,103,1,0,1,151,148,151,6,605,0,46499,1.424
2026-09-13 06:36:42.695,1,16,Write Multiple Registers,2835,3,6,107,242,191,191,224,59,107,242,135,18,1584,107,1,0,1,135,126,135,18,573,0,45379,0.482
2026-09-13 06:36:46.195,1,16,Write Multiple Registers,2835,3,6,113,259,201,201,232,63,113,259,146,27,1584,113,1,0,1,146,132,146,27,604,0,41795,1.479
2026-09-13 06:36:49.695,1,16,Write Multiple Registers,2835,3,6,115,259,204,204,240,63,115,259,144,19,1584,115,1,0,1,144,134,144,19,614,0,25026,0.482
2026-09-13 06:36:53.195,1,16,Write Multiple Registers,2835,3,6,110,254,198,198,231,63,110,254,144,23,1584,110,1,0,1,144,132,144,23,595,0,30182,1.479
2026-09-13 06:36:56.695,1,16,Write Multiple Registers,2835,3,6,105,255,198,198,234,66,105,255,150,21,1584,105,1,0,1,150,139,150,21,594,0,46523,1.479
2026-09-13 06:37:00.195,1,16,Write Multiple Registers,2835,3,6,108,245,195,195,233,61,108,245,137,12,1584,108,1,0,1,137,131,137,12,586,0,45935,0.48
2026-09-13 06:37:03.695,1,16,Write Multiple Registers,2835,3,6,117,249,196,196,223,57,117,249,132,26,1584,117,1,0,1,132,119,132,26,589,0,30070,0.982
2026-09-13 06:37:07.195,1,16,Write Multiple Registers,2835,3,6,100,251,187,187,211,63,100,251,151,40,1584,100,1,0,1,151,131,151,40,562,0,45239,1.479
2026-09-13 06:37:10.695,1,16,Write Multiple Registers,2835,3,6,118,259,196,196,212,58,118,259,141,47,1584,118,1,0,1,141,117,141,47,589,0,26530,1.478
2026-09-13 06:37:14.195,1,16,Write Multiple Registers,2835,3,6,104,254,198,198,238,67,104,254,150,16,1584,104,1,0,1,150,142,150,16,596,0,30170,0.982
2026-09-13 06:37:17.695,1,16,Write Multiple Registers,2835,3,6,111,249,197,197,231,61,111,249,138,18,1584,111,1,0,1,138,129,138,18,591,0,30710,0.982
2026-09-13 06:37:21.195,1,16,Write Multiple Registers,2835,3,6,104,244,182,182,200,58,104,244,140,44,1584,104,1,0,1,140,118,140,44,548,0,46419,0.482
2026-09-13 06:37:24.696,1,16,Write Multiple Registers,2835,3,6,101,245,195,195,241,66,101,245,144,4,1584,101,1,0,1,144,142,144,4,587,0,45167,1.479
2026-09-13 06:37:29.283,1,16,Write Multiple Registers,2835,3,6,119,245,191,191,211,53,119,245,126,34,1584,119,1,0,1,126,109,126,34,575,0,45511,0.983
2026-09-13 06:37:32.783,1,16,Write Multiple Registers,2835,3,6,101,257,196,196,231,68,101,257,156,26,1584,101,1,0,1,156,143,156,26,589,0,26582,0.483
2026-09-13 06:37:36.283,1,16,Write Multiple Registers,2835,3,6,114,242,187,187,207,54,114,242,128,35,1584,114,1,0,1,128,110,128,35,563,0,45127,1.479
2026-09-13 06:37:39.783,1,16,Write Multiple Registers,2835,3,6,119,250,198,198,226,56,119,250,131,24,1584,119,1,0,1,131,119,131,24,595,0,29178,1.479
2026-09-13 06:37:43.304,1,16,Write Multiple Registers,2835,3,6,118,251,201,201,236,59,118,251,133,15,1584,118,1,0,1,133,125,133,15,605,0,45059,0.534
2026-09-13 06:37:46.804,1,16,Write Multiple Registers,2835,3,6,116,247,201,201,240,60,116,247,131,7,1584,116,1,0,1,131,127,131,7,603,0,46471,0.482
2026-09-13 06:37:50.304,1,16,Write Multiple Registers,2835,3,6,100,246,193,193,234,66,100,246,146,12,1584,100,1,0,1,146,140,146,12,580,0,28906,1.479
2026-09-13 06:37:53.804,1,16,Write Multiple Registers,2835,3,6,117,254,197,197,222,58,117,254,137,32,1584,117,1,0,1,137,121,137,32,593,0,30474,1.479
2026-09-13 06:37:57.304,1,16,Write Multiple Registers,2835,3,6,115,245,200,200,242,60,115,245,130,3,1584,115,1,0,1,130,128,130,3,602,0,30522,0.482
2026-09-13 06:38:00.804,1,16,Write Multiple Registers,2835,3,6,112,256,202,202,240,64,112,256,144,16,1584,112,1,0,1,144,136,144,16,608,0,24690,0.482
2026-09-13 06:38:04.323,1,16,Write Multiple Registers,2835,3,6,109,243,194,194,231,60,109,243,134,12,1584,109,1,0,1,134,128,134,12,583,0,45271,1.477
2026-09-13 06:38:07.823,1,16,Write Multiple Registers,2835,3,6,117,256,201,201,231,60,117,256,139,25,1584,117,1,0,1,139,126,139,25,604,0,25110,1.478
2026-09-13 06:38:11.323,1,16,Write Multiple Registers,2835,3,6,115,248,196,196,225,58,115,248,133,23,1584,115,1,0,1,133,121,133,23,588,0,29054,0.982
2026-09-13 06:38:14.823,1,16,Write Multiple Registers,2835,3,6,108,254,189,189,207,60,108,254,146,47,1584,108,1,0,1,146,122,146,47,569,0,45863,0.482
2026-09-13 06:38:18.324,1,16,Write Multiple Registers,2835,3,6,101,244,183,183,205,60,101,244,143,39,1584,101,1,0,1,143,123,143,39,550,0,30222,0.481
2026-09-13 06:38:21.824,1,16,Write Multiple Registers,2835,3,6,118,257,207,207,246,63,118,257,139,11,1584,118,1,0,1,139,133,139,11,621,0,41435,1.479
2026-09-13 06:38:25.324,1,16,Write Multiple Registers,2835,3,6,118,242,200,200,240,57,118,242,124,2,1584,118,1,0,1,124,123,124,2,600,0,30186,0.482
2026-09-13 06:38:28.824,1,16,Write Multiple Registers,2835,3,6,111,256,204,204,245,65,111,256,145,11,1584,111,1,0,1,145,139,145,11,612,0,42639,0.482
2026-09-13 06:38:32.324,1,16,Write Multiple Registers,2835,3,6,115,256,200,200,230,61,115,256,141,26,1584,115,1,0,1,141,128,141,26,601,0,41931,1.479
2026-09-13 06:38:35.824,1,16,Write Multiple Registers,2835,3,6,106,252,198,198,236,65,106,252,146,16,1584,106,1,0,1,146,138,146,16,594,0,46211,0.482
2026-09-13 06:38:39.324,1,16,Write Multiple Registers,2835,3,6,106,247,187,187,208,59,106,247,141,39,1584,106,1,0,1,141,121,141,39,561,0,30354,0.48
2026-09-13 06:38:42.824,1,16,Write Multiple Registers,2835,3,6,117,257,202,202,233,61,117,257,140,24,1584,117,1,0,1,140,128,140,24,607,0,25534,0.982
2026-09-13 06:38:46.324,1,16,Write Multiple Registers,2835,3,6,114,258,204,204,240,64,114,258,144,18,1584,114,1,0,1,144,135,144,18,612,0,24914,0.982
2026-09-13 06:38:49.824,1,16,Write Multiple Registers,2835,3,6,101,256,197,197,234,68,101,256,155,22,1584,101,1,0,1,155,144,155,22,591,0,26170,0.982
2026-09-13 06:38:53.324,1,16,Write Multiple Registers,2835,3,6,103,245,190,190,223,62,103,245,142,22,1584,103,1,0,1,142,131,142,22,571,0,30166,0.482
2026-09-13 06:38:56.824,1,16,Write Multiple Registers,2835,3,6,114,247,195,195,226,58,114,247,133,21,1584,114,1,0,1,133,122,133,21,587,0,46379,1.478
2026-09-13 06:39:00.324,1,16,Write Multiple Registers,2835,3,6,111,252,190,190,207,58,111,252,141,45,1584,111,1,0,1,141,118,141,45,570,0,29270,1.478
2026-09-13 06:39:03.824,1,16,Write Multiple Registers,2835,3,6,107,258,199,199,233,66,107,258,151,25,1584,107,1,0,1,151,138,151,25,598,0,25758,1.478
2026-09-13 06:39:07.325,1,16,Write Multiple Registers,2835,3,6,104,247,192,192,227,63,104,247,143,20,1584,104,1,0,1,143,133,143,20,578,0,45623,1.479
2026-09-13 06:39:10.825,1,16,Write Multiple Registers,2835,3,6,110,248,190,190,213,58,110,248,138,35,1584,110,1,0,1,138,120,138,35,571,0,45919,0.983
2026-09-13 06:39:14.325,1,16,Write Multiple Registers,2835,3,6,103,256,197,197,233,67,103,256,153,23,1584,103,1,0,1,153,141,153,23,592,0,42719,0.482
2026-09-13 06:39:17.825,1,16,Write Multiple Registers,2835,3,6,103,242,192,192,233,63,103,242,139,9,1584,103,1,0,1,139,134,139,9,578,0,45919,0.983
2026-09-13 06:39:21.325,1,16,Write Multiple Registers,2835,3,6,116,240,194,194,228,55,116,240,124,12,1584,116,1,0,1,124,118,124,12,584,0,30210,0.982
2026-09-13 06:39:24.825,1,16,Write Multiple Registers,2835,3,6,113,257,200,200,230,62,113,257,144,27,1584,113,1,0,1,144,130,144,27,600,0,41899,0.982
2026-09-13 06:39:28.325,1,16,Write Multiple Registers,2835,3,6,108,245,185,185,203,57,108,245,137,42,1584,108,1,0,1,137,116,137,42,556,0,46231,0.482
2026-09-13 06:39:31.825,1,16,Write Multiple Registers,2835,3,6,119,255,203,203,237,60,119,255,136,18,1584,119,1,0,1,136,127,136,18,611,0,29550,0.482
2026-09-13 06:39:35.325,1,16,Write Multiple Registers,2835,3,6,100,259,193,193,221,67,100,259,159,38,1584,100,1,0,1,159,140,159,38,580,0,25566,1.479
2026-09-13 06:39:38.825,1,16,Write Multiple Registers,2835,3,6,101,259,194,194,222,67,101,259,158,37,1584,101,1,0,1,158,139,158,37,582,0,41931,1.479
2026-09-13 06:39:42.325,1,16,Write Multiple Registers,2835,3,6,113,255,203,203,242,64,113,255,142,13,1584,113,1,0,1,142,135,142,13,610,0,45083,0.982
2026-09-13 06:39:45.825,1,16,Write Multiple Registers,2835,3,6,106,249,196,196,234,64,106,249,143,15,1584,106,1,0,1,143,135,143,15,589,0,47051,0.982
2026-09-13 06:39:49.325,1,16,Write Multiple Registers,2835,3,6,112,253,193,193,215,59,112,253,141,38,1584,112,1,0,1,141,122,141,38,580,0,30342,1.423
2026-09-13 06:39:52.825,1,16,Write Multiple Registers,2835,3,6,102,256,194,194,226,66,102,256,154,30,1584,102,1,0,1,154,139,154,30,584,0,42795,0.482
2026-09-13 06:39:56.326,1,16,Write Multiple Registers,2835,3,6,112,256,201,201,237,63,112,256,144,19,1584,112,1,0,1,144,134,144,19,605,0,25246,0.483
2026-09-13 06:39:59.826,1,16,Write Multiple Registers,2835,3,6,108,250,192,192,219,60,108,250,142,31,1584,108,1,0,1,142,126,142,31,577,0,29462,1.479
2026-09-13 06:40:03.326,1,16,Write Multiple Registers,2835,3,6,117,259,195,195,210,58,117,259,142,49,1584,117,1,0,1,142,117,142,49,586,0,26586,0.983
2026-09-13 06:40:06.826,1,16,Write Multiple Registers,2835,3,6,103,253,197,197,235,66,103,253,150,18,1584,103,1,0,1,150,141,150,18,591,0,30566,0.482
2026-09-13 06:40:10.326,1,16,Write Multiple Registers,2835,3,6,107,254,195,195,226,63,107,254,147,28,1584,107,1,0,1,147,133,147,28,587,0,29754,1.479
2026-09-13 06:40:13.826,1,16,Write Multiple Registers,2835,3,6,118,257,205,205,242,62,118,257,139,15,1584,118,1,0,1,139,131,139,15,617,0,24874,0.982
2026-09-13 06:40:17.326,1,16,Write Multiple Registers,2835,3,6,100,250,195,195,235,67,100,250,150,15,1584,100,1,0,1,150,142,150,15,585,0,46551,1.479
2026-09-13 06:40:20.826,1,16,Write Multiple Registers,2835,3,6,118,240,193,193,221,53,118,240,122,19,1584,118,1,0,1,122,112,122,19,579,0,45887,0.48
2026-09-13 06:40:24.326,1,16,Write Multiple Registers,2835,3,6,101,247,185,185,209,61,101,247,146,38,1584,101,1,0,1,146,127,146,38,557,0,46495,1.479
2026-09-13 06:40:27.826,1,16,Write Multiple Registers,2835,3,6,102,252,189,189,215,63,102,252,150,37,1584,102,1,0,1,150,131,150,37,569,0,29350,0.482
2026-09-13 06:40:31.326,1,16,Write Multiple Registers,2835,3,6,110,256,192,192,211,61,110,256,146,45,1584,110,1,0,1,146,123,146,45,577,0,41431,1.478
2026-09-13 06:40:34.826,1,16,Write Multiple Registers,2835,3,6,102,247,197,197,243,67,102,247,145,4,1584,102,1,0,1,145,143,145,4,592,0,45415,0.482
2026-09-13 06:40:38.326,1,16,Write Multiple Registers,2835,3,6,104,251,198,198,239,66,104,251,147,12,1584,104,1,0,1,147,141,147,12,594,0,46631,0.482
2026-09-13 06:40:41.826,1,16,Write Multiple Registers,2835,3,6,111,254,192,192,212,60,111,254,143,42,1584,111,1,0,1,143,122,143,42,577,0,45491,1.478
2026-09-13 06:40:45.327,1,16,Write Multiple Registers,2835,3,6,102,252,186,186,205,62,102,252,150,47,1584,102,1,0,1,150,126,150,47,559,0,45311,0.483
2026-09-13 06:40:48.827,1,16,Write Multiple Registers,2835,3,6,103,243,191,191,229,62,103,243,140,14,1584,103,1,0,1,140,133,140,14,575,0,29326,1.479
2026-09-13 06:40:52.327,1,16,Write Multiple Registers,2835,3,6,103,257,196,196,229,66,103,257,154,28,1584,103,1,0,1,154,140,154,28,589,0,26382,1.479
2026-09-13 06:40:55.827,1,16,Write Multiple Registers,2835,3,6,103,240,194,194,240,64,103,240,137,0,918,240,2,0,1,137,137,137,0,583,0,45251,0.48
2026-09-13 06:40:59.327,1,16,Write Multiple Registers,2835,3,6,107,249,187,187,205,59,107,249,142,44,1584,107,1,0,1,142,120,142,44,561,0,28846,0.157
2026-09-13 06:41:02.827,1,16,Write Multiple Registers,2835,3,6,116,247,187,187,200,54,116,247,131,47,1584,116,1,0,1,131,107,131,47,563,0,29394,0.48
2026-09-13 06:41:06.327,1,16,Write Multiple Registers,2835,3,6,100,258,199,199,239,70,100,258,158,19,1584,100,1,0,1,158,148,158,19,597,0,26406,1.479
2026-09-13 06:41:09.827,1,16,Write Multiple Registers,2835,3,6,107,242,196,196,241,63,107,242,135,1,1584,107,1,0,1,135,134,135,1,590,0,46011,1.479
2026-09-13 06:41:13.327,1,16,Write Multiple Registers,2835,3,6,116,248,195,195,223,57,116,248,132,25,1584,116,1,0,1,132,119,132,25,587,0,30182,0.48
2026-09-13 06:41:16.827,1,16,Write Multiple Registers,2835,3,6,119,244,194,194,220,54,119,244,125,24,1584,119,1,0,1,125,113,125,24,583,0,28754,1.478
2026-09-13 06:41:20.327,1,16,Write Multiple Registers,2835,3,6,102,240,186,186,218,60,102,240,138,22,1584,102,1,0,1,138,127,138,22,560,0,46731,1.478
2026-09-13 06:41:23.827,1,16,Write Multiple Registers,2835,3,6,108,254,192,192,216,61,108,254,146,38,1584,108,1,0,1,146,127,146,38,578,0,45139,0.482
2026-09-13 06:41:27.327,1,16,Write Multiple Registers,2835,3,6,116,252,193,193,213,57,116,252,136,39,1584,116,1,0,1,136,116,136,39,581,0,46975,1.478
2026-09-13 06:41:30.827,1,16,Write Multiple Registers,2835,3,6,113,255,202,202,239,63,113,255,142,16,1584,113,1,0,1,142,134,142,16,607,0,45815,1.478
2026-09-13 06:41:34.328,1,16,Write Multiple Registers,2835,3,6,101,248,192,192,227,64,101,248,147,21,1584,101,1,0,1,147,136,147,21,576,0,30182,0.483
2026-09-13 06:41:37.828,1,16,Write Multiple Registers,2835,3,6,119,248,201,201,237,58,119,248,129,11,1584,119,1,0,1,129,123,129,11,604,0,45359,1.479
2026-09-13 06:41:41.328,1,16,Write Multiple Registers,2835,3,6,103,259,188,188,204,64,103,259,156,55,1584,103,1,0,1,156,128,156,55,566,0,24786,0.331
2026-09-13 06:41:45.070,1,16,Write Multiple Registers,2835,3,6,111,249,196,196,228,60,111,249,138,21,1584,111,1,0,1,138,127,138,21,588,0,30642,1.468
2026-09-13 06:41:48.570,1,16,Write Multiple Registers,2835,3,6,118,253,201,201,233,59,118,253,135,20,1584,118,1,0,1,135,125,135,20,604,0,45647,1.479
2026-09-13 06:41:52.070,1,16,Write Multiple Registers,2835,3,6,117,258,195,195,212,58,117,258,141,46,1584,117,1,0,1,141,118,141,46,587,0,42899,0.48
2026-09-13 06:41:55.570,1,16,Write Multiple Registers,2835,3,6,113,248,197,197,232,60,113,248,135,16,1584,113,1,0,1,135,127,135,16,593,0,45059,1.479
2026-09-13 06:41:59.070,1,16,Write Multiple Registers,2835,3,6,102,251,191,191,220,64,102,251,149,31,1584,102,1,0,1,149,133,149,31,573,0,28994,0.982
2026-09-13 06:42:02.570,1,16,Write Multiple Registers,2835,3,6,117,256,196,196,216,58,117,256,139,40,1584,117,1,0,1,139,119,139,40,589,0,26370,1.479
2026-09-13 06:42:06.070,1,16,Write Multiple Registers,2835,3,6,115,250,196,196,225,58,115,250,135,25,1584,115,1,0,1,135,122,135,25,590,0,45311,1.478
2026-09-13 06:42:09.570,1,16,Write Multiple Registers,2835,3,6,111,241,190,190,220,56,111,241,130,21,1584,111,1,0,1,130,119,130,21,572,0,29714,0.482
2026-09-13 06:42:13.070,1,16,Write Multiple Registers,2835,3,6,104,259,193,193,216,65,104,259,155,43,1584,104,1,0,1,155,133,155,43,579,0,24786,1.478
2026-09-13 06:42:16.570,1,16,Write Multiple Registers,2835,3,6,108,248,198,198,240,64,108,248,140,8,1584,108,1,0,1,140,136,140,8,596,0,45907,1.478
2026-09-13 06:42:20.070,1,16,Write Multiple Registers,2835,3,6,113,257,202,202,237,63,113,257,144,20,1584,113,1,0,1,144,134,144,20,607,0,25102,0.479
2026-09-13 06:42:23.571,1,16,Write Multiple Registers,2835,3,6,110,250,196,196,228,61,110,250,140,22,1584,110,1,0,1,140,129,140,22,588,0,46755,0.983
2026-09-13 06:42:27.071,1,16,Write Multiple Registers,2835,3,6,118,250,194,194,216,55,118,250,132,34,1584,118,1,0,1,132,115,132,34,584,0,46195,0.483
2026-09-13 06:42:30.571,1,16,Write Multiple Registers,2835,3,6,110,250,190,190,212,59,110,250,140,38,1584,110,1,0,1,140,121,140,38,572,0,45795,0.483
2026-09-13 06:42:34.071,1,16,Write Multiple Registers,2835,3,6,112,249,192,192,215,58,112,249,137,34,1584,112,1,0,1,137,120,137,34,576,0,46471,1.479
2026-09-13 06:42:37.571,1,16,Write Multiple Registers,2835,3,6,112,249,189,189,207,57,112,249,137,42,1584,112,1,0,1,137,116,137,42,568,0,47015,0.482
2026-09-13 06:42:41.071,1,16,Write Multiple Registers,2835,3,6,102,249,187,187,212,62,102,249,147,37,1584,102,1,0,1,147,128,147,37,563,0,28962,0.982
2026-09-13 06:42:44.571,1,16,Write Multiple Registers,2835,3,6,105,259,194,194,218,65,105,259,154,41,1584,105,1,0,1,154,133,154,41,582,0,24826,0.982
2026-09-13 06:42:48.071,1,16,Write Multiple Registers,2835,3,6,103,246,185,185,207,60,103,246,143,39,1584,103,1,0,1,143,123,143,39,556,0,46935,1.479
2026-09-13 06:42:51.571,1,16,Write Multiple Registers,2835,3,6,102,241,181,181,201,58,102,241,139,40,1584,102,1,0,1,139,119,139,40,544,0,46543,1.479
2026-09-13 06:42:55.071,1,16,Write Multiple Registers,2835,3,6,117,252,198,198,226,58,117,252,135,26,1584,117,1,0,1,135,122,135,26,595,0,46043,1.479
2026-09-13 06:42:58.571,1,16,Write Multiple Registers,2835,3,6,105,247,186,186,208,59,105,247,142,39,1584,105,1,0,1,142,122,142,39,560,0,30306,1.478
2026-09-13 06:43:02.071,1,16,Write Multiple Registers,2835,3,6,105,255,197,197,232,65,105,255,150,23,1584,105,1,0,1,150,138,150,23,592,0,30146,0.482
2026-09-13 06:43:05.571,1,16,Write Multiple Registers,2835,3,6,111,255,189,189,201,59,111,255,144,54,1584,111,1,0,1,144,117,144,54,567,0,29598,0.482
2026-09-13 06:43:09.071,1,16,Write Multiple Registers,2835,3,6,100,257,188,188,209,65,100,257,157,48,1584,100,1,0,1,157,133,157,48,566,0,41807,1.478
2026-09-13 06:43:12.572,1,16,Write Multiple Registers,2835,3,6,104,245,187,187,212,60,104,245,141,33,1584,104,1,0,1,141,124,141,33,561,0,46915,0.481
2026-09-13 06:43:16.072,1,16,Write Multiple Registers,2835,3,6,116,246,187,187,200,53,116,246,130,46,1584,116,1,0,1,130,107,130,46,562,0,45587,1.078
2026-09-13 06:43:19.572,1,16,Write Multiple Registers,2835,3,6,117,246,192,192,214,54,117,246,129,32,1584,117,1,0,1,129,113,129,32,577,0,28906,1.479
2026-09-13 06:43:23.072,1,16,Write Multiple Registers,2835,3,6,110,247,194,194,226,60,110,247,137,21,1584,110,1,0,1,137,126,137,21,583,0,29674,0.982
2026-09-13 06:43:26.572,1,16,Write Multiple Registers,2835,3,6,118,257,193,193,204,57,118,257,139,53,1584,118,1,0,1,139,112,139,53,579,0,41987,0.48
2026-09-13 06:43:30.072,1,16,Write Multiple Registers,2835,3,6,103,245,183,183,201,59,103,245,142,44,1584,103,1,0,1,142,120,142,44,549,0,46751,0.982
2026-09-13 06:43:33.572,1,16,Write Multiple Registers,2835,3,6,108,243,191,191,222,59,108,243,135,21,1584,108,1,0,1,135,124,135,21,573,0,29978,1.479
2026-09-13 06:43:37.072,1,16,Write Multiple Registers,2835,3,6,107,249,187,187,205,59,107,249,142,44,1584,107,1,0,1,142,120,142,44,561,0,28846,1.479
2026-09-13 06:43:40.572,1,16,Write Multiple Registers,2835,3,6,101,244,184,184,209,60,101,244,143,35,1584,101,1,0,1,143,125,143,35,554,0,46303,1.479
2026-09-13 06:43:45.610,1,16,Write Multiple Registers,2835,3,6,110,253,196,196,225,61,110,253,143,28,1584,110,1,0,1,143,129,143,28,588,0,29742,0.482
2026-09-13 06:43:49.110,1,16,Write Multiple Registers,2835,3,6,103,254,191,191,218,64,103,254,151,36,1584,103,1,0,1,151,133,151,36,575,0,45659,0.982
2026-09-13 06:43:53.120,1,16,Write Multiple Registers,2835,3,6,108,255,201,201,241,66,108,255,147,14,1584,108,1,0,1,147,140,147,14,604,0,46799,0.48
2026-09-13 06:43:58.668,1,16,Write Multiple Registers,2835,3,6,115,258,207,207,249,65,115,258,143,9,1584,115,1,0,1,143,138,143,9,622,0,41183,0.471
2026-09-13 06:44:03.255,1,16,Write Multiple Registers,2835,3,6,115,256,196,196,217,59,115,256,141,39,1584,115,1,0,1,141,121,141,39,588,0,42719,2.018
2026-09-13 06:44:10.330,1,16,Write Multiple Registers,2835,3,6,109,243,187,187,210,57,109,243,134,33,1584,109,1,0,1,134,117,134,33,562,0,46171,2.017
2026-09-13 06:44:14.416,1,16,Write Multiple Registers,2835,3,6,111,252,194,194,219,60,111,252,141,33,1584,111,1,0,1,141,124,141,33,582,0,29030,1.479
2026-09-13 06:44:17.916,1,16,Write Multiple Registers,2835,3,6,119,250,197,197,223,56,119,250,131,27,1584,119,1,0,1,131,117,131,27,592,0,46231,1.479
2026-09-13 06:44:21.416,1,16,Write Multiple Registers,2835,3,6,116,247,188,188,203,54,116,247,131,44,1584,116,1,0,1,131,109,131,44,566,0,29334,0.982
2026-09-13 06:44:24.916,1,16,Write Multiple Registers,2835,3,6,110,242,192,192,224,58,110,242,132,18,1584,110,1,0,1,132,123,132,18,576,0,45139,1.479
2026-09-13 06:44:28.416,1,16,Write Multiple Registers,2835,3,6,114,248,192,192,215,57,114,248,134,33,1584,114,1,0,1,134,117,134,33,577,0,46567,1.479
2026-09-13 06:44:31.916,1,16,Write Multiple Registers,2835,3,6,111,258,196,196,220,62,111,258,147,38,1584,111,1,0,1,147,128,147,38,589,0,41299,1.479
2026-09-13 06:44:36.435,1,16,Write Multiple Registers,2835,3,6,110,252,200,200,238,63,110,252,142,14,1584,110,1,0,1,142,135,142,14,600,0,46523,1.467
2026-09-13 06:44:44.051,1,16,Write Multiple Registers,2835,3,6,109,247,190,190,216,59,109,247,138,31,1584,109,1,0,1,138,122,138,31,572,0,30402,1.038
2026-09-13 06:44:52.157,1,16,Write Multiple Registers,2835,3,6,117,242,191,191,214,53,117,242,125,28,1584,117,1,0,1,125,111,125,28,573,0,46059,1.028
2026-09-13 06:44:59.232,1,16,Write Multiple Registers,2835,3,6,102,248,188,188,216,62,102,248,146,32,1584,102,1,0,1,146,130,146,32,566,0,45299,2.017
2026-09-13 06:45:07.327,1,16,Write Multiple Registers,2835,3,6,100,244,184,184,208,61,100,244,144,36,1584,100,1,0,1,144,126,144,36,552,0,46259,2.017
2026-09-13 06:45:14.912,1,16,Write Multiple Registers,2835,3,6,100,250,196,196,239,68,100,250,150,11,1584,100,1,0,1,150,144,150,11,589,0,29990,1.517
2026-09-13 06:45:21.987,1,16,Write Multiple Registers,2835,3,6,114,242,185,185,200,53,114,242,128,42,1584,114,1,0,1,128,107,128,42,556,0,28914,1.987
2026-09-13 06:45:28.631,1,16,Write Multiple Registers,2835,3,6,111,245,199,199,242,62,111,245,134,3,1584,111,1,0,1,134,132,134,3,598,0,45839,0.482
2026-09-13 06:45:33.149,1,16,Write Multiple Registers,2835,3,6,110,251,197,197,232,62,110,251,141,19,1584,110,1,0,1,141,131,141,19,593,0,30578,1.491
2026-09-13 06:45:37.679,1,16,Write Multiple Registers,2835,3,6,114,245,195,195,227,57,114,245,131,18,1584,114,1,0,1,131,122,131,18,586,0,46231,1.988
2026-09-13 06:45:41.179,1,16,Write Multiple Registers,2835,3,6,109,253,200,200,240,65,109,253,144,13,1584,109,1,0,1,144,137,144,13,602,0,30498,1.479
2026-09-13 06:45:44.679,1,16,Write Multiple Registers,2835,3,6,101,243,194,194,240,66,101,243,142,3,1584,101,1,0,1,142,140,142,3,584,0,28710,0.983
2026-09-13 06:45:48.179,1,16,Write Multiple Registers,2835,3,6,115,240,188,188,211,53,115,240,125,29,1584,115,1,0,1,125,110,125,29,566,0,29510,1.479
2026-09-13 06:45:51.679,1,16,Write Multiple Registers,2835,3,6,107,253,193,193,220,62,107,253,146,33,1584,107,1,0,1,146,129,146,33,580,0,45139,1.479
2026-09-13 06:45:55.179,1,16,Write Multiple Registers,2835,3,6,101,250,195,195,235,66,101,250,149,15,1584,101,1,0,1,149,141,149,15,586,0,30086,0.48
2026-09-13 06:45:58.679,1,16,Write Multiple Registers,2835,3,6,106,249,199,199,242,65,106,249,143,7,1584,106,1,0,1,143,139,143,7,597,0,46571,0.48
2026-09-13 06:46:02.179,1,16,Write Multiple Registers,2835,3,6,108,247,185,185,200,57,108,247,139,47,1584,108,1,0,1,139,115,139,47,555,0,30034,0.982
2026-09-13 06:46:05.679,1,16,Write Multiple Registers,2835,3,6,115,245,194,194,223,56,115,245,130,22,1584,115,1,0,1,130,119,130,22,583,0,29078,1.479
2026-09-13 06:46:09.179,1,16,Write Multiple Registers,2835,3,6,114,251,202,202,241,62,114,251,137,10,1584,114,1,0,1,137,132,137,10,606,0,29614,1.479
2026-09-13 06:46:12.679,1,16,Write Multiple Registers,2835,3,6,109,246,198,198,241,63,109,246,137,5,1584,109,1,0,1,137,134,137,5,596,0,28766,0.982
2026-09-13 06:46:16.179,1,16,Write Multiple Registers,2835,3,6,118,253,199,199,228,58,118,253,135,25,1584,118,1,0,1,135,122,135,25,599,0,29538,0.482
2026-09-13 06:46:19.679,1,16,Write Multiple Registers,2835,3,6,115,245,193,193,220,56,115,245,130,25,1584,115,1,0,1,130,117,130,25,580,0,29138,0.982
2026-09-13 06:46:23.179,1,16,Write Multiple Registers,2835,3,6,110,252,198,198,232,62,110,252,142,20,1584,110,1,0,1,142,132,142,20,594,0,46387,0.482
2026-09-13 06:46:26.680,1,16,Write Multiple Registers,2835,3,6,108,251,187,187,203,59,108,251,143,48,1584,108,1,0,1,143,119,143,48,562,0,28694,1.479
2026-09-13 06:46:30.180,1,16,Write Multiple Registers,2835,3,6,113,252,199,199,232,61,113,252,139,20,1584,113,1,0,1,139,129,139,20,597,0,29442,1.479
2026-09-13 06:46:33.680,1,16,Write Multiple Registers,2835,3,6,115,249,188,188,201,55,115,249,134,48,1584,115,1,0,1,134,110,134,48,565,0,47071,1.479
2026-09-13 06:46:37.180,1,16,Write Multiple Registers,2835,3,6,111,244,188,188,211,56,111,244,133,33,1584,111,1,0,1,133,116,133,33,566,0,30342,0.48
2026-09-13 06:46:40.680,1,16,Write Multiple Registers,2835,3,6,119,255,197,197,219,57,119,255,136,36,1584,119,1,0,1,136,118,136,36,593,0,30630,0.982
2026-09-13 06:46:44.180,1,16,Write Multiple Registers,2835,3,6,109,249,194,194,226,61,109,249,140,23,1584,109,1,0,1,140,128,140,23,584,0,47003,0.982
2026-09-13 06:46:47.680,1,16,Write Multiple Registers,2835,3,6,106,251,200,200,244,66,106,251,145,7,1584,106,1,0,1,145,141,145,7,601,0,29922,0.982
2026-09-13 06:46:51.180,1,16,Write Multiple Registers,2835,3,6,114,247,190,190,209,55,114,247,133,38,1584,114,1,0,1,133,114,133,38,570,0,45359,0.48
2026-09-13 06:46:54.979,1,16,Write Multiple Registers,2835,3,6,116,246,201,201,241,60,116,246,130,5,1584,116,1,0,1,130,127,130,5,603,0,46459,1.037
2026-09-13 06:46:58.479,1,16,Write Multiple Registers,2835,3,6,101,243,182,182,204,59,101,243,142,39,1584,101,1,0,1,142,122,142,39,548,0,29810,1.479
2026-09-13 06:47:01.979,1,16,Write Multiple Registers,2835,3,6,101,256,196,196,231,67,101,256,155,25,1584,101,1,0,1,155,142,155,25,588,0,42775,0.48
2026-09-13 06:47:05.479,1,16,Write Multiple Registers,2835,3,6,119,256,193,193,204,56,119,256,137,52,1584,119,1,0,1,137,111,137,52,579,0,42131,1.478
2026-09-13 06:47:08.979,1,16,Write Multiple Registers,2835,3,6,102,252,195,195,231,66,102,252,150,21,1584,102,1,0,1,150,139,150,21,585,0,30438,0.482
2026-09-13 06:47:12.479,1,16,Write Multiple Registers,2835,3,6,113,243,197,197,237,59,113,243,130,6,1584,113,1,0,1,130,127,130,6,593,0,30606,0.982
2026-09-13 06:47:15.980,1,16,Write Multiple Registers,2835,3,6,115,248,187,187,200,54,115,248,133,48,1584,115,1,0,1,133,109,133,48,563,0,46883,0.48
2026-09-13 06:47:19.480,1,16,Write Multiple Registers,2835,3,6,118,251,191,191,206,55,118,251,133,45,1584,118,1,0,1,133,110,133,45,575,0,47099,0.483
2026-09-13 06:47:22.980,1,16,Write Multiple Registers,2835,3,6,117,251,200,200,232,59,117,251,134,19,1584,117,1,0,1,134,124,134,19,600,0,28674,1.479
2026-09-13 06:47:26.480,1,16,Write Multiple Registers,2835,3,6,100,247,198,198,247,69,100,247,147,0,918,247,2,0,1,147,147,147,0,594,0,45767,0.982
2026-09-13 06:47:29.980,1,16,Write Multiple Registers,2835,3,6,103,252,198,198,239,67,103,252,149,13,1584,103,1,0,1,149,142,149,13,594,0,30550,1.479
2026-09-13 06:47:33.480,1,16,Write Multiple Registers,2835,3,6,100,259,190,190,212,66,100,259,159,47,1584,100,1,0,1,159,135,159,47,571,0,25090,1.479
2026-09-13 06:47:36.991,1,16,Write Multiple Registers,2835,3,6,119,255,205,205,242,61,119,255,136,13,1584,119,1,0,1,136,129,136,13,616,0,45563,0.482
2026-09-13 06:47:40.491,1,16,Write Multiple Registers,2835,3,6,102,241,184,184,210,59,102,241,139,31,1584,102,1,0,1,139,123,139,31,553,0,47019,0.982
2026-09-13 06:47:43.991,1,16,Write Multiple Registers,2835,3,6,108,245,198,198,243,64,108,245,137,2,1584,108,1,0,1,137,136,137,2,596,0,28982,0.482
2026-09-13 06:47:47.491,1,16,Write Multiple Registers,2835,3,6,117,240,188,188,207,51,117,240,123,33,1584,117,1,0,1,123,106,123,33,564,0,45175,0.482
2026-09-13 06:47:50.991,1,16,Write Multiple Registers,2835,3,6,102,250,196,196,237,66,102,250,148,13,1584,102,1,0,1,148,141,148,13,589,0,30206,0.982
2026-09-13 06:47:54.491,1,16,Write Multiple Registers,2835,3,6,104,255,189,189,208,63,104,255,151,47,1584,104,1,0,1,151,127,151,47,567,0,28722,1.478
2026-09-13 06:47:57.991,1,16,Write Multiple Registers,2835,3,6,112,242,195,195,233,59,112,242,130,9,1584,112,1,0,1,130,125,130,9,587,0,47087,1.478
2026-09-13 06:48:01.491,1,16,Write Multiple Registers,2835,3,6,100,252,194,194,231,67,100,252,152,21,1584,100,1,0,1,152,141,152,21,583,0,46663,1.478
2026-09-13 06:48:04.992,1,16,Write Multiple Registers,2835,3,6,114,254,198,198,227,60,114,254,140,27,1584,114,1,0,1,140,126,140,27,595,0,29654,1.479
2026-09-13 06:48:08.492,1,16,Write Multiple Registers,2835,3,6,104,259,202,202,243,69,104,259,155,16,1584,104,1,0,1,155,147,155,16,606,0,26358,1.479
2026-09-13 06:48:11.992,1,16,Write Multiple Registers,2835,3,6,106,256,200,200,239,67,106,256,150,17,1584,106,1,0,1,150,141,150,17,601,0,26054,1.479
2026-09-13 06:48:15.492,1,16,Write Multiple Registers,2835,3,6,105,258,192,192,215,64,105,258,153,43,1584,105,1,0,1,153,131,153,43,578,0,24854,1.479
2026-09-13 06:48:18.992,1,16,Write Multiple Registers,2835,3,6,118,251,205,205,247,61,118,251,133,4,1584,118,1,0,1,133,131,133,4,616,0,45671,1.479
2026-09-13 06:48:22.492,1,16,Write Multiple Registers,2835,3,6,118,249,204,204,246,61,118,249,131,3,1584,118,1,0,1,131,129,131,3,613,0,46043,0.482
2026-09-13 06:48:25.992,1,16,Write Multiple Registers,2835,3,6,114,248,189,189,205,55,114,248,134,43,1584,114,1,0,1,134,112,134,43,567,0,30654,1.479
2026-09-13 06:48:29.492,1,16,Write Multiple Registers,2835,3,6,116,247,193,193,218,56,116,247,131,29,1584,116,1,0,1,131,116,131,29,581,0,29034,1.479
2026-09-13 06:48:32.992,1,16,Write Multiple Registers,2835,3,6,110,250,186,186,200,57,110,250,140,50,1584,110,1,0,1,140,115,140,50,560,0,28722,1.479
2026-09-13 06:48:36.492,1,16,Write Multiple Registers,2835,3,6,113,252,204,204,249,64,113,252,139,3,1584,113,1,0,1,139,137,139,3,614,0,28926,0.982
2026-09-13 06:48:39.992,1,16,Write Multiple Registers,2835,3,6,109,244,197,197,238,62,109,244,135,6,1584,109,1,0,1,135,132,135,6,591,0,29514,0.48
2026-09-13 06:48:43.492,1,16,Write Multiple Registers,2835,3,6,103,252,186,186,203,62,103,252,149,49,1584,103,1,0,1,149,124,149,49,558,0,28710,0.482
2026-09-13 06:48:46.992,1,16,Write Multiple Registers,2835,3,6,102,248,197,197,241,67,102,248,146,7,1584,102,1,0,1,146,142,146,7,591,0,29106,1.478
2026-09-13 06:48:50.493,1,16,Write Multiple Registers,2835,3,6,103,251,187,187,208,62,103,251,148,43,1584,103,1,0,1,148,126,148,43,562,0,45059,1.479
2026-09-13 06:48:53.993,1,16,Write Multiple Registers,2835,3,6,111,258,193,193,210,61,111,258,147,48,1584,111,1,0,1,147,123,147,48,579,0,24634,0.481
2026-09-13 06:48:57.493,1,16,Write Multiple Registers,2835,3,6,109,244,188,188,213,57,109,244,135,31,1584,109,1,0,1,135,119,135,31,566,0,46767,0.983
2026-09-13 06:49:00.993,1,16,Write Multiple Registers,2835,3,6,111,256,201,201,236,64,111,256,145,20,1584,111,1,0,1,145,135,145,20,603,0,25746,0.982
2026-09-13 06:49:04.493,1,16,Write Multiple Registers,2835,3,6,107,256,193,193,218,63,107,256,149,38,1584,107,1,0,1,149,130,149,38,581,0,41243,0.48
2026-09-13 06:49:08.000,1,16,Write Multiple Registers,2835,3,6,102,253,191,191,218,64,102,253,151,35,1584,102,1,0,1,151,133,151,35,573,0,29514,1.479
2026-09-13 06:49:11.500,1,16,Write Multiple Registers,2835,3,6,105,259,201,201,241,68,105,259,154,18,1584,105,1,0,1,154,145,154,18,605,0,26334,1.479
2026-09-13 06:49:15.000,1,16,Write Multiple Registers,2835,3,6,113,244,193,193,223,57,113,244,131,21,1584,113,1,0,1,131,120,131,21,580,0,29174,1.479
2026-09-13 06:49:18.500,1,16,Write Multiple Registers,2835,3,6,108,240,189,189,221,58,108,240,132,19,1584,108,1,0,1,132,122,132,19,569,0,29726,1.479
2026-09-13 06:49:22.000,1,16,Write Multiple Registers,2835,3,6,101,244,192,192,231,64,101,244,143,13,1584,101,1,0,1,143,136,143,13,576,0,45079,1.478
2026-09-13 06:49:25.500,1,16,Write Multiple Registers,2835,3,6,107,249,191,191,218,60,107,249,142,31,1584,107,1,0,1,142,126,142,31,574,0,29658,1.478
2026-09-13 06:49:29.000,1,16,Write Multiple Registers,2835,3,6,116,254,200,200,232,60,116,254,138,22,1584,116,1,0,1,138,127,138,22,602,0,45971,0.982
2026-09-13 06:49:32.500,1,16,Write Multiple Registers,2835,3,6,113,240,194,194,230,57,113,240,127,10,1584,113,1,0,1,127,122,127,10,583,0,46955,1.478
2026-09-13 06:49:36.000,1,16,Write Multiple Registers,2835,3,6,114,249,204,204,249,63,114,249,135,0,918,249,2,0,1,135,135,135,0,612,0,29646,0.982
2026-09-13 06:49:39.501,1,16,Write Multiple Registers,2835,3,6,111,242,185,185,202,54,111,242,131,40,1584,111,1,0,1,131,111,131,40,555,0,46619,1.479
2026-09-13 06:49:43.001,1,16,Write Multiple Registers,2835,3,6,103,248,192,192,226,63,103,248,145,22,1584,103,1,0,1,145,134,145,22,577,0,30074,0.483
2026-09-13 06:49:46.501,1,16,Write Multiple Registers,2835,3,6,100,254,199,199,245,70,100,254,154,9,1584,100,1,0,1,154,149,154,9,599,0,29822,0.982
2026-09-13 06:49:50.001,1,16,Write Multiple Registers,2835,3,6,106,240,193,193,235,62,106,240,134,5,1584,106,1,0,1,134,131,134,5,581,0,28982,1.479
2026-09-13 06:49:53.501,1,16,Write Multiple Registers,2835,3,6,119,254,198,198,222,57,119,254,135,32,1584,119,1,0,1,135,119,135,32,595,0,47019,0.482
2026-09-13 06:49:57.001,1,16,Write Multiple Registers,2835,3,6,106,247,199,199,246,66,106,247,141,1,1584,106,1,0,1,141,140,141,1,599,0,45467,1.479
2026-09-13 06:50:00.501,1,16,Write Multiple Registers,2835,3,6,113,250,196,196,226,59,113,250,137,24,1584,113,1,0,1,137,125,137,24,589,0,28698,1.479
2026-09-13 06:50:04.001,1,16,Write Multiple Registers,2835,3,6,112,249,202,202,246,63,112,249,137,3,1584,112,1,0,1,137,135,137,3,607,0,46895,1.479
2026-09-13 06:50:07.501,1,16,Write Multiple Registers,2835,3,6,112,254,204,204,247,65,112,254,142,7,1584,112,1,0,1,142,138,142,7,613,0,45127,1.479
2026-09-13 06:50:11.001,1,16,Write Multiple Registers,2835,3,6,108,241,187,187,212,57,108,241,133,29,1584,108,1,0,1,133,118,133,29,561,0,46339,1.479
2026-09-13 06:50:14.501,1,16,Write Multiple Registers,2835,3,6,117,257,198,198,220,59,117,257,140,37,1584,117,1,0,1,140,121,140,37,594,0,26418,0.48
2026-09-13 06:50:18.001,1,16,Write Multiple Registers,2835,3,6,111,252,187,187,200,58,111,252,141,52,1584,111,1,0,1,141,115,141,52,563,0,45795,0.48
2026-09-13 06:50:21.501,1,16,Write Multiple Registers,2835,3,6,113,250,195,195,224,59,113,250,137,26,1584,113,1,0,1,137,124,137,26,587,0,45155,1.478
2026-09-13 06:50:25.002,1,16,Write Multiple Registers,2835,3,6,115,253,191,191,207,57,115,253,138,46,1584,115,1,0,1,138,115,138,46,575,0,29782,1.479
2026-09-13 06:50:28.502,1,16,Write Multiple Registers,2835,3,6,101,253,191,191,220,65,101,253,152,33,1584,101,1,0,1,152,135,152,33,574,0,29490,0.483
2026-09-13 06:50:32.002,1,16,Write Multiple Registers,2835,3,6,108,240,191,191,226,59,108,240,132,14,1584,108,1,0,1,132,125,132,14,574,0,28938,0.482
2026-09-13 06:50:35.502,1,16,Write Multiple Registers,2835,3,6,105,253,201,201,245,67,105,253,148,8,1584,105,1,0,1,148,144,148,8,603,0,46767,0.981
2026-09-13 06:50:39.002,1,16,Write Multiple Registers,2835,3,6,112,241,197,197,238,60,112,241,129,3,1584,112,1,0,1,129,127,129,3,591,0,30234,1.479
2026-09-13 06:50:42.502,1,16,Write Multiple Registers,2835,3,6,119,244,188,188,202,51,119,244,125,42,1584,119,1,0,1,125,104,125,42,565,0,45851,1.479
2026-09-13 06:50:46.002,1,16,Write Multiple Registers,2835,3,6,118,247,190,190,205,53,118,247,129,42,1584,118,1,0,1,129,108,129,42,570,0,45759,0.982
2026-09-13 06:50:49.502,1,16,Write Multiple Registers,2835,3,6,104,246,189,189,218,61,104,246,142,28,1584,104,1,0,1,142,128,142,28,568,0,30570,1.479
2026-09-13 06:50:53.002,1,16,Write Multiple Registers,2835,3,6,102,252,194,194,228,65,102,252,150,24,1584,102,1,0,1,150,138,150,24,582,0,30370,0.48
2026-09-13 06:50:56.502,1,16,Write Multiple Registers,2835,3,6,115,259,203,203,236,63,115,259,144,23,1584,115,1,0,1,144,132,144,23,610,0,41747,1.479
2026-09-13 06:51:00.002,1,16,Write Multiple Registers,2835,3,6,100,258,202,202,249,72,100,258,158,9,1584,100,1,0,1,158,153,158,9,607,0,42095,0.982
2026-09-13 06:51:03.502,1,16,Write Multiple Registers,2835,3,6,101,244,183,183,205,60,101,244,143,39,1584,101,1,0,1,143,123,143,39,550,0,30222,0.482
2026-09-13 06:51:07.002,1,16,Write Multiple Registers,2835,3,6,104,249,200,200,248,68,104,249,145,1,1584,104,1,0,1,145,144,145,1,601,0,29742,1.478
2026-09-13 06:51:10.502,1,16,Write Multiple Registers,2835,3,6,103,247,196,196,239,66,103,247,144,8,1584,103,1,0,1,144,140,144,8,589,0,45079,0.982
2026-09-13 06:51:14.003,1,16,Write Multiple Registers,2835,3,6,117,251,198,198,227,58,117,251,134,24,1584,117,1,0,1,134,122,134,24,595,0,45479,0.322
2026-09-13 06:51:17.503,1,16,Write Multiple Registers,2835,3,6,116,255,204,204,243,62,116,255,139,12,1584,116,1,0,1,139,133,139,12,614,0,28982,0.481
2026-09-13 06:51:21.003,1,16,Write Multiple Registers,2835,3,6,100,255,197,197,236,69,100,255,155,19,1584,100,1,0,1,155,145,155,19,591,0,30370,1.479
2026-09-13 06:51:24.503,1,16,Write Multiple Registers,2835,3,6,103,257,196,196,230,67,103,257,154,27,1584,103,1,0,1,154,140,154,27,590,0,26442,0.48
2026-09-13 06:51:28.003,1,16,Write Multiple Registers,2835,3,6,112,253,203,203,244,64,112,253,141,9,1584,112,1,0,1,141,136,141,9,609,0,45379,0.982
2026-09-13 06:51:31.503,1,16,Write Multiple Registers,2835,3,6,119,241,192,192,218,52,119,241,122,23,1584,119,1,0,1,122,110,122,23,578,0,29466,1.479
2026-09-13 06:51:35.003,1,16,Write Multiple Registers,2835,3,6,116,252,193,193,212,57,116,252,136,40,1584,116,1,0,1,136,116,136,40,580,0,30530,1.479
2026-09-13 06:51:38.503,1,16,Write Multiple Registers,2835,3,6,119,249,196,196,221,55,119,249,130,28,1584,119,1,0,1,130,116,130,28,589,0,30126,0.982
2026-09-13 06:51:42.003,1,16,Write Multiple Registers,2835,3,6,111,253,204,204,248,65,111,253,142,5,1584,111,1,0,1,142,139,142,5,612,0,30306,0.982
2026-09-13 06:51:45.503,1,16,Write Multiple Registers,2835,3,6,108,256,190,190,206,61,108,256,148,50,1584,108,1,0,1,148,123,148,50,570,0,25498,0.482
2026-09-13 06:51:49.003,1,16,Write Multiple Registers,2835,3,6,116,249,195,195,222,57,116,249,133,27,1584,116,1,0,1,133,119,133,27,587,0,29978,0.482
2026-09-13 06:51:52.503,1,16,Write Multiple Registers,2835,3,6,103,249,186,186,206,61,103,249,146,43,1584,103,1,0,1,146,124,146,43,558,0,29482,0.982
2026-09-13 06:51:56.003,1,16,Write Multiple Registers,2835,3,6,101,255,189,189,213,65,101,255,154,42,1584,101,1,0,1,154,133,154,42,569,0,45935,0.854
2026-09-13 06:51:59.503,1,16,Write Multiple Registers,2835,3,6,109,243,189,189,217,58,109,243,134,26,1584,109,1,0,1,134,121,134,26,569,0,30206,0.48
2026-09-13 06:52:03.004,1,16,Write Multiple Registers,2835,3,6,101,242,186,186,215,61,101,242,141,27,1584,101,1,0,1,141,127,141,27,558,0,46807,1.479
2026-09-13 06:52:06.504,1,16,Write Multiple Registers,2835,3,6,108,258,204,204,248,68,108,258,150,10,1584,108,1,0,1,150,145,150,10,614,0,42707,0.482
2026-09-13 06:52:10.004,1,16,Write Multiple Registers,2835,3,6,108,259,195,195,219,63,108,259,151,40,1584,108,1,0,1,151,131,151,40,586,0,41431,1.479
2026-09-13 06:52:13.504,1,16,Write Multiple Registers,2835,3,6,101,250,192,192,226,65,101,250,149,24,1584,101,1,0,1,149,137,149,24,577,0,29786,0.264
2026-09-13 06:52:17.004,1,16,Write Multiple Registers,2835,3,6,101,252,193,193,228,66,101,252,151,24,1584,101,1,0,1,151,139,151,24,581,0,30290,0.982
2026-09-13 06:52:20.504,1,16,Write Multiple Registers,2835,3,6,105,254,197,197,233,65,105,254,149,21,1584,105,1,0,1,149,138,149,21,592,0,30014,0.482
2026-09-13 06:52:24.004,1,16,Write Multiple Registers,2835,3,6,106,250,190,190,215,61,106,250,144,35,1584,106,1,0,1,144,126,144,35,571,0,29670,0.982
2026-09-13 06:52:27.504,1,16,Write Multiple Registers,2835,3,6,117,242,193,193,222,54,117,242,125,20,1584,117,1,0,1,125,115,125,20,581,0,29194,0.48
2026-09-13 06:52:31.004,1,16,Write Multiple Registers,2835,3,6,118,256,199,199,223,58,118,256,138,33,1584,118,1,0,1,138,121,138,33,597,0,42823,1.479
2026-09-13 06:52:34.504,1,16,Write Multiple Registers,2835,3,6,118,249,198,198,227,57,118,249,131,22,1584,118,1,0,1,131,120,131,22,594,0,28886,1.478
2026-09-13 06:52:38.004,1,16,Write Multiple Registers,2835,3,6,113,244,189,189,211,55,113,244,131,33,1584,113,1,0,1,131,114,131,33,568,0,28902,1.478
2026-09-13 06:52:41.504,1,16,Write Multiple Registers,2835,3,6,101,244,188,188,220,62,101,244,143,24,1584,101,1,0,1,143,131,143,24,565,0,30194,1.478
2026-09-13 06:52:45.004,1,16,Write Multiple Registers,2835,3,6,104,250,196,196,234,65,104,250,146,16,1584,104,1,0,1,146,138,146,16,588,0,30250,0.482
2026-09-13 06:52:48.505,1,16,Write Multiple Registers,2835,3,6,101,254,188,188,210,64,101,254,153,44,1584,101,1,0,1,153,131,153,44,565,0,45851,1.479
2026-09-13 06:52:52.005,1,16,Write Multiple Registers,2835,3,6,102,243,194,194,239,65,102,243,141,4,1584,102,1,0,1,141,139,141,4,584,0,45895,0.982
2026-09-13 06:52:55.505,1,16,Write Multiple Registers,2835,3,6,115,246,191,191,212,55,115,246,131,34,1584,115,1,0,1,131,114,131,34,573,0,45427,0.483
2026-09-13 06:52:59.005,1,16,Write Multiple Registers,2835,3,6,106,244,188,188,216,59,106,244,138,28,1584,106,1,0,1,138,124,138,28,566,0,46643,1.479
2026-09-13 06:53:02.505,1,16,Write Multiple Registers,2835,3,6,109,257,204,204,248,67,109,257,148,9,1584,109,1,0,1,148,143,148,9,614,0,26562,0.482
2026-09-13 06:53:06.005,1,16,Write Multiple Registers,2835,3,6,109,253,193,193,217,61,109,253,144,36,1584,109,1,0,1,144,126,144,36,579,0,45439,0.482
2026-09-13 06:53:09.505,1,16,Write Multiple Registers,2835,3,6,119,242,196,196,228,54,119,242,123,14,1584,119,1,0,1,123,116,123,14,589,0,46963,0.482
2026-09-13 06:53:13.005,1,16,Write Multiple Registers,2835,3,6,115,241,186,186,204,52,115,241,126,37,1584,115,1,0,1,126,107,126,37,560,0,28946,0.482
2026-09-13 06:53:16.505,1,16,Write Multiple Registers,2835,3,6,116,245,197,197,231,57,116,245,129,14,1584,116,1,0,1,129,122,129,14,592,0,30086,0.482
2026-09-13 06:53:20.005,1,16,Write Multiple Registers,2835,3,6,107,251,200,200,244,66,107,251,144,7,1584,107,1,0,1,144,140,144,7,602,0,46259,0.482
2026-09-13 06:53:23.505,1,16,Write Multiple Registers,2835,3,6,102,242,186,186,216,60,102,242,140,26,1584,102,1,0,1,140,127,140,26,560,0,46963,1.478
2026-09-13 06:53:27.005,1,16,Write Multiple Registers,2835,3,6,115,255,196,196,220,59,115,255,140,35,1584,115,1,0,1,140,122,140,35,590,0,30290,1.478
2026-09-13 06:53:30.505,1,16,Write Multiple Registers,2835,3,6,105,250,191,191,218,62,105,250,145,32,1584,105,1,0,1,145,129,145,32,573,0,45627,1.478
2026-09-13 06:53:34.005,1,16,Write Multiple Registers,2835,3,6,114,257,206,206,248,65,114,257,143,9,1584,114,1,0,1,143,138,143,9,619,0,41459,0.982
2026-09-13 06:53:37.506,1,16,Write Multiple Registers,2835,3,6,112,243,187,187,208,55,112,243,131,35,1584,112,1,0,1,131,113,131,35,563,0,29362,1.479
2026-09-13 06:53:41.006,1,16,Write Multiple Registers,2835,3,6,112,247,191,191,214,57,112,247,135,33,1584,112,1,0,1,135,118,135,33,573,0,45371,0.262
2026-09-13 06:53:44.506,1,16,Write Multiple Registers,2835,3,6,100,249,185,185,206,62,100,249,149,43,1584,100,1,0,1,149,127,149,43,555,0,29658,0.482
2026-09-13 06:53:48.006,1,16,Write Multiple Registers,2835,3,6,114,254,199,199,229,60,114,254,140,25,1584,114,1,0,1,140,127,140,25,597,0,29534,1.479
2026-09-13 06:53:51.506,1,16,Write Multiple Registers,2835,3,6,111,248,194,194,224,59,111,248,137,24,1584,111,1,0,1,137,125,137,24,583,0,30594,0.982
2026-09-13 06:53:55.006,1,16,Write Multiple Registers,2835,3,6,111,254,200,200,235,63,111,254,143,19,1584,111,1,0,1,143,133,143,19,600,0,46247,0.982
2026-09-13 06:53:58.506,1,16,Write Multiple Registers,2835,3,6,106,246,187,187,209,59,106,246,140,37,1584,106,1,0,1,140,121,140,37,561,0,30318,1.479
2026-09-13 06:54:02.006,1,16,Write Multiple Registers,2835,3,6,101,255,191,191,217,65,101,255,154,38,1584,101,1,0,1,154,135,154,38,573,0,45695,1.479
2026-09-13 06:54:05.506,1,16,Write Multiple Registers,2835,3,6,117,246,190,190,209,54,117,246,129,37,1584,117,1,0,1,129,110,129,37,572,0,45151,1.479
2026-09-13 06:54:09.006,1,16,Write Multiple Registers,2835,3,6,110,256,204,204,246,66,110,256,146,10,1584,110,1,0,1,146,141,146,10,612,0,26266,1.479
2026-09-13 06:54:12.506,1,16,Write Multiple Registers,2835,3,6,108,250,195,195,229,62,108,250,142,21,1584,108,1,0,1,142,131,142,21,587,0,46655,1.478
2026-09-13 06:54:16.006,1,16,Write Multiple Registers,2835,3,6,115,244,187,187,203,53,115,244,129,41,1584,115,1,0,1,129,108,129,41,562,0,45671,0.982
2026-09-13 06:54:19.506,1,16,Write Multiple Registers,2835,3,6,113,243,195,195,231,58,113,243,130,12,1584,113,1,0,1,130,124,130,12,587,0,30230,1.478
2026-09-13 06:54:23.007,1,16,Write Multiple Registers,2835,3,6,110,240,195,195,237,60,110,240,130,3,1584,110,1,0,1,130,128,130,3,587,0,45311,0.983
2026-09-13 06:54:26.507,1,16,Write Multiple Registers,2835,3,6,103,255,188,188,207,63,103,255,152,48,1584,103,1,0,1,152,128,152,48,565,0,45463,1.424
2026-09-13 06:54:30.007,1,16,Write Multiple Registers,2835,3,6,113,245,196,196,231,59,113,245,132,14,1584,113,1,0,1,132,125,132,14,589,0,29846,0.482
2026-09-13 06:54:33.507,1,16,Write Multiple Registers,2835,3,6,101,247,196,196,240,67,101,247,146,7,1584,101,1,0,1,146,142,146,7,588,0,45271,1.479
2026-09-13 06:54:37.007,1,16,Write Multiple Registers,2835,3,6,114,247,201,201,244,62,114,247,133,3,1584,114,1,0,1,133,131,133,3,605,0,30306,1.479
2026-09-13 06:54:40.507,1,16,Write Multiple Registers,2835,3,6,108,255,192,192,213,61,108,255,147,42,1584,108,1,0,1,147,126,147,42,576,0,45503,0.982
2026-09-13 06:54:44.007,1,16,Write Multiple Registers,2835,3,6,110,247,186,186,203,57,110,247,137,44,1584,110,1,0,1,137,115,137,44,560,0,46519,1.479
2026-09-13 06:54:47.507,1,16,Write Multiple Registers,2835,3,6,107,244,184,184,203,57,107,244,137,41,1584,107,1,0,1,137,116,137,41,554,0,46567,0.684
2026-09-13 06:54:51.007,1,16,Write Multiple Registers,2835,3,6,104,258,202,202,245,69,104,258,154,13,1584,104,1,0,1,154,147,154,13,607,0,42687,1.479
2026-09-13 06:54:54.507,1,16,Write Multiple Registers,2835,3,6,113,256,202,202,237,63,113,256,143,19,1584,113,1,0,1,143,133,143,19,606,0,41679,1.479
2026-09-13 06:54:58.007,1,16,Write Multiple Registers,2835,3,6,118,245,192,192,215,54,118,245,127,30,1584,118,1,0,1,127,112,127,30,578,0,45415,1.479
2026-09-13 06:55:01.507,1,16,Write Multiple Registers,2835,3,6,101,242,187,187,220,61,101,242,141,22,1584,101,1,0,1,141,130,141,22,563,0,30578,0.482
2026-09-13 06:55:05.007,1,16,Write Multiple Registers,2835,3,6,105,242,193,193,233,62,105,242,137,9,1584,105,1,0,1,137,132,137,9,580,0,28734,1.478
2026-09-13 06:55:08.508,1,16,Write Multiple Registers,2835,3,6,113,241,197,197,239,59,113,241,128,2,1584,113,1,0,1,128,127,128,2,593,0,30326,0.482
2026-09-13 06:55:12.009,1,16,Write Multiple Registers,2835,3,6,113,245,191,191,215,56,113,245,132,30,1584,113,1,0,1,132,117,132,30,573,0,28886,0.481
2026-09-13 06:55:15.509,1,16,Write Multiple Registers,2835,3,6,107,252,200,200,242,66,107,252,145,10,1584,107,1,0,1,145,140,145,10,601,0,30330,1.479
2026-09-13 06:55:19.009,1,16,Write Multiple Registers,2835,3,6,117,241,198,198,237,57,117,241,124,4,1584,117,1,0,1,124,122,124,4,595,0,30542,0.983
2026-09-13 06:55:22.509,1,16,Write Multiple Registers,2835,3,6,117,251,197,197,224,57,117,251,134,27,1584,117,1,0,1,134,120,134,27,592,0,45539,0.482
2026-09-13 06:55:26.009,1,16,Write Multiple Registers,2835,3,6,101,259,187,187,202,65,101,259,158,57,1584,101,1,0,1,158,129,158,57,562,0,41211,0.48
2026-09-13 06:55:29.509,1,16,Write Multiple Registers,2835,3,6,108,257,189,189,204,61,108,257,149,53,1584,108,1,0,1,149,122,149,53,569,0,25378,1.479
