timestamp,slave_address,function_code,function_name,address_unit_1,quantity_unit_1,crc_calculated,delta_t
2026-09-13 05:28:15.569,1,1,Read Coils,25,3,52397,0.398
2026-09-13 05:28:15.592,1,1,Read Coils,256,20872,34897,0.023
2026-09-13 05:28:19.069,1,1,Read Coils,25,3,52397,0.338
2026-09-13 05:28:19.093,1,1,Read Coils,256,20872,34897,0.024
2026-09-13 05:28:22.569,1,1,Read Coils,25,3,52397,0.398
2026-09-13 05:28:22.593,1,1,Read Coils,256,20872,34897,0.024
2026-09-13 05:28:26.069,1,1,Read Coils,25,3,52397,0.398
2026-09-13 05:28:26.093,1,1,Read Coils,256,20872,34897,0.024
2026-09-13 05:28:29.569,1,1,Read Coils,25,3,52397,0.398
2026-09-13 05:28:29.593,1,1,Read Coils,256,20872,34897,0.024
2026-09-13 05:28:33.069,1,1,Read Coils,25,3,52397,0.398
2026-09-13 05:28:33.093,1,1,Read Coils,256,20872,34897,0.024
2026-09-13 05:28:36.580,1,1,Read Coils,25,3,52397,0.397
2026-09-13 05:28:36.604,1,1,Read Coils,256,20872,34897,0.024
2026-09-13 05:28:40.080,1,1,Read Coils,25,3,52397,0.398
2026-09-13 05:28:40.104,1,1,Read Coils,256,20872,34897,0.024
2026-09-13 05:28:43.580,1,1,Read Coils,25,3,52397,0.398
2026-09-13 05:28:43.604,1,1,Read Coils,256,20872,34897,0.024
2026-09-13 05:28:47.080,1,1,Read Coils,25,3,52397,0.398
2026-09-13 05:28:47.104,1,1,Read Coils,256,20872,34897,0.024
2026-09-13 05:28:50.581,1,1,Read Coils,25,3,52397,0.399
2026-09-13 05:28:50.604,1,1,Read Coils,256,20872,34897,0.023
2026-09-13 05:28:54.081,1,1,Read Coils,25,3,52397,0.398
2026-09-13 05:28:54.104,1,1,Read Coils,256,20872,34897,0.023
2026-09-13 05:28:57.581,1,1,Read Coils,25,3,52397,0.398
2026-09-13 05:28:57.604,1,1,Read Coils,256,20872,34897,0.023
2026-09-13 05:29:01.081,1,1,Read Coils,25,3,52397,0.398
2026-09-13 05:29:01.104,1,1,Read Coils,256,20872,34897,0.023
2026-09-13 05:29:04.581,1,1,Read Coils,25,3,52397,0.398
2026-09-13 05:29:04.604,1,1,Read Coils,256,20872,34897,0.023
2026-09-13 05:29:08.081,1,1,Read Coils,25,3,52397,0.398
2026-09-13 05:29:08.104,1,1,Read Coils,256,20872,34897,0.023
2026-09-13 05:29:11.581,1,1,Read Coils,25,3,52397,0.398
2026-09-13 05:29:11.604,1,1,Read Coils,256,20872,34897,0.023
2026-09-13 05:29:15.123,1,1,Read Coils,25,3,52397,0.398
2026-09-13 05:29:15.147,1,1,Read Coils,256,20872,34897,0.024
2026-09-13 05:29:18.623,1,1,Read Coils,25,3,52397,0.398
2026-09-13 05:29:18.647,1,1,Read Coils,256,20872,34897,0.024
2026-09-13 05:29:22.123,1,1,Read Coils,25,3,52397,0.398
2026-09-13 05:29:22.147,1,1,Read Coils,256,20872,34897,0.024
2026-09-13 05:29:25.623,1,1,Read Coils,25,3,52397,0.398
2026-09-13 05:29:25.647,1,1,Read Coils,256,20872,34897,0.024
2026-09-13 05:29:29.123,1,1,Read Coils,25,3,52397,0.398
2026-09-13 05:29:29.147,1,1,Read Coils,256,20872,34897,0.024
2026-09-13 05:29:32.623,1,1,Read Coils,25,3,52397,0.398
2026-09-13 05:29:32.647,1,1,Read Coils,256,20872,34897,0.024
2026-09-13 05:29:36.123,1,1,Read Coils,25,3,52397,0.398
2026-09-13 05:29:36.147,1,1,Read Coils,256,20872,34897,0.024
2026-09-13 05:29:39.623,1,1,Read Coils,25,3,52397,0.398
2026-09-13 05:29:39.647,1,1,Read Coils,256,20872,34897,0.024
2026-09-13 05:29:43.123,1,1,Read Coils,25,3,52397,0.398
2026-09-13 05:29:43.147,1,1,Read Coils,256,20872,34897,0.024
2026-09-13 05:29:46.623,1,1,Read Coils,25,3,52397,0.398
2026-09-13 05:29:46.647,1,1,Read Coils,256,20872,34897,0.024
2026-09-13 05:29:50.124,1,1,Read Coils,25,3,52397,0.398
2026-09-13 05:29:50.147,1,1,Read Coils,256,20872,34897,0.023
2026-09-13 05:29:53.624,1,1,Read Coils,25,3,52397,0.398
2026-09-13 05:29:53.647,1,1,Read Coils,256,20872,34897,0.023
2026-09-13 05:29:57.124,1,1,Read Coils,25,3,52397,0.398
2026-09-13 05:29:57.147,1,1,Read Coils,256,20872,34897,0.023
2026-09-13 05:30:00.624,1,1,Read Coils,25,3,52397,0.398
2026-09-13 05:30:00.647,1,1,Read Coils,256,20872,34897,0.023
2026-09-13 05:30:04.124,1,1,Read Coils,25,3,52397,0.398
2026-09-13 05:30:04.147,1,1,Read Coils,256,20872,34897,0.023
2026-09-13 05:30:07.624,1,1,Read Coils,25,3,52397,0.044
2026-09-13 05:30:07.647,1,1,Read Coils,256,20872,34897,0.023
2026-09-13 05:30:11.124,1,1,Read Coils,25,3,52397,0.398
2026-09-13 05:30:11.148,1,1,Read Coils,256,20872,34897,0.024
2026-09-13 05:30:14.624,1,1,Read Coils,25,3,52397,0.398
2026-09-13 05:30:14.647,1,1,Read Coils,256,20872,34897,0.023
2026-09-13 05:30:18.124,1,1,Read Coils,25,3,52397,0.398
2026-09-13 05:30:18.148,1,1,Read Coils,256,20872,34897,0.024
2026-09-13 05:30:21.624,1,1,Read Coils,25,3,52397,0.398
2026-09-13 05:30:21.648,1,1,Read Coils,256,20872,34897,0.024
2026-09-13 05:30:25.124,1,1,Read Coils,25,3,52397,0.398
2026-09-13 05:30:25.148,1,1,Read Coils,256,20872,34897,0.024
2026-09-13 05:30:28.624,1,1,Read Coils,25,3,52397,0.398
2026-09-13 05:30:28.648,1,1,Read Coils,256,20872,34897,0.024
2026-09-13 05:30:32.124,1,1,Read Coils,25,3,52397,0.287
2026-09-13 05:30:32.150,1,1,Read Coils,256,20872,34897,0.026
2026-09-13 05:30:35.624,1,1,Read Coils,25,3,52397,0.398
2026-09-13 05:30:35.648,1,1,Read Coils,256,20872,34897,0.024
2026-09-13 05:30:39.124,1,1,Read Coils,25,3,52397,0.398
2026-09-13 05:30:39.148,1,1,Read Coils,256,20872,34897,0.024
2026-09-13 05:30:42.624,1,1,Read Coils,25,3,52397,0.398
2026-09-13 05:30:42.648,1,1,Read Coils,256,20872,34897,0.024
2026-09-13 05:30:46.124,1,1,Read Coils,25,3,52397,0.397
2026-09-13 05:30:46.148,1,1,Read Coils,256,20872,34897,0.024
2026-09-13 05:30:49.625,1,1,Read Coils,25,3,52397,0.398
2026-09-13 05:30:49.648,1,1,Read Coils,256,20872,34897,0.023
2026-09-13 05:30:53.125,1,1,Read Coils,25,3,52397,0.398
2026-09-13 05:30:53.148,1,1,Read Coils,256,20872,34897,0.023
2026-09-13 05:30:56.625,1,1,Read Coils,25,3,52397,0.398
2026-09-13 05:30:56.648,1,1,Read Coils,256,20872,34897,0.023
2026-09-13 05:31:00.125,1,1,Read Coils,25,3,52397,0.398
2026-09-13 05:31:00.148,1,1,Read Coils,256,20872,34897,0.023
2026-09-13 05:31:03.625,1,1,Read Coils,25,3,52397,0.398
2026-09-13 05:31:03.648,1,1,Read Coils,256,20872,34897,0.023
2026-09-13 05:31:07.125,1,1,Read Coils,25,3,52397,0.398
2026-09-13 05:31:07.148,1,1,Read Coils,256,20872,34897,0.023
2026-09-13 05:31:10.625,1,1,Read Coils,25,3,52397,0.398
2026-09-13 05:31:10.648,1,1,Read Coils,256,20872,34897,0.023
2026-09-13 05:31:14.137,1,1,Read Coils,25,3,52397,0.398
2026-09-13 05:31:14.161,1,1,Read Coils,256,20872,34897,0.024
2026-09-13 05:31:17.637,1,1,Read Coils,25,3,52397,0.398
2026-09-13 05:31:17.661,1,1,Read Coils,256,20872,34897,0.024
2026-09-13 05:31:21.137,1,1,Read Coils,25,3,52397,0.398
2026-09-13 05:31:21.161,1,1,Read Coils,256,20872,34897,0.024
2026-09-13 05:31:24.637,1,1,Read Coils,25,3,52397,0.398
2026-09-13 05:31:24.661,1,1,Read Coils,256,20872,34897,0.024
2026-09-13 05:31:28.137,1,1,Read Coils,25,3,52397,0.398
2026-09-13 05:31:28.161,1,1,Read Coils,256,20872,34897,0.024
2026-09-13 05:31:31.637,1,1,Read Coils,25,3,52397,0.398
2026-09-13 05:31:31.661,1,1,Read Coils,256,20872,34897,0.024
2026-09-13 05:31:35.137,1,1,Read Coils,25,3,52397,0.398
2026-09-13 05:31:35.161,1,1,Read Coils,256,20872,34897,0.024
2026-09-13 05:31:38.637,1,1,Read Coils,25,3,52397,0.398
2026-09-13 05:31:38.661,1,1,Read Coils,256,20872,34897,0.024
2026-09-13 05:31:42.137,1,1,Read Coils,25,3,52397,0.398
2026-09-13 05:31:42.161,1,1,Read Coils,256,20872,34897,0.024
2026-09-13 05:31:45.638,1,1,Read Coils,25,3,52397,0.398
2026-09-13 05:31:45.661,1,1,Read Coils,256,20872,34897,0.023
2026-09-13 05:31:49.138,1,1,Read Coils,25,3,52397,0.398
2026-09-13 05:31:49.161,1,1,Read Coils,256,20872,34897,0.023
2026-09-13 05:31:52.638,1,1,Read Coils,25,3,52397,0.398
2026-09-13 05:31:52.661,1,1,Read Coils,256,20872,34897,0.023
2026-09-13 05:31:56.138,1,1,Read Coils,25,3,52397,0.398
2026-09-13 05:31:56.161,1,1,Read Coils,256,20872,34897,0.023
2026-09-13 05:31:59.638,1,1,Read Coils,25,3,52397,0.398
2026-09-13 05:31:59.661,1,1,Read Coils,256,20872,34897,0.023
2026-09-13 05:32:03.138,1,1,Read Coils,25,3,52397,0.398
2026-09-13 05:32:03.161,1,1,Read Coils,256,20872,34897,0.023
2026-09-13 05:32:06.638,1,1,Read Coils,25,3,52397,0.398
2026-09-13 05:32:06.661,1,1,Read Coils,256,20872,34897,0.023
2026-09-13 05:32:10.138,1,1,Read Coils,25,3,52397,0.398
2026-09-13 05:32:10.162,1,1,Read Coils,256,20872,34897,0.024
2026-09-13 05:32:13.638,1,1,Read Coils,25,3,52397,0.398
2026-09-13 05:32:13.662,1,1,Read Coils,256,20872,34897,0.024
2026-09-13 05:32:17.138,1,1,Read Coils,25,3,52397,0.398
2026-09-13 05:32:17.162,1,1,Read Coils,256,20872,34897,0.024
2026-09-13 05:32:20.638,1,1,Read Coils,25,3,52397,0.398
2026-09-13 05:32:20.662,1,1,Read Coils,256,20872,34897,0.024
2026-09-13 05:32:24.138,1,1,Read Coils,25,3,52397,0.398
2026-09-13 05:32:24.162,1,1,Read Coils,256,20872,34897,0.024
2026-09-13 05:32:27.638,1,1,Read Coils,25,3,52397,0.398
2026-09-13 05:32:27.662,1,1,Read Coils,256,20872,34897,0.024
2026-09-13 05:32:31.138,1,1,Read Coils,25,3,52397,0.398
2026-09-13 05:32:31.162,1,1,Read Coils,256,20872,34897,0.024
2026-09-13 05:32:35.041,1,1,Read Coils,25,3,52397,0.398
2026-09-13 05:32:35.065,1,1,Read Coils,256,20872,34897,0.024
2026-09-13 05:32:38.541,1,1,Read Coils,25,3,52397,0.398
2026-09-13 05:32:38.565,1,1,Read Coils,256,20872,34897,0.024
2026-09-13 05:32:42.042,1,1,Read Coils,25,3,52397,0.398
2026-09-13 05:32:42.065,1,1,Read Coils,256,20872,34897,0.023
2026-09-13 05:32:45.542,1,1,Read Coils,25,3,52397,0.398
2026-09-13 05:32:45.565,1,1,Read Coils,256,20872,34897,0.023
2026-09-13 05:32:49.042,1,1,Read Coils,25,3,52397,0.398
2026-09-13 05:32:49.065,1,1,Read Coils,256,20872,34897,0.023
2026-09-13 05:32:52.542,1,1,Read Coils,25,3,52397,0.398
2026-09-13 05:32:52.565,1,1,Read Coils,256,20872,34897,0.023
2026-09-13 05:32:56.042,1,1,Read Coils,25,3,52397,0.398
2026-09-13 05:32:56.065,1,1,Read Coils,256,20872,34897,0.023
2026-09-13 05:32:59.542,1,1,Read Coils,25,3,52397,0.398
2026-09-13 05:32:59.565,1,1,Read Coils,256,20872,34897,0.023
2026-09-13 05:33:03.042,1,1,Read Coils,25,3,52397,0.398
2026-09-13 05:33:03.066,1,1,Read Coils,256,20872,34897,0.024
2026-09-13 05:33:06.542,1,1,Read Coils,25,3,52397,0.398
2026-09-13 05:33:06.566,1,1,Read Coils,256,20872,34897,0.024
2026-09-13 05:33:10.042,1,1,Read Coils,25,3,52397,0.398
2026-09-13 05:33:10.066,1,1,Read Coils,256,20872,34897,0.024
2026-09-13 05:33:13.542,1,1,Read Coils,25,3,52397,0.398
2026-09-13 05:33:13.566,1,1,Read Coils,256,20872,34897,0.024
2026-09-13 05:33:17.042,1,1,Read Coils,25,3,52397,0.398
2026-09-13 05:33:17.066,1,1,Read Coils,256,20872,34897,0.024
2026-09-13 05:33:20.542,1,1,Read Coils,25,3,52397,0.398
2026-09-13 05:33:20.566,1,1,Read Coils,256,20872,34897,0.024
2026-09-13 05:33:24.042,1,1,Read Coils,25,3,52397,0.398
2026-09-13 05:33:24.066,1,1,Read Coils,256,20872,34897,0.024
2026-09-13 05:33:27.542,1,1,Read Coils,25,3,52397,0.398
2026-09-13 05:33:27.566,1,1,Read Coils,256,20872,34897,0.024
2026-09-13 05:33:31.042,1,1,Read Coils,25,3,52397,0.398
2026-09-13 05:33:31.066,1,1,Read Coils,256,20872,34897,0.024
2026-09-13 05:33:34.542,1,1,Read Coils,25,3,52397,0.398
2026-09-13 05:33:34.566,1,1,Read Coils,256,20872,34897,0.024
2026-09-13 05:33:38.043,1,1,Read Coils,25,3,52397,0.398
2026-09-13 05:33:38.066,1,1,Read Coils,256,20872,34897,0.023
2026-09-13 05:33:41.557,1,1,Read Coils,25,3,52397,0.398
2026-09-13 05:33:41.580,1,1,Read Coils,256,20872,34897,0.023
2026-09-13 05:33:45.057,1,1,Read Coils,25,3,52397,0.398
2026-09-13 05:33:45.080,1,1,Read Coils,256,20872,34897,0.023
2026-09-13 05:33:48.557,1,1,Read Coils,25,3,52397,0.398
2026-09-13 05:33:48.580,1,1,Read Coils,256,20872,34897,0.023
2026-09-13 05:33:52.057,1,1,Read Coils,25,3,52397,0.398
2026-09-13 05:33:52.080,1,1,Read Coils,256,20872,34897,0.023
2026-09-13 05:33:55.557,1,1,Read Coils,25,3,52397,0.398
2026-09-13 05:33:55.580,1,1,Read Coils,256,20872,34897,0.023
2026-09-13 05:33:59.057,1,1,Read Coils,25,3,52397,0.398
2026-09-13 05:33:59.081,1,1,Read Coils,256,20872,34897,0.024
2026-09-13 05:34:02.557,1,1,Read Coils,25,3,52397,0.398
2026-09-13 05:34:02.581,1,1,Read Coils,256,20872,34897,0.024
2026-09-13 05:34:06.057,1,1,Read Coils,25,3,52397,0.398
2026-09-13 05:34:06.081,1,1,Read Coils,256,20872,34897,0.024
2026-09-13 05:34:09.557,1,1,Read Coils,25,3,52397,0.398
2026-09-13 05:34:09.581,1,1,Read Coils,256,20872,34897,0.024
2026-09-13 05:34:13.057,1,1,Read Coils,25,3,52397,0.398
2026-09-13 05:34:13.081,1,1,Read Coils,256,20872,34897,0.024
2026-09-13 05:34:16.557,1,1,Read Coils,25,3,52397,0.398
2026-09-13 05:34:16.581,1,1,Read Coils,256,20872,34897,0.024
2026-09-13 05:34:20.057,1,1,Read Coils,25,3,52397,0.398
2026-09-13 05:34:20.081,1,1,Read Coils,256,20872,34897,0.024
2026-09-13 05:34:23.557,1,1,Read Coils,25,3,52397,0.397
2026-09-13 05:34:23.581,1,1,Read Coils,256,20872,34897,0.024
2026-09-13 05:34:27.057,1,1,Read Coils,25,3,52397,0.398
2026-09-13 05:34:27.081,1,1,Read Coils,256,20872,34897,0.024
2026-09-13 05:34:30.557,1,1,Read Coils,25,3,52397,0.398
2026-09-13 05:34:30.581,1,1,Read Coils,256,20872,34897,0.024
2026-09-13 05:34:34.058,1,1,Read Coils,25,3,52397,0.399
2026-09-13 05:34:34.081,1,1,Read Coils,256,20872,34897,0.023
2026-09-13 05:34:37.558,1,1,Read Coils,25,3,52397,0.398
2026-09-13 05:34:37.581,1,1,Read Coils,256,20872,34897,0.023
2026-09-13 05:34:41.058,1,1,Read Coils,25,3,52397,0.398
2026-09-13 05:34:41.081,1,1,Read Coils,256,20872,34897,0.023
2026-09-13 05:34:44.558,1,1,Read Coils,25,3,52397,0.398
2026-09-13 05:34:44.581,1,1,Read Coils,256,20872,34897,0.023
2026-09-13 05:34:48.058,1,1,Read Coils,25,3,52397,0.398
2026-09-13 05:34:48.081,1,1,Read Coils,256,20872,34897,0.023
2026-09-13 05:34:51.558,1,1,Read Coils,25,3,52397,0.398
2026-09-13 05:34:51.581,1,1,Read Coils,256,20872,34897,0.023
2026-09-13 05:34:55.058,1,1,Read Coils,25,3,52397,0.398
2026-09-13 05:34:55.081,1,1,Read Coils,256,20872,34897,0.023
2026-09-13 05:34:58.558,1,1,Read Coils,25,3,52397,0.398
2026-09-13 05:34:58.582,1,1,Read Coils,256,20872,34897,0.024
2026-09-13 05:35:02.058,1,1,Read Coils,25,3,52397,0.398
2026-09-13 05:35:02.082,1,1,Read Coils,256,20872,34897,0.024
2026-09-13 05:35:05.558,1,1,Read Coils,25,3,52397,0.398
2026-09-13 05:35:05.582,1,1,Read Coils,256,20872,34897,0.024
2026-09-13 05:35:09.058,1,1,Read Coils,25,3,52397,0.398
2026-09-13 05:35:09.082,1,1,Read Coils,256,20872,34897,0.024
2026-09-13 05:35:12.558,1,1,Read Coils,25,3,52397,0.398
2026-09-13 05:35:12.582,1,1,Read Coils,256,20872,34897,0.024
2026-09-13 05:35:16.058,1,1,Read Coils,25,3,52397,0.398
2026-09-13 05:35:16.082,1,1,Read Coils,256,20872,34897,0.024
2026-09-13 05:35:19.558,1,1,Read Coils,25,3,52397,0.398
2026-09-13 05:35:19.582,1,1,Read Coils,256,20872,34897,0.024
2026-09-13 05:35:23.058,1,1,Read Coils,25,3,52397,0.398
2026-09-13 05:35:23.082,1,1,Read Coils,256,20872,34897,0.024
2026-09-13 05:35:26.558,1,1,Read Coils,25,3,52397,0.397
2026-09-13 05:35:26.582,1,1,Read Coils,256,20872,34897,0.024
2026-09-13 05:35:30.059,1,1,Read Coils,25,3,52397,0.398
2026-09-13 05:35:30.082,1,1,Read Coils,256,20872,34897,0.023
2026-09-13 05:35:33.559,1,1,Read Coils,25,3,52397,0.398
2026-09-13 05:35:33.582,1,1,Read Coils,256,20872,34897,0.023
2026-09-13 05:35:37.059,1,1,Read Coils,25,3,52397,0.398
2026-09-13 05:35:37.082,1,1,Read Coils,256,20872,34897,0.023
2026-09-13 05:35:40.559,1,1,Read Coils,25,3,52397,0.398
2026-09-13 05:35:40.582,1,1,Read Coils,256,20872,34897,0.023
2026-09-13 05:35:44.059,1,1,Read Coils,25,3,52397,0.398
2026-09-13 05:35:44.082,1,1,Read Coils,256,20872,34897,0.023
2026-09-13 05:35:47.559,1,1,Read Coils,25,3,52397,0.398
2026-09-13 05:35:47.583,1,1,Read Coils,256,20872,34897,0.024
2026-09-13 05:35:51.059,1,1,Read Coils,25,3,52397,0.398
2026-09-13 05:35:51.083,1,1,Read Coils,256,20872,34897,0.024
2026-09-13 05:35:54.559,1,1,Read Coils,25,3,52397,0.398
2026-09-13 05:35:54.583,1,1,Read Coils,256,20872,34897,0.024
2026-09-13 05:35:58.059,1,1,Read Coils,25,3,52397,0.398
2026-09-13 05:35:58.083,1,1,Read Coils,256,20872,34897,0.024
2026-09-13 05:36:01.559,1,1,Read Coils,25,3,52397,0.398
2026-09-13 05:36:01.583,1,1,Read Coils,256,20872,34897,0.024
2026-09-13 05:36:05.059,1,1,Read Coils,25,3,52397,0.398
2026-09-13 05:36:05.083,1,1,Read Coils,256,20872,34897,0.024
2026-09-13 05:36:08.559,1,1,Read Coils,25,3,52397,0.398
2026-09-13 05:36:08.583,1,1,Read Coils,256,20872,34897,0.024
2026-09-13 05:36:12.059,1,1,Read Coils,25,3,52397,0.398
2026-09-13 05:36:12.083,1,1,Read Coils,256,20872,34897,0.024
2026-09-13 05:36:15.559,1,1,Read Coils,25,3,52397,0.397
2026-09-13 05:36:15.583,1,1,Read Coils,256,20872,34897,0.024
2026-09-13 05:36:19.059,1,1,Read Coils,25,3,52397,0.398
2026-09-13 05:36:19.083,1,1,Read Coils,256,20872,34897,0.024
2026-09-13 05:36:22.560,1,1,Read Coils,25,3,52397,0.398
2026-09-13 05:36:22.583,1,1,Read Coils,256,20872,34897,0.023
2026-09-13 05:36:26.060,1,1,Read Coils,25,3,52397,0.399
2026-09-13 05:36:26.083,1,1,Read Coils,256,20872,34897,0.023
2026-09-13 05:36:29.560,1,1,Read Coils,25,3,52397,0.398
2026-09-13 05:36:29.583,1,1,Read Coils,256,20872,34897,0.023
2026-09-13 05:36:33.060,1,1,Read Coils,25,3,52397,0.398
2026-09-13 05:36:33.083,1,1,Read Coils,256,20872,34897,0.023
2026-09-13 05:36:36.560,1,1,Read Coils,25,3,52397,0.398
2026-09-13 05:36:36.583,1,1,Read Coils,256,20872,34897,0.023
2026-09-13 05:36:40.060,1,1,Read Coils,25,3,52397,0.398
2026-09-13 05:36:40.083,1,1,Read Coils,256,20872,34897,0.023
2026-09-13 05:36:43.560,1,1,Read Coils,25,3,52397,0.398
2026-09-13 05:36:43.583,1,1,Read Coils,256,20872,34897,0.023
2026-09-13 05:36:47.060,1,1,Read Coils,25,3,52397,0.398
2026-09-13 05:36:47.084,1,1,Read Coils,256,20872,34897,0.024
2026-09-13 05:36:50.560,1,1,Read Coils,25,3,52397,0.398
2026-09-13 05:36:50.584,1,1,Read Coils,256,20872,34897,0.024
2026-09-13 05:36:58.647,1,1,Read Coils,25,3,52397,0.398
2026-09-13 05:36:58.671,1,1,Read Coils,256,20872,34897,0.024
2026-09-13 05:37:02.147,1,1,Read Coils,25,3,52397,0.398
2026-09-13 05:37:02.171,1,1,Read Coils,256,20872,34897,0.024
2026-09-13 05:37:05.647,1,1,Read Coils,25,3,52397,0.398
2026-09-13 05:37:05.671,1,1,Read Coils,256,20872,34897,0.024
2026-09-13 05:37:09.147,1,1,Read Coils,25,3,52397,0.398
2026-09-13 05:37:09.171,1,1,Read Coils,256,20872,34897,0.024
2026-09-13 05:37:12.647,1,1,Read Coils,25,3,52397,0.398
2026-09-13 05:37:12.671,1,1,Read Coils,256,20872,34897,0.024
2026-09-13 05:37:16.148,1,1,Read Coils,25,3,52397,0.399
2026-09-13 05:37:16.171,1,1,Read Coils,256,20872,34897,0.023
2026-09-13 05:37:19.648,1,1,Read Coils,25,3,52397,0.398
2026-09-13 05:37:19.671,1,1,Read Coils,256,20872,34897,0.023
2026-09-13 05:37:23.148,1,1,Read Coils,25,3,52397,0.398
2026-09-13 05:37:23.171,1,1,Read Coils,256,20872,34897,0.023
2026-09-13 05:37:26.648,1,1,Read Coils,25,3,52397,0.398
2026-09-13 05:37:26.671,1,1,Read Coils,256,20872,34897,0.023
2026-09-13 05:37:30.148,1,1,Read Coils,25,3,52397,0.398
2026-09-13 05:37:30.171,1,1,Read Coils,256,20872,34897,0.023
2026-09-13 05:37:33.648,1,1,Read Coils,25,3,52397,0.398
2026-09-13 05:37:33.671,1,1,Read Coils,256,20872,34897,0.023
2026-09-13 05:37:37.148,1,1,Read Coils,25,3,52397,0.398
2026-09-13 05:37:37.171,1,1,Read Coils,256,20872,34897,0.023
2026-09-13 05:37:40.648,1,1,Read Coils,25,3,52397,0.398
2026-09-13 05:37:40.672,1,1,Read Coils,256,20872,34897,0.024
2026-09-13 05:37:44.148,1,1,Read Coils,25,3,52397,0.398
2026-09-13 05:37:44.172,1,1,Read Coils,256,20872,34897,0.024
2026-09-13 05:37:47.648,1,1,Read Coils,25,3,52397,0.398
2026-09-13 05:37:47.672,1,1,Read Coils,256,20872,34897,0.024
2026-09-13 05:37:51.148,1,1,Read Coils,25,3,52397,0.398
2026-09-13 05:37:51.172,1,1,Read Coils,256,20872,34897,0.024
2026-09-13 05:37:54.648,1,1,Read Coils,25,3,52397,0.398
2026-09-13 05:37:54.672,1,1,Read Coils,256,20872,34897,0.024
2026-09-13 05:37:58.148,1,1,Read Coils,25,3,52397,0.398
2026-09-13 05:37:58.172,1,1,Read Coils,256,20872,34897,0.024
2026-09-13 05:38:01.648,1,1,Read Coils,25,3,52397,0.398
2026-09-13 05:38:01.672,1,1,Read Coils,256,20872,34897,0.024
2026-09-13 05:38:05.180,1,1,Read Coils,25,3,52397,0.387
2026-09-13 05:38:05.204,1,1,Read Coils,256,20872,34897,0.024
2026-09-13 05:38:08.680,1,1,Read Coils,25,3,52397,0.398
2026-09-13 05:38:08.704,1,1,Read Coils,256,20872,34897,0.024
2026-09-13 05:38:12.181,1,1,Read Coils,25,3,52397,0.399
2026-09-13 05:38:12.204,1,1,Read Coils,256,20872,34897,0.023
2026-09-13 05:38:15.681,1,1,Read Coils,25,3,52397,0.398
2026-09-13 05:38:15.704,1,1,Read Coils,256,20872,34897,0.023
2026-09-13 05:38:19.181,1,1,Read Coils,25,3,52397,0.398
2026-09-13 05:38:19.204,1,1,Read Coils,256,20872,34897,0.023
2026-09-13 05:38:22.699,1,1,Read Coils,25,3,52397,0.388
2026-09-13 05:38:22.722,1,1,Read Coils,256,20872,34897,0.023
2026-09-13 05:38:26.199,1,1,Read Coils,25,3,52397,0.398
2026-09-13 05:38:26.222,1,1,Read Coils,256,20872,34897,0.023
2026-09-13 05:38:29.699,1,1,Read Coils,25,3,52397,0.398
2026-09-13 05:38:29.723,1,1,Read Coils,256,20872,34897,0.024
2026-09-13 05:38:33.199,1,1,Read Coils,25,3,52397,0.398
2026-09-13 05:38:33.223,1,1,Read Coils,256,20872,34897,0.024
2026-09-13 05:38:36.699,1,1,Read Coils,25,3,52397,0.398
2026-09-13 05:38:36.723,1,1,Read Coils,256,20872,34897,0.024
2026-09-13 05:38:40.199,1,1,Read Coils,25,3,52397,0.398
2026-09-13 05:38:40.223,1,1,Read Coils,256,20872,34897,0.024
2026-09-13 05:38:43.699,1,1,Read Coils,25,3,52397,0.398
2026-09-13 05:38:43.723,1,1,Read Coils,256,20872,34897,0.024
2026-09-13 05:38:47.199,1,1,Read Coils,25,3,52397,0.398
2026-09-13 05:38:47.223,1,1,Read Coils,256,20872,34897,0.024
2026-09-13 05:38:50.699,1,1,Read Coils,25,3,52397,0.397
2026-09-13 05:38:50.723,1,1,Read Coils,256,20872,34897,0.024
2026-09-13 05:38:54.199,1,1,Read Coils,25,3,52397,0.398
2026-09-13 05:38:54.223,1,1,Read Coils,256,20872,34897,0.024
2026-09-13 05:38:57.699,1,1,Read Coils,25,3,52397,0.398
2026-09-13 05:38:57.723,1,1,Read Coils,256,20872,34897,0.024
2026-09-13 05:39:01.242,1,1,Read Coils,25,3,52397,0.398
2026-09-13 05:39:01.266,1,1,Read Coils,256,20872,34897,0.024
2026-09-13 05:39:04.743,1,1,Read Coils,25,3,52397,0.398
2026-09-13 05:39:04.766,1,1,Read Coils,256,20872,34897,0.023
2026-09-13 05:39:08.243,1,1,Read Coils,25,3,52397,0.398
2026-09-13 05:39:08.266,1,1,Read Coils,256,20872,34897,0.023
2026-09-13 05:39:11.743,1,1,Read Coils,25,3,52397,0.398
2026-09-13 05:39:11.766,1,1,Read Coils,256,20872,34897,0.023
2026-09-13 05:39:15.243,1,1,Read Coils,25,3,52397,0.398
2026-09-13 05:39:15.266,1,1,Read Coils,256,20872,34897,0.023
2026-09-13 05:39:18.743,1,1,Read Coils,25,3,52397,0.398
2026-09-13 05:39:18.766,1,1,Read Coils,256,20872,34897,0.023
2026-09-13 05:39:22.243,1,1,Read Coils,25,3,52397,0.398
2026-09-13 05:39:22.266,1,1,Read Coils,256,20872,34897,0.023
2026-09-13 05:39:25.743,1,1,Read Coils,25,3,52397,0.398
2026-09-13 05:39:25.767,1,1,Read Coils,256,20872,34897,0.024
2026-09-13 05:39:29.243,1,1,Read Coils,25,3,52397,0.398
2026-09-13 05:39:29.267,1,1,Read Coils,256,20872,34897,0.024
2026-09-13 05:39:32.743,1,1,Read Coils,25,3,52397,0.398
2026-09-13 05:39:32.767,1,1,Read Coils,256,20872,34897,0.024
2026-09-13 05:39:36.243,1,1,Read Coils,25,3,52397,0.398
2026-09-13 05:39:36.267,1,1,Read Coils,256,20872,34897,0.024
2026-09-13 05:39:39.743,1,1,Read Coils,25,3,52397,0.398
2026-09-13 05:39:39.767,1,1,Read Coils,256,20872,34897,0.024
2026-09-13 05:39:43.243,1,1,Read Coils,25,3,52397,0.398
2026-09-13 05:39:43.267,1,1,Read Coils,256,20872,34897,0.024
2026-09-13 05:39:46.743,1,1,Read Coils,25,3,52397,0.398
2026-09-13 05:39:46.767,1,1,Read Coils,256,20872,34897,0.024
2026-09-13 05:39:50.243,1,1,Read Coils,25,3,52397,0.398
2026-09-13 05:39:50.267,1,1,Read Coils,256,20872,34897,0.024
2026-09-13 05:39:53.743,1,1,Read Coils,25,3,52397,0.398
2026-09-13 05:39:53.767,1,1,Read Coils,256,20872,34897,0.024
2026-09-13 05:39:57.244,1,1,Read Coils,25,3,52397,0.399
2026-09-13 05:39:57.267,1,1,Read Coils,256,20872,34897,0.023
2026-09-13 05:40:00.744,1,1,Read Coils,25,3,52397,0.398
2026-09-13 05:40:00.767,1,1,Read Coils,256,20872,34897,0.023
2026-09-13 05:40:04.244,1,1,Read Coils,25,3,52397,0.398
2026-09-13 05:40:04.267,1,1,Read Coils,256,20872,34897,0.023
2026-09-13 05:40:07.744,1,1,Read Coils,25,3,52397,0.398
2026-09-13 05:40:07.767,1,1,Read Coils,256,20872,34897,0.023
2026-09-13 05:40:11.244,1,1,Read Coils,25,3,52397,0.203
2026-09-13 05:40:11.267,1,1,Read Coils,256,20872,34897,0.023
2026-09-13 05:40:14.744,1,1,Read Coils,25,3,52397,0.398
2026-09-13 05:40:14.768,1,1,Read Coils,256,20872,34897,0.024
2026-09-13 05:40:18.244,1,1,Read Coils,25,3,52397,0.398
2026-09-13 05:40:18.268,1,1,Read Coils,256,20872,34897,0.024
2026-09-13 05:40:21.744,1,1,Read Coils,25,3,52397,0.398
2026-09-13 05:40:21.768,1,1,Read Coils,256,20872,34897,0.024
2026-09-13 05:40:25.244,1,1,Read Coils,25,3,52397,0.398
2026-09-13 05:40:25.268,1,1,Read Coils,256,20872,34897,0.024
2026-09-13 05:40:28.744,1,1,Read Coils,25,3,52397,0.398
2026-09-13 05:40:28.768,1,1,Read Coils,256,20872,34897,0.024
2026-09-13 05:40:32.244,1,1,Read Coils,25,3,52397,0.398
2026-09-13 05:40:32.268,1,1,Read Coils,256,20872,34897,0.024
2026-09-13 05:40:35.744,1,1,Read Coils,25,3,52397,0.398
2026-09-13 05:40:35.768,1,1,Read Coils,256,20872,34897,0.024
2026-09-13 05:40:39.244,1,1,Read Coils,25,3,52397,0.398
2026-09-13 05:40:39.268,1,1,Read Coils,256,20872,34897,0.024
2026-09-13 05:40:42.744,1,1,Read Coils,25,3,52397,0.397
2026-09-13 05:40:42.768,1,1,Read Coils,256,20872,34897,0.024
2026-09-13 05:40:46.244,1,1,Read Coils,25,3,52397,0.318
2026-09-13 05:40:46.270,1,1,Read Coils,256,20872,34897,0.026
2026-09-13 05:40:49.745,1,1,Read Coils,25,3,52397,0.398
2026-09-13 05:40:49.768,1,1,Read Coils,256,20872,34897,0.023
2026-09-13 05:40:53.245,1,1,Read Coils,25,3,52397,0.398
2026-09-13 05:40:53.268,1,1,Read Coils,256,20872,34897,0.023
2026-09-13 05:40:56.745,1,1,Read Coils,25,3,52397,0.398
2026-09-13 05:40:56.768,1,1,Read Coils,256,20872,34897,0.023
2026-09-13 05:41:00.245,1,1,Read Coils,25,3,52397,0.398
2026-09-13 05:41:00.268,1,1,Read Coils,256,20872,34897,0.023
2026-09-13 05:41:03.745,1,1,Read Coils,25,3,52397,0.398
2026-09-13 05:41:03.768,1,1,Read Coils,256,20872,34897,0.023
2026-09-13 05:41:07.245,1,1,Read Coils,25,3,52397,0.398
2026-09-13 05:41:07.268,1,1,Read Coils,256,20872,34897,0.023
2026-09-13 05:41:11.504,1,1,Read Coils,25,3,52397,1.157
2026-09-13 05:41:11.528,1,1,Read Coils,256,20872,34897,0.024
2026-09-13 05:41:14.552,1,1,Read Coils,25,3,52397,0.398
2026-09-13 05:41:14.576,1,1,Read Coils,256,20872,34897,0.024
2026-09-13 05:41:18.052,1,1,Read Coils,25,3,52397,0.398
2026-09-13 05:41:18.076,1,1,Read Coils,256,20872,34897,0.024
2026-09-13 05:41:21.552,1,1,Read Coils,25,3,52397,0.398
2026-09-13 05:41:21.576,1,1,Read Coils,256,20872,34897,0.024
2026-09-13 05:41:25.052,1,1,Read Coils,25,3,52397,0.398
2026-09-13 05:41:25.076,1,1,Read Coils,256,20872,34897,0.024
2026-09-13 05:41:28.552,1,1,Read Coils,25,3,52397,0.398
2026-09-13 05:41:28.576,1,1,Read Coils,256,20872,34897,0.024
2026-09-13 05:41:32.052,1,1,Read Coils,25,3,52397,0.398
2026-09-13 05:41:32.076,1,1,Read Coils,256,20872,34897,0.024
2026-09-13 05:41:35.552,1,1,Read Coils,25,3,52397,0.398
2026-09-13 05:41:35.576,1,1,Read Coils,256,20872,34897,0.024
2026-09-13 05:41:39.052,1,1,Read Coils,25,3,52397,0.398
2026-09-13 05:41:39.076,1,1,Read Coils,256,20872,34897,0.024
2026-09-13 05:41:42.553,1,1,Read Coils,25,3,52397,0.398
2026-09-13 05:41:42.576,1,1,Read Coils,256,20872,34897,0.023
2026-09-13 05:41:46.053,1,1,Read Coils,25,3,52397,0.398
2026-09-13 05:41:46.076,1,1,Read Coils,256,20872,34897,0.023
2026-09-13 05:41:49.553,1,1,Read Coils,25,3,52397,0.398
2026-09-13 05:41:49.576,1,1,Read Coils,256,20872,34897,0.023
2026-09-13 05:41:53.100,1,1,Read Coils,25,3,52397,0.398
2026-09-13 05:41:53.123,1,1,Read Coils,256,20872,34897,0.023
2026-09-13 05:41:56.600,1,1,Read Coils,25,3,52397,0.398
2026-09-13 05:41:56.623,1,1,Read Coils,256,20872,34897,0.023
2026-09-13 05:42:00.100,1,1,Read Coils,25,3,52397,0.398
2026-09-13 05:42:00.123,1,1,Read Coils,256,20872,34897,0.023
2026-09-13 05:42:03.600,1,1,Read Coils,25,3,52397,0.398
2026-09-13 05:42:03.623,1,1,Read Coils,256,20872,34897,0.023
2026-09-13 05:42:07.100,1,1,Read Coils,25,3,52397,0.398
2026-09-13 05:42:07.124,1,1,Read Coils,256,20872,34897,0.024
2026-09-13 05:42:10.600,1,1,Read Coils,25,3,52397,0.398
2026-09-13 05:42:10.624,1,1,Read Coils,256,20872,34897,0.024
2026-09-13 05:42:14.100,1,1,Read Coils,25,3,52397,0.398
2026-09-13 05:42:14.124,1,1,Read Coils,256,20872,34897,0.024
2026-09-13 05:42:17.600,1,1,Read Coils,25,3,52397,0.398
2026-09-13 05:42:17.624,1,1,Read Coils,256,20872,34897,0.024
2026-09-13 05:42:21.100,1,1,Read Coils,25,3,52397,0.398
2026-09-13 05:42:21.124,1,1,Read Coils,256,20872,34897,0.024
2026-09-13 05:42:24.600,1,1,Read Coils,25,3,52397,0.398
2026-09-13 05:42:24.624,1,1,Read Coils,256,20872,34897,0.024
2026-09-13 05:42:28.100,1,1,Read Coils,25,3,52397,0.398
2026-09-13 05:42:28.124,1,1,Read Coils,256,20872,34897,0.024
2026-09-13 05:42:31.600,1,1,Read Coils,25,3,52397,0.398
2026-09-13 05:42:31.624,1,1,Read Coils,256,20872,34897,0.024
2026-09-13 05:42:35.100,1,1,Read Coils,25,3,52397,0.397
2026-09-13 05:42:35.124,1,1,Read Coils,256,20872,34897,0.024
2026-09-13 05:42:38.601,1,1,Read Coils,25,3,52397,0.398
2026-09-13 05:42:38.624,1,1,Read Coils,256,20872,34897,0.023
2026-09-13 05:42:42.101,1,1,Read Coils,25,3,52397,0.398
2026-09-13 05:42:42.124,1,1,Read Coils,256,20872,34897,0.023
2026-09-13 05:42:45.601,1,1,Read Coils,25,3,52397,0.398
2026-09-13 05:42:45.624,1,1,Read Coils,256,20872,34897,0.023
2026-09-13 05:42:49.101,1,1,Read Coils,25,3,52397,0.398
2026-09-13 05:42:49.124,1,1,Read Coils,256,20872,34897,0.023
2026-09-13 05:42:52.601,1,1,Read Coils,25,3,52397,0.398
2026-09-13 05:42:52.624,1,1,Read Coils,256,20872,34897,0.023
2026-09-13 05:42:56.101,1,1,Read Coils,25,3,52397,0.398
2026-09-13 05:42:56.125,1,1,Read Coils,256,20872,34897,0.024
2026-09-13 05:42:59.601,1,1,Read Coils,25,3,52397,0.119
2026-09-13 05:42:59.624,1,1,Read Coils,256,20872,34897,0.023
2026-09-13 05:43:03.101,1,1,Read Coils,25,3,52397,0.398
2026-09-13 05:43:03.125,1,1,Read Coils,256,20872,34897,0.024
2026-09-13 05:43:06.601,1,1,Read Coils,25,3,52397,0.398
2026-09-13 05:43:06.625,1,1,Read Coils,256,20872,34897,0.024
2026-09-13 05:43:10.101,1,1,Read Coils,25,3,52397,0.398
2026-09-13 05:43:10.125,1,1,Read Coils,256,20872,34897,0.024
2026-09-13 05:43:13.601,1,1,Read Coils,25,3,52397,0.398
2026-09-13 05:43:13.625,1,1,Read Coils,256,20872,34897,0.024
2026-09-13 05:43:17.101,1,1,Read Coils,25,3,52397,0.398
2026-09-13 05:43:17.125,1,1,Read Coils,256,20872,34897,0.024
2026-09-13 05:43:20.629,1,1,Read Coils,25,3,52397,0.398
2026-09-13 05:43:20.653,1,1,Read Coils,256,20872,34897,0.024
2026-09-13 05:43:24.129,1,1,Read Coils,25,3,52397,0.398
2026-09-13 05:43:24.153,1,1,Read Coils,256,20872,34897,0.024
2026-09-13 05:43:27.629,1,1,Read Coils,25,3,52397,0.397
2026-09-13 05:43:27.653,1,1,Read Coils,256,20872,34897,0.024
2026-09-13 05:43:31.130,1,1,Read Coils,25,3,52397,0.398
2026-09-13 05:43:31.153,1,1,Read Coils,256,20872,34897,0.023
2026-09-13 05:43:34.630,1,1,Read Coils,25,3,52397,0.398
2026-09-13 05:43:34.653,1,1,Read Coils,256,20872,34897,0.023
2026-09-13 05:43:38.130,1,1,Read Coils,25,3,52397,0.398
2026-09-13 05:43:38.153,1,1,Read Coils,256,20872,34897,0.023
2026-09-13 05:43:41.630,1,1,Read Coils,25,3,52397,0.398
2026-09-13 05:43:41.653,1,1,Read Coils,256,20872,34897,0.023
2026-09-13 05:43:45.130,1,1,Read Coils,25,3,52397,0.398
2026-09-13 05:43:45.153,1,1,Read Coils,256,20872,34897,0.023
2026-09-13 05:43:48.630,1,1,Read Coils,25,3,52397,0.398
2026-09-13 05:43:48.654,1,1,Read Coils,256,20872,34897,0.024
2026-09-13 05:43:52.130,1,1,Read Coils,25,3,52397,0.398
2026-09-13 05:43:52.154,1,1,Read Coils,256,20872,34897,0.024
2026-09-13 05:43:55.630,1,1,Read Coils,25,3,52397,0.398
2026-09-13 05:43:55.654,1,1,Read Coils,256,20872,34897,0.024
2026-09-13 05:43:59.130,1,1,Read Coils,25,3,52397,0.398
2026-09-13 05:43:59.154,1,1,Read Coils,256,20872,34897,0.024
2026-09-13 05:44:02.630,1,1,Read Coils,25,3,52397,0.398
2026-09-13 05:44:02.654,1,1,Read Coils,256,20872,34897,0.024
2026-09-13 05:44:06.130,1,1,Read Coils,25,3,52397,0.398
2026-09-13 05:44:06.154,1,1,Read Coils,256,20872,34897,0.024
2026-09-13 05:44:09.630,1,1,Read Coils,25,3,52397,0.398
2026-09-13 05:44:09.654,1,1,Read Coils,256,20872,34897,0.024
2026-09-13 05:44:13.130,1,1,Read Coils,25,3,52397,0.397
2026-09-13 05:44:13.154,1,1,Read Coils,256,20872,34897,0.024
2026-09-13 05:44:16.630,1,1,Read Coils,25,3,52397,0.398
2026-09-13 05:44:16.654,1,1,Read Coils,256,20872,34897,0.024
2026-09-13 05:44:20.131,1,1,Read Coils,25,3,52397,0.399
2026-09-13 05:44:20.154,1,1,Read Coils,256,20872,34897,0.023
2026-09-13 05:44:23.631,1,1,Read Coils,25,3,52397,0.398
2026-09-13 05:44:23.654,1,1,Read Coils,256,20872,34897,0.023
2026-09-13 05:44:27.131,1,1,Read Coils,25,3,52397,0.398
2026-09-13 05:44:27.154,1,1,Read Coils,256,20872,34897,0.023
2026-09-13 05:44:30.631,1,1,Read Coils,25,3,52397,0.398
2026-09-13 05:44:30.654,1,1,Read Coils,256,20872,34897,0.023
2026-09-13 05:44:34.131,1,1,Read Coils,25,3,52397,0.398
2026-09-13 05:44:34.154,1,1,Read Coils,256,20872,34897,0.023
2026-09-13 05:44:37.631,1,1,Read Coils,25,3,52397,0.398
2026-09-13 05:44:37.654,1,1,Read Coils,256,20872,34897,0.023
2026-09-13 05:44:41.131,1,1,Read Coils,25,3,52397,0.398
2026-09-13 05:44:41.155,1,1,Read Coils,256,20872,34897,0.024
2026-09-13 05:44:44.631,1,1,Read Coils,25,3,52397,0.398
2026-09-13 05:44:44.655,1,1,Read Coils,256,20872,34897,0.024
2026-09-13 05:44:48.131,1,1,Read Coils,25,3,52397,0.398
2026-09-13 05:44:48.155,1,1,Read Coils,256,20872,34897,0.024
2026-09-13 05:44:51.631,1,1,Read Coils,25,3,52397,0.398
2026-09-13 05:44:51.655,1,1,Read Coils,256,20872,34897,0.024
2026-09-13 05:44:55.131,1,1,Read Coils,25,3,52397,0.398
2026-09-13 05:44:55.155,1,1,Read Coils,256,20872,34897,0.024
2026-09-13 05:44:58.631,1,1,Read Coils,25,3,52397,0.398
2026-09-13 05:44:58.655,1,1,Read Coils,256,20872,34897,0.024
2026-09-13 05:45:02.131,1,1,Read Coils,25,3,52397,0.398
2026-09-13 05:45:02.155,1,1,Read Coils,256,20872,34897,0.024
2026-09-13 05:45:05.631,1,1,Read Coils,25,3,52397,0.398
2026-09-13 05:45:05.655,1,1,Read Coils,256,20872,34897,0.024
2026-09-13 05:45:09.131,1,1,Read Coils,25,3,52397,0.398
2026-09-13 05:45:09.155,1,1,Read Coils,256,20872,34897,0.024
2026-09-13 05:45:12.632,1,1,Read Coils,25,3,52397,0.398
2026-09-13 05:45:12.655,1,1,Read Coils,256,20872,34897,0.023
2026-09-13 05:45:16.132,1,1,Read Coils,25,3,52397,0.398
2026-09-13 05:45:16.155,1,1,Read Coils,256,20872,34897,0.023
2026-09-13 05:45:19.632,1,1,Read Coils,25,3,52397,0.398
2026-09-13 05:45:19.655,1,1,Read Coils,256,20872,34897,0.023
2026-09-13 05:45:23.132,1,1,Read Coils,25,3,52397,0.398
2026-09-13 05:45:23.155,1,1,Read Coils,256,20872,34897,0.023
2026-09-13 05:45:26.632,1,1,Read Coils,25,3,52397,0.398
2026-09-13 05:45:26.655,1,1,Read Coils,256,20872,34897,0.023
2026-09-13 05:45:30.132,1,1,Read Coils,25,3,52397,0.398
2026-09-13 05:45:30.155,1,1,Read Coils,256,20872,34897,0.023
2026-09-13 05:45:38.219,1,1,Read Coils,25,3,52397,0.398
2026-09-13 05:45:38.243,1,1,Read Coils,256,20872,34897,0.024
2026-09-13 05:45:41.719,1,1,Read Coils,25,3,52397,0.398
2026-09-13 05:45:41.743,1,1,Read Coils,256,20872,34897,0.024
2026-09-13 05:45:45.219,1,1,Read Coils,25,3,52397,0.398
2026-09-13 05:45:45.243,1,1,Read Coils,256,20872,34897,0.024
2026-09-13 05:45:48.719,1,1,Read Coils,25,3,52397,0.398
2026-09-13 05:45:48.743,1,1,Read Coils,256,20872,34897,0.024
2026-09-13 05:45:52.219,1,1,Read Coils,25,3,52397,0.398
2026-09-13 05:45:52.243,1,1,Read Coils,256,20872,34897,0.024
2026-09-13 05:45:55.719,1,1,Read Coils,25,3,52397,0.398
2026-09-13 05:45:55.743,1,1,Read Coils,256,20872,34897,0.024
2026-09-13 05:45:59.219,1,1,Read Coils,25,3,52397,0.397
2026-09-13 05:45:59.243,1,1,Read Coils,256,20872,34897,0.024
2026-09-13 05:46:02.719,1,1,Read Coils,25,3,52397,0.398
2026-09-13 05:46:02.743,1,1,Read Coils,256,20872,34897,0.024
2026-09-13 05:46:06.220,1,1,Read Coils,25,3,52397,0.398
2026-09-13 05:46:06.243,1,1,Read Coils,256,20872,34897,0.023
2026-09-13 05:46:09.720,1,1,Read Coils,25,3,52397,0.398
2026-09-13 05:46:09.743,1,1,Read Coils,256,20872,34897,0.023
2026-09-13 05:46:13.220,1,1,Read Coils,25,3,52397,0.398
2026-09-13 05:46:13.243,1,1,Read Coils,256,20872,34897,0.023
2026-09-13 05:46:16.720,1,1,Read Coils,25,3,52397,0.398
2026-09-13 05:46:16.743,1,1,Read Coils,256,20872,34897,0.023
2026-09-13 05:46:20.220,1,1,Read Coils,25,3,52397,0.338
2026-09-13 05:46:20.243,1,1,Read Coils,256,20872,34897,0.023
2026-09-13 05:46:23.720,1,1,Read Coils,25,3,52397,0.398
2026-09-13 05:46:23.744,1,1,Read Coils,256,20872,34897,0.024
2026-09-13 05:46:27.220,1,1,Read Coils,25,3,52397,0.398
2026-09-13 05:46:27.244,1,1,Read Coils,256,20872,34897,0.024
2026-09-13 05:46:30.720,1,1,Read Coils,25,3,52397,0.398
2026-09-13 05:46:30.744,1,1,Read Coils,256,20872,34897,0.024
2026-09-13 05:46:34.220,1,1,Read Coils,25,3,52397,0.398
2026-09-13 05:46:34.244,1,1,Read Coils,256,20872,34897,0.024
2026-09-13 05:46:37.720,1,1,Read Coils,25,3,52397,0.398
2026-09-13 05:46:37.744,1,1,Read Coils,256,20872,34897,0.024
2026-09-13 05:46:41.220,1,1,Read Coils,25,3,52397,0.398
2026-09-13 05:46:41.244,1,1,Read Coils,256,20872,34897,0.024
2026-09-13 05:46:44.720,1,1,Read Coils,25,3,52397,0.398
2026-09-13 05:46:44.744,1,1,Read Coils,256,20872,34897,0.024
2026-09-13 05:46:48.220,1,1,Read Coils,25,3,52397,0.398
2026-09-13 05:46:48.244,1,1,Read Coils,256,20872,34897,0.024
2026-09-13 05:46:51.720,1,1,Read Coils,25,3,52397,0.398
2026-09-13 05:46:51.744,1,1,Read Coils,256,20872,34897,0.024
2026-09-13 05:46:55.220,1,1,Read Coils,25,3,52397,0.397
2026-09-13 05:46:55.244,1,1,Read Coils,256,20872,34897,0.024
2026-09-13 05:46:58.721,1,1,Read Coils,25,3,52397,0.398
2026-09-13 05:46:58.744,1,1,Read Coils,256,20872,34897,0.023
2026-09-13 05:47:02.221,1,1,Read Coils,25,3,52397,0.398
2026-09-13 05:47:02.244,1,1,Read Coils,256,20872,34897,0.023
2026-09-13 05:47:05.721,1,1,Read Coils,25,3,52397,0.398
2026-09-13 05:47:05.744,1,1,Read Coils,256,20872,34897,0.023
2026-09-13 05:47:09.221,1,1,Read Coils,25,3,52397,0.398
2026-09-13 05:47:09.244,1,1,Read Coils,256,20872,34897,0.023
2026-09-13 05:47:12.721,1,1,Read Coils,25,3,52397,0.398
2026-09-13 05:47:12.744,1,1,Read Coils,256,20872,34897,0.023
2026-09-13 05:47:16.221,1,1,Read Coils,25,3,52397,0.398
2026-09-13 05:47:16.244,1,1,Read Coils,256,20872,34897,0.023
2026-09-13 05:47:19.721,1,1,Read Coils,25,3,52397,0.398
2026-09-13 05:47:19.745,1,1,Read Coils,256,20872,34897,0.024
2026-09-13 05:47:23.221,1,1,Read Coils,25,3,52397,0.398
2026-09-13 05:47:23.245,1,1,Read Coils,256,20872,34897,0.024
2026-09-13 05:47:26.721,1,1,Read Coils,25,3,52397,0.398
2026-09-13 05:47:26.745,1,1,Read Coils,256,20872,34897,0.024
2026-09-13 05:47:30.221,1,1,Read Coils,25,3,52397,0.398
2026-09-13 05:47:30.245,1,1,Read Coils,256,20872,34897,0.024
2026-09-13 05:47:33.721,1,1,Read Coils,25,3,52397,0.398
2026-09-13 05:47:33.745,1,1,Read Coils,256,20872,34897,0.024
2026-09-13 05:47:37.221,1,1,Read Coils,25,3,52397,0.398
2026-09-13 05:47:37.245,1,1,Read Coils,256,20872,34897,0.024
2026-09-13 05:47:40.721,1,1,Read Coils,25,3,52397,0.398
2026-09-13 05:47:40.745,1,1,Read Coils,256,20872,34897,0.024
2026-09-13 05:47:44.221,1,1,Read Coils,25,3,52397,0.398
2026-09-13 05:47:44.245,1,1,Read Coils,256,20872,34897,0.024
2026-09-13 05:47:47.722,1,1,Read Coils,25,3,52397,0.398
2026-09-13 05:47:47.745,1,1,Read Coils,256,20872,34897,0.023
2026-09-13 05:47:51.222,1,1,Read Coils,25,3,52397,0.398
2026-09-13 05:47:51.245,1,1,Read Coils,256,20872,34897,0.023
2026-09-13 05:47:54.722,1,1,Read Coils,25,3,52397,0.398
2026-09-13 05:47:54.745,1,1,Read Coils,256,20872,34897,0.023
2026-09-13 05:47:58.222,1,1,Read Coils,25,3,52397,0.398
2026-09-13 05:47:58.245,1,1,Read Coils,256,20872,34897,0.023
2026-09-13 05:48:01.722,1,1,Read Coils,25,3,52397,0.398
2026-09-13 05:48:01.745,1,1,Read Coils,256,20872,34897,0.023
2026-09-13 05:48:05.222,1,1,Read Coils,25,3,52397,0.398
2026-09-13 05:48:05.245,1,1,Read Coils,256,20872,34897,0.023
2026-09-13 05:48:08.722,1,1,Read Coils,25,3,52397,0.398
2026-09-13 05:48:08.746,1,1,Read Coils,256,20872,34897,0.024
2026-09-13 05:48:12.222,1,1,Read Coils,25,3,52397,0.398
2026-09-13 05:48:12.246,1,1,Read Coils,256,20872,34897,0.024
2026-09-13 05:48:15.722,1,1,Read Coils,25,3,52397,0.398
2026-09-13 05:48:15.746,1,1,Read Coils,256,20872,34897,0.024
2026-09-13 05:48:19.222,1,1,Read Coils,25,3,52397,0.398
2026-09-13 05:48:19.246,1,1,Read Coils,256,20872,34897,0.024
2026-09-13 05:48:22.722,1,1,Read Coils,25,3,52397,0.398
2026-09-13 05:48:22.746,1,1,Read Coils,256,20872,34897,0.024
2026-09-13 05:48:26.222,1,1,Read Coils,25,3,52397,0.398
2026-09-13 05:48:26.246,1,1,Read Coils,256,20872,34897,0.024
2026-09-13 05:48:29.722,1,1,Read Coils,25,3,52397,0.398
2026-09-13 05:48:29.746,1,1,Read Coils,256,20872,34897,0.024
2026-09-13 05:48:33.222,1,1,Read Coils,25,3,52397,0.398
2026-09-13 05:48:33.246,1,1,Read Coils,256,20872,34897,0.024
2026-09-13 05:48:36.722,1,1,Read Coils,25,3,52397,0.397
2026-09-13 05:48:36.746,1,1,Read Coils,256,20872,34897,0.024
2026-09-13 05:48:40.223,1,1,Read Coils,25,3,52397,0.398
2026-09-13 05:48:40.246,1,1,Read Coils,256,20872,34897,0.023
2026-09-13 05:48:43.723,1,1,Read Coils,25,3,52397,0.398
2026-09-13 05:48:43.746,1,1,Read Coils,256,20872,34897,0.023
2026-09-13 05:48:47.223,1,1,Read Coils,25,3,52397,0.398
2026-09-13 05:48:47.246,1,1,Read Coils,256,20872,34897,0.023
2026-09-13 05:48:50.723,1,1,Read Coils,25,3,52397,0.398
2026-09-13 05:48:50.746,1,1,Read Coils,256,20872,34897,0.023
2026-09-13 05:48:54.223,1,1,Read Coils,25,3,52397,0.398
2026-09-13 05:48:54.246,1,1,Read Coils,256,20872,34897,0.023
2026-09-13 05:48:57.723,1,1,Read Coils,25,3,52397,0.398
2026-09-13 05:48:57.746,1,1,Read Coils,256,20872,34897,0.023
2026-09-13 05:49:01.223,1,1,Read Coils,25,3,52397,0.398
2026-09-13 05:49:01.246,1,1,Read Coils,256,20872,34897,0.023
2026-09-13 05:49:04.723,1,1,Read Coils,25,3,52397,0.398
2026-09-13 05:49:04.747,1,1,Read Coils,256,20872,34897,0.024
2026-09-13 05:49:08.223,1,1,Read Coils,25,3,52397,0.398
2026-09-13 05:49:08.247,1,1,Read Coils,256,20872,34897,0.024
2026-09-13 05:49:11.723,1,1,Read Coils,25,3,52397,0.398
2026-09-13 05:49:11.747,1,1,Read Coils,256,20872,34897,0.024
2026-09-13 05:49:15.223,1,1,Read Coils,25,3,52397,0.398
2026-09-13 05:49:15.247,1,1,Read Coils,256,20872,34897,0.024
2026-09-13 05:49:18.723,1,1,Read Coils,25,3,52397,0.398
2026-09-13 05:49:18.747,1,1,Read Coils,256,20872,34897,0.024
2026-09-13 05:49:22.223,1,1,Read Coils,25,3,52397,0.398
2026-09-13 05:49:22.247,1,1,Read Coils,256,20872,34897,0.024
2026-09-13 05:49:25.723,1,1,Read Coils,25,3,52397,0.398
2026-09-13 05:49:25.747,1,1,Read Coils,256,20872,34897,0.024
2026-09-13 05:49:29.223,1,1,Read Coils,25,3,52397,0.398
2026-09-13 05:49:29.247,1,1,Read Coils,256,20872,34897,0.024
2026-09-13 05:49:32.724,1,1,Read Coils,25,3,52397,0.398
2026-09-13 05:49:32.747,1,1,Read Coils,256,20872,34897,0.023
2026-09-13 05:49:36.224,1,1,Read Coils,25,3,52397,0.398
2026-09-13 05:49:36.247,1,1,Read Coils,256,20872,34897,0.023
2026-09-13 05:49:39.724,1,1,Read Coils,25,3,52397,0.398
2026-09-13 05:49:39.747,1,1,Read Coils,256,20872,34897,0.023
2026-09-13 05:49:43.224,1,1,Read Coils,25,3,52397,0.398
2026-09-13 05:49:43.247,1,1,Read Coils,256,20872,34897,0.023
2026-09-13 05:49:46.724,1,1,Read Coils,25,3,52397,0.398
2026-09-13 05:49:46.747,1,1,Read Coils,256,20872,34897,0.023
2026-09-13 05:49:50.224,1,1,Read Coils,25,3,52397,0.398
2026-09-13 05:49:50.247,1,1,Read Coils,256,20872,34897,0.023
2026-09-13 05:49:53.724,1,1,Read Coils,25,3,52397,0.398
2026-09-13 05:49:53.748,1,1,Read Coils,256,20872,34897,0.024
2026-09-13 05:49:57.946,1,1,Read Coils,25,3,52397,1.12
2026-09-13 05:49:57.970,1,1,Read Coils,256,20872,34897,0.024
2026-09-13 05:50:00.993,1,1,Read Coils,25,3,52397,0.398
2026-09-13 05:50:01.017,1,1,Read Coils,256,20872,34897,0.024
2026-09-13 05:50:04.493,1,1,Read Coils,25,3,52397,0.398
2026-09-13 05:50:04.517,1,1,Read Coils,256,20872,34897,0.024
2026-09-13 05:50:07.993,1,1,Read Coils,25,3,52397,0.398
2026-09-13 05:50:08.017,1,1,Read Coils,256,20872,34897,0.024
2026-09-13 05:50:11.493,1,1,Read Coils,25,3,52397,0.398
2026-09-13 05:50:11.517,1,1,Read Coils,256,20872,34897,0.024
2026-09-13 05:50:14.993,1,1,Read Coils,25,3,52397,0.398
2026-09-13 05:50:15.017,1,1,Read Coils,256,20872,34897,0.024
2026-09-13 05:50:18.493,1,1,Read Coils,25,3,52397,0.397
2026-09-13 05:50:18.517,1,1,Read Coils,256,20872,34897,0.024
2026-09-13 05:50:21.993,1,1,Read Coils,25,3,52397,0.397
2026-09-13 05:50:22.017,1,1,Read Coils,256,20872,34897,0.024
2026-09-13 05:50:25.494,1,1,Read Coils,25,3,52397,0.398
2026-09-13 05:50:25.517,1,1,Read Coils,256,20872,34897,0.023
2026-09-13 05:50:28.994,1,1,Read Coils,25,3,52397,0.259
2026-09-13 05:50:29.017,1,1,Read Coils,256,20872,34897,0.023
2026-09-13 05:50:32.494,1,1,Read Coils,25,3,52397,0.398
2026-09-13 05:50:32.517,1,1,Read Coils,256,20872,34897,0.023
2026-09-13 05:50:35.994,1,1,Read Coils,25,3,52397,0.398
2026-09-13 05:50:36.017,1,1,Read Coils,256,20872,34897,0.023
2026-09-13 05:50:39.494,1,1,Read Coils,25,3,52397,0.398
2026-09-13 05:50:39.517,1,1,Read Coils,256,20872,34897,0.023
2026-09-13 05:50:42.994,1,1,Read Coils,25,3,52397,0.398
2026-09-13 05:50:43.018,1,1,Read Coils,256,20872,34897,0.024
2026-09-13 05:50:46.494,1,1,Read Coils,25,3,52397,0.398
2026-09-13 05:50:46.518,1,1,Read Coils,256,20872,34897,0.024
2026-09-13 05:50:49.994,1,1,Read Coils,25,3,52397,0.398
2026-09-13 05:50:50.018,1,1,Read Coils,256,20872,34897,0.024
2026-09-13 05:50:53.494,1,1,Read Coils,25,3,52397,0.398
2026-09-13 05:50:53.518,1,1,Read Coils,256,20872,34897,0.024
2026-09-13 05:50:56.994,1,1,Read Coils,25,3,52397,0.398
2026-09-13 05:50:57.018,1,1,Read Coils,256,20872,34897,0.024
2026-09-13 05:51:00.494,1,1,Read Coils,25,3,52397,0.398
2026-09-13 05:51:00.518,1,1,Read Coils,256,20872,34897,0.024
2026-09-13 05:51:03.994,1,1,Read Coils,25,3,52397,0.398
2026-09-13 05:51:04.018,1,1,Read Coils,256,20872,34897,0.024
2026-09-13 05:51:07.494,1,1,Read Coils,25,3,52397,0.398
2026-09-13 05:51:07.518,1,1,Read Coils,256,20872,34897,0.024
2026-09-13 05:51:10.994,1,1,Read Coils,25,3,52397,0.397
2026-09-13 05:51:11.018,1,1,Read Coils,256,20872,34897,0.024
2026-09-13 05:51:14.494,1,1,Read Coils,25,3,52397,0.397
2026-09-13 05:51:14.518,1,1,Read Coils,256,20872,34897,0.024
2026-09-13 05:51:17.995,1,1,Read Coils,25,3,52397,0.398
2026-09-13 05:51:18.018,1,1,Read Coils,256,20872,34897,0.023
2026-09-13 05:51:21.495,1,1,Read Coils,25,3,52397,0.398
2026-09-13 05:51:21.518,1,1,Read Coils,256,20872,34897,0.023
2026-09-13 05:51:24.995,1,1,Read Coils,25,3,52397,0.398
2026-09-13 05:51:25.018,1,1,Read Coils,256,20872,34897,0.023
2026-09-13 05:51:28.495,1,1,Read Coils,25,3,52397,0.398
2026-09-13 05:51:28.518,1,1,Read Coils,256,20872,34897,0.023
2026-09-13 05:51:31.995,1,1,Read Coils,25,3,52397,0.398
2026-09-13 05:51:32.018,1,1,Read Coils,256,20872,34897,0.023
2026-09-13 05:51:35.495,1,1,Read Coils,25,3,52397,0.398
2026-09-13 05:51:35.519,1,1,Read Coils,256,20872,34897,0.024
2026-09-13 05:51:38.995,1,1,Read Coils,25,3,52397,0.398
2026-09-13 05:51:39.019,1,1,Read Coils,256,20872,34897,0.024
2026-09-13 05:51:42.495,1,1,Read Coils,25,3,52397,0.398
2026-09-13 05:51:42.519,1,1,Read Coils,256,20872,34897,0.024
2026-09-13 05:51:45.995,1,1,Read Coils,25,3,52397,0.398
2026-09-13 05:51:46.019,1,1,Read Coils,256,20872,34897,0.024
2026-09-13 05:51:49.495,1,1,Read Coils,25,3,52397,0.398
2026-09-13 05:51:49.519,1,1,Read Coils,256,20872,34897,0.024
2026-09-13 05:51:52.995,1,1,Read Coils,25,3,52397,0.398
2026-09-13 05:51:53.019,1,1,Read Coils,256,20872,34897,0.024
2026-09-13 05:51:56.495,1,1,Read Coils,25,3,52397,0.398
2026-09-13 05:51:56.519,1,1,Read Coils,256,20872,34897,0.024
2026-09-13 05:51:59.995,1,1,Read Coils,25,3,52397,0.398
2026-09-13 05:52:00.019,1,1,Read Coils,256,20872,34897,0.024
2026-09-13 05:52:03.495,1,1,Read Coils,25,3,52397,0.397
2026-09-13 05:52:03.519,1,1,Read Coils,256,20872,34897,0.024
2026-09-13 05:52:06.996,1,1,Read Coils,25,3,52397,0.398
2026-09-13 05:52:07.019,1,1,Read Coils,256,20872,34897,0.023
2026-09-13 05:52:10.496,1,1,Read Coils,25,3,52397,0.398
2026-09-13 05:52:10.519,1,1,Read Coils,256,20872,34897,0.023
2026-09-13 05:52:13.996,1,1,Read Coils,25,3,52397,0.338
2026-09-13 05:52:14.019,1,1,Read Coils,256,20872,34897,0.023
2026-09-13 05:52:17.496,1,1,Read Coils,25,3,52397,0.398
2026-09-13 05:52:17.519,1,1,Read Coils,256,20872,34897,0.023
2026-09-13 05:52:20.996,1,1,Read Coils,25,3,52397,0.398
2026-09-13 05:52:21.019,1,1,Read Coils,256,20872,34897,0.023
2026-09-13 05:52:24.496,1,1,Read Coils,25,3,52397,0.398
2026-09-13 05:52:24.519,1,1,Read Coils,256,20872,34897,0.023
2026-09-13 05:52:27.996,1,1,Read Coils,25,3,52397,0.398
2026-09-13 05:52:28.019,1,1,Read Coils,256,20872,34897,0.023
2026-09-13 05:52:31.496,1,1,Read Coils,25,3,52397,0.398
2026-09-13 05:52:31.519,1,1,Read Coils,256,20872,34897,0.023
2026-09-13 05:52:34.996,1,1,Read Coils,25,3,52397,0.398
2026-09-13 05:52:35.020,1,1,Read Coils,256,20872,34897,0.024
2026-09-13 05:52:38.496,1,1,Read Coils,25,3,52397,0.398
2026-09-13 05:52:38.520,1,1,Read Coils,256,20872,34897,0.024
2026-09-13 05:52:41.996,1,1,Read Coils,25,3,52397,0.398
2026-09-13 05:52:42.020,1,1,Read Coils,256,20872,34897,0.024
2026-09-13 05:52:45.496,1,1,Read Coils,25,3,52397,0.398
2026-09-13 05:52:45.520,1,1,Read Coils,256,20872,34897,0.024
2026-09-13 05:52:48.996,1,1,Read Coils,25,3,52397,0.398
2026-09-13 05:52:49.020,1,1,Read Coils,256,20872,34897,0.024
2026-09-13 05:52:52.496,1,1,Read Coils,25,3,52397,0.398
2026-09-13 05:52:52.520,1,1,Read Coils,256,20872,34897,0.024
2026-09-13 05:52:55.996,1,1,Read Coils,25,3,52397,0.397
2026-09-13 05:52:56.020,1,1,Read Coils,256,20872,34897,0.024
2026-09-13 05:52:59.497,1,1,Read Coils,25,3,52397,0.398
2026-09-13 05:52:59.520,1,1,Read Coils,256,20872,34897,0.023
2026-09-13 05:53:02.997,1,1,Read Coils,25,3,52397,0.398
2026-09-13 05:53:03.020,1,1,Read Coils,256,20872,34897,0.023
2026-09-13 05:53:06.497,1,1,Read Coils,25,3,52397,0.398
2026-09-13 05:53:06.520,1,1,Read Coils,256,20872,34897,0.023
2026-09-13 05:53:09.997,1,1,Read Coils,25,3,52397,0.398
2026-09-13 05:53:10.020,1,1,Read Coils,256,20872,34897,0.023
2026-09-13 05:53:13.497,1,1,Read Coils,25,3,52397,0.398
2026-09-13 05:53:13.520,1,1,Read Coils,256,20872,34897,0.023
2026-09-13 05:53:16.997,1,1,Read Coils,25,3,52397,0.398
2026-09-13 05:53:17.020,1,1,Read Coils,256,20872,34897,0.023
2026-09-13 05:53:20.497,1,1,Read Coils,25,3,52397,0.398
2026-09-13 05:53:20.521,1,1,Read Coils,256,20872,34897,0.024
2026-09-13 05:53:23.997,1,1,Read Coils,25,3,52397,0.398
2026-09-13 05:53:24.021,1,1,Read Coils,256,20872,34897,0.024
2026-09-13 05:53:27.497,1,1,Read Coils,25,3,52397,0.398
2026-09-13 05:53:27.521,1,1,Read Coils,256,20872,34897,0.024
2026-09-13 05:53:30.997,1,1,Read Coils,25,3,52397,0.398
2026-09-13 05:53:31.021,1,1,Read Coils,256,20872,34897,0.024
2026-09-13 05:53:34.497,1,1,Read Coils,25,3,52397,0.398
2026-09-13 05:53:34.521,1,1,Read Coils,256,20872,34897,0.024
2026-09-13 05:53:37.997,1,1,Read Coils,25,3,52397,0.398
2026-09-13 05:53:38.021,1,1,Read Coils,256,20872,34897,0.024
2026-09-13 05:53:41.497,1,1,Read Coils,25,3,52397,0.397
2026-09-13 05:53:41.521,1,1,Read Coils,256,20872,34897,0.024
2026-09-13 05:53:44.997,1,1,Read Coils,25,3,52397,0.397
2026-09-13 05:53:45.021,1,1,Read Coils,256,20872,34897,0.024
2026-09-13 05:53:48.498,1,1,Read Coils,25,3,52397,0.398
2026-09-13 05:53:48.521,1,1,Read Coils,256,20872,34897,0.023
2026-09-13 05:53:51.998,1,1,Read Coils,25,3,52397,0.398
2026-09-13 05:53:52.021,1,1,Read Coils,256,20872,34897,0.023
2026-09-13 05:53:55.498,1,1,Read Coils,25,3,52397,0.398
2026-09-13 05:53:55.521,1,1,Read Coils,256,20872,34897,0.023
2026-09-13 05:53:58.998,1,1,Read Coils,25,3,52397,0.398
2026-09-13 05:53:59.021,1,1,Read Coils,256,20872,34897,0.023
2026-09-13 05:54:02.498,1,1,Read Coils,25,3,52397,0.398
2026-09-13 05:54:02.521,1,1,Read Coils,256,20872,34897,0.023
2026-09-13 05:54:05.998,1,1,Read Coils,25,3,52397,0.398
2026-09-13 05:54:06.021,1,1,Read Coils,256,20872,34897,0.023
2026-09-13 05:54:09.498,1,1,Read Coils,25,3,52397,0.398
2026-09-13 05:54:09.521,1,1,Read Coils,256,20872,34897,0.023
2026-09-13 05:54:12.998,1,1,Read Coils,25,3,52397,0.398
2026-09-13 05:54:13.022,1,1,Read Coils,256,20872,34897,0.024
2026-09-13 05:54:17.269,1,1,Read Coils,25,3,52397,1.169
2026-09-13 05:54:17.293,1,1,Read Coils,256,20872,34897,0.024
2026-09-13 05:54:20.316,1,1,Read Coils,25,3,52397,0.398
2026-09-13 05:54:20.340,1,1,Read Coils,256,20872,34897,0.024
2026-09-13 05:54:23.816,1,1,Read Coils,25,3,52397,0.398
2026-09-13 05:54:23.840,1,1,Read Coils,256,20872,34897,0.024
2026-09-13 05:54:27.316,1,1,Read Coils,25,3,52397,0.398
2026-09-13 05:54:27.340,1,1,Read Coils,256,20872,34897,0.024
2026-09-13 05:54:30.816,1,1,Read Coils,25,3,52397,0.398
2026-09-13 05:54:30.840,1,1,Read Coils,256,20872,34897,0.024
2026-09-13 05:54:34.316,1,1,Read Coils,25,3,52397,0.398
2026-09-13 05:54:34.340,1,1,Read Coils,256,20872,34897,0.024
2026-09-13 05:54:37.816,1,1,Read Coils,25,3,52397,0.398
2026-09-13 05:54:37.840,1,1,Read Coils,256,20872,34897,0.024
2026-09-13 05:54:41.317,1,1,Read Coils,25,3,52397,0.398
2026-09-13 05:54:41.340,1,1,Read Coils,256,20872,34897,0.023
2026-09-13 05:54:44.817,1,1,Read Coils,25,3,52397,0.398
2026-09-13 05:54:44.840,1,1,Read Coils,256,20872,34897,0.023
2026-09-13 05:54:48.317,1,1,Read Coils,25,3,52397,0.398
2026-09-13 05:54:48.340,1,1,Read Coils,256,20872,34897,0.023
2026-09-13 05:54:51.817,1,1,Read Coils,25,3,52397,0.398
2026-09-13 05:54:51.840,1,1,Read Coils,256,20872,34897,0.023
2026-09-13 05:54:55.317,1,1,Read Coils,25,3,52397,0.398
2026-09-13 05:54:55.340,1,1,Read Coils,256,20872,34897,0.023
2026-09-13 05:54:58.817,1,1,Read Coils,25,3,52397,0.398
2026-09-13 05:54:58.840,1,1,Read Coils,256,20872,34897,0.023
2026-09-13 05:55:02.317,1,1,Read Coils,25,3,52397,0.338
2026-09-13 05:55:02.341,1,1,Read Coils,256,20872,34897,0.024
2026-09-13 05:55:05.817,1,1,Read Coils,25,3,52397,0.398
2026-09-13 05:55:05.841,1,1,Read Coils,256,20872,34897,0.024
2026-09-13 05:55:09.317,1,1,Read Coils,25,3,52397,0.398
2026-09-13 05:55:09.341,1,1,Read Coils,256,20872,34897,0.024
2026-09-13 05:55:12.817,1,1,Read Coils,25,3,52397,0.398
2026-09-13 05:55:12.841,1,1,Read Coils,256,20872,34897,0.024
2026-09-13 05:55:16.317,1,1,Read Coils,25,3,52397,0.398
2026-09-13 05:55:16.341,1,1,Read Coils,256,20872,34897,0.024
2026-09-13 05:55:19.817,1,1,Read Coils,25,3,52397,0.398
2026-09-13 05:55:19.841,1,1,Read Coils,256,20872,34897,0.024
2026-09-13 05:55:23.317,1,1,Read Coils,25,3,52397,0.398
2026-09-13 05:55:23.341,1,1,Read Coils,256,20872,34897,0.024
2026-09-13 05:55:26.817,1,1,Read Coils,25,3,52397,0.398
2026-09-13 05:55:26.841,1,1,Read Coils,256,20872,34897,0.024
2026-09-13 05:55:30.317,1,1,Read Coils,25,3,52397,0.397
2026-09-13 05:55:30.341,1,1,Read Coils,256,20872,34897,0.024
2026-09-13 05:55:33.818,1,1,Read Coils,25,3,52397,0.398
2026-09-13 05:55:33.841,1,1,Read Coils,256,20872,34897,0.023
2026-09-13 05:55:37.318,1,1,Read Coils,25,3,52397,0.398
2026-09-13 05:55:37.341,1,1,Read Coils,256,20872,34897,0.023
2026-09-13 05:55:40.818,1,1,Read Coils,25,3,52397,0.398
2026-09-13 05:55:40.841,1,1,Read Coils,256,20872,34897,0.023
2026-09-13 05:55:44.318,1,1,Read Coils,25,3,52397,0.398
2026-09-13 05:55:44.341,1,1,Read Coils,256,20872,34897,0.023
2026-09-13 05:55:47.818,1,1,Read Coils,25,3,52397,0.398
2026-09-13 05:55:47.841,1,1,Read Coils,256,20872,34897,0.023
2026-09-13 05:55:51.318,1,1,Read Coils,25,3,52397,0.398
2026-09-13 05:55:51.341,1,1,Read Coils,256,20872,34897,0.023
2026-09-13 05:55:54.818,1,1,Read Coils,25,3,52397,0.398
2026-09-13 05:55:54.842,1,1,Read Coils,256,20872,34897,0.024
2026-09-13 05:55:58.318,1,1,Read Coils,25,3,52397,0.398
2026-09-13 05:55:58.342,1,1,Read Coils,256,20872,34897,0.024
2026-09-13 05:56:01.818,1,1,Read Coils,25,3,52397,0.398
2026-09-13 05:56:01.842,1,1,Read Coils,256,20872,34897,0.024
2026-09-13 05:56:05.318,1,1,Read Coils,25,3,52397,0.398
2026-09-13 05:56:05.342,1,1,Read Coils,256,20872,34897,0.024
2026-09-13 05:56:08.818,1,1,Read Coils,25,3,52397,0.397
2026-09-13 05:56:08.842,1,1,Read Coils,256,20872,34897,0.024
2026-09-13 05:56:12.318,1,1,Read Coils,25,3,52397,0.398
2026-09-13 05:56:12.342,1,1,Read Coils,256,20872,34897,0.024
2026-09-13 05:56:15.818,1,1,Read Coils,25,3,52397,0.398
2026-09-13 05:56:15.842,1,1,Read Coils,256,20872,34897,0.024
2026-09-13 05:56:19.318,1,1,Read Coils,25,3,52397,0.398
2026-09-13 05:56:19.342,1,1,Read Coils,256,20872,34897,0.024
2026-09-13 05:56:22.819,1,1,Read Coils,25,3,52397,0.398
2026-09-13 05:56:22.842,1,1,Read Coils,256,20872,34897,0.023
2026-09-13 05:56:26.319,1,1,Read Coils,25,3,52397,0.398
2026-09-13 05:56:26.342,1,1,Read Coils,256,20872,34897,0.023
2026-09-13 05:56:29.819,1,1,Read Coils,25,3,52397,0.398
2026-09-13 05:56:29.842,1,1,Read Coils,256,20872,34897,0.023
2026-09-13 05:56:33.319,1,1,Read Coils,25,3,52397,0.398
2026-09-13 05:56:33.342,1,1,Read Coils,256,20872,34897,0.023
2026-09-13 05:56:36.819,1,1,Read Coils,25,3,52397,0.398
2026-09-13 05:56:36.842,1,1,Read Coils,256,20872,34897,0.023
2026-09-13 05:56:40.319,1,1,Read Coils,25,3,52397,0.398
2026-09-13 05:56:40.342,1,1,Read Coils,256,20872,34897,0.023
2026-09-13 05:56:43.819,1,1,Read Coils,25,3,52397,0.398
2026-09-13 05:56:43.843,1,1,Read Coils,256,20872,34897,0.024
2026-09-13 05:56:47.319,1,1,Read Coils,25,3,52397,0.398
2026-09-13 05:56:47.343,1,1,Read Coils,256,20872,34897,0.024
2026-09-13 05:56:50.819,1,1,Read Coils,25,3,52397,0.398
2026-09-13 05:56:50.843,1,1,Read Coils,256,20872,34897,0.024
2026-09-13 05:56:54.319,1,1,Read Coils,25,3,52397,0.398
2026-09-13 05:56:54.343,1,1,Read Coils,256,20872,34897,0.024
2026-09-13 05:56:57.819,1,1,Read Coils,25,3,52397,0.397
2026-09-13 05:56:57.843,1,1,Read Coils,256,20872,34897,0.024
2026-09-13 05:57:01.319,1,1,Read Coils,25,3,52397,0.398
2026-09-13 05:57:01.343,1,1,Read Coils,256,20872,34897,0.024
2026-09-13 05:57:04.819,1,1,Read Coils,25,3,52397,0.398
2026-09-13 05:57:04.843,1,1,Read Coils,256,20872,34897,0.024
2026-09-13 05:57:08.319,1,1,Read Coils,25,3,52397,0.398
2026-09-13 05:57:08.343,1,1,Read Coils,256,20872,34897,0.024
2026-09-13 05:57:11.819,1,1,Read Coils,25,3,52397,0.397
2026-09-13 05:57:11.843,1,1,Read Coils,256,20872,34897,0.024
2026-09-13 05:57:15.320,1,1,Read Coils,25,3,52397,0.398
2026-09-13 05:57:15.343,1,1,Read Coils,256,20872,34897,0.023
2026-09-13 05:57:18.820,1,1,Read Coils,25,3,52397,0.398
2026-09-13 05:57:18.843,1,1,Read Coils,256,20872,34897,0.023
2026-09-13 05:57:22.320,1,1,Read Coils,25,3,52397,0.398
2026-09-13 05:57:22.343,1,1,Read Coils,256,20872,34897,0.023
2026-09-13 05:57:25.820,1,1,Read Coils,25,3,52397,0.398
2026-09-13 05:57:25.843,1,1,Read Coils,256,20872,34897,0.023
2026-09-13 05:57:29.320,1,1,Read Coils,25,3,52397,0.398
2026-09-13 05:57:29.343,1,1,Read Coils,256,20872,34897,0.023
2026-09-13 05:57:32.820,1,1,Read Coils,25,3,52397,0.398
2026-09-13 05:57:32.844,1,1,Read Coils,256,20872,34897,0.024
2026-09-13 05:57:36.320,1,1,Read Coils,25,3,52397,0.398
2026-09-13 05:57:36.344,1,1,Read Coils,256,20872,34897,0.024
2026-09-13 05:57:39.820,1,1,Read Coils,25,3,52397,0.398
2026-09-13 05:57:39.844,1,1,Read Coils,256,20872,34897,0.024
2026-09-13 05:57:43.320,1,1,Read Coils,25,3,52397,0.398
2026-09-13 05:57:43.344,1,1,Read Coils,256,20872,34897,0.024
2026-09-13 05:57:46.820,1,1,Read Coils,25,3,52397,0.398
2026-09-13 05:57:46.844,1,1,Read Coils,256,20872,34897,0.024
2026-09-13 05:57:50.320,1,1,Read Coils,25,3,52397,0.398
2026-09-13 05:57:50.344,1,1,Read Coils,256,20872,34897,0.024
2026-09-13 05:57:53.820,1,1,Read Coils,25,3,52397,0.398
2026-09-13 05:57:53.844,1,1,Read Coils,256,20872,34897,0.024
2026-09-13 05:57:57.320,1,1,Read Coils,25,3,52397,0.398
2026-09-13 05:57:57.344,1,1,Read Coils,256,20872,34897,0.024
2026-09-13 05:58:00.820,1,1,Read Coils,25,3,52397,0.397
2026-09-13 05:58:00.844,1,1,Read Coils,256,20872,34897,0.024
2026-09-13 05:58:04.320,1,1,Read Coils,25,3,52397,0.397
2026-09-13 05:58:04.344,1,1,Read Coils,256,20872,34897,0.024
2026-09-13 05:58:07.821,1,1,Read Coils,25,3,52397,0.398
2026-09-13 05:58:07.844,1,1,Read Coils,256,20872,34897,0.023
2026-09-13 05:58:11.321,1,1,Read Coils,25,3,52397,0.398
2026-09-13 05:58:11.344,1,1,Read Coils,256,20872,34897,0.023
2026-09-13 05:58:14.821,1,1,Read Coils,25,3,52397,0.398
2026-09-13 05:58:14.844,1,1,Read Coils,256,20872,34897,0.023
2026-09-13 05:58:18.321,1,1,Read Coils,25,3,52397,0.398
2026-09-13 05:58:18.344,1,1,Read Coils,256,20872,34897,0.023
2026-09-13 05:58:21.821,1,1,Read Coils,25,3,52397,0.398
2026-09-13 05:58:21.845,1,1,Read Coils,256,20872,34897,0.024
2026-09-13 05:58:25.321,1,1,Read Coils,25,3,52397,0.398
2026-09-13 05:58:25.345,1,1,Read Coils,256,20872,34897,0.024
2026-09-13 05:58:28.821,1,1,Read Coils,25,3,52397,0.398
2026-09-13 05:58:28.845,1,1,Read Coils,256,20872,34897,0.024
2026-09-13 05:58:32.370,1,1,Read Coils,25,3,52397,0.398
2026-09-13 05:58:32.394,1,1,Read Coils,256,20872,34897,0.024
2026-09-13 05:58:35.870,1,1,Read Coils,25,3,52397,0.283
2026-09-13 05:58:35.894,1,1,Read Coils,256,20872,34897,0.024
2026-09-13 05:58:39.370,1,1,Read Coils,25,3,52397,0.398
2026-09-13 05:58:39.394,1,1,Read Coils,256,20872,34897,0.024
2026-09-13 05:58:42.870,1,1,Read Coils,25,3,52397,0.398
2026-09-13 05:58:42.894,1,1,Read Coils,256,20872,34897,0.024
2026-09-13 05:58:46.370,1,1,Read Coils,25,3,52397,0.398
2026-09-13 05:58:46.394,1,1,Read Coils,256,20872,34897,0.024
2026-09-13 05:58:49.870,1,1,Read Coils,25,3,52397,0.397
2026-09-13 05:58:49.894,1,1,Read Coils,256,20872,34897,0.024
2026-09-13 05:58:53.371,1,1,Read Coils,25,3,52397,0.398
2026-09-13 05:58:53.394,1,1,Read Coils,256,20872,34897,0.023
2026-09-13 05:58:56.871,1,1,Read Coils,25,3,52397,0.398
2026-09-13 05:58:56.894,1,1,Read Coils,256,20872,34897,0.023
2026-09-13 05:59:00.371,1,1,Read Coils,25,3,52397,0.398
2026-09-13 05:59:00.394,1,1,Read Coils,256,20872,34897,0.023
2026-09-13 05:59:03.871,1,1,Read Coils,25,3,52397,0.398
2026-09-13 05:59:03.895,1,1,Read Coils,256,20872,34897,0.024
2026-09-13 05:59:07.371,1,1,Read Coils,25,3,52397,0.398
2026-09-13 05:59:07.395,1,1,Read Coils,256,20872,34897,0.024
2026-09-13 05:59:10.871,1,1,Read Coils,25,3,52397,0.398
2026-09-13 05:59:10.895,1,1,Read Coils,256,20872,34897,0.024
2026-09-13 05:59:14.371,1,1,Read Coils,25,3,52397,0.291
2026-09-13 05:59:14.395,1,1,Read Coils,256,20872,34897,0.024
2026-09-13 05:59:17.871,1,1,Read Coils,25,3,52397,0.397
2026-09-13 05:59:17.895,1,1,Read Coils,256,20872,34897,0.024
2026-09-13 05:59:21.372,1,1,Read Coils,25,3,52397,0.399
2026-09-13 05:59:21.395,1,1,Read Coils,256,20872,34897,0.023
2026-09-13 05:59:24.872,1,1,Read Coils,25,3,52397,0.398
2026-09-13 05:59:24.895,1,1,Read Coils,256,20872,34897,0.023
2026-09-13 05:59:28.372,1,1,Read Coils,25,3,52397,0.398
2026-09-13 05:59:28.395,1,1,Read Coils,256,20872,34897,0.023
2026-09-13 05:59:31.872,1,1,Read Coils,25,3,52397,0.398
2026-09-13 05:59:31.895,1,1,Read Coils,256,20872,34897,0.023
2026-09-13 05:59:35.372,1,1,Read Coils,25,3,52397,0.398
2026-09-13 05:59:35.396,1,1,Read Coils,256,20872,34897,0.024
2026-09-13 05:59:38.872,1,1,Read Coils,25,3,52397,0.398
2026-09-13 05:59:38.896,1,1,Read Coils,256,20872,34897,0.024
2026-09-13 05:59:42.372,1,1,Read Coils,25,3,52397,0.398
2026-09-13 05:59:42.396,1,1,Read Coils,256,20872,34897,0.024
2026-09-13 05:59:45.872,1,1,Read Coils,25,3,52397,0.398
2026-09-13 05:59:45.896,1,1,Read Coils,256,20872,34897,0.024
2026-09-13 05:59:49.372,1,1,Read Coils,25,3,52397,0.398
2026-09-13 05:59:49.396,1,1,Read Coils,256,20872,34897,0.024
2026-09-13 05:59:52.872,1,1,Read Coils,25,3,52397,0.397
2026-09-13 05:59:52.896,1,1,Read Coils,256,20872,34897,0.024
2026-09-13 05:59:56.373,1,1,Read Coils,25,3,52397,0.398
2026-09-13 05:59:56.396,1,1,Read Coils,256,20872,34897,0.023
2026-09-13 05:59:59.873,1,1,Read Coils,25,3,52397,0.398
2026-09-13 05:59:59.896,1,1,Read Coils,256,20872,34897,0.023
2026-09-13 06:00:03.373,1,1,Read Coils,25,3,52397,0.398
2026-09-13 06:00:03.397,1,1,Read Coils,256,20872,34897,0.024
2026-09-13 06:00:06.873,1,1,Read Coils,25,3,52397,0.398
2026-09-13 06:00:06.896,1,1,Read Coils,256,20872,34897,0.023
2026-09-13 06:00:10.373,1,1,Read Coils,25,3,52397,0.398
2026-09-13 06:00:10.397,1,1,Read Coils,256,20872,34897,0.024
2026-09-13 06:00:13.873,1,1,Read Coils,25,3,52397,0.398
2026-09-13 06:00:13.897,1,1,Read Coils,256,20872,34897,0.024
2026-09-13 06:00:17.373,1,1,Read Coils,25,3,52397,0.398
2026-09-13 06:00:17.397,1,1,Read Coils,256,20872,34897,0.024
2026-09-13 06:00:20.873,1,1,Read Coils,25,3,52397,0.398
2026-09-13 06:00:20.897,1,1,Read Coils,256,20872,34897,0.024
2026-09-13 06:00:24.374,1,1,Read Coils,25,3,52397,0.399
2026-09-13 06:00:24.397,1,1,Read Coils,256,20872,34897,0.023
2026-09-13 06:00:27.874,1,1,Read Coils,25,3,52397,0.398
2026-09-13 06:00:27.897,1,1,Read Coils,256,20872,34897,0.023
2026-09-13 06:00:31.374,1,1,Read Coils,25,3,52397,0.398
2026-09-13 06:00:31.397,1,1,Read Coils,256,20872,34897,0.023
2026-09-13 06:00:34.874,1,1,Read Coils,25,3,52397,0.398
2026-09-13 06:00:34.897,1,1,Read Coils,256,20872,34897,0.023
2026-09-13 06:00:38.374,1,1,Read Coils,25,3,52397,0.398
2026-09-13 06:00:38.397,1,1,Read Coils,256,20872,34897,0.023
2026-09-13 06:00:41.874,1,1,Read Coils,25,3,52397,0.398
2026-09-13 06:00:41.898,1,1,Read Coils,256,20872,34897,0.024
2026-09-13 06:00:45.374,1,1,Read Coils,25,3,52397,0.398
2026-09-13 06:00:45.398,1,1,Read Coils,256,20872,34897,0.024
2026-09-13 06:00:48.874,1,1,Read Coils,25,3,52397,0.398
2026-09-13 06:00:48.898,1,1,Read Coils,256,20872,34897,0.024
2026-09-13 06:00:52.374,1,1,Read Coils,25,3,52397,0.398
2026-09-13 06:00:52.398,1,1,Read Coils,256,20872,34897,0.024
2026-09-13 06:00:55.874,1,1,Read Coils,25,3,52397,0.397
2026-09-13 06:00:55.898,1,1,Read Coils,256,20872,34897,0.024
2026-09-13 06:00:59.375,1,1,Read Coils,25,3,52397,0.143
2026-09-13 06:00:59.400,1,1,Read Coils,256,20872,34897,0.025
2026-09-13 06:01:02.875,1,1,Read Coils,25,3,52397,0.398
2026-09-13 06:01:02.898,1,1,Read Coils,256,20872,34897,0.023
2026-09-13 06:01:06.375,1,1,Read Coils,25,3,52397,0.398
2026-09-13 06:01:06.398,1,1,Read Coils,256,20872,34897,0.023
2026-09-13 06:01:09.875,1,1,Read Coils,25,3,52397,0.398
2026-09-13 06:01:09.898,1,1,Read Coils,256,20872,34897,0.023
2026-09-13 06:01:13.375,1,1,Read Coils,25,3,52397,0.398
2026-09-13 06:01:13.398,1,1,Read Coils,256,20872,34897,0.023
2026-09-13 06:01:16.875,1,1,Read Coils,25,3,52397,0.398
2026-09-13 06:01:16.899,1,1,Read Coils,256,20872,34897,0.024
2026-09-13 06:01:20.375,1,1,Read Coils,25,3,52397,0.065
2026-09-13 06:01:20.399,1,1,Read Coils,256,20872,34897,0.024
2026-09-13 06:01:23.875,1,1,Read Coils,25,3,52397,0.398
2026-09-13 06:01:23.899,1,1,Read Coils,256,20872,34897,0.024
2026-09-13 06:01:27.375,1,1,Read Coils,25,3,52397,0.398
2026-09-13 06:01:27.399,1,1,Read Coils,256,20872,34897,0.024
2026-09-13 06:01:30.876,1,1,Read Coils,25,3,52397,0.399
2026-09-13 06:01:30.899,1,1,Read Coils,256,20872,34897,0.023
2026-09-13 06:01:34.376,1,1,Read Coils,25,3,52397,0.398
2026-09-13 06:01:34.399,1,1,Read Coils,256,20872,34897,0.023
2026-09-13 06:01:37.876,1,1,Read Coils,25,3,52397,0.398
2026-09-13 06:01:37.899,1,1,Read Coils,256,20872,34897,0.023
2026-09-13 06:01:41.376,1,1,Read Coils,25,3,52397,0.398
2026-09-13 06:01:41.399,1,1,Read Coils,256,20872,34897,0.023
2026-09-13 06:01:44.876,1,1,Read Coils,25,3,52397,0.398
2026-09-13 06:01:44.900,1,1,Read Coils,256,20872,34897,0.024
2026-09-13 06:01:48.376,1,1,Read Coils,25,3,52397,0.398
2026-09-13 06:01:48.400,1,1,Read Coils,256,20872,34897,0.024
2026-09-13 06:01:51.876,1,1,Read Coils,25,3,52397,0.398
2026-09-13 06:01:51.900,1,1,Read Coils,256,20872,34897,0.024
2026-09-13 06:01:55.376,1,1,Read Coils,25,3,52397,0.398
2026-09-13 06:01:55.400,1,1,Read Coils,256,20872,34897,0.024
2026-09-13 06:01:58.876,1,1,Read Coils,25,3,52397,0.397
2026-09-13 06:01:58.900,1,1,Read Coils,256,20872,34897,0.024
2026-09-13 06:02:02.376,1,1,Read Coils,25,3,52397,0.398
2026-09-13 06:02:02.400,1,1,Read Coils,256,20872,34897,0.024
2026-09-13 06:02:05.877,1,1,Read Coils,25,3,52397,0.398
2026-09-13 06:02:05.900,1,1,Read Coils,256,20872,34897,0.023
2026-09-13 06:02:09.377,1,1,Read Coils,25,3,52397,0.398
2026-09-13 06:02:09.400,1,1,Read Coils,256,20872,34897,0.023
2026-09-13 06:02:12.877,1,1,Read Coils,25,3,52397,0.398
2026-09-13 06:02:12.900,1,1,Read Coils,256,20872,34897,0.023
2026-09-13 06:02:16.377,1,1,Read Coils,25,3,52397,0.398
2026-09-13 06:02:16.400,1,1,Read Coils,256,20872,34897,0.023
2026-09-13 06:02:19.877,1,1,Read Coils,25,3,52397,0.321
2026-09-13 06:02:19.900,1,1,Read Coils,256,20872,34897,0.023
2026-09-13 06:02:23.377,1,1,Read Coils,25,3,52397,0.398
2026-09-13 06:02:23.401,1,1,Read Coils,256,20872,34897,0.024
2026-09-13 06:02:26.877,1,1,Read Coils,25,3,52397,0.398
2026-09-13 06:02:26.901,1,1,Read Coils,256,20872,34897,0.024
2026-09-13 06:02:30.377,1,1,Read Coils,25,3,52397,0.398
2026-09-13 06:02:30.401,1,1,Read Coils,256,20872,34897,0.024
2026-09-13 06:02:33.877,1,1,Read Coils,25,3,52397,0.398
2026-09-13 06:02:33.901,1,1,Read Coils,256,20872,34897,0.024
2026-09-13 06:02:37.377,1,1,Read Coils,25,3,52397,0.397
2026-09-13 06:02:37.401,1,1,Read Coils,256,20872,34897,0.024
2026-09-13 06:02:40.878,1,1,Read Coils,25,3,52397,0.125
2026-09-13 06:02:40.901,1,1,Read Coils,256,20872,34897,0.023
2026-09-13 06:02:44.378,1,1,Read Coils,25,3,52397,0.398
2026-09-13 06:02:44.401,1,1,Read Coils,256,20872,34897,0.023
2026-09-13 06:02:47.878,1,1,Read Coils,25,3,52397,0.398
2026-09-13 06:02:47.901,1,1,Read Coils,256,20872,34897,0.023
2026-09-13 06:02:51.378,1,1,Read Coils,25,3,52397,0.398
2026-09-13 06:02:51.401,1,1,Read Coils,256,20872,34897,0.023
2026-09-13 06:02:54.878,1,1,Read Coils,25,3,52397,0.398
2026-09-13 06:02:54.901,1,1,Read Coils,256,20872,34897,0.023
2026-09-13 06:02:59.103,1,1,Read Coils,25,3,52397,1.123
2026-09-13 06:02:59.127,1,1,Read Coils,256,20872,34897,0.024
2026-09-13 06:03:02.150,1,1,Read Coils,25,3,52397,0.398
2026-09-13 06:03:02.174,1,1,Read Coils,256,20872,34897,0.024
2026-09-13 06:03:05.650,1,1,Read Coils,25,3,52397,0.398
2026-09-13 06:03:05.674,1,1,Read Coils,256,20872,34897,0.024
2026-09-13 06:03:09.150,1,1,Read Coils,25,3,52397,0.398
2026-09-13 06:03:09.174,1,1,Read Coils,256,20872,34897,0.024
2026-09-13 06:03:12.650,1,1,Read Coils,25,3,52397,0.397
2026-09-13 06:03:12.674,1,1,Read Coils,256,20872,34897,0.024
2026-09-13 06:03:16.151,1,1,Read Coils,25,3,52397,0.398
2026-09-13 06:03:16.174,1,1,Read Coils,256,20872,34897,0.023
2026-09-13 06:03:19.651,1,1,Read Coils,25,3,52397,0.398
2026-09-13 06:03:19.674,1,1,Read Coils,256,20872,34897,0.023
2026-09-13 06:03:27.160,1,1,Read Coils,25,3,52397,0.398
2026-09-13 06:03:27.184,1,1,Read Coils,256,20872,34897,0.024
2026-09-13 06:03:30.660,1,1,Read Coils,25,3,52397,0.398
2026-09-13 06:03:30.684,1,1,Read Coils,256,20872,34897,0.024
2026-09-13 06:03:34.160,1,1,Read Coils,25,3,52397,0.398
2026-09-13 06:03:34.184,1,1,Read Coils,256,20872,34897,0.024
2026-09-13 06:03:37.660,1,1,Read Coils,25,3,52397,0.398
2026-09-13 06:03:37.684,1,1,Read Coils,256,20872,34897,0.024
2026-09-13 06:03:41.160,1,1,Read Coils,25,3,52397,0.337
2026-09-13 06:03:41.184,1,1,Read Coils,256,20872,34897,0.024
2026-09-13 06:03:44.660,1,1,Read Coils,25,3,52397,0.397
2026-09-13 06:03:44.684,1,1,Read Coils,256,20872,34897,0.024
2026-09-13 06:03:48.160,1,1,Read Coils,25,3,52397,0.398
2026-09-13 06:03:48.184,1,1,Read Coils,256,20872,34897,0.024
2026-09-13 06:03:51.661,1,1,Read Coils,25,3,52397,0.398
2026-09-13 06:03:51.684,1,1,Read Coils,256,20872,34897,0.023
2026-09-13 06:03:55.161,1,1,Read Coils,25,3,52397,0.398
2026-09-13 06:03:55.184,1,1,Read Coils,256,20872,34897,0.023
2026-09-13 06:03:58.661,1,1,Read Coils,25,3,52397,0.398
2026-09-13 06:03:58.684,1,1,Read Coils,256,20872,34897,0.023
2026-09-13 06:04:02.161,1,1,Read Coils,25,3,52397,0.398
2026-09-13 06:04:02.184,1,1,Read Coils,256,20872,34897,0.023
2026-09-13 06:04:05.661,1,1,Read Coils,25,3,52397,0.213
2026-09-13 06:04:05.684,1,1,Read Coils,256,20872,34897,0.023
2026-09-13 06:04:09.161,1,1,Read Coils,25,3,52397,0.398
2026-09-13 06:04:09.185,1,1,Read Coils,256,20872,34897,0.024
2026-09-13 06:04:12.661,1,1,Read Coils,25,3,52397,0.398
2026-09-13 06:04:12.685,1,1,Read Coils,256,20872,34897,0.024
2026-09-13 06:04:16.161,1,1,Read Coils,25,3,52397,0.398
2026-09-13 06:04:16.185,1,1,Read Coils,256,20872,34897,0.024
2026-09-13 06:04:19.661,1,1,Read Coils,25,3,52397,0.398
2026-09-13 06:04:19.685,1,1,Read Coils,256,20872,34897,0.024
2026-09-13 06:04:23.161,1,1,Read Coils,25,3,52397,0.191
2026-09-13 06:04:23.185,1,1,Read Coils,256,20872,34897,0.024
2026-09-13 06:04:26.661,1,1,Read Coils,25,3,52397,0.397
2026-09-13 06:04:26.685,1,1,Read Coils,256,20872,34897,0.024
2026-09-13 06:04:30.162,1,1,Read Coils,25,3,52397,0.398
2026-09-13 06:04:30.185,1,1,Read Coils,256,20872,34897,0.023
2026-09-13 06:04:33.662,1,1,Read Coils,25,3,52397,0.398
2026-09-13 06:04:33.685,1,1,Read Coils,256,20872,34897,0.023
2026-09-13 06:04:37.162,1,1,Read Coils,25,3,52397,0.398
2026-09-13 06:04:37.185,1,1,Read Coils,256,20872,34897,0.023
2026-09-13 06:04:40.662,1,1,Read Coils,25,3,52397,0.398
2026-09-13 06:04:40.685,1,1,Read Coils,256,20872,34897,0.023
2026-09-13 06:04:44.162,1,1,Read Coils,25,3,52397,0.398
2026-09-13 06:04:44.186,1,1,Read Coils,256,20872,34897,0.024
2026-09-13 06:04:47.662,1,1,Read Coils,25,3,52397,0.398
2026-09-13 06:04:47.686,1,1,Read Coils,256,20872,34897,0.024
2026-09-13 06:04:51.162,1,1,Read Coils,25,3,52397,0.398
2026-09-13 06:04:51.186,1,1,Read Coils,256,20872,34897,0.024
2026-09-13 06:04:54.662,1,1,Read Coils,25,3,52397,0.398
2026-09-13 06:04:54.686,1,1,Read Coils,256,20872,34897,0.024
2026-09-13 06:04:58.162,1,1,Read Coils,25,3,52397,0.398
2026-09-13 06:04:58.186,1,1,Read Coils,256,20872,34897,0.024
2026-09-13 06:05:01.662,1,1,Read Coils,25,3,52397,0.398
2026-09-13 06:05:01.686,1,1,Read Coils,256,20872,34897,0.024
2026-09-13 06:05:05.163,1,1,Read Coils,25,3,52397,0.398
2026-09-13 06:05:05.186,1,1,Read Coils,256,20872,34897,0.023
2026-09-13 06:05:08.663,1,1,Read Coils,25,3,52397,0.398
2026-09-13 06:05:08.686,1,1,Read Coils,256,20872,34897,0.023
2026-09-13 06:05:12.163,1,1,Read Coils,25,3,52397,0.398
2026-09-13 06:05:12.186,1,1,Read Coils,256,20872,34897,0.023
2026-09-13 06:05:15.663,1,1,Read Coils,25,3,52397,0.398
2026-09-13 06:05:15.686,1,1,Read Coils,256,20872,34897,0.023
2026-09-13 06:05:19.163,1,1,Read Coils,25,3,52397,0.173
2026-09-13 06:05:19.188,1,1,Read Coils,256,20872,34897,0.025
2026-09-13 06:05:22.663,1,1,Read Coils,25,3,52397,0.398
2026-09-13 06:05:22.687,1,1,Read Coils,256,20872,34897,0.024
2026-09-13 06:05:26.163,1,1,Read Coils,25,3,52397,0.398
2026-09-13 06:05:26.187,1,1,Read Coils,256,20872,34897,0.024
2026-09-13 06:05:29.663,1,1,Read Coils,25,3,52397,0.398
2026-09-13 06:05:29.687,1,1,Read Coils,256,20872,34897,0.024
2026-09-13 06:05:33.163,1,1,Read Coils,25,3,52397,0.398
2026-09-13 06:05:33.187,1,1,Read Coils,256,20872,34897,0.024
2026-09-13 06:05:36.663,1,1,Read Coils,25,3,52397,0.398
2026-09-13 06:05:36.687,1,1,Read Coils,256,20872,34897,0.024
2026-09-13 06:05:40.163,1,1,Read Coils,25,3,52397,0.398
2026-09-13 06:05:40.187,1,1,Read Coils,256,20872,34897,0.024
2026-09-13 06:05:43.664,1,1,Read Coils,25,3,52397,0.398
2026-09-13 06:05:43.687,1,1,Read Coils,256,20872,34897,0.023
2026-09-13 06:05:47.164,1,1,Read Coils,25,3,52397,0.398
2026-09-13 06:05:47.187,1,1,Read Coils,256,20872,34897,0.023
2026-09-13 06:05:50.664,1,1,Read Coils,25,3,52397,0.398
2026-09-13 06:05:50.687,1,1,Read Coils,256,20872,34897,0.023
2026-09-13 06:05:54.164,1,1,Read Coils,25,3,52397,0.398
2026-09-13 06:05:54.187,1,1,Read Coils,256,20872,34897,0.023
2026-09-13 06:05:57.664,1,1,Read Coils,25,3,52397,0.398
2026-09-13 06:05:57.687,1,1,Read Coils,256,20872,34897,0.023
2026-09-13 06:06:01.164,1,1,Read Coils,25,3,52397,0.398
2026-09-13 06:06:01.188,1,1,Read Coils,256,20872,34897,0.024
2026-09-13 06:06:04.664,1,1,Read Coils,25,3,52397,0.398
2026-09-13 06:06:04.688,1,1,Read Coils,256,20872,34897,0.024
2026-09-13 06:06:08.164,1,1,Read Coils,25,3,52397,0.398
2026-09-13 06:06:08.188,1,1,Read Coils,256,20872,34897,0.024
2026-09-13 06:06:11.664,1,1,Read Coils,25,3,52397,0.398
2026-09-13 06:06:11.688,1,1,Read Coils,256,20872,34897,0.024
2026-09-13 06:06:15.164,1,1,Read Coils,25,3,52397,0.398
2026-09-13 06:06:15.188,1,1,Read Coils,256,20872,34897,0.024
2026-09-13 06:06:18.665,1,1,Read Coils,25,3,52397,0.398
2026-09-13 06:06:18.688,1,1,Read Coils,256,20872,34897,0.023
2026-09-13 06:06:22.165,1,1,Read Coils,25,3,52397,0.398
2026-09-13 06:06:22.188,1,1,Read Coils,256,20872,34897,0.023
2026-09-13 06:06:25.665,1,1,Read Coils,25,3,52397,0.398
2026-09-13 06:06:25.688,1,1,Read Coils,256,20872,34897,0.023
2026-09-13 06:06:29.165,1,1,Read Coils,25,3,52397,0.398
2026-09-13 06:06:29.188,1,1,Read Coils,256,20872,34897,0.023
2026-09-13 06:06:32.665,1,1,Read Coils,25,3,52397,0.398
2026-09-13 06:06:32.689,1,1,Read Coils,256,20872,34897,0.024
2026-09-13 06:06:36.188,1,1,Read Coils,25,3,52397,0.398
2026-09-13 06:06:36.212,1,1,Read Coils,256,20872,34897,0.024
2026-09-13 06:06:39.688,1,1,Read Coils,25,3,52397,0.398
2026-09-13 06:06:39.712,1,1,Read Coils,256,20872,34897,0.024
2026-09-13 06:06:43.188,1,1,Read Coils,25,3,52397,0.398
2026-09-13 06:06:43.212,1,1,Read Coils,256,20872,34897,0.024
2026-09-13 06:06:46.688,1,1,Read Coils,25,3,52397,0.398
2026-09-13 06:06:46.712,1,1,Read Coils,256,20872,34897,0.024
2026-09-13 06:06:50.188,1,1,Read Coils,25,3,52397,0.398
2026-09-13 06:06:50.212,1,1,Read Coils,256,20872,34897,0.024
2026-09-13 06:06:53.688,1,1,Read Coils,25,3,52397,0.398
2026-09-13 06:06:53.712,1,1,Read Coils,256,20872,34897,0.024
2026-09-13 06:06:57.188,1,1,Read Coils,25,3,52397,0.397
2026-09-13 06:06:57.212,1,1,Read Coils,256,20872,34897,0.024
2026-09-13 06:07:00.689,1,1,Read Coils,25,3,52397,0.398
2026-09-13 06:07:00.712,1,1,Read Coils,256,20872,34897,0.023
2026-09-13 06:07:04.189,1,1,Read Coils,25,3,52397,0.398
2026-09-13 06:07:04.212,1,1,Read Coils,256,20872,34897,0.023
2026-09-13 06:07:07.689,1,1,Read Coils,25,3,52397,0.398
2026-09-13 06:07:07.712,1,1,Read Coils,256,20872,34897,0.023
2026-09-13 06:07:11.189,1,1,Read Coils,25,3,52397,0.398
2026-09-13 06:07:11.213,1,1,Read Coils,256,20872,34897,0.024
2026-09-13 06:07:19.276,1,1,Read Coils,25,3,52397,0.398
2026-09-13 06:07:19.300,1,1,Read Coils,256,20872,34897,0.024
2026-09-13 06:07:22.776,1,1,Read Coils,25,3,52397,0.398
2026-09-13 06:07:22.800,1,1,Read Coils,256,20872,34897,0.024
2026-09-13 06:07:26.276,1,1,Read Coils,25,3,52397,0.397
2026-09-13 06:07:26.300,1,1,Read Coils,256,20872,34897,0.024
2026-09-13 06:07:29.776,1,1,Read Coils,25,3,52397,0.398
2026-09-13 06:07:29.800,1,1,Read Coils,256,20872,34897,0.024
2026-09-13 06:07:33.302,1,1,Read Coils,25,3,52397,0.398
2026-09-13 06:07:33.326,1,1,Read Coils,256,20872,34897,0.024
2026-09-13 06:07:36.803,1,1,Read Coils,25,3,52397,0.399
2026-09-13 06:07:36.826,1,1,Read Coils,256,20872,34897,0.023
2026-09-13 06:07:40.303,1,1,Read Coils,25,3,52397,0.398
2026-09-13 06:07:40.326,1,1,Read Coils,256,20872,34897,0.023
2026-09-13 06:07:43.803,1,1,Read Coils,25,3,52397,0.398
2026-09-13 06:07:43.826,1,1,Read Coils,256,20872,34897,0.023
2026-09-13 06:07:47.303,1,1,Read Coils,25,3,52397,0.398
2026-09-13 06:07:47.326,1,1,Read Coils,256,20872,34897,0.023
2026-09-13 06:07:50.803,1,1,Read Coils,25,3,52397,0.398
2026-09-13 06:07:50.826,1,1,Read Coils,256,20872,34897,0.023
2026-09-13 06:07:54.303,1,1,Read Coils,25,3,52397,0.398
2026-09-13 06:07:54.327,1,1,Read Coils,256,20872,34897,0.024
2026-09-13 06:07:57.809,1,1,Read Coils,25,3,52397,0.398
2026-09-13 06:07:57.833,1,1,Read Coils,256,20872,34897,0.024
2026-09-13 06:08:01.309,1,1,Read Coils,25,3,52397,0.398
2026-09-13 06:08:01.333,1,1,Read Coils,256,20872,34897,0.024
2026-09-13 06:08:04.809,1,1,Read Coils,25,3,52397,0.398
2026-09-13 06:08:04.833,1,1,Read Coils,256,20872,34897,0.024
2026-09-13 06:08:08.309,1,1,Read Coils,25,3,52397,0.398
2026-09-13 06:08:08.333,1,1,Read Coils,256,20872,34897,0.024
2026-09-13 06:08:11.809,1,1,Read Coils,25,3,52397,0.398
2026-09-13 06:08:11.833,1,1,Read Coils,256,20872,34897,0.024
2026-09-13 06:08:15.310,1,1,Read Coils,25,3,52397,0.398
2026-09-13 06:08:15.333,1,1,Read Coils,256,20872,34897,0.023
2026-09-13 06:08:18.810,1,1,Read Coils,25,3,52397,0.398
2026-09-13 06:08:18.833,1,1,Read Coils,256,20872,34897,0.023
2026-09-13 06:08:22.310,1,1,Read Coils,25,3,52397,0.398
2026-09-13 06:08:22.333,1,1,Read Coils,256,20872,34897,0.023
2026-09-13 06:08:25.810,1,1,Read Coils,25,3,52397,0.398
2026-09-13 06:08:25.833,1,1,Read Coils,256,20872,34897,0.023
2026-09-13 06:08:29.310,1,1,Read Coils,25,3,52397,0.398
2026-09-13 06:08:29.333,1,1,Read Coils,256,20872,34897,0.023
2026-09-13 06:08:32.810,1,1,Read Coils,25,3,52397,0.398
2026-09-13 06:08:32.833,1,1,Read Coils,256,20872,34897,0.023
2026-09-13 06:08:36.310,1,1,Read Coils,25,3,52397,0.398
2026-09-13 06:08:36.334,1,1,Read Coils,256,20872,34897,0.024
2026-09-13 06:08:39.810,1,1,Read Coils,25,3,52397,0.398
2026-09-13 06:08:39.834,1,1,Read Coils,256,20872,34897,0.024
2026-09-13 06:08:43.310,1,1,Read Coils,25,3,52397,0.398
2026-09-13 06:08:43.334,1,1,Read Coils,256,20872,34897,0.024
2026-09-13 06:08:46.824,1,1,Read Coils,25,3,52397,0.398
2026-09-13 06:08:46.848,1,1,Read Coils,256,20872,34897,0.024
2026-09-13 06:08:50.324,1,1,Read Coils,25,3,52397,0.398
2026-09-13 06:08:50.348,1,1,Read Coils,256,20872,34897,0.024
2026-09-13 06:08:53.824,1,1,Read Coils,25,3,52397,0.398
2026-09-13 06:08:53.848,1,1,Read Coils,256,20872,34897,0.024
2026-09-13 06:08:57.325,1,1,Read Coils,25,3,52397,0.398
2026-09-13 06:08:57.348,1,1,Read Coils,256,20872,34897,0.023
2026-09-13 06:09:00.825,1,1,Read Coils,25,3,52397,0.398
2026-09-13 06:09:00.848,1,1,Read Coils,256,20872,34897,0.023
2026-09-13 06:09:04.325,1,1,Read Coils,25,3,52397,0.398
2026-09-13 06:09:04.348,1,1,Read Coils,256,20872,34897,0.023
2026-09-13 06:09:07.831,1,1,Read Coils,25,3,52397,0.026
2026-09-13 06:09:07.854,1,1,Read Coils,256,20872,34897,0.023
2026-09-13 06:09:11.330,1,1,Read Coils,25,3,52397,0.398
2026-09-13 06:09:11.353,1,1,Read Coils,256,20872,34897,0.023
2026-09-13 06:09:14.830,1,1,Read Coils,25,3,52397,0.398
2026-09-13 06:09:14.854,1,1,Read Coils,256,20872,34897,0.024
2026-09-13 06:09:18.330,1,1,Read Coils,25,3,52397,0.398
2026-09-13 06:09:18.354,1,1,Read Coils,256,20872,34897,0.024
2026-09-13 06:09:21.830,1,1,Read Coils,25,3,52397,0.398
2026-09-13 06:09:21.854,1,1,Read Coils,256,20872,34897,0.024
2026-09-13 06:09:25.330,1,1,Read Coils,25,3,52397,0.398
2026-09-13 06:09:25.354,1,1,Read Coils,256,20872,34897,0.024
2026-09-13 06:09:28.830,1,1,Read Coils,25,3,52397,0.398
2026-09-13 06:09:28.854,1,1,Read Coils,256,20872,34897,0.024
2026-09-13 06:09:32.330,1,1,Read Coils,25,3,52397,0.195
2026-09-13 06:09:32.354,1,1,Read Coils,256,20872,34897,0.024
2026-09-13 06:09:35.831,1,1,Read Coils,25,3,52397,0.398
2026-09-13 06:09:35.854,1,1,Read Coils,256,20872,34897,0.023
2026-09-13 06:09:39.331,1,1,Read Coils,25,3,52397,0.398
2026-09-13 06:09:39.354,1,1,Read Coils,256,20872,34897,0.023
2026-09-13 06:09:42.831,1,1,Read Coils,25,3,52397,0.398
2026-09-13 06:09:42.854,1,1,Read Coils,256,20872,34897,0.023
2026-09-13 06:09:46.331,1,1,Read Coils,25,3,52397,0.398
2026-09-13 06:09:46.354,1,1,Read Coils,256,20872,34897,0.023
2026-09-13 06:09:49.831,1,1,Read Coils,25,3,52397,0.398
2026-09-13 06:09:49.854,1,1,Read Coils,256,20872,34897,0.023
2026-09-13 06:09:53.331,1,1,Read Coils,25,3,52397,0.398
2026-09-13 06:09:53.355,1,1,Read Coils,256,20872,34897,0.024
2026-09-13 06:09:56.831,1,1,Read Coils,25,3,52397,0.398
2026-09-13 06:09:56.855,1,1,Read Coils,256,20872,34897,0.024
2026-09-13 06:10:00.331,1,1,Read Coils,25,3,52397,0.398
2026-09-13 06:10:00.355,1,1,Read Coils,256,20872,34897,0.024
2026-09-13 06:10:03.831,1,1,Read Coils,25,3,52397,0.398
2026-09-13 06:10:03.855,1,1,Read Coils,256,20872,34897,0.024
2026-09-13 06:10:07.331,1,1,Read Coils,25,3,52397,0.397
2026-09-13 06:10:07.355,1,1,Read Coils,256,20872,34897,0.024
2026-09-13 06:10:10.831,1,1,Read Coils,25,3,52397,0.398
2026-09-13 06:10:10.855,1,1,Read Coils,256,20872,34897,0.024
2026-09-13 06:10:14.331,1,1,Read Coils,25,3,52397,0.398
2026-09-13 06:10:14.355,1,1,Read Coils,256,20872,34897,0.024
2026-09-13 06:10:17.832,1,1,Read Coils,25,3,52397,0.398
2026-09-13 06:10:17.855,1,1,Read Coils,256,20872,34897,0.023
2026-09-13 06:10:21.332,1,1,Read Coils,25,3,52397,0.398
2026-09-13 06:10:21.355,1,1,Read Coils,256,20872,34897,0.023
2026-09-13 06:10:24.832,1,1,Read Coils,25,3,52397,0.398
2026-09-13 06:10:24.855,1,1,Read Coils,256,20872,34897,0.023
2026-09-13 06:10:28.332,1,1,Read Coils,25,3,52397,0.398
2026-09-13 06:10:28.355,1,1,Read Coils,256,20872,34897,0.023
2026-09-13 06:10:31.832,1,1,Read Coils,25,3,52397,0.398
2026-09-13 06:10:31.856,1,1,Read Coils,256,20872,34897,0.024
2026-09-13 06:10:35.332,1,1,Read Coils,25,3,52397,0.398
2026-09-13 06:10:35.356,1,1,Read Coils,256,20872,34897,0.024
2026-09-13 06:10:38.832,1,1,Read Coils,25,3,52397,0.398
2026-09-13 06:10:38.856,1,1,Read Coils,256,20872,34897,0.024
2026-09-13 06:10:42.332,1,1,Read Coils,25,3,52397,0.398
2026-09-13 06:10:42.356,1,1,Read Coils,256,20872,34897,0.024
2026-09-13 06:10:45.832,1,1,Read Coils,25,3,52397,0.398
2026-09-13 06:10:45.856,1,1,Read Coils,256,20872,34897,0.024
2026-09-13 06:10:49.332,1,1,Read Coils,25,3,52397,0.398
2026-09-13 06:10:49.356,1,1,Read Coils,256,20872,34897,0.024
2026-09-13 06:10:52.832,1,1,Read Coils,25,3,52397,0.398
2026-09-13 06:10:52.856,1,1,Read Coils,256,20872,34897,0.024
2026-09-13 06:10:56.332,1,1,Read Coils,25,3,52397,0.398
2026-09-13 06:10:56.356,1,1,Read Coils,256,20872,34897,0.024
2026-09-13 06:10:59.833,1,1,Read Coils,25,3,52397,0.398
2026-09-13 06:10:59.856,1,1,Read Coils,256,20872,34897,0.023
2026-09-13 06:11:03.333,1,1,Read Coils,25,3,52397,0.398
2026-09-13 06:11:03.356,1,1,Read Coils,256,20872,34897,0.023
2026-09-13 06:11:06.833,1,1,Read Coils,25,3,52397,0.398
2026-09-13 06:11:06.856,1,1,Read Coils,256,20872,34897,0.023
2026-09-13 06:11:10.333,1,1,Read Coils,25,3,52397,0.398
2026-09-13 06:11:10.356,1,1,Read Coils,256,20872,34897,0.023
2026-09-13 06:11:13.833,1,1,Read Coils,25,3,52397,0.398
2026-09-13 06:11:13.856,1,1,Read Coils,256,20872,34897,0.023
2026-09-13 06:11:17.333,1,1,Read Coils,25,3,52397,0.398
2026-09-13 06:11:17.357,1,1,Read Coils,256,20872,34897,0.024
2026-09-13 06:11:20.833,1,1,Read Coils,25,3,52397,0.398
2026-09-13 06:11:20.857,1,1,Read Coils,256,20872,34897,0.024
2026-09-13 06:11:24.333,1,1,Read Coils,25,3,52397,0.398
2026-09-13 06:11:24.357,1,1,Read Coils,256,20872,34897,0.024
2026-09-13 06:11:27.833,1,1,Read Coils,25,3,52397,0.398
2026-09-13 06:11:27.857,1,1,Read Coils,256,20872,34897,0.024
2026-09-13 06:11:31.592,1,1,Read Coils,25,3,52397,0.035
2026-09-13 06:11:31.615,1,1,Read Coils,256,20872,34897,0.023
2026-09-13 06:11:35.091,1,1,Read Coils,25,3,52397,0.398
2026-09-13 06:11:35.115,1,1,Read Coils,256,20872,34897,0.024
2026-09-13 06:11:38.592,1,1,Read Coils,25,3,52397,0.399
2026-09-13 06:11:38.615,1,1,Read Coils,256,20872,34897,0.023
2026-09-13 06:11:42.092,1,1,Read Coils,25,3,52397,0.281
2026-09-13 06:11:42.115,1,1,Read Coils,256,20872,34897,0.023
2026-09-13 06:11:45.592,1,1,Read Coils,25,3,52397,0.398
2026-09-13 06:11:45.615,1,1,Read Coils,256,20872,34897,0.023
2026-09-13 06:11:49.092,1,1,Read Coils,25,3,52397,0.398
2026-09-13 06:11:49.115,1,1,Read Coils,256,20872,34897,0.023
2026-09-13 06:11:52.592,1,1,Read Coils,25,3,52397,0.398
2026-09-13 06:11:52.615,1,1,Read Coils,256,20872,34897,0.023
2026-09-13 06:11:56.092,1,1,Read Coils,25,3,52397,0.398
2026-09-13 06:11:56.116,1,1,Read Coils,256,20872,34897,0.024
2026-09-13 06:11:59.592,1,1,Read Coils,25,3,52397,0.398
2026-09-13 06:11:59.616,1,1,Read Coils,256,20872,34897,0.024
2026-09-13 06:12:03.092,1,1,Read Coils,25,3,52397,0.398
2026-09-13 06:12:03.116,1,1,Read Coils,256,20872,34897,0.024
2026-09-13 06:12:06.592,1,1,Read Coils,25,3,52397,0.398
2026-09-13 06:12:06.616,1,1,Read Coils,256,20872,34897,0.024
2026-09-13 06:12:10.092,1,1,Read Coils,25,3,52397,0.398
2026-09-13 06:12:10.116,1,1,Read Coils,256,20872,34897,0.024
2026-09-13 06:12:13.592,1,1,Read Coils,25,3,52397,0.398
2026-09-13 06:12:13.616,1,1,Read Coils,256,20872,34897,0.024
2026-09-13 06:12:17.092,1,1,Read Coils,25,3,52397,0.398
2026-09-13 06:12:17.116,1,1,Read Coils,256,20872,34897,0.024
2026-09-13 06:12:20.593,1,1,Read Coils,25,3,52397,0.398
2026-09-13 06:12:20.616,1,1,Read Coils,256,20872,34897,0.023
2026-09-13 06:12:24.093,1,1,Read Coils,25,3,52397,0.398
2026-09-13 06:12:24.116,1,1,Read Coils,256,20872,34897,0.023
2026-09-13 06:12:27.593,1,1,Read Coils,25,3,52397,0.398
2026-09-13 06:12:27.616,1,1,Read Coils,256,20872,34897,0.023
2026-09-13 06:12:31.093,1,1,Read Coils,25,3,52397,0.398
2026-09-13 06:12:31.116,1,1,Read Coils,256,20872,34897,0.023
2026-09-13 06:12:34.593,1,1,Read Coils,25,3,52397,0.398
2026-09-13 06:12:34.616,1,1,Read Coils,256,20872,34897,0.023
2026-09-13 06:12:38.093,1,1,Read Coils,25,3,52397,0.398
2026-09-13 06:12:38.116,1,1,Read Coils,256,20872,34897,0.023
2026-09-13 06:12:41.593,1,1,Read Coils,25,3,52397,0.398
2026-09-13 06:12:41.617,1,1,Read Coils,256,20872,34897,0.024
2026-09-13 06:12:45.093,1,1,Read Coils,25,3,52397,0.398
2026-09-13 06:12:45.117,1,1,Read Coils,256,20872,34897,0.024
2026-09-13 06:12:48.593,1,1,Read Coils,25,3,52397,0.398
2026-09-13 06:12:48.617,1,1,Read Coils,256,20872,34897,0.024
2026-09-13 06:12:52.093,1,1,Read Coils,25,3,52397,0.398
2026-09-13 06:12:52.117,1,1,Read Coils,256,20872,34897,0.024
2026-09-13 06:12:55.593,1,1,Read Coils,25,3,52397,0.398
2026-09-13 06:12:55.617,1,1,Read Coils,256,20872,34897,0.024
2026-09-13 06:12:59.093,1,1,Read Coils,25,3,52397,0.397
2026-09-13 06:12:59.117,1,1,Read Coils,256,20872,34897,0.024
2026-09-13 06:13:02.594,1,1,Read Coils,25,3,52397,0.398
2026-09-13 06:13:02.617,1,1,Read Coils,256,20872,34897,0.023
2026-09-13 06:13:06.094,1,1,Read Coils,25,3,52397,0.398
2026-09-13 06:13:06.117,1,1,Read Coils,256,20872,34897,0.023
2026-09-13 06:13:09.594,1,1,Read Coils,25,3,52397,0.398
2026-09-13 06:13:09.617,1,1,Read Coils,256,20872,34897,0.023
2026-09-13 06:13:13.094,1,1,Read Coils,25,3,52397,0.398
2026-09-13 06:13:13.117,1,1,Read Coils,256,20872,34897,0.023
2026-09-13 06:13:16.594,1,1,Read Coils,25,3,52397,0.398
2026-09-13 06:13:16.617,1,1,Read Coils,256,20872,34897,0.023
2026-09-13 06:13:20.094,1,1,Read Coils,25,3,52397,0.398
2026-09-13 06:13:20.118,1,1,Read Coils,256,20872,34897,0.024
2026-09-13 06:13:23.594,1,1,Read Coils,25,3,52397,0.239
2026-09-13 06:13:23.618,1,1,Read Coils,256,20872,34897,0.024
2026-09-13 06:13:27.094,1,1,Read Coils,25,3,52397,0.398
2026-09-13 06:13:27.118,1,1,Read Coils,256,20872,34897,0.024
2026-09-13 06:13:30.594,1,1,Read Coils,25,3,52397,0.398
2026-09-13 06:13:30.618,1,1,Read Coils,256,20872,34897,0.024
2026-09-13 06:13:34.094,1,1,Read Coils,25,3,52397,0.398
2026-09-13 06:13:34.118,1,1,Read Coils,256,20872,34897,0.024
2026-09-13 06:13:37.594,1,1,Read Coils,25,3,52397,0.398
2026-09-13 06:13:37.618,1,1,Read Coils,256,20872,34897,0.024
2026-09-13 06:13:41.094,1,1,Read Coils,25,3,52397,0.398
2026-09-13 06:13:41.118,1,1,Read Coils,256,20872,34897,0.024
2026-09-13 06:13:44.595,1,1,Read Coils,25,3,52397,0.399
2026-09-13 06:13:44.618,1,1,Read Coils,256,20872,34897,0.023
2026-09-13 06:13:48.095,1,1,Read Coils,25,3,52397,0.398
2026-09-13 06:13:48.118,1,1,Read Coils,256,20872,34897,0.023
2026-09-13 06:13:51.595,1,1,Read Coils,25,3,52397,0.398
2026-09-13 06:13:51.618,1,1,Read Coils,256,20872,34897,0.023
2026-09-13 06:13:55.095,1,1,Read Coils,25,3,52397,0.398
2026-09-13 06:13:55.118,1,1,Read Coils,256,20872,34897,0.023
2026-09-13 06:13:58.595,1,1,Read Coils,25,3,52397,0.398
2026-09-13 06:13:58.618,1,1,Read Coils,256,20872,34897,0.023
2026-09-13 06:14:02.095,1,1,Read Coils,25,3,52397,0.398
2026-09-13 06:14:02.119,1,1,Read Coils,256,20872,34897,0.024
2026-09-13 06:14:05.595,1,1,Read Coils,25,3,52397,0.398
2026-09-13 06:14:05.619,1,1,Read Coils,256,20872,34897,0.024
2026-09-13 06:14:09.095,1,1,Read Coils,25,3,52397,0.398
2026-09-13 06:14:09.119,1,1,Read Coils,256,20872,34897,0.024
2026-09-13 06:14:12.595,1,1,Read Coils,25,3,52397,0.398
2026-09-13 06:14:12.619,1,1,Read Coils,256,20872,34897,0.024
2026-09-13 06:14:16.095,1,1,Read Coils,25,3,52397,0.398
2026-09-13 06:14:16.119,1,1,Read Coils,256,20872,34897,0.024
2026-09-13 06:14:19.595,1,1,Read Coils,25,3,52397,0.398
2026-09-13 06:14:19.619,1,1,Read Coils,256,20872,34897,0.024
2026-09-13 06:14:23.095,1,1,Read Coils,25,3,52397,0.398
2026-09-13 06:14:23.119,1,1,Read Coils,256,20872,34897,0.024
2026-09-13 06:14:26.596,1,1,Read Coils,25,3,52397,0.399
2026-09-13 06:14:26.619,1,1,Read Coils,256,20872,34897,0.023
2026-09-13 06:14:30.096,1,1,Read Coils,25,3,52397,0.398
2026-09-13 06:14:30.119,1,1,Read Coils,256,20872,34897,0.023
2026-09-13 06:14:33.596,1,1,Read Coils,25,3,52397,0.398
2026-09-13 06:14:33.619,1,1,Read Coils,256,20872,34897,0.023
2026-09-13 06:14:37.096,1,1,Read Coils,25,3,52397,0.398
2026-09-13 06:14:37.119,1,1,Read Coils,256,20872,34897,0.023
2026-09-13 06:14:40.596,1,1,Read Coils,25,3,52397,0.398
2026-09-13 06:14:40.619,1,1,Read Coils,256,20872,34897,0.023
2026-09-13 06:14:44.096,1,1,Read Coils,25,3,52397,0.398
2026-09-13 06:14:44.120,1,1,Read Coils,256,20872,34897,0.024
2026-09-13 06:14:47.596,1,1,Read Coils,25,3,52397,0.398
2026-09-13 06:14:47.620,1,1,Read Coils,256,20872,34897,0.024
2026-09-13 06:14:51.096,1,1,Read Coils,25,3,52397,0.398
2026-09-13 06:14:51.120,1,1,Read Coils,256,20872,34897,0.024
2026-09-13 06:14:54.596,1,1,Read Coils,25,3,52397,0.398
2026-09-13 06:14:54.620,1,1,Read Coils,256,20872,34897,0.024
2026-09-13 06:14:58.096,1,1,Read Coils,25,3,52397,0.398
2026-09-13 06:14:58.120,1,1,Read Coils,256,20872,34897,0.024
2026-09-13 06:15:01.596,1,1,Read Coils,25,3,52397,0.398
2026-09-13 06:15:01.620,1,1,Read Coils,256,20872,34897,0.024
2026-09-13 06:15:05.096,1,1,Read Coils,25,3,52397,0.398
2026-09-13 06:15:05.120,1,1,Read Coils,256,20872,34897,0.024
2026-09-13 06:15:08.596,1,1,Read Coils,25,3,52397,0.398
2026-09-13 06:15:08.620,1,1,Read Coils,256,20872,34897,0.024
2026-09-13 06:15:12.097,1,1,Read Coils,25,3,52397,0.398
2026-09-13 06:15:12.120,1,1,Read Coils,256,20872,34897,0.023
2026-09-13 06:15:15.597,1,1,Read Coils,25,3,52397,0.398
2026-09-13 06:15:15.620,1,1,Read Coils,256,20872,34897,0.023
2026-09-13 06:15:19.097,1,1,Read Coils,25,3,52397,0.398
2026-09-13 06:15:19.120,1,1,Read Coils,256,20872,34897,0.023
2026-09-13 06:15:22.597,1,1,Read Coils,25,3,52397,0.398
2026-09-13 06:15:22.620,1,1,Read Coils,256,20872,34897,0.023
2026-09-13 06:15:26.097,1,1,Read Coils,25,3,52397,0.398
2026-09-13 06:15:26.120,1,1,Read Coils,256,20872,34897,0.023
2026-09-13 06:15:29.597,1,1,Read Coils,25,3,52397,0.398
2026-09-13 06:15:29.621,1,1,Read Coils,256,20872,34897,0.024
2026-09-13 06:15:33.097,1,1,Read Coils,25,3,52397,0.398
2026-09-13 06:15:33.121,1,1,Read Coils,256,20872,34897,0.024
2026-09-13 06:15:36.597,1,1,Read Coils,25,3,52397,0.398
2026-09-13 06:15:36.621,1,1,Read Coils,256,20872,34897,0.024
2026-09-13 06:15:40.097,1,1,Read Coils,25,3,52397,0.398
2026-09-13 06:15:40.121,1,1,Read Coils,256,20872,34897,0.024
2026-09-13 06:15:43.597,1,1,Read Coils,25,3,52397,0.398
2026-09-13 06:15:43.621,1,1,Read Coils,256,20872,34897,0.024
2026-09-13 06:15:47.290,1,1,Read Coils,25,3,52397,0.387
2026-09-13 06:15:47.314,1,1,Read Coils,256,20872,34897,0.024
2026-09-13 06:15:50.790,1,1,Read Coils,25,3,52397,0.398
2026-09-13 06:15:50.814,1,1,Read Coils,256,20872,34897,0.024
2026-09-13 06:15:54.291,1,1,Read Coils,25,3,52397,0.398
2026-09-13 06:15:54.314,1,1,Read Coils,256,20872,34897,0.023
2026-09-13 06:15:57.791,1,1,Read Coils,25,3,52397,0.398
2026-09-13 06:15:57.814,1,1,Read Coils,256,20872,34897,0.023
2026-09-13 06:16:01.291,1,1,Read Coils,25,3,52397,0.398
2026-09-13 06:16:01.314,1,1,Read Coils,256,20872,34897,0.023
2026-09-13 06:16:04.791,1,1,Read Coils,25,3,52397,0.398
2026-09-13 06:16:04.815,1,1,Read Coils,256,20872,34897,0.024
2026-09-13 06:16:08.291,1,1,Read Coils,25,3,52397,0.398
2026-09-13 06:16:08.314,1,1,Read Coils,256,20872,34897,0.023
2026-09-13 06:16:11.791,1,1,Read Coils,25,3,52397,0.398
2026-09-13 06:16:11.815,1,1,Read Coils,256,20872,34897,0.024
2026-09-13 06:16:15.291,1,1,Read Coils,25,3,52397,0.398
2026-09-13 06:16:15.315,1,1,Read Coils,256,20872,34897,0.024
2026-09-13 06:16:18.791,1,1,Read Coils,25,3,52397,0.398
2026-09-13 06:16:18.815,1,1,Read Coils,256,20872,34897,0.024
2026-09-13 06:16:22.291,1,1,Read Coils,25,3,52397,0.398
2026-09-13 06:16:22.315,1,1,Read Coils,256,20872,34897,0.024
2026-09-13 06:16:25.791,1,1,Read Coils,25,3,52397,0.398
2026-09-13 06:16:25.815,1,1,Read Coils,256,20872,34897,0.024
2026-09-13 06:16:29.291,1,1,Read Coils,25,3,52397,0.398
2026-09-13 06:16:29.315,1,1,Read Coils,256,20872,34897,0.024
2026-09-13 06:16:32.791,1,1,Read Coils,25,3,52397,0.278
2026-09-13 06:16:32.816,1,1,Read Coils,256,20872,34897,0.025
2026-09-13 06:16:36.292,1,1,Read Coils,25,3,52397,0.398
2026-09-13 06:16:36.315,1,1,Read Coils,256,20872,34897,0.023
2026-09-13 06:16:39.792,1,1,Read Coils,25,3,52397,0.398
2026-09-13 06:16:39.815,1,1,Read Coils,256,20872,34897,0.023
2026-09-13 06:16:43.292,1,1,Read Coils,25,3,52397,0.398
2026-09-13 06:16:43.315,1,1,Read Coils,256,20872,34897,0.023
2026-09-13 06:16:46.792,1,1,Read Coils,25,3,52397,0.398
2026-09-13 06:16:46.815,1,1,Read Coils,256,20872,34897,0.023
2026-09-13 06:16:50.292,1,1,Read Coils,25,3,52397,0.398
2026-09-13 06:16:50.315,1,1,Read Coils,256,20872,34897,0.023
2026-09-13 06:16:53.792,1,1,Read Coils,25,3,52397,0.398
2026-09-13 06:16:53.816,1,1,Read Coils,256,20872,34897,0.024
2026-09-13 06:16:57.292,1,1,Read Coils,25,3,52397,0.398
2026-09-13 06:16:57.316,1,1,Read Coils,256,20872,34897,0.024
2026-09-13 06:17:00.792,1,1,Read Coils,25,3,52397,0.398
2026-09-13 06:17:00.816,1,1,Read Coils,256,20872,34897,0.024
2026-09-13 06:17:04.292,1,1,Read Coils,25,3,52397,0.398
2026-09-13 06:17:04.316,1,1,Read Coils,256,20872,34897,0.024
2026-09-13 06:17:07.792,1,1,Read Coils,25,3,52397,0.398
2026-09-13 06:17:07.816,1,1,Read Coils,256,20872,34897,0.024
2026-09-13 06:17:11.292,1,1,Read Coils,25,3,52397,0.397
2026-09-13 06:17:11.316,1,1,Read Coils,256,20872,34897,0.024
2026-09-13 06:17:14.792,1,1,Read Coils,25,3,52397,0.398
2026-09-13 06:17:14.816,1,1,Read Coils,256,20872,34897,0.024
2026-09-13 06:17:18.292,1,1,Read Coils,25,3,52397,0.398
2026-09-13 06:17:18.316,1,1,Read Coils,256,20872,34897,0.024
2026-09-13 06:17:21.793,1,1,Read Coils,25,3,52397,0.398
2026-09-13 06:17:21.816,1,1,Read Coils,256,20872,34897,0.023
2026-09-13 06:17:25.293,1,1,Read Coils,25,3,52397,0.398
2026-09-13 06:17:25.316,1,1,Read Coils,256,20872,34897,0.023
2026-09-13 06:17:28.793,1,1,Read Coils,25,3,52397,0.398
2026-09-13 06:17:28.816,1,1,Read Coils,256,20872,34897,0.023
2026-09-13 06:17:32.293,1,1,Read Coils,25,3,52397,0.398
2026-09-13 06:17:32.316,1,1,Read Coils,256,20872,34897,0.023
2026-09-13 06:17:35.793,1,1,Read Coils,25,3,52397,0.398
2026-09-13 06:17:35.817,1,1,Read Coils,256,20872,34897,0.024
2026-09-13 06:17:39.293,1,1,Read Coils,25,3,52397,0.398
2026-09-13 06:17:39.317,1,1,Read Coils,256,20872,34897,0.024
2026-09-13 06:17:42.835,1,1,Read Coils,25,3,52397,0.398
2026-09-13 06:17:42.859,1,1,Read Coils,256,20872,34897,0.024
2026-09-13 06:17:46.335,1,1,Read Coils,25,3,52397,0.398
2026-09-13 06:17:46.359,1,1,Read Coils,256,20872,34897,0.024
2026-09-13 06:17:49.835,1,1,Read Coils,25,3,52397,0.398
2026-09-13 06:17:49.859,1,1,Read Coils,256,20872,34897,0.024
2026-09-13 06:17:53.335,1,1,Read Coils,25,3,52397,0.398
2026-09-13 06:17:53.359,1,1,Read Coils,256,20872,34897,0.024
2026-09-13 06:17:56.835,1,1,Read Coils,25,3,52397,0.398
2026-09-13 06:17:56.859,1,1,Read Coils,256,20872,34897,0.024
2026-09-13 06:18:00.335,1,1,Read Coils,25,3,52397,0.397
2026-09-13 06:18:00.359,1,1,Read Coils,256,20872,34897,0.024
2026-09-13 06:18:03.836,1,1,Read Coils,25,3,52397,0.398
2026-09-13 06:18:03.859,1,1,Read Coils,256,20872,34897,0.023
2026-09-13 06:18:07.336,1,1,Read Coils,25,3,52397,0.398
2026-09-13 06:18:07.359,1,1,Read Coils,256,20872,34897,0.023
2026-09-13 06:18:10.836,1,1,Read Coils,25,3,52397,0.398
2026-09-13 06:18:10.859,1,1,Read Coils,256,20872,34897,0.023
2026-09-13 06:18:14.336,1,1,Read Coils,25,3,52397,0.398
2026-09-13 06:18:14.359,1,1,Read Coils,256,20872,34897,0.023
2026-09-13 06:18:17.836,1,1,Read Coils,25,3,52397,0.398
2026-09-13 06:18:17.859,1,1,Read Coils,256,20872,34897,0.023
2026-09-13 06:18:21.336,1,1,Read Coils,25,3,52397,0.398
2026-09-13 06:18:21.360,1,1,Read Coils,256,20872,34897,0.024
2026-09-13 06:18:24.836,1,1,Read Coils,25,3,52397,0.398
2026-09-13 06:18:24.860,1,1,Read Coils,256,20872,34897,0.024
2026-09-13 06:18:28.336,1,1,Read Coils,25,3,52397,0.398
2026-09-13 06:18:28.360,1,1,Read Coils,256,20872,34897,0.024
2026-09-13 06:18:31.836,1,1,Read Coils,25,3,52397,0.398
2026-09-13 06:18:31.860,1,1,Read Coils,256,20872,34897,0.024
2026-09-13 06:18:35.336,1,1,Read Coils,25,3,52397,0.398
2026-09-13 06:18:35.360,1,1,Read Coils,256,20872,34897,0.024
2026-09-13 06:18:38.836,1,1,Read Coils,25,3,52397,0.252
2026-09-13 06:18:38.860,1,1,Read Coils,256,20872,34897,0.024
2026-09-13 06:18:42.336,1,1,Read Coils,25,3,52397,0.398
2026-09-13 06:18:42.360,1,1,Read Coils,256,20872,34897,0.024
2026-09-13 06:18:45.836,1,1,Read Coils,25,3,52397,0.398
2026-09-13 06:18:45.860,1,1,Read Coils,256,20872,34897,0.024
2026-09-13 06:18:49.337,1,1,Read Coils,25,3,52397,0.398
2026-09-13 06:18:49.360,1,1,Read Coils,256,20872,34897,0.023
2026-09-13 06:18:52.837,1,1,Read Coils,25,3,52397,0.398
2026-09-13 06:18:52.860,1,1,Read Coils,256,20872,34897,0.023
2026-09-13 06:18:56.337,1,1,Read Coils,25,3,52397,0.398
2026-09-13 06:18:56.360,1,1,Read Coils,256,20872,34897,0.023
2026-09-13 06:18:59.837,1,1,Read Coils,25,3,52397,0.398
2026-09-13 06:18:59.860,1,1,Read Coils,256,20872,34897,0.023
2026-09-13 06:19:03.337,1,1,Read Coils,25,3,52397,0.398
2026-09-13 06:19:03.360,1,1,Read Coils,256,20872,34897,0.023
2026-09-13 06:19:06.837,1,1,Read Coils,25,3,52397,0.398
2026-09-13 06:19:06.861,1,1,Read Coils,256,20872,34897,0.024
2026-09-13 06:19:10.337,1,1,Read Coils,25,3,52397,0.398
2026-09-13 06:19:10.361,1,1,Read Coils,256,20872,34897,0.024
2026-09-13 06:19:13.837,1,1,Read Coils,25,3,52397,0.398
2026-09-13 06:19:13.861,1,1,Read Coils,256,20872,34897,0.024
2026-09-13 06:19:17.337,1,1,Read Coils,25,3,52397,0.398
2026-09-13 06:19:17.361,1,1,Read Coils,256,20872,34897,0.024
2026-09-13 06:19:20.837,1,1,Read Coils,25,3,52397,0.398
2026-09-13 06:19:20.861,1,1,Read Coils,256,20872,34897,0.024
2026-09-13 06:19:24.337,1,1,Read Coils,25,3,52397,0.398
2026-09-13 06:19:24.361,1,1,Read Coils,256,20872,34897,0.024
2026-09-13 06:19:27.837,1,1,Read Coils,25,3,52397,0.397
2026-09-13 06:19:27.861,1,1,Read Coils,256,20872,34897,0.024
2026-09-13 06:19:31.338,1,1,Read Coils,25,3,52397,0.398
2026-09-13 06:19:31.361,1,1,Read Coils,256,20872,34897,0.023
2026-09-13 06:19:34.838,1,1,Read Coils,25,3,52397,0.398
2026-09-13 06:19:34.861,1,1,Read Coils,256,20872,34897,0.023
2026-09-13 06:19:38.343,1,1,Read Coils,25,3,52397,0.398
2026-09-13 06:19:38.366,1,1,Read Coils,256,20872,34897,0.023
2026-09-13 06:19:41.843,1,1,Read Coils,25,3,52397,0.398
2026-09-13 06:19:41.866,1,1,Read Coils,256,20872,34897,0.023
2026-09-13 06:19:45.343,1,1,Read Coils,25,3,52397,0.398
2026-09-13 06:19:45.366,1,1,Read Coils,256,20872,34897,0.023
2026-09-13 06:19:48.843,1,1,Read Coils,25,3,52397,0.398
2026-09-13 06:19:48.867,1,1,Read Coils,256,20872,34897,0.024
2026-09-13 06:19:52.343,1,1,Read Coils,25,3,52397,0.398
2026-09-13 06:19:52.367,1,1,Read Coils,256,20872,34897,0.024
2026-09-13 06:19:55.843,1,1,Read Coils,25,3,52397,0.398
2026-09-13 06:19:55.867,1,1,Read Coils,256,20872,34897,0.024
2026-09-13 06:19:59.343,1,1,Read Coils,25,3,52397,0.398
2026-09-13 06:19:59.367,1,1,Read Coils,256,20872,34897,0.024
2026-09-13 06:20:07.430,1,1,Read Coils,25,3,52397,0.398
2026-09-13 06:20:07.454,1,1,Read Coils,256,20872,34897,0.024
2026-09-13 06:20:10.930,1,1,Read Coils,25,3,52397,0.398
2026-09-13 06:20:10.954,1,1,Read Coils,256,20872,34897,0.024
2026-09-13 06:20:14.430,1,1,Read Coils,25,3,52397,0.397
2026-09-13 06:20:14.454,1,1,Read Coils,256,20872,34897,0.024
2026-09-13 06:20:17.931,1,1,Read Coils,25,3,52397,0.398
2026-09-13 06:20:17.954,1,1,Read Coils,256,20872,34897,0.023
2026-09-13 06:20:21.431,1,1,Read Coils,25,3,52397,0.398
2026-09-13 06:20:21.454,1,1,Read Coils,256,20872,34897,0.023
2026-09-13 06:20:24.931,1,1,Read Coils,25,3,52397,0.398
2026-09-13 06:20:24.954,1,1,Read Coils,256,20872,34897,0.023
2026-09-13 06:20:28.431,1,1,Read Coils,25,3,52397,0.398
2026-09-13 06:20:28.454,1,1,Read Coils,256,20872,34897,0.023
2026-09-13 06:20:31.931,1,1,Read Coils,25,3,52397,0.398
2026-09-13 06:20:31.954,1,1,Read Coils,256,20872,34897,0.023
2026-09-13 06:20:35.431,1,1,Read Coils,25,3,52397,0.398
2026-09-13 06:20:35.455,1,1,Read Coils,256,20872,34897,0.024
2026-09-13 06:20:38.931,1,1,Read Coils,25,3,52397,0.398
2026-09-13 06:20:38.955,1,1,Read Coils,256,20872,34897,0.024
2026-09-13 06:20:42.431,1,1,Read Coils,25,3,52397,0.398
2026-09-13 06:20:42.455,1,1,Read Coils,256,20872,34897,0.024
2026-09-13 06:20:45.931,1,1,Read Coils,25,3,52397,0.398
2026-09-13 06:20:45.955,1,1,Read Coils,256,20872,34897,0.024
2026-09-13 06:20:49.431,1,1,Read Coils,25,3,52397,0.398
2026-09-13 06:20:49.455,1,1,Read Coils,256,20872,34897,0.024
2026-09-13 06:20:52.931,1,1,Read Coils,25,3,52397,0.398
2026-09-13 06:20:52.955,1,1,Read Coils,256,20872,34897,0.024
2026-09-13 06:20:56.431,1,1,Read Coils,25,3,52397,0.397
2026-09-13 06:20:56.455,1,1,Read Coils,256,20872,34897,0.024
2026-09-13 06:20:59.932,1,1,Read Coils,25,3,52397,0.398
2026-09-13 06:20:59.955,1,1,Read Coils,256,20872,34897,0.023
2026-09-13 06:21:03.432,1,1,Read Coils,25,3,52397,0.398
2026-09-13 06:21:03.455,1,1,Read Coils,256,20872,34897,0.023
2026-09-13 06:21:06.932,1,1,Read Coils,25,3,52397,0.398
2026-09-13 06:21:06.955,1,1,Read Coils,256,20872,34897,0.023
2026-09-13 06:21:10.432,1,1,Read Coils,25,3,52397,0.398
2026-09-13 06:21:10.455,1,1,Read Coils,256,20872,34897,0.023
2026-09-13 06:21:13.932,1,1,Read Coils,25,3,52397,0.398
2026-09-13 06:21:13.955,1,1,Read Coils,256,20872,34897,0.023
2026-09-13 06:21:17.432,1,1,Read Coils,25,3,52397,0.398
2026-09-13 06:21:17.456,1,1,Read Coils,256,20872,34897,0.024
2026-09-13 06:21:20.932,1,1,Read Coils,25,3,52397,0.152
2026-09-13 06:21:20.957,1,1,Read Coils,256,20872,34897,0.025
2026-09-13 06:21:24.432,1,1,Read Coils,25,3,52397,0.398
2026-09-13 06:21:24.456,1,1,Read Coils,256,20872,34897,0.024
2026-09-13 06:21:27.932,1,1,Read Coils,25,3,52397,0.398
2026-09-13 06:21:27.956,1,1,Read Coils,256,20872,34897,0.024
2026-09-13 06:21:31.432,1,1,Read Coils,25,3,52397,0.398
2026-09-13 06:21:31.456,1,1,Read Coils,256,20872,34897,0.024
2026-09-13 06:21:34.932,1,1,Read Coils,25,3,52397,0.398
2026-09-13 06:21:34.956,1,1,Read Coils,256,20872,34897,0.024
2026-09-13 06:21:38.432,1,1,Read Coils,25,3,52397,0.398
2026-09-13 06:21:38.456,1,1,Read Coils,256,20872,34897,0.024
2026-09-13 06:21:41.932,1,1,Read Coils,25,3,52397,0.337
2026-09-13 06:21:41.956,1,1,Read Coils,256,20872,34897,0.024
2026-09-13 06:21:45.433,1,1,Read Coils,25,3,52397,0.398
2026-09-13 06:21:45.456,1,1,Read Coils,256,20872,34897,0.023
2026-09-13 06:21:48.933,1,1,Read Coils,25,3,52397,0.398
2026-09-13 06:21:48.956,1,1,Read Coils,256,20872,34897,0.023
2026-09-13 06:21:52.433,1,1,Read Coils,25,3,52397,0.398
2026-09-13 06:21:52.456,1,1,Read Coils,256,20872,34897,0.023
2026-09-13 06:21:55.933,1,1,Read Coils,25,3,52397,0.398
2026-09-13 06:21:55.956,1,1,Read Coils,256,20872,34897,0.023
2026-09-13 06:21:59.433,1,1,Read Coils,25,3,52397,0.398
2026-09-13 06:21:59.456,1,1,Read Coils,256,20872,34897,0.023
2026-09-13 06:22:02.933,1,1,Read Coils,25,3,52397,0.398
2026-09-13 06:22:02.957,1,1,Read Coils,256,20872,34897,0.024
2026-09-13 06:22:06.433,1,1,Read Coils,25,3,52397,0.398
2026-09-13 06:22:06.457,1,1,Read Coils,256,20872,34897,0.024
2026-09-13 06:22:09.933,1,1,Read Coils,25,3,52397,0.398
2026-09-13 06:22:09.957,1,1,Read Coils,256,20872,34897,0.024
2026-09-13 06:22:13.433,1,1,Read Coils,25,3,52397,0.398
2026-09-13 06:22:13.457,1,1,Read Coils,256,20872,34897,0.024
2026-09-13 06:22:16.933,1,1,Read Coils,25,3,52397,0.398
2026-09-13 06:22:16.957,1,1,Read Coils,256,20872,34897,0.024
2026-09-13 06:22:20.433,1,1,Read Coils,25,3,52397,0.398
2026-09-13 06:22:20.457,1,1,Read Coils,256,20872,34897,0.024
2026-09-13 06:22:23.933,1,1,Read Coils,25,3,52397,0.398
2026-09-13 06:22:23.957,1,1,Read Coils,256,20872,34897,0.024
2026-09-13 06:22:27.433,1,1,Read Coils,25,3,52397,0.397
2026-09-13 06:22:27.457,1,1,Read Coils,256,20872,34897,0.024
2026-09-13 06:22:30.934,1,1,Read Coils,25,3,52397,0.398
2026-09-13 06:22:30.957,1,1,Read Coils,256,20872,34897,0.023
2026-09-13 06:22:34.434,1,1,Read Coils,25,3,52397,0.398
2026-09-13 06:22:34.457,1,1,Read Coils,256,20872,34897,0.023
2026-09-13 06:22:37.934,1,1,Read Coils,25,3,52397,0.398
2026-09-13 06:22:37.957,1,1,Read Coils,256,20872,34897,0.023
2026-09-13 06:22:41.434,1,1,Read Coils,25,3,52397,0.398
2026-09-13 06:22:41.457,1,1,Read Coils,256,20872,34897,0.023
2026-09-13 06:22:44.934,1,1,Read Coils,25,3,52397,0.398
2026-09-13 06:22:44.957,1,1,Read Coils,256,20872,34897,0.023
2026-09-13 06:22:48.434,1,1,Read Coils,25,3,52397,0.398
2026-09-13 06:22:48.458,1,1,Read Coils,256,20872,34897,0.024
2026-09-13 06:22:51.934,1,1,Read Coils,25,3,52397,0.398
2026-09-13 06:22:51.958,1,1,Read Coils,256,20872,34897,0.024
2026-09-13 06:22:55.434,1,1,Read Coils,25,3,52397,0.398
2026-09-13 06:22:55.458,1,1,Read Coils,256,20872,34897,0.024
2026-09-13 06:22:58.934,1,1,Read Coils,25,3,52397,0.398
2026-09-13 06:22:58.958,1,1,Read Coils,256,20872,34897,0.024
2026-09-13 06:23:02.434,1,1,Read Coils,25,3,52397,0.398
2026-09-13 06:23:02.458,1,1,Read Coils,256,20872,34897,0.024
2026-09-13 06:23:05.934,1,1,Read Coils,25,3,52397,0.398
2026-09-13 06:23:05.958,1,1,Read Coils,256,20872,34897,0.024
2026-09-13 06:23:09.443,1,1,Read Coils,25,3,52397,0.398
2026-09-13 06:23:09.467,1,1,Read Coils,256,20872,34897,0.024
2026-09-13 06:23:12.944,1,1,Read Coils,25,3,52397,0.399
2026-09-13 06:23:12.967,1,1,Read Coils,256,20872,34897,0.023
2026-09-13 06:23:16.444,1,1,Read Coils,25,3,52397,0.398
2026-09-13 06:23:16.467,1,1,Read Coils,256,20872,34897,0.023
2026-09-13 06:23:19.944,1,1,Read Coils,25,3,52397,0.398
2026-09-13 06:23:19.967,1,1,Read Coils,256,20872,34897,0.023
2026-09-13 06:23:23.444,1,1,Read Coils,25,3,52397,0.398
2026-09-13 06:23:23.467,1,1,Read Coils,256,20872,34897,0.023
2026-09-13 06:23:26.944,1,1,Read Coils,25,3,52397,0.398
2026-09-13 06:23:26.968,1,1,Read Coils,256,20872,34897,0.024
2026-09-13 06:23:30.444,1,1,Read Coils,25,3,52397,0.398
2026-09-13 06:23:30.468,1,1,Read Coils,256,20872,34897,0.024
2026-09-13 06:23:33.944,1,1,Read Coils,25,3,52397,0.398
2026-09-13 06:23:33.968,1,1,Read Coils,256,20872,34897,0.024
2026-09-13 06:23:37.444,1,1,Read Coils,25,3,52397,0.398
2026-09-13 06:23:37.468,1,1,Read Coils,256,20872,34897,0.024
2026-09-13 06:23:40.944,1,1,Read Coils,25,3,52397,0.398
2026-09-13 06:23:40.968,1,1,Read Coils,256,20872,34897,0.024
2026-09-13 06:23:44.444,1,1,Read Coils,25,3,52397,0.398
2026-09-13 06:23:44.468,1,1,Read Coils,256,20872,34897,0.024
2026-09-13 06:23:47.944,1,1,Read Coils,25,3,52397,0.398
2026-09-13 06:23:47.968,1,1,Read Coils,256,20872,34897,0.024
2026-09-13 06:23:51.444,1,1,Read Coils,25,3,52397,0.398
2026-09-13 06:23:51.468,1,1,Read Coils,256,20872,34897,0.024
2026-09-13 06:23:54.944,1,1,Read Coils,25,3,52397,0.398
2026-09-13 06:23:54.968,1,1,Read Coils,256,20872,34897,0.024
2026-09-13 06:23:58.445,1,1,Read Coils,25,3,52397,0.398
2026-09-13 06:23:58.468,1,1,Read Coils,256,20872,34897,0.023
2026-09-13 06:24:01.945,1,1,Read Coils,25,3,52397,0.399
2026-09-13 06:24:01.968,1,1,Read Coils,256,20872,34897,0.023
2026-09-13 06:24:05.445,1,1,Read Coils,25,3,52397,0.398
2026-09-13 06:24:05.468,1,1,Read Coils,256,20872,34897,0.023
2026-09-13 06:24:08.945,1,1,Read Coils,25,3,52397,0.398
2026-09-13 06:24:08.968,1,1,Read Coils,256,20872,34897,0.023
2026-09-13 06:24:12.445,1,1,Read Coils,25,3,52397,0.398
2026-09-13 06:24:12.468,1,1,Read Coils,256,20872,34897,0.023
2026-09-13 06:24:15.945,1,1,Read Coils,25,3,52397,0.398
2026-09-13 06:24:15.969,1,1,Read Coils,256,20872,34897,0.024
2026-09-13 06:24:19.445,1,1,Read Coils,25,3,52397,0.398
2026-09-13 06:24:19.469,1,1,Read Coils,256,20872,34897,0.024
2026-09-13 06:24:22.945,1,1,Read Coils,25,3,52397,0.398
2026-09-13 06:24:22.969,1,1,Read Coils,256,20872,34897,0.024
2026-09-13 06:24:26.772,1,1,Read Coils,25,3,52397,0.398
2026-09-13 06:24:26.796,1,1,Read Coils,256,20872,34897,0.024
2026-09-13 06:24:30.272,1,1,Read Coils,25,3,52397,0.398
2026-09-13 06:24:30.296,1,1,Read Coils,256,20872,34897,0.024
2026-09-13 06:24:33.772,1,1,Read Coils,25,3,52397,0.398
2026-09-13 06:24:33.796,1,1,Read Coils,256,20872,34897,0.024
2026-09-13 06:24:37.272,1,1,Read Coils,25,3,52397,0.398
2026-09-13 06:24:37.296,1,1,Read Coils,256,20872,34897,0.024
2026-09-13 06:24:40.772,1,1,Read Coils,25,3,52397,0.398
2026-09-13 06:24:40.796,1,1,Read Coils,256,20872,34897,0.024
2026-09-13 06:24:44.273,1,1,Read Coils,25,3,52397,0.398
2026-09-13 06:24:44.296,1,1,Read Coils,256,20872,34897,0.023
2026-09-13 06:24:47.773,1,1,Read Coils,25,3,52397,0.398
2026-09-13 06:24:47.796,1,1,Read Coils,256,20872,34897,0.023
2026-09-13 06:24:51.273,1,1,Read Coils,25,3,52397,0.398
2026-09-13 06:24:51.296,1,1,Read Coils,256,20872,34897,0.023
2026-09-13 06:24:54.773,1,1,Read Coils,25,3,52397,0.398
2026-09-13 06:24:54.796,1,1,Read Coils,256,20872,34897,0.023
2026-09-13 06:24:58.273,1,1,Read Coils,25,3,52397,0.398
2026-09-13 06:24:58.296,1,1,Read Coils,256,20872,34897,0.023
2026-09-13 06:25:01.773,1,1,Read Coils,25,3,52397,0.398
2026-09-13 06:25:01.796,1,1,Read Coils,256,20872,34897,0.023
2026-09-13 06:25:05.273,1,1,Read Coils,25,3,52397,0.398
2026-09-13 06:25:05.297,1,1,Read Coils,256,20872,34897,0.024
2026-09-13 06:25:08.773,1,1,Read Coils,25,3,52397,0.398
2026-09-13 06:25:08.797,1,1,Read Coils,256,20872,34897,0.024
2026-09-13 06:25:12.273,1,1,Read Coils,25,3,52397,0.398
2026-09-13 06:25:12.297,1,1,Read Coils,256,20872,34897,0.024
2026-09-13 06:25:15.773,1,1,Read Coils,25,3,52397,0.398
2026-09-13 06:25:15.797,1,1,Read Coils,256,20872,34897,0.024
2026-09-13 06:25:19.273,1,1,Read Coils,25,3,52397,0.397
2026-09-13 06:25:19.297,1,1,Read Coils,256,20872,34897,0.024
2026-09-13 06:25:22.773,1,1,Read Coils,25,3,52397,0.398
2026-09-13 06:25:22.797,1,1,Read Coils,256,20872,34897,0.024
2026-09-13 06:25:26.273,1,1,Read Coils,25,3,52397,0.398
2026-09-13 06:25:26.297,1,1,Read Coils,256,20872,34897,0.024
2026-09-13 06:25:29.774,1,1,Read Coils,25,3,52397,0.398
2026-09-13 06:25:29.797,1,1,Read Coils,256,20872,34897,0.023
2026-09-13 06:25:33.274,1,1,Read Coils,25,3,52397,0.398
2026-09-13 06:25:33.297,1,1,Read Coils,256,20872,34897,0.023
2026-09-13 06:25:36.774,1,1,Read Coils,25,3,52397,0.398
2026-09-13 06:25:36.797,1,1,Read Coils,256,20872,34897,0.023
2026-09-13 06:25:40.274,1,1,Read Coils,25,3,52397,0.398
2026-09-13 06:25:40.297,1,1,Read Coils,256,20872,34897,0.023
2026-09-13 06:25:43.774,1,1,Read Coils,25,3,52397,0.398
2026-09-13 06:25:43.798,1,1,Read Coils,256,20872,34897,0.024
2026-09-13 06:25:47.274,1,1,Read Coils,25,3,52397,0.398
2026-09-13 06:25:47.298,1,1,Read Coils,256,20872,34897,0.024
2026-09-13 06:25:50.774,1,1,Read Coils,25,3,52397,0.398
2026-09-13 06:25:50.798,1,1,Read Coils,256,20872,34897,0.024
2026-09-13 06:25:54.274,1,1,Read Coils,25,3,52397,0.398
2026-09-13 06:25:54.298,1,1,Read Coils,256,20872,34897,0.024
2026-09-13 06:25:57.774,1,1,Read Coils,25,3,52397,0.398
2026-09-13 06:25:57.798,1,1,Read Coils,256,20872,34897,0.024
2026-09-13 06:26:01.274,1,1,Read Coils,25,3,52397,0.398
2026-09-13 06:26:01.298,1,1,Read Coils,256,20872,34897,0.024
2026-09-13 06:26:04.774,1,1,Read Coils,25,3,52397,0.398
2026-09-13 06:26:04.798,1,1,Read Coils,256,20872,34897,0.024
2026-09-13 06:26:08.274,1,1,Read Coils,25,3,52397,0.398
2026-09-13 06:26:08.298,1,1,Read Coils,256,20872,34897,0.024
2026-09-13 06:26:11.774,1,1,Read Coils,25,3,52397,0.398
2026-09-13 06:26:11.798,1,1,Read Coils,256,20872,34897,0.024
2026-09-13 06:26:15.275,1,1,Read Coils,25,3,52397,0.398
2026-09-13 06:26:15.298,1,1,Read Coils,256,20872,34897,0.023
2026-09-13 06:26:18.775,1,1,Read Coils,25,3,52397,0.398
2026-09-13 06:26:18.798,1,1,Read Coils,256,20872,34897,0.023
2026-09-13 06:26:22.275,1,1,Read Coils,25,3,52397,0.398
2026-09-13 06:26:22.298,1,1,Read Coils,256,20872,34897,0.023
2026-09-13 06:26:25.775,1,1,Read Coils,25,3,52397,0.398
2026-09-13 06:26:25.798,1,1,Read Coils,256,20872,34897,0.023
2026-09-13 06:26:29.275,1,1,Read Coils,25,3,52397,0.398
2026-09-13 06:26:29.299,1,1,Read Coils,256,20872,34897,0.024
2026-09-13 06:26:32.775,1,1,Read Coils,25,3,52397,0.398
2026-09-13 06:26:32.799,1,1,Read Coils,256,20872,34897,0.024
2026-09-13 06:26:36.275,1,1,Read Coils,25,3,52397,0.398
2026-09-13 06:26:36.299,1,1,Read Coils,256,20872,34897,0.024
2026-09-13 06:26:39.775,1,1,Read Coils,25,3,52397,0.398
2026-09-13 06:26:39.799,1,1,Read Coils,256,20872,34897,0.024
2026-09-13 06:26:43.275,1,1,Read Coils,25,3,52397,0.398
2026-09-13 06:26:43.299,1,1,Read Coils,256,20872,34897,0.024
2026-09-13 06:26:46.775,1,1,Read Coils,25,3,52397,0.398
2026-09-13 06:26:46.799,1,1,Read Coils,256,20872,34897,0.024
2026-09-13 06:26:50.275,1,1,Read Coils,25,3,52397,0.398
2026-09-13 06:26:50.299,1,1,Read Coils,256,20872,34897,0.024
2026-09-13 06:26:53.775,1,1,Read Coils,25,3,52397,0.398
2026-09-13 06:26:53.799,1,1,Read Coils,256,20872,34897,0.024
2026-09-13 06:26:57.275,1,1,Read Coils,25,3,52397,0.398
2026-09-13 06:26:57.299,1,1,Read Coils,256,20872,34897,0.024
2026-09-13 06:27:00.776,1,1,Read Coils,25,3,52397,0.398
2026-09-13 06:27:00.799,1,1,Read Coils,256,20872,34897,0.023
2026-09-13 06:27:04.276,1,1,Read Coils,25,3,52397,0.066
2026-09-13 06:27:04.299,1,1,Read Coils,256,20872,34897,0.023
2026-09-13 06:27:07.776,1,1,Read Coils,25,3,52397,0.398
2026-09-13 06:27:07.799,1,1,Read Coils,256,20872,34897,0.023
2026-09-13 06:27:11.276,1,1,Read Coils,25,3,52397,0.398
2026-09-13 06:27:11.299,1,1,Read Coils,256,20872,34897,0.023
2026-09-13 06:27:14.776,1,1,Read Coils,25,3,52397,0.398
2026-09-13 06:27:14.800,1,1,Read Coils,256,20872,34897,0.024
2026-09-13 06:27:18.276,1,1,Read Coils,25,3,52397,0.398
2026-09-13 06:27:18.300,1,1,Read Coils,256,20872,34897,0.024
2026-09-13 06:27:21.776,1,1,Read Coils,25,3,52397,0.338
2026-09-13 06:27:21.800,1,1,Read Coils,256,20872,34897,0.024
2026-09-13 06:27:25.276,1,1,Read Coils,25,3,52397,0.398
2026-09-13 06:27:25.300,1,1,Read Coils,256,20872,34897,0.024
2026-09-13 06:27:28.776,1,1,Read Coils,25,3,52397,0.398
2026-09-13 06:27:28.800,1,1,Read Coils,256,20872,34897,0.024
2026-09-13 06:27:32.276,1,1,Read Coils,25,3,52397,0.398
2026-09-13 06:27:32.300,1,1,Read Coils,256,20872,34897,0.024
2026-09-13 06:27:35.776,1,1,Read Coils,25,3,52397,0.398
2026-09-13 06:27:35.800,1,1,Read Coils,256,20872,34897,0.024
2026-09-13 06:27:39.276,1,1,Read Coils,25,3,52397,0.398
2026-09-13 06:27:39.300,1,1,Read Coils,256,20872,34897,0.024
2026-09-13 06:27:42.776,1,1,Read Coils,25,3,52397,0.398
2026-09-13 06:27:42.800,1,1,Read Coils,256,20872,34897,0.024
2026-09-13 06:27:46.277,1,1,Read Coils,25,3,52397,0.398
2026-09-13 06:27:46.300,1,1,Read Coils,256,20872,34897,0.023
2026-09-13 06:27:49.777,1,1,Read Coils,25,3,52397,0.398
2026-09-13 06:27:49.800,1,1,Read Coils,256,20872,34897,0.023
2026-09-13 06:27:53.277,1,1,Read Coils,25,3,52397,0.398
2026-09-13 06:27:53.300,1,1,Read Coils,256,20872,34897,0.023
2026-09-13 06:27:56.777,1,1,Read Coils,25,3,52397,0.398
2026-09-13 06:27:56.800,1,1,Read Coils,256,20872,34897,0.023
2026-09-13 06:28:00.277,1,1,Read Coils,25,3,52397,0.398
2026-09-13 06:28:00.300,1,1,Read Coils,256,20872,34897,0.023
2026-09-13 06:28:03.777,1,1,Read Coils,25,3,52397,0.398
2026-09-13 06:28:03.801,1,1,Read Coils,256,20872,34897,0.024
2026-09-13 06:28:07.277,1,1,Read Coils,25,3,52397,0.398
2026-09-13 06:28:07.301,1,1,Read Coils,256,20872,34897,0.024
2026-09-13 06:28:10.777,1,1,Read Coils,25,3,52397,0.398
2026-09-13 06:28:10.801,1,1,Read Coils,256,20872,34897,0.024
2026-09-13 06:28:14.277,1,1,Read Coils,25,3,52397,0.397
2026-09-13 06:28:14.301,1,1,Read Coils,256,20872,34897,0.024
2026-09-13 06:28:17.777,1,1,Read Coils,25,3,52397,0.398
2026-09-13 06:28:17.801,1,1,Read Coils,256,20872,34897,0.024
2026-09-13 06:28:21.277,1,1,Read Coils,25,3,52397,0.398
2026-09-13 06:28:21.301,1,1,Read Coils,256,20872,34897,0.024
2026-09-13 06:28:24.777,1,1,Read Coils,25,3,52397,0.398
2026-09-13 06:28:24.801,1,1,Read Coils,256,20872,34897,0.024
2026-09-13 06:28:28.277,1,1,Read Coils,25,3,52397,0.397
2026-09-13 06:28:28.301,1,1,Read Coils,256,20872,34897,0.024
2026-09-13 06:28:31.778,1,1,Read Coils,25,3,52397,0.398
2026-09-13 06:28:31.801,1,1,Read Coils,256,20872,34897,0.023
2026-09-13 06:28:35.278,1,1,Read Coils,25,3,52397,0.398
2026-09-13 06:28:35.301,1,1,Read Coils,256,20872,34897,0.023
2026-09-13 06:28:38.778,1,1,Read Coils,25,3,52397,0.398
2026-09-13 06:28:38.801,1,1,Read Coils,256,20872,34897,0.023
2026-09-13 06:28:46.865,1,1,Read Coils,25,3,52397,0.398
2026-09-13 06:28:46.889,1,1,Read Coils,256,20872,34897,0.024
2026-09-13 06:28:50.365,1,1,Read Coils,25,3,52397,0.398
2026-09-13 06:28:50.389,1,1,Read Coils,256,20872,34897,0.024
2026-09-13 06:28:53.865,1,1,Read Coils,25,3,52397,0.398
2026-09-13 06:28:53.889,1,1,Read Coils,256,20872,34897,0.024
2026-09-13 06:28:57.365,1,1,Read Coils,25,3,52397,0.398
2026-09-13 06:28:57.389,1,1,Read Coils,256,20872,34897,0.024
2026-09-13 06:29:00.865,1,1,Read Coils,25,3,52397,0.398
2026-09-13 06:29:00.889,1,1,Read Coils,256,20872,34897,0.024
2026-09-13 06:29:04.365,1,1,Read Coils,25,3,52397,0.398
2026-09-13 06:29:04.389,1,1,Read Coils,256,20872,34897,0.024
2026-09-13 06:29:07.865,1,1,Read Coils,25,3,52397,0.398
2026-09-13 06:29:07.889,1,1,Read Coils,256,20872,34897,0.024
2026-09-13 06:29:11.365,1,1,Read Coils,25,3,52397,0.398
2026-09-13 06:29:11.389,1,1,Read Coils,256,20872,34897,0.024
2026-09-13 06:29:14.866,1,1,Read Coils,25,3,52397,0.398
2026-09-13 06:29:14.889,1,1,Read Coils,256,20872,34897,0.023
2026-09-13 06:29:18.366,1,1,Read Coils,25,3,52397,0.398
2026-09-13 06:29:18.389,1,1,Read Coils,256,20872,34897,0.023
2026-09-13 06:29:21.866,1,1,Read Coils,25,3,52397,0.398
2026-09-13 06:29:21.889,1,1,Read Coils,256,20872,34897,0.023
2026-09-13 06:29:25.366,1,1,Read Coils,25,3,52397,0.398
2026-09-13 06:29:25.389,1,1,Read Coils,256,20872,34897,0.023
2026-09-13 06:29:28.866,1,1,Read Coils,25,3,52397,0.398
2026-09-13 06:29:28.889,1,1,Read Coils,256,20872,34897,0.023
2026-09-13 06:29:32.366,1,1,Read Coils,25,3,52397,0.398
2026-09-13 06:29:32.390,1,1,Read Coils,256,20872,34897,0.024
2026-09-13 06:29:35.866,1,1,Read Coils,25,3,52397,0.398
2026-09-13 06:29:35.890,1,1,Read Coils,256,20872,34897,0.024
2026-09-13 06:29:39.366,1,1,Read Coils,25,3,52397,0.398
2026-09-13 06:29:39.390,1,1,Read Coils,256,20872,34897,0.024
2026-09-13 06:29:42.866,1,1,Read Coils,25,3,52397,0.398
2026-09-13 06:29:42.890,1,1,Read Coils,256,20872,34897,0.024
2026-09-13 06:29:46.366,1,1,Read Coils,25,3,52397,0.397
2026-09-13 06:29:46.390,1,1,Read Coils,256,20872,34897,0.024
2026-09-13 06:29:49.866,1,1,Read Coils,25,3,52397,0.398
2026-09-13 06:29:49.890,1,1,Read Coils,256,20872,34897,0.024
2026-09-13 06:29:53.366,1,1,Read Coils,25,3,52397,0.398
2026-09-13 06:29:53.390,1,1,Read Coils,256,20872,34897,0.024
2026-09-13 06:29:56.866,1,1,Read Coils,25,3,52397,0.397
2026-09-13 06:29:56.890,1,1,Read Coils,256,20872,34897,0.024
2026-09-13 06:30:00.366,1,1,Read Coils,25,3,52397,0.398
2026-09-13 06:30:00.390,1,1,Read Coils,256,20872,34897,0.024
2026-09-13 06:30:03.867,1,1,Read Coils,25,3,52397,0.398
2026-09-13 06:30:03.890,1,1,Read Coils,256,20872,34897,0.023
2026-09-13 06:30:07.367,1,1,Read Coils,25,3,52397,0.398
2026-09-13 06:30:07.390,1,1,Read Coils,256,20872,34897,0.023
2026-09-13 06:30:10.867,1,1,Read Coils,25,3,52397,0.398
2026-09-13 06:30:10.890,1,1,Read Coils,256,20872,34897,0.023
2026-09-13 06:30:14.367,1,1,Read Coils,25,3,52397,0.398
2026-09-13 06:30:14.390,1,1,Read Coils,256,20872,34897,0.023
2026-09-13 06:30:17.867,1,1,Read Coils,25,3,52397,0.398
2026-09-13 06:30:17.890,1,1,Read Coils,256,20872,34897,0.023
2026-09-13 06:30:21.367,1,1,Read Coils,25,3,52397,0.398
2026-09-13 06:30:21.391,1,1,Read Coils,256,20872,34897,0.024
2026-09-13 06:30:24.867,1,1,Read Coils,25,3,52397,0.398
2026-09-13 06:30:24.891,1,1,Read Coils,256,20872,34897,0.024
2026-09-13 06:30:28.367,1,1,Read Coils,25,3,52397,0.398
2026-09-13 06:30:28.391,1,1,Read Coils,256,20872,34897,0.024
2026-09-13 06:30:31.867,1,1,Read Coils,25,3,52397,0.398
2026-09-13 06:30:31.891,1,1,Read Coils,256,20872,34897,0.024
2026-09-13 06:30:35.367,1,1,Read Coils,25,3,52397,0.398
2026-09-13 06:30:35.391,1,1,Read Coils,256,20872,34897,0.024
2026-09-13 06:30:38.867,1,1,Read Coils,25,3,52397,0.398
2026-09-13 06:30:38.891,1,1,Read Coils,256,20872,34897,0.024
2026-09-13 06:30:42.367,1,1,Read Coils,25,3,52397,0.398
2026-09-13 06:30:42.391,1,1,Read Coils,256,20872,34897,0.024
2026-09-13 06:30:45.867,1,1,Read Coils,25,3,52397,0.398
2026-09-13 06:30:45.891,1,1,Read Coils,256,20872,34897,0.024
2026-09-13 06:30:49.368,1,1,Read Coils,25,3,52397,0.398
2026-09-13 06:30:49.391,1,1,Read Coils,256,20872,34897,0.023
2026-09-13 06:30:52.868,1,1,Read Coils,25,3,52397,0.398
2026-09-13 06:30:52.891,1,1,Read Coils,256,20872,34897,0.023
2026-09-13 06:30:56.368,1,1,Read Coils,25,3,52397,0.398
2026-09-13 06:30:56.391,1,1,Read Coils,256,20872,34897,0.023
2026-09-13 06:30:59.868,1,1,Read Coils,25,3,52397,0.398
2026-09-13 06:30:59.891,1,1,Read Coils,256,20872,34897,0.023
2026-09-13 06:31:03.368,1,1,Read Coils,25,3,52397,0.398
2026-09-13 06:31:03.391,1,1,Read Coils,256,20872,34897,0.023
2026-09-13 06:31:06.868,1,1,Read Coils,25,3,52397,0.398
2026-09-13 06:31:06.892,1,1,Read Coils,256,20872,34897,0.024
2026-09-13 06:31:10.368,1,1,Read Coils,25,3,52397,0.398
2026-09-13 06:31:10.392,1,1,Read Coils,256,20872,34897,0.024
2026-09-13 06:31:13.868,1,1,Read Coils,25,3,52397,0.398
2026-09-13 06:31:13.892,1,1,Read Coils,256,20872,34897,0.024
2026-09-13 06:31:17.368,1,1,Read Coils,25,3,52397,0.398
2026-09-13 06:31:17.392,1,1,Read Coils,256,20872,34897,0.024
2026-09-13 06:31:20.868,1,1,Read Coils,25,3,52397,0.398
2026-09-13 06:31:20.892,1,1,Read Coils,256,20872,34897,0.024
2026-09-13 06:31:24.368,1,1,Read Coils,25,3,52397,0.397
2026-09-13 06:31:24.392,1,1,Read Coils,256,20872,34897,0.024
2026-09-13 06:31:27.868,1,1,Read Coils,25,3,52397,0.398
2026-09-13 06:31:27.892,1,1,Read Coils,256,20872,34897,0.024
2026-09-13 06:31:31.368,1,1,Read Coils,25,3,52397,0.398
2026-09-13 06:31:31.392,1,1,Read Coils,256,20872,34897,0.024
2026-09-13 06:31:34.869,1,1,Read Coils,25,3,52397,0.398
2026-09-13 06:31:34.892,1,1,Read Coils,256,20872,34897,0.023
2026-09-13 06:31:38.369,1,1,Read Coils,25,3,52397,0.398
2026-09-13 06:31:38.392,1,1,Read Coils,256,20872,34897,0.023
2026-09-13 06:31:41.869,1,1,Read Coils,25,3,52397,0.398
2026-09-13 06:31:41.892,1,1,Read Coils,256,20872,34897,0.023
2026-09-13 06:31:45.369,1,1,Read Coils,25,3,52397,0.398
2026-09-13 06:31:45.392,1,1,Read Coils,256,20872,34897,0.023
2026-09-13 06:31:48.869,1,1,Read Coils,25,3,52397,0.398
2026-09-13 06:31:48.893,1,1,Read Coils,256,20872,34897,0.024
2026-09-13 06:31:52.369,1,1,Read Coils,25,3,52397,0.398
2026-09-13 06:31:52.393,1,1,Read Coils,256,20872,34897,0.024
2026-09-13 06:31:55.869,1,1,Read Coils,25,3,52397,0.398
2026-09-13 06:31:55.893,1,1,Read Coils,256,20872,34897,0.024
2026-09-13 06:31:59.369,1,1,Read Coils,25,3,52397,0.398
2026-09-13 06:31:59.393,1,1,Read Coils,256,20872,34897,0.024
2026-09-13 06:32:02.869,1,1,Read Coils,25,3,52397,0.398
2026-09-13 06:32:02.893,1,1,Read Coils,256,20872,34897,0.024
2026-09-13 06:32:06.369,1,1,Read Coils,25,3,52397,0.398
2026-09-13 06:32:06.393,1,1,Read Coils,256,20872,34897,0.024
2026-09-13 06:32:09.869,1,1,Read Coils,25,3,52397,0.398
2026-09-13 06:32:09.893,1,1,Read Coils,256,20872,34897,0.024
2026-09-13 06:32:13.369,1,1,Read Coils,25,3,52397,0.397
2026-09-13 06:32:13.393,1,1,Read Coils,256,20872,34897,0.024
2026-09-13 06:32:16.869,1,1,Read Coils,25,3,52397,0.397
2026-09-13 06:32:16.893,1,1,Read Coils,256,20872,34897,0.024
2026-09-13 06:32:20.370,1,1,Read Coils,25,3,52397,0.398
2026-09-13 06:32:20.393,1,1,Read Coils,256,20872,34897,0.023
2026-09-13 06:32:23.870,1,1,Read Coils,25,3,52397,0.398
2026-09-13 06:32:23.893,1,1,Read Coils,256,20872,34897,0.023
2026-09-13 06:32:27.370,1,1,Read Coils,25,3,52397,0.398
2026-09-13 06:32:27.393,1,1,Read Coils,256,20872,34897,0.023
2026-09-13 06:32:30.870,1,1,Read Coils,25,3,52397,0.398
2026-09-13 06:32:30.893,1,1,Read Coils,256,20872,34897,0.023
2026-09-13 06:32:34.370,1,1,Read Coils,25,3,52397,0.398
2026-09-13 06:32:34.393,1,1,Read Coils,256,20872,34897,0.023
2026-09-13 06:32:37.870,1,1,Read Coils,25,3,52397,0.398
2026-09-13 06:32:37.894,1,1,Read Coils,256,20872,34897,0.024
2026-09-13 06:32:41.370,1,1,Read Coils,25,3,52397,0.398
2026-09-13 06:32:41.394,1,1,Read Coils,256,20872,34897,0.024
2026-09-13 06:32:44.870,1,1,Read Coils,25,3,52397,0.398
2026-09-13 06:32:44.894,1,1,Read Coils,256,20872,34897,0.024
2026-09-13 06:32:48.370,1,1,Read Coils,25,3,52397,0.398
2026-09-13 06:32:48.394,1,1,Read Coils,256,20872,34897,0.024
2026-09-13 06:32:51.870,1,1,Read Coils,25,3,52397,0.398
2026-09-13 06:32:51.894,1,1,Read Coils,256,20872,34897,0.024
2026-09-13 06:32:55.370,1,1,Read Coils,25,3,52397,0.398
2026-09-13 06:32:55.394,1,1,Read Coils,256,20872,34897,0.024
2026-09-13 06:32:58.870,1,1,Read Coils,25,3,52397,0.398
2026-09-13 06:32:58.894,1,1,Read Coils,256,20872,34897,0.024
2026-09-13 06:33:02.667,1,1,Read Coils,25,3,52397,0.397
2026-09-13 06:33:02.691,1,1,Read Coils,256,20872,34897,0.024
2026-09-13 06:33:06.168,1,1,Read Coils,25,3,52397,0.398
2026-09-13 06:33:06.191,1,1,Read Coils,256,20872,34897,0.023
2026-09-13 06:33:09.668,1,1,Read Coils,25,3,52397,0.398
2026-09-13 06:33:09.691,1,1,Read Coils,256,20872,34897,0.023
2026-09-13 06:33:13.168,1,1,Read Coils,25,3,52397,0.398
2026-09-13 06:33:13.191,1,1,Read Coils,256,20872,34897,0.023
2026-09-13 06:33:16.668,1,1,Read Coils,25,3,52397,0.398
2026-09-13 06:33:16.691,1,1,Read Coils,256,20872,34897,0.023
2026-09-13 06:33:20.168,1,1,Read Coils,25,3,52397,0.398
2026-09-13 06:33:20.191,1,1,Read Coils,256,20872,34897,0.023
2026-09-13 06:33:23.668,1,1,Read Coils,25,3,52397,0.398
2026-09-13 06:33:23.691,1,1,Read Coils,256,20872,34897,0.023
2026-09-13 06:33:27.168,1,1,Read Coils,25,3,52397,0.398
2026-09-13 06:33:27.192,1,1,Read Coils,256,20872,34897,0.024
2026-09-13 06:33:30.668,1,1,Read Coils,25,3,52397,0.398
2026-09-13 06:33:30.692,1,1,Read Coils,256,20872,34897,0.024
2026-09-13 06:33:34.168,1,1,Read Coils,25,3,52397,0.398
2026-09-13 06:33:34.192,1,1,Read Coils,256,20872,34897,0.024
2026-09-13 06:33:37.668,1,1,Read Coils,25,3,52397,0.398
2026-09-13 06:33:37.692,1,1,Read Coils,256,20872,34897,0.024
2026-09-13 06:33:41.168,1,1,Read Coils,25,3,52397,0.398
2026-09-13 06:33:41.192,1,1,Read Coils,256,20872,34897,0.024
2026-09-13 06:33:44.668,1,1,Read Coils,25,3,52397,0.398
2026-09-13 06:33:44.692,1,1,Read Coils,256,20872,34897,0.024
2026-09-13 06:33:48.168,1,1,Read Coils,25,3,52397,0.398
2026-09-13 06:33:48.192,1,1,Read Coils,256,20872,34897,0.024
2026-09-13 06:33:51.668,1,1,Read Coils,25,3,52397,0.398
2026-09-13 06:33:51.692,1,1,Read Coils,256,20872,34897,0.024
2026-09-13 06:33:55.168,1,1,Read Coils,25,3,52397,0.398
2026-09-13 06:33:55.192,1,1,Read Coils,256,20872,34897,0.024
2026-09-13 06:33:58.668,1,1,Read Coils,25,3,52397,0.397
2026-09-13 06:33:58.692,1,1,Read Coils,256,20872,34897,0.024
2026-09-13 06:34:02.169,1,1,Read Coils,25,3,52397,0.398
2026-09-13 06:34:02.192,1,1,Read Coils,256,20872,34897,0.023
2026-09-13 06:34:05.669,1,1,Read Coils,25,3,52397,0.398
2026-09-13 06:34:05.692,1,1,Read Coils,256,20872,34897,0.023
2026-09-13 06:34:09.169,1,1,Read Coils,25,3,52397,0.398
2026-09-13 06:34:09.192,1,1,Read Coils,256,20872,34897,0.023
2026-09-13 06:34:12.669,1,1,Read Coils,25,3,52397,0.398
2026-09-13 06:34:12.692,1,1,Read Coils,256,20872,34897,0.023
2026-09-13 06:34:16.169,1,1,Read Coils,25,3,52397,0.398
2026-09-13 06:34:16.192,1,1,Read Coils,256,20872,34897,0.023
2026-09-13 06:34:19.669,1,1,Read Coils,25,3,52397,0.398
2026-09-13 06:34:19.692,1,1,Read Coils,256,20872,34897,0.023
2026-09-13 06:34:23.169,1,1,Read Coils,25,3,52397,0.398
2026-09-13 06:34:23.193,1,1,Read Coils,256,20872,34897,0.024
2026-09-13 06:34:26.669,1,1,Read Coils,25,3,52397,0.398
2026-09-13 06:34:26.693,1,1,Read Coils,256,20872,34897,0.024
2026-09-13 06:34:30.169,1,1,Read Coils,25,3,52397,0.398
2026-09-13 06:34:30.193,1,1,Read Coils,256,20872,34897,0.024
2026-09-13 06:34:33.669,1,1,Read Coils,25,3,52397,0.398
2026-09-13 06:34:33.693,1,1,Read Coils,256,20872,34897,0.024
2026-09-13 06:34:37.169,1,1,Read Coils,25,3,52397,0.398
2026-09-13 06:34:37.193,1,1,Read Coils,256,20872,34897,0.024
2026-09-13 06:34:40.669,1,1,Read Coils,25,3,52397,0.398
2026-09-13 06:34:40.693,1,1,Read Coils,256,20872,34897,0.024
2026-09-13 06:34:44.169,1,1,Read Coils,25,3,52397,0.398
2026-09-13 06:34:44.193,1,1,Read Coils,256,20872,34897,0.024
2026-09-13 06:34:47.669,1,1,Read Coils,25,3,52397,0.398
2026-09-13 06:34:47.693,1,1,Read Coils,256,20872,34897,0.024
2026-09-13 06:34:51.169,1,1,Read Coils,25,3,52397,0.398
2026-09-13 06:34:51.193,1,1,Read Coils,256,20872,34897,0.024
2026-09-13 06:34:54.670,1,1,Read Coils,25,3,52397,0.399
2026-09-13 06:34:54.693,1,1,Read Coils,256,20872,34897,0.023
2026-09-13 06:34:58.170,1,1,Read Coils,25,3,52397,0.398
2026-09-13 06:34:58.193,1,1,Read Coils,256,20872,34897,0.023
2026-09-13 06:35:01.670,1,1,Read Coils,25,3,52397,0.398
2026-09-13 06:35:01.693,1,1,Read Coils,256,20872,34897,0.023
2026-09-13 06:35:05.170,1,1,Read Coils,25,3,52397,0.398
2026-09-13 06:35:05.193,1,1,Read Coils,256,20872,34897,0.023
2026-09-13 06:35:08.670,1,1,Read Coils,25,3,52397,0.398
2026-09-13 06:35:08.693,1,1,Read Coils,256,20872,34897,0.023
2026-09-13 06:35:12.170,1,1,Read Coils,25,3,52397,0.398
2026-09-13 06:35:12.194,1,1,Read Coils,256,20872,34897,0.024
2026-09-13 06:35:15.670,1,1,Read Coils,25,3,52397,0.398
2026-09-13 06:35:15.694,1,1,Read Coils,256,20872,34897,0.024
2026-09-13 06:35:19.170,1,1,Read Coils,25,3,52397,0.398
2026-09-13 06:35:19.194,1,1,Read Coils,256,20872,34897,0.024
2026-09-13 06:35:22.670,1,1,Read Coils,25,3,52397,0.398
2026-09-13 06:35:22.694,1,1,Read Coils,256,20872,34897,0.024
2026-09-13 06:35:26.170,1,1,Read Coils,25,3,52397,0.398
2026-09-13 06:35:26.194,1,1,Read Coils,256,20872,34897,0.024
2026-09-13 06:35:29.670,1,1,Read Coils,25,3,52397,0.398
2026-09-13 06:35:29.694,1,1,Read Coils,256,20872,34897,0.024
2026-09-13 06:35:33.170,1,1,Read Coils,25,3,52397,0.398
2026-09-13 06:35:33.194,1,1,Read Coils,256,20872,34897,0.024
2026-09-13 06:35:36.670,1,1,Read Coils,25,3,52397,0.398
2026-09-13 06:35:36.694,1,1,Read Coils,256,20872,34897,0.024
2026-09-13 06:35:40.170,1,1,Read Coils,25,3,52397,0.398
2026-09-13 06:35:40.194,1,1,Read Coils,256,20872,34897,0.024
2026-09-13 06:35:43.670,1,1,Read Coils,25,3,52397,0.398
2026-09-13 06:35:43.694,1,1,Read Coils,256,20872,34897,0.024
2026-09-13 06:35:47.171,1,1,Read Coils,25,3,52397,0.399
2026-09-13 06:35:47.194,1,1,Read Coils,256,20872,34897,0.023
2026-09-13 06:35:50.671,1,1,Read Coils,25,3,52397,0.398
2026-09-13 06:35:50.694,1,1,Read Coils,256,20872,34897,0.023
2026-09-13 06:35:54.171,1,1,Read Coils,25,3,52397,0.398
2026-09-13 06:35:54.194,1,1,Read Coils,256,20872,34897,0.023
2026-09-13 06:35:57.671,1,1,Read Coils,25,3,52397,0.398
2026-09-13 06:35:57.694,1,1,Read Coils,256,20872,34897,0.023
2026-09-13 06:36:01.171,1,1,Read Coils,25,3,52397,0.398
2026-09-13 06:36:01.194,1,1,Read Coils,256,20872,34897,0.023
2026-09-13 06:36:04.671,1,1,Read Coils,25,3,52397,0.398
2026-09-13 06:36:04.695,1,1,Read Coils,256,20872,34897,0.024
2026-09-13 06:36:08.171,1,1,Read Coils,25,3,52397,0.398
2026-09-13 06:36:08.195,1,1,Read Coils,256,20872,34897,0.024
2026-09-13 06:36:11.671,1,1,Read Coils,25,3,52397,0.398
2026-09-13 06:36:11.695,1,1,Read Coils,256,20872,34897,0.024
2026-09-13 06:36:15.171,1,1,Read Coils,25,3,52397,0.398
2026-09-13 06:36:15.195,1,1,Read Coils,256,20872,34897,0.024
2026-09-13 06:36:18.686,1,1,Read Coils,25,3,52397,0.388
2026-09-13 06:36:18.710,1,1,Read Coils,256,20872,34897,0.024
2026-09-13 06:36:22.186,1,1,Read Coils,25,3,52397,0.398
2026-09-13 06:36:22.210,1,1,Read Coils,256,20872,34897,0.024
2026-09-13 06:36:25.686,1,1,Read Coils,25,3,52397,0.398
2026-09-13 06:36:25.710,1,1,Read Coils,256,20872,34897,0.024
2026-09-13 06:36:29.186,1,1,Read Coils,25,3,52397,0.398
2026-09-13 06:36:29.210,1,1,Read Coils,256,20872,34897,0.024
2026-09-13 06:36:32.686,1,1,Read Coils,25,3,52397,0.398
2026-09-13 06:36:32.710,1,1,Read Coils,256,20872,34897,0.024
2026-09-13 06:36:36.187,1,1,Read Coils,25,3,52397,0.398
2026-09-13 06:36:36.210,1,1,Read Coils,256,20872,34897,0.023
2026-09-13 06:36:39.687,1,1,Read Coils,25,3,52397,0.398
2026-09-13 06:36:39.710,1,1,Read Coils,256,20872,34897,0.023
2026-09-13 06:36:43.187,1,1,Read Coils,25,3,52397,0.398
2026-09-13 06:36:43.210,1,1,Read Coils,256,20872,34897,0.023
2026-09-13 06:36:46.687,1,1,Read Coils,25,3,52397,0.398
2026-09-13 06:36:46.710,1,1,Read Coils,256,20872,34897,0.023
2026-09-13 06:36:50.187,1,1,Read Coils,25,3,52397,0.398
2026-09-13 06:36:50.210,1,1,Read Coils,256,20872,34897,0.023
2026-09-13 06:36:53.687,1,1,Read Coils,25,3,52397,0.398
2026-09-13 06:36:53.710,1,1,Read Coils,256,20872,34897,0.023
2026-09-13 06:36:57.187,1,1,Read Coils,25,3,52397,0.398
2026-09-13 06:36:57.211,1,1,Read Coils,256,20872,34897,0.024
2026-09-13 06:37:00.687,1,1,Read Coils,25,3,52397,0.398
2026-09-13 06:37:00.711,1,1,Read Coils,256,20872,34897,0.024
2026-09-13 06:37:04.187,1,1,Read Coils,25,3,52397,0.398
2026-09-13 06:37:04.211,1,1,Read Coils,256,20872,34897,0.024
2026-09-13 06:37:07.687,1,1,Read Coils,25,3,52397,0.398
2026-09-13 06:37:07.711,1,1,Read Coils,256,20872,34897,0.024
2026-09-13 06:37:11.187,1,1,Read Coils,25,3,52397,0.398
2026-09-13 06:37:11.211,1,1,Read Coils,256,20872,34897,0.024
2026-09-13 06:37:14.687,1,1,Read Coils,25,3,52397,0.397
2026-09-13 06:37:14.711,1,1,Read Coils,256,20872,34897,0.024
2026-09-13 06:37:18.187,1,1,Read Coils,25,3,52397,0.398
2026-09-13 06:37:18.211,1,1,Read Coils,256,20872,34897,0.024
2026-09-13 06:37:21.687,1,1,Read Coils,25,3,52397,0.398
2026-09-13 06:37:21.711,1,1,Read Coils,256,20872,34897,0.024
2026-09-13 06:37:29.775,1,1,Read Coils,25,3,52397,0.398
2026-09-13 06:37:29.798,1,1,Read Coils,256,20872,34897,0.023
2026-09-13 06:37:33.275,1,1,Read Coils,25,3,52397,0.398
2026-09-13 06:37:33.298,1,1,Read Coils,256,20872,34897,0.023
2026-09-13 06:37:36.775,1,1,Read Coils,25,3,52397,0.398
2026-09-13 06:37:36.798,1,1,Read Coils,256,20872,34897,0.023
2026-09-13 06:37:40.275,1,1,Read Coils,25,3,52397,0.398
2026-09-13 06:37:40.298,1,1,Read Coils,256,20872,34897,0.023
2026-09-13 06:37:43.796,1,1,Read Coils,25,3,52397,0.398
2026-09-13 06:37:43.819,1,1,Read Coils,256,20872,34897,0.023
2026-09-13 06:37:47.296,1,1,Read Coils,25,3,52397,0.398
2026-09-13 06:37:47.319,1,1,Read Coils,256,20872,34897,0.023
2026-09-13 06:37:50.796,1,1,Read Coils,25,3,52397,0.398
2026-09-13 06:37:50.820,1,1,Read Coils,256,20872,34897,0.024
2026-09-13 06:37:54.296,1,1,Read Coils,25,3,52397,0.398
2026-09-13 06:37:54.320,1,1,Read Coils,256,20872,34897,0.024
2026-09-13 06:37:57.796,1,1,Read Coils,25,3,52397,0.398
2026-09-13 06:37:57.820,1,1,Read Coils,256,20872,34897,0.024
2026-09-13 06:38:01.296,1,1,Read Coils,25,3,52397,0.398
2026-09-13 06:38:01.320,1,1,Read Coils,256,20872,34897,0.024
2026-09-13 06:38:04.815,1,1,Read Coils,25,3,52397,0.398
2026-09-13 06:38:04.839,1,1,Read Coils,256,20872,34897,0.024
2026-09-13 06:38:08.315,1,1,Read Coils,25,3,52397,0.398
2026-09-13 06:38:08.339,1,1,Read Coils,256,20872,34897,0.024
2026-09-13 06:38:11.815,1,1,Read Coils,25,3,52397,0.398
2026-09-13 06:38:11.839,1,1,Read Coils,256,20872,34897,0.024
2026-09-13 06:38:15.315,1,1,Read Coils,25,3,52397,0.398
2026-09-13 06:38:15.339,1,1,Read Coils,256,20872,34897,0.024
2026-09-13 06:38:18.816,1,1,Read Coils,25,3,52397,0.398
2026-09-13 06:38:18.839,1,1,Read Coils,256,20872,34897,0.023
2026-09-13 06:38:22.316,1,1,Read Coils,25,3,52397,0.338
2026-09-13 06:38:22.339,1,1,Read Coils,256,20872,34897,0.023
2026-09-13 06:38:25.816,1,1,Read Coils,25,3,52397,0.398
2026-09-13 06:38:25.839,1,1,Read Coils,256,20872,34897,0.023
2026-09-13 06:38:29.316,1,1,Read Coils,25,3,52397,0.398
2026-09-13 06:38:29.339,1,1,Read Coils,256,20872,34897,0.023
2026-09-13 06:38:32.816,1,1,Read Coils,25,3,52397,0.398
2026-09-13 06:38:32.839,1,1,Read Coils,256,20872,34897,0.023
2026-09-13 06:38:36.316,1,1,Read Coils,25,3,52397,0.398
2026-09-13 06:38:36.339,1,1,Read Coils,256,20872,34897,0.023
2026-09-13 06:38:39.816,1,1,Read Coils,25,3,52397,0.398
2026-09-13 06:38:39.839,1,1,Read Coils,256,20872,34897,0.023
2026-09-13 06:38:43.316,1,1,Read Coils,25,3,52397,0.398
2026-09-13 06:38:43.340,1,1,Read Coils,256,20872,34897,0.024
2026-09-13 06:38:46.816,1,1,Read Coils,25,3,52397,0.398
2026-09-13 06:38:46.840,1,1,Read Coils,256,20872,34897,0.024
2026-09-13 06:38:50.316,1,1,Read Coils,25,3,52397,0.398
2026-09-13 06:38:50.340,1,1,Read Coils,256,20872,34897,0.024
2026-09-13 06:38:53.816,1,1,Read Coils,25,3,52397,0.398
2026-09-13 06:38:53.840,1,1,Read Coils,256,20872,34897,0.024
2026-09-13 06:38:57.316,1,1,Read Coils,25,3,52397,0.398
2026-09-13 06:38:57.340,1,1,Read Coils,256,20872,34897,0.024
2026-09-13 06:39:00.816,1,1,Read Coils,25,3,52397,0.398
2026-09-13 06:39:00.840,1,1,Read Coils,256,20872,34897,0.024
2026-09-13 06:39:04.316,1,1,Read Coils,25,3,52397,0.398
2026-09-13 06:39:04.340,1,1,Read Coils,256,20872,34897,0.024
2026-09-13 06:39:07.817,1,1,Read Coils,25,3,52397,0.286
2026-09-13 06:39:07.840,1,1,Read Coils,256,20872,34897,0.023
2026-09-13 06:39:11.317,1,1,Read Coils,25,3,52397,0.398
2026-09-13 06:39:11.340,1,1,Read Coils,256,20872,34897,0.023
2026-09-13 06:39:14.817,1,1,Read Coils,25,3,52397,0.398
2026-09-13 06:39:14.840,1,1,Read Coils,256,20872,34897,0.023
2026-09-13 06:39:18.317,1,1,Read Coils,25,3,52397,0.398
2026-09-13 06:39:18.340,1,1,Read Coils,256,20872,34897,0.023
2026-09-13 06:39:21.817,1,1,Read Coils,25,3,52397,0.398
2026-09-13 06:39:21.840,1,1,Read Coils,256,20872,34897,0.023
2026-09-13 06:39:25.317,1,1,Read Coils,25,3,52397,0.398
2026-09-13 06:39:25.340,1,1,Read Coils,256,20872,34897,0.023
2026-09-13 06:39:28.817,1,1,Read Coils,25,3,52397,0.398
2026-09-13 06:39:28.840,1,1,Read Coils,256,20872,34897,0.023
2026-09-13 06:39:32.317,1,1,Read Coils,25,3,52397,0.398
2026-09-13 06:39:32.341,1,1,Read Coils,256,20872,34897,0.024
2026-09-13 06:39:35.817,1,1,Read Coils,25,3,52397,0.398
2026-09-13 06:39:35.841,1,1,Read Coils,256,20872,34897,0.024
2026-09-13 06:39:39.317,1,1,Read Coils,25,3,52397,0.398
2026-09-13 06:39:39.341,1,1,Read Coils,256,20872,34897,0.024
2026-09-13 06:39:42.817,1,1,Read Coils,25,3,52397,0.398
2026-09-13 06:39:42.841,1,1,Read Coils,256,20872,34897,0.024
2026-09-13 06:39:46.317,1,1,Read Coils,25,3,52397,0.398
2026-09-13 06:39:46.341,1,1,Read Coils,256,20872,34897,0.024
2026-09-13 06:39:49.817,1,1,Read Coils,25,3,52397,0.398
2026-09-13 06:39:49.841,1,1,Read Coils,256,20872,34897,0.024
2026-09-13 06:39:53.317,1,1,Read Coils,25,3,52397,0.398
2026-09-13 06:39:53.341,1,1,Read Coils,256,20872,34897,0.024
2026-09-13 06:39:56.817,1,1,Read Coils,25,3,52397,0.398
2026-09-13 06:39:56.841,1,1,Read Coils,256,20872,34897,0.024
2026-09-13 06:40:00.318,1,1,Read Coils,25,3,52397,0.398
2026-09-13 06:40:00.341,1,1,Read Coils,256,20872,34897,0.023
2026-09-13 06:40:03.818,1,1,Read Coils,25,3,52397,0.398
2026-09-13 06:40:03.841,1,1,Read Coils,256,20872,34897,0.023
2026-09-13 06:40:07.318,1,1,Read Coils,25,3,52397,0.398
2026-09-13 06:40:07.341,1,1,Read Coils,256,20872,34897,0.023
2026-09-13 06:40:10.818,1,1,Read Coils,25,3,52397,0.398
2026-09-13 06:40:10.841,1,1,Read Coils,256,20872,34897,0.023
2026-09-13 06:40:14.318,1,1,Read Coils,25,3,52397,0.398
2026-09-13 06:40:14.341,1,1,Read Coils,256,20872,34897,0.023
2026-09-13 06:40:17.818,1,1,Read Coils,25,3,52397,0.398
2026-09-13 06:40:17.841,1,1,Read Coils,256,20872,34897,0.023
2026-09-13 06:40:21.318,1,1,Read Coils,25,3,52397,0.398
2026-09-13 06:40:21.342,1,1,Read Coils,256,20872,34897,0.024
2026-09-13 06:40:24.818,1,1,Read Coils,25,3,52397,0.398
2026-09-13 06:40:24.842,1,1,Read Coils,256,20872,34897,0.024
2026-09-13 06:40:28.318,1,1,Read Coils,25,3,52397,0.398
2026-09-13 06:40:28.342,1,1,Read Coils,256,20872,34897,0.024
2026-09-13 06:40:31.818,1,1,Read Coils,25,3,52397,0.398
2026-09-13 06:40:31.842,1,1,Read Coils,256,20872,34897,0.024
2026-09-13 06:40:35.318,1,1,Read Coils,25,3,52397,0.398
2026-09-13 06:40:35.342,1,1,Read Coils,256,20872,34897,0.024
2026-09-13 06:40:38.818,1,1,Read Coils,25,3,52397,0.398
2026-09-13 06:40:38.842,1,1,Read Coils,256,20872,34897,0.024
2026-09-13 06:40:42.318,1,1,Read Coils,25,3,52397,0.398
2026-09-13 06:40:42.342,1,1,Read Coils,256,20872,34897,0.024
2026-09-13 06:40:45.818,1,1,Read Coils,25,3,52397,0.398
2026-09-13 06:40:45.842,1,1,Read Coils,256,20872,34897,0.024
2026-09-13 06:40:49.319,1,1,Read Coils,25,3,52397,0.399
2026-09-13 06:40:49.342,1,1,Read Coils,256,20872,34897,0.023
2026-09-13 06:40:52.819,1,1,Read Coils,25,3,52397,0.398
2026-09-13 06:40:52.842,1,1,Read Coils,256,20872,34897,0.023
2026-09-13 06:40:56.319,1,1,Read Coils,25,3,52397,0.398
2026-09-13 06:40:56.342,1,1,Read Coils,256,20872,34897,0.023
2026-09-13 06:40:59.819,1,1,Read Coils,25,3,52397,0.398
2026-09-13 06:40:59.842,1,1,Read Coils,256,20872,34897,0.023
2026-09-13 06:41:03.319,1,1,Read Coils,25,3,52397,0.398
2026-09-13 06:41:03.342,1,1,Read Coils,256,20872,34897,0.023
2026-09-13 06:41:06.819,1,1,Read Coils,25,3,52397,0.398
2026-09-13 06:41:06.843,1,1,Read Coils,256,20872,34897,0.024
2026-09-13 06:41:10.319,1,1,Read Coils,25,3,52397,0.398
2026-09-13 06:41:10.343,1,1,Read Coils,256,20872,34897,0.024
2026-09-13 06:41:13.819,1,1,Read Coils,25,3,52397,0.398
2026-09-13 06:41:13.843,1,1,Read Coils,256,20872,34897,0.024
2026-09-13 06:41:17.319,1,1,Read Coils,25,3,52397,0.398
2026-09-13 06:41:17.343,1,1,Read Coils,256,20872,34897,0.024
2026-09-13 06:41:20.819,1,1,Read Coils,25,3,52397,0.398
2026-09-13 06:41:20.843,1,1,Read Coils,256,20872,34897,0.024
2026-09-13 06:41:24.319,1,1,Read Coils,25,3,52397,0.301
2026-09-13 06:41:24.343,1,1,Read Coils,256,20872,34897,0.024
2026-09-13 06:41:27.819,1,1,Read Coils,25,3,52397,0.398
2026-09-13 06:41:27.843,1,1,Read Coils,256,20872,34897,0.024
2026-09-13 06:41:31.319,1,1,Read Coils,25,3,52397,0.398
2026-09-13 06:41:31.343,1,1,Read Coils,256,20872,34897,0.024
2026-09-13 06:41:34.819,1,1,Read Coils,25,3,52397,0.398
2026-09-13 06:41:34.843,1,1,Read Coils,256,20872,34897,0.024
2026-09-13 06:41:38.320,1,1,Read Coils,25,3,52397,0.398
2026-09-13 06:41:38.343,1,1,Read Coils,256,20872,34897,0.023
2026-09-13 06:41:41.820,1,1,Read Coils,25,3,52397,0.398
2026-09-13 06:41:41.843,1,1,Read Coils,256,20872,34897,0.023
2026-09-13 06:41:45.562,1,1,Read Coils,25,3,52397,0.398
2026-09-13 06:41:45.585,1,1,Read Coils,256,20872,34897,0.023
2026-09-13 06:41:49.062,1,1,Read Coils,25,3,52397,0.398
2026-09-13 06:41:49.085,1,1,Read Coils,256,20872,34897,0.023
2026-09-13 06:41:52.562,1,1,Read Coils,25,3,52397,0.398
2026-09-13 06:41:52.585,1,1,Read Coils,256,20872,34897,0.023
2026-09-13 06:41:56.062,1,1,Read Coils,25,3,52397,0.398
2026-09-13 06:41:56.086,1,1,Read Coils,256,20872,34897,0.024
2026-09-13 06:41:59.562,1,1,Read Coils,25,3,52397,0.398
2026-09-13 06:41:59.586,1,1,Read Coils,256,20872,34897,0.024
2026-09-13 06:42:03.062,1,1,Read Coils,25,3,52397,0.398
2026-09-13 06:42:03.086,1,1,Read Coils,256,20872,34897,0.024
2026-09-13 06:42:06.562,1,1,Read Coils,25,3,52397,0.398
2026-09-13 06:42:06.586,1,1,Read Coils,256,20872,34897,0.024
2026-09-13 06:42:10.062,1,1,Read Coils,25,3,52397,0.398
2026-09-13 06:42:10.086,1,1,Read Coils,256,20872,34897,0.024
2026-09-13 06:42:13.562,1,1,Read Coils,25,3,52397,0.398
2026-09-13 06:42:13.586,1,1,Read Coils,256,20872,34897,0.024
2026-09-13 06:42:17.062,1,1,Read Coils,25,3,52397,0.398
2026-09-13 06:42:17.086,1,1,Read Coils,256,20872,34897,0.024
2026-09-13 06:42:20.562,1,1,Read Coils,25,3,52397,0.398
2026-09-13 06:42:20.586,1,1,Read Coils,256,20872,34897,0.024
2026-09-13 06:42:24.062,1,1,Read Coils,25,3,52397,0.398
2026-09-13 06:42:24.086,1,1,Read Coils,256,20872,34897,0.024
2026-09-13 06:42:27.563,1,1,Read Coils,25,3,52397,0.398
2026-09-13 06:42:27.586,1,1,Read Coils,256,20872,34897,0.023
2026-09-13 06:42:31.063,1,1,Read Coils,25,3,52397,0.398
2026-09-13 06:42:31.086,1,1,Read Coils,256,20872,34897,0.023
2026-09-13 06:42:34.563,1,1,Read Coils,25,3,52397,0.398
2026-09-13 06:42:34.586,1,1,Read Coils,256,20872,34897,0.023
2026-09-13 06:42:38.063,1,1,Read Coils,25,3,52397,0.125
2026-09-13 06:42:38.086,1,1,Read Coils,256,20872,34897,0.023
2026-09-13 06:42:41.563,1,1,Read Coils,25,3,52397,0.398
2026-09-13 06:42:41.587,1,1,Read Coils,256,20872,34897,0.024
2026-09-13 06:42:45.063,1,1,Read Coils,25,3,52397,0.398
2026-09-13 06:42:45.087,1,1,Read Coils,256,20872,34897,0.024
2026-09-13 06:42:48.563,1,1,Read Coils,25,3,52397,0.398
2026-09-13 06:42:48.587,1,1,Read Coils,256,20872,34897,0.024
2026-09-13 06:42:52.063,1,1,Read Coils,25,3,52397,0.398
2026-09-13 06:42:52.087,1,1,Read Coils,256,20872,34897,0.024
2026-09-13 06:42:55.563,1,1,Read Coils,25,3,52397,0.289
2026-09-13 06:42:55.587,1,1,Read Coils,256,20872,34897,0.024
2026-09-13 06:42:59.063,1,1,Read Coils,25,3,52397,0.398
2026-09-13 06:42:59.087,1,1,Read Coils,256,20872,34897,0.024
2026-09-13 06:43:02.563,1,1,Read Coils,25,3,52397,0.398
2026-09-13 06:43:02.587,1,1,Read Coils,256,20872,34897,0.024
2026-09-13 06:43:06.063,1,1,Read Coils,25,3,52397,0.398
2026-09-13 06:43:06.087,1,1,Read Coils,256,20872,34897,0.024
2026-09-13 06:43:09.563,1,1,Read Coils,25,3,52397,0.398
2026-09-13 06:43:09.587,1,1,Read Coils,256,20872,34897,0.024
2026-09-13 06:43:13.063,1,1,Read Coils,25,3,52397,0.397
2026-09-13 06:43:13.087,1,1,Read Coils,256,20872,34897,0.024
2026-09-13 06:43:16.564,1,1,Read Coils,25,3,52397,0.398
2026-09-13 06:43:16.587,1,1,Read Coils,256,20872,34897,0.023
2026-09-13 06:43:20.064,1,1,Read Coils,25,3,52397,0.398
2026-09-13 06:43:20.087,1,1,Read Coils,256,20872,34897,0.023
2026-09-13 06:43:23.564,1,1,Read Coils,25,3,52397,0.398
2026-09-13 06:43:23.587,1,1,Read Coils,256,20872,34897,0.023
2026-09-13 06:43:27.064,1,1,Read Coils,25,3,52397,0.398
2026-09-13 06:43:27.087,1,1,Read Coils,256,20872,34897,0.023
2026-09-13 06:43:30.564,1,1,Read Coils,25,3,52397,0.398
2026-09-13 06:43:30.587,1,1,Read Coils,256,20872,34897,0.023
2026-09-13 06:43:34.064,1,1,Read Coils,25,3,52397,0.398
2026-09-13 06:43:34.087,1,1,Read Coils,256,20872,34897,0.023
2026-09-13 06:43:37.564,1,1,Read Coils,25,3,52397,0.398
2026-09-13 06:43:37.588,1,1,Read Coils,256,20872,34897,0.024
2026-09-13 06:43:41.064,1,1,Read Coils,25,3,52397,0.398
2026-09-13 06:43:41.088,1,1,Read Coils,256,20872,34897,0.024
2026-09-13 06:43:46.102,1,1,Read Coils,25,3,52397,0.398
2026-09-13 06:43:46.126,1,1,Read Coils,256,20872,34897,0.024
2026-09-13 06:43:49.602,1,1,Read Coils,25,3,52397,0.398
2026-09-13 06:43:49.626,1,1,Read Coils,256,20872,34897,0.024
2026-09-13 06:43:53.612,1,1,Read Coils,25,3,52397,0.398
2026-09-13 06:43:53.636,1,1,Read Coils,256,20872,34897,0.024
2026-09-13 06:43:59.738,1,1,Read Coils,25,3,52397,1.009
2026-09-13 06:43:59.762,1,1,Read Coils,256,20872,34897,0.024
2026-09-13 06:44:05.274,1,1,Read Coils,25,3,52397,1.01
2026-09-13 06:44:11.408,1,1,Read Coils,25,3,52397,0.034
2026-09-13 06:44:11.432,1,1,Read Coils,256,20872,34897,0.024
2026-09-13 06:44:14.908,1,1,Read Coils,25,3,52397,0.398
2026-09-13 06:44:14.931,1,1,Read Coils,256,20872,34897,0.023
2026-09-13 06:44:18.408,1,1,Read Coils,25,3,52397,0.398
2026-09-13 06:44:18.431,1,1,Read Coils,256,20872,34897,0.023
2026-09-13 06:44:21.908,1,1,Read Coils,25,3,52397,0.398
2026-09-13 06:44:21.931,1,1,Read Coils,256,20872,34897,0.023
2026-09-13 06:44:25.408,1,1,Read Coils,25,3,52397,0.398
2026-09-13 06:44:25.432,1,1,Read Coils,256,20872,34897,0.024
2026-09-13 06:44:28.908,1,1,Read Coils,25,3,52397,0.398
2026-09-13 06:44:28.932,1,1,Read Coils,256,20872,34897,0.024
2026-09-13 06:44:32.408,1,1,Read Coils,25,3,52397,0.398
2026-09-13 06:44:32.432,1,1,Read Coils,256,20872,34897,0.024
2026-09-13 06:44:38.454,1,1,Read Coils,25,3,52397,0.974
2026-09-13 06:44:38.478,1,1,Read Coils,256,20872,34897,0.024
2026-09-13 06:44:46.070,1,1,Read Coils,25,3,52397,1.009
2026-09-13 06:44:54.176,1,1,Read Coils,25,3,52397,1.01
2026-09-13 06:45:02.270,1,1,Read Coils,25,3,52397,1.009
2026-09-13 06:45:09.346,1,1,Read Coils,25,3,52397,1.01
2026-09-13 06:45:16.931,1,1,Read Coils,25,3,52397,1.01
2026-09-13 06:45:23.066,1,1,Read Coils,25,3,52397,0.035
2026-09-13 06:45:23.089,1,1,Read Coils,256,20872,34897,0.023
2026-09-13 06:45:29.123,1,1,Read Coils,25,3,52397,0.397
2026-09-13 06:45:29.147,1,1,Read Coils,256,20872,34897,0.024
2026-09-13 06:45:33.641,1,1,Read Coils,25,3,52397,0.398
2026-09-13 06:45:33.665,1,1,Read Coils,256,20872,34897,0.024
2026-09-13 06:45:38.170,1,1,Read Coils,25,3,52397,0.397
2026-09-13 06:45:38.194,1,1,Read Coils,256,20872,34897,0.024
2026-09-13 06:45:41.671,1,1,Read Coils,25,3,52397,0.398
2026-09-13 06:45:41.694,1,1,Read Coils,256,20872,34897,0.023
2026-09-13 06:45:45.171,1,1,Read Coils,25,3,52397,0.398
2026-09-13 06:45:45.194,1,1,Read Coils,256,20872,34897,0.023
2026-09-13 06:45:48.671,1,1,Read Coils,25,3,52397,0.398
2026-09-13 06:45:48.694,1,1,Read Coils,256,20872,34897,0.023
2026-09-13 06:45:52.171,1,1,Read Coils,25,3,52397,0.398
2026-09-13 06:45:52.194,1,1,Read Coils,256,20872,34897,0.023
2026-09-13 06:45:55.671,1,1,Read Coils,25,3,52397,0.398
2026-09-13 06:45:55.694,1,1,Read Coils,256,20872,34897,0.023
2026-09-13 06:45:59.171,1,1,Read Coils,25,3,52397,0.398
2026-09-13 06:45:59.195,1,1,Read Coils,256,20872,34897,0.024
2026-09-13 06:46:02.671,1,1,Read Coils,25,3,52397,0.398
2026-09-13 06:46:02.695,1,1,Read Coils,256,20872,34897,0.024
2026-09-13 06:46:06.171,1,1,Read Coils,25,3,52397,0.398
2026-09-13 06:46:06.195,1,1,Read Coils,256,20872,34897,0.024
2026-09-13 06:46:09.671,1,1,Read Coils,25,3,52397,0.398
2026-09-13 06:46:09.695,1,1,Read Coils,256,20872,34897,0.024
2026-09-13 06:46:13.171,1,1,Read Coils,25,3,52397,0.398
2026-09-13 06:46:13.195,1,1,Read Coils,256,20872,34897,0.024
2026-09-13 06:46:16.671,1,1,Read Coils,25,3,52397,0.398
2026-09-13 06:46:16.695,1,1,Read Coils,256,20872,34897,0.024
2026-09-13 06:46:20.171,1,1,Read Coils,25,3,52397,0.398
2026-09-13 06:46:20.195,1,1,Read Coils,256,20872,34897,0.024
2026-09-13 06:46:23.671,1,1,Read Coils,25,3,52397,0.398
2026-09-13 06:46:23.695,1,1,Read Coils,256,20872,34897,0.024
2026-09-13 06:46:27.171,1,1,Read Coils,25,3,52397,0.398
2026-09-13 06:46:27.195,1,1,Read Coils,256,20872,34897,0.024
2026-09-13 06:46:30.672,1,1,Read Coils,25,3,52397,0.398
2026-09-13 06:46:30.695,1,1,Read Coils,256,20872,34897,0.023
2026-09-13 06:46:34.172,1,1,Read Coils,25,3,52397,0.398
2026-09-13 06:46:34.195,1,1,Read Coils,256,20872,34897,0.023
2026-09-13 06:46:37.672,1,1,Read Coils,25,3,52397,0.398
2026-09-13 06:46:37.695,1,1,Read Coils,256,20872,34897,0.023
2026-09-13 06:46:41.172,1,1,Read Coils,25,3,52397,0.398
2026-09-13 06:46:41.195,1,1,Read Coils,256,20872,34897,0.023
2026-09-13 06:46:44.672,1,1,Read Coils,25,3,52397,0.398
2026-09-13 06:46:44.695,1,1,Read Coils,256,20872,34897,0.023
2026-09-13 06:46:48.172,1,1,Read Coils,25,3,52397,0.398
2026-09-13 06:46:48.196,1,1,Read Coils,256,20872,34897,0.024
2026-09-13 06:46:51.672,1,1,Read Coils,25,3,52397,0.398
2026-09-13 06:46:51.696,1,1,Read Coils,256,20872,34897,0.024
2026-09-13 06:46:55.471,1,1,Read Coils,25,3,52397,0.398
2026-09-13 06:46:55.495,1,1,Read Coils,256,20872,34897,0.024
2026-09-13 06:46:58.971,1,1,Read Coils,25,3,52397,0.398
2026-09-13 06:46:58.995,1,1,Read Coils,256,20872,34897,0.024
2026-09-13 06:47:02.471,1,1,Read Coils,25,3,52397,0.398
2026-09-13 06:47:02.495,1,1,Read Coils,256,20872,34897,0.024
2026-09-13 06:47:05.971,1,1,Read Coils,25,3,52397,0.398
2026-09-13 06:47:05.995,1,1,Read Coils,256,20872,34897,0.024
2026-09-13 06:47:09.471,1,1,Read Coils,25,3,52397,0.398
2026-09-13 06:47:09.495,1,1,Read Coils,256,20872,34897,0.024
2026-09-13 06:47:12.971,1,1,Read Coils,25,3,52397,0.398
2026-09-13 06:47:12.995,1,1,Read Coils,256,20872,34897,0.024
2026-09-13 06:47:16.472,1,1,Read Coils,25,3,52397,0.399
2026-09-13 06:47:16.495,1,1,Read Coils,256,20872,34897,0.023
2026-09-13 06:47:19.972,1,1,Read Coils,25,3,52397,0.398
2026-09-13 06:47:19.995,1,1,Read Coils,256,20872,34897,0.023
2026-09-13 06:47:23.472,1,1,Read Coils,25,3,52397,0.398
2026-09-13 06:47:23.495,1,1,Read Coils,256,20872,34897,0.023
2026-09-13 06:47:26.972,1,1,Read Coils,25,3,52397,0.398
2026-09-13 06:47:26.995,1,1,Read Coils,256,20872,34897,0.023
2026-09-13 06:47:30.472,1,1,Read Coils,25,3,52397,0.398
2026-09-13 06:47:30.495,1,1,Read Coils,256,20872,34897,0.023
2026-09-13 06:47:33.972,1,1,Read Coils,25,3,52397,0.398
2026-09-13 06:47:33.995,1,1,Read Coils,256,20872,34897,0.023
2026-09-13 06:47:37.483,1,1,Read Coils,25,3,52397,0.398
2026-09-13 06:47:37.506,1,1,Read Coils,256,20872,34897,0.023
2026-09-13 06:47:40.983,1,1,Read Coils,25,3,52397,0.398
2026-09-13 06:47:41.007,1,1,Read Coils,256,20872,34897,0.024
2026-09-13 06:47:44.483,1,1,Read Coils,25,3,52397,0.398
2026-09-13 06:47:44.507,1,1,Read Coils,256,20872,34897,0.024
2026-09-13 06:47:47.983,1,1,Read Coils,25,3,52397,0.398
2026-09-13 06:47:48.007,1,1,Read Coils,256,20872,34897,0.024
2026-09-13 06:47:51.483,1,1,Read Coils,25,3,52397,0.398
2026-09-13 06:47:51.507,1,1,Read Coils,256,20872,34897,0.024
2026-09-13 06:47:54.983,1,1,Read Coils,25,3,52397,0.398
2026-09-13 06:47:55.007,1,1,Read Coils,256,20872,34897,0.024
2026-09-13 06:47:58.483,1,1,Read Coils,25,3,52397,0.398
2026-09-13 06:47:58.507,1,1,Read Coils,256,20872,34897,0.024
2026-09-13 06:48:01.983,1,1,Read Coils,25,3,52397,0.398
2026-09-13 06:48:02.007,1,1,Read Coils,256,20872,34897,0.024
2026-09-13 06:48:05.484,1,1,Read Coils,25,3,52397,0.398
2026-09-13 06:48:05.507,1,1,Read Coils,256,20872,34897,0.023
2026-09-13 06:48:08.984,1,1,Read Coils,25,3,52397,0.398
2026-09-13 06:48:09.007,1,1,Read Coils,256,20872,34897,0.023
2026-09-13 06:48:12.484,1,1,Read Coils,25,3,52397,0.398
2026-09-13 06:48:12.507,1,1,Read Coils,256,20872,34897,0.023
2026-09-13 06:48:15.984,1,1,Read Coils,25,3,52397,0.398
2026-09-13 06:48:16.007,1,1,Read Coils,256,20872,34897,0.023
2026-09-13 06:48:19.484,1,1,Read Coils,25,3,52397,0.398
2026-09-13 06:48:19.507,1,1,Read Coils,256,20872,34897,0.023
2026-09-13 06:48:22.984,1,1,Read Coils,25,3,52397,0.398
2026-09-13 06:48:23.007,1,1,Read Coils,256,20872,34897,0.023
2026-09-13 06:48:26.484,1,1,Read Coils,25,3,52397,0.398
2026-09-13 06:48:26.508,1,1,Read Coils,256,20872,34897,0.024
2026-09-13 06:48:29.984,1,1,Read Coils,25,3,52397,0.398
2026-09-13 06:48:30.008,1,1,Read Coils,256,20872,34897,0.024
2026-09-13 06:48:33.484,1,1,Read Coils,25,3,52397,0.398
2026-09-13 06:48:33.508,1,1,Read Coils,256,20872,34897,0.024
2026-09-13 06:48:36.984,1,1,Read Coils,25,3,52397,0.398
2026-09-13 06:48:37.008,1,1,Read Coils,256,20872,34897,0.024
2026-09-13 06:48:40.484,1,1,Read Coils,25,3,52397,0.398
2026-09-13 06:48:40.508,1,1,Read Coils,256,20872,34897,0.024
2026-09-13 06:48:43.984,1,1,Read Coils,25,3,52397,0.398
2026-09-13 06:48:44.008,1,1,Read Coils,256,20872,34897,0.024
2026-09-13 06:48:47.484,1,1,Read Coils,25,3,52397,0.398
2026-09-13 06:48:47.508,1,1,Read Coils,256,20872,34897,0.024
2026-09-13 06:48:50.984,1,1,Read Coils,25,3,52397,0.398
2026-09-13 06:48:51.008,1,1,Read Coils,256,20872,34897,0.024
2026-09-13 06:48:54.485,1,1,Read Coils,25,3,52397,0.399
2026-09-13 06:48:54.508,1,1,Read Coils,256,20872,34897,0.023
2026-09-13 06:48:57.985,1,1,Read Coils,25,3,52397,0.398
2026-09-13 06:48:58.008,1,1,Read Coils,256,20872,34897,0.023
2026-09-13 06:49:01.485,1,1,Read Coils,25,3,52397,0.398
2026-09-13 06:49:01.508,1,1,Read Coils,256,20872,34897,0.023
2026-09-13 06:49:04.985,1,1,Read Coils,25,3,52397,0.398
2026-09-13 06:49:05.008,1,1,Read Coils,256,20872,34897,0.023
2026-09-13 06:49:08.492,1,1,Read Coils,25,3,52397,0.398
2026-09-13 06:49:08.515,1,1,Read Coils,256,20872,34897,0.023
2026-09-13 06:49:11.992,1,1,Read Coils,25,3,52397,0.398
2026-09-13 06:49:12.016,1,1,Read Coils,256,20872,34897,0.024
2026-09-13 06:49:15.492,1,1,Read Coils,25,3,52397,0.398
2026-09-13 06:49:15.516,1,1,Read Coils,256,20872,34897,0.024
2026-09-13 06:49:18.992,1,1,Read Coils,25,3,52397,0.398
2026-09-13 06:49:19.016,1,1,Read Coils,256,20872,34897,0.024
2026-09-13 06:49:22.492,1,1,Read Coils,25,3,52397,0.398
2026-09-13 06:49:22.516,1,1,Read Coils,256,20872,34897,0.024
2026-09-13 06:49:25.992,1,1,Read Coils,25,3,52397,0.398
2026-09-13 06:49:26.016,1,1,Read Coils,256,20872,34897,0.024
2026-09-13 06:49:29.492,1,1,Read Coils,25,3,52397,0.398
2026-09-13 06:49:29.516,1,1,Read Coils,256,20872,34897,0.024
2026-09-13 06:49:32.992,1,1,Read Coils,25,3,52397,0.398
2026-09-13 06:49:33.016,1,1,Read Coils,256,20872,34897,0.024
2026-09-13 06:49:36.492,1,1,Read Coils,25,3,52397,0.398
2026-09-13 06:49:36.516,1,1,Read Coils,256,20872,34897,0.024
2026-09-13 06:49:39.993,1,1,Read Coils,25,3,52397,0.399
2026-09-13 06:49:40.016,1,1,Read Coils,256,20872,34897,0.023
2026-09-13 06:49:43.493,1,1,Read Coils,25,3,52397,0.398
2026-09-13 06:49:43.516,1,1,Read Coils,256,20872,34897,0.023
2026-09-13 06:49:46.993,1,1,Read Coils,25,3,52397,0.398
2026-09-13 06:49:47.016,1,1,Read Coils,256,20872,34897,0.023
2026-09-13 06:49:50.493,1,1,Read Coils,25,3,52397,0.398
2026-09-13 06:49:50.516,1,1,Read Coils,256,20872,34897,0.023
2026-09-13 06:49:53.993,1,1,Read Coils,25,3,52397,0.398
2026-09-13 06:49:54.016,1,1,Read Coils,256,20872,34897,0.023
2026-09-13 06:49:57.493,1,1,Read Coils,25,3,52397,0.398
2026-09-13 06:49:57.517,1,1,Read Coils,256,20872,34897,0.024
2026-09-13 06:50:00.993,1,1,Read Coils,25,3,52397,0.398
2026-09-13 06:50:01.017,1,1,Read Coils,256,20872,34897,0.024
2026-09-13 06:50:04.493,1,1,Read Coils,25,3,52397,0.398
2026-09-13 06:50:04.517,1,1,Read Coils,256,20872,34897,0.024
2026-09-13 06:50:07.993,1,1,Read Coils,25,3,52397,0.398
2026-09-13 06:50:08.017,1,1,Read Coils,256,20872,34897,0.024
2026-09-13 06:50:11.493,1,1,Read Coils,25,3,52397,0.337
2026-09-13 06:50:11.517,1,1,Read Coils,256,20872,34897,0.024
2026-09-13 06:50:14.993,1,1,Read Coils,25,3,52397,0.398
2026-09-13 06:50:15.017,1,1,Read Coils,256,20872,34897,0.024
2026-09-13 06:50:18.493,1,1,Read Coils,25,3,52397,0.398
2026-09-13 06:50:18.517,1,1,Read Coils,256,20872,34897,0.024
2026-09-13 06:50:21.993,1,1,Read Coils,25,3,52397,0.398
2026-09-13 06:50:22.017,1,1,Read Coils,256,20872,34897,0.024
2026-09-13 06:50:25.493,1,1,Read Coils,25,3,52397,0.397
2026-09-13 06:50:25.517,1,1,Read Coils,256,20872,34897,0.024
2026-09-13 06:50:28.994,1,1,Read Coils,25,3,52397,0.398
2026-09-13 06:50:29.017,1,1,Read Coils,256,20872,34897,0.023
2026-09-13 06:50:32.494,1,1,Read Coils,25,3,52397,0.398
2026-09-13 06:50:32.517,1,1,Read Coils,256,20872,34897,0.023
2026-09-13 06:50:35.994,1,1,Read Coils,25,3,52397,0.398
2026-09-13 06:50:36.017,1,1,Read Coils,256,20872,34897,0.023
2026-09-13 06:50:39.494,1,1,Read Coils,25,3,52397,0.398
2026-09-13 06:50:39.517,1,1,Read Coils,256,20872,34897,0.023
2026-09-13 06:50:42.994,1,1,Read Coils,25,3,52397,0.398
2026-09-13 06:50:43.017,1,1,Read Coils,256,20872,34897,0.023
2026-09-13 06:50:46.494,1,1,Read Coils,25,3,52397,0.398
2026-09-13 06:50:46.517,1,1,Read Coils,256,20872,34897,0.023
2026-09-13 06:50:49.994,1,1,Read Coils,25,3,52397,0.398
2026-09-13 06:50:50.018,1,1,Read Coils,256,20872,34897,0.024
2026-09-13 06:50:53.494,1,1,Read Coils,25,3,52397,0.398
2026-09-13 06:50:53.518,1,1,Read Coils,256,20872,34897,0.024
2026-09-13 06:50:56.994,1,1,Read Coils,25,3,52397,0.398
2026-09-13 06:50:57.018,1,1,Read Coils,256,20872,34897,0.024
2026-09-13 06:51:00.494,1,1,Read Coils,25,3,52397,0.398
2026-09-13 06:51:00.518,1,1,Read Coils,256,20872,34897,0.024
2026-09-13 06:51:03.994,1,1,Read Coils,25,3,52397,0.398
2026-09-13 06:51:04.018,1,1,Read Coils,256,20872,34897,0.024
2026-09-13 06:51:07.494,1,1,Read Coils,25,3,52397,0.398
2026-09-13 06:51:07.518,1,1,Read Coils,256,20872,34897,0.024
2026-09-13 06:51:10.994,1,1,Read Coils,25,3,52397,0.337
2026-09-13 06:51:11.018,1,1,Read Coils,256,20872,34897,0.024
2026-09-13 06:51:14.494,1,1,Read Coils,25,3,52397,0.398
2026-09-13 06:51:14.518,1,1,Read Coils,256,20872,34897,0.024
2026-09-13 06:51:17.995,1,1,Read Coils,25,3,52397,0.398
2026-09-13 06:51:18.018,1,1,Read Coils,256,20872,34897,0.023
2026-09-13 06:51:21.495,1,1,Read Coils,25,3,52397,0.398
2026-09-13 06:51:21.518,1,1,Read Coils,256,20872,34897,0.023
2026-09-13 06:51:24.995,1,1,Read Coils,25,3,52397,0.398
2026-09-13 06:51:25.018,1,1,Read Coils,256,20872,34897,0.023
2026-09-13 06:51:28.495,1,1,Read Coils,25,3,52397,0.398
2026-09-13 06:51:28.518,1,1,Read Coils,256,20872,34897,0.023
2026-09-13 06:51:31.995,1,1,Read Coils,25,3,52397,0.319
2026-09-13 06:51:32.019,1,1,Read Coils,256,20872,34897,0.024
2026-09-13 06:51:35.495,1,1,Read Coils,25,3,52397,0.398
2026-09-13 06:51:35.519,1,1,Read Coils,256,20872,34897,0.024
2026-09-13 06:51:38.995,1,1,Read Coils,25,3,52397,0.398
2026-09-13 06:51:39.019,1,1,Read Coils,256,20872,34897,0.024
2026-09-13 06:51:42.495,1,1,Read Coils,25,3,52397,0.398
2026-09-13 06:51:42.519,1,1,Read Coils,256,20872,34897,0.024
2026-09-13 06:51:45.995,1,1,Read Coils,25,3,52397,0.398
2026-09-13 06:51:46.019,1,1,Read Coils,256,20872,34897,0.024
2026-09-13 06:51:49.495,1,1,Read Coils,25,3,52397,0.398
2026-09-13 06:51:49.519,1,1,Read Coils,256,20872,34897,0.024
2026-09-13 06:51:52.995,1,1,Read Coils,25,3,52397,0.398
2026-09-13 06:51:53.019,1,1,Read Coils,256,20872,34897,0.024
2026-09-13 06:51:56.495,1,1,Read Coils,25,3,52397,0.398
2026-09-13 06:51:56.519,1,1,Read Coils,256,20872,34897,0.024
2026-09-13 06:51:59.995,1,1,Read Coils,25,3,52397,0.398
2026-09-13 06:52:00.019,1,1,Read Coils,256,20872,34897,0.024
2026-09-13 06:52:03.496,1,1,Read Coils,25,3,52397,0.398
2026-09-13 06:52:03.519,1,1,Read Coils,256,20872,34897,0.023
2026-09-13 06:52:06.996,1,1,Read Coils,25,3,52397,0.398
2026-09-13 06:52:07.019,1,1,Read Coils,256,20872,34897,0.023
2026-09-13 06:52:10.496,1,1,Read Coils,25,3,52397,0.398
2026-09-13 06:52:10.519,1,1,Read Coils,256,20872,34897,0.023
2026-09-13 06:52:13.996,1,1,Read Coils,25,3,52397,0.398
2026-09-13 06:52:14.019,1,1,Read Coils,256,20872,34897,0.023
2026-09-13 06:52:17.496,1,1,Read Coils,25,3,52397,0.398
2026-09-13 06:52:17.519,1,1,Read Coils,256,20872,34897,0.023
2026-09-13 06:52:20.996,1,1,Read Coils,25,3,52397,0.398
2026-09-13 06:52:21.020,1,1,Read Coils,256,20872,34897,0.024
2026-09-13 06:52:24.496,1,1,Read Coils,25,3,52397,0.398
2026-09-13 06:52:24.520,1,1,Read Coils,256,20872,34897,0.024
2026-09-13 06:52:27.996,1,1,Read Coils,25,3,52397,0.398
2026-09-13 06:52:28.020,1,1,Read Coils,256,20872,34897,0.024
2026-09-13 06:52:31.496,1,1,Read Coils,25,3,52397,0.398
2026-09-13 06:52:31.520,1,1,Read Coils,256,20872,34897,0.024
2026-09-13 06:52:34.996,1,1,Read Coils,25,3,52397,0.233
2026-09-13 06:52:35.020,1,1,Read Coils,256,20872,34897,0.024
2026-09-13 06:52:38.496,1,1,Read Coils,25,3,52397,0.398
2026-09-13 06:52:38.520,1,1,Read Coils,256,20872,34897,0.024
2026-09-13 06:52:41.996,1,1,Read Coils,25,3,52397,0.398
2026-09-13 06:52:42.020,1,1,Read Coils,256,20872,34897,0.024
2026-09-13 06:52:45.496,1,1,Read Coils,25,3,52397,0.397
2026-09-13 06:52:45.520,1,1,Read Coils,256,20872,34897,0.024
2026-09-13 06:52:48.996,1,1,Read Coils,25,3,52397,0.398
2026-09-13 06:52:49.020,1,1,Read Coils,256,20872,34897,0.024
2026-09-13 06:52:52.497,1,1,Read Coils,25,3,52397,0.183
2026-09-13 06:52:52.520,1,1,Read Coils,256,20872,34897,0.023
2026-09-13 06:52:55.997,1,1,Read Coils,25,3,52397,0.398
2026-09-13 06:52:56.020,1,1,Read Coils,256,20872,34897,0.023
2026-09-13 06:52:59.497,1,1,Read Coils,25,3,52397,0.398
2026-09-13 06:52:59.520,1,1,Read Coils,256,20872,34897,0.023
2026-09-13 06:53:02.997,1,1,Read Coils,25,3,52397,0.398
2026-09-13 06:53:03.020,1,1,Read Coils,256,20872,34897,0.023
2026-09-13 06:53:06.497,1,1,Read Coils,25,3,52397,0.398
2026-09-13 06:53:06.520,1,1,Read Coils,256,20872,34897,0.023
2026-09-13 06:53:09.997,1,1,Read Coils,25,3,52397,0.398
2026-09-13 06:53:10.020,1,1,Read Coils,256,20872,34897,0.023
2026-09-13 06:53:13.497,1,1,Read Coils,25,3,52397,0.398
2026-09-13 06:53:13.521,1,1,Read Coils,256,20872,34897,0.024
2026-09-13 06:53:16.997,1,1,Read Coils,25,3,52397,0.26
2026-09-13 06:53:17.021,1,1,Read Coils,256,20872,34897,0.024
2026-09-13 06:53:20.497,1,1,Read Coils,25,3,52397,0.398
2026-09-13 06:53:20.521,1,1,Read Coils,256,20872,34897,0.024
2026-09-13 06:53:23.997,1,1,Read Coils,25,3,52397,0.398
2026-09-13 06:53:24.021,1,1,Read Coils,256,20872,34897,0.024
2026-09-13 06:53:27.497,1,1,Read Coils,25,3,52397,0.398
2026-09-13 06:53:27.521,1,1,Read Coils,256,20872,34897,0.024
2026-09-13 06:53:30.997,1,1,Read Coils,25,3,52397,0.398
2026-09-13 06:53:31.021,1,1,Read Coils,256,20872,34897,0.024
2026-09-13 06:53:34.497,1,1,Read Coils,25,3,52397,0.397
2026-09-13 06:53:34.521,1,1,Read Coils,256,20872,34897,0.024
2026-09-13 06:53:37.998,1,1,Read Coils,25,3,52397,0.398
2026-09-13 06:53:38.021,1,1,Read Coils,256,20872,34897,0.023
2026-09-13 06:53:41.498,1,1,Read Coils,25,3,52397,0.398
2026-09-13 06:53:41.521,1,1,Read Coils,256,20872,34897,0.023
2026-09-13 06:53:44.998,1,1,Read Coils,25,3,52397,0.398
2026-09-13 06:53:45.021,1,1,Read Coils,256,20872,34897,0.023
2026-09-13 06:53:48.498,1,1,Read Coils,25,3,52397,0.398
2026-09-13 06:53:48.521,1,1,Read Coils,256,20872,34897,0.023
2026-09-13 06:53:51.998,1,1,Read Coils,25,3,52397,0.398
2026-09-13 06:53:52.021,1,1,Read Coils,256,20872,34897,0.023
2026-09-13 06:53:55.498,1,1,Read Coils,25,3,52397,0.398
2026-09-13 06:53:55.521,1,1,Read Coils,256,20872,34897,0.023
2026-09-13 06:53:58.998,1,1,Read Coils,25,3,52397,0.398
2026-09-13 06:53:59.022,1,1,Read Coils,256,20872,34897,0.024
2026-09-13 06:54:02.498,1,1,Read Coils,25,3,52397,0.398
2026-09-13 06:54:02.522,1,1,Read Coils,256,20872,34897,0.024
2026-09-13 06:54:05.998,1,1,Read Coils,25,3,52397,0.398
2026-09-13 06:54:06.022,1,1,Read Coils,256,20872,34897,0.024
2026-09-13 06:54:09.498,1,1,Read Coils,25,3,52397,0.398
2026-09-13 06:54:09.522,1,1,Read Coils,256,20872,34897,0.024
2026-09-13 06:54:12.998,1,1,Read Coils,25,3,52397,0.398
2026-09-13 06:54:13.022,1,1,Read Coils,256,20872,34897,0.024
2026-09-13 06:54:16.498,1,1,Read Coils,25,3,52397,0.398
2026-09-13 06:54:16.522,1,1,Read Coils,256,20872,34897,0.024
2026-09-13 06:54:19.998,1,1,Read Coils,25,3,52397,0.398
2026-09-13 06:54:20.022,1,1,Read Coils,256,20872,34897,0.024
2026-09-13 06:54:23.498,1,1,Read Coils,25,3,52397,0.397
2026-09-13 06:54:23.522,1,1,Read Coils,256,20872,34897,0.024
2026-09-13 06:54:26.999,1,1,Read Coils,25,3,52397,0.398
2026-09-13 06:54:27.022,1,1,Read Coils,256,20872,34897,0.023
2026-09-13 06:54:30.499,1,1,Read Coils,25,3,52397,0.398
2026-09-13 06:54:30.522,1,1,Read Coils,256,20872,34897,0.023
2026-09-13 06:54:33.999,1,1,Read Coils,25,3,52397,0.398
2026-09-13 06:54:34.022,1,1,Read Coils,256,20872,34897,0.023
2026-09-13 06:54:37.499,1,1,Read Coils,25,3,52397,0.398
2026-09-13 06:54:37.522,1,1,Read Coils,256,20872,34897,0.023
2026-09-13 06:54:40.999,1,1,Read Coils,25,3,52397,0.398
2026-09-13 06:54:41.022,1,1,Read Coils,256,20872,34897,0.023
2026-09-13 06:54:44.499,1,1,Read Coils,25,3,52397,0.398
2026-09-13 06:54:44.523,1,1,Read Coils,256,20872,34897,0.024
2026-09-13 06:54:47.999,1,1,Read Coils,25,3,52397,0.398
2026-09-13 06:54:48.023,1,1,Read Coils,256,20872,34897,0.024
2026-09-13 06:54:51.499,1,1,Read Coils,25,3,52397,0.398
2026-09-13 06:54:51.523,1,1,Read Coils,256,20872,34897,0.024
2026-09-13 06:54:54.999,1,1,Read Coils,25,3,52397,0.398
2026-09-13 06:54:55.023,1,1,Read Coils,256,20872,34897,0.024
2026-09-13 06:54:58.499,1,1,Read Coils,25,3,52397,0.398
2026-09-13 06:54:58.523,1,1,Read Coils,256,20872,34897,0.024
2026-09-13 06:55:01.999,1,1,Read Coils,25,3,52397,0.397
2026-09-13 06:55:02.023,1,1,Read Coils,256,20872,34897,0.024
2026-09-13 06:55:05.501,1,1,Read Coils,25,3,52397,0.026
2026-09-13 06:55:05.525,1,1,Read Coils,256,20872,34897,0.024
2026-09-13 06:55:09.000,1,1,Read Coils,25,3,52397,0.398
2026-09-13 06:55:09.024,1,1,Read Coils,256,20872,34897,0.024
2026-09-13 06:55:12.501,1,1,Read Coils,25,3,52397,0.398
2026-09-13 06:55:12.524,1,1,Read Coils,256,20872,34897,0.023
2026-09-13 06:55:16.001,1,1,Read Coils,25,3,52397,0.398
2026-09-13 06:55:16.024,1,1,Read Coils,256,20872,34897,0.023
2026-09-13 06:55:19.501,1,1,Read Coils,25,3,52397,0.398
2026-09-13 06:55:19.524,1,1,Read Coils,256,20872,34897,0.023
2026-09-13 06:55:23.001,1,1,Read Coils,25,3,52397,0.398
2026-09-13 06:55:23.024,1,1,Read Coils,256,20872,34897,0.023
2026-09-13 06:55:26.501,1,1,Read Coils,25,3,52397,0.398
2026-09-13 06:55:26.524,1,1,Read Coils,256,20872,34897,0.023
