timestamp,slave_address,function_code,function_name,address_unit_1,quantity_unit_1,crc_calculated,delta_t
2026-09-13 05:28:15.137,1,3,Read Holding Registers,1200,5,7813,0.06
2026-09-13 05:28:15.171,1,3,Read Holding Registers,2560,0,46628,0.034
2026-09-13 05:28:16.569,1,3,Read Holding Registers,1260,12,2693,0.475
2026-09-13 05:28:16.620,1,3,Read Holding Registers,6148,53760,11090,0.051
2026-09-13 05:28:18.637,1,3,Read Holding Registers,1200,5,7813,0.06
2026-09-13 05:28:18.671,1,3,Read Holding Registers,2560,0,46628,0.034
2026-09-13 05:28:20.069,1,3,Read Holding Registers,1260,12,2693,0.475
2026-09-13 05:28:20.120,1,3,Read Holding Registers,6183,3840,12070,0.051
2026-09-13 05:28:22.137,1,3,Read Holding Registers,1200,5,7813,0.06
2026-09-13 05:28:22.171,1,3,Read Holding Registers,2560,0,46628,0.034
2026-09-13 05:28:23.569,1,3,Read Holding Registers,1260,12,2693,0.475
2026-09-13 05:28:23.620,1,3,Read Holding Registers,6183,3840,12070,0.051
2026-09-13 05:28:25.637,1,3,Read Holding Registers,1200,5,7813,0.06
2026-09-13 05:28:25.671,1,3,Read Holding Registers,2560,0,46628,0.034
2026-09-13 05:28:27.069,1,3,Read Holding Registers,1260,12,2693,0.475
2026-09-13 05:28:27.120,1,3,Read Holding Registers,6183,3840,12070,0.051
2026-09-13 05:28:29.137,1,3,Read Holding Registers,1200,5,7813,0.06
2026-09-13 05:28:29.171,1,3,Read Holding Registers,2560,0,46628,0.034
2026-09-13 05:28:30.569,1,3,Read Holding Registers,1260,12,2693,0.475
2026-09-13 05:28:30.620,1,3,Read Holding Registers,6183,3840,12070,0.051
2026-09-13 05:28:32.637,1,3,Read Holding Registers,1200,5,7813,0.06
2026-09-13 05:28:32.671,1,3,Read Holding Registers,2560,0,46628,0.034
2026-09-13 05:28:34.081,1,3,Read Holding Registers,1260,12,2693,0.026
2026-09-13 05:28:34.131,1,3,Read Holding Registers,6183,3840,43875,0.05
2026-09-13 05:28:36.149,1,3,Read Holding Registers,1200,5,7813,0.061
2026-09-13 05:28:36.183,1,3,Read Holding Registers,2560,0,46628,0.034
2026-09-13 05:28:37.580,1,3,Read Holding Registers,1260,12,2693,0.475
2026-09-13 05:28:37.631,1,3,Read Holding Registers,6183,3840,43875,0.051
2026-09-13 05:28:39.648,1,3,Read Holding Registers,1200,5,7813,0.06
2026-09-13 05:28:39.682,1,3,Read Holding Registers,2560,0,46628,0.034
2026-09-13 05:28:41.080,1,3,Read Holding Registers,1260,12,2693,0.475
2026-09-13 05:28:41.131,1,3,Read Holding Registers,6183,3840,43875,0.051
2026-09-13 05:28:43.149,1,3,Read Holding Registers,1200,5,7813,0.061
2026-09-13 05:28:43.182,1,3,Read Holding Registers,2560,0,46628,0.033
2026-09-13 05:28:44.580,1,3,Read Holding Registers,1260,12,2693,0.475
2026-09-13 05:28:44.631,1,3,Read Holding Registers,6183,3840,43875,0.051
2026-09-13 05:28:46.649,1,3,Read Holding Registers,1200,5,7813,0.061
2026-09-13 05:28:46.682,1,3,Read Holding Registers,2560,0,46628,0.033
2026-09-13 05:28:48.080,1,3,Read Holding Registers,1260,12,2693,0.475
2026-09-13 05:28:48.131,1,3,Read Holding Registers,6183,3840,43875,0.051
2026-09-13 05:28:50.149,1,3,Read Holding Registers,1200,5,7813,0.06
2026-09-13 05:28:50.182,1,3,Read Holding Registers,2560,0,46628,0.033
2026-09-13 05:28:51.581,1,3,Read Holding Registers,1260,12,2693,0.476
2026-09-13 05:28:51.631,1,3,Read Holding Registers,6183,3840,43875,0.05
2026-09-13 05:28:53.649,1,3,Read Holding Registers,1200,5,7813,0.06
2026-09-13 05:28:53.683,1,3,Read Holding Registers,2560,0,46628,0.034
2026-09-13 05:28:55.081,1,3,Read Holding Registers,1260,12,2693,0.476
2026-09-13 05:28:55.132,1,3,Read Holding Registers,6183,3840,43875,0.051
2026-09-13 05:28:57.149,1,3,Read Holding Registers,1200,5,7813,0.06
2026-09-13 05:28:57.183,1,3,Read Holding Registers,2560,0,46628,0.034
2026-09-13 05:28:58.581,1,3,Read Holding Registers,1260,12,2693,0.476
2026-09-13 05:28:58.631,1,3,Read Holding Registers,6183,3840,43875,0.05
2026-09-13 05:29:00.649,1,3,Read Holding Registers,1200,5,7813,0.06
2026-09-13 05:29:00.683,1,3,Read Holding Registers,2560,0,46628,0.034
2026-09-13 05:29:02.081,1,3,Read Holding Registers,1260,12,2693,0.476
2026-09-13 05:29:02.131,1,3,Read Holding Registers,6183,3840,43875,0.05
2026-09-13 05:29:04.149,1,3,Read Holding Registers,1200,5,7813,0.06
2026-09-13 05:29:04.183,1,3,Read Holding Registers,2560,0,46628,0.034
2026-09-13 05:29:05.581,1,3,Read Holding Registers,1260,12,2693,0.475
2026-09-13 05:29:05.632,1,3,Read Holding Registers,6183,3840,43875,0.051
2026-09-13 05:29:07.649,1,3,Read Holding Registers,1200,5,7813,0.06
2026-09-13 05:29:07.683,1,3,Read Holding Registers,2560,0,46628,0.034
2026-09-13 05:29:09.081,1,3,Read Holding Registers,1260,12,2693,0.475
2026-09-13 05:29:09.132,1,3,Read Holding Registers,6183,3840,43875,0.051
2026-09-13 05:29:11.149,1,3,Read Holding Registers,1200,5,7813,0.06
2026-09-13 05:29:11.183,1,3,Read Holding Registers,2560,0,46628,0.034
2026-09-13 05:29:12.623,1,3,Read Holding Registers,1260,12,2693,0.475
2026-09-13 05:29:12.675,1,3,Read Holding Registers,6183,3840,43875,0.052
2026-09-13 05:29:14.691,1,3,Read Holding Registers,1200,5,7813,0.06
2026-09-13 05:29:14.725,1,3,Read Holding Registers,2560,0,46628,0.034
2026-09-13 05:29:16.123,1,3,Read Holding Registers,1260,12,2693,0.475
2026-09-13 05:29:16.174,1,3,Read Holding Registers,6183,3840,43875,0.051
2026-09-13 05:29:18.191,1,3,Read Holding Registers,1200,5,7813,0.06
2026-09-13 05:29:18.225,1,3,Read Holding Registers,2560,0,46628,0.034
2026-09-13 05:29:19.623,1,3,Read Holding Registers,1260,12,2693,0.475
2026-09-13 05:29:19.674,1,3,Read Holding Registers,6183,3840,43875,0.051
2026-09-13 05:29:21.691,1,3,Read Holding Registers,1200,5,7813,0.06
2026-09-13 05:29:21.725,1,3,Read Holding Registers,2560,0,46628,0.034
2026-09-13 05:29:23.123,1,3,Read Holding Registers,1260,12,2693,0.475
2026-09-13 05:29:23.174,1,3,Read Holding Registers,6183,3840,43875,0.051
2026-09-13 05:29:25.191,1,3,Read Holding Registers,1200,5,7813,0.06
2026-09-13 05:29:25.225,1,3,Read Holding Registers,2560,0,46628,0.034
2026-09-13 05:29:26.623,1,3,Read Holding Registers,1260,12,2693,0.475
2026-09-13 05:29:26.674,1,3,Read Holding Registers,6183,3840,43875,0.051
2026-09-13 05:29:28.691,1,3,Read Holding Registers,1200,5,7813,0.06
2026-09-13 05:29:28.725,1,3,Read Holding Registers,2560,0,46628,0.034
2026-09-13 05:29:30.123,1,3,Read Holding Registers,1260,12,2693,0.475
2026-09-13 05:29:30.174,1,3,Read Holding Registers,6183,3840,43875,0.051
2026-09-13 05:29:32.191,1,3,Read Holding Registers,1200,5,7813,0.06
2026-09-13 05:29:32.225,1,3,Read Holding Registers,2560,0,46628,0.034
2026-09-13 05:29:33.623,1,3,Read Holding Registers,1260,12,2693,0.475
2026-09-13 05:29:33.674,1,3,Read Holding Registers,6183,3840,43875,0.051
2026-09-13 05:29:35.691,1,3,Read Holding Registers,1200,5,7813,0.06
2026-09-13 05:29:35.725,1,3,Read Holding Registers,2560,0,46628,0.034
2026-09-13 05:29:37.123,1,3,Read Holding Registers,1260,12,2693,0.475
2026-09-13 05:29:37.174,1,3,Read Holding Registers,6183,3840,43875,0.051
2026-09-13 05:29:39.191,1,3,Read Holding Registers,1200,5,7813,0.06
2026-09-13 05:29:39.225,1,3,Read Holding Registers,2560,0,46628,0.034
2026-09-13 05:29:40.623,1,3,Read Holding Registers,1260,12,2693,0.475
2026-09-13 05:29:40.674,1,3,Read Holding Registers,6183,3840,43875,0.051
2026-09-13 05:29:42.692,1,3,Read Holding Registers,1200,5,7813,0.061
2026-09-13 05:29:42.725,1,3,Read Holding Registers,2560,0,46628,0.033
2026-09-13 05:29:44.123,1,3,Read Holding Registers,1260,12,2693,0.475
2026-09-13 05:29:44.174,1,3,Read Holding Registers,6183,3840,43875,0.051
2026-09-13 05:29:46.192,1,3,Read Holding Registers,1200,5,7813,0.061
2026-09-13 05:29:46.225,1,3,Read Holding Registers,2560,0,46628,0.033
2026-09-13 05:29:47.623,1,3,Read Holding Registers,1260,12,2693,0.475
2026-09-13 05:29:47.674,1,3,Read Holding Registers,6183,3840,43875,0.051
2026-09-13 05:29:49.692,1,3,Read Holding Registers,1200,5,7813,0.06
2026-09-13 05:29:49.726,1,3,Read Holding Registers,2560,0,46628,0.034
2026-09-13 05:29:51.124,1,3,Read Holding Registers,1260,12,2693,0.077
2026-09-13 05:29:51.174,1,3,Read Holding Registers,6183,3840,43875,0.05
2026-09-13 05:29:53.192,1,3,Read Holding Registers,1200,5,7813,0.06
2026-09-13 05:29:53.226,1,3,Read Holding Registers,2560,0,46628,0.034
2026-09-13 05:29:54.624,1,3,Read Holding Registers,1260,12,2693,0.476
2026-09-13 05:29:54.674,1,3,Read Holding Registers,6183,3840,43875,0.05
2026-09-13 05:29:56.692,1,3,Read Holding Registers,1200,5,7813,0.06
2026-09-13 05:29:56.726,1,3,Read Holding Registers,2560,0,46628,0.034
2026-09-13 05:29:58.124,1,3,Read Holding Registers,1260,12,2693,0.476
2026-09-13 05:29:58.174,1,3,Read Holding Registers,6183,3840,43875,0.05
2026-09-13 05:30:00.192,1,3,Read Holding Registers,1200,5,7813,0.06
2026-09-13 05:30:00.226,1,3,Read Holding Registers,2560,0,46628,0.034
2026-09-13 05:30:01.624,1,3,Read Holding Registers,1260,12,2693,0.476
2026-09-13 05:30:01.675,1,3,Read Holding Registers,6183,3840,43875,0.051
2026-09-13 05:30:03.692,1,3,Read Holding Registers,1200,5,7813,0.06
2026-09-13 05:30:03.726,1,3,Read Holding Registers,2560,0,46628,0.034
2026-09-13 05:30:05.124,1,3,Read Holding Registers,1260,12,2693,0.476
2026-09-13 05:30:05.175,1,3,Read Holding Registers,6183,3840,43875,0.051
2026-09-13 05:30:07.192,1,3,Read Holding Registers,1200,5,7813,0.06
2026-09-13 05:30:07.226,1,3,Read Holding Registers,2560,0,46628,0.034
2026-09-13 05:30:08.624,1,3,Read Holding Registers,1260,12,2693,0.475
2026-09-13 05:30:08.675,1,3,Read Holding Registers,6183,3840,52090,0.051
2026-09-13 05:30:10.692,1,3,Read Holding Registers,1200,5,7813,0.06
2026-09-13 05:30:10.726,1,3,Read Holding Registers,2560,0,46628,0.034
2026-09-13 05:30:12.124,1,3,Read Holding Registers,1260,12,2693,0.475
2026-09-13 05:30:12.175,1,3,Read Holding Registers,6183,3840,52090,0.051
2026-09-13 05:30:14.192,1,3,Read Holding Registers,1200,5,7813,0.06
2026-09-13 05:30:14.226,1,3,Read Holding Registers,2560,0,46628,0.034
2026-09-13 05:30:15.624,1,3,Read Holding Registers,1260,12,2693,0.475
2026-09-13 05:30:15.675,1,3,Read Holding Registers,6183,3840,52090,0.051
2026-09-13 05:30:17.692,1,3,Read Holding Registers,1200,5,7813,0.06
2026-09-13 05:30:17.726,1,3,Read Holding Registers,2560,0,46628,0.034
2026-09-13 05:30:19.124,1,3,Read Holding Registers,1260,12,2693,0.475
2026-09-13 05:30:19.175,1,3,Read Holding Registers,6183,3840,52090,0.051
2026-09-13 05:30:21.192,1,3,Read Holding Registers,1200,5,7813,0.06
2026-09-13 05:30:21.226,1,3,Read Holding Registers,2560,0,46628,0.034
2026-09-13 05:30:22.624,1,3,Read Holding Registers,1260,12,2693,0.475
2026-09-13 05:30:22.675,1,3,Read Holding Registers,6183,3840,52090,0.051
2026-09-13 05:30:24.692,1,3,Read Holding Registers,1200,5,7813,0.06
2026-09-13 05:30:24.726,1,3,Read Holding Registers,2560,0,46628,0.034
2026-09-13 05:30:26.124,1,3,Read Holding Registers,1260,12,2693,0.475
2026-09-13 05:30:26.175,1,3,Read Holding Registers,6183,3840,52090,0.051
2026-09-13 05:30:28.192,1,3,Read Holding Registers,1200,5,7813,0.06
2026-09-13 05:30:28.226,1,3,Read Holding Registers,2560,0,46628,0.034
2026-09-13 05:30:29.624,1,3,Read Holding Registers,1260,12,2693,0.475
2026-09-13 05:30:29.675,1,3,Read Holding Registers,6183,3840,52090,0.051
2026-09-13 05:30:31.692,1,3,Read Holding Registers,1200,5,7813,0.06
2026-09-13 05:30:31.726,1,3,Read Holding Registers,2560,0,46628,0.034
2026-09-13 05:30:33.124,1,3,Read Holding Registers,1260,12,2693,0.474
2026-09-13 05:30:33.177,1,3,Read Holding Registers,6183,3840,52090,0.053
2026-09-13 05:30:35.192,1,3,Read Holding Registers,1200,5,7813,0.06
2026-09-13 05:30:35.226,1,3,Read Holding Registers,2560,0,46628,0.034
2026-09-13 05:30:36.624,1,3,Read Holding Registers,1260,12,2693,0.475
2026-09-13 05:30:36.675,1,3,Read Holding Registers,6183,3840,52090,0.051
2026-09-13 05:30:38.693,1,3,Read Holding Registers,1200,5,7813,0.061
2026-09-13 05:30:38.726,1,3,Read Holding Registers,2560,0,46628,0.033
2026-09-13 05:30:40.124,1,3,Read Holding Registers,1260,12,2693,0.475
2026-09-13 05:30:40.175,1,3,Read Holding Registers,6183,3840,52090,0.051
2026-09-13 05:30:42.193,1,3,Read Holding Registers,1200,5,7813,0.061
2026-09-13 05:30:42.226,1,3,Read Holding Registers,2560,0,46628,0.033
2026-09-13 05:30:43.624,1,3,Read Holding Registers,1260,12,2693,0.475
2026-09-13 05:30:43.675,1,3,Read Holding Registers,6183,3840,52090,0.051
2026-09-13 05:30:45.693,1,3,Read Holding Registers,1200,5,7813,0.06
2026-09-13 05:30:45.727,1,3,Read Holding Registers,2560,0,46628,0.034
2026-09-13 05:30:47.125,1,3,Read Holding Registers,1260,12,2693,0.476
2026-09-13 05:30:47.175,1,3,Read Holding Registers,6183,3840,52090,0.05
2026-09-13 05:30:49.193,1,3,Read Holding Registers,1200,5,7813,0.06
2026-09-13 05:30:49.227,1,3,Read Holding Registers,2560,0,46628,0.034
2026-09-13 05:30:50.625,1,3,Read Holding Registers,1260,12,2693,0.476
2026-09-13 05:30:50.676,1,3,Read Holding Registers,6183,3840,52090,0.051
2026-09-13 05:30:52.693,1,3,Read Holding Registers,1200,5,7813,0.06
2026-09-13 05:30:52.727,1,3,Read Holding Registers,2560,0,46628,0.034
2026-09-13 05:30:54.125,1,3,Read Holding Registers,1260,12,2693,0.122
2026-09-13 05:30:54.175,1,3,Read Holding Registers,6183,3840,51708,0.05
2026-09-13 05:30:56.193,1,3,Read Holding Registers,1200,5,7813,0.06
2026-09-13 05:30:56.227,1,3,Read Holding Registers,2560,0,46628,0.034
2026-09-13 05:30:57.625,1,3,Read Holding Registers,1260,12,2693,0.475
2026-09-13 05:30:57.676,1,3,Read Holding Registers,6183,3840,51708,0.051
2026-09-13 05:30:59.693,1,3,Read Holding Registers,1200,5,7813,0.06
2026-09-13 05:30:59.727,1,3,Read Holding Registers,2560,0,46628,0.034
2026-09-13 05:31:01.125,1,3,Read Holding Registers,1260,12,2693,0.475
2026-09-13 05:31:01.176,1,3,Read Holding Registers,6183,3840,51708,0.051
2026-09-13 05:31:03.193,1,3,Read Holding Registers,1200,5,7813,0.06
2026-09-13 05:31:03.227,1,3,Read Holding Registers,2560,0,46628,0.034
2026-09-13 05:31:04.625,1,3,Read Holding Registers,1260,12,2693,0.475
2026-09-13 05:31:04.676,1,3,Read Holding Registers,6183,3840,51708,0.051
2026-09-13 05:31:06.693,1,3,Read Holding Registers,1200,5,7813,0.06
2026-09-13 05:31:06.727,1,3,Read Holding Registers,2560,0,46628,0.034
2026-09-13 05:31:08.125,1,3,Read Holding Registers,1260,12,2693,0.475
2026-09-13 05:31:08.176,1,3,Read Holding Registers,6183,3840,51708,0.051
2026-09-13 05:31:10.193,1,3,Read Holding Registers,1200,5,7813,0.06
2026-09-13 05:31:10.227,1,3,Read Holding Registers,2560,0,46628,0.034
2026-09-13 05:31:11.625,1,3,Read Holding Registers,1260,12,2693,0.475
2026-09-13 05:31:11.676,1,3,Read Holding Registers,6183,3840,51708,0.051
2026-09-13 05:31:13.705,1,3,Read Holding Registers,1200,5,7813,0.06
2026-09-13 05:31:13.739,1,3,Read Holding Registers,2560,0,46628,0.034
2026-09-13 05:31:15.137,1,3,Read Holding Registers,1260,12,2693,0.475
2026-09-13 05:31:15.188,1,3,Read Holding Registers,6183,3840,51708,0.051
2026-09-13 05:31:17.205,1,3,Read Holding Registers,1200,5,7813,0.06
2026-09-13 05:31:17.239,1,3,Read Holding Registers,2560,0,46628,0.034
2026-09-13 05:31:18.637,1,3,Read Holding Registers,1260,12,2693,0.475
2026-09-13 05:31:18.688,1,3,Read Holding Registers,6183,3840,51708,0.051
2026-09-13 05:31:20.705,1,3,Read Holding Registers,1200,5,7813,0.06
2026-09-13 05:31:20.739,1,3,Read Holding Registers,2560,0,46628,0.034
2026-09-13 05:31:22.137,1,3,Read Holding Registers,1260,12,2693,0.475
2026-09-13 05:31:22.188,1,3,Read Holding Registers,6183,3840,51708,0.051
2026-09-13 05:31:24.205,1,3,Read Holding Registers,1200,5,7813,0.06
2026-09-13 05:31:24.239,1,3,Read Holding Registers,2560,0,46628,0.034
2026-09-13 05:31:25.637,1,3,Read Holding Registers,1260,12,2693,0.475
2026-09-13 05:31:25.688,1,3,Read Holding Registers,6183,3840,51708,0.051
2026-09-13 05:31:27.705,1,3,Read Holding Registers,1200,5,7813,0.06
2026-09-13 05:31:27.739,1,3,Read Holding Registers,2560,0,46628,0.034
2026-09-13 05:31:29.137,1,3,Read Holding Registers,1260,12,2693,0.475
2026-09-13 05:31:29.188,1,3,Read Holding Registers,6183,3840,51708,0.051
2026-09-13 05:31:31.205,1,3,Read Holding Registers,1200,5,7813,0.06
2026-09-13 05:31:31.239,1,3,Read Holding Registers,2560,0,46628,0.034
2026-09-13 05:31:32.637,1,3,Read Holding Registers,1260,12,2693,0.475
2026-09-13 05:31:32.688,1,3,Read Holding Registers,6183,3840,51391,0.051
2026-09-13 05:31:34.705,1,3,Read Holding Registers,1200,5,7813,0.06
2026-09-13 05:31:34.739,1,3,Read Holding Registers,2560,0,46628,0.034
2026-09-13 05:31:36.137,1,3,Read Holding Registers,1260,12,2693,0.474
2026-09-13 05:31:36.189,1,3,Read Holding Registers,6183,3840,51391,0.052
2026-09-13 05:31:38.205,1,3,Read Holding Registers,1200,5,7813,0.06
2026-09-13 05:31:38.239,1,3,Read Holding Registers,2560,0,46628,0.034
2026-09-13 05:31:39.637,1,3,Read Holding Registers,1260,12,2693,0.475
2026-09-13 05:31:39.688,1,3,Read Holding Registers,6183,3840,51391,0.051
2026-09-13 05:31:41.706,1,3,Read Holding Registers,1200,5,7813,0.06
2026-09-13 05:31:41.739,1,3,Read Holding Registers,2560,0,46628,0.033
2026-09-13 05:31:43.138,1,3,Read Holding Registers,1260,12,2693,0.476
2026-09-13 05:31:43.188,1,3,Read Holding Registers,6183,3840,51391,0.05
2026-09-13 05:31:45.206,1,3,Read Holding Registers,1200,5,7813,0.06
2026-09-13 05:31:45.240,1,3,Read Holding Registers,2560,0,46628,0.034
2026-09-13 05:31:46.638,1,3,Read Holding Registers,1260,12,2693,0.476
2026-09-13 05:31:46.688,1,3,Read Holding Registers,6183,3840,51391,0.05
2026-09-13 05:31:48.706,1,3,Read Holding Registers,1200,5,7813,0.06
2026-09-13 05:31:48.740,1,3,Read Holding Registers,2560,0,46628,0.034
2026-09-13 05:31:50.138,1,3,Read Holding Registers,1260,12,2693,0.476
2026-09-13 05:31:50.189,1,3,Read Holding Registers,6183,3840,51391,0.051
2026-09-13 05:31:52.206,1,3,Read Holding Registers,1200,5,7813,0.06
2026-09-13 05:31:52.240,1,3,Read Holding Registers,2560,0,46628,0.034
2026-09-13 05:31:53.638,1,3,Read Holding Registers,1260,12,2693,0.416
2026-09-13 05:31:53.688,1,3,Read Holding Registers,6183,3840,52919,0.05
2026-09-13 05:31:55.706,1,3,Read Holding Registers,1200,5,7813,0.06
2026-09-13 05:31:55.740,1,3,Read Holding Registers,2560,0,46628,0.034
2026-09-13 05:31:57.138,1,3,Read Holding Registers,1260,12,2693,0.476
2026-09-13 05:31:57.189,1,3,Read Holding Registers,6183,3840,52919,0.051
2026-09-13 05:31:59.206,1,3,Read Holding Registers,1200,5,7813,0.06
2026-09-13 05:31:59.240,1,3,Read Holding Registers,2560,0,46628,0.034
2026-09-13 05:32:00.638,1,3,Read Holding Registers,1260,12,2693,0.475
2026-09-13 05:32:00.689,1,3,Read Holding Registers,6183,3840,52919,0.051
2026-09-13 05:32:02.706,1,3,Read Holding Registers,1200,5,7813,0.06
2026-09-13 05:32:02.740,1,3,Read Holding Registers,2560,0,46628,0.034
2026-09-13 05:32:04.138,1,3,Read Holding Registers,1260,12,2693,0.475
2026-09-13 05:32:04.189,1,3,Read Holding Registers,6183,3840,52919,0.051
2026-09-13 05:32:06.206,1,3,Read Holding Registers,1200,5,7813,0.06
2026-09-13 05:32:06.240,1,3,Read Holding Registers,2560,0,46628,0.034
2026-09-13 05:32:07.638,1,3,Read Holding Registers,1260,12,2693,0.475
2026-09-13 05:32:07.689,1,3,Read Holding Registers,6183,3840,52919,0.051
2026-09-13 05:32:09.706,1,3,Read Holding Registers,1200,5,7813,0.06
2026-09-13 05:32:09.740,1,3,Read Holding Registers,2560,0,46628,0.034
2026-09-13 05:32:11.138,1,3,Read Holding Registers,1260,12,2693,0.475
2026-09-13 05:32:11.189,1,3,Read Holding Registers,6183,3840,52919,0.051
2026-09-13 05:32:13.206,1,3,Read Holding Registers,1200,5,7813,0.06
2026-09-13 05:32:13.240,1,3,Read Holding Registers,2560,0,46628,0.034
2026-09-13 05:32:14.638,1,3,Read Holding Registers,1260,12,2693,0.475
2026-09-13 05:32:14.689,1,3,Read Holding Registers,6183,3840,43217,0.051
2026-09-13 05:32:16.706,1,3,Read Holding Registers,1200,5,7813,0.06
2026-09-13 05:32:16.740,1,3,Read Holding Registers,2560,0,46628,0.034
2026-09-13 05:32:18.138,1,3,Read Holding Registers,1260,12,2693,0.475
2026-09-13 05:32:18.189,1,3,Read Holding Registers,6183,3840,43217,0.051
2026-09-13 05:32:20.206,1,3,Read Holding Registers,1200,5,7813,0.06
2026-09-13 05:32:20.240,1,3,Read Holding Registers,2560,0,46628,0.034
2026-09-13 05:32:21.638,1,3,Read Holding Registers,1260,12,2693,0.475
2026-09-13 05:32:21.689,1,3,Read Holding Registers,6183,3840,43217,0.051
2026-09-13 05:32:23.706,1,3,Read Holding Registers,1200,5,7813,0.06
2026-09-13 05:32:23.740,1,3,Read Holding Registers,2560,0,46628,0.034
2026-09-13 05:32:25.138,1,3,Read Holding Registers,1260,12,2693,0.475
2026-09-13 05:32:25.189,1,3,Read Holding Registers,6183,3840,43217,0.051
2026-09-13 05:32:27.206,1,3,Read Holding Registers,1200,5,7813,0.06
2026-09-13 05:32:27.240,1,3,Read Holding Registers,2560,0,46628,0.034
2026-09-13 05:32:28.638,1,3,Read Holding Registers,1260,12,2693,0.475
2026-09-13 05:32:28.689,1,3,Read Holding Registers,6183,3840,43217,0.051
2026-09-13 05:32:30.706,1,3,Read Holding Registers,1200,5,7813,0.06
2026-09-13 05:32:30.740,1,3,Read Holding Registers,2560,0,46628,0.034
2026-09-13 05:32:32.940,1,3,Read Holding Registers,1260,12,2693,1.112
2026-09-13 05:32:32.990,1,3,Read Holding Registers,6183,3840,43217,0.05
2026-09-13 05:32:34.610,1,3,Read Holding Registers,1200,5,7813,0.061
2026-09-13 05:32:34.643,1,3,Read Holding Registers,2560,0,46628,0.033
2026-09-13 05:32:36.041,1,3,Read Holding Registers,1260,12,2693,0.475
2026-09-13 05:32:36.093,1,3,Read Holding Registers,6183,3840,43217,0.052
2026-09-13 05:32:38.110,1,3,Read Holding Registers,1200,5,7813,0.061
2026-09-13 05:32:38.143,1,3,Read Holding Registers,2560,0,46628,0.033
2026-09-13 05:32:39.541,1,3,Read Holding Registers,1260,12,2693,0.475
2026-09-13 05:32:39.592,1,3,Read Holding Registers,6183,3840,43217,0.051
2026-09-13 05:32:41.610,1,3,Read Holding Registers,1200,5,7813,0.06
2026-09-13 05:32:41.644,1,3,Read Holding Registers,2560,0,46628,0.034
2026-09-13 05:32:43.042,1,3,Read Holding Registers,1260,12,2693,0.476
2026-09-13 05:32:43.092,1,3,Read Holding Registers,6183,3840,43217,0.05
2026-09-13 05:32:45.110,1,3,Read Holding Registers,1200,5,7813,0.06
2026-09-13 05:32:45.144,1,3,Read Holding Registers,2560,0,46628,0.034
2026-09-13 05:32:46.542,1,3,Read Holding Registers,1260,12,2693,0.476
2026-09-13 05:32:46.592,1,3,Read Holding Registers,6183,3840,43217,0.05
2026-09-13 05:32:48.610,1,3,Read Holding Registers,1200,5,7813,0.06
2026-09-13 05:32:48.644,1,3,Read Holding Registers,2560,0,46628,0.034
2026-09-13 05:32:50.042,1,3,Read Holding Registers,1260,12,2693,0.476
2026-09-13 05:32:50.093,1,3,Read Holding Registers,6183,3840,43217,0.051
2026-09-13 05:32:52.110,1,3,Read Holding Registers,1200,5,7813,0.06
2026-09-13 05:32:52.144,1,3,Read Holding Registers,2560,0,46628,0.034
2026-09-13 05:32:53.542,1,3,Read Holding Registers,1260,12,2693,0.475
2026-09-13 05:32:53.593,1,3,Read Holding Registers,6183,3840,43217,0.051
2026-09-13 05:32:55.610,1,3,Read Holding Registers,1200,5,7813,0.06
2026-09-13 05:32:55.644,1,3,Read Holding Registers,2560,0,46628,0.034
2026-09-13 05:32:57.042,1,3,Read Holding Registers,1260,12,2693,0.475
2026-09-13 05:32:57.093,1,3,Read Holding Registers,6183,3840,36215,0.051
2026-09-13 05:32:59.110,1,3,Read Holding Registers,1200,5,7813,0.06
2026-09-13 05:32:59.144,1,3,Read Holding Registers,2560,0,46628,0.034
2026-09-13 05:33:00.542,1,3,Read Holding Registers,1260,12,2693,0.475
2026-09-13 05:33:00.593,1,3,Read Holding Registers,6183,3840,36215,0.051
2026-09-13 05:33:02.610,1,3,Read Holding Registers,1200,5,7813,0.06
2026-09-13 05:33:02.644,1,3,Read Holding Registers,2560,0,46628,0.034
2026-09-13 05:33:04.042,1,3,Read Holding Registers,1260,12,2693,0.475
2026-09-13 05:33:04.093,1,3,Read Holding Registers,6183,3840,36215,0.051
2026-09-13 05:33:06.110,1,3,Read Holding Registers,1200,5,7813,0.06
2026-09-13 05:33:06.144,1,3,Read Holding Registers,2560,0,46628,0.034
2026-09-13 05:33:07.542,1,3,Read Holding Registers,1260,12,2693,0.475
2026-09-13 05:33:07.593,1,3,Read Holding Registers,6183,3840,36215,0.051
2026-09-13 05:33:09.610,1,3,Read Holding Registers,1200,5,7813,0.06
2026-09-13 05:33:09.644,1,3,Read Holding Registers,2560,0,46628,0.034
2026-09-13 05:33:11.042,1,3,Read Holding Registers,1260,12,2693,0.475
2026-09-13 05:33:11.093,1,3,Read Holding Registers,6183,3840,36215,0.051
2026-09-13 05:33:13.110,1,3,Read Holding Registers,1200,5,7813,0.06
2026-09-13 05:33:13.144,1,3,Read Holding Registers,2560,0,46628,0.034
2026-09-13 05:33:14.542,1,3,Read Holding Registers,1260,12,2693,0.475
2026-09-13 05:33:14.593,1,3,Read Holding Registers,6183,3840,36215,0.051
2026-09-13 05:33:16.610,1,3,Read Holding Registers,1200,5,7813,0.06
2026-09-13 05:33:16.644,1,3,Read Holding Registers,2560,0,46628,0.034
2026-09-13 05:33:18.042,1,3,Read Holding Registers,1260,12,2693,0.475
2026-09-13 05:33:18.093,1,3,Read Holding Registers,6183,3840,36215,0.051
2026-09-13 05:33:20.110,1,3,Read Holding Registers,1200,5,7813,0.06
2026-09-13 05:33:20.144,1,3,Read Holding Registers,2560,0,46628,0.034
2026-09-13 05:33:21.542,1,3,Read Holding Registers,1260,12,2693,0.475
2026-09-13 05:33:21.593,1,3,Read Holding Registers,6183,3840,34939,0.051
2026-09-13 05:33:23.610,1,3,Read Holding Registers,1200,5,7813,0.06
2026-09-13 05:33:23.644,1,3,Read Holding Registers,2560,0,46628,0.034
2026-09-13 05:33:25.042,1,3,Read Holding Registers,1260,12,2693,0.475
2026-09-13 05:33:25.093,1,3,Read Holding Registers,6183,3840,34939,0.051
2026-09-13 05:33:27.110,1,3,Read Holding Registers,1200,5,7813,0.06
2026-09-13 05:33:27.144,1,3,Read Holding Registers,2560,0,46628,0.034
2026-09-13 05:33:28.542,1,3,Read Holding Registers,1260,12,2693,0.475
2026-09-13 05:33:28.593,1,3,Read Holding Registers,6183,3840,34939,0.051
2026-09-13 05:33:30.611,1,3,Read Holding Registers,1200,5,7813,0.061
2026-09-13 05:33:30.644,1,3,Read Holding Registers,2560,0,46628,0.033
2026-09-13 05:33:32.042,1,3,Read Holding Registers,1260,12,2693,0.475
2026-09-13 05:33:32.093,1,3,Read Holding Registers,6183,3840,34939,0.051
2026-09-13 05:33:34.111,1,3,Read Holding Registers,1200,5,7813,0.06
2026-09-13 05:33:34.144,1,3,Read Holding Registers,2560,0,46628,0.033
2026-09-13 05:33:35.542,1,3,Read Holding Registers,1260,12,2693,0.475
2026-09-13 05:33:35.593,1,3,Read Holding Registers,6183,3840,34939,0.051
2026-09-13 05:33:37.611,1,3,Read Holding Registers,1200,5,7813,0.06
2026-09-13 05:33:37.645,1,3,Read Holding Registers,2560,0,46628,0.034
2026-09-13 05:33:39.043,1,3,Read Holding Registers,1260,12,2693,0.476
2026-09-13 05:33:39.093,1,3,Read Holding Registers,6183,3840,34939,0.05
2026-09-13 05:33:41.125,1,3,Read Holding Registers,1200,5,7813,0.06
2026-09-13 05:33:41.159,1,3,Read Holding Registers,2560,0,46628,0.034
2026-09-13 05:33:42.557,1,3,Read Holding Registers,1260,12,2693,0.476
2026-09-13 05:33:42.607,1,3,Read Holding Registers,6183,3840,34939,0.05
2026-09-13 05:33:44.625,1,3,Read Holding Registers,1200,5,7813,0.06
2026-09-13 05:33:44.659,1,3,Read Holding Registers,2560,0,46628,0.034
2026-09-13 05:33:46.057,1,3,Read Holding Registers,1260,12,2693,0.476
2026-09-13 05:33:46.108,1,3,Read Holding Registers,6183,3840,34939,0.051
2026-09-13 05:33:48.125,1,3,Read Holding Registers,1200,5,7813,0.06
2026-09-13 05:33:48.159,1,3,Read Holding Registers,2560,0,46628,0.034
2026-09-13 05:33:49.557,1,3,Read Holding Registers,1260,12,2693,0.475
2026-09-13 05:33:49.608,1,3,Read Holding Registers,6183,3840,34939,0.051
2026-09-13 05:33:51.625,1,3,Read Holding Registers,1200,5,7813,0.06
2026-09-13 05:33:51.659,1,3,Read Holding Registers,2560,0,46628,0.034
2026-09-13 05:33:53.057,1,3,Read Holding Registers,1260,12,2693,0.475
2026-09-13 05:33:53.108,1,3,Read Holding Registers,6183,3840,34939,0.051
2026-09-13 05:33:55.125,1,3,Read Holding Registers,1200,5,7813,0.06
2026-09-13 05:33:55.159,1,3,Read Holding Registers,2560,0,46628,0.034
2026-09-13 05:33:56.557,1,3,Read Holding Registers,1260,12,2693,0.475
2026-09-13 05:33:56.608,1,3,Read Holding Registers,6183,3840,34939,0.051
2026-09-13 05:33:58.625,1,3,Read Holding Registers,1200,5,7813,0.06
2026-09-13 05:33:58.659,1,3,Read Holding Registers,2560,0,46628,0.034
2026-09-13 05:34:00.057,1,3,Read Holding Registers,1260,12,2693,0.475
2026-09-13 05:34:00.108,1,3,Read Holding Registers,6183,3840,34939,0.051
2026-09-13 05:34:02.125,1,3,Read Holding Registers,1200,5,7813,0.06
2026-09-13 05:34:02.159,1,3,Read Holding Registers,2560,0,46628,0.034
2026-09-13 05:34:03.557,1,3,Read Holding Registers,1260,12,2693,0.475
2026-09-13 05:34:03.608,1,3,Read Holding Registers,6183,3840,34939,0.051
2026-09-13 05:34:05.625,1,3,Read Holding Registers,1200,5,7813,0.06
2026-09-13 05:34:05.659,1,3,Read Holding Registers,2560,0,46628,0.034
2026-09-13 05:34:07.057,1,3,Read Holding Registers,1260,12,2693,0.475
2026-09-13 05:34:07.108,1,3,Read Holding Registers,6183,3840,27224,0.051
2026-09-13 05:34:09.125,1,3,Read Holding Registers,1200,5,7813,0.06
2026-09-13 05:34:09.159,1,3,Read Holding Registers,2560,0,46628,0.034
2026-09-13 05:34:10.557,1,3,Read Holding Registers,1260,12,2693,0.475
2026-09-13 05:34:10.608,1,3,Read Holding Registers,6183,3840,27224,0.051
2026-09-13 05:34:12.625,1,3,Read Holding Registers,1200,5,7813,0.06
2026-09-13 05:34:12.659,1,3,Read Holding Registers,2560,0,46628,0.034
2026-09-13 05:34:14.057,1,3,Read Holding Registers,1260,12,2693,0.475
2026-09-13 05:34:14.108,1,3,Read Holding Registers,6183,3840,27224,0.051
2026-09-13 05:34:16.125,1,3,Read Holding Registers,1200,5,7813,0.06
2026-09-13 05:34:16.159,1,3,Read Holding Registers,2560,0,46628,0.034
2026-09-13 05:34:17.557,1,3,Read Holding Registers,1260,12,2693,0.475
2026-09-13 05:34:17.608,1,3,Read Holding Registers,6183,3840,27224,0.051
2026-09-13 05:34:19.625,1,3,Read Holding Registers,1200,5,7813,0.06
2026-09-13 05:34:19.659,1,3,Read Holding Registers,2560,0,46628,0.034
2026-09-13 05:34:21.057,1,3,Read Holding Registers,1260,12,2693,0.475
2026-09-13 05:34:21.108,1,3,Read Holding Registers,6183,3840,27224,0.051
2026-09-13 05:34:23.126,1,3,Read Holding Registers,1200,5,7813,0.061
2026-09-13 05:34:23.160,1,3,Read Holding Registers,2560,0,46628,0.034
2026-09-13 05:34:24.557,1,3,Read Holding Registers,1260,12,2693,0.475
2026-09-13 05:34:24.608,1,3,Read Holding Registers,6183,3840,27224,0.051
2026-09-13 05:34:26.626,1,3,Read Holding Registers,1200,5,7813,0.061
2026-09-13 05:34:26.659,1,3,Read Holding Registers,2560,0,46628,0.033
2026-09-13 05:34:28.057,1,3,Read Holding Registers,1260,12,2693,0.475
2026-09-13 05:34:28.108,1,3,Read Holding Registers,6183,3840,27224,0.051
2026-09-13 05:34:30.126,1,3,Read Holding Registers,1200,5,7813,0.06
2026-09-13 05:34:30.159,1,3,Read Holding Registers,2560,0,46628,0.033
2026-09-13 05:34:31.557,1,3,Read Holding Registers,1260,12,2693,0.475
2026-09-13 05:34:31.608,1,3,Read Holding Registers,6183,3840,27224,0.051
2026-09-13 05:34:33.626,1,3,Read Holding Registers,1200,5,7813,0.06
2026-09-13 05:34:33.659,1,3,Read Holding Registers,2560,0,46628,0.033
2026-09-13 05:34:35.058,1,3,Read Holding Registers,1260,12,2693,0.476
2026-09-13 05:34:35.108,1,3,Read Holding Registers,6183,3840,27224,0.05
2026-09-13 05:34:37.126,1,3,Read Holding Registers,1200,5,7813,0.06
2026-09-13 05:34:37.160,1,3,Read Holding Registers,2560,0,46628,0.034
2026-09-13 05:34:38.558,1,3,Read Holding Registers,1260,12,2693,0.476
2026-09-13 05:34:38.608,1,3,Read Holding Registers,6183,3840,27224,0.05
2026-09-13 05:34:40.626,1,3,Read Holding Registers,1200,5,7813,0.06
2026-09-13 05:34:40.660,1,3,Read Holding Registers,2560,0,46628,0.034
2026-09-13 05:34:42.058,1,3,Read Holding Registers,1260,12,2693,0.476
2026-09-13 05:34:42.109,1,3,Read Holding Registers,6183,3840,27224,0.051
2026-09-13 05:34:44.126,1,3,Read Holding Registers,1200,5,7813,0.06
2026-09-13 05:34:44.160,1,3,Read Holding Registers,2560,0,46628,0.034
2026-09-13 05:34:45.558,1,3,Read Holding Registers,1260,12,2693,0.475
2026-09-13 05:34:45.609,1,3,Read Holding Registers,6183,3840,27224,0.051
2026-09-13 05:34:47.626,1,3,Read Holding Registers,1200,5,7813,0.06
2026-09-13 05:34:47.660,1,3,Read Holding Registers,2560,0,46628,0.034
2026-09-13 05:34:49.058,1,3,Read Holding Registers,1260,12,2693,0.475
2026-09-13 05:34:49.109,1,3,Read Holding Registers,6183,3840,53843,0.051
2026-09-13 05:34:51.126,1,3,Read Holding Registers,1200,5,7813,0.06
2026-09-13 05:34:51.160,1,3,Read Holding Registers,2560,0,46628,0.034
2026-09-13 05:34:52.558,1,3,Read Holding Registers,1260,12,2693,0.475
2026-09-13 05:34:52.609,1,3,Read Holding Registers,6183,3840,53843,0.051
2026-09-13 05:34:54.626,1,3,Read Holding Registers,1200,5,7813,0.06
2026-09-13 05:34:54.660,1,3,Read Holding Registers,2560,0,46628,0.034
2026-09-13 05:34:56.058,1,3,Read Holding Registers,1260,12,2693,0.475
2026-09-13 05:34:56.109,1,3,Read Holding Registers,6183,3840,53843,0.051
2026-09-13 05:34:58.126,1,3,Read Holding Registers,1200,5,7813,0.06
2026-09-13 05:34:58.160,1,3,Read Holding Registers,2560,0,46628,0.034
2026-09-13 05:34:59.558,1,3,Read Holding Registers,1260,12,2693,0.475
2026-09-13 05:34:59.609,1,3,Read Holding Registers,6183,3840,53843,0.051
2026-09-13 05:35:01.626,1,3,Read Holding Registers,1200,5,7813,0.06
2026-09-13 05:35:01.660,1,3,Read Holding Registers,2560,0,46628,0.034
2026-09-13 05:35:03.058,1,3,Read Holding Registers,1260,12,2693,0.475
2026-09-13 05:35:03.109,1,3,Read Holding Registers,6183,3840,53843,0.051
2026-09-13 05:35:05.126,1,3,Read Holding Registers,1200,5,7813,0.06
2026-09-13 05:35:05.160,1,3,Read Holding Registers,2560,0,46628,0.034
2026-09-13 05:35:06.558,1,3,Read Holding Registers,1260,12,2693,0.475
2026-09-13 05:35:06.609,1,3,Read Holding Registers,6183,3840,53843,0.051
2026-09-13 05:35:08.626,1,3,Read Holding Registers,1200,5,7813,0.06
2026-09-13 05:35:08.660,1,3,Read Holding Registers,2560,0,46628,0.034
2026-09-13 05:35:10.058,1,3,Read Holding Registers,1260,12,2693,0.475
2026-09-13 05:35:10.109,1,3,Read Holding Registers,6183,3840,4434,0.051
2026-09-13 05:35:12.126,1,3,Read Holding Registers,1200,5,7813,0.06
2026-09-13 05:35:12.160,1,3,Read Holding Registers,2560,0,46628,0.034
2026-09-13 05:35:13.558,1,3,Read Holding Registers,1260,12,2693,0.475
2026-09-13 05:35:13.609,1,3,Read Holding Registers,6183,3840,4434,0.051
2026-09-13 05:35:15.626,1,3,Read Holding Registers,1200,5,7813,0.06
2026-09-13 05:35:15.660,1,3,Read Holding Registers,2560,0,46628,0.034
2026-09-13 05:35:17.058,1,3,Read Holding Registers,1260,12,2693,0.475
2026-09-13 05:35:17.109,1,3,Read Holding Registers,6183,3840,4434,0.051
2026-09-13 05:35:19.126,1,3,Read Holding Registers,1200,5,7813,0.06
2026-09-13 05:35:19.160,1,3,Read Holding Registers,2560,0,46628,0.034
2026-09-13 05:35:20.558,1,3,Read Holding Registers,1260,12,2693,0.475
2026-09-13 05:35:20.609,1,3,Read Holding Registers,6183,3840,4434,0.051
2026-09-13 05:35:22.627,1,3,Read Holding Registers,1200,5,7813,0.061
2026-09-13 05:35:22.660,1,3,Read Holding Registers,2560,0,46628,0.033
2026-09-13 05:35:24.058,1,3,Read Holding Registers,1260,12,2693,0.475
2026-09-13 05:35:24.110,1,3,Read Holding Registers,6183,3840,4434,0.052
2026-09-13 05:35:26.127,1,3,Read Holding Registers,1200,5,7813,0.06
2026-09-13 05:35:26.161,1,3,Read Holding Registers,2560,0,46628,0.034
2026-09-13 05:35:27.559,1,3,Read Holding Registers,1260,12,2693,0.476
2026-09-13 05:35:27.609,1,3,Read Holding Registers,6183,3840,4434,0.05
2026-09-13 05:35:29.627,1,3,Read Holding Registers,1200,5,7813,0.06
2026-09-13 05:35:29.661,1,3,Read Holding Registers,2560,0,46628,0.034
2026-09-13 05:35:31.059,1,3,Read Holding Registers,1260,12,2693,0.165
2026-09-13 05:35:31.109,1,3,Read Holding Registers,6183,3840,4434,0.05
2026-09-13 05:35:33.127,1,3,Read Holding Registers,1200,5,7813,0.06
2026-09-13 05:35:33.161,1,3,Read Holding Registers,2560,0,46628,0.034
2026-09-13 05:35:34.559,1,3,Read Holding Registers,1260,12,2693,0.476
2026-09-13 05:35:34.609,1,3,Read Holding Registers,6183,3840,4434,0.05
2026-09-13 05:35:36.627,1,3,Read Holding Registers,1200,5,7813,0.06
2026-09-13 05:35:36.661,1,3,Read Holding Registers,2560,0,46628,0.034
2026-09-13 05:35:38.059,1,3,Read Holding Registers,1260,12,2693,0.476
2026-09-13 05:35:38.110,1,3,Read Holding Registers,6183,3840,4434,0.051
2026-09-13 05:35:40.127,1,3,Read Holding Registers,1200,5,7813,0.06
2026-09-13 05:35:40.161,1,3,Read Holding Registers,2560,0,46628,0.034
2026-09-13 05:35:41.559,1,3,Read Holding Registers,1260,12,2693,0.475
2026-09-13 05:35:41.610,1,3,Read Holding Registers,6183,3840,4434,0.051
2026-09-13 05:35:43.627,1,3,Read Holding Registers,1200,5,7813,0.06
2026-09-13 05:35:43.661,1,3,Read Holding Registers,2560,0,46628,0.034
2026-09-13 05:35:45.059,1,3,Read Holding Registers,1260,12,2693,0.475
2026-09-13 05:35:45.110,1,3,Read Holding Registers,6183,3840,4434,0.051
2026-09-13 05:35:47.127,1,3,Read Holding Registers,1200,5,7813,0.06
2026-09-13 05:35:47.161,1,3,Read Holding Registers,2560,0,46628,0.034
2026-09-13 05:35:48.559,1,3,Read Holding Registers,1260,12,2693,0.475
2026-09-13 05:35:48.610,1,3,Read Holding Registers,6183,3840,4434,0.051
2026-09-13 05:35:50.627,1,3,Read Holding Registers,1200,5,7813,0.06
2026-09-13 05:35:50.661,1,3,Read Holding Registers,2560,0,46628,0.034
2026-09-13 05:35:52.059,1,3,Read Holding Registers,1260,12,2693,0.475
2026-09-13 05:35:52.110,1,3,Read Holding Registers,6183,3840,4434,0.051
2026-09-13 05:35:54.127,1,3,Read Holding Registers,1200,5,7813,0.06
2026-09-13 05:35:54.161,1,3,Read Holding Registers,2560,0,46628,0.034
2026-09-13 05:35:55.559,1,3,Read Holding Registers,1260,12,2693,0.475
2026-09-13 05:35:55.610,1,3,Read Holding Registers,6183,3840,4434,0.051
2026-09-13 05:35:57.627,1,3,Read Holding Registers,1200,5,7813,0.06
2026-09-13 05:35:57.661,1,3,Read Holding Registers,2560,0,46628,0.034
2026-09-13 05:35:59.059,1,3,Read Holding Registers,1260,12,2693,0.475
2026-09-13 05:35:59.110,1,3,Read Holding Registers,6183,3840,4434,0.051
2026-09-13 05:36:01.127,1,3,Read Holding Registers,1200,5,7813,0.06
2026-09-13 05:36:01.161,1,3,Read Holding Registers,2560,0,46628,0.034
2026-09-13 05:36:02.559,1,3,Read Holding Registers,1260,12,2693,0.475
2026-09-13 05:36:02.610,1,3,Read Holding Registers,6183,3840,4434,0.051
2026-09-13 05:36:04.627,1,3,Read Holding Registers,1200,5,7813,0.06
2026-09-13 05:36:04.661,1,3,Read Holding Registers,2560,0,46628,0.034
2026-09-13 05:36:06.059,1,3,Read Holding Registers,1260,12,2693,0.475
2026-09-13 05:36:06.110,1,3,Read Holding Registers,6183,3840,4434,0.051
2026-09-13 05:36:08.127,1,3,Read Holding Registers,1200,5,7813,0.06
2026-09-13 05:36:08.161,1,3,Read Holding Registers,2560,0,46628,0.034
2026-09-13 05:36:09.559,1,3,Read Holding Registers,1260,12,2693,0.475
2026-09-13 05:36:09.610,1,3,Read Holding Registers,6183,3840,4434,0.051
2026-09-13 05:36:11.627,1,3,Read Holding Registers,1200,5,7813,0.06
2026-09-13 05:36:11.661,1,3,Read Holding Registers,2560,0,46628,0.034
2026-09-13 05:36:13.059,1,3,Read Holding Registers,1260,12,2693,0.475
2026-09-13 05:36:13.110,1,3,Read Holding Registers,6183,3840,4434,0.051
2026-09-13 05:36:15.128,1,3,Read Holding Registers,1200,5,7813,0.061
2026-09-13 05:36:15.162,1,3,Read Holding Registers,2560,0,46628,0.034
2026-09-13 05:36:16.559,1,3,Read Holding Registers,1260,12,2693,0.475
2026-09-13 05:36:16.610,1,3,Read Holding Registers,6183,3840,4434,0.051
2026-09-13 05:36:18.628,1,3,Read Holding Registers,1200,5,7813,0.061
2026-09-13 05:36:18.661,1,3,Read Holding Registers,2560,0,46628,0.033
2026-09-13 05:36:20.059,1,3,Read Holding Registers,1260,12,2693,0.475
2026-09-13 05:36:20.110,1,3,Read Holding Registers,6183,3840,4434,0.051
2026-09-13 05:36:22.128,1,3,Read Holding Registers,1200,5,7813,0.06
2026-09-13 05:36:22.162,1,3,Read Holding Registers,2560,0,46628,0.034
2026-09-13 05:36:23.560,1,3,Read Holding Registers,1260,12,2693,0.476
2026-09-13 05:36:23.610,1,3,Read Holding Registers,6183,3840,4434,0.05
2026-09-13 05:36:25.628,1,3,Read Holding Registers,1200,5,7813,0.06
2026-09-13 05:36:25.661,1,3,Read Holding Registers,2560,0,46628,0.033
2026-09-13 05:36:27.060,1,3,Read Holding Registers,1260,12,2693,0.476
2026-09-13 05:36:27.110,1,3,Read Holding Registers,6183,3840,4434,0.05
2026-09-13 05:36:29.128,1,3,Read Holding Registers,1200,5,7813,0.06
2026-09-13 05:36:29.162,1,3,Read Holding Registers,2560,0,46628,0.034
2026-09-13 05:36:30.560,1,3,Read Holding Registers,1260,12,2693,0.476
2026-09-13 05:36:30.611,1,3,Read Holding Registers,6183,3840,4434,0.051
2026-09-13 05:36:32.628,1,3,Read Holding Registers,1200,5,7813,0.06
2026-09-13 05:36:32.662,1,3,Read Holding Registers,2560,0,46628,0.034
2026-09-13 05:36:34.060,1,3,Read Holding Registers,1260,12,2693,0.476
2026-09-13 05:36:34.111,1,3,Read Holding Registers,6183,3840,17415,0.051
2026-09-13 05:36:36.128,1,3,Read Holding Registers,1200,5,7813,0.06
2026-09-13 05:36:36.162,1,3,Read Holding Registers,2560,0,46628,0.034
2026-09-13 05:36:37.560,1,3,Read Holding Registers,1260,12,2693,0.475
2026-09-13 05:36:37.611,1,3,Read Holding Registers,6183,3840,17415,0.051
2026-09-13 05:36:39.628,1,3,Read Holding Registers,1200,5,7813,0.06
2026-09-13 05:36:39.662,1,3,Read Holding Registers,2560,0,46628,0.034
2026-09-13 05:36:41.060,1,3,Read Holding Registers,1260,12,2693,0.475
2026-09-13 05:36:41.111,1,3,Read Holding Registers,6183,3840,17415,0.051
2026-09-13 05:36:43.128,1,3,Read Holding Registers,1200,5,7813,0.06
2026-09-13 05:36:43.162,1,3,Read Holding Registers,2560,0,46628,0.034
2026-09-13 05:36:44.560,1,3,Read Holding Registers,1260,12,2693,0.475
2026-09-13 05:36:44.611,1,3,Read Holding Registers,6183,3840,17415,0.051
2026-09-13 05:36:46.628,1,3,Read Holding Registers,1200,5,7813,0.06
2026-09-13 05:36:46.662,1,3,Read Holding Registers,2560,0,46628,0.034
2026-09-13 05:36:48.060,1,3,Read Holding Registers,1260,12,2693,0.475
2026-09-13 05:36:48.111,1,3,Read Holding Registers,6183,3840,17415,0.051
2026-09-13 05:36:50.128,1,3,Read Holding Registers,1200,5,7813,0.06
2026-09-13 05:36:50.162,1,3,Read Holding Registers,2560,0,46628,0.034
2026-09-13 05:36:51.560,1,3,Read Holding Registers,1260,12,2693,0.387
2026-09-13 05:36:51.610,1,3,Read Holding Registers,6183,3840,3915,0.05
2026-09-13 05:36:56.147,1,3,Read Holding Registers,1260,12,2693,0.475
2026-09-13 05:36:56.198,1,3,Read Holding Registers,6183,3840,3915,0.051
2026-09-13 05:36:58.215,1,3,Read Holding Registers,1200,5,7813,0.06
2026-09-13 05:36:58.249,1,3,Read Holding Registers,2560,0,46628,0.034
2026-09-13 05:36:59.647,1,3,Read Holding Registers,1260,12,2693,0.475
2026-09-13 05:36:59.698,1,3,Read Holding Registers,6183,3840,3915,0.051
2026-09-13 05:37:01.715,1,3,Read Holding Registers,1200,5,7813,0.06
2026-09-13 05:37:01.749,1,3,Read Holding Registers,2560,0,46628,0.034
2026-09-13 05:37:03.147,1,3,Read Holding Registers,1260,12,2693,0.475
2026-09-13 05:37:03.198,1,3,Read Holding Registers,6183,3840,3915,0.051
2026-09-13 05:37:05.215,1,3,Read Holding Registers,1200,5,7813,0.06
2026-09-13 05:37:05.249,1,3,Read Holding Registers,2560,0,46628,0.034
2026-09-13 05:37:06.647,1,3,Read Holding Registers,1260,12,2693,0.475
2026-09-13 05:37:06.698,1,3,Read Holding Registers,6183,3840,3915,0.051
2026-09-13 05:37:08.716,1,3,Read Holding Registers,1200,5,7813,0.061
2026-09-13 05:37:08.749,1,3,Read Holding Registers,2560,0,46628,0.033
2026-09-13 05:37:10.147,1,3,Read Holding Registers,1260,12,2693,0.475
2026-09-13 05:37:10.198,1,3,Read Holding Registers,6183,3840,3915,0.051
2026-09-13 05:37:12.216,1,3,Read Holding Registers,1200,5,7813,0.061
2026-09-13 05:37:12.249,1,3,Read Holding Registers,2560,0,46628,0.033
2026-09-13 05:37:13.647,1,3,Read Holding Registers,1260,12,2693,0.475
2026-09-13 05:37:13.698,1,3,Read Holding Registers,6183,3840,18496,0.051
2026-09-13 05:37:15.716,1,3,Read Holding Registers,1200,5,7813,0.06
2026-09-13 05:37:15.749,1,3,Read Holding Registers,2560,0,46628,0.033
2026-09-13 05:37:17.148,1,3,Read Holding Registers,1260,12,2693,0.476
2026-09-13 05:37:17.198,1,3,Read Holding Registers,6183,3840,18496,0.05
2026-09-13 05:37:19.216,1,3,Read Holding Registers,1200,5,7813,0.06
2026-09-13 05:37:19.250,1,3,Read Holding Registers,2560,0,46628,0.034
2026-09-13 05:37:20.648,1,3,Read Holding Registers,1260,12,2693,0.476
2026-09-13 05:37:20.699,1,3,Read Holding Registers,6183,3840,18496,0.051
2026-09-13 05:37:22.716,1,3,Read Holding Registers,1200,5,7813,0.06
2026-09-13 05:37:22.750,1,3,Read Holding Registers,2560,0,46628,0.034
2026-09-13 05:37:24.148,1,3,Read Holding Registers,1260,12,2693,0.476
2026-09-13 05:37:24.199,1,3,Read Holding Registers,6183,3840,18496,0.051
2026-09-13 05:37:26.216,1,3,Read Holding Registers,1200,5,7813,0.06
2026-09-13 05:37:26.250,1,3,Read Holding Registers,2560,0,46628,0.034
2026-09-13 05:37:27.648,1,3,Read Holding Registers,1260,12,2693,0.476
2026-09-13 05:37:27.699,1,3,Read Holding Registers,6183,3840,18496,0.051
2026-09-13 05:37:29.716,1,3,Read Holding Registers,1200,5,7813,0.06
2026-09-13 05:37:29.750,1,3,Read Holding Registers,2560,0,46628,0.034
2026-09-13 05:37:31.148,1,3,Read Holding Registers,1260,12,2693,0.475
2026-09-13 05:37:31.199,1,3,Read Holding Registers,6183,3840,18496,0.051
2026-09-13 05:37:33.216,1,3,Read Holding Registers,1200,5,7813,0.06
2026-09-13 05:37:33.250,1,3,Read Holding Registers,2560,0,46628,0.034
2026-09-13 05:37:34.648,1,3,Read Holding Registers,1260,12,2693,0.475
2026-09-13 05:37:34.699,1,3,Read Holding Registers,6183,3840,18496,0.051
2026-09-13 05:37:36.716,1,3,Read Holding Registers,1200,5,7813,0.06
2026-09-13 05:37:36.750,1,3,Read Holding Registers,2560,0,46628,0.034
2026-09-13 05:37:38.148,1,3,Read Holding Registers,1260,12,2693,0.475
2026-09-13 05:37:38.199,1,3,Read Holding Registers,6183,3840,18496,0.051
2026-09-13 05:37:40.216,1,3,Read Holding Registers,1200,5,7813,0.06
2026-09-13 05:37:40.250,1,3,Read Holding Registers,2560,0,46628,0.034
2026-09-13 05:37:41.648,1,3,Read Holding Registers,1260,12,2693,0.475
2026-09-13 05:37:41.699,1,3,Read Holding Registers,6183,3840,18496,0.051
2026-09-13 05:37:43.716,1,3,Read Holding Registers,1200,5,7813,0.06
2026-09-13 05:37:43.750,1,3,Read Holding Registers,2560,0,46628,0.034
2026-09-13 05:37:45.148,1,3,Read Holding Registers,1260,12,2693,0.475
2026-09-13 05:37:45.199,1,3,Read Holding Registers,6183,3840,18496,0.051
2026-09-13 05:37:47.216,1,3,Read Holding Registers,1200,5,7813,0.06
2026-09-13 05:37:47.250,1,3,Read Holding Registers,2560,0,46628,0.034
2026-09-13 05:37:48.648,1,3,Read Holding Registers,1260,12,2693,0.475
2026-09-13 05:37:48.699,1,3,Read Holding Registers,6183,3840,18453,0.051
2026-09-13 05:37:50.716,1,3,Read Holding Registers,1200,5,7813,0.06
2026-09-13 05:37:50.750,1,3,Read Holding Registers,2560,0,46628,0.034
2026-09-13 05:37:52.148,1,3,Read Holding Registers,1260,12,2693,0.475
2026-09-13 05:37:52.199,1,3,Read Holding Registers,6183,3840,18453,0.051
2026-09-13 05:37:54.216,1,3,Read Holding Registers,1200,5,7813,0.06
2026-09-13 05:37:54.250,1,3,Read Holding Registers,2560,0,46628,0.034
2026-09-13 05:37:55.648,1,3,Read Holding Registers,1260,12,2693,0.475
2026-09-13 05:37:55.699,1,3,Read Holding Registers,6183,3840,18453,0.051
2026-09-13 05:37:57.716,1,3,Read Holding Registers,1200,5,7813,0.06
2026-09-13 05:37:57.750,1,3,Read Holding Registers,2560,0,46628,0.034
2026-09-13 05:37:59.148,1,3,Read Holding Registers,1260,12,2693,0.475
2026-09-13 05:37:59.199,1,3,Read Holding Registers,6183,3840,18453,0.051
2026-09-13 05:38:01.216,1,3,Read Holding Registers,1200,5,7813,0.06
2026-09-13 05:38:01.250,1,3,Read Holding Registers,2560,0,46628,0.034
2026-09-13 05:38:02.648,1,3,Read Holding Registers,1260,12,2693,0.475
2026-09-13 05:38:02.699,1,3,Read Holding Registers,6183,3840,18453,0.051
2026-09-13 05:38:04.759,1,3,Read Holding Registers,1200,5,7813,0.06
2026-09-13 05:38:04.793,1,3,Read Holding Registers,2560,0,46628,0.034
2026-09-13 05:38:06.180,1,3,Read Holding Registers,1260,12,2693,0.475
2026-09-13 05:38:06.231,1,3,Read Holding Registers,6183,3840,18453,0.051
2026-09-13 05:38:08.249,1,3,Read Holding Registers,1200,5,7813,0.06
2026-09-13 05:38:08.282,1,3,Read Holding Registers,2560,0,46628,0.033
2026-09-13 05:38:09.681,1,3,Read Holding Registers,1260,12,2693,0.476
2026-09-13 05:38:09.731,1,3,Read Holding Registers,6183,3840,18453,0.05
2026-09-13 05:38:11.749,1,3,Read Holding Registers,1200,5,7813,0.06
2026-09-13 05:38:11.782,1,3,Read Holding Registers,2560,0,46628,0.033
2026-09-13 05:38:13.181,1,3,Read Holding Registers,1260,12,2693,0.476
2026-09-13 05:38:13.231,1,3,Read Holding Registers,6183,3840,18453,0.05
2026-09-13 05:38:15.249,1,3,Read Holding Registers,1200,5,7813,0.06
2026-09-13 05:38:15.283,1,3,Read Holding Registers,2560,0,46628,0.034
2026-09-13 05:38:16.681,1,3,Read Holding Registers,1260,12,2693,0.476
2026-09-13 05:38:16.731,1,3,Read Holding Registers,6183,3840,18453,0.05
2026-09-13 05:38:18.749,1,3,Read Holding Registers,1200,5,7813,0.06
2026-09-13 05:38:18.783,1,3,Read Holding Registers,2560,0,46628,0.034
2026-09-13 05:38:20.181,1,3,Read Holding Registers,1260,12,2693,0.476
2026-09-13 05:38:20.232,1,3,Read Holding Registers,6183,3840,18453,0.051
2026-09-13 05:38:22.277,1,3,Read Holding Registers,1200,5,7813,0.06
2026-09-13 05:38:22.311,1,3,Read Holding Registers,2560,0,46628,0.034
2026-09-13 05:38:23.699,1,3,Read Holding Registers,1260,12,2693,0.475
2026-09-13 05:38:23.750,1,3,Read Holding Registers,6183,3840,18453,0.051
2026-09-13 05:38:25.767,1,3,Read Holding Registers,1200,5,7813,0.06
2026-09-13 05:38:25.801,1,3,Read Holding Registers,2560,0,46628,0.034
2026-09-13 05:38:27.199,1,3,Read Holding Registers,1260,12,2693,0.475
2026-09-13 05:38:27.250,1,3,Read Holding Registers,6183,3840,18453,0.051
2026-09-13 05:38:29.267,1,3,Read Holding Registers,1200,5,7813,0.06
2026-09-13 05:38:29.301,1,3,Read Holding Registers,2560,0,46628,0.034
2026-09-13 05:38:30.699,1,3,Read Holding Registers,1260,12,2693,0.475
2026-09-13 05:38:30.750,1,3,Read Holding Registers,6183,3840,18453,0.051
2026-09-13 05:38:32.767,1,3,Read Holding Registers,1200,5,7813,0.06
2026-09-13 05:38:32.801,1,3,Read Holding Registers,2560,0,46628,0.034
2026-09-13 05:38:34.199,1,3,Read Holding Registers,1260,12,2693,0.475
2026-09-13 05:38:34.250,1,3,Read Holding Registers,6183,3840,18453,0.051
2026-09-13 05:38:36.267,1,3,Read Holding Registers,1200,5,7813,0.06
2026-09-13 05:38:36.301,1,3,Read Holding Registers,2560,0,46628,0.034
2026-09-13 05:38:37.699,1,3,Read Holding Registers,1260,12,2693,0.475
2026-09-13 05:38:37.750,1,3,Read Holding Registers,6183,3840,18453,0.051
2026-09-13 05:38:39.767,1,3,Read Holding Registers,1200,5,7813,0.06
2026-09-13 05:38:39.801,1,3,Read Holding Registers,2560,0,46628,0.034
2026-09-13 05:38:41.199,1,3,Read Holding Registers,1260,12,2693,0.475
2026-09-13 05:38:41.250,1,3,Read Holding Registers,6183,3840,18453,0.051
2026-09-13 05:38:43.267,1,3,Read Holding Registers,1200,5,7813,0.06
2026-09-13 05:38:43.301,1,3,Read Holding Registers,2560,0,46628,0.034
2026-09-13 05:38:44.699,1,3,Read Holding Registers,1260,12,2693,0.475
2026-09-13 05:38:44.750,1,3,Read Holding Registers,6183,3840,19997,0.051
2026-09-13 05:38:46.767,1,3,Read Holding Registers,1200,5,7813,0.06
2026-09-13 05:38:46.801,1,3,Read Holding Registers,2560,0,46628,0.034
2026-09-13 05:38:48.199,1,3,Read Holding Registers,1260,12,2693,0.475
2026-09-13 05:38:48.250,1,3,Read Holding Registers,6183,3840,19997,0.051
2026-09-13 05:38:50.268,1,3,Read Holding Registers,1200,5,7813,0.061
2026-09-13 05:38:50.302,1,3,Read Holding Registers,2560,0,46628,0.034
2026-09-13 05:38:51.699,1,3,Read Holding Registers,1260,12,2693,0.475
2026-09-13 05:38:51.750,1,3,Read Holding Registers,6183,3840,19997,0.051
2026-09-13 05:38:53.767,1,3,Read Holding Registers,1200,5,7813,0.06
2026-09-13 05:38:53.801,1,3,Read Holding Registers,2560,0,46628,0.034
2026-09-13 05:38:55.199,1,3,Read Holding Registers,1260,12,2693,0.475
2026-09-13 05:38:55.250,1,3,Read Holding Registers,6183,3840,19997,0.051
2026-09-13 05:38:57.267,1,3,Read Holding Registers,1200,5,7813,0.06
2026-09-13 05:38:57.301,1,3,Read Holding Registers,2560,0,46628,0.034
2026-09-13 05:38:58.699,1,3,Read Holding Registers,1260,12,2693,0.475
2026-09-13 05:38:58.750,1,3,Read Holding Registers,6183,3840,19997,0.051
2026-09-13 05:39:00.811,1,3,Read Holding Registers,1200,5,7813,0.06
2026-09-13 05:39:00.844,1,3,Read Holding Registers,2560,0,46628,0.033
2026-09-13 05:39:02.242,1,3,Read Holding Registers,1260,12,2693,0.475
2026-09-13 05:39:02.293,1,3,Read Holding Registers,6183,3840,20318,0.051
2026-09-13 05:39:04.311,1,3,Read Holding Registers,1200,5,7813,0.06
2026-09-13 05:39:04.345,1,3,Read Holding Registers,2560,0,46628,0.034
2026-09-13 05:39:05.743,1,3,Read Holding Registers,1260,12,2693,0.476
2026-09-13 05:39:05.793,1,3,Read Holding Registers,6183,3840,20318,0.05
2026-09-13 05:39:07.811,1,3,Read Holding Registers,1200,5,7813,0.06
2026-09-13 05:39:07.845,1,3,Read Holding Registers,2560,0,46628,0.034
2026-09-13 05:39:09.243,1,3,Read Holding Registers,1260,12,2693,0.476
2026-09-13 05:39:09.293,1,3,Read Holding Registers,6183,3840,20318,0.05
2026-09-13 05:39:11.311,1,3,Read Holding Registers,1200,5,7813,0.06
2026-09-13 05:39:11.345,1,3,Read Holding Registers,2560,0,46628,0.034
2026-09-13 05:39:12.743,1,3,Read Holding Registers,1260,12,2693,0.476
2026-09-13 05:39:12.794,1,3,Read Holding Registers,6183,3840,20318,0.051
2026-09-13 05:39:14.811,1,3,Read Holding Registers,1200,5,7813,0.06
2026-09-13 05:39:14.845,1,3,Read Holding Registers,2560,0,46628,0.034
2026-09-13 05:39:16.243,1,3,Read Holding Registers,1260,12,2693,0.475
2026-09-13 05:39:16.294,1,3,Read Holding Registers,6183,3840,2007,0.051
2026-09-13 05:39:18.311,1,3,Read Holding Registers,1200,5,7813,0.06
2026-09-13 05:39:18.345,1,3,Read Holding Registers,2560,0,46628,0.034
2026-09-13 05:39:19.743,1,3,Read Holding Registers,1260,12,2693,0.475
2026-09-13 05:39:19.794,1,3,Read Holding Registers,6183,3840,2007,0.051
2026-09-13 05:39:21.811,1,3,Read Holding Registers,1200,5,7813,0.06
2026-09-13 05:39:21.845,1,3,Read Holding Registers,2560,0,46628,0.034
2026-09-13 05:39:23.243,1,3,Read Holding Registers,1260,12,2693,0.475
2026-09-13 05:39:23.294,1,3,Read Holding Registers,6183,3840,2007,0.051
2026-09-13 05:39:25.311,1,3,Read Holding Registers,1200,5,7813,0.06
2026-09-13 05:39:25.345,1,3,Read Holding Registers,2560,0,46628,0.034
2026-09-13 05:39:26.743,1,3,Read Holding Registers,1260,12,2693,0.475
2026-09-13 05:39:26.794,1,3,Read Holding Registers,6183,3840,2007,0.051
2026-09-13 05:39:28.811,1,3,Read Holding Registers,1200,5,7813,0.06
2026-09-13 05:39:28.845,1,3,Read Holding Registers,2560,0,46628,0.034
2026-09-13 05:39:30.243,1,3,Read Holding Registers,1260,12,2693,0.475
2026-09-13 05:39:30.294,1,3,Read Holding Registers,6183,3840,2007,0.051
2026-09-13 05:39:32.311,1,3,Read Holding Registers,1200,5,7813,0.06
2026-09-13 05:39:32.345,1,3,Read Holding Registers,2560,0,46628,0.034
2026-09-13 05:39:33.743,1,3,Read Holding Registers,1260,12,2693,0.475
2026-09-13 05:39:33.794,1,3,Read Holding Registers,6183,3840,2007,0.051
2026-09-13 05:39:35.811,1,3,Read Holding Registers,1200,5,7813,0.06
2026-09-13 05:39:35.845,1,3,Read Holding Registers,2560,0,46628,0.034
2026-09-13 05:39:37.243,1,3,Read Holding Registers,1260,12,2693,0.475
2026-09-13 05:39:37.294,1,3,Read Holding Registers,6183,3840,63427,0.051
2026-09-13 05:39:39.311,1,3,Read Holding Registers,1200,5,7813,0.06
2026-09-13 05:39:39.345,1,3,Read Holding Registers,2560,0,46628,0.034
2026-09-13 05:39:40.743,1,3,Read Holding Registers,1260,12,2693,0.475
2026-09-13 05:39:40.794,1,3,Read Holding Registers,6183,3840,63427,0.051
2026-09-13 05:39:42.811,1,3,Read Holding Registers,1200,5,7813,0.06
2026-09-13 05:39:42.845,1,3,Read Holding Registers,2560,0,46628,0.034
2026-09-13 05:39:44.243,1,3,Read Holding Registers,1260,12,2693,0.475
2026-09-13 05:39:44.294,1,3,Read Holding Registers,6183,3840,63427,0.051
2026-09-13 05:39:46.311,1,3,Read Holding Registers,1200,5,7813,0.06
2026-09-13 05:39:46.345,1,3,Read Holding Registers,2560,0,46628,0.034
2026-09-13 05:39:47.743,1,3,Read Holding Registers,1260,12,2693,0.475
2026-09-13 05:39:47.794,1,3,Read Holding Registers,6183,3840,63427,0.051
2026-09-13 05:39:49.812,1,3,Read Holding Registers,1200,5,7813,0.061
2026-09-13 05:39:49.845,1,3,Read Holding Registers,2560,0,46628,0.033
2026-09-13 05:39:51.243,1,3,Read Holding Registers,1260,12,2693,0.475
2026-09-13 05:39:51.294,1,3,Read Holding Registers,6183,3840,63427,0.051
2026-09-13 05:39:53.312,1,3,Read Holding Registers,1200,5,7813,0.06
2026-09-13 05:39:53.345,1,3,Read Holding Registers,2560,0,46628,0.033
2026-09-13 05:39:54.743,1,3,Read Holding Registers,1260,12,2693,0.475
2026-09-13 05:39:54.794,1,3,Read Holding Registers,6183,3840,1843,0.051
2026-09-13 05:39:56.812,1,3,Read Holding Registers,1200,5,7813,0.06
2026-09-13 05:39:56.845,1,3,Read Holding Registers,2560,0,46628,0.033
2026-09-13 05:39:58.244,1,3,Read Holding Registers,1260,12,2693,0.476
2026-09-13 05:39:58.294,1,3,Read Holding Registers,6183,3840,1843,0.05
2026-09-13 05:40:00.312,1,3,Read Holding Registers,1200,5,7813,0.06
2026-09-13 05:40:00.346,1,3,Read Holding Registers,2560,0,46628,0.034
2026-09-13 05:40:01.744,1,3,Read Holding Registers,1260,12,2693,0.476
2026-09-13 05:40:01.795,1,3,Read Holding Registers,6183,3840,1843,0.051
2026-09-13 05:40:03.812,1,3,Read Holding Registers,1200,5,7813,0.06
2026-09-13 05:40:03.846,1,3,Read Holding Registers,2560,0,46628,0.034
2026-09-13 05:40:05.244,1,3,Read Holding Registers,1260,12,2693,0.476
2026-09-13 05:40:05.294,1,3,Read Holding Registers,6183,3840,1843,0.05
2026-09-13 05:40:07.312,1,3,Read Holding Registers,1200,5,7813,0.06
2026-09-13 05:40:07.346,1,3,Read Holding Registers,2560,0,46628,0.034
2026-09-13 05:40:08.744,1,3,Read Holding Registers,1260,12,2693,0.476
2026-09-13 05:40:08.795,1,3,Read Holding Registers,6183,3840,1843,0.051
2026-09-13 05:40:10.812,1,3,Read Holding Registers,1200,5,7813,0.06
2026-09-13 05:40:10.846,1,3,Read Holding Registers,2560,0,46628,0.034
2026-09-13 05:40:12.244,1,3,Read Holding Registers,1260,12,2693,0.475
2026-09-13 05:40:12.295,1,3,Read Holding Registers,6183,3840,1079,0.051
2026-09-13 05:40:14.312,1,3,Read Holding Registers,1200,5,7813,0.06
2026-09-13 05:40:14.346,1,3,Read Holding Registers,2560,0,46628,0.034
2026-09-13 05:40:15.744,1,3,Read Holding Registers,1260,12,2693,0.475
2026-09-13 05:40:15.795,1,3,Read Holding Registers,6183,3840,1079,0.051
2026-09-13 05:40:17.812,1,3,Read Holding Registers,1200,5,7813,0.06
2026-09-13 05:40:17.846,1,3,Read Holding Registers,2560,0,46628,0.034
2026-09-13 05:40:19.244,1,3,Read Holding Registers,1260,12,2693,0.475
2026-09-13 05:40:19.295,1,3,Read Holding Registers,6183,3840,1079,0.051
2026-09-13 05:40:21.312,1,3,Read Holding Registers,1200,5,7813,0.06
2026-09-13 05:40:21.346,1,3,Read Holding Registers,2560,0,46628,0.034
2026-09-13 05:40:22.744,1,3,Read Holding Registers,1260,12,2693,0.475
2026-09-13 05:40:22.795,1,3,Read Holding Registers,6183,3840,1079,0.051
2026-09-13 05:40:24.812,1,3,Read Holding Registers,1200,5,7813,0.06
2026-09-13 05:40:24.846,1,3,Read Holding Registers,2560,0,46628,0.034
2026-09-13 05:40:26.244,1,3,Read Holding Registers,1260,12,2693,0.475
2026-09-13 05:40:26.295,1,3,Read Holding Registers,6183,3840,1079,0.051
2026-09-13 05:40:28.312,1,3,Read Holding Registers,1200,5,7813,0.06
2026-09-13 05:40:28.346,1,3,Read Holding Registers,2560,0,46628,0.034
2026-09-13 05:40:29.744,1,3,Read Holding Registers,1260,12,2693,0.475
2026-09-13 05:40:29.795,1,3,Read Holding Registers,6183,3840,1079,0.051
2026-09-13 05:40:31.812,1,3,Read Holding Registers,1200,5,7813,0.06
2026-09-13 05:40:31.846,1,3,Read Holding Registers,2560,0,46628,0.034
2026-09-13 05:40:33.244,1,3,Read Holding Registers,1260,12,2693,0.475
2026-09-13 05:40:33.295,1,3,Read Holding Registers,6183,3840,1079,0.051
2026-09-13 05:40:35.312,1,3,Read Holding Registers,1200,5,7813,0.06
2026-09-13 05:40:35.346,1,3,Read Holding Registers,2560,0,46628,0.034
2026-09-13 05:40:36.744,1,3,Read Holding Registers,1260,12,2693,0.475
2026-09-13 05:40:36.795,1,3,Read Holding Registers,6183,3840,1079,0.051
2026-09-13 05:40:38.812,1,3,Read Holding Registers,1200,5,7813,0.06
2026-09-13 05:40:38.846,1,3,Read Holding Registers,2560,0,46628,0.034
2026-09-13 05:40:40.244,1,3,Read Holding Registers,1260,12,2693,0.475
2026-09-13 05:40:40.295,1,3,Read Holding Registers,6183,3840,1079,0.051
2026-09-13 05:40:42.313,1,3,Read Holding Registers,1200,5,7813,0.061
2026-09-13 05:40:42.347,1,3,Read Holding Registers,2560,0,46628,0.034
2026-09-13 05:40:43.744,1,3,Read Holding Registers,1260,12,2693,0.475
2026-09-13 05:40:43.795,1,3,Read Holding Registers,6183,3840,1079,0.051
2026-09-13 05:40:45.813,1,3,Read Holding Registers,1200,5,7813,0.061
2026-09-13 05:40:45.846,1,3,Read Holding Registers,2560,0,46628,0.033
2026-09-13 05:40:47.244,1,3,Read Holding Registers,1260,12,2693,0.473
2026-09-13 05:40:47.294,1,3,Read Holding Registers,6183,3840,10968,0.05
2026-09-13 05:40:49.313,1,3,Read Holding Registers,1200,5,7813,0.06
2026-09-13 05:40:49.347,1,3,Read Holding Registers,2560,0,46628,0.034
2026-09-13 05:40:50.745,1,3,Read Holding Registers,1260,12,2693,0.476
2026-09-13 05:40:50.795,1,3,Read Holding Registers,6183,3840,10968,0.05
2026-09-13 05:40:52.813,1,3,Read Holding Registers,1200,5,7813,0.06
2026-09-13 05:40:52.847,1,3,Read Holding Registers,2560,0,46628,0.034
2026-09-13 05:40:54.245,1,3,Read Holding Registers,1260,12,2693,0.476
2026-09-13 05:40:54.296,1,3,Read Holding Registers,6183,3840,10968,0.051
2026-09-13 05:40:56.313,1,3,Read Holding Registers,1200,5,7813,0.06
2026-09-13 05:40:56.347,1,3,Read Holding Registers,2560,0,46628,0.034
2026-09-13 05:40:57.745,1,3,Read Holding Registers,1260,12,2693,0.476
2026-09-13 05:40:57.796,1,3,Read Holding Registers,6183,3840,10968,0.051
2026-09-13 05:40:59.813,1,3,Read Holding Registers,1200,5,7813,0.06
2026-09-13 05:40:59.847,1,3,Read Holding Registers,2560,0,46628,0.034
2026-09-13 05:41:01.245,1,3,Read Holding Registers,1260,12,2693,0.475
2026-09-13 05:41:01.296,1,3,Read Holding Registers,6183,3840,10968,0.051
2026-09-13 05:41:03.313,1,3,Read Holding Registers,1200,5,7813,0.06
2026-09-13 05:41:03.347,1,3,Read Holding Registers,2560,0,46628,0.034
2026-09-13 05:41:04.745,1,3,Read Holding Registers,1260,12,2693,0.475
2026-09-13 05:41:04.796,1,3,Read Holding Registers,6183,3840,10968,0.051
2026-09-13 05:41:06.813,1,3,Read Holding Registers,1200,5,7813,0.06
2026-09-13 05:41:06.847,1,3,Read Holding Registers,2560,0,46628,0.034
2026-09-13 05:41:08.245,1,3,Read Holding Registers,1260,12,2693,0.475
2026-09-13 05:41:08.296,1,3,Read Holding Registers,6183,3840,10968,0.051
2026-09-13 05:41:10.313,1,3,Read Holding Registers,1200,5,7813,0.06
2026-09-13 05:41:10.347,1,3,Read Holding Registers,2560,0,46628,0.034
2026-09-13 05:41:12.052,1,3,Read Holding Registers,1260,12,2693,0.475
2026-09-13 05:41:12.103,1,3,Read Holding Registers,6183,3840,10968,0.051
2026-09-13 05:41:14.120,1,3,Read Holding Registers,1200,5,7813,0.06
2026-09-13 05:41:14.154,1,3,Read Holding Registers,2560,0,46628,0.034
2026-09-13 05:41:15.552,1,3,Read Holding Registers,1260,12,2693,0.475
2026-09-13 05:41:15.603,1,3,Read Holding Registers,6183,3840,10968,0.051
2026-09-13 05:41:17.620,1,3,Read Holding Registers,1200,5,7813,0.06
2026-09-13 05:41:17.654,1,3,Read Holding Registers,2560,0,46628,0.034
2026-09-13 05:41:19.052,1,3,Read Holding Registers,1260,12,2693,0.475
2026-09-13 05:41:19.103,1,3,Read Holding Registers,6183,3840,10968,0.051
2026-09-13 05:41:21.120,1,3,Read Holding Registers,1200,5,7813,0.06
2026-09-13 05:41:21.154,1,3,Read Holding Registers,2560,0,46628,0.034
2026-09-13 05:41:22.552,1,3,Read Holding Registers,1260,12,2693,0.475
2026-09-13 05:41:22.603,1,3,Read Holding Registers,6183,3840,10968,0.051
2026-09-13 05:41:24.620,1,3,Read Holding Registers,1200,5,7813,0.06
2026-09-13 05:41:24.654,1,3,Read Holding Registers,2560,0,46628,0.034
2026-09-13 05:41:26.052,1,3,Read Holding Registers,1260,12,2693,0.475
2026-09-13 05:41:26.103,1,3,Read Holding Registers,6183,3840,10968,0.051
2026-09-13 05:41:28.120,1,3,Read Holding Registers,1200,5,7813,0.06
2026-09-13 05:41:28.154,1,3,Read Holding Registers,2560,0,46628,0.034
2026-09-13 05:41:29.552,1,3,Read Holding Registers,1260,12,2693,0.475
2026-09-13 05:41:29.603,1,3,Read Holding Registers,6183,3840,10968,0.051
2026-09-13 05:41:31.620,1,3,Read Holding Registers,1200,5,7813,0.06
2026-09-13 05:41:31.654,1,3,Read Holding Registers,2560,0,46628,0.034
2026-09-13 05:41:33.053,1,3,Read Holding Registers,1260,12,2693,0.476
2026-09-13 05:41:33.103,1,3,Read Holding Registers,6183,3840,19646,0.05
2026-09-13 05:41:35.120,1,3,Read Holding Registers,1200,5,7813,0.06
2026-09-13 05:41:35.154,1,3,Read Holding Registers,2560,0,46628,0.034
2026-09-13 05:41:36.552,1,3,Read Holding Registers,1260,12,2693,0.475
2026-09-13 05:41:36.603,1,3,Read Holding Registers,6183,3840,19646,0.051
2026-09-13 05:41:38.621,1,3,Read Holding Registers,1200,5,7813,0.061
2026-09-13 05:41:38.654,1,3,Read Holding Registers,2560,0,46628,0.033
2026-09-13 05:41:40.052,1,3,Read Holding Registers,1260,12,2693,0.475
2026-09-13 05:41:40.103,1,3,Read Holding Registers,6183,3840,19646,0.051
2026-09-13 05:41:42.121,1,3,Read Holding Registers,1200,5,7813,0.06
2026-09-13 05:41:42.155,1,3,Read Holding Registers,2560,0,46628,0.034
2026-09-13 05:41:43.553,1,3,Read Holding Registers,1260,12,2693,0.476
2026-09-13 05:41:43.603,1,3,Read Holding Registers,6183,3840,19646,0.05
2026-09-13 05:41:45.621,1,3,Read Holding Registers,1200,5,7813,0.06
2026-09-13 05:41:45.655,1,3,Read Holding Registers,2560,0,46628,0.034
2026-09-13 05:41:47.053,1,3,Read Holding Registers,1260,12,2693,0.476
2026-09-13 05:41:47.103,1,3,Read Holding Registers,6183,3840,19646,0.05
2026-09-13 05:41:49.121,1,3,Read Holding Registers,1200,5,7813,0.06
2026-09-13 05:41:49.155,1,3,Read Holding Registers,2560,0,46628,0.034
2026-09-13 05:41:50.553,1,3,Read Holding Registers,1260,12,2693,0.476
2026-09-13 05:41:50.604,1,3,Read Holding Registers,6183,3840,19646,0.051
2026-09-13 05:41:52.668,1,3,Read Holding Registers,1200,5,7813,0.06
2026-09-13 05:41:52.702,1,3,Read Holding Registers,2560,0,46628,0.034
2026-09-13 05:41:54.100,1,3,Read Holding Registers,1260,12,2693,0.476
2026-09-13 05:41:54.151,1,3,Read Holding Registers,6183,3840,56559,0.051
2026-09-13 05:41:56.168,1,3,Read Holding Registers,1200,5,7813,0.06
2026-09-13 05:41:56.202,1,3,Read Holding Registers,2560,0,46628,0.034
2026-09-13 05:41:57.600,1,3,Read Holding Registers,1260,12,2693,0.475
2026-09-13 05:41:57.651,1,3,Read Holding Registers,6183,3840,56559,0.051
2026-09-13 05:41:59.668,1,3,Read Holding Registers,1200,5,7813,0.06
2026-09-13 05:41:59.702,1,3,Read Holding Registers,2560,0,46628,0.034
2026-09-13 05:42:01.100,1,3,Read Holding Registers,1260,12,2693,0.475
2026-09-13 05:42:01.151,1,3,Read Holding Registers,6183,3840,56559,0.051
2026-09-13 05:42:03.168,1,3,Read Holding Registers,1200,5,7813,0.06
2026-09-13 05:42:03.202,1,3,Read Holding Registers,2560,0,46628,0.034
2026-09-13 05:42:04.600,1,3,Read Holding Registers,1260,12,2693,0.475
2026-09-13 05:42:04.651,1,3,Read Holding Registers,6183,3840,56559,0.051
2026-09-13 05:42:06.668,1,3,Read Holding Registers,1200,5,7813,0.06
2026-09-13 05:42:06.702,1,3,Read Holding Registers,2560,0,46628,0.034
2026-09-13 05:42:08.100,1,3,Read Holding Registers,1260,12,2693,0.475
2026-09-13 05:42:08.151,1,3,Read Holding Registers,6183,3840,56559,0.051
2026-09-13 05:42:10.168,1,3,Read Holding Registers,1200,5,7813,0.06
2026-09-13 05:42:10.202,1,3,Read Holding Registers,2560,0,46628,0.034
2026-09-13 05:42:11.600,1,3,Read Holding Registers,1260,12,2693,0.475
2026-09-13 05:42:11.651,1,3,Read Holding Registers,6183,3840,56559,0.051
2026-09-13 05:42:13.668,1,3,Read Holding Registers,1200,5,7813,0.06
2026-09-13 05:42:13.702,1,3,Read Holding Registers,2560,0,46628,0.034
2026-09-13 05:42:15.100,1,3,Read Holding Registers,1260,12,2693,0.475
2026-09-13 05:42:15.151,1,3,Read Holding Registers,6183,3840,56559,0.051
2026-09-13 05:42:17.168,1,3,Read Holding Registers,1200,5,7813,0.06
2026-09-13 05:42:17.202,1,3,Read Holding Registers,2560,0,46628,0.034
2026-09-13 05:42:18.600,1,3,Read Holding Registers,1260,12,2693,0.475
2026-09-13 05:42:18.651,1,3,Read Holding Registers,6183,3840,56559,0.051
2026-09-13 05:42:20.668,1,3,Read Holding Registers,1200,5,7813,0.06
2026-09-13 05:42:20.702,1,3,Read Holding Registers,2560,0,46628,0.034
2026-09-13 05:42:22.100,1,3,Read Holding Registers,1260,12,2693,0.475
2026-09-13 05:42:22.151,1,3,Read Holding Registers,6183,3840,56559,0.051
2026-09-13 05:42:24.168,1,3,Read Holding Registers,1200,5,7813,0.06
2026-09-13 05:42:24.202,1,3,Read Holding Registers,2560,0,46628,0.034
2026-09-13 05:42:25.600,1,3,Read Holding Registers,1260,12,2693,0.475
2026-09-13 05:42:25.651,1,3,Read Holding Registers,6183,3840,56559,0.051
2026-09-13 05:42:27.668,1,3,Read Holding Registers,1200,5,7813,0.06
2026-09-13 05:42:27.702,1,3,Read Holding Registers,2560,0,46628,0.034
2026-09-13 05:42:29.100,1,3,Read Holding Registers,1260,12,2693,0.475
2026-09-13 05:42:29.151,1,3,Read Holding Registers,6183,3840,56559,0.051
2026-09-13 05:42:31.169,1,3,Read Holding Registers,1200,5,7813,0.061
2026-09-13 05:42:31.202,1,3,Read Holding Registers,2560,0,46628,0.033
2026-09-13 05:42:32.600,1,3,Read Holding Registers,1260,12,2693,0.475
2026-09-13 05:42:32.651,1,3,Read Holding Registers,6183,3840,56559,0.051
2026-09-13 05:42:34.669,1,3,Read Holding Registers,1200,5,7813,0.06
2026-09-13 05:42:34.703,1,3,Read Holding Registers,2560,0,46628,0.034
2026-09-13 05:42:36.101,1,3,Read Holding Registers,1260,12,2693,0.476
2026-09-13 05:42:36.151,1,3,Read Holding Registers,6183,3840,55779,0.05
2026-09-13 05:42:38.169,1,3,Read Holding Registers,1200,5,7813,0.06
2026-09-13 05:42:38.203,1,3,Read Holding Registers,2560,0,46628,0.034
2026-09-13 05:42:39.601,1,3,Read Holding Registers,1260,12,2693,0.476
2026-09-13 05:42:39.652,1,3,Read Holding Registers,6183,3840,55779,0.051
2026-09-13 05:42:41.669,1,3,Read Holding Registers,1200,5,7813,0.06
2026-09-13 05:42:41.703,1,3,Read Holding Registers,2560,0,46628,0.034
2026-09-13 05:42:43.101,1,3,Read Holding Registers,1260,12,2693,0.476
2026-09-13 05:42:43.152,1,3,Read Holding Registers,6183,3840,55779,0.051
2026-09-13 05:42:45.169,1,3,Read Holding Registers,1200,5,7813,0.06
2026-09-13 05:42:45.203,1,3,Read Holding Registers,2560,0,46628,0.034
2026-09-13 05:42:46.601,1,3,Read Holding Registers,1260,12,2693,0.476
2026-09-13 05:42:46.652,1,3,Read Holding Registers,6183,3840,55779,0.051
2026-09-13 05:42:48.669,1,3,Read Holding Registers,1200,5,7813,0.06
2026-09-13 05:42:48.703,1,3,Read Holding Registers,2560,0,46628,0.034
2026-09-13 05:42:50.101,1,3,Read Holding Registers,1260,12,2693,0.476
2026-09-13 05:42:50.152,1,3,Read Holding Registers,6183,3840,55779,0.051
2026-09-13 05:42:52.169,1,3,Read Holding Registers,1200,5,7813,0.06
2026-09-13 05:42:52.203,1,3,Read Holding Registers,2560,0,46628,0.034
2026-09-13 05:42:53.601,1,3,Read Holding Registers,1260,12,2693,0.475
2026-09-13 05:42:53.652,1,3,Read Holding Registers,6183,3840,55779,0.051
2026-09-13 05:42:55.669,1,3,Read Holding Registers,1200,5,7813,0.06
2026-09-13 05:42:55.703,1,3,Read Holding Registers,2560,0,46628,0.034
2026-09-13 05:42:57.101,1,3,Read Holding Registers,1260,12,2693,0.475
2026-09-13 05:42:57.152,1,3,Read Holding Registers,6183,3840,55779,0.051
2026-09-13 05:42:59.169,1,3,Read Holding Registers,1200,5,7813,0.06
2026-09-13 05:42:59.203,1,3,Read Holding Registers,2560,0,46628,0.034
2026-09-13 05:43:00.601,1,3,Read Holding Registers,1260,12,2693,0.475
2026-09-13 05:43:00.652,1,3,Read Holding Registers,6183,3840,9703,0.051
2026-09-13 05:43:02.669,1,3,Read Holding Registers,1200,5,7813,0.06
2026-09-13 05:43:02.703,1,3,Read Holding Registers,2560,0,46628,0.034
2026-09-13 05:43:04.101,1,3,Read Holding Registers,1260,12,2693,0.475
2026-09-13 05:43:04.152,1,3,Read Holding Registers,6183,3840,9703,0.051
2026-09-13 05:43:06.169,1,3,Read Holding Registers,1200,5,7813,0.06
2026-09-13 05:43:06.203,1,3,Read Holding Registers,2560,0,46628,0.034
2026-09-13 05:43:07.601,1,3,Read Holding Registers,1260,12,2693,0.475
2026-09-13 05:43:07.652,1,3,Read Holding Registers,6183,3840,9703,0.051
2026-09-13 05:43:09.669,1,3,Read Holding Registers,1200,5,7813,0.06
2026-09-13 05:43:09.703,1,3,Read Holding Registers,2560,0,46628,0.034
2026-09-13 05:43:11.101,1,3,Read Holding Registers,1260,12,2693,0.475
2026-09-13 05:43:11.152,1,3,Read Holding Registers,6183,3840,9703,0.051
2026-09-13 05:43:13.169,1,3,Read Holding Registers,1200,5,7813,0.06
2026-09-13 05:43:13.203,1,3,Read Holding Registers,2560,0,46628,0.034
2026-09-13 05:43:14.601,1,3,Read Holding Registers,1260,12,2693,0.475
2026-09-13 05:43:14.652,1,3,Read Holding Registers,6183,3840,9703,0.051
2026-09-13 05:43:16.669,1,3,Read Holding Registers,1200,5,7813,0.06
2026-09-13 05:43:16.703,1,3,Read Holding Registers,2560,0,46628,0.034
2026-09-13 05:43:18.129,1,3,Read Holding Registers,1260,12,2693,0.026
2026-09-13 05:43:18.179,1,3,Read Holding Registers,6183,3840,9703,0.05
2026-09-13 05:43:20.198,1,3,Read Holding Registers,1200,5,7813,0.061
2026-09-13 05:43:20.231,1,3,Read Holding Registers,2560,0,46628,0.033
2026-09-13 05:43:21.629,1,3,Read Holding Registers,1260,12,2693,0.475
2026-09-13 05:43:21.680,1,3,Read Holding Registers,6183,3840,9703,0.051
2026-09-13 05:43:23.698,1,3,Read Holding Registers,1200,5,7813,0.061
2026-09-13 05:43:23.731,1,3,Read Holding Registers,2560,0,46628,0.033
2026-09-13 05:43:25.129,1,3,Read Holding Registers,1260,12,2693,0.475
2026-09-13 05:43:25.180,1,3,Read Holding Registers,6183,3840,9703,0.051
2026-09-13 05:43:27.198,1,3,Read Holding Registers,1200,5,7813,0.06
2026-09-13 05:43:27.232,1,3,Read Holding Registers,2560,0,46628,0.034
2026-09-13 05:43:28.630,1,3,Read Holding Registers,1260,12,2693,0.476
2026-09-13 05:43:28.681,1,3,Read Holding Registers,6183,3840,9703,0.051
2026-09-13 05:43:30.698,1,3,Read Holding Registers,1200,5,7813,0.06
2026-09-13 05:43:30.732,1,3,Read Holding Registers,2560,0,46628,0.034
2026-09-13 05:43:32.130,1,3,Read Holding Registers,1260,12,2693,0.476
2026-09-13 05:43:32.180,1,3,Read Holding Registers,6183,3840,9703,0.05
2026-09-13 05:43:34.198,1,3,Read Holding Registers,1200,5,7813,0.06
2026-09-13 05:43:34.232,1,3,Read Holding Registers,2560,0,46628,0.034
2026-09-13 05:43:35.630,1,3,Read Holding Registers,1260,12,2693,0.476
2026-09-13 05:43:35.681,1,3,Read Holding Registers,6183,3840,9703,0.051
2026-09-13 05:43:37.698,1,3,Read Holding Registers,1200,5,7813,0.06
2026-09-13 05:43:37.732,1,3,Read Holding Registers,2560,0,46628,0.034
2026-09-13 05:43:39.130,1,3,Read Holding Registers,1260,12,2693,0.476
2026-09-13 05:43:39.181,1,3,Read Holding Registers,6183,3840,9515,0.051
2026-09-13 05:43:41.198,1,3,Read Holding Registers,1200,5,7813,0.06
2026-09-13 05:43:41.232,1,3,Read Holding Registers,2560,0,46628,0.034
2026-09-13 05:43:42.630,1,3,Read Holding Registers,1260,12,2693,0.475
2026-09-13 05:43:42.681,1,3,Read Holding Registers,6183,3840,9515,0.051
2026-09-13 05:43:44.698,1,3,Read Holding Registers,1200,5,7813,0.06
2026-09-13 05:43:44.732,1,3,Read Holding Registers,2560,0,46628,0.034
2026-09-13 05:43:46.130,1,3,Read Holding Registers,1260,12,2693,0.475
2026-09-13 05:43:46.181,1,3,Read Holding Registers,6183,3840,9515,0.051
2026-09-13 05:43:48.198,1,3,Read Holding Registers,1200,5,7813,0.06
2026-09-13 05:43:48.232,1,3,Read Holding Registers,2560,0,46628,0.034
2026-09-13 05:43:49.630,1,3,Read Holding Registers,1260,12,2693,0.475
2026-09-13 05:43:49.681,1,3,Read Holding Registers,6183,3840,9515,0.051
2026-09-13 05:43:51.698,1,3,Read Holding Registers,1200,5,7813,0.06
2026-09-13 05:43:51.732,1,3,Read Holding Registers,2560,0,46628,0.034
2026-09-13 05:43:53.130,1,3,Read Holding Registers,1260,12,2693,0.475
2026-09-13 05:43:53.181,1,3,Read Holding Registers,6183,3840,9515,0.051
2026-09-13 05:43:55.198,1,3,Read Holding Registers,1200,5,7813,0.06
2026-09-13 05:43:55.232,1,3,Read Holding Registers,2560,0,46628,0.034
2026-09-13 05:43:56.630,1,3,Read Holding Registers,1260,12,2693,0.475
2026-09-13 05:43:56.681,1,3,Read Holding Registers,6183,3840,9515,0.051
2026-09-13 05:43:58.698,1,3,Read Holding Registers,1200,5,7813,0.06
2026-09-13 05:43:58.732,1,3,Read Holding Registers,2560,0,46628,0.034
2026-09-13 05:44:00.130,1,3,Read Holding Registers,1260,12,2693,0.475
2026-09-13 05:44:00.181,1,3,Read Holding Registers,6183,3840,9515,0.051
2026-09-13 05:44:02.198,1,3,Read Holding Registers,1200,5,7813,0.06
2026-09-13 05:44:02.232,1,3,Read Holding Registers,2560,0,46628,0.034
2026-09-13 05:44:03.630,1,3,Read Holding Registers,1260,12,2693,0.475
2026-09-13 05:44:03.681,1,3,Read Holding Registers,6183,3840,9515,0.051
2026-09-13 05:44:05.698,1,3,Read Holding Registers,1200,5,7813,0.06
2026-09-13 05:44:05.732,1,3,Read Holding Registers,2560,0,46628,0.034
2026-09-13 05:44:07.130,1,3,Read Holding Registers,1260,12,2693,0.475
2026-09-13 05:44:07.181,1,3,Read Holding Registers,6183,3840,9515,0.051
2026-09-13 05:44:09.198,1,3,Read Holding Registers,1200,5,7813,0.06
2026-09-13 05:44:09.232,1,3,Read Holding Registers,2560,0,46628,0.034
2026-09-13 05:44:10.630,1,3,Read Holding Registers,1260,12,2693,0.475
2026-09-13 05:44:10.681,1,3,Read Holding Registers,6183,3840,9515,0.051
2026-09-13 05:44:12.699,1,3,Read Holding Registers,1200,5,7813,0.061
2026-09-13 05:44:12.733,1,3,Read Holding Registers,2560,0,46628,0.034
2026-09-13 05:44:14.130,1,3,Read Holding Registers,1260,12,2693,0.475
2026-09-13 05:44:14.181,1,3,Read Holding Registers,6183,3840,9515,0.051
2026-09-13 05:44:16.199,1,3,Read Holding Registers,1200,5,7813,0.061
2026-09-13 05:44:16.232,1,3,Read Holding Registers,2560,0,46628,0.033
2026-09-13 05:44:17.630,1,3,Read Holding Registers,1260,12,2693,0.475
2026-09-13 05:44:17.681,1,3,Read Holding Registers,6183,3840,9515,0.051
2026-09-13 05:44:19.699,1,3,Read Holding Registers,1200,5,7813,0.06
2026-09-13 05:44:19.732,1,3,Read Holding Registers,2560,0,46628,0.033
2026-09-13 05:44:21.131,1,3,Read Holding Registers,1260,12,2693,0.476
2026-09-13 05:44:21.181,1,3,Read Holding Registers,6183,3840,9515,0.05
2026-09-13 05:44:23.199,1,3,Read Holding Registers,1200,5,7813,0.06
2026-09-13 05:44:23.233,1,3,Read Holding Registers,2560,0,46628,0.034
2026-09-13 05:44:24.631,1,3,Read Holding Registers,1260,12,2693,0.476
2026-09-13 05:44:24.682,1,3,Read Holding Registers,6183,3840,9515,0.051
2026-09-13 05:44:26.699,1,3,Read Holding Registers,1200,5,7813,0.06
2026-09-13 05:44:26.733,1,3,Read Holding Registers,2560,0,46628,0.034
2026-09-13 05:44:28.131,1,3,Read Holding Registers,1260,12,2693,0.476
2026-09-13 05:44:28.182,1,3,Read Holding Registers,6183,3840,9515,0.051
2026-09-13 05:44:30.199,1,3,Read Holding Registers,1200,5,7813,0.06
2026-09-13 05:44:30.233,1,3,Read Holding Registers,2560,0,46628,0.034
2026-09-13 05:44:31.631,1,3,Read Holding Registers,1260,12,2693,0.476
2026-09-13 05:44:31.682,1,3,Read Holding Registers,6183,3840,9515,0.051
2026-09-13 05:44:33.699,1,3,Read Holding Registers,1200,5,7813,0.06
2026-09-13 05:44:33.733,1,3,Read Holding Registers,2560,0,46628,0.034
2026-09-13 05:44:35.131,1,3,Read Holding Registers,1260,12,2693,0.475
2026-09-13 05:44:35.182,1,3,Read Holding Registers,6183,3840,9515,0.051
2026-09-13 05:44:37.199,1,3,Read Holding Registers,1200,5,7813,0.06
2026-09-13 05:44:37.233,1,3,Read Holding Registers,2560,0,46628,0.034
2026-09-13 05:44:38.631,1,3,Read Holding Registers,1260,12,2693,0.475
2026-09-13 05:44:38.682,1,3,Read Holding Registers,6183,3840,9515,0.051
2026-09-13 05:44:40.699,1,3,Read Holding Registers,1200,5,7813,0.06
2026-09-13 05:44:40.733,1,3,Read Holding Registers,2560,0,46628,0.034
2026-09-13 05:44:42.131,1,3,Read Holding Registers,1260,12,2693,0.475
2026-09-13 05:44:42.182,1,3,Read Holding Registers,6183,3840,9515,0.051
2026-09-13 05:44:44.199,1,3,Read Holding Registers,1200,5,7813,0.06
2026-09-13 05:44:44.233,1,3,Read Holding Registers,2560,0,46628,0.034
2026-09-13 05:44:45.631,1,3,Read Holding Registers,1260,12,2693,0.475
2026-09-13 05:44:45.682,1,3,Read Holding Registers,6183,3840,9515,0.051
2026-09-13 05:44:47.699,1,3,Read Holding Registers,1200,5,7813,0.06
2026-09-13 05:44:47.733,1,3,Read Holding Registers,2560,0,46628,0.034
2026-09-13 05:44:49.131,1,3,Read Holding Registers,1260,12,2693,0.475
2026-09-13 05:44:49.182,1,3,Read Holding Registers,6183,3840,9515,0.051
2026-09-13 05:44:51.199,1,3,Read Holding Registers,1200,5,7813,0.06
2026-09-13 05:44:51.233,1,3,Read Holding Registers,2560,0,46628,0.034
2026-09-13 05:44:52.631,1,3,Read Holding Registers,1260,12,2693,0.475
2026-09-13 05:44:52.682,1,3,Read Holding Registers,6183,3840,9515,0.051
2026-09-13 05:44:54.699,1,3,Read Holding Registers,1200,5,7813,0.06
2026-09-13 05:44:54.733,1,3,Read Holding Registers,2560,0,46628,0.034
2026-09-13 05:44:56.131,1,3,Read Holding Registers,1260,12,2693,0.475
2026-09-13 05:44:56.182,1,3,Read Holding Registers,6183,3840,9515,0.051
2026-09-13 05:44:58.199,1,3,Read Holding Registers,1200,5,7813,0.06
2026-09-13 05:44:58.233,1,3,Read Holding Registers,2560,0,46628,0.034
2026-09-13 05:44:59.631,1,3,Read Holding Registers,1260,12,2693,0.332
2026-09-13 05:44:59.681,1,3,Read Holding Registers,6183,3840,5438,0.05
2026-09-13 05:45:01.699,1,3,Read Holding Registers,1200,5,7813,0.06
2026-09-13 05:45:01.733,1,3,Read Holding Registers,2560,0,46628,0.034
2026-09-13 05:45:03.131,1,3,Read Holding Registers,1260,12,2693,0.475
2026-09-13 05:45:03.182,1,3,Read Holding Registers,6183,3840,5438,0.051
2026-09-13 05:45:05.199,1,3,Read Holding Registers,1200,5,7813,0.06
2026-09-13 05:45:05.233,1,3,Read Holding Registers,2560,0,46628,0.034
2026-09-13 05:45:06.631,1,3,Read Holding Registers,1260,12,2693,0.475
2026-09-13 05:45:06.682,1,3,Read Holding Registers,6183,3840,5438,0.051
2026-09-13 05:45:08.700,1,3,Read Holding Registers,1200,5,7813,0.061
2026-09-13 05:45:08.733,1,3,Read Holding Registers,2560,0,46628,0.033
2026-09-13 05:45:10.131,1,3,Read Holding Registers,1260,12,2693,0.475
2026-09-13 05:45:10.183,1,3,Read Holding Registers,6183,3840,5438,0.052
2026-09-13 05:45:12.200,1,3,Read Holding Registers,1200,5,7813,0.06
2026-09-13 05:45:12.234,1,3,Read Holding Registers,2560,0,46628,0.034
2026-09-13 05:45:13.632,1,3,Read Holding Registers,1260,12,2693,0.476
2026-09-13 05:45:13.682,1,3,Read Holding Registers,6183,3840,5438,0.05
2026-09-13 05:45:15.700,1,3,Read Holding Registers,1200,5,7813,0.06
2026-09-13 05:45:15.734,1,3,Read Holding Registers,2560,0,46628,0.034
2026-09-13 05:45:17.132,1,3,Read Holding Registers,1260,12,2693,0.476
2026-09-13 05:45:17.182,1,3,Read Holding Registers,6183,3840,5438,0.05
2026-09-13 05:45:19.200,1,3,Read Holding Registers,1200,5,7813,0.06
2026-09-13 05:45:19.234,1,3,Read Holding Registers,2560,0,46628,0.034
2026-09-13 05:45:20.632,1,3,Read Holding Registers,1260,12,2693,0.476
2026-09-13 05:45:20.683,1,3,Read Holding Registers,6183,3840,5438,0.051
2026-09-13 05:45:22.700,1,3,Read Holding Registers,1200,5,7813,0.06
2026-09-13 05:45:22.734,1,3,Read Holding Registers,2560,0,46628,0.034
2026-09-13 05:45:24.132,1,3,Read Holding Registers,1260,12,2693,0.475
2026-09-13 05:45:24.183,1,3,Read Holding Registers,6183,3840,5438,0.051
2026-09-13 05:45:26.200,1,3,Read Holding Registers,1200,5,7813,0.06
2026-09-13 05:45:26.234,1,3,Read Holding Registers,2560,0,46628,0.034
2026-09-13 05:45:27.632,1,3,Read Holding Registers,1260,12,2693,0.475
2026-09-13 05:45:27.683,1,3,Read Holding Registers,6183,3840,5438,0.051
2026-09-13 05:45:29.700,1,3,Read Holding Registers,1200,5,7813,0.06
2026-09-13 05:45:29.734,1,3,Read Holding Registers,2560,0,46628,0.034
2026-09-13 05:45:31.135,1,3,Read Holding Registers,1260,12,2693,0.478
2026-09-13 05:45:31.185,1,3,Read Holding Registers,6183,3840,5438,0.05
2026-09-13 05:45:35.719,1,3,Read Holding Registers,1260,12,2693,0.474
2026-09-13 05:45:35.771,1,3,Read Holding Registers,6183,3840,5438,0.052
2026-09-13 05:45:37.787,1,3,Read Holding Registers,1200,5,7813,0.06
2026-09-13 05:45:37.821,1,3,Read Holding Registers,2560,0,46628,0.034
2026-09-13 05:45:39.219,1,3,Read Holding Registers,1260,12,2693,0.475
2026-09-13 05:45:39.270,1,3,Read Holding Registers,6183,3840,5438,0.051
2026-09-13 05:45:41.287,1,3,Read Holding Registers,1200,5,7813,0.06
2026-09-13 05:45:41.321,1,3,Read Holding Registers,2560,0,46628,0.034
2026-09-13 05:45:42.719,1,3,Read Holding Registers,1260,12,2693,0.475
2026-09-13 05:45:42.770,1,3,Read Holding Registers,6183,3840,23841,0.051
2026-09-13 05:45:44.787,1,3,Read Holding Registers,1200,5,7813,0.06
2026-09-13 05:45:44.821,1,3,Read Holding Registers,2560,0,46628,0.034
2026-09-13 05:45:46.219,1,3,Read Holding Registers,1260,12,2693,0.475
2026-09-13 05:45:46.270,1,3,Read Holding Registers,6183,3840,23841,0.051
2026-09-13 05:45:48.287,1,3,Read Holding Registers,1200,5,7813,0.06
2026-09-13 05:45:48.321,1,3,Read Holding Registers,2560,0,46628,0.034
2026-09-13 05:45:49.719,1,3,Read Holding Registers,1260,12,2693,0.475
2026-09-13 05:45:49.770,1,3,Read Holding Registers,6183,3840,23841,0.051
2026-09-13 05:45:51.787,1,3,Read Holding Registers,1200,5,7813,0.06
2026-09-13 05:45:51.821,1,3,Read Holding Registers,2560,0,46628,0.034
2026-09-13 05:45:53.219,1,3,Read Holding Registers,1260,12,2693,0.475
2026-09-13 05:45:53.270,1,3,Read Holding Registers,6183,3840,23841,0.051
2026-09-13 05:45:55.287,1,3,Read Holding Registers,1200,5,7813,0.06
2026-09-13 05:45:55.321,1,3,Read Holding Registers,2560,0,46628,0.034
2026-09-13 05:45:56.719,1,3,Read Holding Registers,1260,12,2693,0.475
2026-09-13 05:45:56.770,1,3,Read Holding Registers,6183,3840,15672,0.051
2026-09-13 05:45:58.788,1,3,Read Holding Registers,1200,5,7813,0.061
2026-09-13 05:45:58.822,1,3,Read Holding Registers,2560,0,46628,0.034
2026-09-13 05:46:00.219,1,3,Read Holding Registers,1260,12,2693,0.475
2026-09-13 05:46:00.270,1,3,Read Holding Registers,6183,3840,15672,0.051
2026-09-13 05:46:02.288,1,3,Read Holding Registers,1200,5,7813,0.06
2026-09-13 05:46:02.321,1,3,Read Holding Registers,2560,0,46628,0.033
2026-09-13 05:46:03.720,1,3,Read Holding Registers,1260,12,2693,0.476
2026-09-13 05:46:03.770,1,3,Read Holding Registers,6183,3840,15672,0.05
2026-09-13 05:46:05.788,1,3,Read Holding Registers,1200,5,7813,0.06
2026-09-13 05:46:05.822,1,3,Read Holding Registers,2560,0,46628,0.034
2026-09-13 05:46:07.220,1,3,Read Holding Registers,1260,12,2693,0.476
2026-09-13 05:46:07.270,1,3,Read Holding Registers,6183,3840,15672,0.05
2026-09-13 05:46:09.288,1,3,Read Holding Registers,1200,5,7813,0.06
2026-09-13 05:46:09.322,1,3,Read Holding Registers,2560,0,46628,0.034
2026-09-13 05:46:10.720,1,3,Read Holding Registers,1260,12,2693,0.476
2026-09-13 05:46:10.771,1,3,Read Holding Registers,6183,3840,15672,0.051
2026-09-13 05:46:12.788,1,3,Read Holding Registers,1200,5,7813,0.06
2026-09-13 05:46:12.822,1,3,Read Holding Registers,2560,0,46628,0.034
2026-09-13 05:46:14.220,1,3,Read Holding Registers,1260,12,2693,0.476
2026-09-13 05:46:14.271,1,3,Read Holding Registers,6183,3840,15672,0.051
2026-09-13 05:46:16.288,1,3,Read Holding Registers,1200,5,7813,0.06
2026-09-13 05:46:16.322,1,3,Read Holding Registers,2560,0,46628,0.034
2026-09-13 05:46:17.720,1,3,Read Holding Registers,1260,12,2693,0.475
2026-09-13 05:46:17.771,1,3,Read Holding Registers,6183,3840,15672,0.051
2026-09-13 05:46:19.788,1,3,Read Holding Registers,1200,5,7813,0.06
2026-09-13 05:46:19.822,1,3,Read Holding Registers,2560,0,46628,0.034
2026-09-13 05:46:21.220,1,3,Read Holding Registers,1260,12,2693,0.475
2026-09-13 05:46:21.271,1,3,Read Holding Registers,6183,3840,15672,0.051
2026-09-13 05:46:23.288,1,3,Read Holding Registers,1200,5,7813,0.06
2026-09-13 05:46:23.322,1,3,Read Holding Registers,2560,0,46628,0.034
2026-09-13 05:46:24.720,1,3,Read Holding Registers,1260,12,2693,0.475
2026-09-13 05:46:24.771,1,3,Read Holding Registers,6183,3840,15672,0.051
2026-09-13 05:46:26.788,1,3,Read Holding Registers,1200,5,7813,0.06
2026-09-13 05:46:26.822,1,3,Read Holding Registers,2560,0,46628,0.034
2026-09-13 05:46:28.220,1,3,Read Holding Registers,1260,12,2693,0.475
2026-09-13 05:46:28.271,1,3,Read Holding Registers,6183,3840,15672,0.051
2026-09-13 05:46:30.288,1,3,Read Holding Registers,1200,5,7813,0.06
2026-09-13 05:46:30.322,1,3,Read Holding Registers,2560,0,46628,0.034
2026-09-13 05:46:31.720,1,3,Read Holding Registers,1260,12,2693,0.475
2026-09-13 05:46:31.771,1,3,Read Holding Registers,6183,3840,15672,0.051
2026-09-13 05:46:33.788,1,3,Read Holding Registers,1200,5,7813,0.06
2026-09-13 05:46:33.822,1,3,Read Holding Registers,2560,0,46628,0.034
2026-09-13 05:46:35.220,1,3,Read Holding Registers,1260,12,2693,0.475
2026-09-13 05:46:35.271,1,3,Read Holding Registers,6183,3840,15672,0.051
2026-09-13 05:46:37.288,1,3,Read Holding Registers,1200,5,7813,0.06
2026-09-13 05:46:37.322,1,3,Read Holding Registers,2560,0,46628,0.034
2026-09-13 05:46:38.720,1,3,Read Holding Registers,1260,12,2693,0.475
2026-09-13 05:46:38.771,1,3,Read Holding Registers,6183,3840,15672,0.051
2026-09-13 05:46:40.788,1,3,Read Holding Registers,1200,5,7813,0.06
2026-09-13 05:46:40.822,1,3,Read Holding Registers,2560,0,46628,0.034
2026-09-13 05:46:42.220,1,3,Read Holding Registers,1260,12,2693,0.475
2026-09-13 05:46:42.271,1,3,Read Holding Registers,6183,3840,15672,0.051
2026-09-13 05:46:44.288,1,3,Read Holding Registers,1200,5,7813,0.06
2026-09-13 05:46:44.322,1,3,Read Holding Registers,2560,0,46628,0.034
2026-09-13 05:46:45.720,1,3,Read Holding Registers,1260,12,2693,0.475
2026-09-13 05:46:45.771,1,3,Read Holding Registers,6183,3840,15672,0.051
2026-09-13 05:46:47.789,1,3,Read Holding Registers,1200,5,7813,0.061
2026-09-13 05:46:47.822,1,3,Read Holding Registers,2560,0,46628,0.033
2026-09-13 05:46:49.220,1,3,Read Holding Registers,1260,12,2693,0.475
2026-09-13 05:46:49.271,1,3,Read Holding Registers,6183,3840,15672,0.051
2026-09-13 05:46:51.289,1,3,Read Holding Registers,1200,5,7813,0.061
2026-09-13 05:46:51.322,1,3,Read Holding Registers,2560,0,46628,0.033
2026-09-13 05:46:52.720,1,3,Read Holding Registers,1260,12,2693,0.475
2026-09-13 05:46:52.771,1,3,Read Holding Registers,6183,3840,15672,0.051
2026-09-13 05:46:54.789,1,3,Read Holding Registers,1200,5,7813,0.06
2026-09-13 05:46:54.823,1,3,Read Holding Registers,2560,0,46628,0.034
2026-09-13 05:46:56.220,1,3,Read Holding Registers,1260,12,2693,0.475
2026-09-13 05:46:56.272,1,3,Read Holding Registers,6183,3840,15672,0.052
2026-09-13 05:46:58.289,1,3,Read Holding Registers,1200,5,7813,0.06
2026-09-13 05:46:58.323,1,3,Read Holding Registers,2560,0,46628,0.034
2026-09-13 05:46:59.721,1,3,Read Holding Registers,1260,12,2693,0.476
2026-09-13 05:46:59.771,1,3,Read Holding Registers,6183,3840,15672,0.05
2026-09-13 05:47:01.789,1,3,Read Holding Registers,1200,5,7813,0.06
2026-09-13 05:47:01.823,1,3,Read Holding Registers,2560,0,46628,0.034
2026-09-13 05:47:03.221,1,3,Read Holding Registers,1260,12,2693,0.476
2026-09-13 05:47:03.272,1,3,Read Holding Registers,6183,3840,15672,0.051
2026-09-13 05:47:05.289,1,3,Read Holding Registers,1200,5,7813,0.06
2026-09-13 05:47:05.323,1,3,Read Holding Registers,2560,0,46628,0.034
2026-09-13 05:47:06.721,1,3,Read Holding Registers,1260,12,2693,0.476
2026-09-13 05:47:06.772,1,3,Read Holding Registers,6183,3840,15672,0.051
2026-09-13 05:47:08.789,1,3,Read Holding Registers,1200,5,7813,0.06
2026-09-13 05:47:08.823,1,3,Read Holding Registers,2560,0,46628,0.034
2026-09-13 05:47:10.221,1,3,Read Holding Registers,1260,12,2693,0.475
2026-09-13 05:47:10.272,1,3,Read Holding Registers,6183,3840,15672,0.051
2026-09-13 05:47:12.289,1,3,Read Holding Registers,1200,5,7813,0.06
2026-09-13 05:47:12.323,1,3,Read Holding Registers,2560,0,46628,0.034
2026-09-13 05:47:13.721,1,3,Read Holding Registers,1260,12,2693,0.475
2026-09-13 05:47:13.772,1,3,Read Holding Registers,6183,3840,15672,0.051
2026-09-13 05:47:15.789,1,3,Read Holding Registers,1200,5,7813,0.06
2026-09-13 05:47:15.823,1,3,Read Holding Registers,2560,0,46628,0.034
2026-09-13 05:47:17.221,1,3,Read Holding Registers,1260,12,2693,0.475
2026-09-13 05:47:17.272,1,3,Read Holding Registers,6183,3840,15672,0.051
2026-09-13 05:47:19.289,1,3,Read Holding Registers,1200,5,7813,0.06
2026-09-13 05:47:19.323,1,3,Read Holding Registers,2560,0,46628,0.034
2026-09-13 05:47:20.721,1,3,Read Holding Registers,1260,12,2693,0.475
2026-09-13 05:47:20.772,1,3,Read Holding Registers,6183,3840,15672,0.051
2026-09-13 05:47:22.789,1,3,Read Holding Registers,1200,5,7813,0.06
2026-09-13 05:47:22.823,1,3,Read Holding Registers,2560,0,46628,0.034
2026-09-13 05:47:24.221,1,3,Read Holding Registers,1260,12,2693,0.475
2026-09-13 05:47:24.272,1,3,Read Holding Registers,6183,3840,15672,0.051
2026-09-13 05:47:26.289,1,3,Read Holding Registers,1200,5,7813,0.06
2026-09-13 05:47:26.323,1,3,Read Holding Registers,2560,0,46628,0.034
2026-09-13 05:47:27.721,1,3,Read Holding Registers,1260,12,2693,0.475
2026-09-13 05:47:27.772,1,3,Read Holding Registers,6183,3840,15672,0.051
2026-09-13 05:47:29.789,1,3,Read Holding Registers,1200,5,7813,0.06
2026-09-13 05:47:29.823,1,3,Read Holding Registers,2560,0,46628,0.034
2026-09-13 05:47:31.221,1,3,Read Holding Registers,1260,12,2693,0.475
2026-09-13 05:47:31.272,1,3,Read Holding Registers,6183,3840,15672,0.051
2026-09-13 05:47:33.289,1,3,Read Holding Registers,1200,5,7813,0.06
2026-09-13 05:47:33.323,1,3,Read Holding Registers,2560,0,46628,0.034
2026-09-13 05:47:34.721,1,3,Read Holding Registers,1260,12,2693,0.475
2026-09-13 05:47:34.772,1,3,Read Holding Registers,6183,3840,15672,0.051
2026-09-13 05:47:36.789,1,3,Read Holding Registers,1200,5,7813,0.06
2026-09-13 05:47:36.823,1,3,Read Holding Registers,2560,0,46628,0.034
2026-09-13 05:47:38.221,1,3,Read Holding Registers,1260,12,2693,0.475
2026-09-13 05:47:38.272,1,3,Read Holding Registers,6183,3840,15672,0.051
2026-09-13 05:47:40.289,1,3,Read Holding Registers,1200,5,7813,0.06
2026-09-13 05:47:40.323,1,3,Read Holding Registers,2560,0,46628,0.034
2026-09-13 05:47:41.721,1,3,Read Holding Registers,1260,12,2693,0.475
2026-09-13 05:47:41.772,1,3,Read Holding Registers,6183,3840,23924,0.051
2026-09-13 05:47:43.790,1,3,Read Holding Registers,1200,5,7813,0.061
2026-09-13 05:47:43.823,1,3,Read Holding Registers,2560,0,46628,0.033
2026-09-13 05:47:45.221,1,3,Read Holding Registers,1260,12,2693,0.475
2026-09-13 05:47:45.272,1,3,Read Holding Registers,6183,3840,23924,0.051
2026-09-13 05:47:47.290,1,3,Read Holding Registers,1200,5,7813,0.06
2026-09-13 05:47:47.324,1,3,Read Holding Registers,2560,0,46628,0.034
2026-09-13 05:47:48.722,1,3,Read Holding Registers,1260,12,2693,0.476
2026-09-13 05:47:48.772,1,3,Read Holding Registers,6183,3840,23924,0.05
2026-09-13 05:47:50.790,1,3,Read Holding Registers,1200,5,7813,0.06
2026-09-13 05:47:50.824,1,3,Read Holding Registers,2560,0,46628,0.034
2026-09-13 05:47:52.222,1,3,Read Holding Registers,1260,12,2693,0.476
2026-09-13 05:47:52.272,1,3,Read Holding Registers,6183,3840,23924,0.05
2026-09-13 05:47:54.290,1,3,Read Holding Registers,1200,5,7813,0.06
2026-09-13 05:47:54.324,1,3,Read Holding Registers,2560,0,46628,0.034
2026-09-13 05:47:55.722,1,3,Read Holding Registers,1260,12,2693,0.476
2026-09-13 05:47:55.772,1,3,Read Holding Registers,6183,3840,23924,0.05
2026-09-13 05:47:57.790,1,3,Read Holding Registers,1200,5,7813,0.06
2026-09-13 05:47:57.824,1,3,Read Holding Registers,2560,0,46628,0.034
2026-09-13 05:47:59.222,1,3,Read Holding Registers,1260,12,2693,0.475
2026-09-13 05:47:59.273,1,3,Read Holding Registers,6183,3840,23924,0.051
2026-09-13 05:48:01.290,1,3,Read Holding Registers,1200,5,7813,0.06
2026-09-13 05:48:01.324,1,3,Read Holding Registers,2560,0,46628,0.034
2026-09-13 05:48:02.722,1,3,Read Holding Registers,1260,12,2693,0.475
2026-09-13 05:48:02.773,1,3,Read Holding Registers,6183,3840,23879,0.051
2026-09-13 05:48:04.790,1,3,Read Holding Registers,1200,5,7813,0.06
2026-09-13 05:48:04.824,1,3,Read Holding Registers,2560,0,46628,0.034
2026-09-13 05:48:06.222,1,3,Read Holding Registers,1260,12,2693,0.475
2026-09-13 05:48:06.273,1,3,Read Holding Registers,6183,3840,23879,0.051
2026-09-13 05:48:08.290,1,3,Read Holding Registers,1200,5,7813,0.06
2026-09-13 05:48:08.324,1,3,Read Holding Registers,2560,0,46628,0.034
2026-09-13 05:48:09.722,1,3,Read Holding Registers,1260,12,2693,0.475
2026-09-13 05:48:09.773,1,3,Read Holding Registers,6183,3840,23879,0.051
2026-09-13 05:48:11.790,1,3,Read Holding Registers,1200,5,7813,0.06
2026-09-13 05:48:11.824,1,3,Read Holding Registers,2560,0,46628,0.034
2026-09-13 05:48:13.222,1,3,Read Holding Registers,1260,12,2693,0.475
2026-09-13 05:48:13.273,1,3,Read Holding Registers,6183,3840,23879,0.051
2026-09-13 05:48:15.290,1,3,Read Holding Registers,1200,5,7813,0.06
2026-09-13 05:48:15.324,1,3,Read Holding Registers,2560,0,46628,0.034
2026-09-13 05:48:16.722,1,3,Read Holding Registers,1260,12,2693,0.475
2026-09-13 05:48:16.773,1,3,Read Holding Registers,6183,3840,23879,0.051
2026-09-13 05:48:18.790,1,3,Read Holding Registers,1200,5,7813,0.06
2026-09-13 05:48:18.824,1,3,Read Holding Registers,2560,0,46628,0.034
2026-09-13 05:48:20.222,1,3,Read Holding Registers,1260,12,2693,0.475
2026-09-13 05:48:20.273,1,3,Read Holding Registers,6183,3840,23879,0.051
2026-09-13 05:48:22.290,1,3,Read Holding Registers,1200,5,7813,0.06
2026-09-13 05:48:22.324,1,3,Read Holding Registers,2560,0,46628,0.034
2026-09-13 05:48:23.722,1,3,Read Holding Registers,1260,12,2693,0.475
2026-09-13 05:48:23.773,1,3,Read Holding Registers,6183,3840,23879,0.051
2026-09-13 05:48:25.790,1,3,Read Holding Registers,1200,5,7813,0.06
2026-09-13 05:48:25.824,1,3,Read Holding Registers,2560,0,46628,0.034
2026-09-13 05:48:27.222,1,3,Read Holding Registers,1260,12,2693,0.475
2026-09-13 05:48:27.273,1,3,Read Holding Registers,6183,3840,23879,0.051
2026-09-13 05:48:29.291,1,3,Read Holding Registers,1200,5,7813,0.061
2026-09-13 05:48:29.324,1,3,Read Holding Registers,2560,0,46628,0.033
2026-09-13 05:48:30.722,1,3,Read Holding Registers,1260,12,2693,0.475
2026-09-13 05:48:30.773,1,3,Read Holding Registers,6183,3840,23879,0.051
2026-09-13 05:48:32.790,1,3,Read Holding Registers,1200,5,7813,0.06
2026-09-13 05:48:32.824,1,3,Read Holding Registers,2560,0,46628,0.034
2026-09-13 05:48:34.222,1,3,Read Holding Registers,1260,12,2693,0.475
2026-09-13 05:48:34.273,1,3,Read Holding Registers,6183,3840,23879,0.051
2026-09-13 05:48:36.291,1,3,Read Holding Registers,1200,5,7813,0.061
2026-09-13 05:48:36.325,1,3,Read Holding Registers,2560,0,46628,0.034
2026-09-13 05:48:37.722,1,3,Read Holding Registers,1260,12,2693,0.475
2026-09-13 05:48:37.773,1,3,Read Holding Registers,6183,3840,23879,0.051
2026-09-13 05:48:39.791,1,3,Read Holding Registers,1200,5,7813,0.06
2026-09-13 05:48:39.825,1,3,Read Holding Registers,2560,0,46628,0.034
2026-09-13 05:48:41.223,1,3,Read Holding Registers,1260,12,2693,0.476
2026-09-13 05:48:41.274,1,3,Read Holding Registers,6183,3840,23879,0.051
2026-09-13 05:48:43.291,1,3,Read Holding Registers,1200,5,7813,0.06
2026-09-13 05:48:43.325,1,3,Read Holding Registers,2560,0,46628,0.034
2026-09-13 05:48:44.723,1,3,Read Holding Registers,1260,12,2693,0.476
2026-09-13 05:48:44.773,1,3,Read Holding Registers,6183,3840,23879,0.05
2026-09-13 05:48:46.791,1,3,Read Holding Registers,1200,5,7813,0.06
2026-09-13 05:48:46.825,1,3,Read Holding Registers,2560,0,46628,0.034
2026-09-13 05:48:48.223,1,3,Read Holding Registers,1260,12,2693,0.476
2026-09-13 05:48:48.273,1,3,Read Holding Registers,6183,3840,23879,0.05
2026-09-13 05:48:50.291,1,3,Read Holding Registers,1200,5,7813,0.06
2026-09-13 05:48:50.325,1,3,Read Holding Registers,2560,0,46628,0.034
2026-09-13 05:48:51.723,1,3,Read Holding Registers,1260,12,2693,0.475
2026-09-13 05:48:51.774,1,3,Read Holding Registers,6183,3840,23879,0.051
2026-09-13 05:48:53.791,1,3,Read Holding Registers,1200,5,7813,0.06
2026-09-13 05:48:53.825,1,3,Read Holding Registers,2560,0,46628,0.034
2026-09-13 05:48:55.223,1,3,Read Holding Registers,1260,12,2693,0.475
2026-09-13 05:48:55.274,1,3,Read Holding Registers,6183,3840,23879,0.051
2026-09-13 05:48:57.291,1,3,Read Holding Registers,1200,5,7813,0.06
2026-09-13 05:48:57.325,1,3,Read Holding Registers,2560,0,46628,0.034
2026-09-13 05:48:58.723,1,3,Read Holding Registers,1260,12,2693,0.475
2026-09-13 05:48:58.774,1,3,Read Holding Registers,6183,3840,23879,0.051
2026-09-13 05:49:00.791,1,3,Read Holding Registers,1200,5,7813,0.06
2026-09-13 05:49:00.825,1,3,Read Holding Registers,2560,0,46628,0.034
2026-09-13 05:49:02.223,1,3,Read Holding Registers,1260,12,2693,0.475
2026-09-13 05:49:02.274,1,3,Read Holding Registers,6183,3840,23879,0.051
2026-09-13 05:49:04.291,1,3,Read Holding Registers,1200,5,7813,0.06
2026-09-13 05:49:04.325,1,3,Read Holding Registers,2560,0,46628,0.034
2026-09-13 05:49:05.723,1,3,Read Holding Registers,1260,12,2693,0.475
2026-09-13 05:49:05.774,1,3,Read Holding Registers,6183,3840,23879,0.051
2026-09-13 05:49:07.791,1,3,Read Holding Registers,1200,5,7813,0.06
2026-09-13 05:49:07.825,1,3,Read Holding Registers,2560,0,46628,0.034
2026-09-13 05:49:09.223,1,3,Read Holding Registers,1260,12,2693,0.414
2026-09-13 05:49:09.273,1,3,Read Holding Registers,6183,3840,54877,0.05
2026-09-13 05:49:11.291,1,3,Read Holding Registers,1200,5,7813,0.06
2026-09-13 05:49:11.325,1,3,Read Holding Registers,2560,0,46628,0.034
2026-09-13 05:49:12.723,1,3,Read Holding Registers,1260,12,2693,0.475
2026-09-13 05:49:12.774,1,3,Read Holding Registers,6183,3840,54877,0.051
2026-09-13 05:49:14.791,1,3,Read Holding Registers,1200,5,7813,0.06
2026-09-13 05:49:14.825,1,3,Read Holding Registers,2560,0,46628,0.034
2026-09-13 05:49:16.223,1,3,Read Holding Registers,1260,12,2693,0.475
2026-09-13 05:49:16.274,1,3,Read Holding Registers,6183,3840,54877,0.051
2026-09-13 05:49:18.291,1,3,Read Holding Registers,1200,5,7813,0.06
2026-09-13 05:49:18.325,1,3,Read Holding Registers,2560,0,46628,0.034
2026-09-13 05:49:19.723,1,3,Read Holding Registers,1260,12,2693,0.475
2026-09-13 05:49:19.774,1,3,Read Holding Registers,6183,3840,54877,0.051
2026-09-13 05:49:21.791,1,3,Read Holding Registers,1200,5,7813,0.06
2026-09-13 05:49:21.825,1,3,Read Holding Registers,2560,0,46628,0.034
2026-09-13 05:49:23.223,1,3,Read Holding Registers,1260,12,2693,0.475
2026-09-13 05:49:23.274,1,3,Read Holding Registers,6183,3840,54877,0.051
2026-09-13 05:49:25.292,1,3,Read Holding Registers,1200,5,7813,0.061
2026-09-13 05:49:25.325,1,3,Read Holding Registers,2560,0,46628,0.033
2026-09-13 05:49:26.723,1,3,Read Holding Registers,1260,12,2693,0.111
2026-09-13 05:49:26.775,1,3,Read Holding Registers,6183,3840,55263,0.052
2026-09-13 05:49:28.792,1,3,Read Holding Registers,1200,5,7813,0.06
2026-09-13 05:49:28.825,1,3,Read Holding Registers,2560,0,46628,0.033
2026-09-13 05:49:30.223,1,3,Read Holding Registers,1260,12,2693,0.475
2026-09-13 05:49:30.274,1,3,Read Holding Registers,6183,3840,55263,0.051
2026-09-13 05:49:32.292,1,3,Read Holding Registers,1200,5,7813,0.06
2026-09-13 05:49:32.326,1,3,Read Holding Registers,2560,0,46628,0.034
2026-09-13 05:49:33.724,1,3,Read Holding Registers,1260,12,2693,0.476
2026-09-13 05:49:33.774,1,3,Read Holding Registers,6183,3840,55263,0.05
2026-09-13 05:49:35.792,1,3,Read Holding Registers,1200,5,7813,0.06
2026-09-13 05:49:35.826,1,3,Read Holding Registers,2560,0,46628,0.034
2026-09-13 05:49:37.224,1,3,Read Holding Registers,1260,12,2693,0.476
2026-09-13 05:49:37.274,1,3,Read Holding Registers,6183,3840,55263,0.05
2026-09-13 05:49:39.292,1,3,Read Holding Registers,1200,5,7813,0.06
2026-09-13 05:49:39.326,1,3,Read Holding Registers,2560,0,46628,0.034
2026-09-13 05:49:40.724,1,3,Read Holding Registers,1260,12,2693,0.476
2026-09-13 05:49:40.775,1,3,Read Holding Registers,6183,3840,55263,0.051
2026-09-13 05:49:42.792,1,3,Read Holding Registers,1200,5,7813,0.06
2026-09-13 05:49:42.826,1,3,Read Holding Registers,2560,0,46628,0.034
2026-09-13 05:49:44.224,1,3,Read Holding Registers,1260,12,2693,0.476
2026-09-13 05:49:44.275,1,3,Read Holding Registers,6183,3840,55263,0.051
2026-09-13 05:49:46.292,1,3,Read Holding Registers,1200,5,7813,0.06
2026-09-13 05:49:46.326,1,3,Read Holding Registers,2560,0,46628,0.034
2026-09-13 05:49:47.724,1,3,Read Holding Registers,1260,12,2693,0.475
2026-09-13 05:49:47.775,1,3,Read Holding Registers,6183,3840,55263,0.051
2026-09-13 05:49:49.792,1,3,Read Holding Registers,1200,5,7813,0.06
2026-09-13 05:49:49.826,1,3,Read Holding Registers,2560,0,46628,0.034
2026-09-13 05:49:51.224,1,3,Read Holding Registers,1260,12,2693,0.475
2026-09-13 05:49:51.275,1,3,Read Holding Registers,6183,3840,55263,0.051
2026-09-13 05:49:53.292,1,3,Read Holding Registers,1200,5,7813,0.06
2026-09-13 05:49:53.326,1,3,Read Holding Registers,2560,0,46628,0.034
2026-09-13 05:49:54.724,1,3,Read Holding Registers,1260,12,2693,0.475
2026-09-13 05:49:54.775,1,3,Read Holding Registers,6183,3840,55263,0.051
2026-09-13 05:49:56.792,1,3,Read Holding Registers,1200,5,7813,0.06
2026-09-13 05:49:56.826,1,3,Read Holding Registers,2560,0,46628,0.034
2026-09-13 05:49:58.493,1,3,Read Holding Registers,1260,12,2693,0.474
2026-09-13 05:49:58.545,1,3,Read Holding Registers,6183,3840,55263,0.052
2026-09-13 05:50:00.561,1,3,Read Holding Registers,1200,5,7813,0.06
2026-09-13 05:50:00.595,1,3,Read Holding Registers,2560,0,46628,0.034
2026-09-13 05:50:01.993,1,3,Read Holding Registers,1260,12,2693,0.475
2026-09-13 05:50:02.044,1,3,Read Holding Registers,6183,3840,55263,0.051
2026-09-13 05:50:04.061,1,3,Read Holding Registers,1200,5,7813,0.06
2026-09-13 05:50:04.095,1,3,Read Holding Registers,2560,0,46628,0.034
2026-09-13 05:50:05.493,1,3,Read Holding Registers,1260,12,2693,0.475
2026-09-13 05:50:05.544,1,3,Read Holding Registers,6183,3840,55263,0.051
2026-09-13 05:50:07.561,1,3,Read Holding Registers,1200,5,7813,0.06
2026-09-13 05:50:07.595,1,3,Read Holding Registers,2560,0,46628,0.034
2026-09-13 05:50:08.993,1,3,Read Holding Registers,1260,12,2693,0.475
2026-09-13 05:50:09.044,1,3,Read Holding Registers,6183,3840,55263,0.051
2026-09-13 05:50:11.061,1,3,Read Holding Registers,1200,5,7813,0.06
2026-09-13 05:50:11.095,1,3,Read Holding Registers,2560,0,46628,0.034
2026-09-13 05:50:12.493,1,3,Read Holding Registers,1260,12,2693,0.475
2026-09-13 05:50:12.544,1,3,Read Holding Registers,6183,3840,55263,0.051
2026-09-13 05:50:14.561,1,3,Read Holding Registers,1200,5,7813,0.06
2026-09-13 05:50:14.595,1,3,Read Holding Registers,2560,0,46628,0.034
2026-09-13 05:50:15.993,1,3,Read Holding Registers,1260,12,2693,0.475
2026-09-13 05:50:16.044,1,3,Read Holding Registers,6183,3840,55263,0.051
2026-09-13 05:50:18.062,1,3,Read Holding Registers,1200,5,7813,0.061
2026-09-13 05:50:18.096,1,3,Read Holding Registers,2560,0,46628,0.034
2026-09-13 05:50:19.493,1,3,Read Holding Registers,1260,12,2693,0.475
2026-09-13 05:50:19.544,1,3,Read Holding Registers,6183,3840,55263,0.051
2026-09-13 05:50:21.562,1,3,Read Holding Registers,1200,5,7813,0.06
2026-09-13 05:50:21.596,1,3,Read Holding Registers,2560,0,46628,0.034
2026-09-13 05:50:22.994,1,3,Read Holding Registers,1260,12,2693,0.476
2026-09-13 05:50:23.044,1,3,Read Holding Registers,6183,3840,55263,0.05
2026-09-13 05:50:25.062,1,3,Read Holding Registers,1200,5,7813,0.06
2026-09-13 05:50:25.096,1,3,Read Holding Registers,2560,0,46628,0.034
2026-09-13 05:50:26.494,1,3,Read Holding Registers,1260,12,2693,0.476
2026-09-13 05:50:26.545,1,3,Read Holding Registers,6183,3840,55263,0.051
2026-09-13 05:50:28.562,1,3,Read Holding Registers,1200,5,7813,0.06
2026-09-13 05:50:28.596,1,3,Read Holding Registers,2560,0,46628,0.034
2026-09-13 05:50:29.994,1,3,Read Holding Registers,1260,12,2693,0.476
2026-09-13 05:50:30.045,1,3,Read Holding Registers,6183,3840,55157,0.051
2026-09-13 05:50:32.062,1,3,Read Holding Registers,1200,5,7813,0.06
2026-09-13 05:50:32.096,1,3,Read Holding Registers,2560,0,46628,0.034
2026-09-13 05:50:33.494,1,3,Read Holding Registers,1260,12,2693,0.476
2026-09-13 05:50:33.545,1,3,Read Holding Registers,6183,3840,55157,0.051
2026-09-13 05:50:35.562,1,3,Read Holding Registers,1200,5,7813,0.06
2026-09-13 05:50:35.596,1,3,Read Holding Registers,2560,0,46628,0.034
2026-09-13 05:50:36.994,1,3,Read Holding Registers,1260,12,2693,0.475
2026-09-13 05:50:37.045,1,3,Read Holding Registers,6183,3840,55157,0.051
2026-09-13 05:50:39.062,1,3,Read Holding Registers,1200,5,7813,0.06
2026-09-13 05:50:39.096,1,3,Read Holding Registers,2560,0,46628,0.034
2026-09-13 05:50:40.494,1,3,Read Holding Registers,1260,12,2693,0.475
2026-09-13 05:50:40.545,1,3,Read Holding Registers,6183,3840,55157,0.051
2026-09-13 05:50:42.562,1,3,Read Holding Registers,1200,5,7813,0.06
2026-09-13 05:50:42.596,1,3,Read Holding Registers,2560,0,46628,0.034
2026-09-13 05:50:43.994,1,3,Read Holding Registers,1260,12,2693,0.475
2026-09-13 05:50:44.045,1,3,Read Holding Registers,6183,3840,55157,0.051
2026-09-13 05:50:46.062,1,3,Read Holding Registers,1200,5,7813,0.06
2026-09-13 05:50:46.096,1,3,Read Holding Registers,2560,0,46628,0.034
2026-09-13 05:50:47.494,1,3,Read Holding Registers,1260,12,2693,0.475
2026-09-13 05:50:47.545,1,3,Read Holding Registers,6183,3840,55157,0.051
2026-09-13 05:50:49.562,1,3,Read Holding Registers,1200,5,7813,0.06
2026-09-13 05:50:49.596,1,3,Read Holding Registers,2560,0,46628,0.034
2026-09-13 05:50:50.994,1,3,Read Holding Registers,1260,12,2693,0.475
2026-09-13 05:50:51.045,1,3,Read Holding Registers,6183,3840,55157,0.051
2026-09-13 05:50:53.062,1,3,Read Holding Registers,1200,5,7813,0.06
2026-09-13 05:50:53.096,1,3,Read Holding Registers,2560,0,46628,0.034
2026-09-13 05:50:54.494,1,3,Read Holding Registers,1260,12,2693,0.475
2026-09-13 05:50:54.545,1,3,Read Holding Registers,6183,3840,55157,0.051
2026-09-13 05:50:56.562,1,3,Read Holding Registers,1200,5,7813,0.06
2026-09-13 05:50:56.596,1,3,Read Holding Registers,2560,0,46628,0.034
2026-09-13 05:50:57.994,1,3,Read Holding Registers,1260,12,2693,0.475
2026-09-13 05:50:58.045,1,3,Read Holding Registers,6183,3840,55157,0.051
2026-09-13 05:51:00.062,1,3,Read Holding Registers,1200,5,7813,0.06
2026-09-13 05:51:00.096,1,3,Read Holding Registers,2560,0,46628,0.034
2026-09-13 05:51:01.494,1,3,Read Holding Registers,1260,12,2693,0.475
2026-09-13 05:51:01.545,1,3,Read Holding Registers,6183,3840,55157,0.051
2026-09-13 05:51:03.562,1,3,Read Holding Registers,1200,5,7813,0.06
2026-09-13 05:51:03.596,1,3,Read Holding Registers,2560,0,46628,0.034
2026-09-13 05:51:04.994,1,3,Read Holding Registers,1260,12,2693,0.475
2026-09-13 05:51:05.045,1,3,Read Holding Registers,6183,3840,55157,0.051
2026-09-13 05:51:07.062,1,3,Read Holding Registers,1200,5,7813,0.06
2026-09-13 05:51:07.096,1,3,Read Holding Registers,2560,0,46628,0.034
2026-09-13 05:51:08.494,1,3,Read Holding Registers,1260,12,2693,0.475
2026-09-13 05:51:08.545,1,3,Read Holding Registers,6183,3840,55157,0.051
2026-09-13 05:51:10.563,1,3,Read Holding Registers,1200,5,7813,0.061
2026-09-13 05:51:10.597,1,3,Read Holding Registers,2560,0,46628,0.034
2026-09-13 05:51:11.994,1,3,Read Holding Registers,1260,12,2693,0.475
2026-09-13 05:51:12.045,1,3,Read Holding Registers,6183,3840,55157,0.051
2026-09-13 05:51:14.063,1,3,Read Holding Registers,1200,5,7813,0.06
2026-09-13 05:51:14.097,1,3,Read Holding Registers,2560,0,46628,0.034
2026-09-13 05:51:15.495,1,3,Read Holding Registers,1260,12,2693,0.475
2026-09-13 05:51:15.546,1,3,Read Holding Registers,6183,3840,34591,0.051
2026-09-13 05:51:17.563,1,3,Read Holding Registers,1200,5,7813,0.06
2026-09-13 05:51:17.597,1,3,Read Holding Registers,2560,0,46628,0.034
2026-09-13 05:51:18.995,1,3,Read Holding Registers,1260,12,2693,0.476
2026-09-13 05:51:19.046,1,3,Read Holding Registers,6183,3840,34591,0.051
2026-09-13 05:51:21.063,1,3,Read Holding Registers,1200,5,7813,0.06
2026-09-13 05:51:21.097,1,3,Read Holding Registers,2560,0,46628,0.034
2026-09-13 05:51:22.495,1,3,Read Holding Registers,1260,12,2693,0.476
2026-09-13 05:51:22.546,1,3,Read Holding Registers,6183,3840,34591,0.051
2026-09-13 05:51:24.563,1,3,Read Holding Registers,1200,5,7813,0.06
2026-09-13 05:51:24.597,1,3,Read Holding Registers,2560,0,46628,0.034
2026-09-13 05:51:25.995,1,3,Read Holding Registers,1260,12,2693,0.476
2026-09-13 05:51:26.046,1,3,Read Holding Registers,6183,3840,34591,0.051
2026-09-13 05:51:28.063,1,3,Read Holding Registers,1200,5,7813,0.06
2026-09-13 05:51:28.097,1,3,Read Holding Registers,2560,0,46628,0.034
2026-09-13 05:51:29.495,1,3,Read Holding Registers,1260,12,2693,0.475
2026-09-13 05:51:29.546,1,3,Read Holding Registers,6183,3840,34591,0.051
2026-09-13 05:51:31.563,1,3,Read Holding Registers,1200,5,7813,0.06
2026-09-13 05:51:31.597,1,3,Read Holding Registers,2560,0,46628,0.034
2026-09-13 05:51:32.995,1,3,Read Holding Registers,1260,12,2693,0.475
2026-09-13 05:51:33.046,1,3,Read Holding Registers,6183,3840,34591,0.051
2026-09-13 05:51:35.063,1,3,Read Holding Registers,1200,5,7813,0.06
2026-09-13 05:51:35.097,1,3,Read Holding Registers,2560,0,46628,0.034
2026-09-13 05:51:36.495,1,3,Read Holding Registers,1260,12,2693,0.475
2026-09-13 05:51:36.546,1,3,Read Holding Registers,6183,3840,34591,0.051
2026-09-13 05:51:38.563,1,3,Read Holding Registers,1200,5,7813,0.06
2026-09-13 05:51:38.597,1,3,Read Holding Registers,2560,0,46628,0.034
2026-09-13 05:51:39.995,1,3,Read Holding Registers,1260,12,2693,0.475
2026-09-13 05:51:40.046,1,3,Read Holding Registers,6183,3840,34591,0.051
2026-09-13 05:51:42.063,1,3,Read Holding Registers,1200,5,7813,0.06
2026-09-13 05:51:42.097,1,3,Read Holding Registers,2560,0,46628,0.034
2026-09-13 05:51:43.495,1,3,Read Holding Registers,1260,12,2693,0.475
2026-09-13 05:51:43.546,1,3,Read Holding Registers,6183,3840,34591,0.051
2026-09-13 05:51:45.563,1,3,Read Holding Registers,1200,5,7813,0.06
2026-09-13 05:51:45.597,1,3,Read Holding Registers,2560,0,46628,0.034
2026-09-13 05:51:46.995,1,3,Read Holding Registers,1260,12,2693,0.475
2026-09-13 05:51:47.046,1,3,Read Holding Registers,6183,3840,34591,0.051
2026-09-13 05:51:49.063,1,3,Read Holding Registers,1200,5,7813,0.06
2026-09-13 05:51:49.097,1,3,Read Holding Registers,2560,0,46628,0.034
2026-09-13 05:51:50.495,1,3,Read Holding Registers,1260,12,2693,0.475
2026-09-13 05:51:50.546,1,3,Read Holding Registers,6183,3840,34591,0.051
2026-09-13 05:51:52.563,1,3,Read Holding Registers,1200,5,7813,0.06
2026-09-13 05:51:52.597,1,3,Read Holding Registers,2560,0,46628,0.034
2026-09-13 05:51:53.995,1,3,Read Holding Registers,1260,12,2693,0.475
2026-09-13 05:51:54.046,1,3,Read Holding Registers,6183,3840,34591,0.051
2026-09-13 05:51:56.063,1,3,Read Holding Registers,1200,5,7813,0.06
2026-09-13 05:51:56.097,1,3,Read Holding Registers,2560,0,46628,0.034
2026-09-13 05:51:57.495,1,3,Read Holding Registers,1260,12,2693,0.475
2026-09-13 05:51:57.546,1,3,Read Holding Registers,6183,3840,31515,0.051
2026-09-13 05:51:59.564,1,3,Read Holding Registers,1200,5,7813,0.061
2026-09-13 05:51:59.597,1,3,Read Holding Registers,2560,0,46628,0.033
2026-09-13 05:52:00.995,1,3,Read Holding Registers,1260,12,2693,0.475
2026-09-13 05:52:01.046,1,3,Read Holding Registers,6183,3840,31515,0.051
2026-09-13 05:52:03.064,1,3,Read Holding Registers,1200,5,7813,0.06
2026-09-13 05:52:03.098,1,3,Read Holding Registers,2560,0,46628,0.034
2026-09-13 05:52:04.495,1,3,Read Holding Registers,1260,12,2693,0.475
2026-09-13 05:52:04.546,1,3,Read Holding Registers,6183,3840,31515,0.051
2026-09-13 05:52:06.564,1,3,Read Holding Registers,1200,5,7813,0.06
2026-09-13 05:52:06.598,1,3,Read Holding Registers,2560,0,46628,0.034
2026-09-13 05:52:07.996,1,3,Read Holding Registers,1260,12,2693,0.476
2026-09-13 05:52:08.047,1,3,Read Holding Registers,6183,3840,31515,0.051
2026-09-13 05:52:10.064,1,3,Read Holding Registers,1200,5,7813,0.06
2026-09-13 05:52:10.098,1,3,Read Holding Registers,2560,0,46628,0.034
2026-09-13 05:52:11.496,1,3,Read Holding Registers,1260,12,2693,0.476
2026-09-13 05:52:11.547,1,3,Read Holding Registers,6183,3840,31515,0.051
2026-09-13 05:52:13.564,1,3,Read Holding Registers,1200,5,7813,0.06
2026-09-13 05:52:13.598,1,3,Read Holding Registers,2560,0,46628,0.034
2026-09-13 05:52:14.996,1,3,Read Holding Registers,1260,12,2693,0.476
2026-09-13 05:52:15.047,1,3,Read Holding Registers,6183,3840,31515,0.051
2026-09-13 05:52:17.064,1,3,Read Holding Registers,1200,5,7813,0.06
2026-09-13 05:52:17.098,1,3,Read Holding Registers,2560,0,46628,0.034
2026-09-13 05:52:18.496,1,3,Read Holding Registers,1260,12,2693,0.476
2026-09-13 05:52:18.547,1,3,Read Holding Registers,6183,3840,31515,0.051
2026-09-13 05:52:20.564,1,3,Read Holding Registers,1200,5,7813,0.06
2026-09-13 05:52:20.598,1,3,Read Holding Registers,2560,0,46628,0.034
2026-09-13 05:52:21.996,1,3,Read Holding Registers,1260,12,2693,0.475
2026-09-13 05:52:22.047,1,3,Read Holding Registers,6183,3840,31515,0.051
2026-09-13 05:52:24.064,1,3,Read Holding Registers,1200,5,7813,0.06
2026-09-13 05:52:24.098,1,3,Read Holding Registers,2560,0,46628,0.034
2026-09-13 05:52:25.496,1,3,Read Holding Registers,1260,12,2693,0.475
2026-09-13 05:52:25.547,1,3,Read Holding Registers,6183,3840,31515,0.051
2026-09-13 05:52:27.564,1,3,Read Holding Registers,1200,5,7813,0.06
2026-09-13 05:52:27.598,1,3,Read Holding Registers,2560,0,46628,0.034
2026-09-13 05:52:28.996,1,3,Read Holding Registers,1260,12,2693,0.475
2026-09-13 05:52:29.047,1,3,Read Holding Registers,6183,3840,31515,0.051
2026-09-13 05:52:31.064,1,3,Read Holding Registers,1200,5,7813,0.06
2026-09-13 05:52:31.098,1,3,Read Holding Registers,2560,0,46628,0.034
2026-09-13 05:52:32.496,1,3,Read Holding Registers,1260,12,2693,0.475
2026-09-13 05:52:32.547,1,3,Read Holding Registers,6183,3840,31515,0.051
2026-09-13 05:52:34.564,1,3,Read Holding Registers,1200,5,7813,0.06
2026-09-13 05:52:34.598,1,3,Read Holding Registers,2560,0,46628,0.034
2026-09-13 05:52:35.996,1,3,Read Holding Registers,1260,12,2693,0.475
2026-09-13 05:52:36.047,1,3,Read Holding Registers,6183,3840,31515,0.051
2026-09-13 05:52:38.064,1,3,Read Holding Registers,1200,5,7813,0.06
2026-09-13 05:52:38.098,1,3,Read Holding Registers,2560,0,46628,0.034
2026-09-13 05:52:39.496,1,3,Read Holding Registers,1260,12,2693,0.475
2026-09-13 05:52:39.547,1,3,Read Holding Registers,6183,3840,31515,0.051
2026-09-13 05:52:41.564,1,3,Read Holding Registers,1200,5,7813,0.06
2026-09-13 05:52:41.598,1,3,Read Holding Registers,2560,0,46628,0.034
2026-09-13 05:52:42.996,1,3,Read Holding Registers,1260,12,2693,0.475
2026-09-13 05:52:43.047,1,3,Read Holding Registers,6183,3840,31515,0.051
2026-09-13 05:52:45.064,1,3,Read Holding Registers,1200,5,7813,0.06
2026-09-13 05:52:45.098,1,3,Read Holding Registers,2560,0,46628,0.034
2026-09-13 05:52:46.496,1,3,Read Holding Registers,1260,12,2693,0.475
2026-09-13 05:52:46.547,1,3,Read Holding Registers,6183,3840,31515,0.051
2026-09-13 05:52:48.565,1,3,Read Holding Registers,1200,5,7813,0.061
2026-09-13 05:52:48.598,1,3,Read Holding Registers,2560,0,46628,0.033
2026-09-13 05:52:49.996,1,3,Read Holding Registers,1260,12,2693,0.475
2026-09-13 05:52:50.047,1,3,Read Holding Registers,6183,3840,31515,0.051
2026-09-13 05:52:52.065,1,3,Read Holding Registers,1200,5,7813,0.061
2026-09-13 05:52:52.098,1,3,Read Holding Registers,2560,0,46628,0.033
2026-09-13 05:52:53.496,1,3,Read Holding Registers,1260,12,2693,0.475
2026-09-13 05:52:53.547,1,3,Read Holding Registers,6183,3840,25454,0.051
2026-09-13 05:52:55.565,1,3,Read Holding Registers,1200,5,7813,0.06
2026-09-13 05:52:55.599,1,3,Read Holding Registers,2560,0,46628,0.034
2026-09-13 05:52:56.997,1,3,Read Holding Registers,1260,12,2693,0.476
2026-09-13 05:52:57.047,1,3,Read Holding Registers,6183,3840,25454,0.05
2026-09-13 05:52:59.065,1,3,Read Holding Registers,1200,5,7813,0.06
2026-09-13 05:52:59.099,1,3,Read Holding Registers,2560,0,46628,0.034
2026-09-13 05:53:00.497,1,3,Read Holding Registers,1260,12,2693,0.476
2026-09-13 05:53:00.547,1,3,Read Holding Registers,6183,3840,25454,0.05
2026-09-13 05:53:02.565,1,3,Read Holding Registers,1200,5,7813,0.06
2026-09-13 05:53:02.599,1,3,Read Holding Registers,2560,0,46628,0.034
2026-09-13 05:53:03.997,1,3,Read Holding Registers,1260,12,2693,0.476
2026-09-13 05:53:04.048,1,3,Read Holding Registers,6183,3840,25454,0.051
2026-09-13 05:53:06.065,1,3,Read Holding Registers,1200,5,7813,0.06
2026-09-13 05:53:06.099,1,3,Read Holding Registers,2560,0,46628,0.034
2026-09-13 05:53:07.497,1,3,Read Holding Registers,1260,12,2693,0.476
2026-09-13 05:53:07.548,1,3,Read Holding Registers,6183,3840,25454,0.051
2026-09-13 05:53:09.565,1,3,Read Holding Registers,1200,5,7813,0.06
2026-09-13 05:53:09.599,1,3,Read Holding Registers,2560,0,46628,0.034
2026-09-13 05:53:10.997,1,3,Read Holding Registers,1260,12,2693,0.475
2026-09-13 05:53:11.048,1,3,Read Holding Registers,6183,3840,25454,0.051
2026-09-13 05:53:13.065,1,3,Read Holding Registers,1200,5,7813,0.06
2026-09-13 05:53:13.099,1,3,Read Holding Registers,2560,0,46628,0.034
2026-09-13 05:53:14.497,1,3,Read Holding Registers,1260,12,2693,0.475
2026-09-13 05:53:14.548,1,3,Read Holding Registers,6183,3840,25454,0.051
2026-09-13 05:53:16.565,1,3,Read Holding Registers,1200,5,7813,0.06
2026-09-13 05:53:16.599,1,3,Read Holding Registers,2560,0,46628,0.034
2026-09-13 05:53:17.997,1,3,Read Holding Registers,1260,12,2693,0.475
2026-09-13 05:53:18.048,1,3,Read Holding Registers,6183,3840,25454,0.051
2026-09-13 05:53:20.065,1,3,Read Holding Registers,1200,5,7813,0.06
2026-09-13 05:53:20.099,1,3,Read Holding Registers,2560,0,46628,0.034
2026-09-13 05:53:21.497,1,3,Read Holding Registers,1260,12,2693,0.475
2026-09-13 05:53:21.548,1,3,Read Holding Registers,6183,3840,25454,0.051
2026-09-13 05:53:23.565,1,3,Read Holding Registers,1200,5,7813,0.06
2026-09-13 05:53:23.599,1,3,Read Holding Registers,2560,0,46628,0.034
2026-09-13 05:53:24.997,1,3,Read Holding Registers,1260,12,2693,0.475
2026-09-13 05:53:25.048,1,3,Read Holding Registers,6183,3840,21320,0.051
2026-09-13 05:53:27.065,1,3,Read Holding Registers,1200,5,7813,0.06
2026-09-13 05:53:27.099,1,3,Read Holding Registers,2560,0,46628,0.034
2026-09-13 05:53:28.497,1,3,Read Holding Registers,1260,12,2693,0.475
2026-09-13 05:53:28.548,1,3,Read Holding Registers,6183,3840,21320,0.051
2026-09-13 05:53:30.565,1,3,Read Holding Registers,1200,5,7813,0.06
2026-09-13 05:53:30.599,1,3,Read Holding Registers,2560,0,46628,0.034
2026-09-13 05:53:31.997,1,3,Read Holding Registers,1260,12,2693,0.475
2026-09-13 05:53:32.048,1,3,Read Holding Registers,6183,3840,21320,0.051
2026-09-13 05:53:34.065,1,3,Read Holding Registers,1200,5,7813,0.06
2026-09-13 05:53:34.099,1,3,Read Holding Registers,2560,0,46628,0.034
2026-09-13 05:53:35.497,1,3,Read Holding Registers,1260,12,2693,0.475
2026-09-13 05:53:35.548,1,3,Read Holding Registers,6183,3840,21320,0.051
2026-09-13 05:53:37.565,1,3,Read Holding Registers,1200,5,7813,0.06
2026-09-13 05:53:37.599,1,3,Read Holding Registers,2560,0,46628,0.034
2026-09-13 05:53:38.997,1,3,Read Holding Registers,1260,12,2693,0.475
2026-09-13 05:53:39.048,1,3,Read Holding Registers,6183,3840,21320,0.051
2026-09-13 05:53:41.066,1,3,Read Holding Registers,1200,5,7813,0.061
2026-09-13 05:53:41.100,1,3,Read Holding Registers,2560,0,46628,0.034
2026-09-13 05:53:42.497,1,3,Read Holding Registers,1260,12,2693,0.475
2026-09-13 05:53:42.548,1,3,Read Holding Registers,6183,3840,21976,0.051
2026-09-13 05:53:44.566,1,3,Read Holding Registers,1200,5,7813,0.061
2026-09-13 05:53:44.600,1,3,Read Holding Registers,2560,0,46628,0.034
2026-09-13 05:53:45.997,1,3,Read Holding Registers,1260,12,2693,0.475
2026-09-13 05:53:46.048,1,3,Read Holding Registers,6183,3840,21976,0.051
2026-09-13 05:53:48.066,1,3,Read Holding Registers,1200,5,7813,0.06
2026-09-13 05:53:48.100,1,3,Read Holding Registers,2560,0,46628,0.034
2026-09-13 05:53:49.498,1,3,Read Holding Registers,1260,12,2693,0.476
2026-09-13 05:53:49.548,1,3,Read Holding Registers,6183,3840,21976,0.05
2026-09-13 05:53:51.566,1,3,Read Holding Registers,1200,5,7813,0.06
2026-09-13 05:53:51.600,1,3,Read Holding Registers,2560,0,46628,0.034
2026-09-13 05:53:52.998,1,3,Read Holding Registers,1260,12,2693,0.476
2026-09-13 05:53:53.048,1,3,Read Holding Registers,6183,3840,21976,0.05
2026-09-13 05:53:55.066,1,3,Read Holding Registers,1200,5,7813,0.06
2026-09-13 05:53:55.100,1,3,Read Holding Registers,2560,0,46628,0.034
2026-09-13 05:53:56.498,1,3,Read Holding Registers,1260,12,2693,0.476
2026-09-13 05:53:56.549,1,3,Read Holding Registers,6183,3840,21976,0.051
2026-09-13 05:53:58.566,1,3,Read Holding Registers,1200,5,7813,0.06
2026-09-13 05:53:58.600,1,3,Read Holding Registers,2560,0,46628,0.034
2026-09-13 05:53:59.998,1,3,Read Holding Registers,1260,12,2693,0.475
2026-09-13 05:54:00.049,1,3,Read Holding Registers,6183,3840,13761,0.051
2026-09-13 05:54:02.066,1,3,Read Holding Registers,1200,5,7813,0.06
2026-09-13 05:54:02.100,1,3,Read Holding Registers,2560,0,46628,0.034
2026-09-13 05:54:03.498,1,3,Read Holding Registers,1260,12,2693,0.475
2026-09-13 05:54:03.549,1,3,Read Holding Registers,6183,3840,13761,0.051
2026-09-13 05:54:05.566,1,3,Read Holding Registers,1200,5,7813,0.06
2026-09-13 05:54:05.600,1,3,Read Holding Registers,2560,0,46628,0.034
2026-09-13 05:54:06.998,1,3,Read Holding Registers,1260,12,2693,0.475
2026-09-13 05:54:07.049,1,3,Read Holding Registers,6183,3840,13761,0.051
2026-09-13 05:54:09.066,1,3,Read Holding Registers,1200,5,7813,0.06
2026-09-13 05:54:09.100,1,3,Read Holding Registers,2560,0,46628,0.034
2026-09-13 05:54:10.498,1,3,Read Holding Registers,1260,12,2693,0.475
2026-09-13 05:54:10.549,1,3,Read Holding Registers,6183,3840,13761,0.051
2026-09-13 05:54:12.566,1,3,Read Holding Registers,1200,5,7813,0.06
2026-09-13 05:54:12.600,1,3,Read Holding Registers,2560,0,46628,0.034
2026-09-13 05:54:13.998,1,3,Read Holding Registers,1260,12,2693,0.475
2026-09-13 05:54:14.049,1,3,Read Holding Registers,6183,3840,13761,0.051
2026-09-13 05:54:16.066,1,3,Read Holding Registers,1200,5,7813,0.06
2026-09-13 05:54:16.100,1,3,Read Holding Registers,2560,0,46628,0.034
2026-09-13 05:54:17.816,1,3,Read Holding Registers,1260,12,2693,0.475
2026-09-13 05:54:17.867,1,3,Read Holding Registers,6183,3840,13761,0.051
2026-09-13 05:54:19.884,1,3,Read Holding Registers,1200,5,7813,0.06
2026-09-13 05:54:19.918,1,3,Read Holding Registers,2560,0,46628,0.034
2026-09-13 05:54:21.316,1,3,Read Holding Registers,1260,12,2693,0.475
2026-09-13 05:54:21.367,1,3,Read Holding Registers,6183,3840,13761,0.051
2026-09-13 05:54:23.384,1,3,Read Holding Registers,1200,5,7813,0.06
2026-09-13 05:54:23.418,1,3,Read Holding Registers,2560,0,46628,0.034
2026-09-13 05:54:24.816,1,3,Read Holding Registers,1260,12,2693,0.475
2026-09-13 05:54:24.867,1,3,Read Holding Registers,6183,3840,13761,0.051
2026-09-13 05:54:26.884,1,3,Read Holding Registers,1200,5,7813,0.06
2026-09-13 05:54:26.918,1,3,Read Holding Registers,2560,0,46628,0.034
2026-09-13 05:54:28.316,1,3,Read Holding Registers,1260,12,2693,0.475
2026-09-13 05:54:28.367,1,3,Read Holding Registers,6183,3840,13761,0.051
2026-09-13 05:54:30.384,1,3,Read Holding Registers,1200,5,7813,0.06
2026-09-13 05:54:30.418,1,3,Read Holding Registers,2560,0,46628,0.034
2026-09-13 05:54:31.816,1,3,Read Holding Registers,1260,12,2693,0.475
2026-09-13 05:54:31.867,1,3,Read Holding Registers,6183,3840,13761,0.051
2026-09-13 05:54:33.884,1,3,Read Holding Registers,1200,5,7813,0.06
2026-09-13 05:54:33.918,1,3,Read Holding Registers,2560,0,46628,0.034
2026-09-13 05:54:35.316,1,3,Read Holding Registers,1260,12,2693,0.475
2026-09-13 05:54:35.367,1,3,Read Holding Registers,6183,3840,13761,0.051
2026-09-13 05:54:37.385,1,3,Read Holding Registers,1200,5,7813,0.06
2026-09-13 05:54:37.418,1,3,Read Holding Registers,2560,0,46628,0.033
2026-09-13 05:54:38.816,1,3,Read Holding Registers,1260,12,2693,0.475
2026-09-13 05:54:38.867,1,3,Read Holding Registers,6183,3840,13761,0.051
2026-09-13 05:54:40.885,1,3,Read Holding Registers,1200,5,7813,0.06
2026-09-13 05:54:40.919,1,3,Read Holding Registers,2560,0,46628,0.034
2026-09-13 05:54:42.317,1,3,Read Holding Registers,1260,12,2693,0.476
2026-09-13 05:54:42.367,1,3,Read Holding Registers,6183,3840,13761,0.05
2026-09-13 05:54:44.385,1,3,Read Holding Registers,1200,5,7813,0.06
2026-09-13 05:54:44.419,1,3,Read Holding Registers,2560,0,46628,0.034
2026-09-13 05:54:45.817,1,3,Read Holding Registers,1260,12,2693,0.476
2026-09-13 05:54:45.867,1,3,Read Holding Registers,6183,3840,13761,0.05
2026-09-13 05:54:47.885,1,3,Read Holding Registers,1200,5,7813,0.06
2026-09-13 05:54:47.919,1,3,Read Holding Registers,2560,0,46628,0.034
2026-09-13 05:54:49.317,1,3,Read Holding Registers,1260,12,2693,0.476
2026-09-13 05:54:49.368,1,3,Read Holding Registers,6183,3840,13761,0.051
2026-09-13 05:54:51.385,1,3,Read Holding Registers,1200,5,7813,0.06
2026-09-13 05:54:51.419,1,3,Read Holding Registers,2560,0,46628,0.034
2026-09-13 05:54:52.817,1,3,Read Holding Registers,1260,12,2693,0.476
2026-09-13 05:54:52.868,1,3,Read Holding Registers,6183,3840,13761,0.051
2026-09-13 05:54:54.885,1,3,Read Holding Registers,1200,5,7813,0.06
2026-09-13 05:54:54.919,1,3,Read Holding Registers,2560,0,46628,0.034
2026-09-13 05:54:56.317,1,3,Read Holding Registers,1260,12,2693,0.475
2026-09-13 05:54:56.368,1,3,Read Holding Registers,6183,3840,13761,0.051
2026-09-13 05:54:58.385,1,3,Read Holding Registers,1200,5,7813,0.06
2026-09-13 05:54:58.419,1,3,Read Holding Registers,2560,0,46628,0.034
2026-09-13 05:54:59.817,1,3,Read Holding Registers,1260,12,2693,0.475
2026-09-13 05:54:59.868,1,3,Read Holding Registers,6183,3840,13761,0.051
2026-09-13 05:55:01.885,1,3,Read Holding Registers,1200,5,7813,0.06
2026-09-13 05:55:01.919,1,3,Read Holding Registers,2560,0,46628,0.034
2026-09-13 05:55:03.317,1,3,Read Holding Registers,1260,12,2693,0.475
2026-09-13 05:55:03.368,1,3,Read Holding Registers,6183,3840,12190,0.051
2026-09-13 05:55:05.385,1,3,Read Holding Registers,1200,5,7813,0.06
2026-09-13 05:55:05.419,1,3,Read Holding Registers,2560,0,46628,0.034
2026-09-13 05:55:06.817,1,3,Read Holding Registers,1260,12,2693,0.475
2026-09-13 05:55:06.868,1,3,Read Holding Registers,6183,3840,12190,0.051
2026-09-13 05:55:08.885,1,3,Read Holding Registers,1200,5,7813,0.06
2026-09-13 05:55:08.919,1,3,Read Holding Registers,2560,0,46628,0.034
2026-09-13 05:55:10.317,1,3,Read Holding Registers,1260,12,2693,0.475
2026-09-13 05:55:10.368,1,3,Read Holding Registers,6183,3840,12190,0.051
2026-09-13 05:55:12.385,1,3,Read Holding Registers,1200,5,7813,0.06
2026-09-13 05:55:12.419,1,3,Read Holding Registers,2560,0,46628,0.034
2026-09-13 05:55:13.817,1,3,Read Holding Registers,1260,12,2693,0.475
2026-09-13 05:55:13.868,1,3,Read Holding Registers,6183,3840,12190,0.051
2026-09-13 05:55:15.885,1,3,Read Holding Registers,1200,5,7813,0.06
2026-09-13 05:55:15.919,1,3,Read Holding Registers,2560,0,46628,0.034
2026-09-13 05:55:17.317,1,3,Read Holding Registers,1260,12,2693,0.475
2026-09-13 05:55:17.368,1,3,Read Holding Registers,6183,3840,12190,0.051
2026-09-13 05:55:19.385,1,3,Read Holding Registers,1200,5,7813,0.06
2026-09-13 05:55:19.419,1,3,Read Holding Registers,2560,0,46628,0.034
2026-09-13 05:55:20.817,1,3,Read Holding Registers,1260,12,2693,0.475
2026-09-13 05:55:20.868,1,3,Read Holding Registers,6183,3840,29668,0.051
2026-09-13 05:55:22.886,1,3,Read Holding Registers,1200,5,7813,0.061
2026-09-13 05:55:22.919,1,3,Read Holding Registers,2560,0,46628,0.033
2026-09-13 05:55:24.317,1,3,Read Holding Registers,1260,12,2693,0.475
2026-09-13 05:55:24.368,1,3,Read Holding Registers,6183,3840,29668,0.051
2026-09-13 05:55:26.386,1,3,Read Holding Registers,1200,5,7813,0.061
2026-09-13 05:55:26.419,1,3,Read Holding Registers,2560,0,46628,0.033
2026-09-13 05:55:27.817,1,3,Read Holding Registers,1260,12,2693,0.475
2026-09-13 05:55:27.868,1,3,Read Holding Registers,6183,3840,29668,0.051
2026-09-13 05:55:29.886,1,3,Read Holding Registers,1200,5,7813,0.06
2026-09-13 05:55:29.920,1,3,Read Holding Registers,2560,0,46628,0.034
2026-09-13 05:55:31.318,1,3,Read Holding Registers,1260,12,2693,0.476
2026-09-13 05:55:31.368,1,3,Read Holding Registers,6183,3840,29668,0.05
2026-09-13 05:55:33.386,1,3,Read Holding Registers,1200,5,7813,0.06
2026-09-13 05:55:33.420,1,3,Read Holding Registers,2560,0,46628,0.034
2026-09-13 05:55:34.818,1,3,Read Holding Registers,1260,12,2693,0.476
2026-09-13 05:55:34.868,1,3,Read Holding Registers,6183,3840,29668,0.05
2026-09-13 05:55:36.886,1,3,Read Holding Registers,1200,5,7813,0.06
2026-09-13 05:55:36.920,1,3,Read Holding Registers,2560,0,46628,0.034
2026-09-13 05:55:38.318,1,3,Read Holding Registers,1260,12,2693,0.476
2026-09-13 05:55:38.368,1,3,Read Holding Registers,6183,3840,29668,0.05
2026-09-13 05:55:40.386,1,3,Read Holding Registers,1200,5,7813,0.06
2026-09-13 05:55:40.420,1,3,Read Holding Registers,2560,0,46628,0.034
2026-09-13 05:55:41.818,1,3,Read Holding Registers,1260,12,2693,0.476
2026-09-13 05:55:41.869,1,3,Read Holding Registers,6183,3840,29480,0.051
2026-09-13 05:55:43.886,1,3,Read Holding Registers,1200,5,7813,0.06
2026-09-13 05:55:43.920,1,3,Read Holding Registers,2560,0,46628,0.034
2026-09-13 05:55:45.318,1,3,Read Holding Registers,1260,12,2693,0.475
2026-09-13 05:55:45.369,1,3,Read Holding Registers,6183,3840,29480,0.051
2026-09-13 05:55:47.386,1,3,Read Holding Registers,1200,5,7813,0.06
2026-09-13 05:55:47.420,1,3,Read Holding Registers,2560,0,46628,0.034
2026-09-13 05:55:48.818,1,3,Read Holding Registers,1260,12,2693,0.475
2026-09-13 05:55:48.869,1,3,Read Holding Registers,6183,3840,29480,0.051
2026-09-13 05:55:50.886,1,3,Read Holding Registers,1200,5,7813,0.06
2026-09-13 05:55:50.920,1,3,Read Holding Registers,2560,0,46628,0.034
2026-09-13 05:55:52.318,1,3,Read Holding Registers,1260,12,2693,0.475
2026-09-13 05:55:52.369,1,3,Read Holding Registers,6183,3840,29480,0.051
2026-09-13 05:55:54.386,1,3,Read Holding Registers,1200,5,7813,0.06
2026-09-13 05:55:54.420,1,3,Read Holding Registers,2560,0,46628,0.034
2026-09-13 05:55:55.818,1,3,Read Holding Registers,1260,12,2693,0.475
2026-09-13 05:55:55.869,1,3,Read Holding Registers,6183,3840,29480,0.051
2026-09-13 05:55:57.886,1,3,Read Holding Registers,1200,5,7813,0.06
2026-09-13 05:55:57.920,1,3,Read Holding Registers,2560,0,46628,0.034
2026-09-13 05:55:59.318,1,3,Read Holding Registers,1260,12,2693,0.475
2026-09-13 05:55:59.369,1,3,Read Holding Registers,6183,3840,29480,0.051
2026-09-13 05:56:01.386,1,3,Read Holding Registers,1200,5,7813,0.06
2026-09-13 05:56:01.420,1,3,Read Holding Registers,2560,0,46628,0.034
2026-09-13 05:56:02.818,1,3,Read Holding Registers,1260,12,2693,0.475
2026-09-13 05:56:02.869,1,3,Read Holding Registers,6183,3840,29480,0.051
2026-09-13 05:56:04.886,1,3,Read Holding Registers,1200,5,7813,0.06
2026-09-13 05:56:04.920,1,3,Read Holding Registers,2560,0,46628,0.034
2026-09-13 05:56:06.318,1,3,Read Holding Registers,1260,12,2693,0.475
2026-09-13 05:56:06.369,1,3,Read Holding Registers,6183,3840,32797,0.051
2026-09-13 05:56:08.387,1,3,Read Holding Registers,1200,5,7813,0.061
2026-09-13 05:56:08.421,1,3,Read Holding Registers,2560,0,46628,0.034
2026-09-13 05:56:09.818,1,3,Read Holding Registers,1260,12,2693,0.475
2026-09-13 05:56:09.869,1,3,Read Holding Registers,6183,3840,32797,0.051
2026-09-13 05:56:11.886,1,3,Read Holding Registers,1200,5,7813,0.06
2026-09-13 05:56:11.920,1,3,Read Holding Registers,2560,0,46628,0.034
2026-09-13 05:56:13.318,1,3,Read Holding Registers,1260,12,2693,0.475
2026-09-13 05:56:13.369,1,3,Read Holding Registers,6183,3840,32797,0.051
2026-09-13 05:56:15.387,1,3,Read Holding Registers,1200,5,7813,0.061
2026-09-13 05:56:15.420,1,3,Read Holding Registers,2560,0,46628,0.033
2026-09-13 05:56:16.818,1,3,Read Holding Registers,1260,12,2693,0.475
2026-09-13 05:56:16.869,1,3,Read Holding Registers,6183,3840,32797,0.051
2026-09-13 05:56:18.887,1,3,Read Holding Registers,1200,5,7813,0.061
2026-09-13 05:56:18.920,1,3,Read Holding Registers,2560,0,46628,0.033
2026-09-13 05:56:20.318,1,3,Read Holding Registers,1260,12,2693,0.475
2026-09-13 05:56:20.369,1,3,Read Holding Registers,6183,3840,32797,0.051
2026-09-13 05:56:22.387,1,3,Read Holding Registers,1200,5,7813,0.06
2026-09-13 05:56:22.421,1,3,Read Holding Registers,2560,0,46628,0.034
2026-09-13 05:56:23.819,1,3,Read Holding Registers,1260,12,2693,0.476
2026-09-13 05:56:23.869,1,3,Read Holding Registers,6183,3840,17180,0.05
2026-09-13 05:56:25.887,1,3,Read Holding Registers,1200,5,7813,0.06
2026-09-13 05:56:25.921,1,3,Read Holding Registers,2560,0,46628,0.034
2026-09-13 05:56:27.319,1,3,Read Holding Registers,1260,12,2693,0.476
2026-09-13 05:56:27.370,1,3,Read Holding Registers,6183,3840,17180,0.051
2026-09-13 05:56:29.387,1,3,Read Holding Registers,1200,5,7813,0.06
2026-09-13 05:56:29.421,1,3,Read Holding Registers,2560,0,46628,0.034
2026-09-13 05:56:30.819,1,3,Read Holding Registers,1260,12,2693,0.476
2026-09-13 05:56:30.870,1,3,Read Holding Registers,6183,3840,17180,0.051
2026-09-13 05:56:32.887,1,3,Read Holding Registers,1200,5,7813,0.06
2026-09-13 05:56:32.921,1,3,Read Holding Registers,2560,0,46628,0.034
2026-09-13 05:56:34.319,1,3,Read Holding Registers,1260,12,2693,0.476
2026-09-13 05:56:34.370,1,3,Read Holding Registers,6183,3840,17180,0.051
2026-09-13 05:56:36.387,1,3,Read Holding Registers,1200,5,7813,0.06
2026-09-13 05:56:36.421,1,3,Read Holding Registers,2560,0,46628,0.034
2026-09-13 05:56:37.819,1,3,Read Holding Registers,1260,12,2693,0.475
2026-09-13 05:56:37.870,1,3,Read Holding Registers,6183,3840,17180,0.051
2026-09-13 05:56:39.887,1,3,Read Holding Registers,1200,5,7813,0.06
2026-09-13 05:56:39.921,1,3,Read Holding Registers,2560,0,46628,0.034
2026-09-13 05:56:41.319,1,3,Read Holding Registers,1260,12,2693,0.475
2026-09-13 05:56:41.370,1,3,Read Holding Registers,6183,3840,17180,0.051
2026-09-13 05:56:43.387,1,3,Read Holding Registers,1200,5,7813,0.06
2026-09-13 05:56:43.421,1,3,Read Holding Registers,2560,0,46628,0.034
2026-09-13 05:56:44.819,1,3,Read Holding Registers,1260,12,2693,0.475
2026-09-13 05:56:44.870,1,3,Read Holding Registers,6183,3840,17180,0.051
2026-09-13 05:56:46.887,1,3,Read Holding Registers,1200,5,7813,0.06
2026-09-13 05:56:46.921,1,3,Read Holding Registers,2560,0,46628,0.034
2026-09-13 05:56:48.319,1,3,Read Holding Registers,1260,12,2693,0.475
2026-09-13 05:56:48.370,1,3,Read Holding Registers,6183,3840,18503,0.051
2026-09-13 05:56:50.387,1,3,Read Holding Registers,1200,5,7813,0.06
2026-09-13 05:56:50.421,1,3,Read Holding Registers,2560,0,46628,0.034
2026-09-13 05:56:51.819,1,3,Read Holding Registers,1260,12,2693,0.475
2026-09-13 05:56:51.870,1,3,Read Holding Registers,6183,3840,18503,0.051
2026-09-13 05:56:53.887,1,3,Read Holding Registers,1200,5,7813,0.06
2026-09-13 05:56:53.921,1,3,Read Holding Registers,2560,0,46628,0.034
2026-09-13 05:56:55.319,1,3,Read Holding Registers,1260,12,2693,0.475
2026-09-13 05:56:55.370,1,3,Read Holding Registers,6183,3840,18503,0.051
2026-09-13 05:56:57.388,1,3,Read Holding Registers,1200,5,7813,0.061
2026-09-13 05:56:57.422,1,3,Read Holding Registers,2560,0,46628,0.034
2026-09-13 05:56:58.819,1,3,Read Holding Registers,1260,12,2693,0.475
2026-09-13 05:56:58.870,1,3,Read Holding Registers,6183,3840,18503,0.051
2026-09-13 05:57:00.887,1,3,Read Holding Registers,1200,5,7813,0.06
2026-09-13 05:57:00.921,1,3,Read Holding Registers,2560,0,46628,0.034
2026-09-13 05:57:02.319,1,3,Read Holding Registers,1260,12,2693,0.475
2026-09-13 05:57:02.370,1,3,Read Holding Registers,6183,3840,18503,0.051
2026-09-13 05:57:04.387,1,3,Read Holding Registers,1200,5,7813,0.06
2026-09-13 05:57:04.421,1,3,Read Holding Registers,2560,0,46628,0.034
2026-09-13 05:57:05.819,1,3,Read Holding Registers,1260,12,2693,0.475
2026-09-13 05:57:05.870,1,3,Read Holding Registers,6183,3840,18503,0.051
2026-09-13 05:57:07.888,1,3,Read Holding Registers,1200,5,7813,0.061
2026-09-13 05:57:07.921,1,3,Read Holding Registers,2560,0,46628,0.033
2026-09-13 05:57:09.319,1,3,Read Holding Registers,1260,12,2693,0.475
2026-09-13 05:57:09.370,1,3,Read Holding Registers,6183,3840,18503,0.051
2026-09-13 05:57:11.388,1,3,Read Holding Registers,1200,5,7813,0.06
2026-09-13 05:57:11.422,1,3,Read Holding Registers,2560,0,46628,0.034
2026-09-13 05:57:12.819,1,3,Read Holding Registers,1260,12,2693,0.475
2026-09-13 05:57:12.870,1,3,Read Holding Registers,6183,3840,18503,0.051
2026-09-13 05:57:14.888,1,3,Read Holding Registers,1200,5,7813,0.06
2026-09-13 05:57:14.922,1,3,Read Holding Registers,2560,0,46628,0.034
2026-09-13 05:57:16.320,1,3,Read Holding Registers,1260,12,2693,0.476
2026-09-13 05:57:16.370,1,3,Read Holding Registers,6183,3840,18503,0.05
2026-09-13 05:57:18.388,1,3,Read Holding Registers,1200,5,7813,0.06
2026-09-13 05:57:18.422,1,3,Read Holding Registers,2560,0,46628,0.034
2026-09-13 05:57:19.820,1,3,Read Holding Registers,1260,12,2693,0.476
2026-09-13 05:57:19.871,1,3,Read Holding Registers,6183,3840,18503,0.051
2026-09-13 05:57:21.888,1,3,Read Holding Registers,1200,5,7813,0.06
2026-09-13 05:57:21.922,1,3,Read Holding Registers,2560,0,46628,0.034
2026-09-13 05:57:23.320,1,3,Read Holding Registers,1260,12,2693,0.476
2026-09-13 05:57:23.371,1,3,Read Holding Registers,6183,3840,18503,0.051
2026-09-13 05:57:25.388,1,3,Read Holding Registers,1200,5,7813,0.06
2026-09-13 05:57:25.422,1,3,Read Holding Registers,2560,0,46628,0.034
2026-09-13 05:57:26.820,1,3,Read Holding Registers,1260,12,2693,0.304
2026-09-13 05:57:26.870,1,3,Read Holding Registers,6183,3840,20423,0.05
2026-09-13 05:57:28.888,1,3,Read Holding Registers,1200,5,7813,0.06
2026-09-13 05:57:28.922,1,3,Read Holding Registers,2560,0,46628,0.034
2026-09-13 05:57:30.320,1,3,Read Holding Registers,1260,12,2693,0.475
2026-09-13 05:57:30.371,1,3,Read Holding Registers,6183,3840,20423,0.051
2026-09-13 05:57:32.388,1,3,Read Holding Registers,1200,5,7813,0.06
2026-09-13 05:57:32.422,1,3,Read Holding Registers,2560,0,46628,0.034
2026-09-13 05:57:33.820,1,3,Read Holding Registers,1260,12,2693,0.475
2026-09-13 05:57:33.871,1,3,Read Holding Registers,6183,3840,20423,0.051
2026-09-13 05:57:35.888,1,3,Read Holding Registers,1200,5,7813,0.06
2026-09-13 05:57:35.922,1,3,Read Holding Registers,2560,0,46628,0.034
2026-09-13 05:57:37.320,1,3,Read Holding Registers,1260,12,2693,0.475
2026-09-13 05:57:37.371,1,3,Read Holding Registers,6183,3840,20423,0.051
2026-09-13 05:57:39.388,1,3,Read Holding Registers,1200,5,7813,0.06
2026-09-13 05:57:39.422,1,3,Read Holding Registers,2560,0,46628,0.034
2026-09-13 05:57:40.820,1,3,Read Holding Registers,1260,12,2693,0.475
2026-09-13 05:57:40.871,1,3,Read Holding Registers,6183,3840,20423,0.051
2026-09-13 05:57:42.888,1,3,Read Holding Registers,1200,5,7813,0.06
2026-09-13 05:57:42.922,1,3,Read Holding Registers,2560,0,46628,0.034
2026-09-13 05:57:44.320,1,3,Read Holding Registers,1260,12,2693,0.475
2026-09-13 05:57:44.371,1,3,Read Holding Registers,6183,3840,20423,0.051
2026-09-13 05:57:46.388,1,3,Read Holding Registers,1200,5,7813,0.06
2026-09-13 05:57:46.422,1,3,Read Holding Registers,2560,0,46628,0.034
2026-09-13 05:57:47.820,1,3,Read Holding Registers,1260,12,2693,0.096
2026-09-13 05:57:47.870,1,3,Read Holding Registers,6183,3840,20423,0.05
2026-09-13 05:57:49.888,1,3,Read Holding Registers,1200,5,7813,0.06
2026-09-13 05:57:49.922,1,3,Read Holding Registers,2560,0,46628,0.034
2026-09-13 05:57:51.320,1,3,Read Holding Registers,1260,12,2693,0.475
2026-09-13 05:57:51.371,1,3,Read Holding Registers,6183,3840,20423,0.051
2026-09-13 05:57:53.388,1,3,Read Holding Registers,1200,5,7813,0.06
2026-09-13 05:57:53.422,1,3,Read Holding Registers,2560,0,46628,0.034
2026-09-13 05:57:54.820,1,3,Read Holding Registers,1260,12,2693,0.475
2026-09-13 05:57:54.871,1,3,Read Holding Registers,6183,3840,20423,0.051
2026-09-13 05:57:56.889,1,3,Read Holding Registers,1200,5,7813,0.061
2026-09-13 05:57:56.922,1,3,Read Holding Registers,2560,0,46628,0.033
2026-09-13 05:57:58.320,1,3,Read Holding Registers,1260,12,2693,0.475
2026-09-13 05:57:58.371,1,3,Read Holding Registers,6183,3840,20423,0.051
2026-09-13 05:58:00.389,1,3,Read Holding Registers,1200,5,7813,0.061
2026-09-13 05:58:00.423,1,3,Read Holding Registers,2560,0,46628,0.034
2026-09-13 05:58:01.820,1,3,Read Holding Registers,1260,12,2693,0.475
2026-09-13 05:58:01.871,1,3,Read Holding Registers,6183,3840,20423,0.051
2026-09-13 05:58:03.889,1,3,Read Holding Registers,1200,5,7813,0.06
2026-09-13 05:58:03.923,1,3,Read Holding Registers,2560,0,46628,0.034
2026-09-13 05:58:05.321,1,3,Read Holding Registers,1260,12,2693,0.476
2026-09-13 05:58:05.371,1,3,Read Holding Registers,6183,3840,20423,0.05
2026-09-13 05:58:07.389,1,3,Read Holding Registers,1200,5,7813,0.06
2026-09-13 05:58:07.423,1,3,Read Holding Registers,2560,0,46628,0.034
2026-09-13 05:58:08.821,1,3,Read Holding Registers,1260,12,2693,0.476
2026-09-13 05:58:08.872,1,3,Read Holding Registers,6183,3840,20423,0.051
2026-09-13 05:58:10.889,1,3,Read Holding Registers,1200,5,7813,0.06
2026-09-13 05:58:10.923,1,3,Read Holding Registers,2560,0,46628,0.034
2026-09-13 05:58:12.321,1,3,Read Holding Registers,1260,12,2693,0.476
2026-09-13 05:58:12.372,1,3,Read Holding Registers,6183,3840,20423,0.051
2026-09-13 05:58:14.389,1,3,Read Holding Registers,1200,5,7813,0.06
2026-09-13 05:58:14.423,1,3,Read Holding Registers,2560,0,46628,0.034
2026-09-13 05:58:15.821,1,3,Read Holding Registers,1260,12,2693,0.476
2026-09-13 05:58:15.872,1,3,Read Holding Registers,6183,3840,20423,0.051
2026-09-13 05:58:17.889,1,3,Read Holding Registers,1200,5,7813,0.06
2026-09-13 05:58:17.923,1,3,Read Holding Registers,2560,0,46628,0.034
2026-09-13 05:58:19.321,1,3,Read Holding Registers,1260,12,2693,0.475
2026-09-13 05:58:19.372,1,3,Read Holding Registers,6183,3840,20423,0.051
2026-09-13 05:58:21.389,1,3,Read Holding Registers,1200,5,7813,0.06
2026-09-13 05:58:21.423,1,3,Read Holding Registers,2560,0,46628,0.034
2026-09-13 05:58:22.821,1,3,Read Holding Registers,1260,12,2693,0.475
2026-09-13 05:58:22.872,1,3,Read Holding Registers,6183,3840,20423,0.051
2026-09-13 05:58:24.889,1,3,Read Holding Registers,1200,5,7813,0.06
2026-09-13 05:58:24.923,1,3,Read Holding Registers,2560,0,46628,0.034
2026-09-13 05:58:26.321,1,3,Read Holding Registers,1260,12,2693,0.475
2026-09-13 05:58:26.372,1,3,Read Holding Registers,6183,3840,20423,0.051
2026-09-13 05:58:28.389,1,3,Read Holding Registers,1200,5,7813,0.06
2026-09-13 05:58:28.423,1,3,Read Holding Registers,2560,0,46628,0.034
2026-09-13 05:58:29.821,1,3,Read Holding Registers,1260,12,2693,0.475
2026-09-13 05:58:29.872,1,3,Read Holding Registers,6183,3840,20423,0.051
2026-09-13 05:58:31.938,1,3,Read Holding Registers,1200,5,7813,0.06
2026-09-13 05:58:31.972,1,3,Read Holding Registers,2560,0,46628,0.034
2026-09-13 05:58:33.370,1,3,Read Holding Registers,1260,12,2693,0.475
2026-09-13 05:58:33.421,1,3,Read Holding Registers,6183,3840,20423,0.051
2026-09-13 05:58:35.553,1,3,Read Holding Registers,1200,5,7813,0.06
2026-09-13 05:58:35.587,1,3,Read Holding Registers,2560,0,46628,0.034
2026-09-13 05:58:36.870,1,3,Read Holding Registers,1260,12,2693,0.475
2026-09-13 05:58:36.921,1,3,Read Holding Registers,6183,3840,20423,0.051
2026-09-13 05:58:38.938,1,3,Read Holding Registers,1200,5,7813,0.06
2026-09-13 05:58:38.972,1,3,Read Holding Registers,2560,0,46628,0.034
2026-09-13 05:58:40.370,1,3,Read Holding Registers,1260,12,2693,0.475
2026-09-13 05:58:40.421,1,3,Read Holding Registers,6183,3840,20423,0.051
2026-09-13 05:58:42.438,1,3,Read Holding Registers,1200,5,7813,0.06
2026-09-13 05:58:42.472,1,3,Read Holding Registers,2560,0,46628,0.034
2026-09-13 05:58:43.870,1,3,Read Holding Registers,1260,12,2693,0.475
2026-09-13 05:58:43.921,1,3,Read Holding Registers,6183,3840,20423,0.051
2026-09-13 05:58:45.939,1,3,Read Holding Registers,1200,5,7813,0.061
2026-09-13 05:58:45.972,1,3,Read Holding Registers,2560,0,46628,0.033
2026-09-13 05:58:47.370,1,3,Read Holding Registers,1260,12,2693,0.475
2026-09-13 05:58:47.421,1,3,Read Holding Registers,6183,3840,20423,0.051
2026-09-13 05:58:49.439,1,3,Read Holding Registers,1200,5,7813,0.06
2026-09-13 05:58:49.473,1,3,Read Holding Registers,2560,0,46628,0.034
2026-09-13 05:58:50.871,1,3,Read Holding Registers,1260,12,2693,0.399
2026-09-13 05:58:50.920,1,3,Read Holding Registers,6183,3840,57290,0.049
2026-09-13 05:58:52.939,1,3,Read Holding Registers,1200,5,7813,0.06
2026-09-13 05:58:52.973,1,3,Read Holding Registers,2560,0,46628,0.034
2026-09-13 05:58:54.371,1,3,Read Holding Registers,1260,12,2693,0.476
2026-09-13 05:58:54.421,1,3,Read Holding Registers,6183,3840,57290,0.05
2026-09-13 05:58:56.439,1,3,Read Holding Registers,1200,5,7813,0.06
2026-09-13 05:58:56.473,1,3,Read Holding Registers,2560,0,46628,0.034
2026-09-13 05:58:57.871,1,3,Read Holding Registers,1260,12,2693,0.475
2026-09-13 05:58:57.922,1,3,Read Holding Registers,6183,3840,57290,0.051
2026-09-13 05:58:59.939,1,3,Read Holding Registers,1200,5,7813,0.06
2026-09-13 05:58:59.973,1,3,Read Holding Registers,2560,0,46628,0.034
2026-09-13 05:59:01.371,1,3,Read Holding Registers,1260,12,2693,0.475
2026-09-13 05:59:01.422,1,3,Read Holding Registers,6183,3840,57290,0.051
2026-09-13 05:59:03.439,1,3,Read Holding Registers,1200,5,7813,0.06
2026-09-13 05:59:03.473,1,3,Read Holding Registers,2560,0,46628,0.034
2026-09-13 05:59:04.871,1,3,Read Holding Registers,1260,12,2693,0.475
2026-09-13 05:59:04.922,1,3,Read Holding Registers,6183,3840,57290,0.051
2026-09-13 05:59:06.939,1,3,Read Holding Registers,1200,5,7813,0.06
2026-09-13 05:59:06.973,1,3,Read Holding Registers,2560,0,46628,0.034
2026-09-13 05:59:08.371,1,3,Read Holding Registers,1260,12,2693,0.475
2026-09-13 05:59:08.422,1,3,Read Holding Registers,6183,3840,57290,0.051
2026-09-13 05:59:10.439,1,3,Read Holding Registers,1200,5,7813,0.06
2026-09-13 05:59:10.473,1,3,Read Holding Registers,2560,0,46628,0.034
2026-09-13 05:59:11.871,1,3,Read Holding Registers,1260,12,2693,0.475
2026-09-13 05:59:11.922,1,3,Read Holding Registers,6183,3840,57290,0.051
2026-09-13 05:59:13.939,1,3,Read Holding Registers,1200,5,7813,0.06
2026-09-13 05:59:13.973,1,3,Read Holding Registers,2560,0,46628,0.034
2026-09-13 05:59:15.371,1,3,Read Holding Registers,1260,12,2693,0.475
2026-09-13 05:59:15.422,1,3,Read Holding Registers,6183,3840,57290,0.051
2026-09-13 05:59:17.440,1,3,Read Holding Registers,1200,5,7813,0.061
2026-09-13 05:59:17.474,1,3,Read Holding Registers,2560,0,46628,0.034
2026-09-13 05:59:18.871,1,3,Read Holding Registers,1260,12,2693,0.475
2026-09-13 05:59:18.922,1,3,Read Holding Registers,6183,3840,57290,0.051
2026-09-13 05:59:20.940,1,3,Read Holding Registers,1200,5,7813,0.06
2026-09-13 05:59:20.973,1,3,Read Holding Registers,2560,0,46628,0.033
2026-09-13 05:59:22.372,1,3,Read Holding Registers,1260,12,2693,0.476
2026-09-13 05:59:22.423,1,3,Read Holding Registers,6183,3840,57290,0.051
2026-09-13 05:59:24.440,1,3,Read Holding Registers,1200,5,7813,0.06
2026-09-13 05:59:24.474,1,3,Read Holding Registers,2560,0,46628,0.034
2026-09-13 05:59:25.872,1,3,Read Holding Registers,1260,12,2693,0.476
2026-09-13 05:59:25.923,1,3,Read Holding Registers,6183,3840,57290,0.051
2026-09-13 05:59:27.940,1,3,Read Holding Registers,1200,5,7813,0.06
2026-09-13 05:59:27.974,1,3,Read Holding Registers,2560,0,46628,0.034
2026-09-13 05:59:29.372,1,3,Read Holding Registers,1260,12,2693,0.476
2026-09-13 05:59:29.423,1,3,Read Holding Registers,6183,3840,57290,0.051
2026-09-13 05:59:31.440,1,3,Read Holding Registers,1200,5,7813,0.06
2026-09-13 05:59:31.474,1,3,Read Holding Registers,2560,0,46628,0.034
2026-09-13 05:59:32.872,1,3,Read Holding Registers,1260,12,2693,0.475
2026-09-13 05:59:32.923,1,3,Read Holding Registers,6183,3840,57290,0.051
2026-09-13 05:59:34.940,1,3,Read Holding Registers,1200,5,7813,0.06
2026-09-13 05:59:34.974,1,3,Read Holding Registers,2560,0,46628,0.034
2026-09-13 05:59:36.372,1,3,Read Holding Registers,1260,12,2693,0.475
2026-09-13 05:59:36.423,1,3,Read Holding Registers,6183,3840,57290,0.051
2026-09-13 05:59:38.440,1,3,Read Holding Registers,1200,5,7813,0.06
2026-09-13 05:59:38.474,1,3,Read Holding Registers,2560,0,46628,0.034
2026-09-13 05:59:39.872,1,3,Read Holding Registers,1260,12,2693,0.475
2026-09-13 05:59:39.923,1,3,Read Holding Registers,6183,3840,57290,0.051
2026-09-13 05:59:41.940,1,3,Read Holding Registers,1200,5,7813,0.06
2026-09-13 05:59:41.974,1,3,Read Holding Registers,2560,0,46628,0.034
2026-09-13 05:59:43.372,1,3,Read Holding Registers,1260,12,2693,0.475
2026-09-13 05:59:43.423,1,3,Read Holding Registers,6183,3840,57290,0.051
2026-09-13 05:59:45.440,1,3,Read Holding Registers,1200,5,7813,0.06
2026-09-13 05:59:45.474,1,3,Read Holding Registers,2560,0,46628,0.034
2026-09-13 05:59:46.872,1,3,Read Holding Registers,1260,12,2693,0.475
2026-09-13 05:59:46.923,1,3,Read Holding Registers,6183,3840,57290,0.051
2026-09-13 05:59:48.940,1,3,Read Holding Registers,1200,5,7813,0.06
2026-09-13 05:59:48.974,1,3,Read Holding Registers,2560,0,46628,0.034
2026-09-13 05:59:50.372,1,3,Read Holding Registers,1260,12,2693,0.475
2026-09-13 05:59:50.423,1,3,Read Holding Registers,6183,3840,57290,0.051
2026-09-13 05:59:52.441,1,3,Read Holding Registers,1200,5,7813,0.06
2026-09-13 05:59:52.475,1,3,Read Holding Registers,2560,0,46628,0.034
2026-09-13 05:59:53.873,1,3,Read Holding Registers,1260,12,2693,0.476
2026-09-13 05:59:53.923,1,3,Read Holding Registers,6183,3840,57290,0.05
2026-09-13 05:59:55.941,1,3,Read Holding Registers,1200,5,7813,0.06
2026-09-13 05:59:55.975,1,3,Read Holding Registers,2560,0,46628,0.034
2026-09-13 05:59:57.373,1,3,Read Holding Registers,1260,12,2693,0.476
2026-09-13 05:59:57.423,1,3,Read Holding Registers,6183,3840,57290,0.05
2026-09-13 05:59:59.441,1,3,Read Holding Registers,1200,5,7813,0.06
2026-09-13 05:59:59.475,1,3,Read Holding Registers,2560,0,46628,0.034
2026-09-13 06:00:00.873,1,3,Read Holding Registers,1260,12,2693,0.475
2026-09-13 06:00:00.924,1,3,Read Holding Registers,6183,3840,7339,0.051
2026-09-13 06:00:02.941,1,3,Read Holding Registers,1200,5,7813,0.06
2026-09-13 06:00:02.975,1,3,Read Holding Registers,2560,0,46628,0.034
2026-09-13 06:00:04.373,1,3,Read Holding Registers,1260,12,2693,0.475
2026-09-13 06:00:04.424,1,3,Read Holding Registers,6183,3840,7339,0.051
2026-09-13 06:00:06.441,1,3,Read Holding Registers,1200,5,7813,0.06
2026-09-13 06:00:06.475,1,3,Read Holding Registers,2560,0,46628,0.034
2026-09-13 06:00:07.873,1,3,Read Holding Registers,1260,12,2693,0.475
2026-09-13 06:00:07.924,1,3,Read Holding Registers,6183,3840,7339,0.051
2026-09-13 06:00:09.941,1,3,Read Holding Registers,1200,5,7813,0.06
2026-09-13 06:00:09.975,1,3,Read Holding Registers,2560,0,46628,0.034
2026-09-13 06:00:11.373,1,3,Read Holding Registers,1260,12,2693,0.475
2026-09-13 06:00:11.424,1,3,Read Holding Registers,6183,3840,7339,0.051
2026-09-13 06:00:13.441,1,3,Read Holding Registers,1200,5,7813,0.06
2026-09-13 06:00:13.475,1,3,Read Holding Registers,2560,0,46628,0.034
2026-09-13 06:00:14.873,1,3,Read Holding Registers,1260,12,2693,0.475
2026-09-13 06:00:14.924,1,3,Read Holding Registers,6183,3840,7339,0.051
2026-09-13 06:00:16.941,1,3,Read Holding Registers,1200,5,7813,0.06
2026-09-13 06:00:16.975,1,3,Read Holding Registers,2560,0,46628,0.034
2026-09-13 06:00:18.373,1,3,Read Holding Registers,1260,12,2693,0.475
2026-09-13 06:00:18.424,1,3,Read Holding Registers,6183,3840,7339,0.051
2026-09-13 06:00:20.442,1,3,Read Holding Registers,1200,5,7813,0.061
2026-09-13 06:00:20.475,1,3,Read Holding Registers,2560,0,46628,0.033
2026-09-13 06:00:21.873,1,3,Read Holding Registers,1260,12,2693,0.475
2026-09-13 06:00:21.924,1,3,Read Holding Registers,6183,3840,4860,0.051
2026-09-13 06:00:23.942,1,3,Read Holding Registers,1200,5,7813,0.06
2026-09-13 06:00:23.975,1,3,Read Holding Registers,2560,0,46628,0.033
2026-09-13 06:00:25.373,1,3,Read Holding Registers,1260,12,2693,0.475
2026-09-13 06:00:25.424,1,3,Read Holding Registers,6183,3840,4860,0.051
2026-09-13 06:00:27.442,1,3,Read Holding Registers,1200,5,7813,0.06
2026-09-13 06:00:27.476,1,3,Read Holding Registers,2560,0,46628,0.034
2026-09-13 06:00:28.874,1,3,Read Holding Registers,1260,12,2693,0.476
2026-09-13 06:00:28.925,1,3,Read Holding Registers,6183,3840,4860,0.051
2026-09-13 06:00:30.942,1,3,Read Holding Registers,1200,5,7813,0.06
2026-09-13 06:00:30.976,1,3,Read Holding Registers,2560,0,46628,0.034
2026-09-13 06:00:32.374,1,3,Read Holding Registers,1260,12,2693,0.476
2026-09-13 06:00:32.425,1,3,Read Holding Registers,6183,3840,4860,0.051
2026-09-13 06:00:34.442,1,3,Read Holding Registers,1200,5,7813,0.06
2026-09-13 06:00:34.476,1,3,Read Holding Registers,2560,0,46628,0.034
2026-09-13 06:00:35.874,1,3,Read Holding Registers,1260,12,2693,0.352
2026-09-13 06:00:35.924,1,3,Read Holding Registers,6183,3840,4860,0.05
2026-09-13 06:00:37.942,1,3,Read Holding Registers,1200,5,7813,0.06
2026-09-13 06:00:37.976,1,3,Read Holding Registers,2560,0,46628,0.034
2026-09-13 06:00:39.374,1,3,Read Holding Registers,1260,12,2693,0.475
2026-09-13 06:00:39.425,1,3,Read Holding Registers,6183,3840,4860,0.051
2026-09-13 06:00:41.442,1,3,Read Holding Registers,1200,5,7813,0.06
2026-09-13 06:00:41.476,1,3,Read Holding Registers,2560,0,46628,0.034
2026-09-13 06:00:42.874,1,3,Read Holding Registers,1260,12,2693,0.475
2026-09-13 06:00:42.925,1,3,Read Holding Registers,6183,3840,4860,0.051
2026-09-13 06:00:44.942,1,3,Read Holding Registers,1200,5,7813,0.06
2026-09-13 06:00:44.976,1,3,Read Holding Registers,2560,0,46628,0.034
2026-09-13 06:00:46.374,1,3,Read Holding Registers,1260,12,2693,0.475
2026-09-13 06:00:46.425,1,3,Read Holding Registers,6183,3840,4860,0.051
2026-09-13 06:00:48.442,1,3,Read Holding Registers,1200,5,7813,0.06
2026-09-13 06:00:48.476,1,3,Read Holding Registers,2560,0,46628,0.034
2026-09-13 06:00:49.874,1,3,Read Holding Registers,1260,12,2693,0.475
2026-09-13 06:00:49.925,1,3,Read Holding Registers,6183,3840,4860,0.051
2026-09-13 06:00:51.942,1,3,Read Holding Registers,1200,5,7813,0.06
2026-09-13 06:00:51.976,1,3,Read Holding Registers,2560,0,46628,0.034
2026-09-13 06:00:53.374,1,3,Read Holding Registers,1260,12,2693,0.475
2026-09-13 06:00:53.425,1,3,Read Holding Registers,6183,3840,4860,0.051
2026-09-13 06:00:55.443,1,3,Read Holding Registers,1200,5,7813,0.061
2026-09-13 06:00:55.477,1,3,Read Holding Registers,2560,0,46628,0.034
2026-09-13 06:00:56.874,1,3,Read Holding Registers,1260,12,2693,0.475
2026-09-13 06:00:56.925,1,3,Read Holding Registers,6183,3840,4860,0.051
2026-09-13 06:00:58.943,1,3,Read Holding Registers,1200,5,7813,0.06
2026-09-13 06:00:58.977,1,3,Read Holding Registers,2560,0,46628,0.034
2026-09-13 06:01:00.375,1,3,Read Holding Registers,1260,12,2693,0.475
2026-09-13 06:01:00.426,1,3,Read Holding Registers,6183,3840,53821,0.051
2026-09-13 06:01:02.443,1,3,Read Holding Registers,1200,5,7813,0.06
2026-09-13 06:01:02.477,1,3,Read Holding Registers,2560,0,46628,0.034
2026-09-13 06:01:03.875,1,3,Read Holding Registers,1260,12,2693,0.476
2026-09-13 06:01:03.926,1,3,Read Holding Registers,6183,3840,53821,0.051
2026-09-13 06:01:05.943,1,3,Read Holding Registers,1200,5,7813,0.06
2026-09-13 06:01:05.977,1,3,Read Holding Registers,2560,0,46628,0.034
2026-09-13 06:01:07.375,1,3,Read Holding Registers,1260,12,2693,0.475
2026-09-13 06:01:07.426,1,3,Read Holding Registers,6183,3840,53821,0.051
2026-09-13 06:01:09.443,1,3,Read Holding Registers,1200,5,7813,0.06
2026-09-13 06:01:09.477,1,3,Read Holding Registers,2560,0,46628,0.034
2026-09-13 06:01:10.875,1,3,Read Holding Registers,1260,12,2693,0.475
2026-09-13 06:01:10.926,1,3,Read Holding Registers,6183,3840,53821,0.051
2026-09-13 06:01:12.943,1,3,Read Holding Registers,1200,5,7813,0.06
2026-09-13 06:01:12.977,1,3,Read Holding Registers,2560,0,46628,0.034
2026-09-13 06:01:14.375,1,3,Read Holding Registers,1260,12,2693,0.475
2026-09-13 06:01:14.426,1,3,Read Holding Registers,6183,3840,53821,0.051
2026-09-13 06:01:16.443,1,3,Read Holding Registers,1200,5,7813,0.06
2026-09-13 06:01:16.477,1,3,Read Holding Registers,2560,0,46628,0.034
2026-09-13 06:01:17.875,1,3,Read Holding Registers,1260,12,2693,0.475
2026-09-13 06:01:17.926,1,3,Read Holding Registers,6183,3840,53821,0.051
2026-09-13 06:01:19.943,1,3,Read Holding Registers,1200,5,7813,0.06
2026-09-13 06:01:19.977,1,3,Read Holding Registers,2560,0,46628,0.034
2026-09-13 06:01:21.375,1,3,Read Holding Registers,1260,12,2693,0.475
2026-09-13 06:01:21.426,1,3,Read Holding Registers,6183,3840,14857,0.051
2026-09-13 06:01:23.443,1,3,Read Holding Registers,1200,5,7813,0.06
2026-09-13 06:01:23.477,1,3,Read Holding Registers,2560,0,46628,0.034
2026-09-13 06:01:24.875,1,3,Read Holding Registers,1260,12,2693,0.475
2026-09-13 06:01:24.926,1,3,Read Holding Registers,6183,3840,14857,0.051
2026-09-13 06:01:26.944,1,3,Read Holding Registers,1200,5,7813,0.061
2026-09-13 06:01:26.977,1,3,Read Holding Registers,2560,0,46628,0.033
2026-09-13 06:01:28.375,1,3,Read Holding Registers,1260,12,2693,0.475
2026-09-13 06:01:28.426,1,3,Read Holding Registers,6183,3840,14857,0.051
2026-09-13 06:01:30.444,1,3,Read Holding Registers,1200,5,7813,0.06
2026-09-13 06:01:30.477,1,3,Read Holding Registers,2560,0,46628,0.033
2026-09-13 06:01:31.876,1,3,Read Holding Registers,1260,12,2693,0.476
2026-09-13 06:01:31.926,1,3,Read Holding Registers,6183,3840,14857,0.05
2026-09-13 06:01:33.944,1,3,Read Holding Registers,1200,5,7813,0.06
2026-09-13 06:01:33.978,1,3,Read Holding Registers,2560,0,46628,0.034
2026-09-13 06:01:35.376,1,3,Read Holding Registers,1260,12,2693,0.476
2026-09-13 06:01:35.426,1,3,Read Holding Registers,6183,3840,14857,0.05
2026-09-13 06:01:37.444,1,3,Read Holding Registers,1200,5,7813,0.06
2026-09-13 06:01:37.478,1,3,Read Holding Registers,2560,0,46628,0.034
2026-09-13 06:01:38.876,1,3,Read Holding Registers,1260,12,2693,0.476
2026-09-13 06:01:38.927,1,3,Read Holding Registers,6183,3840,14857,0.051
2026-09-13 06:01:40.944,1,3,Read Holding Registers,1200,5,7813,0.06
2026-09-13 06:01:40.978,1,3,Read Holding Registers,2560,0,46628,0.034
2026-09-13 06:01:42.376,1,3,Read Holding Registers,1260,12,2693,0.475
2026-09-13 06:01:42.427,1,3,Read Holding Registers,6183,3840,14857,0.051
2026-09-13 06:01:44.444,1,3,Read Holding Registers,1200,5,7813,0.06
2026-09-13 06:01:44.478,1,3,Read Holding Registers,2560,0,46628,0.034
2026-09-13 06:01:45.876,1,3,Read Holding Registers,1260,12,2693,0.475
2026-09-13 06:01:45.927,1,3,Read Holding Registers,6183,3840,14857,0.051
2026-09-13 06:01:47.944,1,3,Read Holding Registers,1200,5,7813,0.06
2026-09-13 06:01:47.978,1,3,Read Holding Registers,2560,0,46628,0.034
2026-09-13 06:01:49.376,1,3,Read Holding Registers,1260,12,2693,0.475
2026-09-13 06:01:49.427,1,3,Read Holding Registers,6183,3840,14857,0.051
2026-09-13 06:01:51.444,1,3,Read Holding Registers,1200,5,7813,0.06
2026-09-13 06:01:51.478,1,3,Read Holding Registers,2560,0,46628,0.034
2026-09-13 06:01:52.876,1,3,Read Holding Registers,1260,12,2693,0.475
2026-09-13 06:01:52.927,1,3,Read Holding Registers,6183,3840,14857,0.051
2026-09-13 06:01:54.944,1,3,Read Holding Registers,1200,5,7813,0.06
2026-09-13 06:01:54.978,1,3,Read Holding Registers,2560,0,46628,0.034
2026-09-13 06:01:56.376,1,3,Read Holding Registers,1260,12,2693,0.475
2026-09-13 06:01:56.427,1,3,Read Holding Registers,6183,3840,14857,0.051
2026-09-13 06:01:58.445,1,3,Read Holding Registers,1200,5,7813,0.061
2026-09-13 06:01:58.479,1,3,Read Holding Registers,2560,0,46628,0.034
2026-09-13 06:01:59.876,1,3,Read Holding Registers,1260,12,2693,0.475
2026-09-13 06:01:59.927,1,3,Read Holding Registers,6183,3840,14857,0.051
2026-09-13 06:02:01.945,1,3,Read Holding Registers,1200,5,7813,0.061
2026-09-13 06:02:01.978,1,3,Read Holding Registers,2560,0,46628,0.033
2026-09-13 06:02:03.376,1,3,Read Holding Registers,1260,12,2693,0.475
2026-09-13 06:02:03.427,1,3,Read Holding Registers,6183,3840,14857,0.051
2026-09-13 06:02:05.445,1,3,Read Holding Registers,1200,5,7813,0.06
2026-09-13 06:02:05.479,1,3,Read Holding Registers,2560,0,46628,0.034
2026-09-13 06:02:06.877,1,3,Read Holding Registers,1260,12,2693,0.476
2026-09-13 06:02:06.927,1,3,Read Holding Registers,6183,3840,14857,0.05
2026-09-13 06:02:08.945,1,3,Read Holding Registers,1200,5,7813,0.06
2026-09-13 06:02:08.979,1,3,Read Holding Registers,2560,0,46628,0.034
2026-09-13 06:02:10.377,1,3,Read Holding Registers,1260,12,2693,0.476
2026-09-13 06:02:10.427,1,3,Read Holding Registers,6183,3840,14857,0.05
2026-09-13 06:02:12.445,1,3,Read Holding Registers,1200,5,7813,0.06
2026-09-13 06:02:12.479,1,3,Read Holding Registers,2560,0,46628,0.034
2026-09-13 06:02:13.877,1,3,Read Holding Registers,1260,12,2693,0.475
2026-09-13 06:02:13.928,1,3,Read Holding Registers,6183,3840,14857,0.051
2026-09-13 06:02:15.945,1,3,Read Holding Registers,1200,5,7813,0.06
2026-09-13 06:02:15.979,1,3,Read Holding Registers,2560,0,46628,0.034
2026-09-13 06:02:17.377,1,3,Read Holding Registers,1260,12,2693,0.475
2026-09-13 06:02:17.428,1,3,Read Holding Registers,6183,3840,14857,0.051
2026-09-13 06:02:19.445,1,3,Read Holding Registers,1200,5,7813,0.06
2026-09-13 06:02:19.479,1,3,Read Holding Registers,2560,0,46628,0.034
2026-09-13 06:02:20.877,1,3,Read Holding Registers,1260,12,2693,0.475
2026-09-13 06:02:20.928,1,3,Read Holding Registers,6183,3840,63173,0.051
2026-09-13 06:02:22.945,1,3,Read Holding Registers,1200,5,7813,0.06
2026-09-13 06:02:22.979,1,3,Read Holding Registers,2560,0,46628,0.034
2026-09-13 06:02:24.377,1,3,Read Holding Registers,1260,12,2693,0.475
2026-09-13 06:02:24.428,1,3,Read Holding Registers,6183,3840,63173,0.051
2026-09-13 06:02:26.445,1,3,Read Holding Registers,1200,5,7813,0.06
2026-09-13 06:02:26.479,1,3,Read Holding Registers,2560,0,46628,0.034
2026-09-13 06:02:27.877,1,3,Read Holding Registers,1260,12,2693,0.475
2026-09-13 06:02:27.928,1,3,Read Holding Registers,6183,3840,63173,0.051
2026-09-13 06:02:29.945,1,3,Read Holding Registers,1200,5,7813,0.06
2026-09-13 06:02:29.979,1,3,Read Holding Registers,2560,0,46628,0.034
2026-09-13 06:02:31.377,1,3,Read Holding Registers,1260,12,2693,0.475
2026-09-13 06:02:31.428,1,3,Read Holding Registers,6183,3840,63173,0.051
2026-09-13 06:02:33.445,1,3,Read Holding Registers,1200,5,7813,0.06
2026-09-13 06:02:33.479,1,3,Read Holding Registers,2560,0,46628,0.034
2026-09-13 06:02:34.877,1,3,Read Holding Registers,1260,12,2693,0.475
2026-09-13 06:02:34.928,1,3,Read Holding Registers,6183,3840,63173,0.051
2026-09-13 06:02:36.946,1,3,Read Holding Registers,1200,5,7813,0.061
2026-09-13 06:02:36.980,1,3,Read Holding Registers,2560,0,46628,0.034
2026-09-13 06:02:38.378,1,3,Read Holding Registers,1260,12,2693,0.476
2026-09-13 06:02:38.428,1,3,Read Holding Registers,6183,3840,63173,0.05
2026-09-13 06:02:40.446,1,3,Read Holding Registers,1200,5,7813,0.06
2026-09-13 06:02:40.480,1,3,Read Holding Registers,2560,0,46628,0.034
2026-09-13 06:02:41.878,1,3,Read Holding Registers,1260,12,2693,0.476
2026-09-13 06:02:41.928,1,3,Read Holding Registers,6183,3840,63173,0.05
2026-09-13 06:02:43.946,1,3,Read Holding Registers,1200,5,7813,0.06
2026-09-13 06:02:43.980,1,3,Read Holding Registers,2560,0,46628,0.034
2026-09-13 06:02:45.378,1,3,Read Holding Registers,1260,12,2693,0.476
2026-09-13 06:02:45.429,1,3,Read Holding Registers,6183,3840,63173,0.051
2026-09-13 06:02:47.446,1,3,Read Holding Registers,1200,5,7813,0.06
2026-09-13 06:02:47.480,1,3,Read Holding Registers,2560,0,46628,0.034
2026-09-13 06:02:48.878,1,3,Read Holding Registers,1260,12,2693,0.475
2026-09-13 06:02:48.929,1,3,Read Holding Registers,6183,3840,63173,0.051
2026-09-13 06:02:50.946,1,3,Read Holding Registers,1200,5,7813,0.06
2026-09-13 06:02:50.980,1,3,Read Holding Registers,2560,0,46628,0.034
2026-09-13 06:02:52.378,1,3,Read Holding Registers,1260,12,2693,0.475
2026-09-13 06:02:52.429,1,3,Read Holding Registers,6183,3840,63173,0.051
2026-09-13 06:02:54.446,1,3,Read Holding Registers,1200,5,7813,0.06
2026-09-13 06:02:54.480,1,3,Read Holding Registers,2560,0,46628,0.034
2026-09-13 06:02:55.878,1,3,Read Holding Registers,1260,12,2693,0.475
2026-09-13 06:02:55.929,1,3,Read Holding Registers,6183,3840,63173,0.051
2026-09-13 06:02:57.946,1,3,Read Holding Registers,1200,5,7813,0.06
2026-09-13 06:02:57.980,1,3,Read Holding Registers,2560,0,46628,0.034
2026-09-13 06:02:59.650,1,3,Read Holding Registers,1260,12,2693,0.475
2026-09-13 06:02:59.702,1,3,Read Holding Registers,6183,3840,63173,0.052
2026-09-13 06:03:01.718,1,3,Read Holding Registers,1200,5,7813,0.06
2026-09-13 06:03:01.752,1,3,Read Holding Registers,2560,0,46628,0.034
2026-09-13 06:03:03.150,1,3,Read Holding Registers,1260,12,2693,0.475
2026-09-13 06:03:03.201,1,3,Read Holding Registers,6183,3840,63034,0.051
2026-09-13 06:03:05.218,1,3,Read Holding Registers,1200,5,7813,0.06
2026-09-13 06:03:05.252,1,3,Read Holding Registers,2560,0,46628,0.034
2026-09-13 06:03:06.650,1,3,Read Holding Registers,1260,12,2693,0.475
2026-09-13 06:03:06.701,1,3,Read Holding Registers,6183,3840,63034,0.051
2026-09-13 06:03:08.718,1,3,Read Holding Registers,1200,5,7813,0.06
2026-09-13 06:03:08.752,1,3,Read Holding Registers,2560,0,46628,0.034
2026-09-13 06:03:10.150,1,3,Read Holding Registers,1260,12,2693,0.475
2026-09-13 06:03:10.202,1,3,Read Holding Registers,6183,3840,63034,0.052
2026-09-13 06:03:12.219,1,3,Read Holding Registers,1200,5,7813,0.061
2026-09-13 06:03:12.253,1,3,Read Holding Registers,2560,0,46628,0.034
2026-09-13 06:03:13.650,1,3,Read Holding Registers,1260,12,2693,0.475
2026-09-13 06:03:13.701,1,3,Read Holding Registers,6183,3840,63034,0.051
2026-09-13 06:03:15.719,1,3,Read Holding Registers,1200,5,7813,0.06
2026-09-13 06:03:15.753,1,3,Read Holding Registers,2560,0,46628,0.034
2026-09-13 06:03:17.151,1,3,Read Holding Registers,1260,12,2693,0.476
2026-09-13 06:03:17.201,1,3,Read Holding Registers,6183,3840,63034,0.05
2026-09-13 06:03:19.219,1,3,Read Holding Registers,1200,5,7813,0.06
2026-09-13 06:03:19.253,1,3,Read Holding Registers,2560,0,46628,0.034
2026-09-13 06:03:20.651,1,3,Read Holding Registers,1260,12,2693,0.475
2026-09-13 06:03:20.702,1,3,Read Holding Registers,6183,3840,29311,0.051
2026-09-13 06:03:22.719,1,3,Read Holding Registers,1200,5,7813,0.06
2026-09-13 06:03:22.753,1,3,Read Holding Registers,2560,0,46628,0.034
2026-09-13 06:03:24.660,1,3,Read Holding Registers,1260,12,2693,0.473
2026-09-13 06:03:24.710,1,3,Read Holding Registers,6183,3840,29311,0.05
2026-09-13 06:03:26.728,1,3,Read Holding Registers,1200,5,7813,0.06
2026-09-13 06:03:26.762,1,3,Read Holding Registers,2560,0,46628,0.034
2026-09-13 06:03:28.160,1,3,Read Holding Registers,1260,12,2693,0.475
2026-09-13 06:03:28.211,1,3,Read Holding Registers,6183,3840,29311,0.051
2026-09-13 06:03:30.228,1,3,Read Holding Registers,1200,5,7813,0.06
2026-09-13 06:03:30.262,1,3,Read Holding Registers,2560,0,46628,0.034
2026-09-13 06:03:31.660,1,3,Read Holding Registers,1260,12,2693,0.475
2026-09-13 06:03:31.711,1,3,Read Holding Registers,6183,3840,29311,0.051
2026-09-13 06:03:33.728,1,3,Read Holding Registers,1200,5,7813,0.06
2026-09-13 06:03:33.762,1,3,Read Holding Registers,2560,0,46628,0.034
2026-09-13 06:03:35.160,1,3,Read Holding Registers,1260,12,2693,0.475
2026-09-13 06:03:35.211,1,3,Read Holding Registers,6183,3840,29311,0.051
2026-09-13 06:03:37.228,1,3,Read Holding Registers,1200,5,7813,0.06
2026-09-13 06:03:37.262,1,3,Read Holding Registers,2560,0,46628,0.034
2026-09-13 06:03:38.660,1,3,Read Holding Registers,1260,12,2693,0.475
2026-09-13 06:03:38.711,1,3,Read Holding Registers,6183,3840,29311,0.051
2026-09-13 06:03:40.728,1,3,Read Holding Registers,1200,5,7813,0.06
2026-09-13 06:03:40.762,1,3,Read Holding Registers,2560,0,46628,0.034
2026-09-13 06:03:42.160,1,3,Read Holding Registers,1260,12,2693,0.475
2026-09-13 06:03:42.211,1,3,Read Holding Registers,6183,3840,29311,0.051
2026-09-13 06:03:44.229,1,3,Read Holding Registers,1200,5,7813,0.061
2026-09-13 06:03:44.263,1,3,Read Holding Registers,2560,0,46628,0.034
2026-09-13 06:03:45.660,1,3,Read Holding Registers,1260,12,2693,0.475
2026-09-13 06:03:45.711,1,3,Read Holding Registers,6183,3840,29311,0.051
2026-09-13 06:03:47.729,1,3,Read Holding Registers,1200,5,7813,0.061
2026-09-13 06:03:47.762,1,3,Read Holding Registers,2560,0,46628,0.033
2026-09-13 06:03:49.160,1,3,Read Holding Registers,1260,12,2693,0.475
2026-09-13 06:03:49.211,1,3,Read Holding Registers,6183,3840,29311,0.051
2026-09-13 06:03:51.229,1,3,Read Holding Registers,1200,5,7813,0.06
2026-09-13 06:03:51.263,1,3,Read Holding Registers,2560,0,46628,0.034
2026-09-13 06:03:52.661,1,3,Read Holding Registers,1260,12,2693,0.476
2026-09-13 06:03:52.711,1,3,Read Holding Registers,6183,3840,29311,0.05
2026-09-13 06:03:54.729,1,3,Read Holding Registers,1200,5,7813,0.06
2026-09-13 06:03:54.763,1,3,Read Holding Registers,2560,0,46628,0.034
2026-09-13 06:03:56.161,1,3,Read Holding Registers,1260,12,2693,0.476
2026-09-13 06:03:56.212,1,3,Read Holding Registers,6183,3840,29311,0.051
2026-09-13 06:03:58.229,1,3,Read Holding Registers,1200,5,7813,0.06
2026-09-13 06:03:58.263,1,3,Read Holding Registers,2560,0,46628,0.034
2026-09-13 06:03:59.661,1,3,Read Holding Registers,1260,12,2693,0.475
2026-09-13 06:03:59.712,1,3,Read Holding Registers,6183,3840,29311,0.051
2026-09-13 06:04:01.729,1,3,Read Holding Registers,1200,5,7813,0.06
2026-09-13 06:04:01.763,1,3,Read Holding Registers,2560,0,46628,0.034
2026-09-13 06:04:03.161,1,3,Read Holding Registers,1260,12,2693,0.475
2026-09-13 06:04:03.212,1,3,Read Holding Registers,6183,3840,29311,0.051
2026-09-13 06:04:05.229,1,3,Read Holding Registers,1200,5,7813,0.06
2026-09-13 06:04:05.263,1,3,Read Holding Registers,2560,0,46628,0.034
2026-09-13 06:04:06.661,1,3,Read Holding Registers,1260,12,2693,0.475
2026-09-13 06:04:06.712,1,3,Read Holding Registers,6183,3840,29311,0.051
2026-09-13 06:04:08.729,1,3,Read Holding Registers,1200,5,7813,0.06
2026-09-13 06:04:08.763,1,3,Read Holding Registers,2560,0,46628,0.034
2026-09-13 06:04:10.161,1,3,Read Holding Registers,1260,12,2693,0.475
2026-09-13 06:04:10.212,1,3,Read Holding Registers,6183,3840,29311,0.051
2026-09-13 06:04:12.229,1,3,Read Holding Registers,1200,5,7813,0.06
2026-09-13 06:04:12.263,1,3,Read Holding Registers,2560,0,46628,0.034
2026-09-13 06:04:13.661,1,3,Read Holding Registers,1260,12,2693,0.475
2026-09-13 06:04:13.712,1,3,Read Holding Registers,6183,3840,29311,0.051
2026-09-13 06:04:15.729,1,3,Read Holding Registers,1200,5,7813,0.06
2026-09-13 06:04:15.763,1,3,Read Holding Registers,2560,0,46628,0.034
2026-09-13 06:04:17.161,1,3,Read Holding Registers,1260,12,2693,0.475
2026-09-13 06:04:17.212,1,3,Read Holding Registers,6183,3840,29311,0.051
2026-09-13 06:04:19.229,1,3,Read Holding Registers,1200,5,7813,0.06
2026-09-13 06:04:19.263,1,3,Read Holding Registers,2560,0,46628,0.034
2026-09-13 06:04:20.661,1,3,Read Holding Registers,1260,12,2693,0.475
2026-09-13 06:04:20.712,1,3,Read Holding Registers,6183,3840,29311,0.051
2026-09-13 06:04:22.730,1,3,Read Holding Registers,1200,5,7813,0.061
2026-09-13 06:04:22.763,1,3,Read Holding Registers,2560,0,46628,0.033
2026-09-13 06:04:24.161,1,3,Read Holding Registers,1260,12,2693,0.475
2026-09-13 06:04:24.212,1,3,Read Holding Registers,6183,3840,29311,0.051
2026-09-13 06:04:26.230,1,3,Read Holding Registers,1200,5,7813,0.06
2026-09-13 06:04:26.264,1,3,Read Holding Registers,2560,0,46628,0.034
2026-09-13 06:04:27.662,1,3,Read Holding Registers,1260,12,2693,0.476
2026-09-13 06:04:27.712,1,3,Read Holding Registers,6183,3840,29311,0.05
2026-09-13 06:04:29.730,1,3,Read Holding Registers,1200,5,7813,0.06
2026-09-13 06:04:29.764,1,3,Read Holding Registers,2560,0,46628,0.034
2026-09-13 06:04:31.162,1,3,Read Holding Registers,1260,12,2693,0.476
2026-09-13 06:04:31.212,1,3,Read Holding Registers,6183,3840,29311,0.05
2026-09-13 06:04:33.230,1,3,Read Holding Registers,1200,5,7813,0.06
2026-09-13 06:04:33.264,1,3,Read Holding Registers,2560,0,46628,0.034
2026-09-13 06:04:34.662,1,3,Read Holding Registers,1260,12,2693,0.475
2026-09-13 06:04:34.713,1,3,Read Holding Registers,6183,3840,29311,0.051
2026-09-13 06:04:36.730,1,3,Read Holding Registers,1200,5,7813,0.06
2026-09-13 06:04:36.764,1,3,Read Holding Registers,2560,0,46628,0.034
2026-09-13 06:04:38.162,1,3,Read Holding Registers,1260,12,2693,0.476
2026-09-13 06:04:38.213,1,3,Read Holding Registers,6183,3840,29311,0.051
2026-09-13 06:04:40.230,1,3,Read Holding Registers,1200,5,7813,0.06
2026-09-13 06:04:40.264,1,3,Read Holding Registers,2560,0,46628,0.034
2026-09-13 06:04:41.662,1,3,Read Holding Registers,1260,12,2693,0.475
2026-09-13 06:04:41.713,1,3,Read Holding Registers,6183,3840,29311,0.051
2026-09-13 06:04:43.730,1,3,Read Holding Registers,1200,5,7813,0.06
2026-09-13 06:04:43.764,1,3,Read Holding Registers,2560,0,46628,0.034
2026-09-13 06:04:45.162,1,3,Read Holding Registers,1260,12,2693,0.475
2026-09-13 06:04:45.213,1,3,Read Holding Registers,6183,3840,29311,0.051
2026-09-13 06:04:47.230,1,3,Read Holding Registers,1200,5,7813,0.06
2026-09-13 06:04:47.264,1,3,Read Holding Registers,2560,0,46628,0.034
2026-09-13 06:04:48.662,1,3,Read Holding Registers,1260,12,2693,0.475
2026-09-13 06:04:48.713,1,3,Read Holding Registers,6183,3840,29311,0.051
2026-09-13 06:04:50.730,1,3,Read Holding Registers,1200,5,7813,0.06
2026-09-13 06:04:50.764,1,3,Read Holding Registers,2560,0,46628,0.034
2026-09-13 06:04:52.162,1,3,Read Holding Registers,1260,12,2693,0.475
2026-09-13 06:04:52.213,1,3,Read Holding Registers,6183,3840,29311,0.051
2026-09-13 06:04:54.230,1,3,Read Holding Registers,1200,5,7813,0.06
2026-09-13 06:04:54.264,1,3,Read Holding Registers,2560,0,46628,0.034
2026-09-13 06:04:55.662,1,3,Read Holding Registers,1260,12,2693,0.475
2026-09-13 06:04:55.713,1,3,Read Holding Registers,6183,3840,29311,0.051
2026-09-13 06:04:57.731,1,3,Read Holding Registers,1200,5,7813,0.061
2026-09-13 06:04:57.764,1,3,Read Holding Registers,2560,0,46628,0.033
2026-09-13 06:04:59.162,1,3,Read Holding Registers,1260,12,2693,0.475
2026-09-13 06:04:59.213,1,3,Read Holding Registers,6183,3840,41839,0.051
2026-09-13 06:05:01.230,1,3,Read Holding Registers,1200,5,7813,0.06
2026-09-13 06:05:01.264,1,3,Read Holding Registers,2560,0,46628,0.034
2026-09-13 06:05:02.662,1,3,Read Holding Registers,1260,12,2693,0.475
2026-09-13 06:05:02.713,1,3,Read Holding Registers,6183,3840,41839,0.051
2026-09-13 06:05:04.731,1,3,Read Holding Registers,1200,5,7813,0.06
2026-09-13 06:05:04.765,1,3,Read Holding Registers,2560,0,46628,0.034
2026-09-13 06:05:06.163,1,3,Read Holding Registers,1260,12,2693,0.476
2026-09-13 06:05:06.214,1,3,Read Holding Registers,6183,3840,41839,0.051
2026-09-13 06:05:08.231,1,3,Read Holding Registers,1200,5,7813,0.06
2026-09-13 06:05:08.265,1,3,Read Holding Registers,2560,0,46628,0.034
2026-09-13 06:05:09.663,1,3,Read Holding Registers,1260,12,2693,0.475
2026-09-13 06:05:09.714,1,3,Read Holding Registers,6183,3840,41839,0.051
2026-09-13 06:05:11.731,1,3,Read Holding Registers,1200,5,7813,0.06
2026-09-13 06:05:11.765,1,3,Read Holding Registers,2560,0,46628,0.034
2026-09-13 06:05:13.163,1,3,Read Holding Registers,1260,12,2693,0.475
2026-09-13 06:05:13.214,1,3,Read Holding Registers,6183,3840,41839,0.051
2026-09-13 06:05:15.231,1,3,Read Holding Registers,1200,5,7813,0.06
2026-09-13 06:05:15.265,1,3,Read Holding Registers,2560,0,46628,0.034
2026-09-13 06:05:16.663,1,3,Read Holding Registers,1260,12,2693,0.475
2026-09-13 06:05:16.714,1,3,Read Holding Registers,6183,3840,41839,0.051
2026-09-13 06:05:18.731,1,3,Read Holding Registers,1200,5,7813,0.06
2026-09-13 06:05:18.765,1,3,Read Holding Registers,2560,0,46628,0.034
2026-09-13 06:05:20.163,1,3,Read Holding Registers,1260,12,2693,0.474
2026-09-13 06:05:20.213,1,3,Read Holding Registers,6183,3840,41839,0.05
2026-09-13 06:05:22.231,1,3,Read Holding Registers,1200,5,7813,0.06
2026-09-13 06:05:22.265,1,3,Read Holding Registers,2560,0,46628,0.034
2026-09-13 06:05:23.663,1,3,Read Holding Registers,1260,12,2693,0.475
2026-09-13 06:05:23.714,1,3,Read Holding Registers,6183,3840,41839,0.051
2026-09-13 06:05:25.731,1,3,Read Holding Registers,1200,5,7813,0.06
2026-09-13 06:05:25.765,1,3,Read Holding Registers,2560,0,46628,0.034
2026-09-13 06:05:27.163,1,3,Read Holding Registers,1260,12,2693,0.475
2026-09-13 06:05:27.214,1,3,Read Holding Registers,6183,3840,41839,0.051
2026-09-13 06:05:29.232,1,3,Read Holding Registers,1200,5,7813,0.061
2026-09-13 06:05:29.265,1,3,Read Holding Registers,2560,0,46628,0.033
2026-09-13 06:05:30.663,1,3,Read Holding Registers,1260,12,2693,0.475
2026-09-13 06:05:30.714,1,3,Read Holding Registers,6183,3840,41839,0.051
2026-09-13 06:05:32.731,1,3,Read Holding Registers,1200,5,7813,0.06
2026-09-13 06:05:32.765,1,3,Read Holding Registers,2560,0,46628,0.034
2026-09-13 06:05:34.163,1,3,Read Holding Registers,1260,12,2693,0.475
2026-09-13 06:05:34.214,1,3,Read Holding Registers,6183,3840,41839,0.051
2026-09-13 06:05:36.232,1,3,Read Holding Registers,1200,5,7813,0.061
2026-09-13 06:05:36.265,1,3,Read Holding Registers,2560,0,46628,0.033
2026-09-13 06:05:37.663,1,3,Read Holding Registers,1260,12,2693,0.475
2026-09-13 06:05:37.714,1,3,Read Holding Registers,6183,3840,24590,0.051
2026-09-13 06:05:39.732,1,3,Read Holding Registers,1200,5,7813,0.06
2026-09-13 06:05:39.765,1,3,Read Holding Registers,2560,0,46628,0.033
2026-09-13 06:05:41.164,1,3,Read Holding Registers,1260,12,2693,0.476
2026-09-13 06:05:41.214,1,3,Read Holding Registers,6183,3840,24590,0.05
2026-09-13 06:05:43.232,1,3,Read Holding Registers,1200,5,7813,0.06
2026-09-13 06:05:43.266,1,3,Read Holding Registers,2560,0,46628,0.034
2026-09-13 06:05:44.664,1,3,Read Holding Registers,1260,12,2693,0.476
2026-09-13 06:05:44.714,1,3,Read Holding Registers,6183,3840,24590,0.05
2026-09-13 06:05:46.732,1,3,Read Holding Registers,1200,5,7813,0.06
2026-09-13 06:05:46.766,1,3,Read Holding Registers,2560,0,46628,0.034
2026-09-13 06:05:48.164,1,3,Read Holding Registers,1260,12,2693,0.476
2026-09-13 06:05:48.215,1,3,Read Holding Registers,6183,3840,24590,0.051
2026-09-13 06:05:50.232,1,3,Read Holding Registers,1200,5,7813,0.06
2026-09-13 06:05:50.266,1,3,Read Holding Registers,2560,0,46628,0.034
2026-09-13 06:05:51.664,1,3,Read Holding Registers,1260,12,2693,0.475
2026-09-13 06:05:51.715,1,3,Read Holding Registers,6183,3840,24590,0.051
2026-09-13 06:05:53.732,1,3,Read Holding Registers,1200,5,7813,0.06
2026-09-13 06:05:53.766,1,3,Read Holding Registers,2560,0,46628,0.034
2026-09-13 06:05:55.164,1,3,Read Holding Registers,1260,12,2693,0.475
2026-09-13 06:05:55.215,1,3,Read Holding Registers,6183,3840,24590,0.051
2026-09-13 06:05:57.232,1,3,Read Holding Registers,1200,5,7813,0.06
2026-09-13 06:05:57.266,1,3,Read Holding Registers,2560,0,46628,0.034
2026-09-13 06:05:58.664,1,3,Read Holding Registers,1260,12,2693,0.475
2026-09-13 06:05:58.715,1,3,Read Holding Registers,6183,3840,26500,0.051
2026-09-13 06:06:00.732,1,3,Read Holding Registers,1200,5,7813,0.06
2026-09-13 06:06:00.766,1,3,Read Holding Registers,2560,0,46628,0.034
2026-09-13 06:06:02.164,1,3,Read Holding Registers,1260,12,2693,0.475
2026-09-13 06:06:02.215,1,3,Read Holding Registers,6183,3840,26500,0.051
2026-09-13 06:06:04.232,1,3,Read Holding Registers,1200,5,7813,0.06
2026-09-13 06:06:04.266,1,3,Read Holding Registers,2560,0,46628,0.034
2026-09-13 06:06:05.664,1,3,Read Holding Registers,1260,12,2693,0.475
2026-09-13 06:06:05.715,1,3,Read Holding Registers,6183,3840,26500,0.051
2026-09-13 06:06:07.732,1,3,Read Holding Registers,1200,5,7813,0.06
2026-09-13 06:06:07.766,1,3,Read Holding Registers,2560,0,46628,0.034
2026-09-13 06:06:09.164,1,3,Read Holding Registers,1260,12,2693,0.475
2026-09-13 06:06:09.215,1,3,Read Holding Registers,6183,3840,26500,0.051
2026-09-13 06:06:11.232,1,3,Read Holding Registers,1200,5,7813,0.06
2026-09-13 06:06:11.266,1,3,Read Holding Registers,2560,0,46628,0.034
2026-09-13 06:06:12.664,1,3,Read Holding Registers,1260,12,2693,0.071
2026-09-13 06:06:12.714,1,3,Read Holding Registers,6183,3840,25665,0.05
2026-09-13 06:06:14.733,1,3,Read Holding Registers,1200,5,7813,0.061
2026-09-13 06:06:14.766,1,3,Read Holding Registers,2560,0,46628,0.033
2026-09-13 06:06:16.164,1,3,Read Holding Registers,1260,12,2693,0.475
2026-09-13 06:06:16.215,1,3,Read Holding Registers,6183,3840,25665,0.051
2026-09-13 06:06:18.233,1,3,Read Holding Registers,1200,5,7813,0.06
2026-09-13 06:06:18.267,1,3,Read Holding Registers,2560,0,46628,0.034
2026-09-13 06:06:19.665,1,3,Read Holding Registers,1260,12,2693,0.476
2026-09-13 06:06:19.715,1,3,Read Holding Registers,6183,3840,25665,0.05
2026-09-13 06:06:21.733,1,3,Read Holding Registers,1200,5,7813,0.06
2026-09-13 06:06:21.767,1,3,Read Holding Registers,2560,0,46628,0.034
2026-09-13 06:06:23.165,1,3,Read Holding Registers,1260,12,2693,0.476
2026-09-13 06:06:23.215,1,3,Read Holding Registers,6183,3840,25665,0.05
2026-09-13 06:06:25.233,1,3,Read Holding Registers,1200,5,7813,0.06
2026-09-13 06:06:25.267,1,3,Read Holding Registers,2560,0,46628,0.034
2026-09-13 06:06:26.665,1,3,Read Holding Registers,1260,12,2693,0.476
2026-09-13 06:06:26.716,1,3,Read Holding Registers,6183,3840,25665,0.051
2026-09-13 06:06:28.733,1,3,Read Holding Registers,1200,5,7813,0.06
2026-09-13 06:06:28.767,1,3,Read Holding Registers,2560,0,46628,0.034
2026-09-13 06:06:30.165,1,3,Read Holding Registers,1260,12,2693,0.475
2026-09-13 06:06:30.216,1,3,Read Holding Registers,6183,3840,25665,0.051
2026-09-13 06:06:32.233,1,3,Read Holding Registers,1200,5,7813,0.06
2026-09-13 06:06:32.267,1,3,Read Holding Registers,2560,0,46628,0.034
2026-09-13 06:06:33.688,1,3,Read Holding Registers,1260,12,2693,0.026
2026-09-13 06:06:33.738,1,3,Read Holding Registers,6183,3840,12564,0.05
2026-09-13 06:06:35.756,1,3,Read Holding Registers,1200,5,7813,0.06
2026-09-13 06:06:35.790,1,3,Read Holding Registers,2560,0,46628,0.034
2026-09-13 06:06:37.188,1,3,Read Holding Registers,1260,12,2693,0.475
2026-09-13 06:06:37.239,1,3,Read Holding Registers,6183,3840,12564,0.051
2026-09-13 06:06:39.256,1,3,Read Holding Registers,1200,5,7813,0.06
2026-09-13 06:06:39.290,1,3,Read Holding Registers,2560,0,46628,0.034
2026-09-13 06:06:40.688,1,3,Read Holding Registers,1260,12,2693,0.475
2026-09-13 06:06:40.739,1,3,Read Holding Registers,6183,3840,12564,0.051
2026-09-13 06:06:42.756,1,3,Read Holding Registers,1200,5,7813,0.06
2026-09-13 06:06:42.790,1,3,Read Holding Registers,2560,0,46628,0.034
2026-09-13 06:06:44.188,1,3,Read Holding Registers,1260,12,2693,0.475
2026-09-13 06:06:44.239,1,3,Read Holding Registers,6183,3840,12564,0.051
2026-09-13 06:06:46.256,1,3,Read Holding Registers,1200,5,7813,0.06
2026-09-13 06:06:46.290,1,3,Read Holding Registers,2560,0,46628,0.034
2026-09-13 06:06:47.688,1,3,Read Holding Registers,1260,12,2693,0.475
2026-09-13 06:06:47.739,1,3,Read Holding Registers,6183,3840,12564,0.051
2026-09-13 06:06:49.756,1,3,Read Holding Registers,1200,5,7813,0.06
2026-09-13 06:06:49.790,1,3,Read Holding Registers,2560,0,46628,0.034
2026-09-13 06:06:51.188,1,3,Read Holding Registers,1260,12,2693,0.475
2026-09-13 06:06:51.239,1,3,Read Holding Registers,6183,3840,12564,0.051
2026-09-13 06:06:53.257,1,3,Read Holding Registers,1200,5,7813,0.061
2026-09-13 06:06:53.290,1,3,Read Holding Registers,2560,0,46628,0.033
2026-09-13 06:06:54.688,1,3,Read Holding Registers,1260,12,2693,0.475
2026-09-13 06:06:54.739,1,3,Read Holding Registers,6183,3840,12564,0.051
2026-09-13 06:06:56.757,1,3,Read Holding Registers,1200,5,7813,0.06
2026-09-13 06:06:56.791,1,3,Read Holding Registers,2560,0,46628,0.034
2026-09-13 06:06:58.189,1,3,Read Holding Registers,1260,12,2693,0.476
2026-09-13 06:06:58.239,1,3,Read Holding Registers,6183,3840,12564,0.05
2026-09-13 06:07:00.257,1,3,Read Holding Registers,1200,5,7813,0.06
2026-09-13 06:07:00.291,1,3,Read Holding Registers,2560,0,46628,0.034
2026-09-13 06:07:01.689,1,3,Read Holding Registers,1260,12,2693,0.476
2026-09-13 06:07:01.740,1,3,Read Holding Registers,6183,3840,12564,0.051
2026-09-13 06:07:03.757,1,3,Read Holding Registers,1200,5,7813,0.06
2026-09-13 06:07:03.791,1,3,Read Holding Registers,2560,0,46628,0.034
2026-09-13 06:07:05.189,1,3,Read Holding Registers,1260,12,2693,0.476
2026-09-13 06:07:05.240,1,3,Read Holding Registers,6183,3840,12564,0.051
2026-09-13 06:07:07.257,1,3,Read Holding Registers,1200,5,7813,0.06
2026-09-13 06:07:07.291,1,3,Read Holding Registers,2560,0,46628,0.034
2026-09-13 06:07:08.689,1,3,Read Holding Registers,1260,12,2693,0.475
2026-09-13 06:07:08.740,1,3,Read Holding Registers,6183,3840,12564,0.051
2026-09-13 06:07:10.757,1,3,Read Holding Registers,1200,5,7813,0.06
2026-09-13 06:07:10.791,1,3,Read Holding Registers,2560,0,46628,0.034
2026-09-13 06:07:12.189,1,3,Read Holding Registers,1260,12,2693,0.475
2026-09-13 06:07:12.240,1,3,Read Holding Registers,6183,3840,12564,0.051
2026-09-13 06:07:16.776,1,3,Read Holding Registers,1260,12,2693,0.423
2026-09-13 06:07:16.827,1,3,Read Holding Registers,6183,3840,5425,0.051
2026-09-13 06:07:18.844,1,3,Read Holding Registers,1200,5,7813,0.06
2026-09-13 06:07:18.878,1,3,Read Holding Registers,2560,0,46628,0.034
2026-09-13 06:07:20.276,1,3,Read Holding Registers,1260,12,2693,0.475
2026-09-13 06:07:20.327,1,3,Read Holding Registers,6183,3840,5425,0.051
2026-09-13 06:07:22.344,1,3,Read Holding Registers,1200,5,7813,0.06
2026-09-13 06:07:22.378,1,3,Read Holding Registers,2560,0,46628,0.034
2026-09-13 06:07:23.776,1,3,Read Holding Registers,1260,12,2693,0.475
2026-09-13 06:07:23.827,1,3,Read Holding Registers,6183,3840,5425,0.051
2026-09-13 06:07:25.845,1,3,Read Holding Registers,1200,5,7813,0.061
2026-09-13 06:07:25.879,1,3,Read Holding Registers,2560,0,46628,0.034
2026-09-13 06:07:27.276,1,3,Read Holding Registers,1260,12,2693,0.475
2026-09-13 06:07:27.327,1,3,Read Holding Registers,6183,3840,5425,0.051
2026-09-13 06:07:29.344,1,3,Read Holding Registers,1200,5,7813,0.06
2026-09-13 06:07:29.378,1,3,Read Holding Registers,2560,0,46628,0.034
2026-09-13 06:07:30.776,1,3,Read Holding Registers,1260,12,2693,0.475
2026-09-13 06:07:30.827,1,3,Read Holding Registers,6183,3840,5425,0.051
2026-09-13 06:07:32.871,1,3,Read Holding Registers,1200,5,7813,0.061
2026-09-13 06:07:32.904,1,3,Read Holding Registers,2560,0,46628,0.033
2026-09-13 06:07:34.302,1,3,Read Holding Registers,1260,12,2693,0.475
2026-09-13 06:07:34.353,1,3,Read Holding Registers,6183,3840,5463,0.051
2026-09-13 06:07:36.371,1,3,Read Holding Registers,1200,5,7813,0.06
2026-09-13 06:07:36.404,1,3,Read Holding Registers,2560,0,46628,0.033
2026-09-13 06:07:37.803,1,3,Read Holding Registers,1260,12,2693,0.476
2026-09-13 06:07:37.853,1,3,Read Holding Registers,6183,3840,5463,0.05
2026-09-13 06:07:39.871,1,3,Read Holding Registers,1200,5,7813,0.06
2026-09-13 06:07:39.905,1,3,Read Holding Registers,2560,0,46628,0.034
2026-09-13 06:07:41.303,1,3,Read Holding Registers,1260,12,2693,0.476
2026-09-13 06:07:41.353,1,3,Read Holding Registers,6183,3840,5463,0.05
2026-09-13 06:07:43.371,1,3,Read Holding Registers,1200,5,7813,0.06
2026-09-13 06:07:43.405,1,3,Read Holding Registers,2560,0,46628,0.034
2026-09-13 06:07:44.803,1,3,Read Holding Registers,1260,12,2693,0.475
2026-09-13 06:07:44.854,1,3,Read Holding Registers,6183,3840,5463,0.051
2026-09-13 06:07:46.871,1,3,Read Holding Registers,1200,5,7813,0.06
2026-09-13 06:07:46.905,1,3,Read Holding Registers,2560,0,46628,0.034
2026-09-13 06:07:48.303,1,3,Read Holding Registers,1260,12,2693,0.475
2026-09-13 06:07:48.354,1,3,Read Holding Registers,6183,3840,5463,0.051
2026-09-13 06:07:50.371,1,3,Read Holding Registers,1200,5,7813,0.06
2026-09-13 06:07:50.405,1,3,Read Holding Registers,2560,0,46628,0.034
2026-09-13 06:07:51.803,1,3,Read Holding Registers,1260,12,2693,0.475
2026-09-13 06:07:51.854,1,3,Read Holding Registers,6183,3840,5463,0.051
2026-09-13 06:07:53.871,1,3,Read Holding Registers,1200,5,7813,0.06
2026-09-13 06:07:53.905,1,3,Read Holding Registers,2560,0,46628,0.034
2026-09-13 06:07:55.309,1,3,Read Holding Registers,1260,12,2693,0.026
2026-09-13 06:07:55.359,1,3,Read Holding Registers,6183,3840,54599,0.05
2026-09-13 06:07:57.377,1,3,Read Holding Registers,1200,5,7813,0.06
2026-09-13 06:07:57.411,1,3,Read Holding Registers,2560,0,46628,0.034
2026-09-13 06:07:58.809,1,3,Read Holding Registers,1260,12,2693,0.475
2026-09-13 06:07:58.860,1,3,Read Holding Registers,6183,3840,54599,0.051
2026-09-13 06:08:00.877,1,3,Read Holding Registers,1200,5,7813,0.06
2026-09-13 06:08:00.911,1,3,Read Holding Registers,2560,0,46628,0.034
2026-09-13 06:08:02.309,1,3,Read Holding Registers,1260,12,2693,0.475
2026-09-13 06:08:02.360,1,3,Read Holding Registers,6183,3840,54599,0.051
2026-09-13 06:08:04.377,1,3,Read Holding Registers,1200,5,7813,0.06
2026-09-13 06:08:04.411,1,3,Read Holding Registers,2560,0,46628,0.034
2026-09-13 06:08:05.809,1,3,Read Holding Registers,1260,12,2693,0.475
2026-09-13 06:08:05.860,1,3,Read Holding Registers,6183,3840,54599,0.051
2026-09-13 06:08:07.878,1,3,Read Holding Registers,1200,5,7813,0.061
2026-09-13 06:08:07.911,1,3,Read Holding Registers,2560,0,46628,0.033
2026-09-13 06:08:09.309,1,3,Read Holding Registers,1260,12,2693,0.475
2026-09-13 06:08:09.360,1,3,Read Holding Registers,6183,3840,54599,0.051
2026-09-13 06:08:11.378,1,3,Read Holding Registers,1200,5,7813,0.061
2026-09-13 06:08:11.411,1,3,Read Holding Registers,2560,0,46628,0.033
2026-09-13 06:08:12.809,1,3,Read Holding Registers,1260,12,2693,0.257
2026-09-13 06:08:12.860,1,3,Read Holding Registers,6183,3840,54599,0.051
2026-09-13 06:08:14.878,1,3,Read Holding Registers,1200,5,7813,0.06
2026-09-13 06:08:14.912,1,3,Read Holding Registers,2560,0,46628,0.034
2026-09-13 06:08:16.310,1,3,Read Holding Registers,1260,12,2693,0.476
2026-09-13 06:08:16.360,1,3,Read Holding Registers,6183,3840,54599,0.05
2026-09-13 06:08:18.378,1,3,Read Holding Registers,1200,5,7813,0.06
2026-09-13 06:08:18.412,1,3,Read Holding Registers,2560,0,46628,0.034
2026-09-13 06:08:19.810,1,3,Read Holding Registers,1260,12,2693,0.476
2026-09-13 06:08:19.860,1,3,Read Holding Registers,6183,3840,54599,0.05
2026-09-13 06:08:21.878,1,3,Read Holding Registers,1200,5,7813,0.06
2026-09-13 06:08:21.912,1,3,Read Holding Registers,2560,0,46628,0.034
2026-09-13 06:08:23.310,1,3,Read Holding Registers,1260,12,2693,0.475
2026-09-13 06:08:23.361,1,3,Read Holding Registers,6183,3840,54599,0.051
2026-09-13 06:08:25.378,1,3,Read Holding Registers,1200,5,7813,0.06
2026-09-13 06:08:25.412,1,3,Read Holding Registers,2560,0,46628,0.034
2026-09-13 06:08:26.810,1,3,Read Holding Registers,1260,12,2693,0.475
2026-09-13 06:08:26.861,1,3,Read Holding Registers,6183,3840,54599,0.051
2026-09-13 06:08:28.878,1,3,Read Holding Registers,1200,5,7813,0.06
2026-09-13 06:08:28.912,1,3,Read Holding Registers,2560,0,46628,0.034
2026-09-13 06:08:30.310,1,3,Read Holding Registers,1260,12,2693,0.475
2026-09-13 06:08:30.361,1,3,Read Holding Registers,6183,3840,55239,0.051
2026-09-13 06:08:32.378,1,3,Read Holding Registers,1200,5,7813,0.06
2026-09-13 06:08:32.412,1,3,Read Holding Registers,2560,0,46628,0.034
2026-09-13 06:08:33.810,1,3,Read Holding Registers,1260,12,2693,0.475
2026-09-13 06:08:33.861,1,3,Read Holding Registers,6183,3840,55239,0.051
2026-09-13 06:08:35.878,1,3,Read Holding Registers,1200,5,7813,0.06
2026-09-13 06:08:35.912,1,3,Read Holding Registers,2560,0,46628,0.034
2026-09-13 06:08:37.310,1,3,Read Holding Registers,1260,12,2693,0.475
2026-09-13 06:08:37.361,1,3,Read Holding Registers,6183,3840,55239,0.051
2026-09-13 06:08:39.378,1,3,Read Holding Registers,1200,5,7813,0.06
2026-09-13 06:08:39.412,1,3,Read Holding Registers,2560,0,46628,0.034
2026-09-13 06:08:40.810,1,3,Read Holding Registers,1260,12,2693,0.475
2026-09-13 06:08:40.861,1,3,Read Holding Registers,6183,3840,55239,0.051
2026-09-13 06:08:42.878,1,3,Read Holding Registers,1200,5,7813,0.06
2026-09-13 06:08:42.912,1,3,Read Holding Registers,2560,0,46628,0.034
2026-09-13 06:08:44.310,1,3,Read Holding Registers,1260,12,2693,0.475
2026-09-13 06:08:44.361,1,3,Read Holding Registers,6183,3840,55239,0.051
2026-09-13 06:08:46.392,1,3,Read Holding Registers,1200,5,7813,0.06
2026-09-13 06:08:46.426,1,3,Read Holding Registers,2560,0,46628,0.034
2026-09-13 06:08:47.824,1,3,Read Holding Registers,1260,12,2693,0.475
2026-09-13 06:08:47.875,1,3,Read Holding Registers,6183,3840,55239,0.051
2026-09-13 06:08:49.892,1,3,Read Holding Registers,1200,5,7813,0.06
2026-09-13 06:08:49.926,1,3,Read Holding Registers,2560,0,46628,0.034
2026-09-13 06:08:51.324,1,3,Read Holding Registers,1260,12,2693,0.475
2026-09-13 06:08:51.375,1,3,Read Holding Registers,6183,3840,55239,0.051
2026-09-13 06:08:53.393,1,3,Read Holding Registers,1200,5,7813,0.06
2026-09-13 06:08:53.426,1,3,Read Holding Registers,2560,0,46628,0.033
2026-09-13 06:08:54.825,1,3,Read Holding Registers,1260,12,2693,0.476
2026-09-13 06:08:54.875,1,3,Read Holding Registers,6183,3840,55239,0.05
2026-09-13 06:08:56.893,1,3,Read Holding Registers,1200,5,7813,0.06
2026-09-13 06:08:56.927,1,3,Read Holding Registers,2560,0,46628,0.034
2026-09-13 06:08:58.325,1,3,Read Holding Registers,1260,12,2693,0.476
2026-09-13 06:08:58.375,1,3,Read Holding Registers,6183,3840,55239,0.05
2026-09-13 06:09:00.393,1,3,Read Holding Registers,1200,5,7813,0.06
2026-09-13 06:09:00.427,1,3,Read Holding Registers,2560,0,46628,0.034
2026-09-13 06:09:01.825,1,3,Read Holding Registers,1260,12,2693,0.475
2026-09-13 06:09:01.876,1,3,Read Holding Registers,6183,3840,55239,0.051
2026-09-13 06:09:03.893,1,3,Read Holding Registers,1200,5,7813,0.06
2026-09-13 06:09:03.927,1,3,Read Holding Registers,2560,0,46628,0.034
2026-09-13 06:09:05.325,1,3,Read Holding Registers,1260,12,2693,0.476
2026-09-13 06:09:05.376,1,3,Read Holding Registers,6183,3840,55239,0.051
2026-09-13 06:09:07.393,1,3,Read Holding Registers,1200,5,7813,0.06
2026-09-13 06:09:07.427,1,3,Read Holding Registers,2560,0,46628,0.034
2026-09-13 06:09:08.830,1,3,Read Holding Registers,1260,12,2693,0.475
2026-09-13 06:09:08.881,1,3,Read Holding Registers,6183,3840,55239,0.051
2026-09-13 06:09:10.898,1,3,Read Holding Registers,1200,5,7813,0.06
2026-09-13 06:09:10.932,1,3,Read Holding Registers,2560,0,46628,0.034
2026-09-13 06:09:12.330,1,3,Read Holding Registers,1260,12,2693,0.475
2026-09-13 06:09:12.381,1,3,Read Holding Registers,6183,3840,55239,0.051
2026-09-13 06:09:14.398,1,3,Read Holding Registers,1200,5,7813,0.06
2026-09-13 06:09:14.432,1,3,Read Holding Registers,2560,0,46628,0.034
2026-09-13 06:09:15.830,1,3,Read Holding Registers,1260,12,2693,0.475
2026-09-13 06:09:15.881,1,3,Read Holding Registers,6183,3840,55239,0.051
2026-09-13 06:09:17.898,1,3,Read Holding Registers,1200,5,7813,0.06
2026-09-13 06:09:17.932,1,3,Read Holding Registers,2560,0,46628,0.034
2026-09-13 06:09:19.330,1,3,Read Holding Registers,1260,12,2693,0.475
2026-09-13 06:09:19.381,1,3,Read Holding Registers,6183,3840,55239,0.051
2026-09-13 06:09:21.398,1,3,Read Holding Registers,1200,5,7813,0.06
2026-09-13 06:09:21.432,1,3,Read Holding Registers,2560,0,46628,0.034
2026-09-13 06:09:22.830,1,3,Read Holding Registers,1260,12,2693,0.475
2026-09-13 06:09:22.881,1,3,Read Holding Registers,6183,3840,55239,0.051
2026-09-13 06:09:24.898,1,3,Read Holding Registers,1200,5,7813,0.06
2026-09-13 06:09:24.932,1,3,Read Holding Registers,2560,0,46628,0.034
2026-09-13 06:09:26.330,1,3,Read Holding Registers,1260,12,2693,0.475
2026-09-13 06:09:26.381,1,3,Read Holding Registers,6183,3840,55239,0.051
2026-09-13 06:09:28.398,1,3,Read Holding Registers,1200,5,7813,0.06
2026-09-13 06:09:28.432,1,3,Read Holding Registers,2560,0,46628,0.034
2026-09-13 06:09:29.830,1,3,Read Holding Registers,1260,12,2693,0.475
2026-09-13 06:09:29.881,1,3,Read Holding Registers,6183,3840,55239,0.051
2026-09-13 06:09:31.899,1,3,Read Holding Registers,1200,5,7813,0.061
2026-09-13 06:09:31.933,1,3,Read Holding Registers,2560,0,46628,0.034
2026-09-13 06:09:33.330,1,3,Read Holding Registers,1260,12,2693,0.475
2026-09-13 06:09:33.381,1,3,Read Holding Registers,6183,3840,56799,0.051
2026-09-13 06:09:35.399,1,3,Read Holding Registers,1200,5,7813,0.06
2026-09-13 06:09:35.433,1,3,Read Holding Registers,2560,0,46628,0.034
2026-09-13 06:09:36.831,1,3,Read Holding Registers,1260,12,2693,0.476
2026-09-13 06:09:36.881,1,3,Read Holding Registers,6183,3840,56799,0.05
2026-09-13 06:09:38.899,1,3,Read Holding Registers,1200,5,7813,0.06
2026-09-13 06:09:38.933,1,3,Read Holding Registers,2560,0,46628,0.034
2026-09-13 06:09:40.331,1,3,Read Holding Registers,1260,12,2693,0.476
2026-09-13 06:09:40.382,1,3,Read Holding Registers,6183,3840,56799,0.051
2026-09-13 06:09:42.399,1,3,Read Holding Registers,1200,5,7813,0.06
2026-09-13 06:09:42.433,1,3,Read Holding Registers,2560,0,46628,0.034
2026-09-13 06:09:43.831,1,3,Read Holding Registers,1260,12,2693,0.476
2026-09-13 06:09:43.882,1,3,Read Holding Registers,6183,3840,56799,0.051
2026-09-13 06:09:45.899,1,3,Read Holding Registers,1200,5,7813,0.06
2026-09-13 06:09:45.933,1,3,Read Holding Registers,2560,0,46628,0.034
2026-09-13 06:09:47.331,1,3,Read Holding Registers,1260,12,2693,0.475
2026-09-13 06:09:47.382,1,3,Read Holding Registers,6183,3840,56799,0.051
2026-09-13 06:09:49.399,1,3,Read Holding Registers,1200,5,7813,0.06
2026-09-13 06:09:49.433,1,3,Read Holding Registers,2560,0,46628,0.034
2026-09-13 06:09:50.831,1,3,Read Holding Registers,1260,12,2693,0.475
2026-09-13 06:09:50.882,1,3,Read Holding Registers,6183,3840,56799,0.051
2026-09-13 06:09:52.899,1,3,Read Holding Registers,1200,5,7813,0.06
2026-09-13 06:09:52.933,1,3,Read Holding Registers,2560,0,46628,0.034
2026-09-13 06:09:54.331,1,3,Read Holding Registers,1260,12,2693,0.475
2026-09-13 06:09:54.382,1,3,Read Holding Registers,6183,3840,56863,0.051
2026-09-13 06:09:56.399,1,3,Read Holding Registers,1200,5,7813,0.06
2026-09-13 06:09:56.433,1,3,Read Holding Registers,2560,0,46628,0.034
2026-09-13 06:09:57.831,1,3,Read Holding Registers,1260,12,2693,0.475
2026-09-13 06:09:57.882,1,3,Read Holding Registers,6183,3840,56863,0.051
2026-09-13 06:09:59.899,1,3,Read Holding Registers,1200,5,7813,0.06
2026-09-13 06:09:59.933,1,3,Read Holding Registers,2560,0,46628,0.034
2026-09-13 06:10:01.331,1,3,Read Holding Registers,1260,12,2693,0.475
2026-09-13 06:10:01.382,1,3,Read Holding Registers,6183,3840,56863,0.051
2026-09-13 06:10:03.399,1,3,Read Holding Registers,1200,5,7813,0.06
2026-09-13 06:10:03.433,1,3,Read Holding Registers,2560,0,46628,0.034
2026-09-13 06:10:04.831,1,3,Read Holding Registers,1260,12,2693,0.475
2026-09-13 06:10:04.882,1,3,Read Holding Registers,6183,3840,56863,0.051
2026-09-13 06:10:06.900,1,3,Read Holding Registers,1200,5,7813,0.061
2026-09-13 06:10:06.934,1,3,Read Holding Registers,2560,0,46628,0.034
2026-09-13 06:10:08.331,1,3,Read Holding Registers,1260,12,2693,0.475
2026-09-13 06:10:08.382,1,3,Read Holding Registers,6183,3840,56863,0.051
2026-09-13 06:10:10.400,1,3,Read Holding Registers,1200,5,7813,0.061
2026-09-13 06:10:10.433,1,3,Read Holding Registers,2560,0,46628,0.033
2026-09-13 06:10:11.831,1,3,Read Holding Registers,1260,12,2693,0.409
2026-09-13 06:10:11.881,1,3,Read Holding Registers,6183,3840,7758,0.05
2026-09-13 06:10:13.900,1,3,Read Holding Registers,1200,5,7813,0.061
2026-09-13 06:10:13.933,1,3,Read Holding Registers,2560,0,46628,0.033
2026-09-13 06:10:15.331,1,3,Read Holding Registers,1260,12,2693,0.475
2026-09-13 06:10:15.382,1,3,Read Holding Registers,6183,3840,7758,0.051
2026-09-13 06:10:17.400,1,3,Read Holding Registers,1200,5,7813,0.06
2026-09-13 06:10:17.434,1,3,Read Holding Registers,2560,0,46628,0.034
2026-09-13 06:10:18.832,1,3,Read Holding Registers,1260,12,2693,0.476
2026-09-13 06:10:18.882,1,3,Read Holding Registers,6183,3840,7758,0.05
2026-09-13 06:10:20.900,1,3,Read Holding Registers,1200,5,7813,0.06
2026-09-13 06:10:20.934,1,3,Read Holding Registers,2560,0,46628,0.034
2026-09-13 06:10:22.332,1,3,Read Holding Registers,1260,12,2693,0.476
2026-09-13 06:10:22.383,1,3,Read Holding Registers,6183,3840,7758,0.051
2026-09-13 06:10:24.400,1,3,Read Holding Registers,1200,5,7813,0.06
2026-09-13 06:10:24.434,1,3,Read Holding Registers,2560,0,46628,0.034
2026-09-13 06:10:25.832,1,3,Read Holding Registers,1260,12,2693,0.475
2026-09-13 06:10:25.883,1,3,Read Holding Registers,6183,3840,7758,0.051
2026-09-13 06:10:27.900,1,3,Read Holding Registers,1200,5,7813,0.06
2026-09-13 06:10:27.934,1,3,Read Holding Registers,2560,0,46628,0.034
2026-09-13 06:10:29.332,1,3,Read Holding Registers,1260,12,2693,0.475
2026-09-13 06:10:29.383,1,3,Read Holding Registers,6183,3840,7758,0.051
2026-09-13 06:10:31.400,1,3,Read Holding Registers,1200,5,7813,0.06
2026-09-13 06:10:31.434,1,3,Read Holding Registers,2560,0,46628,0.034
2026-09-13 06:10:32.832,1,3,Read Holding Registers,1260,12,2693,0.475
2026-09-13 06:10:32.883,1,3,Read Holding Registers,6183,3840,7758,0.051
2026-09-13 06:10:34.900,1,3,Read Holding Registers,1200,5,7813,0.06
2026-09-13 06:10:34.934,1,3,Read Holding Registers,2560,0,46628,0.034
2026-09-13 06:10:36.332,1,3,Read Holding Registers,1260,12,2693,0.475
2026-09-13 06:10:36.383,1,3,Read Holding Registers,6183,3840,7758,0.051
2026-09-13 06:10:38.400,1,3,Read Holding Registers,1200,5,7813,0.06
2026-09-13 06:10:38.434,1,3,Read Holding Registers,2560,0,46628,0.034
2026-09-13 06:10:39.832,1,3,Read Holding Registers,1260,12,2693,0.475
2026-09-13 06:10:39.883,1,3,Read Holding Registers,6183,3840,7758,0.051
2026-09-13 06:10:41.900,1,3,Read Holding Registers,1200,5,7813,0.06
2026-09-13 06:10:41.934,1,3,Read Holding Registers,2560,0,46628,0.034
2026-09-13 06:10:43.332,1,3,Read Holding Registers,1260,12,2693,0.475
2026-09-13 06:10:43.383,1,3,Read Holding Registers,6183,3840,7758,0.051
2026-09-13 06:10:45.401,1,3,Read Holding Registers,1200,5,7813,0.061
2026-09-13 06:10:45.434,1,3,Read Holding Registers,2560,0,46628,0.033
2026-09-13 06:10:46.832,1,3,Read Holding Registers,1260,12,2693,0.475
2026-09-13 06:10:46.883,1,3,Read Holding Registers,6183,3840,7758,0.051
2026-09-13 06:10:48.900,1,3,Read Holding Registers,1200,5,7813,0.06
2026-09-13 06:10:48.934,1,3,Read Holding Registers,2560,0,46628,0.034
2026-09-13 06:10:50.332,1,3,Read Holding Registers,1260,12,2693,0.475
2026-09-13 06:10:50.383,1,3,Read Holding Registers,6183,3840,7758,0.051
2026-09-13 06:10:52.401,1,3,Read Holding Registers,1200,5,7813,0.061
2026-09-13 06:10:52.434,1,3,Read Holding Registers,2560,0,46628,0.033
2026-09-13 06:10:53.832,1,3,Read Holding Registers,1260,12,2693,0.475
2026-09-13 06:10:53.883,1,3,Read Holding Registers,6183,3840,7758,0.051
2026-09-13 06:10:55.901,1,3,Read Holding Registers,1200,5,7813,0.06
2026-09-13 06:10:55.934,1,3,Read Holding Registers,2560,0,46628,0.033
2026-09-13 06:10:57.333,1,3,Read Holding Registers,1260,12,2693,0.476
2026-09-13 06:10:57.383,1,3,Read Holding Registers,6183,3840,7758,0.05
2026-09-13 06:10:59.401,1,3,Read Holding Registers,1200,5,7813,0.06
2026-09-13 06:10:59.435,1,3,Read Holding Registers,2560,0,46628,0.034
2026-09-13 06:11:00.833,1,3,Read Holding Registers,1260,12,2693,0.476
2026-09-13 06:11:00.883,1,3,Read Holding Registers,6183,3840,7758,0.05
2026-09-13 06:11:02.901,1,3,Read Holding Registers,1200,5,7813,0.06
2026-09-13 06:11:02.935,1,3,Read Holding Registers,2560,0,46628,0.034
2026-09-13 06:11:04.333,1,3,Read Holding Registers,1260,12,2693,0.476
2026-09-13 06:11:04.384,1,3,Read Holding Registers,6183,3840,7758,0.051
2026-09-13 06:11:06.401,1,3,Read Holding Registers,1200,5,7813,0.06
2026-09-13 06:11:06.435,1,3,Read Holding Registers,2560,0,46628,0.034
2026-09-13 06:11:07.833,1,3,Read Holding Registers,1260,12,2693,0.475
2026-09-13 06:11:07.884,1,3,Read Holding Registers,6183,3840,7758,0.051
2026-09-13 06:11:09.901,1,3,Read Holding Registers,1200,5,7813,0.06
2026-09-13 06:11:09.935,1,3,Read Holding Registers,2560,0,46628,0.034
2026-09-13 06:11:11.333,1,3,Read Holding Registers,1260,12,2693,0.475
2026-09-13 06:11:11.384,1,3,Read Holding Registers,6183,3840,7758,0.051
2026-09-13 06:11:13.401,1,3,Read Holding Registers,1200,5,7813,0.06
2026-09-13 06:11:13.435,1,3,Read Holding Registers,2560,0,46628,0.034
2026-09-13 06:11:14.833,1,3,Read Holding Registers,1260,12,2693,0.475
2026-09-13 06:11:14.884,1,3,Read Holding Registers,6183,3840,7758,0.051
2026-09-13 06:11:16.901,1,3,Read Holding Registers,1200,5,7813,0.06
2026-09-13 06:11:16.935,1,3,Read Holding Registers,2560,0,46628,0.034
2026-09-13 06:11:18.333,1,3,Read Holding Registers,1260,12,2693,0.475
2026-09-13 06:11:18.384,1,3,Read Holding Registers,6183,3840,7758,0.051
2026-09-13 06:11:20.401,1,3,Read Holding Registers,1200,5,7813,0.06
2026-09-13 06:11:20.435,1,3,Read Holding Registers,2560,0,46628,0.034
2026-09-13 06:11:21.833,1,3,Read Holding Registers,1260,12,2693,0.475
2026-09-13 06:11:21.884,1,3,Read Holding Registers,6183,3840,7758,0.051
2026-09-13 06:11:23.901,1,3,Read Holding Registers,1200,5,7813,0.06
2026-09-13 06:11:23.935,1,3,Read Holding Registers,2560,0,46628,0.034
2026-09-13 06:11:25.333,1,3,Read Holding Registers,1260,12,2693,0.475
2026-09-13 06:11:25.384,1,3,Read Holding Registers,6183,3840,7758,0.051
2026-09-13 06:11:27.401,1,3,Read Holding Registers,1200,5,7813,0.06
2026-09-13 06:11:27.435,1,3,Read Holding Registers,2560,0,46628,0.034
2026-09-13 06:11:28.833,1,3,Read Holding Registers,1260,12,2693,0.475
2026-09-13 06:11:28.884,1,3,Read Holding Registers,6183,3840,7758,0.051
2026-09-13 06:11:31.523,1,3,Read Holding Registers,1200,5,7813,0.06
2026-09-13 06:11:31.557,1,3,Read Holding Registers,2560,0,46628,0.034
2026-09-13 06:11:32.591,1,3,Read Holding Registers,1260,12,2693,0.475
2026-09-13 06:11:32.642,1,3,Read Holding Registers,6183,3840,7758,0.051
2026-09-13 06:11:34.660,1,3,Read Holding Registers,1200,5,7813,0.061
2026-09-13 06:11:34.693,1,3,Read Holding Registers,2560,0,46628,0.033
2026-09-13 06:11:36.091,1,3,Read Holding Registers,1260,12,2693,0.475
2026-09-13 06:11:36.142,1,3,Read Holding Registers,6183,3840,7758,0.051
2026-09-13 06:11:38.160,1,3,Read Holding Registers,1200,5,7813,0.06
2026-09-13 06:11:38.193,1,3,Read Holding Registers,2560,0,46628,0.033
2026-09-13 06:11:39.592,1,3,Read Holding Registers,1260,12,2693,0.476
2026-09-13 06:11:39.642,1,3,Read Holding Registers,6183,3840,7758,0.05
2026-09-13 06:11:41.660,1,3,Read Holding Registers,1200,5,7813,0.06
2026-09-13 06:11:41.694,1,3,Read Holding Registers,2560,0,46628,0.034
2026-09-13 06:11:43.092,1,3,Read Holding Registers,1260,12,2693,0.476
2026-09-13 06:11:43.142,1,3,Read Holding Registers,6183,3840,7878,0.05
2026-09-13 06:11:45.160,1,3,Read Holding Registers,1200,5,7813,0.06
2026-09-13 06:11:45.194,1,3,Read Holding Registers,2560,0,46628,0.034
2026-09-13 06:11:46.592,1,3,Read Holding Registers,1260,12,2693,0.476
2026-09-13 06:11:46.642,1,3,Read Holding Registers,6183,3840,7878,0.05
2026-09-13 06:11:48.660,1,3,Read Holding Registers,1200,5,7813,0.06
2026-09-13 06:11:48.694,1,3,Read Holding Registers,2560,0,46628,0.034
2026-09-13 06:11:50.092,1,3,Read Holding Registers,1260,12,2693,0.475
2026-09-13 06:11:50.143,1,3,Read Holding Registers,6183,3840,7878,0.051
2026-09-13 06:11:52.160,1,3,Read Holding Registers,1200,5,7813,0.06
2026-09-13 06:11:52.194,1,3,Read Holding Registers,2560,0,46628,0.034
2026-09-13 06:11:53.592,1,3,Read Holding Registers,1260,12,2693,0.475
2026-09-13 06:11:53.643,1,3,Read Holding Registers,6183,3840,7878,0.051
2026-09-13 06:11:55.660,1,3,Read Holding Registers,1200,5,7813,0.06
2026-09-13 06:11:55.694,1,3,Read Holding Registers,2560,0,46628,0.034
2026-09-13 06:11:57.092,1,3,Read Holding Registers,1260,12,2693,0.475
2026-09-13 06:11:57.143,1,3,Read Holding Registers,6183,3840,7878,0.051
2026-09-13 06:11:59.160,1,3,Read Holding Registers,1200,5,7813,0.06
2026-09-13 06:11:59.194,1,3,Read Holding Registers,2560,0,46628,0.034
2026-09-13 06:12:00.592,1,3,Read Holding Registers,1260,12,2693,0.475
2026-09-13 06:12:00.643,1,3,Read Holding Registers,6183,3840,7878,0.051
2026-09-13 06:12:02.660,1,3,Read Holding Registers,1200,5,7813,0.06
2026-09-13 06:12:02.694,1,3,Read Holding Registers,2560,0,46628,0.034
2026-09-13 06:12:04.092,1,3,Read Holding Registers,1260,12,2693,0.475
2026-09-13 06:12:04.143,1,3,Read Holding Registers,6183,3840,7878,0.051
2026-09-13 06:12:06.160,1,3,Read Holding Registers,1200,5,7813,0.06
2026-09-13 06:12:06.194,1,3,Read Holding Registers,2560,0,46628,0.034
2026-09-13 06:12:07.592,1,3,Read Holding Registers,1260,12,2693,0.475
2026-09-13 06:12:07.643,1,3,Read Holding Registers,6183,3840,7878,0.051
2026-09-13 06:12:09.660,1,3,Read Holding Registers,1200,5,7813,0.06
2026-09-13 06:12:09.694,1,3,Read Holding Registers,2560,0,46628,0.034
2026-09-13 06:12:11.092,1,3,Read Holding Registers,1260,12,2693,0.475
2026-09-13 06:12:11.143,1,3,Read Holding Registers,6183,3840,7878,0.051
2026-09-13 06:12:13.160,1,3,Read Holding Registers,1200,5,7813,0.06
2026-09-13 06:12:13.194,1,3,Read Holding Registers,2560,0,46628,0.034
2026-09-13 06:12:14.592,1,3,Read Holding Registers,1260,12,2693,0.475
2026-09-13 06:12:14.643,1,3,Read Holding Registers,6183,3840,7878,0.051
2026-09-13 06:12:16.661,1,3,Read Holding Registers,1200,5,7813,0.061
2026-09-13 06:12:16.694,1,3,Read Holding Registers,2560,0,46628,0.033
2026-09-13 06:12:18.092,1,3,Read Holding Registers,1260,12,2693,0.475
2026-09-13 06:12:18.143,1,3,Read Holding Registers,6183,3840,7878,0.051
2026-09-13 06:12:20.161,1,3,Read Holding Registers,1200,5,7813,0.06
2026-09-13 06:12:20.195,1,3,Read Holding Registers,2560,0,46628,0.034
2026-09-13 06:12:21.593,1,3,Read Holding Registers,1260,12,2693,0.476
2026-09-13 06:12:21.643,1,3,Read Holding Registers,6183,3840,7878,0.05
2026-09-13 06:12:23.661,1,3,Read Holding Registers,1200,5,7813,0.06
2026-09-13 06:12:23.695,1,3,Read Holding Registers,2560,0,46628,0.034
2026-09-13 06:12:25.093,1,3,Read Holding Registers,1260,12,2693,0.476
2026-09-13 06:12:25.144,1,3,Read Holding Registers,6183,3840,23170,0.051
2026-09-13 06:12:27.161,1,3,Read Holding Registers,1200,5,7813,0.06
2026-09-13 06:12:27.195,1,3,Read Holding Registers,2560,0,46628,0.034
2026-09-13 06:12:28.593,1,3,Read Holding Registers,1260,12,2693,0.476
2026-09-13 06:12:28.644,1,3,Read Holding Registers,6183,3840,23170,0.051
2026-09-13 06:12:30.661,1,3,Read Holding Registers,1200,5,7813,0.06
2026-09-13 06:12:30.695,1,3,Read Holding Registers,2560,0,46628,0.034
2026-09-13 06:12:32.093,1,3,Read Holding Registers,1260,12,2693,0.475
2026-09-13 06:12:32.144,1,3,Read Holding Registers,6183,3840,23170,0.051
2026-09-13 06:12:34.161,1,3,Read Holding Registers,1200,5,7813,0.06
2026-09-13 06:12:34.195,1,3,Read Holding Registers,2560,0,46628,0.034
2026-09-13 06:12:35.593,1,3,Read Holding Registers,1260,12,2693,0.475
2026-09-13 06:12:35.644,1,3,Read Holding Registers,6183,3840,23170,0.051
2026-09-13 06:12:37.661,1,3,Read Holding Registers,1200,5,7813,0.06
2026-09-13 06:12:37.695,1,3,Read Holding Registers,2560,0,46628,0.034
2026-09-13 06:12:39.093,1,3,Read Holding Registers,1260,12,2693,0.475
2026-09-13 06:12:39.144,1,3,Read Holding Registers,6183,3840,23170,0.051
2026-09-13 06:12:41.161,1,3,Read Holding Registers,1200,5,7813,0.06
2026-09-13 06:12:41.195,1,3,Read Holding Registers,2560,0,46628,0.034
2026-09-13 06:12:42.593,1,3,Read Holding Registers,1260,12,2693,0.475
2026-09-13 06:12:42.644,1,3,Read Holding Registers,6183,3840,23170,0.051
2026-09-13 06:12:44.661,1,3,Read Holding Registers,1200,5,7813,0.06
2026-09-13 06:12:44.695,1,3,Read Holding Registers,2560,0,46628,0.034
2026-09-13 06:12:46.093,1,3,Read Holding Registers,1260,12,2693,0.077
2026-09-13 06:12:46.143,1,3,Read Holding Registers,6183,3840,24462,0.05
2026-09-13 06:12:48.161,1,3,Read Holding Registers,1200,5,7813,0.06
2026-09-13 06:12:48.195,1,3,Read Holding Registers,2560,0,46628,0.034
2026-09-13 06:12:49.593,1,3,Read Holding Registers,1260,12,2693,0.475
2026-09-13 06:12:49.644,1,3,Read Holding Registers,6183,3840,24462,0.051
2026-09-13 06:12:51.661,1,3,Read Holding Registers,1200,5,7813,0.06
2026-09-13 06:12:51.695,1,3,Read Holding Registers,2560,0,46628,0.034
2026-09-13 06:12:53.093,1,3,Read Holding Registers,1260,12,2693,0.475
2026-09-13 06:12:53.144,1,3,Read Holding Registers,6183,3840,24462,0.051
2026-09-13 06:12:55.161,1,3,Read Holding Registers,1200,5,7813,0.06
2026-09-13 06:12:55.195,1,3,Read Holding Registers,2560,0,46628,0.034
2026-09-13 06:12:56.593,1,3,Read Holding Registers,1260,12,2693,0.475
2026-09-13 06:12:56.644,1,3,Read Holding Registers,6183,3840,24462,0.051
2026-09-13 06:12:58.662,1,3,Read Holding Registers,1200,5,7813,0.061
2026-09-13 06:12:58.696,1,3,Read Holding Registers,2560,0,46628,0.034
2026-09-13 06:13:00.093,1,3,Read Holding Registers,1260,12,2693,0.475
2026-09-13 06:13:00.144,1,3,Read Holding Registers,6183,3840,24462,0.051
2026-09-13 06:13:02.162,1,3,Read Holding Registers,1200,5,7813,0.06
2026-09-13 06:13:02.196,1,3,Read Holding Registers,2560,0,46628,0.034
2026-09-13 06:13:03.594,1,3,Read Holding Registers,1260,12,2693,0.476
2026-09-13 06:13:03.644,1,3,Read Holding Registers,6183,3840,24462,0.05
2026-09-13 06:13:05.662,1,3,Read Holding Registers,1200,5,7813,0.06
2026-09-13 06:13:05.696,1,3,Read Holding Registers,2560,0,46628,0.034
2026-09-13 06:13:07.094,1,3,Read Holding Registers,1260,12,2693,0.476
2026-09-13 06:13:07.145,1,3,Read Holding Registers,6183,3840,50711,0.051
2026-09-13 06:13:09.162,1,3,Read Holding Registers,1200,5,7813,0.06
2026-09-13 06:13:09.196,1,3,Read Holding Registers,2560,0,46628,0.034
2026-09-13 06:13:10.594,1,3,Read Holding Registers,1260,12,2693,0.476
2026-09-13 06:13:10.645,1,3,Read Holding Registers,6183,3840,50711,0.051
2026-09-13 06:13:12.662,1,3,Read Holding Registers,1200,5,7813,0.06
2026-09-13 06:13:12.696,1,3,Read Holding Registers,2560,0,46628,0.034
2026-09-13 06:13:14.094,1,3,Read Holding Registers,1260,12,2693,0.475
2026-09-13 06:13:14.145,1,3,Read Holding Registers,6183,3840,50711,0.051
2026-09-13 06:13:16.162,1,3,Read Holding Registers,1200,5,7813,0.06
2026-09-13 06:13:16.196,1,3,Read Holding Registers,2560,0,46628,0.034
2026-09-13 06:13:17.594,1,3,Read Holding Registers,1260,12,2693,0.475
2026-09-13 06:13:17.645,1,3,Read Holding Registers,6183,3840,50711,0.051
2026-09-13 06:13:19.662,1,3,Read Holding Registers,1200,5,7813,0.06
2026-09-13 06:13:19.696,1,3,Read Holding Registers,2560,0,46628,0.034
2026-09-13 06:13:21.094,1,3,Read Holding Registers,1260,12,2693,0.475
2026-09-13 06:13:21.145,1,3,Read Holding Registers,6183,3840,50711,0.051
2026-09-13 06:13:23.162,1,3,Read Holding Registers,1200,5,7813,0.06
2026-09-13 06:13:23.196,1,3,Read Holding Registers,2560,0,46628,0.034
2026-09-13 06:13:24.594,1,3,Read Holding Registers,1260,12,2693,0.475
2026-09-13 06:13:24.645,1,3,Read Holding Registers,6183,3840,50711,0.051
2026-09-13 06:13:26.662,1,3,Read Holding Registers,1200,5,7813,0.06
2026-09-13 06:13:26.696,1,3,Read Holding Registers,2560,0,46628,0.034
2026-09-13 06:13:28.094,1,3,Read Holding Registers,1260,12,2693,0.475
2026-09-13 06:13:28.145,1,3,Read Holding Registers,6183,3840,50711,0.051
2026-09-13 06:13:30.162,1,3,Read Holding Registers,1200,5,7813,0.06
2026-09-13 06:13:30.196,1,3,Read Holding Registers,2560,0,46628,0.034
2026-09-13 06:13:31.594,1,3,Read Holding Registers,1260,12,2693,0.475
2026-09-13 06:13:31.645,1,3,Read Holding Registers,6183,3840,50711,0.051
2026-09-13 06:13:33.662,1,3,Read Holding Registers,1200,5,7813,0.06
2026-09-13 06:13:33.696,1,3,Read Holding Registers,2560,0,46628,0.034
2026-09-13 06:13:35.094,1,3,Read Holding Registers,1260,12,2693,0.475
2026-09-13 06:13:35.145,1,3,Read Holding Registers,6183,3840,50711,0.051
2026-09-13 06:13:37.162,1,3,Read Holding Registers,1200,5,7813,0.06
2026-09-13 06:13:37.196,1,3,Read Holding Registers,2560,0,46628,0.034
2026-09-13 06:13:38.594,1,3,Read Holding Registers,1260,12,2693,0.475
2026-09-13 06:13:38.645,1,3,Read Holding Registers,6183,3840,50711,0.051
2026-09-13 06:13:40.663,1,3,Read Holding Registers,1200,5,7813,0.061
2026-09-13 06:13:40.696,1,3,Read Holding Registers,2560,0,46628,0.033
2026-09-13 06:13:42.094,1,3,Read Holding Registers,1260,12,2693,0.475
2026-09-13 06:13:42.145,1,3,Read Holding Registers,6183,3840,50711,0.051
2026-09-13 06:13:44.163,1,3,Read Holding Registers,1200,5,7813,0.06
2026-09-13 06:13:44.196,1,3,Read Holding Registers,2560,0,46628,0.033
2026-09-13 06:13:45.595,1,3,Read Holding Registers,1260,12,2693,0.476
2026-09-13 06:13:45.645,1,3,Read Holding Registers,6183,3840,50711,0.05
2026-09-13 06:13:47.663,1,3,Read Holding Registers,1200,5,7813,0.06
2026-09-13 06:13:47.697,1,3,Read Holding Registers,2560,0,46628,0.034
2026-09-13 06:13:49.095,1,3,Read Holding Registers,1260,12,2693,0.476
2026-09-13 06:13:49.145,1,3,Read Holding Registers,6183,3840,50711,0.05
2026-09-13 06:13:51.163,1,3,Read Holding Registers,1200,5,7813,0.06
2026-09-13 06:13:51.197,1,3,Read Holding Registers,2560,0,46628,0.034
2026-09-13 06:13:52.595,1,3,Read Holding Registers,1260,12,2693,0.476
2026-09-13 06:13:52.646,1,3,Read Holding Registers,6183,3840,50711,0.051
2026-09-13 06:13:54.663,1,3,Read Holding Registers,1200,5,7813,0.06
2026-09-13 06:13:54.697,1,3,Read Holding Registers,2560,0,46628,0.034
2026-09-13 06:13:56.095,1,3,Read Holding Registers,1260,12,2693,0.476
2026-09-13 06:13:56.146,1,3,Read Holding Registers,6183,3840,50711,0.051
2026-09-13 06:13:58.163,1,3,Read Holding Registers,1200,5,7813,0.06
2026-09-13 06:13:58.197,1,3,Read Holding Registers,2560,0,46628,0.034
2026-09-13 06:13:59.595,1,3,Read Holding Registers,1260,12,2693,0.475
2026-09-13 06:13:59.646,1,3,Read Holding Registers,6183,3840,50711,0.051
2026-09-13 06:14:01.663,1,3,Read Holding Registers,1200,5,7813,0.06
2026-09-13 06:14:01.697,1,3,Read Holding Registers,2560,0,46628,0.034
2026-09-13 06:14:03.095,1,3,Read Holding Registers,1260,12,2693,0.475
2026-09-13 06:14:03.146,1,3,Read Holding Registers,6183,3840,50711,0.051
2026-09-13 06:14:05.163,1,3,Read Holding Registers,1200,5,7813,0.06
2026-09-13 06:14:05.197,1,3,Read Holding Registers,2560,0,46628,0.034
2026-09-13 06:14:06.595,1,3,Read Holding Registers,1260,12,2693,0.475
2026-09-13 06:14:06.646,1,3,Read Holding Registers,6183,3840,50711,0.051
2026-09-13 06:14:08.663,1,3,Read Holding Registers,1200,5,7813,0.06
2026-09-13 06:14:08.697,1,3,Read Holding Registers,2560,0,46628,0.034
2026-09-13 06:14:10.095,1,3,Read Holding Registers,1260,12,2693,0.264
2026-09-13 06:14:10.145,1,3,Read Holding Registers,6183,3840,1942,0.05
2026-09-13 06:14:12.163,1,3,Read Holding Registers,1200,5,7813,0.06
2026-09-13 06:14:12.197,1,3,Read Holding Registers,2560,0,46628,0.034
2026-09-13 06:14:13.595,1,3,Read Holding Registers,1260,12,2693,0.475
2026-09-13 06:14:13.646,1,3,Read Holding Registers,6183,3840,1942,0.051
2026-09-13 06:14:15.663,1,3,Read Holding Registers,1200,5,7813,0.06
2026-09-13 06:14:15.697,1,3,Read Holding Registers,2560,0,46628,0.034
2026-09-13 06:14:17.095,1,3,Read Holding Registers,1260,12,2693,0.475
2026-09-13 06:14:17.146,1,3,Read Holding Registers,6183,3840,1942,0.051
2026-09-13 06:14:19.163,1,3,Read Holding Registers,1200,5,7813,0.06
2026-09-13 06:14:19.197,1,3,Read Holding Registers,2560,0,46628,0.034
2026-09-13 06:14:20.595,1,3,Read Holding Registers,1260,12,2693,0.475
2026-09-13 06:14:20.646,1,3,Read Holding Registers,6183,3840,1942,0.051
2026-09-13 06:14:22.664,1,3,Read Holding Registers,1200,5,7813,0.061
2026-09-13 06:14:22.697,1,3,Read Holding Registers,2560,0,46628,0.033
2026-09-13 06:14:24.095,1,3,Read Holding Registers,1260,12,2693,0.475
2026-09-13 06:14:24.146,1,3,Read Holding Registers,6183,3840,1942,0.051
2026-09-13 06:14:26.164,1,3,Read Holding Registers,1200,5,7813,0.06
2026-09-13 06:14:26.197,1,3,Read Holding Registers,2560,0,46628,0.033
2026-09-13 06:14:27.596,1,3,Read Holding Registers,1260,12,2693,0.476
2026-09-13 06:14:27.646,1,3,Read Holding Registers,6183,3840,1942,0.05
2026-09-13 06:14:29.664,1,3,Read Holding Registers,1200,5,7813,0.06
2026-09-13 06:14:29.698,1,3,Read Holding Registers,2560,0,46628,0.034
2026-09-13 06:14:31.096,1,3,Read Holding Registers,1260,12,2693,0.476
2026-09-13 06:14:31.146,1,3,Read Holding Registers,6183,3840,1942,0.05
2026-09-13 06:14:33.164,1,3,Read Holding Registers,1200,5,7813,0.06
2026-09-13 06:14:33.198,1,3,Read Holding Registers,2560,0,46628,0.034
2026-09-13 06:14:34.596,1,3,Read Holding Registers,1260,12,2693,0.476
2026-09-13 06:14:34.647,1,3,Read Holding Registers,6183,3840,1942,0.051
2026-09-13 06:14:36.664,1,3,Read Holding Registers,1200,5,7813,0.06
2026-09-13 06:14:36.698,1,3,Read Holding Registers,2560,0,46628,0.034
2026-09-13 06:14:38.096,1,3,Read Holding Registers,1260,12,2693,0.475
2026-09-13 06:14:38.147,1,3,Read Holding Registers,6183,3840,1942,0.051
2026-09-13 06:14:40.164,1,3,Read Holding Registers,1200,5,7813,0.06
2026-09-13 06:14:40.198,1,3,Read Holding Registers,2560,0,46628,0.034
2026-09-13 06:14:41.596,1,3,Read Holding Registers,1260,12,2693,0.475
2026-09-13 06:14:41.647,1,3,Read Holding Registers,6183,3840,1942,0.051
2026-09-13 06:14:43.664,1,3,Read Holding Registers,1200,5,7813,0.06
2026-09-13 06:14:43.698,1,3,Read Holding Registers,2560,0,46628,0.034
2026-09-13 06:14:45.096,1,3,Read Holding Registers,1260,12,2693,0.475
2026-09-13 06:14:45.147,1,3,Read Holding Registers,6183,3840,1942,0.051
2026-09-13 06:14:47.164,1,3,Read Holding Registers,1200,5,7813,0.06
2026-09-13 06:14:47.198,1,3,Read Holding Registers,2560,0,46628,0.034
2026-09-13 06:14:48.596,1,3,Read Holding Registers,1260,12,2693,0.289
2026-09-13 06:14:48.646,1,3,Read Holding Registers,6183,3840,1942,0.05
2026-09-13 06:14:50.664,1,3,Read Holding Registers,1200,5,7813,0.06
2026-09-13 06:14:50.698,1,3,Read Holding Registers,2560,0,46628,0.034
2026-09-13 06:14:52.096,1,3,Read Holding Registers,1260,12,2693,0.475
2026-09-13 06:14:52.147,1,3,Read Holding Registers,6183,3840,1942,0.051
2026-09-13 06:14:54.164,1,3,Read Holding Registers,1200,5,7813,0.06
2026-09-13 06:14:54.198,1,3,Read Holding Registers,2560,0,46628,0.034
2026-09-13 06:14:55.596,1,3,Read Holding Registers,1260,12,2693,0.475
2026-09-13 06:14:55.647,1,3,Read Holding Registers,6183,3840,1942,0.051
2026-09-13 06:14:57.664,1,3,Read Holding Registers,1200,5,7813,0.06
2026-09-13 06:14:57.698,1,3,Read Holding Registers,2560,0,46628,0.034
2026-09-13 06:14:59.096,1,3,Read Holding Registers,1260,12,2693,0.475
2026-09-13 06:14:59.147,1,3,Read Holding Registers,6183,3840,1942,0.051
2026-09-13 06:15:01.164,1,3,Read Holding Registers,1200,5,7813,0.06
2026-09-13 06:15:01.198,1,3,Read Holding Registers,2560,0,46628,0.034
2026-09-13 06:15:02.596,1,3,Read Holding Registers,1260,12,2693,0.475
2026-09-13 06:15:02.647,1,3,Read Holding Registers,6183,3840,1942,0.051
2026-09-13 06:15:04.665,1,3,Read Holding Registers,1200,5,7813,0.061
2026-09-13 06:15:04.698,1,3,Read Holding Registers,2560,0,46628,0.033
2026-09-13 06:15:06.096,1,3,Read Holding Registers,1260,12,2693,0.475
2026-09-13 06:15:06.147,1,3,Read Holding Registers,6183,3840,1550,0.051
2026-09-13 06:15:08.165,1,3,Read Holding Registers,1200,5,7813,0.06
2026-09-13 06:15:08.198,1,3,Read Holding Registers,2560,0,46628,0.033
2026-09-13 06:15:09.597,1,3,Read Holding Registers,1260,12,2693,0.476
2026-09-13 06:15:09.647,1,3,Read Holding Registers,6183,3840,1550,0.05
2026-09-13 06:15:11.665,1,3,Read Holding Registers,1200,5,7813,0.06
2026-09-13 06:15:11.699,1,3,Read Holding Registers,2560,0,46628,0.034
2026-09-13 06:15:13.097,1,3,Read Holding Registers,1260,12,2693,0.476
2026-09-13 06:15:13.147,1,3,Read Holding Registers,6183,3840,1550,0.05
2026-09-13 06:15:15.165,1,3,Read Holding Registers,1200,5,7813,0.06
2026-09-13 06:15:15.199,1,3,Read Holding Registers,2560,0,46628,0.034
2026-09-13 06:15:16.597,1,3,Read Holding Registers,1260,12,2693,0.476
2026-09-13 06:15:16.647,1,3,Read Holding Registers,6183,3840,1550,0.05
2026-09-13 06:15:18.665,1,3,Read Holding Registers,1200,5,7813,0.06
2026-09-13 06:15:18.699,1,3,Read Holding Registers,2560,0,46628,0.034
2026-09-13 06:15:20.097,1,3,Read Holding Registers,1260,12,2693,0.475
2026-09-13 06:15:20.148,1,3,Read Holding Registers,6183,3840,1550,0.051
2026-09-13 06:15:22.165,1,3,Read Holding Registers,1200,5,7813,0.06
2026-09-13 06:15:22.199,1,3,Read Holding Registers,2560,0,46628,0.034
2026-09-13 06:15:23.597,1,3,Read Holding Registers,1260,12,2693,0.475
2026-09-13 06:15:23.648,1,3,Read Holding Registers,6183,3840,1550,0.051
2026-09-13 06:15:25.665,1,3,Read Holding Registers,1200,5,7813,0.06
2026-09-13 06:15:25.699,1,3,Read Holding Registers,2560,0,46628,0.034
2026-09-13 06:15:27.097,1,3,Read Holding Registers,1260,12,2693,0.475
2026-09-13 06:15:27.148,1,3,Read Holding Registers,6183,3840,1550,0.051
2026-09-13 06:15:29.165,1,3,Read Holding Registers,1200,5,7813,0.06
2026-09-13 06:15:29.199,1,3,Read Holding Registers,2560,0,46628,0.034
2026-09-13 06:15:30.597,1,3,Read Holding Registers,1260,12,2693,0.475
2026-09-13 06:15:30.648,1,3,Read Holding Registers,6183,3840,1550,0.051
2026-09-13 06:15:32.665,1,3,Read Holding Registers,1200,5,7813,0.06
2026-09-13 06:15:32.699,1,3,Read Holding Registers,2560,0,46628,0.034
2026-09-13 06:15:34.097,1,3,Read Holding Registers,1260,12,2693,0.475
2026-09-13 06:15:34.148,1,3,Read Holding Registers,6183,3840,1550,0.051
2026-09-13 06:15:36.165,1,3,Read Holding Registers,1200,5,7813,0.06
2026-09-13 06:15:36.199,1,3,Read Holding Registers,2560,0,46628,0.034
2026-09-13 06:15:37.597,1,3,Read Holding Registers,1260,12,2693,0.475
2026-09-13 06:15:37.648,1,3,Read Holding Registers,6183,3840,1550,0.051
2026-09-13 06:15:39.665,1,3,Read Holding Registers,1200,5,7813,0.06
2026-09-13 06:15:39.699,1,3,Read Holding Registers,2560,0,46628,0.034
2026-09-13 06:15:41.097,1,3,Read Holding Registers,1260,12,2693,0.475
2026-09-13 06:15:41.148,1,3,Read Holding Registers,6183,3840,1550,0.051
2026-09-13 06:15:43.165,1,3,Read Holding Registers,1200,5,7813,0.06
2026-09-13 06:15:43.199,1,3,Read Holding Registers,2560,0,46628,0.034
2026-09-13 06:15:44.597,1,3,Read Holding Registers,1260,12,2693,0.475
2026-09-13 06:15:44.648,1,3,Read Holding Registers,6183,3840,1550,0.051
2026-09-13 06:15:46.869,1,3,Read Holding Registers,1200,5,7813,0.06
2026-09-13 06:15:46.903,1,3,Read Holding Registers,2560,0,46628,0.034
2026-09-13 06:15:48.290,1,3,Read Holding Registers,1260,12,2693,0.475
2026-09-13 06:15:48.341,1,3,Read Holding Registers,6183,3840,63055,0.051
2026-09-13 06:15:50.359,1,3,Read Holding Registers,1200,5,7813,0.06
2026-09-13 06:15:50.392,1,3,Read Holding Registers,2560,0,46628,0.033
2026-09-13 06:15:51.791,1,3,Read Holding Registers,1260,12,2693,0.476
2026-09-13 06:15:51.841,1,3,Read Holding Registers,6183,3840,63055,0.05
2026-09-13 06:15:53.859,1,3,Read Holding Registers,1200,5,7813,0.06
2026-09-13 06:15:53.893,1,3,Read Holding Registers,2560,0,46628,0.034
2026-09-13 06:15:55.291,1,3,Read Holding Registers,1260,12,2693,0.476
2026-09-13 06:15:55.341,1,3,Read Holding Registers,6183,3840,63055,0.05
2026-09-13 06:15:57.359,1,3,Read Holding Registers,1200,5,7813,0.06
2026-09-13 06:15:57.393,1,3,Read Holding Registers,2560,0,46628,0.034
2026-09-13 06:15:58.791,1,3,Read Holding Registers,1260,12,2693,0.476
2026-09-13 06:15:58.841,1,3,Read Holding Registers,6183,3840,63055,0.05
2026-09-13 06:16:00.859,1,3,Read Holding Registers,1200,5,7813,0.06
2026-09-13 06:16:00.893,1,3,Read Holding Registers,2560,0,46628,0.034
2026-09-13 06:16:02.291,1,3,Read Holding Registers,1260,12,2693,0.475
2026-09-13 06:16:02.342,1,3,Read Holding Registers,6183,3840,63055,0.051
2026-09-13 06:16:04.359,1,3,Read Holding Registers,1200,5,7813,0.06
2026-09-13 06:16:04.393,1,3,Read Holding Registers,2560,0,46628,0.034
2026-09-13 06:16:05.791,1,3,Read Holding Registers,1260,12,2693,0.475
2026-09-13 06:16:05.842,1,3,Read Holding Registers,6183,3840,63055,0.051
2026-09-13 06:16:07.859,1,3,Read Holding Registers,1200,5,7813,0.06
2026-09-13 06:16:07.893,1,3,Read Holding Registers,2560,0,46628,0.034
2026-09-13 06:16:09.291,1,3,Read Holding Registers,1260,12,2693,0.475
2026-09-13 06:16:09.342,1,3,Read Holding Registers,6183,3840,63055,0.051
2026-09-13 06:16:11.359,1,3,Read Holding Registers,1200,5,7813,0.06
2026-09-13 06:16:11.393,1,3,Read Holding Registers,2560,0,46628,0.034
2026-09-13 06:16:12.791,1,3,Read Holding Registers,1260,12,2693,0.475
2026-09-13 06:16:12.842,1,3,Read Holding Registers,6183,3840,38486,0.051
2026-09-13 06:16:14.859,1,3,Read Holding Registers,1200,5,7813,0.06
2026-09-13 06:16:14.893,1,3,Read Holding Registers,2560,0,46628,0.034
2026-09-13 06:16:16.291,1,3,Read Holding Registers,1260,12,2693,0.475
2026-09-13 06:16:16.342,1,3,Read Holding Registers,6183,3840,38486,0.051
2026-09-13 06:16:18.359,1,3,Read Holding Registers,1200,5,7813,0.06
2026-09-13 06:16:18.393,1,3,Read Holding Registers,2560,0,46628,0.034
2026-09-13 06:16:19.791,1,3,Read Holding Registers,1260,12,2693,0.475
2026-09-13 06:16:19.842,1,3,Read Holding Registers,6183,3840,38486,0.051
2026-09-13 06:16:21.859,1,3,Read Holding Registers,1200,5,7813,0.06
2026-09-13 06:16:21.893,1,3,Read Holding Registers,2560,0,46628,0.034
2026-09-13 06:16:23.291,1,3,Read Holding Registers,1260,12,2693,0.475
2026-09-13 06:16:23.342,1,3,Read Holding Registers,6183,3840,38486,0.051
2026-09-13 06:16:25.359,1,3,Read Holding Registers,1200,5,7813,0.06
2026-09-13 06:16:25.393,1,3,Read Holding Registers,2560,0,46628,0.034
2026-09-13 06:16:26.791,1,3,Read Holding Registers,1260,12,2693,0.475
2026-09-13 06:16:26.842,1,3,Read Holding Registers,6183,3840,38486,0.051
2026-09-13 06:16:28.860,1,3,Read Holding Registers,1200,5,7813,0.061
2026-09-13 06:16:28.893,1,3,Read Holding Registers,2560,0,46628,0.033
2026-09-13 06:16:30.291,1,3,Read Holding Registers,1260,12,2693,0.475
2026-09-13 06:16:30.342,1,3,Read Holding Registers,6183,3840,38486,0.051
2026-09-13 06:16:32.360,1,3,Read Holding Registers,1200,5,7813,0.061
2026-09-13 06:16:32.393,1,3,Read Holding Registers,2560,0,46628,0.033
2026-09-13 06:16:33.791,1,3,Read Holding Registers,1260,12,2693,0.475
2026-09-13 06:16:33.843,1,3,Read Holding Registers,6183,3840,22086,0.052
2026-09-13 06:16:35.860,1,3,Read Holding Registers,1200,5,7813,0.06
2026-09-13 06:16:35.894,1,3,Read Holding Registers,2560,0,46628,0.034
2026-09-13 06:16:37.292,1,3,Read Holding Registers,1260,12,2693,0.476
2026-09-13 06:16:37.342,1,3,Read Holding Registers,6183,3840,22086,0.05
2026-09-13 06:16:39.360,1,3,Read Holding Registers,1200,5,7813,0.06
2026-09-13 06:16:39.394,1,3,Read Holding Registers,2560,0,46628,0.034
2026-09-13 06:16:40.792,1,3,Read Holding Registers,1260,12,2693,0.476
2026-09-13 06:16:40.843,1,3,Read Holding Registers,6183,3840,22086,0.051
2026-09-13 06:16:42.860,1,3,Read Holding Registers,1200,5,7813,0.06
2026-09-13 06:16:42.894,1,3,Read Holding Registers,2560,0,46628,0.034
2026-09-13 06:16:44.292,1,3,Read Holding Registers,1260,12,2693,0.476
2026-09-13 06:16:44.343,1,3,Read Holding Registers,6183,3840,22086,0.051
2026-09-13 06:16:46.360,1,3,Read Holding Registers,1200,5,7813,0.06
2026-09-13 06:16:46.394,1,3,Read Holding Registers,2560,0,46628,0.034
2026-09-13 06:16:47.792,1,3,Read Holding Registers,1260,12,2693,0.475
2026-09-13 06:16:47.843,1,3,Read Holding Registers,6183,3840,22086,0.051
2026-09-13 06:16:49.860,1,3,Read Holding Registers,1200,5,7813,0.06
2026-09-13 06:16:49.894,1,3,Read Holding Registers,2560,0,46628,0.034
2026-09-13 06:16:51.292,1,3,Read Holding Registers,1260,12,2693,0.475
2026-09-13 06:16:51.343,1,3,Read Holding Registers,6183,3840,22086,0.051
2026-09-13 06:16:53.360,1,3,Read Holding Registers,1200,5,7813,0.06
2026-09-13 06:16:53.394,1,3,Read Holding Registers,2560,0,46628,0.034
2026-09-13 06:16:54.792,1,3,Read Holding Registers,1260,12,2693,0.475
2026-09-13 06:16:54.843,1,3,Read Holding Registers,6183,3840,22086,0.051
2026-09-13 06:16:56.860,1,3,Read Holding Registers,1200,5,7813,0.06
2026-09-13 06:16:56.894,1,3,Read Holding Registers,2560,0,46628,0.034
2026-09-13 06:16:58.292,1,3,Read Holding Registers,1260,12,2693,0.475
2026-09-13 06:16:58.343,1,3,Read Holding Registers,6183,3840,38855,0.051
2026-09-13 06:17:00.360,1,3,Read Holding Registers,1200,5,7813,0.06
2026-09-13 06:17:00.394,1,3,Read Holding Registers,2560,0,46628,0.034
2026-09-13 06:17:01.792,1,3,Read Holding Registers,1260,12,2693,0.475
2026-09-13 06:17:01.843,1,3,Read Holding Registers,6183,3840,38855,0.051
2026-09-13 06:17:03.860,1,3,Read Holding Registers,1200,5,7813,0.06
2026-09-13 06:17:03.894,1,3,Read Holding Registers,2560,0,46628,0.034
2026-09-13 06:17:05.292,1,3,Read Holding Registers,1260,12,2693,0.475
2026-09-13 06:17:05.343,1,3,Read Holding Registers,6183,3840,38855,0.051
2026-09-13 06:17:07.360,1,3,Read Holding Registers,1200,5,7813,0.06
2026-09-13 06:17:07.394,1,3,Read Holding Registers,2560,0,46628,0.034
2026-09-13 06:17:08.792,1,3,Read Holding Registers,1260,12,2693,0.475
2026-09-13 06:17:08.843,1,3,Read Holding Registers,6183,3840,38855,0.051
2026-09-13 06:17:10.861,1,3,Read Holding Registers,1200,5,7813,0.061
2026-09-13 06:17:10.895,1,3,Read Holding Registers,2560,0,46628,0.034
2026-09-13 06:17:12.292,1,3,Read Holding Registers,1260,12,2693,0.475
2026-09-13 06:17:12.343,1,3,Read Holding Registers,6183,3840,38855,0.051
2026-09-13 06:17:14.361,1,3,Read Holding Registers,1200,5,7813,0.061
2026-09-13 06:17:14.394,1,3,Read Holding Registers,2560,0,46628,0.033
2026-09-13 06:17:15.792,1,3,Read Holding Registers,1260,12,2693,0.475
2026-09-13 06:17:15.843,1,3,Read Holding Registers,6183,3840,38855,0.051
2026-09-13 06:17:17.861,1,3,Read Holding Registers,1200,5,7813,0.06
2026-09-13 06:17:17.894,1,3,Read Holding Registers,2560,0,46628,0.033
2026-09-13 06:17:19.293,1,3,Read Holding Registers,1260,12,2693,0.476
2026-09-13 06:17:19.343,1,3,Read Holding Registers,6183,3840,1994,0.05
2026-09-13 06:17:21.361,1,3,Read Holding Registers,1200,5,7813,0.06
2026-09-13 06:17:21.395,1,3,Read Holding Registers,2560,0,46628,0.034
2026-09-13 06:17:22.793,1,3,Read Holding Registers,1260,12,2693,0.476
2026-09-13 06:17:22.843,1,3,Read Holding Registers,6183,3840,1994,0.05
2026-09-13 06:17:24.861,1,3,Read Holding Registers,1200,5,7813,0.06
2026-09-13 06:17:24.895,1,3,Read Holding Registers,2560,0,46628,0.034
2026-09-13 06:17:26.293,1,3,Read Holding Registers,1260,12,2693,0.476
2026-09-13 06:17:26.344,1,3,Read Holding Registers,6183,3840,1994,0.051
2026-09-13 06:17:28.361,1,3,Read Holding Registers,1200,5,7813,0.06
2026-09-13 06:17:28.395,1,3,Read Holding Registers,2560,0,46628,0.034
2026-09-13 06:17:29.793,1,3,Read Holding Registers,1260,12,2693,0.475
2026-09-13 06:17:29.844,1,3,Read Holding Registers,6183,3840,1994,0.051
2026-09-13 06:17:31.861,1,3,Read Holding Registers,1200,5,7813,0.06
2026-09-13 06:17:31.895,1,3,Read Holding Registers,2560,0,46628,0.034
2026-09-13 06:17:33.293,1,3,Read Holding Registers,1260,12,2693,0.475
2026-09-13 06:17:33.344,1,3,Read Holding Registers,6183,3840,1994,0.051
2026-09-13 06:17:35.361,1,3,Read Holding Registers,1200,5,7813,0.06
2026-09-13 06:17:35.395,1,3,Read Holding Registers,2560,0,46628,0.034
2026-09-13 06:17:36.793,1,3,Read Holding Registers,1260,12,2693,0.475
2026-09-13 06:17:36.844,1,3,Read Holding Registers,6183,3840,1994,0.051
2026-09-13 06:17:38.861,1,3,Read Holding Registers,1200,5,7813,0.06
2026-09-13 06:17:38.895,1,3,Read Holding Registers,2560,0,46628,0.034
2026-09-13 06:17:40.335,1,3,Read Holding Registers,1260,12,2693,0.475
2026-09-13 06:17:40.386,1,3,Read Holding Registers,6183,3840,1618,0.051
2026-09-13 06:17:42.403,1,3,Read Holding Registers,1200,5,7813,0.06
2026-09-13 06:17:42.437,1,3,Read Holding Registers,2560,0,46628,0.034
2026-09-13 06:17:43.835,1,3,Read Holding Registers,1260,12,2693,0.475
2026-09-13 06:17:43.886,1,3,Read Holding Registers,6183,3840,1618,0.051
2026-09-13 06:17:45.903,1,3,Read Holding Registers,1200,5,7813,0.06
2026-09-13 06:17:45.937,1,3,Read Holding Registers,2560,0,46628,0.034
2026-09-13 06:17:47.335,1,3,Read Holding Registers,1260,12,2693,0.475
2026-09-13 06:17:47.386,1,3,Read Holding Registers,6183,3840,1618,0.051
2026-09-13 06:17:49.403,1,3,Read Holding Registers,1200,5,7813,0.06
2026-09-13 06:17:49.437,1,3,Read Holding Registers,2560,0,46628,0.034
2026-09-13 06:17:50.835,1,3,Read Holding Registers,1260,12,2693,0.475
2026-09-13 06:17:50.886,1,3,Read Holding Registers,6183,3840,1618,0.051
2026-09-13 06:17:52.903,1,3,Read Holding Registers,1200,5,7813,0.06
2026-09-13 06:17:52.937,1,3,Read Holding Registers,2560,0,46628,0.034
2026-09-13 06:17:54.335,1,3,Read Holding Registers,1260,12,2693,0.475
2026-09-13 06:17:54.386,1,3,Read Holding Registers,6183,3840,1618,0.051
2026-09-13 06:17:56.403,1,3,Read Holding Registers,1200,5,7813,0.06
2026-09-13 06:17:56.437,1,3,Read Holding Registers,2560,0,46628,0.034
2026-09-13 06:17:57.835,1,3,Read Holding Registers,1260,12,2693,0.475
2026-09-13 06:17:57.886,1,3,Read Holding Registers,6183,3840,1618,0.051
2026-09-13 06:17:59.904,1,3,Read Holding Registers,1200,5,7813,0.061
2026-09-13 06:17:59.938,1,3,Read Holding Registers,2560,0,46628,0.034
2026-09-13 06:18:01.335,1,3,Read Holding Registers,1260,12,2693,0.475
2026-09-13 06:18:01.386,1,3,Read Holding Registers,6183,3840,1618,0.051
2026-09-13 06:18:03.404,1,3,Read Holding Registers,1200,5,7813,0.06
2026-09-13 06:18:03.438,1,3,Read Holding Registers,2560,0,46628,0.034
2026-09-13 06:18:04.836,1,3,Read Holding Registers,1260,12,2693,0.476
2026-09-13 06:18:04.886,1,3,Read Holding Registers,6183,3840,3918,0.05
2026-09-13 06:18:06.904,1,3,Read Holding Registers,1200,5,7813,0.06
2026-09-13 06:18:06.938,1,3,Read Holding Registers,2560,0,46628,0.034
2026-09-13 06:18:08.336,1,3,Read Holding Registers,1260,12,2693,0.476
2026-09-13 06:18:08.387,1,3,Read Holding Registers,6183,3840,3918,0.051
2026-09-13 06:18:10.404,1,3,Read Holding Registers,1200,5,7813,0.06
2026-09-13 06:18:10.438,1,3,Read Holding Registers,2560,0,46628,0.034
2026-09-13 06:18:11.836,1,3,Read Holding Registers,1260,12,2693,0.476
2026-09-13 06:18:11.887,1,3,Read Holding Registers,6183,3840,3918,0.051
2026-09-13 06:18:13.904,1,3,Read Holding Registers,1200,5,7813,0.06
2026-09-13 06:18:13.938,1,3,Read Holding Registers,2560,0,46628,0.034
2026-09-13 06:18:15.336,1,3,Read Holding Registers,1260,12,2693,0.475
2026-09-13 06:18:15.387,1,3,Read Holding Registers,6183,3840,3918,0.051
2026-09-13 06:18:17.404,1,3,Read Holding Registers,1200,5,7813,0.06
2026-09-13 06:18:17.438,1,3,Read Holding Registers,2560,0,46628,0.034
2026-09-13 06:18:18.836,1,3,Read Holding Registers,1260,12,2693,0.475
2026-09-13 06:18:18.887,1,3,Read Holding Registers,6183,3840,3918,0.051
2026-09-13 06:18:20.904,1,3,Read Holding Registers,1200,5,7813,0.06
2026-09-13 06:18:20.938,1,3,Read Holding Registers,2560,0,46628,0.034
2026-09-13 06:18:22.336,1,3,Read Holding Registers,1260,12,2693,0.475
2026-09-13 06:18:22.387,1,3,Read Holding Registers,6183,3840,3918,0.051
2026-09-13 06:18:24.404,1,3,Read Holding Registers,1200,5,7813,0.06
2026-09-13 06:18:24.438,1,3,Read Holding Registers,2560,0,46628,0.034
2026-09-13 06:18:25.836,1,3,Read Holding Registers,1260,12,2693,0.475
2026-09-13 06:18:25.887,1,3,Read Holding Registers,6183,3840,3918,0.051
2026-09-13 06:18:27.904,1,3,Read Holding Registers,1200,5,7813,0.06
2026-09-13 06:18:27.938,1,3,Read Holding Registers,2560,0,46628,0.034
2026-09-13 06:18:29.336,1,3,Read Holding Registers,1260,12,2693,0.475
2026-09-13 06:18:29.387,1,3,Read Holding Registers,6183,3840,3918,0.051
2026-09-13 06:18:31.404,1,3,Read Holding Registers,1200,5,7813,0.06
2026-09-13 06:18:31.438,1,3,Read Holding Registers,2560,0,46628,0.034
2026-09-13 06:18:32.836,1,3,Read Holding Registers,1260,12,2693,0.475
2026-09-13 06:18:32.887,1,3,Read Holding Registers,6183,3840,3918,0.051
2026-09-13 06:18:34.904,1,3,Read Holding Registers,1200,5,7813,0.06
2026-09-13 06:18:34.938,1,3,Read Holding Registers,2560,0,46628,0.034
2026-09-13 06:18:36.336,1,3,Read Holding Registers,1260,12,2693,0.475
2026-09-13 06:18:36.387,1,3,Read Holding Registers,6183,3840,3918,0.051
2026-09-13 06:18:38.404,1,3,Read Holding Registers,1200,5,7813,0.06
2026-09-13 06:18:38.438,1,3,Read Holding Registers,2560,0,46628,0.034
2026-09-13 06:18:39.836,1,3,Read Holding Registers,1260,12,2693,0.475
2026-09-13 06:18:39.887,1,3,Read Holding Registers,6183,3840,19210,0.051
2026-09-13 06:18:41.905,1,3,Read Holding Registers,1200,5,7813,0.061
2026-09-13 06:18:41.938,1,3,Read Holding Registers,2560,0,46628,0.033
2026-09-13 06:18:43.336,1,3,Read Holding Registers,1260,12,2693,0.475
2026-09-13 06:18:43.387,1,3,Read Holding Registers,6183,3840,19210,0.051
2026-09-13 06:18:45.405,1,3,Read Holding Registers,1200,5,7813,0.06
2026-09-13 06:18:45.438,1,3,Read Holding Registers,2560,0,46628,0.033
2026-09-13 06:18:46.837,1,3,Read Holding Registers,1260,12,2693,0.476
2026-09-13 06:18:46.887,1,3,Read Holding Registers,6183,3840,19210,0.05
2026-09-13 06:18:48.905,1,3,Read Holding Registers,1200,5,7813,0.06
2026-09-13 06:18:48.939,1,3,Read Holding Registers,2560,0,46628,0.034
2026-09-13 06:18:50.337,1,3,Read Holding Registers,1260,12,2693,0.476
2026-09-13 06:18:50.387,1,3,Read Holding Registers,6183,3840,19210,0.05
2026-09-13 06:18:52.405,1,3,Read Holding Registers,1200,5,7813,0.06
2026-09-13 06:18:52.439,1,3,Read Holding Registers,2560,0,46628,0.034
2026-09-13 06:18:53.837,1,3,Read Holding Registers,1260,12,2693,0.476
2026-09-13 06:18:53.888,1,3,Read Holding Registers,6183,3840,19210,0.051
2026-09-13 06:18:55.905,1,3,Read Holding Registers,1200,5,7813,0.06
2026-09-13 06:18:55.939,1,3,Read Holding Registers,2560,0,46628,0.034
2026-09-13 06:18:57.337,1,3,Read Holding Registers,1260,12,2693,0.475
2026-09-13 06:18:57.388,1,3,Read Holding Registers,6183,3840,19210,0.051
2026-09-13 06:18:59.405,1,3,Read Holding Registers,1200,5,7813,0.06
2026-09-13 06:18:59.439,1,3,Read Holding Registers,2560,0,46628,0.034
2026-09-13 06:19:00.837,1,3,Read Holding Registers,1260,12,2693,0.475
2026-09-13 06:19:00.888,1,3,Read Holding Registers,6183,3840,31609,0.051
2026-09-13 06:19:02.905,1,3,Read Holding Registers,1200,5,7813,0.06
2026-09-13 06:19:02.939,1,3,Read Holding Registers,2560,0,46628,0.034
2026-09-13 06:19:04.337,1,3,Read Holding Registers,1260,12,2693,0.475
2026-09-13 06:19:04.388,1,3,Read Holding Registers,6183,3840,31609,0.051
2026-09-13 06:19:06.405,1,3,Read Holding Registers,1200,5,7813,0.06
2026-09-13 06:19:06.439,1,3,Read Holding Registers,2560,0,46628,0.034
2026-09-13 06:19:07.837,1,3,Read Holding Registers,1260,12,2693,0.475
2026-09-13 06:19:07.888,1,3,Read Holding Registers,6183,3840,31609,0.051
2026-09-13 06:19:09.905,1,3,Read Holding Registers,1200,5,7813,0.06
2026-09-13 06:19:09.939,1,3,Read Holding Registers,2560,0,46628,0.034
2026-09-13 06:19:11.337,1,3,Read Holding Registers,1260,12,2693,0.475
2026-09-13 06:19:11.388,1,3,Read Holding Registers,6183,3840,31609,0.051
2026-09-13 06:19:13.405,1,3,Read Holding Registers,1200,5,7813,0.06
2026-09-13 06:19:13.439,1,3,Read Holding Registers,2560,0,46628,0.034
2026-09-13 06:19:14.837,1,3,Read Holding Registers,1260,12,2693,0.475
2026-09-13 06:19:14.888,1,3,Read Holding Registers,6183,3840,31609,0.051
2026-09-13 06:19:16.905,1,3,Read Holding Registers,1200,5,7813,0.06
2026-09-13 06:19:16.939,1,3,Read Holding Registers,2560,0,46628,0.034
2026-09-13 06:19:18.337,1,3,Read Holding Registers,1260,12,2693,0.475
2026-09-13 06:19:18.388,1,3,Read Holding Registers,6183,3840,19210,0.051
2026-09-13 06:19:20.405,1,3,Read Holding Registers,1200,5,7813,0.06
2026-09-13 06:19:20.439,1,3,Read Holding Registers,2560,0,46628,0.034
2026-09-13 06:19:21.837,1,3,Read Holding Registers,1260,12,2693,0.475
2026-09-13 06:19:21.888,1,3,Read Holding Registers,6183,3840,19210,0.051
2026-09-13 06:19:23.905,1,3,Read Holding Registers,1200,5,7813,0.06
2026-09-13 06:19:23.939,1,3,Read Holding Registers,2560,0,46628,0.034
2026-09-13 06:19:25.337,1,3,Read Holding Registers,1260,12,2693,0.475
2026-09-13 06:19:25.388,1,3,Read Holding Registers,6183,3840,19210,0.051
2026-09-13 06:19:27.406,1,3,Read Holding Registers,1200,5,7813,0.061
2026-09-13 06:19:27.440,1,3,Read Holding Registers,2560,0,46628,0.034
2026-09-13 06:19:28.837,1,3,Read Holding Registers,1260,12,2693,0.475
2026-09-13 06:19:28.888,1,3,Read Holding Registers,6183,3840,19210,0.051
2026-09-13 06:19:30.906,1,3,Read Holding Registers,1200,5,7813,0.06
2026-09-13 06:19:30.940,1,3,Read Holding Registers,2560,0,46628,0.034
2026-09-13 06:19:32.338,1,3,Read Holding Registers,1260,12,2693,0.476
2026-09-13 06:19:32.388,1,3,Read Holding Registers,6183,3840,19210,0.05
2026-09-13 06:19:34.406,1,3,Read Holding Registers,1200,5,7813,0.06
2026-09-13 06:19:34.440,1,3,Read Holding Registers,2560,0,46628,0.034
2026-09-13 06:19:35.838,1,3,Read Holding Registers,1260,12,2693,0.476
2026-09-13 06:19:35.889,1,3,Read Holding Registers,6183,3840,19210,0.051
2026-09-13 06:19:37.911,1,3,Read Holding Registers,1200,5,7813,0.06
2026-09-13 06:19:37.945,1,3,Read Holding Registers,2560,0,46628,0.034
2026-09-13 06:19:39.343,1,3,Read Holding Registers,1260,12,2693,0.476
2026-09-13 06:19:39.394,1,3,Read Holding Registers,6183,3840,35663,0.051
2026-09-13 06:19:41.411,1,3,Read Holding Registers,1200,5,7813,0.06
2026-09-13 06:19:41.445,1,3,Read Holding Registers,2560,0,46628,0.034
2026-09-13 06:19:42.843,1,3,Read Holding Registers,1260,12,2693,0.475
2026-09-13 06:19:42.894,1,3,Read Holding Registers,6183,3840,35663,0.051
2026-09-13 06:19:44.911,1,3,Read Holding Registers,1200,5,7813,0.06
2026-09-13 06:19:44.945,1,3,Read Holding Registers,2560,0,46628,0.034
2026-09-13 06:19:46.343,1,3,Read Holding Registers,1260,12,2693,0.475
2026-09-13 06:19:46.394,1,3,Read Holding Registers,6183,3840,35663,0.051
2026-09-13 06:19:48.411,1,3,Read Holding Registers,1200,5,7813,0.06
2026-09-13 06:19:48.445,1,3,Read Holding Registers,2560,0,46628,0.034
2026-09-13 06:19:49.843,1,3,Read Holding Registers,1260,12,2693,0.475
2026-09-13 06:19:49.894,1,3,Read Holding Registers,6183,3840,35663,0.051
2026-09-13 06:19:51.911,1,3,Read Holding Registers,1200,5,7813,0.06
2026-09-13 06:19:51.945,1,3,Read Holding Registers,2560,0,46628,0.034
2026-09-13 06:19:53.343,1,3,Read Holding Registers,1260,12,2693,0.475
2026-09-13 06:19:53.394,1,3,Read Holding Registers,6183,3840,35663,0.051
2026-09-13 06:19:55.411,1,3,Read Holding Registers,1200,5,7813,0.06
2026-09-13 06:19:55.445,1,3,Read Holding Registers,2560,0,46628,0.034
2026-09-13 06:19:56.843,1,3,Read Holding Registers,1260,12,2693,0.475
2026-09-13 06:19:56.894,1,3,Read Holding Registers,6183,3840,35663,0.051
2026-09-13 06:19:58.911,1,3,Read Holding Registers,1200,5,7813,0.06
2026-09-13 06:19:58.945,1,3,Read Holding Registers,2560,0,46628,0.034
2026-09-13 06:20:00.343,1,3,Read Holding Registers,1260,12,2693,0.475
2026-09-13 06:20:00.394,1,3,Read Holding Registers,6183,3840,35663,0.051
2026-09-13 06:20:04.930,1,3,Read Holding Registers,1260,12,2693,0.475
2026-09-13 06:20:04.982,1,3,Read Holding Registers,6183,3840,35663,0.052
2026-09-13 06:20:06.998,1,3,Read Holding Registers,1200,5,7813,0.06
2026-09-13 06:20:07.032,1,3,Read Holding Registers,2560,0,46628,0.034
2026-09-13 06:20:08.430,1,3,Read Holding Registers,1260,12,2693,0.475
2026-09-13 06:20:08.481,1,3,Read Holding Registers,6183,3840,35663,0.051
2026-09-13 06:20:10.499,1,3,Read Holding Registers,1200,5,7813,0.061
2026-09-13 06:20:10.532,1,3,Read Holding Registers,2560,0,46628,0.033
2026-09-13 06:20:11.930,1,3,Read Holding Registers,1260,12,2693,0.475
2026-09-13 06:20:11.981,1,3,Read Holding Registers,6183,3840,35663,0.051
2026-09-13 06:20:13.999,1,3,Read Holding Registers,1200,5,7813,0.06
2026-09-13 06:20:14.033,1,3,Read Holding Registers,2560,0,46628,0.034
2026-09-13 06:20:15.431,1,3,Read Holding Registers,1260,12,2693,0.476
2026-09-13 06:20:15.481,1,3,Read Holding Registers,6183,3840,35663,0.05
2026-09-13 06:20:17.499,1,3,Read Holding Registers,1200,5,7813,0.06
2026-09-13 06:20:17.533,1,3,Read Holding Registers,2560,0,46628,0.034
2026-09-13 06:20:18.931,1,3,Read Holding Registers,1260,12,2693,0.476
2026-09-13 06:20:18.982,1,3,Read Holding Registers,6183,3840,35663,0.051
2026-09-13 06:20:20.999,1,3,Read Holding Registers,1200,5,7813,0.06
2026-09-13 06:20:21.033,1,3,Read Holding Registers,2560,0,46628,0.034
2026-09-13 06:20:22.431,1,3,Read Holding Registers,1260,12,2693,0.476
2026-09-13 06:20:22.482,1,3,Read Holding Registers,6183,3840,35663,0.051
2026-09-13 06:20:24.499,1,3,Read Holding Registers,1200,5,7813,0.06
2026-09-13 06:20:24.533,1,3,Read Holding Registers,2560,0,46628,0.034
2026-09-13 06:20:25.931,1,3,Read Holding Registers,1260,12,2693,0.476
2026-09-13 06:20:25.982,1,3,Read Holding Registers,6183,3840,35663,0.051
2026-09-13 06:20:27.999,1,3,Read Holding Registers,1200,5,7813,0.06
2026-09-13 06:20:28.033,1,3,Read Holding Registers,2560,0,46628,0.034
2026-09-13 06:20:29.431,1,3,Read Holding Registers,1260,12,2693,0.475
2026-09-13 06:20:29.482,1,3,Read Holding Registers,6183,3840,35663,0.051
2026-09-13 06:20:31.499,1,3,Read Holding Registers,1200,5,7813,0.06
2026-09-13 06:20:31.533,1,3,Read Holding Registers,2560,0,46628,0.034
2026-09-13 06:20:32.931,1,3,Read Holding Registers,1260,12,2693,0.475
2026-09-13 06:20:32.982,1,3,Read Holding Registers,6183,3840,35663,0.051
2026-09-13 06:20:34.999,1,3,Read Holding Registers,1200,5,7813,0.06
2026-09-13 06:20:35.033,1,3,Read Holding Registers,2560,0,46628,0.034
2026-09-13 06:20:36.431,1,3,Read Holding Registers,1260,12,2693,0.475
2026-09-13 06:20:36.482,1,3,Read Holding Registers,6183,3840,35663,0.051
2026-09-13 06:20:38.499,1,3,Read Holding Registers,1200,5,7813,0.06
2026-09-13 06:20:38.533,1,3,Read Holding Registers,2560,0,46628,0.034
2026-09-13 06:20:39.931,1,3,Read Holding Registers,1260,12,2693,0.424
2026-09-13 06:20:39.981,1,3,Read Holding Registers,6183,3840,35663,0.05
2026-09-13 06:20:41.999,1,3,Read Holding Registers,1200,5,7813,0.06
2026-09-13 06:20:42.033,1,3,Read Holding Registers,2560,0,46628,0.034
2026-09-13 06:20:43.431,1,3,Read Holding Registers,1260,12,2693,0.475
2026-09-13 06:20:43.482,1,3,Read Holding Registers,6183,3840,35663,0.051
2026-09-13 06:20:45.499,1,3,Read Holding Registers,1200,5,7813,0.06
2026-09-13 06:20:45.533,1,3,Read Holding Registers,2560,0,46628,0.034
2026-09-13 06:20:46.931,1,3,Read Holding Registers,1260,12,2693,0.475
2026-09-13 06:20:46.982,1,3,Read Holding Registers,6183,3840,35663,0.051
2026-09-13 06:20:48.999,1,3,Read Holding Registers,1200,5,7813,0.06
2026-09-13 06:20:49.033,1,3,Read Holding Registers,2560,0,46628,0.034
2026-09-13 06:20:50.431,1,3,Read Holding Registers,1260,12,2693,0.475
2026-09-13 06:20:50.482,1,3,Read Holding Registers,6183,3840,35663,0.051
2026-09-13 06:20:52.499,1,3,Read Holding Registers,1200,5,7813,0.06
2026-09-13 06:20:52.533,1,3,Read Holding Registers,2560,0,46628,0.034
2026-09-13 06:20:53.931,1,3,Read Holding Registers,1260,12,2693,0.475
2026-09-13 06:20:53.982,1,3,Read Holding Registers,6183,3840,35663,0.051
2026-09-13 06:20:56.000,1,3,Read Holding Registers,1200,5,7813,0.061
2026-09-13 06:20:56.034,1,3,Read Holding Registers,2560,0,46628,0.034
2026-09-13 06:20:57.431,1,3,Read Holding Registers,1260,12,2693,0.475
2026-09-13 06:20:57.482,1,3,Read Holding Registers,6183,3840,35663,0.051
2026-09-13 06:20:59.500,1,3,Read Holding Registers,1200,5,7813,0.06
2026-09-13 06:20:59.534,1,3,Read Holding Registers,2560,0,46628,0.034
2026-09-13 06:21:00.932,1,3,Read Holding Registers,1260,12,2693,0.476
2026-09-13 06:21:00.982,1,3,Read Holding Registers,6183,3840,59435,0.05
2026-09-13 06:21:03.000,1,3,Read Holding Registers,1200,5,7813,0.06
2026-09-13 06:21:03.034,1,3,Read Holding Registers,2560,0,46628,0.034
2026-09-13 06:21:04.432,1,3,Read Holding Registers,1260,12,2693,0.476
2026-09-13 06:21:04.482,1,3,Read Holding Registers,6183,3840,59435,0.05
2026-09-13 06:21:06.500,1,3,Read Holding Registers,1200,5,7813,0.06
2026-09-13 06:21:06.534,1,3,Read Holding Registers,2560,0,46628,0.034
2026-09-13 06:21:07.932,1,3,Read Holding Registers,1260,12,2693,0.476
2026-09-13 06:21:07.983,1,3,Read Holding Registers,6183,3840,59435,0.051
2026-09-13 06:21:10.000,1,3,Read Holding Registers,1200,5,7813,0.06
2026-09-13 06:21:10.034,1,3,Read Holding Registers,2560,0,46628,0.034
2026-09-13 06:21:11.432,1,3,Read Holding Registers,1260,12,2693,0.476
2026-09-13 06:21:11.483,1,3,Read Holding Registers,6183,3840,59435,0.051
2026-09-13 06:21:13.500,1,3,Read Holding Registers,1200,5,7813,0.06
2026-09-13 06:21:13.534,1,3,Read Holding Registers,2560,0,46628,0.034
2026-09-13 06:21:14.932,1,3,Read Holding Registers,1260,12,2693,0.475
2026-09-13 06:21:14.983,1,3,Read Holding Registers,6183,3840,59435,0.051
2026-09-13 06:21:17.000,1,3,Read Holding Registers,1200,5,7813,0.06
2026-09-13 06:21:17.034,1,3,Read Holding Registers,2560,0,46628,0.034
2026-09-13 06:21:18.432,1,3,Read Holding Registers,1260,12,2693,0.475
2026-09-13 06:21:18.483,1,3,Read Holding Registers,6183,3840,59435,0.051
2026-09-13 06:21:20.500,1,3,Read Holding Registers,1200,5,7813,0.06
2026-09-13 06:21:20.534,1,3,Read Holding Registers,2560,0,46628,0.034
2026-09-13 06:21:21.932,1,3,Read Holding Registers,1260,12,2693,0.474
2026-09-13 06:21:21.982,1,3,Read Holding Registers,6183,3840,59851,0.05
2026-09-13 06:21:24.000,1,3,Read Holding Registers,1200,5,7813,0.06
2026-09-13 06:21:24.034,1,3,Read Holding Registers,2560,0,46628,0.034
2026-09-13 06:21:25.432,1,3,Read Holding Registers,1260,12,2693,0.475
2026-09-13 06:21:25.483,1,3,Read Holding Registers,6183,3840,59851,0.051
2026-09-13 06:21:27.500,1,3,Read Holding Registers,1200,5,7813,0.06
2026-09-13 06:21:27.534,1,3,Read Holding Registers,2560,0,46628,0.034
2026-09-13 06:21:28.932,1,3,Read Holding Registers,1260,12,2693,0.475
2026-09-13 06:21:28.983,1,3,Read Holding Registers,6183,3840,59851,0.051
2026-09-13 06:21:31.000,1,3,Read Holding Registers,1200,5,7813,0.06
2026-09-13 06:21:31.034,1,3,Read Holding Registers,2560,0,46628,0.034
2026-09-13 06:21:32.432,1,3,Read Holding Registers,1260,12,2693,0.475
2026-09-13 06:21:32.483,1,3,Read Holding Registers,6183,3840,59851,0.051
2026-09-13 06:21:34.500,1,3,Read Holding Registers,1200,5,7813,0.06
2026-09-13 06:21:34.534,1,3,Read Holding Registers,2560,0,46628,0.034
2026-09-13 06:21:35.932,1,3,Read Holding Registers,1260,12,2693,0.475
2026-09-13 06:21:35.983,1,3,Read Holding Registers,6183,3840,59851,0.051
2026-09-13 06:21:38.001,1,3,Read Holding Registers,1200,5,7813,0.061
2026-09-13 06:21:38.034,1,3,Read Holding Registers,2560,0,46628,0.033
2026-09-13 06:21:39.432,1,3,Read Holding Registers,1260,12,2693,0.475
2026-09-13 06:21:39.483,1,3,Read Holding Registers,6183,3840,59851,0.051
2026-09-13 06:21:41.501,1,3,Read Holding Registers,1200,5,7813,0.061
2026-09-13 06:21:41.535,1,3,Read Holding Registers,2560,0,46628,0.034
2026-09-13 06:21:42.932,1,3,Read Holding Registers,1260,12,2693,0.475
2026-09-13 06:21:42.984,1,3,Read Holding Registers,6183,3840,62487,0.052
2026-09-13 06:21:45.001,1,3,Read Holding Registers,1200,5,7813,0.06
2026-09-13 06:21:45.035,1,3,Read Holding Registers,2560,0,46628,0.034
2026-09-13 06:21:46.433,1,3,Read Holding Registers,1260,12,2693,0.476
2026-09-13 06:21:46.483,1,3,Read Holding Registers,6183,3840,62487,0.05
2026-09-13 06:21:48.501,1,3,Read Holding Registers,1200,5,7813,0.06
2026-09-13 06:21:48.535,1,3,Read Holding Registers,2560,0,46628,0.034
2026-09-13 06:21:49.933,1,3,Read Holding Registers,1260,12,2693,0.476
2026-09-13 06:21:49.984,1,3,Read Holding Registers,6183,3840,62487,0.051
2026-09-13 06:21:52.001,1,3,Read Holding Registers,1200,5,7813,0.06
2026-09-13 06:21:52.035,1,3,Read Holding Registers,2560,0,46628,0.034
2026-09-13 06:21:53.433,1,3,Read Holding Registers,1260,12,2693,0.476
2026-09-13 06:21:53.484,1,3,Read Holding Registers,6183,3840,62487,0.051
2026-09-13 06:21:55.501,1,3,Read Holding Registers,1200,5,7813,0.06
2026-09-13 06:21:55.535,1,3,Read Holding Registers,2560,0,46628,0.034
2026-09-13 06:21:56.933,1,3,Read Holding Registers,1260,12,2693,0.475
2026-09-13 06:21:56.984,1,3,Read Holding Registers,6183,3840,62487,0.051
2026-09-13 06:21:59.001,1,3,Read Holding Registers,1200,5,7813,0.06
2026-09-13 06:21:59.035,1,3,Read Holding Registers,2560,0,46628,0.034
2026-09-13 06:22:00.433,1,3,Read Holding Registers,1260,12,2693,0.189
2026-09-13 06:22:00.483,1,3,Read Holding Registers,6183,3840,42109,0.05
2026-09-13 06:22:02.501,1,3,Read Holding Registers,1200,5,7813,0.06
2026-09-13 06:22:02.535,1,3,Read Holding Registers,2560,0,46628,0.034
2026-09-13 06:22:03.933,1,3,Read Holding Registers,1260,12,2693,0.475
2026-09-13 06:22:03.984,1,3,Read Holding Registers,6183,3840,42109,0.051
2026-09-13 06:22:06.001,1,3,Read Holding Registers,1200,5,7813,0.06
2026-09-13 06:22:06.035,1,3,Read Holding Registers,2560,0,46628,0.034
2026-09-13 06:22:07.433,1,3,Read Holding Registers,1260,12,2693,0.475
2026-09-13 06:22:07.484,1,3,Read Holding Registers,6183,3840,42109,0.051
2026-09-13 06:22:09.501,1,3,Read Holding Registers,1200,5,7813,0.06
2026-09-13 06:22:09.535,1,3,Read Holding Registers,2560,0,46628,0.034
2026-09-13 06:22:10.933,1,3,Read Holding Registers,1260,12,2693,0.475
2026-09-13 06:22:10.984,1,3,Read Holding Registers,6183,3840,42109,0.051
2026-09-13 06:22:13.001,1,3,Read Holding Registers,1200,5,7813,0.06
2026-09-13 06:22:13.035,1,3,Read Holding Registers,2560,0,46628,0.034
2026-09-13 06:22:14.433,1,3,Read Holding Registers,1260,12,2693,0.475
2026-09-13 06:22:14.484,1,3,Read Holding Registers,6183,3840,42109,0.051
2026-09-13 06:22:16.501,1,3,Read Holding Registers,1200,5,7813,0.06
2026-09-13 06:22:16.535,1,3,Read Holding Registers,2560,0,46628,0.034
2026-09-13 06:22:17.933,1,3,Read Holding Registers,1260,12,2693,0.475
2026-09-13 06:22:17.984,1,3,Read Holding Registers,6183,3840,42109,0.051
2026-09-13 06:22:20.001,1,3,Read Holding Registers,1200,5,7813,0.06
2026-09-13 06:22:20.035,1,3,Read Holding Registers,2560,0,46628,0.034
2026-09-13 06:22:21.433,1,3,Read Holding Registers,1260,12,2693,0.475
2026-09-13 06:22:21.484,1,3,Read Holding Registers,6183,3840,42125,0.051
2026-09-13 06:22:23.501,1,3,Read Holding Registers,1200,5,7813,0.06
2026-09-13 06:22:23.535,1,3,Read Holding Registers,2560,0,46628,0.034
2026-09-13 06:22:24.933,1,3,Read Holding Registers,1260,12,2693,0.475
2026-09-13 06:22:24.985,1,3,Read Holding Registers,6183,3840,42125,0.052
2026-09-13 06:22:27.002,1,3,Read Holding Registers,1200,5,7813,0.06
2026-09-13 06:22:27.036,1,3,Read Holding Registers,2560,0,46628,0.034
2026-09-13 06:22:28.434,1,3,Read Holding Registers,1260,12,2693,0.476
2026-09-13 06:22:28.484,1,3,Read Holding Registers,6183,3840,42125,0.05
2026-09-13 06:22:30.502,1,3,Read Holding Registers,1200,5,7813,0.06
2026-09-13 06:22:30.536,1,3,Read Holding Registers,2560,0,46628,0.034
2026-09-13 06:22:31.934,1,3,Read Holding Registers,1260,12,2693,0.476
2026-09-13 06:22:31.985,1,3,Read Holding Registers,6183,3840,42125,0.051
2026-09-13 06:22:34.002,1,3,Read Holding Registers,1200,5,7813,0.06
2026-09-13 06:22:34.036,1,3,Read Holding Registers,2560,0,46628,0.034
2026-09-13 06:22:35.434,1,3,Read Holding Registers,1260,12,2693,0.476
2026-09-13 06:22:35.485,1,3,Read Holding Registers,6183,3840,42125,0.051
2026-09-13 06:22:37.502,1,3,Read Holding Registers,1200,5,7813,0.06
2026-09-13 06:22:37.536,1,3,Read Holding Registers,2560,0,46628,0.034
2026-09-13 06:22:38.934,1,3,Read Holding Registers,1260,12,2693,0.475
2026-09-13 06:22:38.985,1,3,Read Holding Registers,6183,3840,42125,0.051
2026-09-13 06:22:41.002,1,3,Read Holding Registers,1200,5,7813,0.06
2026-09-13 06:22:41.036,1,3,Read Holding Registers,2560,0,46628,0.034
2026-09-13 06:22:42.434,1,3,Read Holding Registers,1260,12,2693,0.475
2026-09-13 06:22:42.485,1,3,Read Holding Registers,6183,3840,42125,0.051
2026-09-13 06:22:44.502,1,3,Read Holding Registers,1200,5,7813,0.06
2026-09-13 06:22:44.536,1,3,Read Holding Registers,2560,0,46628,0.034
2026-09-13 06:22:45.934,1,3,Read Holding Registers,1260,12,2693,0.475
2026-09-13 06:22:45.985,1,3,Read Holding Registers,6183,3840,42889,0.051
2026-09-13 06:22:48.002,1,3,Read Holding Registers,1200,5,7813,0.06
2026-09-13 06:22:48.036,1,3,Read Holding Registers,2560,0,46628,0.034
2026-09-13 06:22:49.434,1,3,Read Holding Registers,1260,12,2693,0.475
2026-09-13 06:22:49.485,1,3,Read Holding Registers,6183,3840,42889,0.051
2026-09-13 06:22:51.502,1,3,Read Holding Registers,1200,5,7813,0.06
2026-09-13 06:22:51.536,1,3,Read Holding Registers,2560,0,46628,0.034
2026-09-13 06:22:52.934,1,3,Read Holding Registers,1260,12,2693,0.475
2026-09-13 06:22:52.985,1,3,Read Holding Registers,6183,3840,42889,0.051
2026-09-13 06:22:55.002,1,3,Read Holding Registers,1200,5,7813,0.06
2026-09-13 06:22:55.036,1,3,Read Holding Registers,2560,0,46628,0.034
2026-09-13 06:22:56.434,1,3,Read Holding Registers,1260,12,2693,0.475
2026-09-13 06:22:56.485,1,3,Read Holding Registers,6183,3840,42889,0.051
2026-09-13 06:22:58.502,1,3,Read Holding Registers,1200,5,7813,0.06
2026-09-13 06:22:58.536,1,3,Read Holding Registers,2560,0,46628,0.034
2026-09-13 06:22:59.934,1,3,Read Holding Registers,1260,12,2693,0.475
2026-09-13 06:22:59.985,1,3,Read Holding Registers,6183,3840,42889,0.051
2026-09-13 06:23:02.002,1,3,Read Holding Registers,1200,5,7813,0.06
2026-09-13 06:23:02.036,1,3,Read Holding Registers,2560,0,46628,0.034
2026-09-13 06:23:03.434,1,3,Read Holding Registers,1260,12,2693,0.475
2026-09-13 06:23:03.485,1,3,Read Holding Registers,6183,3840,42889,0.051
2026-09-13 06:23:05.502,1,3,Read Holding Registers,1200,5,7813,0.06
2026-09-13 06:23:05.536,1,3,Read Holding Registers,2560,0,46628,0.034
2026-09-13 06:23:06.943,1,3,Read Holding Registers,1260,12,2693,0.474
2026-09-13 06:23:06.995,1,3,Read Holding Registers,6183,3840,42446,0.052
2026-09-13 06:23:09.012,1,3,Read Holding Registers,1200,5,7813,0.061
2026-09-13 06:23:09.045,1,3,Read Holding Registers,2560,0,46628,0.033
2026-09-13 06:23:10.443,1,3,Read Holding Registers,1260,12,2693,0.475
2026-09-13 06:23:10.494,1,3,Read Holding Registers,6183,3840,42446,0.051
2026-09-13 06:23:12.512,1,3,Read Holding Registers,1200,5,7813,0.06
2026-09-13 06:23:12.545,1,3,Read Holding Registers,2560,0,46628,0.033
2026-09-13 06:23:13.944,1,3,Read Holding Registers,1260,12,2693,0.476
2026-09-13 06:23:13.994,1,3,Read Holding Registers,6183,3840,42446,0.05
2026-09-13 06:23:16.012,1,3,Read Holding Registers,1200,5,7813,0.06
2026-09-13 06:23:16.046,1,3,Read Holding Registers,2560,0,46628,0.034
2026-09-13 06:23:17.444,1,3,Read Holding Registers,1260,12,2693,0.476
2026-09-13 06:23:17.494,1,3,Read Holding Registers,6183,3840,42446,0.05
2026-09-13 06:23:19.512,1,3,Read Holding Registers,1200,5,7813,0.06
2026-09-13 06:23:19.546,1,3,Read Holding Registers,2560,0,46628,0.034
2026-09-13 06:23:20.944,1,3,Read Holding Registers,1260,12,2693,0.476
2026-09-13 06:23:20.995,1,3,Read Holding Registers,6183,3840,42446,0.051
2026-09-13 06:23:23.012,1,3,Read Holding Registers,1200,5,7813,0.06
2026-09-13 06:23:23.046,1,3,Read Holding Registers,2560,0,46628,0.034
2026-09-13 06:23:24.444,1,3,Read Holding Registers,1260,12,2693,0.475
2026-09-13 06:23:24.495,1,3,Read Holding Registers,6183,3840,42446,0.051
2026-09-13 06:23:26.512,1,3,Read Holding Registers,1200,5,7813,0.06
2026-09-13 06:23:26.546,1,3,Read Holding Registers,2560,0,46628,0.034
2026-09-13 06:23:27.944,1,3,Read Holding Registers,1260,12,2693,0.475
2026-09-13 06:23:27.995,1,3,Read Holding Registers,6183,3840,42446,0.051
2026-09-13 06:23:30.012,1,3,Read Holding Registers,1200,5,7813,0.06
2026-09-13 06:23:30.046,1,3,Read Holding Registers,2560,0,46628,0.034
2026-09-13 06:23:31.444,1,3,Read Holding Registers,1260,12,2693,0.049
2026-09-13 06:23:31.495,1,3,Read Holding Registers,6183,3840,25995,0.051
2026-09-13 06:23:33.512,1,3,Read Holding Registers,1200,5,7813,0.06
2026-09-13 06:23:33.546,1,3,Read Holding Registers,2560,0,46628,0.034
2026-09-13 06:23:34.944,1,3,Read Holding Registers,1260,12,2693,0.475
2026-09-13 06:23:34.995,1,3,Read Holding Registers,6183,3840,25995,0.051
2026-09-13 06:23:37.012,1,3,Read Holding Registers,1200,5,7813,0.06
2026-09-13 06:23:37.046,1,3,Read Holding Registers,2560,0,46628,0.034
2026-09-13 06:23:38.444,1,3,Read Holding Registers,1260,12,2693,0.475
2026-09-13 06:23:38.495,1,3,Read Holding Registers,6183,3840,25995,0.051
2026-09-13 06:23:40.512,1,3,Read Holding Registers,1200,5,7813,0.06
2026-09-13 06:23:40.546,1,3,Read Holding Registers,2560,0,46628,0.034
2026-09-13 06:23:41.944,1,3,Read Holding Registers,1260,12,2693,0.475
2026-09-13 06:23:41.995,1,3,Read Holding Registers,6183,3840,25995,0.051
2026-09-13 06:23:44.012,1,3,Read Holding Registers,1200,5,7813,0.06
2026-09-13 06:23:44.046,1,3,Read Holding Registers,2560,0,46628,0.034
2026-09-13 06:23:45.444,1,3,Read Holding Registers,1260,12,2693,0.475
2026-09-13 06:23:45.495,1,3,Read Holding Registers,6183,3840,25995,0.051
2026-09-13 06:23:47.512,1,3,Read Holding Registers,1200,5,7813,0.06
2026-09-13 06:23:47.546,1,3,Read Holding Registers,2560,0,46628,0.034
2026-09-13 06:23:48.944,1,3,Read Holding Registers,1260,12,2693,0.475
2026-09-13 06:23:48.995,1,3,Read Holding Registers,6183,3840,25995,0.051
2026-09-13 06:23:51.012,1,3,Read Holding Registers,1200,5,7813,0.06
2026-09-13 06:23:51.046,1,3,Read Holding Registers,2560,0,46628,0.034
2026-09-13 06:23:52.444,1,3,Read Holding Registers,1260,12,2693,0.475
2026-09-13 06:23:52.495,1,3,Read Holding Registers,6183,3840,25995,0.051
2026-09-13 06:23:54.513,1,3,Read Holding Registers,1200,5,7813,0.061
2026-09-13 06:23:54.546,1,3,Read Holding Registers,2560,0,46628,0.033
2026-09-13 06:23:55.944,1,3,Read Holding Registers,1260,12,2693,0.475
2026-09-13 06:23:55.995,1,3,Read Holding Registers,6183,3840,25995,0.051
2026-09-13 06:23:58.013,1,3,Read Holding Registers,1200,5,7813,0.06
2026-09-13 06:23:58.047,1,3,Read Holding Registers,2560,0,46628,0.034
2026-09-13 06:23:59.445,1,3,Read Holding Registers,1260,12,2693,0.476
2026-09-13 06:23:59.495,1,3,Read Holding Registers,6183,3840,25995,0.05
2026-09-13 06:24:01.513,1,3,Read Holding Registers,1200,5,7813,0.06
2026-09-13 06:24:01.546,1,3,Read Holding Registers,2560,0,46628,0.033
2026-09-13 06:24:02.945,1,3,Read Holding Registers,1260,12,2693,0.476
2026-09-13 06:24:02.996,1,3,Read Holding Registers,6183,3840,25995,0.051
2026-09-13 06:24:05.013,1,3,Read Holding Registers,1200,5,7813,0.06
2026-09-13 06:24:05.047,1,3,Read Holding Registers,2560,0,46628,0.034
2026-09-13 06:24:06.445,1,3,Read Holding Registers,1260,12,2693,0.476
2026-09-13 06:24:06.496,1,3,Read Holding Registers,6183,3840,25995,0.051
2026-09-13 06:24:08.513,1,3,Read Holding Registers,1200,5,7813,0.06
2026-09-13 06:24:08.547,1,3,Read Holding Registers,2560,0,46628,0.034
2026-09-13 06:24:09.945,1,3,Read Holding Registers,1260,12,2693,0.476
2026-09-13 06:24:09.996,1,3,Read Holding Registers,6183,3840,4497,0.051
2026-09-13 06:24:12.013,1,3,Read Holding Registers,1200,5,7813,0.06
2026-09-13 06:24:12.047,1,3,Read Holding Registers,2560,0,46628,0.034
2026-09-13 06:24:13.445,1,3,Read Holding Registers,1260,12,2693,0.475
2026-09-13 06:24:13.496,1,3,Read Holding Registers,6183,3840,4497,0.051
2026-09-13 06:24:15.513,1,3,Read Holding Registers,1200,5,7813,0.06
2026-09-13 06:24:15.547,1,3,Read Holding Registers,2560,0,46628,0.034
2026-09-13 06:24:16.945,1,3,Read Holding Registers,1260,12,2693,0.475
2026-09-13 06:24:16.996,1,3,Read Holding Registers,6183,3840,4497,0.051
2026-09-13 06:24:19.013,1,3,Read Holding Registers,1200,5,7813,0.06
2026-09-13 06:24:19.047,1,3,Read Holding Registers,2560,0,46628,0.034
2026-09-13 06:24:20.445,1,3,Read Holding Registers,1260,12,2693,0.475
2026-09-13 06:24:20.496,1,3,Read Holding Registers,6183,3840,4497,0.051
2026-09-13 06:24:22.513,1,3,Read Holding Registers,1200,5,7813,0.06
2026-09-13 06:24:22.547,1,3,Read Holding Registers,2560,0,46628,0.034
2026-09-13 06:24:23.945,1,3,Read Holding Registers,1260,12,2693,0.475
2026-09-13 06:24:23.996,1,3,Read Holding Registers,6183,3840,4497,0.051
2026-09-13 06:24:26.340,1,3,Read Holding Registers,1200,5,7813,0.06
2026-09-13 06:24:26.374,1,3,Read Holding Registers,2560,0,46628,0.034
2026-09-13 06:24:27.772,1,3,Read Holding Registers,1260,12,2693,0.475
2026-09-13 06:24:27.823,1,3,Read Holding Registers,6183,3840,4306,0.051
2026-09-13 06:24:29.840,1,3,Read Holding Registers,1200,5,7813,0.06
2026-09-13 06:24:29.874,1,3,Read Holding Registers,2560,0,46628,0.034
2026-09-13 06:24:31.272,1,3,Read Holding Registers,1260,12,2693,0.475
2026-09-13 06:24:31.323,1,3,Read Holding Registers,6183,3840,4306,0.051
2026-09-13 06:24:33.340,1,3,Read Holding Registers,1200,5,7813,0.06
2026-09-13 06:24:33.374,1,3,Read Holding Registers,2560,0,46628,0.034
2026-09-13 06:24:34.772,1,3,Read Holding Registers,1260,12,2693,0.475
2026-09-13 06:24:34.823,1,3,Read Holding Registers,6183,3840,4306,0.051
2026-09-13 06:24:36.840,1,3,Read Holding Registers,1200,5,7813,0.06
2026-09-13 06:24:36.874,1,3,Read Holding Registers,2560,0,46628,0.034
2026-09-13 06:24:38.272,1,3,Read Holding Registers,1260,12,2693,0.475
2026-09-13 06:24:38.323,1,3,Read Holding Registers,6183,3840,4306,0.051
2026-09-13 06:24:40.341,1,3,Read Holding Registers,1200,5,7813,0.06
2026-09-13 06:24:40.374,1,3,Read Holding Registers,2560,0,46628,0.033
2026-09-13 06:24:41.772,1,3,Read Holding Registers,1260,12,2693,0.24
2026-09-13 06:24:41.822,1,3,Read Holding Registers,6183,3840,40644,0.05
2026-09-13 06:24:43.841,1,3,Read Holding Registers,1200,5,7813,0.06
2026-09-13 06:24:43.875,1,3,Read Holding Registers,2560,0,46628,0.034
2026-09-13 06:24:45.273,1,3,Read Holding Registers,1260,12,2693,0.476
2026-09-13 06:24:45.323,1,3,Read Holding Registers,6183,3840,40644,0.05
2026-09-13 06:24:47.341,1,3,Read Holding Registers,1200,5,7813,0.06
2026-09-13 06:24:47.375,1,3,Read Holding Registers,2560,0,46628,0.034
2026-09-13 06:24:48.773,1,3,Read Holding Registers,1260,12,2693,0.476
2026-09-13 06:24:48.823,1,3,Read Holding Registers,6183,3840,40644,0.05
2026-09-13 06:24:50.841,1,3,Read Holding Registers,1200,5,7813,0.06
2026-09-13 06:24:50.875,1,3,Read Holding Registers,2560,0,46628,0.034
2026-09-13 06:24:52.273,1,3,Read Holding Registers,1260,12,2693,0.476
2026-09-13 06:24:52.324,1,3,Read Holding Registers,6183,3840,40644,0.051
2026-09-13 06:24:54.341,1,3,Read Holding Registers,1200,5,7813,0.06
2026-09-13 06:24:54.375,1,3,Read Holding Registers,2560,0,46628,0.034
2026-09-13 06:24:55.773,1,3,Read Holding Registers,1260,12,2693,0.476
2026-09-13 06:24:55.824,1,3,Read Holding Registers,6183,3840,40644,0.051
2026-09-13 06:24:57.841,1,3,Read Holding Registers,1200,5,7813,0.06
2026-09-13 06:24:57.875,1,3,Read Holding Registers,2560,0,46628,0.034
2026-09-13 06:24:59.273,1,3,Read Holding Registers,1260,12,2693,0.475
2026-09-13 06:24:59.324,1,3,Read Holding Registers,6183,3840,40644,0.051
2026-09-13 06:25:01.341,1,3,Read Holding Registers,1200,5,7813,0.06
2026-09-13 06:25:01.375,1,3,Read Holding Registers,2560,0,46628,0.034
2026-09-13 06:25:02.773,1,3,Read Holding Registers,1260,12,2693,0.475
2026-09-13 06:25:02.824,1,3,Read Holding Registers,6183,3840,40644,0.051
2026-09-13 06:25:04.841,1,3,Read Holding Registers,1200,5,7813,0.06
2026-09-13 06:25:04.875,1,3,Read Holding Registers,2560,0,46628,0.034
2026-09-13 06:25:06.273,1,3,Read Holding Registers,1260,12,2693,0.475
2026-09-13 06:25:06.324,1,3,Read Holding Registers,6183,3840,40644,0.051
2026-09-13 06:25:08.341,1,3,Read Holding Registers,1200,5,7813,0.06
2026-09-13 06:25:08.375,1,3,Read Holding Registers,2560,0,46628,0.034
2026-09-13 06:25:09.773,1,3,Read Holding Registers,1260,12,2693,0.475
2026-09-13 06:25:09.824,1,3,Read Holding Registers,6183,3840,40644,0.051
2026-09-13 06:25:11.841,1,3,Read Holding Registers,1200,5,7813,0.06
2026-09-13 06:25:11.875,1,3,Read Holding Registers,2560,0,46628,0.034
2026-09-13 06:25:13.273,1,3,Read Holding Registers,1260,12,2693,0.475
2026-09-13 06:25:13.324,1,3,Read Holding Registers,6183,3840,40644,0.051
2026-09-13 06:25:15.341,1,3,Read Holding Registers,1200,5,7813,0.06
2026-09-13 06:25:15.375,1,3,Read Holding Registers,2560,0,46628,0.034
2026-09-13 06:25:16.773,1,3,Read Holding Registers,1260,12,2693,0.475
2026-09-13 06:25:16.824,1,3,Read Holding Registers,6183,3840,40644,0.051
2026-09-13 06:25:18.842,1,3,Read Holding Registers,1200,5,7813,0.061
2026-09-13 06:25:18.876,1,3,Read Holding Registers,2560,0,46628,0.034
2026-09-13 06:25:20.273,1,3,Read Holding Registers,1260,12,2693,0.475
2026-09-13 06:25:20.324,1,3,Read Holding Registers,6183,3840,40644,0.051
2026-09-13 06:25:22.342,1,3,Read Holding Registers,1200,5,7813,0.061
2026-09-13 06:25:22.375,1,3,Read Holding Registers,2560,0,46628,0.033
2026-09-13 06:25:23.773,1,3,Read Holding Registers,1260,12,2693,0.475
2026-09-13 06:25:23.824,1,3,Read Holding Registers,6183,3840,40644,0.051
2026-09-13 06:25:25.842,1,3,Read Holding Registers,1200,5,7813,0.06
2026-09-13 06:25:25.875,1,3,Read Holding Registers,2560,0,46628,0.033
2026-09-13 06:25:27.273,1,3,Read Holding Registers,1260,12,2693,0.475
2026-09-13 06:25:27.324,1,3,Read Holding Registers,6183,3840,63650,0.051
2026-09-13 06:25:29.342,1,3,Read Holding Registers,1200,5,7813,0.06
2026-09-13 06:25:29.376,1,3,Read Holding Registers,2560,0,46628,0.034
2026-09-13 06:25:30.774,1,3,Read Holding Registers,1260,12,2693,0.476
2026-09-13 06:25:30.824,1,3,Read Holding Registers,6183,3840,63650,0.05
2026-09-13 06:25:32.842,1,3,Read Holding Registers,1200,5,7813,0.06
2026-09-13 06:25:32.876,1,3,Read Holding Registers,2560,0,46628,0.034
2026-09-13 06:25:34.274,1,3,Read Holding Registers,1260,12,2693,0.476
2026-09-13 06:25:34.324,1,3,Read Holding Registers,6183,3840,63650,0.05
2026-09-13 06:25:36.342,1,3,Read Holding Registers,1200,5,7813,0.06
2026-09-13 06:25:36.376,1,3,Read Holding Registers,2560,0,46628,0.034
2026-09-13 06:25:37.774,1,3,Read Holding Registers,1260,12,2693,0.475
2026-09-13 06:25:37.825,1,3,Read Holding Registers,6183,3840,63650,0.051
2026-09-13 06:25:39.842,1,3,Read Holding Registers,1200,5,7813,0.06
2026-09-13 06:25:39.876,1,3,Read Holding Registers,2560,0,46628,0.034
2026-09-13 06:25:41.274,1,3,Read Holding Registers,1260,12,2693,0.475
2026-09-13 06:25:41.325,1,3,Read Holding Registers,6183,3840,63650,0.051
2026-09-13 06:25:43.342,1,3,Read Holding Registers,1200,5,7813,0.06
2026-09-13 06:25:43.376,1,3,Read Holding Registers,2560,0,46628,0.034
2026-09-13 06:25:44.774,1,3,Read Holding Registers,1260,12,2693,0.475
2026-09-13 06:25:44.825,1,3,Read Holding Registers,6183,3840,63650,0.051
2026-09-13 06:25:46.842,1,3,Read Holding Registers,1200,5,7813,0.06
2026-09-13 06:25:46.876,1,3,Read Holding Registers,2560,0,46628,0.034
2026-09-13 06:25:48.274,1,3,Read Holding Registers,1260,12,2693,0.475
2026-09-13 06:25:48.325,1,3,Read Holding Registers,6183,3840,63650,0.051
2026-09-13 06:25:50.342,1,3,Read Holding Registers,1200,5,7813,0.06
2026-09-13 06:25:50.376,1,3,Read Holding Registers,2560,0,46628,0.034
2026-09-13 06:25:51.774,1,3,Read Holding Registers,1260,12,2693,0.475
2026-09-13 06:25:51.825,1,3,Read Holding Registers,6183,3840,63650,0.051
2026-09-13 06:25:53.842,1,3,Read Holding Registers,1200,5,7813,0.06
2026-09-13 06:25:53.876,1,3,Read Holding Registers,2560,0,46628,0.034
2026-09-13 06:25:55.274,1,3,Read Holding Registers,1260,12,2693,0.475
2026-09-13 06:25:55.325,1,3,Read Holding Registers,6183,3840,63650,0.051
2026-09-13 06:25:57.342,1,3,Read Holding Registers,1200,5,7813,0.06
2026-09-13 06:25:57.376,1,3,Read Holding Registers,2560,0,46628,0.034
2026-09-13 06:25:58.774,1,3,Read Holding Registers,1260,12,2693,0.475
2026-09-13 06:25:58.825,1,3,Read Holding Registers,6183,3840,63650,0.051
2026-09-13 06:26:00.842,1,3,Read Holding Registers,1200,5,7813,0.06
2026-09-13 06:26:00.876,1,3,Read Holding Registers,2560,0,46628,0.034
2026-09-13 06:26:02.274,1,3,Read Holding Registers,1260,12,2693,0.475
2026-09-13 06:26:02.325,1,3,Read Holding Registers,6183,3840,63650,0.051
2026-09-13 06:26:04.342,1,3,Read Holding Registers,1200,5,7813,0.06
2026-09-13 06:26:04.376,1,3,Read Holding Registers,2560,0,46628,0.034
2026-09-13 06:26:05.774,1,3,Read Holding Registers,1260,12,2693,0.475
2026-09-13 06:26:05.825,1,3,Read Holding Registers,6183,3840,63650,0.051
2026-09-13 06:26:07.843,1,3,Read Holding Registers,1200,5,7813,0.061
2026-09-13 06:26:07.876,1,3,Read Holding Registers,2560,0,46628,0.033
2026-09-13 06:26:09.274,1,3,Read Holding Registers,1260,12,2693,0.475
2026-09-13 06:26:09.325,1,3,Read Holding Registers,6183,3840,63650,0.051
2026-09-13 06:26:11.343,1,3,Read Holding Registers,1200,5,7813,0.06
2026-09-13 06:26:11.376,1,3,Read Holding Registers,2560,0,46628,0.033
2026-09-13 06:26:12.775,1,3,Read Holding Registers,1260,12,2693,0.476
2026-09-13 06:26:12.825,1,3,Read Holding Registers,6183,3840,63650,0.05
2026-09-13 06:26:14.843,1,3,Read Holding Registers,1200,5,7813,0.06
2026-09-13 06:26:14.877,1,3,Read Holding Registers,2560,0,46628,0.034
2026-09-13 06:26:16.275,1,3,Read Holding Registers,1260,12,2693,0.476
2026-09-13 06:26:16.325,1,3,Read Holding Registers,6183,3840,63650,0.05
2026-09-13 06:26:18.343,1,3,Read Holding Registers,1200,5,7813,0.06
2026-09-13 06:26:18.377,1,3,Read Holding Registers,2560,0,46628,0.034
2026-09-13 06:26:19.775,1,3,Read Holding Registers,1260,12,2693,0.476
2026-09-13 06:26:19.825,1,3,Read Holding Registers,6183,3840,63650,0.05
2026-09-13 06:26:21.843,1,3,Read Holding Registers,1200,5,7813,0.06
2026-09-13 06:26:21.877,1,3,Read Holding Registers,2560,0,46628,0.034
2026-09-13 06:26:23.275,1,3,Read Holding Registers,1260,12,2693,0.207
2026-09-13 06:26:23.325,1,3,Read Holding Registers,6183,3840,14819,0.05
2026-09-13 06:26:25.343,1,3,Read Holding Registers,1200,5,7813,0.06
2026-09-13 06:26:25.377,1,3,Read Holding Registers,2560,0,46628,0.034
2026-09-13 06:26:26.775,1,3,Read Holding Registers,1260,12,2693,0.475
2026-09-13 06:26:26.826,1,3,Read Holding Registers,6183,3840,14819,0.051
2026-09-13 06:26:28.843,1,3,Read Holding Registers,1200,5,7813,0.06
2026-09-13 06:26:28.877,1,3,Read Holding Registers,2560,0,46628,0.034
2026-09-13 06:26:30.275,1,3,Read Holding Registers,1260,12,2693,0.475
2026-09-13 06:26:30.326,1,3,Read Holding Registers,6183,3840,14819,0.051
2026-09-13 06:26:32.343,1,3,Read Holding Registers,1200,5,7813,0.06
2026-09-13 06:26:32.377,1,3,Read Holding Registers,2560,0,46628,0.034
2026-09-13 06:26:33.775,1,3,Read Holding Registers,1260,12,2693,0.475
2026-09-13 06:26:33.826,1,3,Read Holding Registers,6183,3840,14819,0.051
2026-09-13 06:26:35.843,1,3,Read Holding Registers,1200,5,7813,0.06
2026-09-13 06:26:35.877,1,3,Read Holding Registers,2560,0,46628,0.034
2026-09-13 06:26:37.275,1,3,Read Holding Registers,1260,12,2693,0.475
2026-09-13 06:26:37.326,1,3,Read Holding Registers,6183,3840,14819,0.051
2026-09-13 06:26:39.343,1,3,Read Holding Registers,1200,5,7813,0.06
2026-09-13 06:26:39.377,1,3,Read Holding Registers,2560,0,46628,0.034
2026-09-13 06:26:40.775,1,3,Read Holding Registers,1260,12,2693,0.475
2026-09-13 06:26:40.826,1,3,Read Holding Registers,6183,3840,14819,0.051
2026-09-13 06:26:42.843,1,3,Read Holding Registers,1200,5,7813,0.06
2026-09-13 06:26:42.877,1,3,Read Holding Registers,2560,0,46628,0.034
2026-09-13 06:26:44.275,1,3,Read Holding Registers,1260,12,2693,0.475
2026-09-13 06:26:44.326,1,3,Read Holding Registers,6183,3840,14819,0.051
2026-09-13 06:26:46.343,1,3,Read Holding Registers,1200,5,7813,0.06
2026-09-13 06:26:46.377,1,3,Read Holding Registers,2560,0,46628,0.034
2026-09-13 06:26:47.775,1,3,Read Holding Registers,1260,12,2693,0.475
2026-09-13 06:26:47.826,1,3,Read Holding Registers,6183,3840,14819,0.051
2026-09-13 06:26:49.843,1,3,Read Holding Registers,1200,5,7813,0.06
2026-09-13 06:26:49.877,1,3,Read Holding Registers,2560,0,46628,0.034
2026-09-13 06:26:51.275,1,3,Read Holding Registers,1260,12,2693,0.475
2026-09-13 06:26:51.326,1,3,Read Holding Registers,6183,3840,14819,0.051
2026-09-13 06:26:53.344,1,3,Read Holding Registers,1200,5,7813,0.061
2026-09-13 06:26:53.377,1,3,Read Holding Registers,2560,0,46628,0.033
2026-09-13 06:26:54.775,1,3,Read Holding Registers,1260,12,2693,0.475
2026-09-13 06:26:54.826,1,3,Read Holding Registers,6183,3840,14819,0.051
2026-09-13 06:26:56.844,1,3,Read Holding Registers,1200,5,7813,0.06
2026-09-13 06:26:56.877,1,3,Read Holding Registers,2560,0,46628,0.033
2026-09-13 06:26:58.276,1,3,Read Holding Registers,1260,12,2693,0.476
2026-09-13 06:26:58.327,1,3,Read Holding Registers,6183,3840,14819,0.051
2026-09-13 06:27:00.344,1,3,Read Holding Registers,1200,5,7813,0.06
2026-09-13 06:27:00.378,1,3,Read Holding Registers,2560,0,46628,0.034
2026-09-13 06:27:01.776,1,3,Read Holding Registers,1260,12,2693,0.476
2026-09-13 06:27:01.826,1,3,Read Holding Registers,6183,3840,14819,0.05
2026-09-13 06:27:03.844,1,3,Read Holding Registers,1200,5,7813,0.06
2026-09-13 06:27:03.878,1,3,Read Holding Registers,2560,0,46628,0.034
2026-09-13 06:27:05.276,1,3,Read Holding Registers,1260,12,2693,0.476
2026-09-13 06:27:05.327,1,3,Read Holding Registers,6183,3840,14819,0.051
2026-09-13 06:27:07.344,1,3,Read Holding Registers,1200,5,7813,0.06
2026-09-13 06:27:07.378,1,3,Read Holding Registers,2560,0,46628,0.034
2026-09-13 06:27:08.776,1,3,Read Holding Registers,1260,12,2693,0.476
2026-09-13 06:27:08.827,1,3,Read Holding Registers,6183,3840,14819,0.051
2026-09-13 06:27:10.844,1,3,Read Holding Registers,1200,5,7813,0.06
2026-09-13 06:27:10.878,1,3,Read Holding Registers,2560,0,46628,0.034
2026-09-13 06:27:12.276,1,3,Read Holding Registers,1260,12,2693,0.475
2026-09-13 06:27:12.327,1,3,Read Holding Registers,6183,3840,14819,0.051
2026-09-13 06:27:14.344,1,3,Read Holding Registers,1200,5,7813,0.06
2026-09-13 06:27:14.378,1,3,Read Holding Registers,2560,0,46628,0.034
2026-09-13 06:27:15.776,1,3,Read Holding Registers,1260,12,2693,0.475
2026-09-13 06:27:15.827,1,3,Read Holding Registers,6183,3840,14819,0.051
2026-09-13 06:27:17.844,1,3,Read Holding Registers,1200,5,7813,0.06
2026-09-13 06:27:17.878,1,3,Read Holding Registers,2560,0,46628,0.034
2026-09-13 06:27:19.276,1,3,Read Holding Registers,1260,12,2693,0.475
2026-09-13 06:27:19.327,1,3,Read Holding Registers,6183,3840,14819,0.051
2026-09-13 06:27:21.344,1,3,Read Holding Registers,1200,5,7813,0.06
2026-09-13 06:27:21.378,1,3,Read Holding Registers,2560,0,46628,0.034
2026-09-13 06:27:22.776,1,3,Read Holding Registers,1260,12,2693,0.475
2026-09-13 06:27:22.827,1,3,Read Holding Registers,6183,3840,51926,0.051
2026-09-13 06:27:24.844,1,3,Read Holding Registers,1200,5,7813,0.06
2026-09-13 06:27:24.878,1,3,Read Holding Registers,2560,0,46628,0.034
2026-09-13 06:27:26.276,1,3,Read Holding Registers,1260,12,2693,0.475
2026-09-13 06:27:26.327,1,3,Read Holding Registers,6183,3840,51926,0.051
2026-09-13 06:27:28.344,1,3,Read Holding Registers,1200,5,7813,0.06
2026-09-13 06:27:28.378,1,3,Read Holding Registers,2560,0,46628,0.034
2026-09-13 06:27:29.776,1,3,Read Holding Registers,1260,12,2693,0.475
2026-09-13 06:27:29.827,1,3,Read Holding Registers,6183,3840,51926,0.051
2026-09-13 06:27:31.844,1,3,Read Holding Registers,1200,5,7813,0.06
2026-09-13 06:27:31.878,1,3,Read Holding Registers,2560,0,46628,0.034
2026-09-13 06:27:33.276,1,3,Read Holding Registers,1260,12,2693,0.475
2026-09-13 06:27:33.327,1,3,Read Holding Registers,6183,3840,51926,0.051
2026-09-13 06:27:35.344,1,3,Read Holding Registers,1200,5,7813,0.06
2026-09-13 06:27:35.378,1,3,Read Holding Registers,2560,0,46628,0.034
2026-09-13 06:27:36.776,1,3,Read Holding Registers,1260,12,2693,0.475
2026-09-13 06:27:36.827,1,3,Read Holding Registers,6183,3840,51926,0.051
2026-09-13 06:27:38.845,1,3,Read Holding Registers,1200,5,7813,0.061
2026-09-13 06:27:38.878,1,3,Read Holding Registers,2560,0,46628,0.033
2026-09-13 06:27:40.276,1,3,Read Holding Registers,1260,12,2693,0.475
2026-09-13 06:27:40.327,1,3,Read Holding Registers,6183,3840,51926,0.051
2026-09-13 06:27:42.345,1,3,Read Holding Registers,1200,5,7813,0.06
2026-09-13 06:27:42.378,1,3,Read Holding Registers,2560,0,46628,0.033
2026-09-13 06:27:43.776,1,3,Read Holding Registers,1260,12,2693,0.475
2026-09-13 06:27:43.828,1,3,Read Holding Registers,6183,3840,51926,0.052
2026-09-13 06:27:45.845,1,3,Read Holding Registers,1200,5,7813,0.06
2026-09-13 06:27:45.879,1,3,Read Holding Registers,2560,0,46628,0.034
2026-09-13 06:27:47.277,1,3,Read Holding Registers,1260,12,2693,0.476
2026-09-13 06:27:47.327,1,3,Read Holding Registers,6183,3840,52046,0.05
2026-09-13 06:27:49.345,1,3,Read Holding Registers,1200,5,7813,0.06
2026-09-13 06:27:49.379,1,3,Read Holding Registers,2560,0,46628,0.034
2026-09-13 06:27:50.777,1,3,Read Holding Registers,1260,12,2693,0.476
2026-09-13 06:27:50.828,1,3,Read Holding Registers,6183,3840,52046,0.051
2026-09-13 06:27:52.845,1,3,Read Holding Registers,1200,5,7813,0.06
2026-09-13 06:27:52.879,1,3,Read Holding Registers,2560,0,46628,0.034
2026-09-13 06:27:54.277,1,3,Read Holding Registers,1260,12,2693,0.476
2026-09-13 06:27:54.328,1,3,Read Holding Registers,6183,3840,52046,0.051
2026-09-13 06:27:56.345,1,3,Read Holding Registers,1200,5,7813,0.06
2026-09-13 06:27:56.379,1,3,Read Holding Registers,2560,0,46628,0.034
2026-09-13 06:27:57.777,1,3,Read Holding Registers,1260,12,2693,0.475
2026-09-13 06:27:57.828,1,3,Read Holding Registers,6183,3840,52046,0.051
2026-09-13 06:27:59.845,1,3,Read Holding Registers,1200,5,7813,0.06
2026-09-13 06:27:59.879,1,3,Read Holding Registers,2560,0,46628,0.034
2026-09-13 06:28:01.277,1,3,Read Holding Registers,1260,12,2693,0.475
2026-09-13 06:28:01.328,1,3,Read Holding Registers,6183,3840,52046,0.051
2026-09-13 06:28:03.345,1,3,Read Holding Registers,1200,5,7813,0.06
2026-09-13 06:28:03.379,1,3,Read Holding Registers,2560,0,46628,0.034
2026-09-13 06:28:04.777,1,3,Read Holding Registers,1260,12,2693,0.475
2026-09-13 06:28:04.828,1,3,Read Holding Registers,6183,3840,52046,0.051
2026-09-13 06:28:06.845,1,3,Read Holding Registers,1200,5,7813,0.06
2026-09-13 06:28:06.879,1,3,Read Holding Registers,2560,0,46628,0.034
2026-09-13 06:28:08.277,1,3,Read Holding Registers,1260,12,2693,0.147
2026-09-13 06:28:08.327,1,3,Read Holding Registers,6183,3840,52046,0.05
2026-09-13 06:28:10.345,1,3,Read Holding Registers,1200,5,7813,0.06
2026-09-13 06:28:10.379,1,3,Read Holding Registers,2560,0,46628,0.034
2026-09-13 06:28:11.777,1,3,Read Holding Registers,1260,12,2693,0.475
2026-09-13 06:28:11.828,1,3,Read Holding Registers,6183,3840,52046,0.051
2026-09-13 06:28:13.846,1,3,Read Holding Registers,1200,5,7813,0.061
2026-09-13 06:28:13.880,1,3,Read Holding Registers,2560,0,46628,0.034
2026-09-13 06:28:15.277,1,3,Read Holding Registers,1260,12,2693,0.475
2026-09-13 06:28:15.328,1,3,Read Holding Registers,6183,3840,52046,0.051
2026-09-13 06:28:17.345,1,3,Read Holding Registers,1200,5,7813,0.06
2026-09-13 06:28:17.379,1,3,Read Holding Registers,2560,0,46628,0.034
2026-09-13 06:28:18.777,1,3,Read Holding Registers,1260,12,2693,0.475
2026-09-13 06:28:18.828,1,3,Read Holding Registers,6183,3840,52046,0.051
2026-09-13 06:28:20.845,1,3,Read Holding Registers,1200,5,7813,0.06
2026-09-13 06:28:20.879,1,3,Read Holding Registers,2560,0,46628,0.034
2026-09-13 06:28:22.277,1,3,Read Holding Registers,1260,12,2693,0.475
2026-09-13 06:28:22.328,1,3,Read Holding Registers,6183,3840,52046,0.051
2026-09-13 06:28:24.345,1,3,Read Holding Registers,1200,5,7813,0.06
2026-09-13 06:28:24.379,1,3,Read Holding Registers,2560,0,46628,0.034
2026-09-13 06:28:25.777,1,3,Read Holding Registers,1260,12,2693,0.475
2026-09-13 06:28:25.828,1,3,Read Holding Registers,6183,3840,50266,0.051
2026-09-13 06:28:27.846,1,3,Read Holding Registers,1200,5,7813,0.06
2026-09-13 06:28:27.880,1,3,Read Holding Registers,2560,0,46628,0.034
2026-09-13 06:28:29.277,1,3,Read Holding Registers,1260,12,2693,0.475
2026-09-13 06:28:29.328,1,3,Read Holding Registers,6183,3840,50266,0.051
2026-09-13 06:28:31.346,1,3,Read Holding Registers,1200,5,7813,0.06
2026-09-13 06:28:31.380,1,3,Read Holding Registers,2560,0,46628,0.034
2026-09-13 06:28:32.778,1,3,Read Holding Registers,1260,12,2693,0.476
2026-09-13 06:28:32.828,1,3,Read Holding Registers,6183,3840,50266,0.05
2026-09-13 06:28:34.846,1,3,Read Holding Registers,1200,5,7813,0.06
2026-09-13 06:28:34.880,1,3,Read Holding Registers,2560,0,46628,0.034
2026-09-13 06:28:36.278,1,3,Read Holding Registers,1260,12,2693,0.476
2026-09-13 06:28:36.329,1,3,Read Holding Registers,6183,3840,50266,0.051
2026-09-13 06:28:38.346,1,3,Read Holding Registers,1200,5,7813,0.06
2026-09-13 06:28:38.380,1,3,Read Holding Registers,2560,0,46628,0.034
2026-09-13 06:28:39.778,1,3,Read Holding Registers,1260,12,2693,0.476
2026-09-13 06:28:39.829,1,3,Read Holding Registers,6183,3840,50266,0.051
2026-09-13 06:28:44.365,1,3,Read Holding Registers,1260,12,2693,0.473
2026-09-13 06:28:44.415,1,3,Read Holding Registers,6183,3840,50266,0.05
2026-09-13 06:28:46.433,1,3,Read Holding Registers,1200,5,7813,0.06
2026-09-13 06:28:46.467,1,3,Read Holding Registers,2560,0,46628,0.034
2026-09-13 06:28:47.865,1,3,Read Holding Registers,1260,12,2693,0.475
2026-09-13 06:28:47.916,1,3,Read Holding Registers,6183,3840,50266,0.051
2026-09-13 06:28:49.933,1,3,Read Holding Registers,1200,5,7813,0.06
2026-09-13 06:28:49.967,1,3,Read Holding Registers,2560,0,46628,0.034
2026-09-13 06:28:51.365,1,3,Read Holding Registers,1260,12,2693,0.475
2026-09-13 06:28:51.416,1,3,Read Holding Registers,6183,3840,50266,0.051
2026-09-13 06:28:53.433,1,3,Read Holding Registers,1200,5,7813,0.06
2026-09-13 06:28:53.467,1,3,Read Holding Registers,2560,0,46628,0.034
2026-09-13 06:28:54.865,1,3,Read Holding Registers,1260,12,2693,0.475
2026-09-13 06:28:54.916,1,3,Read Holding Registers,6183,3840,50266,0.051
2026-09-13 06:28:56.933,1,3,Read Holding Registers,1200,5,7813,0.06
2026-09-13 06:28:56.967,1,3,Read Holding Registers,2560,0,46628,0.034
2026-09-13 06:28:58.365,1,3,Read Holding Registers,1260,12,2693,0.091
2026-09-13 06:28:58.416,1,3,Read Holding Registers,6183,3840,50266,0.051
2026-09-13 06:29:00.433,1,3,Read Holding Registers,1200,5,7813,0.06
2026-09-13 06:29:00.467,1,3,Read Holding Registers,2560,0,46628,0.034
2026-09-13 06:29:01.865,1,3,Read Holding Registers,1260,12,2693,0.475
2026-09-13 06:29:01.916,1,3,Read Holding Registers,6183,3840,50266,0.051
2026-09-13 06:29:03.933,1,3,Read Holding Registers,1200,5,7813,0.06
2026-09-13 06:29:03.967,1,3,Read Holding Registers,2560,0,46628,0.034
2026-09-13 06:29:05.365,1,3,Read Holding Registers,1260,12,2693,0.475
2026-09-13 06:29:05.416,1,3,Read Holding Registers,6183,3840,50266,0.051
2026-09-13 06:29:07.433,1,3,Read Holding Registers,1200,5,7813,0.06
2026-09-13 06:29:07.467,1,3,Read Holding Registers,2560,0,46628,0.034
2026-09-13 06:29:08.865,1,3,Read Holding Registers,1260,12,2693,0.475
2026-09-13 06:29:08.916,1,3,Read Holding Registers,6183,3840,50266,0.051
2026-09-13 06:29:10.934,1,3,Read Holding Registers,1200,5,7813,0.061
2026-09-13 06:29:10.967,1,3,Read Holding Registers,2560,0,46628,0.033
2026-09-13 06:29:12.365,1,3,Read Holding Registers,1260,12,2693,0.475
2026-09-13 06:29:12.416,1,3,Read Holding Registers,6183,3840,50266,0.051
2026-09-13 06:29:14.434,1,3,Read Holding Registers,1200,5,7813,0.06
2026-09-13 06:29:14.468,1,3,Read Holding Registers,2560,0,46628,0.034
2026-09-13 06:29:15.866,1,3,Read Holding Registers,1260,12,2693,0.476
2026-09-13 06:29:15.916,1,3,Read Holding Registers,6183,3840,50266,0.05
2026-09-13 06:29:17.934,1,3,Read Holding Registers,1200,5,7813,0.06
2026-09-13 06:29:17.968,1,3,Read Holding Registers,2560,0,46628,0.034
2026-09-13 06:29:19.366,1,3,Read Holding Registers,1260,12,2693,0.476
2026-09-13 06:29:19.416,1,3,Read Holding Registers,6183,3840,50266,0.05
2026-09-13 06:29:21.434,1,3,Read Holding Registers,1200,5,7813,0.06
2026-09-13 06:29:21.468,1,3,Read Holding Registers,2560,0,46628,0.034
2026-09-13 06:29:22.866,1,3,Read Holding Registers,1260,12,2693,0.476
2026-09-13 06:29:22.917,1,3,Read Holding Registers,6183,3840,50266,0.051
2026-09-13 06:29:24.934,1,3,Read Holding Registers,1200,5,7813,0.06
2026-09-13 06:29:24.968,1,3,Read Holding Registers,2560,0,46628,0.034
2026-09-13 06:29:26.366,1,3,Read Holding Registers,1260,12,2693,0.475
2026-09-13 06:29:26.417,1,3,Read Holding Registers,6183,3840,50266,0.051
2026-09-13 06:29:28.434,1,3,Read Holding Registers,1200,5,7813,0.06
2026-09-13 06:29:28.468,1,3,Read Holding Registers,2560,0,46628,0.034
2026-09-13 06:29:29.866,1,3,Read Holding Registers,1260,12,2693,0.475
2026-09-13 06:29:29.917,1,3,Read Holding Registers,6183,3840,50266,0.051
2026-09-13 06:29:31.934,1,3,Read Holding Registers,1200,5,7813,0.06
2026-09-13 06:29:31.968,1,3,Read Holding Registers,2560,0,46628,0.034
2026-09-13 06:29:33.366,1,3,Read Holding Registers,1260,12,2693,0.475
2026-09-13 06:29:33.417,1,3,Read Holding Registers,6183,3840,50266,0.051
2026-09-13 06:29:35.434,1,3,Read Holding Registers,1200,5,7813,0.06
2026-09-13 06:29:35.468,1,3,Read Holding Registers,2560,0,46628,0.034
2026-09-13 06:29:36.866,1,3,Read Holding Registers,1260,12,2693,0.475
2026-09-13 06:29:36.917,1,3,Read Holding Registers,6183,3840,50266,0.051
2026-09-13 06:29:38.934,1,3,Read Holding Registers,1200,5,7813,0.06
2026-09-13 06:29:38.968,1,3,Read Holding Registers,2560,0,46628,0.034
2026-09-13 06:29:40.366,1,3,Read Holding Registers,1260,12,2693,0.475
2026-09-13 06:29:40.417,1,3,Read Holding Registers,6183,3840,50266,0.051
2026-09-13 06:29:42.434,1,3,Read Holding Registers,1200,5,7813,0.06
2026-09-13 06:29:42.468,1,3,Read Holding Registers,2560,0,46628,0.034
2026-09-13 06:29:43.866,1,3,Read Holding Registers,1260,12,2693,0.475
2026-09-13 06:29:43.917,1,3,Read Holding Registers,6183,3840,14439,0.051
2026-09-13 06:29:45.935,1,3,Read Holding Registers,1200,5,7813,0.061
2026-09-13 06:29:45.969,1,3,Read Holding Registers,2560,0,46628,0.034
2026-09-13 06:29:47.366,1,3,Read Holding Registers,1260,12,2693,0.475
2026-09-13 06:29:47.417,1,3,Read Holding Registers,6183,3840,14439,0.051
2026-09-13 06:29:49.434,1,3,Read Holding Registers,1200,5,7813,0.06
2026-09-13 06:29:49.468,1,3,Read Holding Registers,2560,0,46628,0.034
2026-09-13 06:29:50.866,1,3,Read Holding Registers,1260,12,2693,0.475
2026-09-13 06:29:50.917,1,3,Read Holding Registers,6183,3840,14439,0.051
2026-09-13 06:29:52.934,1,3,Read Holding Registers,1200,5,7813,0.06
2026-09-13 06:29:52.968,1,3,Read Holding Registers,2560,0,46628,0.034
2026-09-13 06:29:54.366,1,3,Read Holding Registers,1260,12,2693,0.475
2026-09-13 06:29:54.417,1,3,Read Holding Registers,6183,3840,14439,0.051
2026-09-13 06:29:56.435,1,3,Read Holding Registers,1200,5,7813,0.061
2026-09-13 06:29:56.469,1,3,Read Holding Registers,2560,0,46628,0.034
2026-09-13 06:29:57.866,1,3,Read Holding Registers,1260,12,2693,0.475
2026-09-13 06:29:57.917,1,3,Read Holding Registers,6183,3840,14439,0.051
2026-09-13 06:29:59.935,1,3,Read Holding Registers,1200,5,7813,0.06
2026-09-13 06:29:59.968,1,3,Read Holding Registers,2560,0,46628,0.033
2026-09-13 06:30:01.367,1,3,Read Holding Registers,1260,12,2693,0.476
2026-09-13 06:30:01.417,1,3,Read Holding Registers,6183,3840,63654,0.05
2026-09-13 06:30:03.435,1,3,Read Holding Registers,1200,5,7813,0.06
2026-09-13 06:30:03.469,1,3,Read Holding Registers,2560,0,46628,0.034
2026-09-13 06:30:04.867,1,3,Read Holding Registers,1260,12,2693,0.476
2026-09-13 06:30:04.918,1,3,Read Holding Registers,6183,3840,63654,0.051
2026-09-13 06:30:06.935,1,3,Read Holding Registers,1200,5,7813,0.06
2026-09-13 06:30:06.969,1,3,Read Holding Registers,2560,0,46628,0.034
2026-09-13 06:30:08.367,1,3,Read Holding Registers,1260,12,2693,0.476
2026-09-13 06:30:08.418,1,3,Read Holding Registers,6183,3840,63654,0.051
2026-09-13 06:30:10.435,1,3,Read Holding Registers,1200,5,7813,0.06
2026-09-13 06:30:10.469,1,3,Read Holding Registers,2560,0,46628,0.034
2026-09-13 06:30:11.867,1,3,Read Holding Registers,1260,12,2693,0.475
2026-09-13 06:30:11.918,1,3,Read Holding Registers,6183,3840,63654,0.051
2026-09-13 06:30:13.935,1,3,Read Holding Registers,1200,5,7813,0.06
2026-09-13 06:30:13.969,1,3,Read Holding Registers,2560,0,46628,0.034
2026-09-13 06:30:15.367,1,3,Read Holding Registers,1260,12,2693,0.207
2026-09-13 06:30:15.417,1,3,Read Holding Registers,6183,3840,27442,0.05
2026-09-13 06:30:17.435,1,3,Read Holding Registers,1200,5,7813,0.06
2026-09-13 06:30:17.469,1,3,Read Holding Registers,2560,0,46628,0.034
2026-09-13 06:30:18.867,1,3,Read Holding Registers,1260,12,2693,0.475
2026-09-13 06:30:18.918,1,3,Read Holding Registers,6183,3840,27442,0.051
2026-09-13 06:30:20.935,1,3,Read Holding Registers,1200,5,7813,0.06
2026-09-13 06:30:20.969,1,3,Read Holding Registers,2560,0,46628,0.034
2026-09-13 06:30:22.367,1,3,Read Holding Registers,1260,12,2693,0.475
2026-09-13 06:30:22.418,1,3,Read Holding Registers,6183,3840,27442,0.051
2026-09-13 06:30:24.435,1,3,Read Holding Registers,1200,5,7813,0.06
2026-09-13 06:30:24.469,1,3,Read Holding Registers,2560,0,46628,0.034
2026-09-13 06:30:25.867,1,3,Read Holding Registers,1260,12,2693,0.475
2026-09-13 06:30:25.918,1,3,Read Holding Registers,6183,3840,27442,0.051
2026-09-13 06:30:27.935,1,3,Read Holding Registers,1200,5,7813,0.06
2026-09-13 06:30:27.969,1,3,Read Holding Registers,2560,0,46628,0.034
2026-09-13 06:30:29.367,1,3,Read Holding Registers,1260,12,2693,0.475
2026-09-13 06:30:29.418,1,3,Read Holding Registers,6183,3840,27442,0.051
2026-09-13 06:30:31.435,1,3,Read Holding Registers,1200,5,7813,0.06
2026-09-13 06:30:31.469,1,3,Read Holding Registers,2560,0,46628,0.034
2026-09-13 06:30:32.867,1,3,Read Holding Registers,1260,12,2693,0.475
2026-09-13 06:30:32.918,1,3,Read Holding Registers,6183,3840,27442,0.051
2026-09-13 06:30:34.935,1,3,Read Holding Registers,1200,5,7813,0.06
2026-09-13 06:30:34.969,1,3,Read Holding Registers,2560,0,46628,0.034
2026-09-13 06:30:36.367,1,3,Read Holding Registers,1260,12,2693,0.475
2026-09-13 06:30:36.418,1,3,Read Holding Registers,6183,3840,27442,0.051
2026-09-13 06:30:38.436,1,3,Read Holding Registers,1200,5,7813,0.061
2026-09-13 06:30:38.469,1,3,Read Holding Registers,2560,0,46628,0.033
2026-09-13 06:30:39.867,1,3,Read Holding Registers,1260,12,2693,0.475
2026-09-13 06:30:39.918,1,3,Read Holding Registers,6183,3840,27442,0.051
2026-09-13 06:30:41.936,1,3,Read Holding Registers,1200,5,7813,0.061
2026-09-13 06:30:41.969,1,3,Read Holding Registers,2560,0,46628,0.033
2026-09-13 06:30:43.367,1,3,Read Holding Registers,1260,12,2693,0.475
2026-09-13 06:30:43.418,1,3,Read Holding Registers,6183,3840,27442,0.051
2026-09-13 06:30:45.436,1,3,Read Holding Registers,1200,5,7813,0.06
2026-09-13 06:30:45.469,1,3,Read Holding Registers,2560,0,46628,0.033
2026-09-13 06:30:46.868,1,3,Read Holding Registers,1260,12,2693,0.476
2026-09-13 06:30:46.918,1,3,Read Holding Registers,6183,3840,27442,0.05
2026-09-13 06:30:48.936,1,3,Read Holding Registers,1200,5,7813,0.06
2026-09-13 06:30:48.970,1,3,Read Holding Registers,2560,0,46628,0.034
2026-09-13 06:30:50.368,1,3,Read Holding Registers,1260,12,2693,0.476
2026-09-13 06:30:50.418,1,3,Read Holding Registers,6183,3840,27442,0.05
2026-09-13 06:30:52.436,1,3,Read Holding Registers,1200,5,7813,0.06
2026-09-13 06:30:52.470,1,3,Read Holding Registers,2560,0,46628,0.034
2026-09-13 06:30:53.868,1,3,Read Holding Registers,1260,12,2693,0.475
2026-09-13 06:30:53.919,1,3,Read Holding Registers,6183,3840,27442,0.051
2026-09-13 06:30:55.936,1,3,Read Holding Registers,1200,5,7813,0.06
2026-09-13 06:30:55.970,1,3,Read Holding Registers,2560,0,46628,0.034
2026-09-13 06:30:57.368,1,3,Read Holding Registers,1260,12,2693,0.475
2026-09-13 06:30:57.419,1,3,Read Holding Registers,6183,3840,27442,0.051
2026-09-13 06:30:59.436,1,3,Read Holding Registers,1200,5,7813,0.06
2026-09-13 06:30:59.470,1,3,Read Holding Registers,2560,0,46628,0.034
2026-09-13 06:31:00.868,1,3,Read Holding Registers,1260,12,2693,0.475
2026-09-13 06:31:00.919,1,3,Read Holding Registers,6183,3840,27510,0.051
2026-09-13 06:31:02.936,1,3,Read Holding Registers,1200,5,7813,0.06
2026-09-13 06:31:02.970,1,3,Read Holding Registers,2560,0,46628,0.034
2026-09-13 06:31:04.368,1,3,Read Holding Registers,1260,12,2693,0.475
2026-09-13 06:31:04.419,1,3,Read Holding Registers,6183,3840,27510,0.051
2026-09-13 06:31:06.436,1,3,Read Holding Registers,1200,5,7813,0.06
2026-09-13 06:31:06.470,1,3,Read Holding Registers,2560,0,46628,0.034
2026-09-13 06:31:07.868,1,3,Read Holding Registers,1260,12,2693,0.475
2026-09-13 06:31:07.919,1,3,Read Holding Registers,6183,3840,27510,0.051
2026-09-13 06:31:09.936,1,3,Read Holding Registers,1200,5,7813,0.06
2026-09-13 06:31:09.970,1,3,Read Holding Registers,2560,0,46628,0.034
2026-09-13 06:31:11.368,1,3,Read Holding Registers,1260,12,2693,0.475
2026-09-13 06:31:11.419,1,3,Read Holding Registers,6183,3840,27510,0.051
2026-09-13 06:31:13.436,1,3,Read Holding Registers,1200,5,7813,0.06
2026-09-13 06:31:13.470,1,3,Read Holding Registers,2560,0,46628,0.034
2026-09-13 06:31:14.868,1,3,Read Holding Registers,1260,12,2693,0.475
2026-09-13 06:31:14.919,1,3,Read Holding Registers,6183,3840,27510,0.051
2026-09-13 06:31:16.936,1,3,Read Holding Registers,1200,5,7813,0.06
2026-09-13 06:31:16.970,1,3,Read Holding Registers,2560,0,46628,0.034
2026-09-13 06:31:18.368,1,3,Read Holding Registers,1260,12,2693,0.475
2026-09-13 06:31:18.419,1,3,Read Holding Registers,6183,3840,27510,0.051
2026-09-13 06:31:20.436,1,3,Read Holding Registers,1200,5,7813,0.06
2026-09-13 06:31:20.470,1,3,Read Holding Registers,2560,0,46628,0.034
2026-09-13 06:31:21.868,1,3,Read Holding Registers,1260,12,2693,0.475
2026-09-13 06:31:21.919,1,3,Read Holding Registers,6183,3840,15132,0.051
2026-09-13 06:31:23.937,1,3,Read Holding Registers,1200,5,7813,0.061
2026-09-13 06:31:23.971,1,3,Read Holding Registers,2560,0,46628,0.034
2026-09-13 06:31:25.368,1,3,Read Holding Registers,1260,12,2693,0.475
2026-09-13 06:31:25.419,1,3,Read Holding Registers,6183,3840,15132,0.051
2026-09-13 06:31:27.437,1,3,Read Holding Registers,1200,5,7813,0.061
2026-09-13 06:31:27.470,1,3,Read Holding Registers,2560,0,46628,0.033
2026-09-13 06:31:28.868,1,3,Read Holding Registers,1260,12,2693,0.475
2026-09-13 06:31:28.919,1,3,Read Holding Registers,6183,3840,15132,0.051
2026-09-13 06:31:30.937,1,3,Read Holding Registers,1200,5,7813,0.06
2026-09-13 06:31:30.970,1,3,Read Holding Registers,2560,0,46628,0.033
2026-09-13 06:31:32.369,1,3,Read Holding Registers,1260,12,2693,0.476
2026-09-13 06:31:32.419,1,3,Read Holding Registers,6183,3840,15132,0.05
2026-09-13 06:31:34.437,1,3,Read Holding Registers,1200,5,7813,0.06
2026-09-13 06:31:34.471,1,3,Read Holding Registers,2560,0,46628,0.034
2026-09-13 06:31:35.869,1,3,Read Holding Registers,1260,12,2693,0.476
2026-09-13 06:31:35.919,1,3,Read Holding Registers,6183,3840,15132,0.05
2026-09-13 06:31:37.937,1,3,Read Holding Registers,1200,5,7813,0.06
2026-09-13 06:31:37.971,1,3,Read Holding Registers,2560,0,46628,0.034
2026-09-13 06:31:39.369,1,3,Read Holding Registers,1260,12,2693,0.476
2026-09-13 06:31:39.420,1,3,Read Holding Registers,6183,3840,15132,0.051
2026-09-13 06:31:41.437,1,3,Read Holding Registers,1200,5,7813,0.06
2026-09-13 06:31:41.471,1,3,Read Holding Registers,2560,0,46628,0.034
2026-09-13 06:31:42.869,1,3,Read Holding Registers,1260,12,2693,0.475
2026-09-13 06:31:42.920,1,3,Read Holding Registers,6183,3840,15132,0.051
2026-09-13 06:31:44.937,1,3,Read Holding Registers,1200,5,7813,0.06
2026-09-13 06:31:44.971,1,3,Read Holding Registers,2560,0,46628,0.034
2026-09-13 06:31:46.369,1,3,Read Holding Registers,1260,12,2693,0.475
2026-09-13 06:31:46.420,1,3,Read Holding Registers,6183,3840,15132,0.051
2026-09-13 06:31:48.437,1,3,Read Holding Registers,1200,5,7813,0.06
2026-09-13 06:31:48.471,1,3,Read Holding Registers,2560,0,46628,0.034
2026-09-13 06:31:49.869,1,3,Read Holding Registers,1260,12,2693,0.475
2026-09-13 06:31:49.920,1,3,Read Holding Registers,6183,3840,15132,0.051
2026-09-13 06:31:51.937,1,3,Read Holding Registers,1200,5,7813,0.06
2026-09-13 06:31:51.971,1,3,Read Holding Registers,2560,0,46628,0.034
2026-09-13 06:31:53.369,1,3,Read Holding Registers,1260,12,2693,0.475
2026-09-13 06:31:53.420,1,3,Read Holding Registers,6183,3840,15132,0.051
2026-09-13 06:31:55.437,1,3,Read Holding Registers,1200,5,7813,0.06
2026-09-13 06:31:55.471,1,3,Read Holding Registers,2560,0,46628,0.034
2026-09-13 06:31:56.869,1,3,Read Holding Registers,1260,12,2693,0.475
2026-09-13 06:31:56.920,1,3,Read Holding Registers,6183,3840,15132,0.051
2026-09-13 06:31:58.937,1,3,Read Holding Registers,1200,5,7813,0.06
2026-09-13 06:31:58.971,1,3,Read Holding Registers,2560,0,46628,0.034
2026-09-13 06:32:00.369,1,3,Read Holding Registers,1260,12,2693,0.475
2026-09-13 06:32:00.420,1,3,Read Holding Registers,6183,3840,15132,0.051
2026-09-13 06:32:02.437,1,3,Read Holding Registers,1200,5,7813,0.06
2026-09-13 06:32:02.471,1,3,Read Holding Registers,2560,0,46628,0.034
2026-09-13 06:32:03.869,1,3,Read Holding Registers,1260,12,2693,0.475
2026-09-13 06:32:03.920,1,3,Read Holding Registers,6183,3840,15132,0.051
2026-09-13 06:32:05.937,1,3,Read Holding Registers,1200,5,7813,0.06
2026-09-13 06:32:05.971,1,3,Read Holding Registers,2560,0,46628,0.034
2026-09-13 06:32:07.369,1,3,Read Holding Registers,1260,12,2693,0.475
2026-09-13 06:32:07.420,1,3,Read Holding Registers,6183,3840,15132,0.051
2026-09-13 06:32:09.437,1,3,Read Holding Registers,1200,5,7813,0.06
2026-09-13 06:32:09.471,1,3,Read Holding Registers,2560,0,46628,0.034
2026-09-13 06:32:10.869,1,3,Read Holding Registers,1260,12,2693,0.475
2026-09-13 06:32:10.920,1,3,Read Holding Registers,6183,3840,15132,0.051
2026-09-13 06:32:12.938,1,3,Read Holding Registers,1200,5,7813,0.061
2026-09-13 06:32:12.972,1,3,Read Holding Registers,2560,0,46628,0.034
2026-09-13 06:32:14.369,1,3,Read Holding Registers,1260,12,2693,0.475
2026-09-13 06:32:14.420,1,3,Read Holding Registers,6183,3840,15132,0.051
2026-09-13 06:32:16.438,1,3,Read Holding Registers,1200,5,7813,0.06
2026-09-13 06:32:16.472,1,3,Read Holding Registers,2560,0,46628,0.034
2026-09-13 06:32:17.870,1,3,Read Holding Registers,1260,12,2693,0.476
2026-09-13 06:32:17.921,1,3,Read Holding Registers,6183,3840,15132,0.051
2026-09-13 06:32:19.938,1,3,Read Holding Registers,1200,5,7813,0.06
2026-09-13 06:32:19.972,1,3,Read Holding Registers,2560,0,46628,0.034
2026-09-13 06:32:21.370,1,3,Read Holding Registers,1260,12,2693,0.036
2026-09-13 06:32:21.419,1,3,Read Holding Registers,6183,3840,15132,0.049
2026-09-13 06:32:23.438,1,3,Read Holding Registers,1200,5,7813,0.06
2026-09-13 06:32:23.472,1,3,Read Holding Registers,2560,0,46628,0.034
2026-09-13 06:32:24.870,1,3,Read Holding Registers,1260,12,2693,0.476
2026-09-13 06:32:24.921,1,3,Read Holding Registers,6183,3840,15132,0.051
2026-09-13 06:32:26.938,1,3,Read Holding Registers,1200,5,7813,0.06
2026-09-13 06:32:26.972,1,3,Read Holding Registers,2560,0,46628,0.034
2026-09-13 06:32:28.370,1,3,Read Holding Registers,1260,12,2693,0.476
2026-09-13 06:32:28.421,1,3,Read Holding Registers,6183,3840,15132,0.051
2026-09-13 06:32:30.438,1,3,Read Holding Registers,1200,5,7813,0.06
2026-09-13 06:32:30.472,1,3,Read Holding Registers,2560,0,46628,0.034
2026-09-13 06:32:31.870,1,3,Read Holding Registers,1260,12,2693,0.475
2026-09-13 06:32:31.921,1,3,Read Holding Registers,6183,3840,15132,0.051
2026-09-13 06:32:33.938,1,3,Read Holding Registers,1200,5,7813,0.06
2026-09-13 06:32:33.972,1,3,Read Holding Registers,2560,0,46628,0.034
2026-09-13 06:32:35.370,1,3,Read Holding Registers,1260,12,2693,0.475
2026-09-13 06:32:35.421,1,3,Read Holding Registers,6183,3840,15132,0.051
2026-09-13 06:32:37.438,1,3,Read Holding Registers,1200,5,7813,0.06
2026-09-13 06:32:37.472,1,3,Read Holding Registers,2560,0,46628,0.034
2026-09-13 06:32:38.870,1,3,Read Holding Registers,1260,12,2693,0.475
2026-09-13 06:32:38.921,1,3,Read Holding Registers,6183,3840,15132,0.051
2026-09-13 06:32:40.938,1,3,Read Holding Registers,1200,5,7813,0.06
2026-09-13 06:32:40.972,1,3,Read Holding Registers,2560,0,46628,0.034
2026-09-13 06:32:42.370,1,3,Read Holding Registers,1260,12,2693,0.475
2026-09-13 06:32:42.421,1,3,Read Holding Registers,6183,3840,15132,0.051
2026-09-13 06:32:44.438,1,3,Read Holding Registers,1200,5,7813,0.06
2026-09-13 06:32:44.472,1,3,Read Holding Registers,2560,0,46628,0.034
2026-09-13 06:32:45.870,1,3,Read Holding Registers,1260,12,2693,0.475
2026-09-13 06:32:45.921,1,3,Read Holding Registers,6183,3840,15226,0.051
2026-09-13 06:32:47.938,1,3,Read Holding Registers,1200,5,7813,0.06
2026-09-13 06:32:47.972,1,3,Read Holding Registers,2560,0,46628,0.034
2026-09-13 06:32:49.370,1,3,Read Holding Registers,1260,12,2693,0.475
2026-09-13 06:32:49.421,1,3,Read Holding Registers,6183,3840,15226,0.051
2026-09-13 06:32:51.438,1,3,Read Holding Registers,1200,5,7813,0.06
2026-09-13 06:32:51.472,1,3,Read Holding Registers,2560,0,46628,0.034
2026-09-13 06:32:52.870,1,3,Read Holding Registers,1260,12,2693,0.475
2026-09-13 06:32:52.921,1,3,Read Holding Registers,6183,3840,15226,0.051
2026-09-13 06:32:54.938,1,3,Read Holding Registers,1200,5,7813,0.06
2026-09-13 06:32:54.972,1,3,Read Holding Registers,2560,0,46628,0.034
2026-09-13 06:32:56.370,1,3,Read Holding Registers,1260,12,2693,0.475
2026-09-13 06:32:56.421,1,3,Read Holding Registers,6183,3840,15226,0.051
2026-09-13 06:32:58.438,1,3,Read Holding Registers,1200,5,7813,0.06
2026-09-13 06:32:58.472,1,3,Read Holding Registers,2560,0,46628,0.034
2026-09-13 06:32:59.870,1,3,Read Holding Registers,1260,12,2693,0.475
2026-09-13 06:32:59.921,1,3,Read Holding Registers,6183,3840,15226,0.051
2026-09-13 06:33:02.236,1,3,Read Holding Registers,1200,5,7813,0.061
2026-09-13 06:33:02.270,1,3,Read Holding Registers,2560,0,46628,0.034
2026-09-13 06:33:03.667,1,3,Read Holding Registers,1260,12,2693,0.475
2026-09-13 06:33:03.718,1,3,Read Holding Registers,6183,3840,15226,0.051
2026-09-13 06:33:05.736,1,3,Read Holding Registers,1200,5,7813,0.06
2026-09-13 06:33:05.770,1,3,Read Holding Registers,2560,0,46628,0.034
2026-09-13 06:33:07.168,1,3,Read Holding Registers,1260,12,2693,0.476
2026-09-13 06:33:07.218,1,3,Read Holding Registers,6183,3840,15226,0.05
2026-09-13 06:33:09.236,1,3,Read Holding Registers,1200,5,7813,0.06
2026-09-13 06:33:09.270,1,3,Read Holding Registers,2560,0,46628,0.034
2026-09-13 06:33:10.668,1,3,Read Holding Registers,1260,12,2693,0.476
2026-09-13 06:33:10.719,1,3,Read Holding Registers,6183,3840,15226,0.051
2026-09-13 06:33:12.736,1,3,Read Holding Registers,1200,5,7813,0.06
2026-09-13 06:33:12.770,1,3,Read Holding Registers,2560,0,46628,0.034
2026-09-13 06:33:14.168,1,3,Read Holding Registers,1260,12,2693,0.476
2026-09-13 06:33:14.219,1,3,Read Holding Registers,6183,3840,15226,0.051
2026-09-13 06:33:16.236,1,3,Read Holding Registers,1200,5,7813,0.06
2026-09-13 06:33:16.270,1,3,Read Holding Registers,2560,0,46628,0.034
2026-09-13 06:33:17.668,1,3,Read Holding Registers,1260,12,2693,0.476
2026-09-13 06:33:17.719,1,3,Read Holding Registers,6183,3840,15226,0.051
2026-09-13 06:33:19.736,1,3,Read Holding Registers,1200,5,7813,0.06
2026-09-13 06:33:19.770,1,3,Read Holding Registers,2560,0,46628,0.034
2026-09-13 06:33:21.168,1,3,Read Holding Registers,1260,12,2693,0.475
2026-09-13 06:33:21.219,1,3,Read Holding Registers,6183,3840,15226,0.051
2026-09-13 06:33:23.236,1,3,Read Holding Registers,1200,5,7813,0.06
2026-09-13 06:33:23.270,1,3,Read Holding Registers,2560,0,46628,0.034
2026-09-13 06:33:24.668,1,3,Read Holding Registers,1260,12,2693,0.475
2026-09-13 06:33:24.719,1,3,Read Holding Registers,6183,3840,15226,0.051
2026-09-13 06:33:26.736,1,3,Read Holding Registers,1200,5,7813,0.06
2026-09-13 06:33:26.770,1,3,Read Holding Registers,2560,0,46628,0.034
2026-09-13 06:33:28.168,1,3,Read Holding Registers,1260,12,2693,0.475
2026-09-13 06:33:28.219,1,3,Read Holding Registers,6183,3840,15226,0.051
2026-09-13 06:33:30.236,1,3,Read Holding Registers,1200,5,7813,0.06
2026-09-13 06:33:30.270,1,3,Read Holding Registers,2560,0,46628,0.034
2026-09-13 06:33:31.668,1,3,Read Holding Registers,1260,12,2693,0.475
2026-09-13 06:33:31.719,1,3,Read Holding Registers,6183,3840,15226,0.051
2026-09-13 06:33:33.736,1,3,Read Holding Registers,1200,5,7813,0.06
2026-09-13 06:33:33.770,1,3,Read Holding Registers,2560,0,46628,0.034
2026-09-13 06:33:35.168,1,3,Read Holding Registers,1260,12,2693,0.475
2026-09-13 06:33:35.219,1,3,Read Holding Registers,6183,3840,15226,0.051
2026-09-13 06:33:37.236,1,3,Read Holding Registers,1200,5,7813,0.06
2026-09-13 06:33:37.270,1,3,Read Holding Registers,2560,0,46628,0.034
2026-09-13 06:33:38.668,1,3,Read Holding Registers,1260,12,2693,0.475
2026-09-13 06:33:38.719,1,3,Read Holding Registers,6183,3840,15226,0.051
2026-09-13 06:33:40.736,1,3,Read Holding Registers,1200,5,7813,0.06
2026-09-13 06:33:40.770,1,3,Read Holding Registers,2560,0,46628,0.034
2026-09-13 06:33:42.168,1,3,Read Holding Registers,1260,12,2693,0.475
2026-09-13 06:33:42.219,1,3,Read Holding Registers,6183,3840,15226,0.051
2026-09-13 06:33:44.236,1,3,Read Holding Registers,1200,5,7813,0.06
2026-09-13 06:33:44.270,1,3,Read Holding Registers,2560,0,46628,0.034
2026-09-13 06:33:45.668,1,3,Read Holding Registers,1260,12,2693,0.475
2026-09-13 06:33:45.719,1,3,Read Holding Registers,6183,3840,15226,0.051
2026-09-13 06:33:47.736,1,3,Read Holding Registers,1200,5,7813,0.06
2026-09-13 06:33:47.770,1,3,Read Holding Registers,2560,0,46628,0.034
2026-09-13 06:33:49.168,1,3,Read Holding Registers,1260,12,2693,0.475
2026-09-13 06:33:49.219,1,3,Read Holding Registers,6183,3840,15226,0.051
2026-09-13 06:33:51.236,1,3,Read Holding Registers,1200,5,7813,0.06
2026-09-13 06:33:51.270,1,3,Read Holding Registers,2560,0,46628,0.034
2026-09-13 06:33:52.668,1,3,Read Holding Registers,1260,12,2693,0.475
2026-09-13 06:33:52.719,1,3,Read Holding Registers,6183,3840,14905,0.051
2026-09-13 06:33:54.737,1,3,Read Holding Registers,1200,5,7813,0.061
2026-09-13 06:33:54.770,1,3,Read Holding Registers,2560,0,46628,0.033
2026-09-13 06:33:56.168,1,3,Read Holding Registers,1260,12,2693,0.475
2026-09-13 06:33:56.219,1,3,Read Holding Registers,6183,3840,14905,0.051
2026-09-13 06:33:58.237,1,3,Read Holding Registers,1200,5,7813,0.06
2026-09-13 06:33:58.271,1,3,Read Holding Registers,2560,0,46628,0.034
2026-09-13 06:33:59.669,1,3,Read Holding Registers,1260,12,2693,0.476
2026-09-13 06:33:59.720,1,3,Read Holding Registers,6183,3840,14905,0.051
2026-09-13 06:34:01.737,1,3,Read Holding Registers,1200,5,7813,0.06
2026-09-13 06:34:01.771,1,3,Read Holding Registers,2560,0,46628,0.034
2026-09-13 06:34:03.169,1,3,Read Holding Registers,1260,12,2693,0.476
2026-09-13 06:34:03.220,1,3,Read Holding Registers,6183,3840,14905,0.051
2026-09-13 06:34:05.237,1,3,Read Holding Registers,1200,5,7813,0.06
2026-09-13 06:34:05.271,1,3,Read Holding Registers,2560,0,46628,0.034
2026-09-13 06:34:06.669,1,3,Read Holding Registers,1260,12,2693,0.476
2026-09-13 06:34:06.720,1,3,Read Holding Registers,6183,3840,14905,0.051
2026-09-13 06:34:08.737,1,3,Read Holding Registers,1200,5,7813,0.06
2026-09-13 06:34:08.771,1,3,Read Holding Registers,2560,0,46628,0.034
2026-09-13 06:34:10.169,1,3,Read Holding Registers,1260,12,2693,0.476
2026-09-13 06:34:10.220,1,3,Read Holding Registers,6183,3840,14905,0.051
2026-09-13 06:34:12.237,1,3,Read Holding Registers,1200,5,7813,0.06
2026-09-13 06:34:12.271,1,3,Read Holding Registers,2560,0,46628,0.034
2026-09-13 06:34:13.669,1,3,Read Holding Registers,1260,12,2693,0.475
2026-09-13 06:34:13.720,1,3,Read Holding Registers,6183,3840,14905,0.051
2026-09-13 06:34:15.737,1,3,Read Holding Registers,1200,5,7813,0.06
2026-09-13 06:34:15.771,1,3,Read Holding Registers,2560,0,46628,0.034
2026-09-13 06:34:17.169,1,3,Read Holding Registers,1260,12,2693,0.475
2026-09-13 06:34:17.220,1,3,Read Holding Registers,6183,3840,64124,0.051
2026-09-13 06:34:19.237,1,3,Read Holding Registers,1200,5,7813,0.06
2026-09-13 06:34:19.271,1,3,Read Holding Registers,2560,0,46628,0.034
2026-09-13 06:34:20.669,1,3,Read Holding Registers,1260,12,2693,0.475
2026-09-13 06:34:20.720,1,3,Read Holding Registers,6183,3840,64124,0.051
2026-09-13 06:34:22.737,1,3,Read Holding Registers,1200,5,7813,0.06
2026-09-13 06:34:22.771,1,3,Read Holding Registers,2560,0,46628,0.034
2026-09-13 06:34:24.169,1,3,Read Holding Registers,1260,12,2693,0.475
2026-09-13 06:34:24.220,1,3,Read Holding Registers,6183,3840,64124,0.051
2026-09-13 06:34:26.237,1,3,Read Holding Registers,1200,5,7813,0.06
2026-09-13 06:34:26.271,1,3,Read Holding Registers,2560,0,46628,0.034
2026-09-13 06:34:27.669,1,3,Read Holding Registers,1260,12,2693,0.475
2026-09-13 06:34:27.720,1,3,Read Holding Registers,6183,3840,64124,0.051
2026-09-13 06:34:29.737,1,3,Read Holding Registers,1200,5,7813,0.06
2026-09-13 06:34:29.771,1,3,Read Holding Registers,2560,0,46628,0.034
2026-09-13 06:34:31.169,1,3,Read Holding Registers,1260,12,2693,0.475
2026-09-13 06:34:31.220,1,3,Read Holding Registers,6183,3840,64124,0.051
2026-09-13 06:34:33.237,1,3,Read Holding Registers,1200,5,7813,0.06
2026-09-13 06:34:33.271,1,3,Read Holding Registers,2560,0,46628,0.034
2026-09-13 06:34:34.669,1,3,Read Holding Registers,1260,12,2693,0.475
2026-09-13 06:34:34.720,1,3,Read Holding Registers,6183,3840,64124,0.051
2026-09-13 06:34:36.737,1,3,Read Holding Registers,1200,5,7813,0.06
2026-09-13 06:34:36.771,1,3,Read Holding Registers,2560,0,46628,0.034
2026-09-13 06:34:38.169,1,3,Read Holding Registers,1260,12,2693,0.475
2026-09-13 06:34:38.220,1,3,Read Holding Registers,6183,3840,64124,0.051
2026-09-13 06:34:40.237,1,3,Read Holding Registers,1200,5,7813,0.06
2026-09-13 06:34:40.271,1,3,Read Holding Registers,2560,0,46628,0.034
2026-09-13 06:34:41.669,1,3,Read Holding Registers,1260,12,2693,0.475
2026-09-13 06:34:41.720,1,3,Read Holding Registers,6183,3840,20694,0.051
2026-09-13 06:34:43.737,1,3,Read Holding Registers,1200,5,7813,0.06
2026-09-13 06:34:43.771,1,3,Read Holding Registers,2560,0,46628,0.034
2026-09-13 06:34:45.169,1,3,Read Holding Registers,1260,12,2693,0.475
2026-09-13 06:34:45.220,1,3,Read Holding Registers,6183,3840,20694,0.051
2026-09-13 06:34:47.238,1,3,Read Holding Registers,1200,5,7813,0.061
2026-09-13 06:34:47.271,1,3,Read Holding Registers,2560,0,46628,0.033
2026-09-13 06:34:48.669,1,3,Read Holding Registers,1260,12,2693,0.475
2026-09-13 06:34:48.720,1,3,Read Holding Registers,6183,3840,20694,0.051
2026-09-13 06:34:50.738,1,3,Read Holding Registers,1200,5,7813,0.06
2026-09-13 06:34:50.771,1,3,Read Holding Registers,2560,0,46628,0.033
2026-09-13 06:34:52.170,1,3,Read Holding Registers,1260,12,2693,0.476
2026-09-13 06:34:52.220,1,3,Read Holding Registers,6183,3840,20694,0.05
2026-09-13 06:34:54.238,1,3,Read Holding Registers,1200,5,7813,0.06
2026-09-13 06:34:54.271,1,3,Read Holding Registers,2560,0,46628,0.033
2026-09-13 06:34:55.670,1,3,Read Holding Registers,1260,12,2693,0.315
2026-09-13 06:34:55.719,1,3,Read Holding Registers,6183,3840,20604,0.049
2026-09-13 06:34:57.738,1,3,Read Holding Registers,1200,5,7813,0.06
2026-09-13 06:34:57.772,1,3,Read Holding Registers,2560,0,46628,0.034
2026-09-13 06:34:59.170,1,3,Read Holding Registers,1260,12,2693,0.476
2026-09-13 06:34:59.221,1,3,Read Holding Registers,6183,3840,20604,0.051
2026-09-13 06:35:01.238,1,3,Read Holding Registers,1200,5,7813,0.06
2026-09-13 06:35:01.272,1,3,Read Holding Registers,2560,0,46628,0.034
2026-09-13 06:35:02.670,1,3,Read Holding Registers,1260,12,2693,0.475
2026-09-13 06:35:02.721,1,3,Read Holding Registers,6183,3840,20604,0.051
2026-09-13 06:35:04.738,1,3,Read Holding Registers,1200,5,7813,0.06
2026-09-13 06:35:04.772,1,3,Read Holding Registers,2560,0,46628,0.034
2026-09-13 06:35:06.170,1,3,Read Holding Registers,1260,12,2693,0.475
2026-09-13 06:35:06.221,1,3,Read Holding Registers,6183,3840,20604,0.051
2026-09-13 06:35:08.238,1,3,Read Holding Registers,1200,5,7813,0.06
2026-09-13 06:35:08.272,1,3,Read Holding Registers,2560,0,46628,0.034
2026-09-13 06:35:09.670,1,3,Read Holding Registers,1260,12,2693,0.475
2026-09-13 06:35:09.721,1,3,Read Holding Registers,6183,3840,20604,0.051
2026-09-13 06:35:11.738,1,3,Read Holding Registers,1200,5,7813,0.06
2026-09-13 06:35:11.772,1,3,Read Holding Registers,2560,0,46628,0.034
2026-09-13 06:35:13.170,1,3,Read Holding Registers,1260,12,2693,0.475
2026-09-13 06:35:13.221,1,3,Read Holding Registers,6183,3840,20604,0.051
2026-09-13 06:35:15.238,1,3,Read Holding Registers,1200,5,7813,0.06
2026-09-13 06:35:15.272,1,3,Read Holding Registers,2560,0,46628,0.034
2026-09-13 06:35:16.670,1,3,Read Holding Registers,1260,12,2693,0.475
2026-09-13 06:35:16.721,1,3,Read Holding Registers,6183,3840,20604,0.051
2026-09-13 06:35:18.738,1,3,Read Holding Registers,1200,5,7813,0.06
2026-09-13 06:35:18.772,1,3,Read Holding Registers,2560,0,46628,0.034
2026-09-13 06:35:20.170,1,3,Read Holding Registers,1260,12,2693,0.475
2026-09-13 06:35:20.221,1,3,Read Holding Registers,6183,3840,20604,0.051
2026-09-13 06:35:22.238,1,3,Read Holding Registers,1200,5,7813,0.06
2026-09-13 06:35:22.272,1,3,Read Holding Registers,2560,0,46628,0.034
2026-09-13 06:35:23.670,1,3,Read Holding Registers,1260,12,2693,0.475
2026-09-13 06:35:23.721,1,3,Read Holding Registers,6183,3840,20604,0.051
2026-09-13 06:35:25.738,1,3,Read Holding Registers,1200,5,7813,0.06
2026-09-13 06:35:25.772,1,3,Read Holding Registers,2560,0,46628,0.034
2026-09-13 06:35:27.170,1,3,Read Holding Registers,1260,12,2693,0.475
2026-09-13 06:35:27.221,1,3,Read Holding Registers,6183,3840,20604,0.051
2026-09-13 06:35:29.238,1,3,Read Holding Registers,1200,5,7813,0.06
2026-09-13 06:35:29.272,1,3,Read Holding Registers,2560,0,46628,0.034
2026-09-13 06:35:30.670,1,3,Read Holding Registers,1260,12,2693,0.475
2026-09-13 06:35:30.721,1,3,Read Holding Registers,6183,3840,20604,0.051
2026-09-13 06:35:32.738,1,3,Read Holding Registers,1200,5,7813,0.06
2026-09-13 06:35:32.772,1,3,Read Holding Registers,2560,0,46628,0.034
2026-09-13 06:35:34.170,1,3,Read Holding Registers,1260,12,2693,0.475
2026-09-13 06:35:34.221,1,3,Read Holding Registers,6183,3840,20604,0.051
2026-09-13 06:35:36.238,1,3,Read Holding Registers,1200,5,7813,0.06
2026-09-13 06:35:36.272,1,3,Read Holding Registers,2560,0,46628,0.034
2026-09-13 06:35:37.670,1,3,Read Holding Registers,1260,12,2693,0.475
2026-09-13 06:35:37.721,1,3,Read Holding Registers,6183,3840,20604,0.051
2026-09-13 06:35:39.738,1,3,Read Holding Registers,1200,5,7813,0.06
2026-09-13 06:35:39.772,1,3,Read Holding Registers,2560,0,46628,0.034
2026-09-13 06:35:41.170,1,3,Read Holding Registers,1260,12,2693,0.475
2026-09-13 06:35:41.221,1,3,Read Holding Registers,6183,3840,20604,0.051
2026-09-13 06:35:43.239,1,3,Read Holding Registers,1200,5,7813,0.06
2026-09-13 06:35:43.272,1,3,Read Holding Registers,2560,0,46628,0.033
2026-09-13 06:35:44.671,1,3,Read Holding Registers,1260,12,2693,0.476
2026-09-13 06:35:44.721,1,3,Read Holding Registers,6183,3840,20604,0.05
2026-09-13 06:35:46.739,1,3,Read Holding Registers,1200,5,7813,0.06
2026-09-13 06:35:46.772,1,3,Read Holding Registers,2560,0,46628,0.033
2026-09-13 06:35:48.171,1,3,Read Holding Registers,1260,12,2693,0.476
2026-09-13 06:35:48.221,1,3,Read Holding Registers,6183,3840,20604,0.05
2026-09-13 06:35:50.239,1,3,Read Holding Registers,1200,5,7813,0.06
2026-09-13 06:35:50.273,1,3,Read Holding Registers,2560,0,46628,0.034
2026-09-13 06:35:51.671,1,3,Read Holding Registers,1260,12,2693,0.476
2026-09-13 06:35:51.721,1,3,Read Holding Registers,6183,3840,20604,0.05
2026-09-13 06:35:53.739,1,3,Read Holding Registers,1200,5,7813,0.06
2026-09-13 06:35:53.773,1,3,Read Holding Registers,2560,0,46628,0.034
2026-09-13 06:35:55.171,1,3,Read Holding Registers,1260,12,2693,0.476
2026-09-13 06:35:55.221,1,3,Read Holding Registers,6183,3840,37277,0.05
2026-09-13 06:35:57.239,1,3,Read Holding Registers,1200,5,7813,0.06
2026-09-13 06:35:57.273,1,3,Read Holding Registers,2560,0,46628,0.034
2026-09-13 06:35:58.671,1,3,Read Holding Registers,1260,12,2693,0.475
2026-09-13 06:35:58.722,1,3,Read Holding Registers,6183,3840,37277,0.051
2026-09-13 06:36:00.739,1,3,Read Holding Registers,1200,5,7813,0.06
2026-09-13 06:36:00.773,1,3,Read Holding Registers,2560,0,46628,0.034
2026-09-13 06:36:02.171,1,3,Read Holding Registers,1260,12,2693,0.475
2026-09-13 06:36:02.222,1,3,Read Holding Registers,6183,3840,37277,0.051
2026-09-13 06:36:04.239,1,3,Read Holding Registers,1200,5,7813,0.06
2026-09-13 06:36:04.273,1,3,Read Holding Registers,2560,0,46628,0.034
2026-09-13 06:36:05.671,1,3,Read Holding Registers,1260,12,2693,0.475
2026-09-13 06:36:05.722,1,3,Read Holding Registers,6183,3840,37277,0.051
2026-09-13 06:36:07.739,1,3,Read Holding Registers,1200,5,7813,0.06
2026-09-13 06:36:07.773,1,3,Read Holding Registers,2560,0,46628,0.034
2026-09-13 06:36:09.171,1,3,Read Holding Registers,1260,12,2693,0.475
2026-09-13 06:36:09.222,1,3,Read Holding Registers,6183,3840,37277,0.051
2026-09-13 06:36:11.239,1,3,Read Holding Registers,1200,5,7813,0.06
2026-09-13 06:36:11.273,1,3,Read Holding Registers,2560,0,46628,0.034
2026-09-13 06:36:12.671,1,3,Read Holding Registers,1260,12,2693,0.475
2026-09-13 06:36:12.722,1,3,Read Holding Registers,6183,3840,37277,0.051
2026-09-13 06:36:14.739,1,3,Read Holding Registers,1200,5,7813,0.06
2026-09-13 06:36:14.773,1,3,Read Holding Registers,2560,0,46628,0.034
2026-09-13 06:36:16.171,1,3,Read Holding Registers,1260,12,2693,0.475
2026-09-13 06:36:16.222,1,3,Read Holding Registers,6183,3840,37277,0.051
2026-09-13 06:36:18.264,1,3,Read Holding Registers,1200,5,7813,0.06
2026-09-13 06:36:18.298,1,3,Read Holding Registers,2560,0,46628,0.034
2026-09-13 06:36:19.686,1,3,Read Holding Registers,1260,12,2693,0.475
2026-09-13 06:36:19.737,1,3,Read Holding Registers,6183,3840,29630,0.051
2026-09-13 06:36:21.754,1,3,Read Holding Registers,1200,5,7813,0.06
2026-09-13 06:36:21.788,1,3,Read Holding Registers,2560,0,46628,0.034
2026-09-13 06:36:23.186,1,3,Read Holding Registers,1260,12,2693,0.475
2026-09-13 06:36:23.237,1,3,Read Holding Registers,6183,3840,29630,0.051
2026-09-13 06:36:25.254,1,3,Read Holding Registers,1200,5,7813,0.06
2026-09-13 06:36:25.288,1,3,Read Holding Registers,2560,0,46628,0.034
2026-09-13 06:36:26.686,1,3,Read Holding Registers,1260,12,2693,0.475
2026-09-13 06:36:26.737,1,3,Read Holding Registers,6183,3840,29630,0.051
2026-09-13 06:36:28.754,1,3,Read Holding Registers,1200,5,7813,0.06
2026-09-13 06:36:28.788,1,3,Read Holding Registers,2560,0,46628,0.034
2026-09-13 06:36:30.186,1,3,Read Holding Registers,1260,12,2693,0.475
2026-09-13 06:36:30.237,1,3,Read Holding Registers,6183,3840,29630,0.051
2026-09-13 06:36:32.255,1,3,Read Holding Registers,1200,5,7813,0.061
2026-09-13 06:36:32.288,1,3,Read Holding Registers,2560,0,46628,0.033
2026-09-13 06:36:33.686,1,3,Read Holding Registers,1260,12,2693,0.475
2026-09-13 06:36:33.737,1,3,Read Holding Registers,6183,3840,29630,0.051
2026-09-13 06:36:35.755,1,3,Read Holding Registers,1200,5,7813,0.06
2026-09-13 06:36:35.789,1,3,Read Holding Registers,2560,0,46628,0.034
2026-09-13 06:36:37.187,1,3,Read Holding Registers,1260,12,2693,0.476
2026-09-13 06:36:37.237,1,3,Read Holding Registers,6183,3840,29630,0.05
2026-09-13 06:36:39.255,1,3,Read Holding Registers,1200,5,7813,0.06
2026-09-13 06:36:39.289,1,3,Read Holding Registers,2560,0,46628,0.034
2026-09-13 06:36:40.687,1,3,Read Holding Registers,1260,12,2693,0.476
2026-09-13 06:36:40.737,1,3,Read Holding Registers,6183,3840,31713,0.05
2026-09-13 06:36:42.755,1,3,Read Holding Registers,1200,5,7813,0.06
2026-09-13 06:36:42.789,1,3,Read Holding Registers,2560,0,46628,0.034
2026-09-13 06:36:44.187,1,3,Read Holding Registers,1260,12,2693,0.476
2026-09-13 06:36:44.238,1,3,Read Holding Registers,6183,3840,31713,0.051
2026-09-13 06:36:46.255,1,3,Read Holding Registers,1200,5,7813,0.06
2026-09-13 06:36:46.289,1,3,Read Holding Registers,2560,0,46628,0.034
2026-09-13 06:36:47.687,1,3,Read Holding Registers,1260,12,2693,0.475
2026-09-13 06:36:47.738,1,3,Read Holding Registers,6183,3840,31713,0.051
2026-09-13 06:36:49.755,1,3,Read Holding Registers,1200,5,7813,0.06
2026-09-13 06:36:49.789,1,3,Read Holding Registers,2560,0,46628,0.034
2026-09-13 06:36:51.187,1,3,Read Holding Registers,1260,12,2693,0.475
2026-09-13 06:36:51.238,1,3,Read Holding Registers,6183,3840,31713,0.051
2026-09-13 06:36:53.255,1,3,Read Holding Registers,1200,5,7813,0.06
2026-09-13 06:36:53.289,1,3,Read Holding Registers,2560,0,46628,0.034
2026-09-13 06:36:54.687,1,3,Read Holding Registers,1260,12,2693,0.475
2026-09-13 06:36:54.738,1,3,Read Holding Registers,6183,3840,31713,0.051
2026-09-13 06:36:56.755,1,3,Read Holding Registers,1200,5,7813,0.06
2026-09-13 06:36:56.789,1,3,Read Holding Registers,2560,0,46628,0.034
2026-09-13 06:36:58.187,1,3,Read Holding Registers,1260,12,2693,0.475
2026-09-13 06:36:58.238,1,3,Read Holding Registers,6183,3840,19444,0.051
2026-09-13 06:37:00.255,1,3,Read Holding Registers,1200,5,7813,0.06
2026-09-13 06:37:00.289,1,3,Read Holding Registers,2560,0,46628,0.034
2026-09-13 06:37:01.687,1,3,Read Holding Registers,1260,12,2693,0.475
2026-09-13 06:37:01.738,1,3,Read Holding Registers,6183,3840,19444,0.051
2026-09-13 06:37:03.755,1,3,Read Holding Registers,1200,5,7813,0.06
2026-09-13 06:37:03.789,1,3,Read Holding Registers,2560,0,46628,0.034
2026-09-13 06:37:05.187,1,3,Read Holding Registers,1260,12,2693,0.475
2026-09-13 06:37:05.238,1,3,Read Holding Registers,6183,3840,19444,0.051
2026-09-13 06:37:07.255,1,3,Read Holding Registers,1200,5,7813,0.06
2026-09-13 06:37:07.289,1,3,Read Holding Registers,2560,0,46628,0.034
2026-09-13 06:37:08.687,1,3,Read Holding Registers,1260,12,2693,0.475
2026-09-13 06:37:08.738,1,3,Read Holding Registers,6183,3840,19444,0.051
2026-09-13 06:37:10.755,1,3,Read Holding Registers,1200,5,7813,0.06
2026-09-13 06:37:10.789,1,3,Read Holding Registers,2560,0,46628,0.034
2026-09-13 06:37:12.187,1,3,Read Holding Registers,1260,12,2693,0.475
2026-09-13 06:37:12.238,1,3,Read Holding Registers,6183,3840,19444,0.051
2026-09-13 06:37:14.256,1,3,Read Holding Registers,1200,5,7813,0.061
2026-09-13 06:37:14.290,1,3,Read Holding Registers,2560,0,46628,0.034
2026-09-13 06:37:15.687,1,3,Read Holding Registers,1260,12,2693,0.475
2026-09-13 06:37:15.738,1,3,Read Holding Registers,6183,3840,19444,0.051
2026-09-13 06:37:17.755,1,3,Read Holding Registers,1200,5,7813,0.06
2026-09-13 06:37:17.789,1,3,Read Holding Registers,2560,0,46628,0.034
2026-09-13 06:37:19.187,1,3,Read Holding Registers,1260,12,2693,0.475
2026-09-13 06:37:19.238,1,3,Read Holding Registers,6183,3840,19444,0.051
2026-09-13 06:37:21.255,1,3,Read Holding Registers,1200,5,7813,0.06
2026-09-13 06:37:21.289,1,3,Read Holding Registers,2560,0,46628,0.034
2026-09-13 06:37:22.687,1,3,Read Holding Registers,1260,12,2693,0.475
2026-09-13 06:37:22.738,1,3,Read Holding Registers,6183,3840,19444,0.051
2026-09-13 06:37:27.275,1,3,Read Holding Registers,1260,12,2693,0.475
2026-09-13 06:37:27.326,1,3,Read Holding Registers,6183,3840,19444,0.051
2026-09-13 06:37:29.343,1,3,Read Holding Registers,1200,5,7813,0.06
2026-09-13 06:37:29.377,1,3,Read Holding Registers,2560,0,46628,0.034
2026-09-13 06:37:30.775,1,3,Read Holding Registers,1260,12,2693,0.476
2026-09-13 06:37:30.826,1,3,Read Holding Registers,6183,3840,19444,0.051
2026-09-13 06:37:32.843,1,3,Read Holding Registers,1200,5,7813,0.06
2026-09-13 06:37:32.877,1,3,Read Holding Registers,2560,0,46628,0.034
2026-09-13 06:37:34.275,1,3,Read Holding Registers,1260,12,2693,0.476
2026-09-13 06:37:34.326,1,3,Read Holding Registers,6183,3840,19444,0.051
2026-09-13 06:37:36.343,1,3,Read Holding Registers,1200,5,7813,0.06
2026-09-13 06:37:36.377,1,3,Read Holding Registers,2560,0,46628,0.034
2026-09-13 06:37:37.775,1,3,Read Holding Registers,1260,12,2693,0.475
2026-09-13 06:37:37.826,1,3,Read Holding Registers,6183,3840,19444,0.051
2026-09-13 06:37:39.843,1,3,Read Holding Registers,1200,5,7813,0.06
2026-09-13 06:37:39.877,1,3,Read Holding Registers,2560,0,46628,0.034
2026-09-13 06:37:41.275,1,3,Read Holding Registers,1260,12,2693,0.475
2026-09-13 06:37:41.326,1,3,Read Holding Registers,6183,3840,19444,0.051
2026-09-13 06:37:43.364,1,3,Read Holding Registers,1200,5,7813,0.06
2026-09-13 06:37:43.398,1,3,Read Holding Registers,2560,0,46628,0.034
2026-09-13 06:37:44.796,1,3,Read Holding Registers,1260,12,2693,0.475
2026-09-13 06:37:44.847,1,3,Read Holding Registers,6183,3840,19444,0.051
2026-09-13 06:37:46.864,1,3,Read Holding Registers,1200,5,7813,0.06
2026-09-13 06:37:46.898,1,3,Read Holding Registers,2560,0,46628,0.034
2026-09-13 06:37:48.296,1,3,Read Holding Registers,1260,12,2693,0.475
2026-09-13 06:37:48.347,1,3,Read Holding Registers,6183,3840,19444,0.051
2026-09-13 06:37:50.364,1,3,Read Holding Registers,1200,5,7813,0.06
2026-09-13 06:37:50.398,1,3,Read Holding Registers,2560,0,46628,0.034
2026-09-13 06:37:51.796,1,3,Read Holding Registers,1260,12,2693,0.475
2026-09-13 06:37:51.847,1,3,Read Holding Registers,6183,3840,19444,0.051
2026-09-13 06:37:53.864,1,3,Read Holding Registers,1200,5,7813,0.06
2026-09-13 06:37:53.898,1,3,Read Holding Registers,2560,0,46628,0.034
2026-09-13 06:37:55.296,1,3,Read Holding Registers,1260,12,2693,0.475
2026-09-13 06:37:55.347,1,3,Read Holding Registers,6183,3840,19444,0.051
2026-09-13 06:37:57.364,1,3,Read Holding Registers,1200,5,7813,0.06
2026-09-13 06:37:57.398,1,3,Read Holding Registers,2560,0,46628,0.034
2026-09-13 06:37:58.796,1,3,Read Holding Registers,1260,12,2693,0.475
2026-09-13 06:37:58.847,1,3,Read Holding Registers,6183,3840,19444,0.051
2026-09-13 06:38:00.864,1,3,Read Holding Registers,1200,5,7813,0.06
2026-09-13 06:38:00.898,1,3,Read Holding Registers,2560,0,46628,0.034
2026-09-13 06:38:02.296,1,3,Read Holding Registers,1260,12,2693,0.475
2026-09-13 06:38:02.347,1,3,Read Holding Registers,6183,3840,19444,0.051
2026-09-13 06:38:04.383,1,3,Read Holding Registers,1200,5,7813,0.06
2026-09-13 06:38:04.417,1,3,Read Holding Registers,2560,0,46628,0.034
2026-09-13 06:38:05.815,1,3,Read Holding Registers,1260,12,2693,0.475
2026-09-13 06:38:05.866,1,3,Read Holding Registers,6183,3840,17258,0.051
2026-09-13 06:38:07.883,1,3,Read Holding Registers,1200,5,7813,0.06
2026-09-13 06:38:07.917,1,3,Read Holding Registers,2560,0,46628,0.034
2026-09-13 06:38:09.315,1,3,Read Holding Registers,1260,12,2693,0.475
2026-09-13 06:38:09.366,1,3,Read Holding Registers,6183,3840,17258,0.051
2026-09-13 06:38:11.383,1,3,Read Holding Registers,1200,5,7813,0.06
2026-09-13 06:38:11.417,1,3,Read Holding Registers,2560,0,46628,0.034
2026-09-13 06:38:12.815,1,3,Read Holding Registers,1260,12,2693,0.475
2026-09-13 06:38:12.866,1,3,Read Holding Registers,6183,3840,17258,0.051
2026-09-13 06:38:14.883,1,3,Read Holding Registers,1200,5,7813,0.06
2026-09-13 06:38:14.917,1,3,Read Holding Registers,2560,0,46628,0.034
2026-09-13 06:38:16.315,1,3,Read Holding Registers,1260,12,2693,0.475
2026-09-13 06:38:16.366,1,3,Read Holding Registers,6183,3840,17258,0.051
2026-09-13 06:38:18.384,1,3,Read Holding Registers,1200,5,7813,0.06
2026-09-13 06:38:18.418,1,3,Read Holding Registers,2560,0,46628,0.034
2026-09-13 06:38:19.816,1,3,Read Holding Registers,1260,12,2693,0.476
2026-09-13 06:38:19.866,1,3,Read Holding Registers,6183,3840,17258,0.05
2026-09-13 06:38:21.884,1,3,Read Holding Registers,1200,5,7813,0.06
2026-09-13 06:38:21.918,1,3,Read Holding Registers,2560,0,46628,0.034
2026-09-13 06:38:23.316,1,3,Read Holding Registers,1260,12,2693,0.476
2026-09-13 06:38:23.366,1,3,Read Holding Registers,6183,3840,64275,0.05
2026-09-13 06:38:25.384,1,3,Read Holding Registers,1200,5,7813,0.06
2026-09-13 06:38:25.418,1,3,Read Holding Registers,2560,0,46628,0.034
2026-09-13 06:38:26.816,1,3,Read Holding Registers,1260,12,2693,0.475
2026-09-13 06:38:26.867,1,3,Read Holding Registers,6183,3840,64275,0.051
2026-09-13 06:38:28.884,1,3,Read Holding Registers,1200,5,7813,0.06
2026-09-13 06:38:28.918,1,3,Read Holding Registers,2560,0,46628,0.034
2026-09-13 06:38:30.316,1,3,Read Holding Registers,1260,12,2693,0.475
2026-09-13 06:38:30.367,1,3,Read Holding Registers,6183,3840,64275,0.051
2026-09-13 06:38:32.384,1,3,Read Holding Registers,1200,5,7813,0.06
2026-09-13 06:38:32.418,1,3,Read Holding Registers,2560,0,46628,0.034
2026-09-13 06:38:33.816,1,3,Read Holding Registers,1260,12,2693,0.475
2026-09-13 06:38:33.867,1,3,Read Holding Registers,6183,3840,64275,0.051
2026-09-13 06:38:35.884,1,3,Read Holding Registers,1200,5,7813,0.06
2026-09-13 06:38:35.918,1,3,Read Holding Registers,2560,0,46628,0.034
2026-09-13 06:38:37.316,1,3,Read Holding Registers,1260,12,2693,0.475
2026-09-13 06:38:37.367,1,3,Read Holding Registers,6183,3840,64275,0.051
2026-09-13 06:38:39.384,1,3,Read Holding Registers,1200,5,7813,0.06
2026-09-13 06:38:39.418,1,3,Read Holding Registers,2560,0,46628,0.034
2026-09-13 06:38:40.816,1,3,Read Holding Registers,1260,12,2693,0.475
2026-09-13 06:38:40.867,1,3,Read Holding Registers,6183,3840,64275,0.051
2026-09-13 06:38:42.884,1,3,Read Holding Registers,1200,5,7813,0.06
2026-09-13 06:38:42.918,1,3,Read Holding Registers,2560,0,46628,0.034
2026-09-13 06:38:44.316,1,3,Read Holding Registers,1260,12,2693,0.475
2026-09-13 06:38:44.367,1,3,Read Holding Registers,6183,3840,64275,0.051
2026-09-13 06:38:46.384,1,3,Read Holding Registers,1200,5,7813,0.06
2026-09-13 06:38:46.418,1,3,Read Holding Registers,2560,0,46628,0.034
2026-09-13 06:38:47.816,1,3,Read Holding Registers,1260,12,2693,0.475
2026-09-13 06:38:47.867,1,3,Read Holding Registers,6183,3840,64275,0.051
2026-09-13 06:38:49.884,1,3,Read Holding Registers,1200,5,7813,0.06
2026-09-13 06:38:49.918,1,3,Read Holding Registers,2560,0,46628,0.034
2026-09-13 06:38:51.316,1,3,Read Holding Registers,1260,12,2693,0.475
2026-09-13 06:38:51.367,1,3,Read Holding Registers,6183,3840,64275,0.051
2026-09-13 06:38:53.384,1,3,Read Holding Registers,1200,5,7813,0.06
2026-09-13 06:38:53.418,1,3,Read Holding Registers,2560,0,46628,0.034
2026-09-13 06:38:54.816,1,3,Read Holding Registers,1260,12,2693,0.475
2026-09-13 06:38:54.867,1,3,Read Holding Registers,6183,3840,64275,0.051
2026-09-13 06:38:56.884,1,3,Read Holding Registers,1200,5,7813,0.06
2026-09-13 06:38:56.918,1,3,Read Holding Registers,2560,0,46628,0.034
2026-09-13 06:38:58.316,1,3,Read Holding Registers,1260,12,2693,0.475
2026-09-13 06:38:58.367,1,3,Read Holding Registers,6183,3840,64275,0.051
2026-09-13 06:39:00.384,1,3,Read Holding Registers,1200,5,7813,0.06
2026-09-13 06:39:00.418,1,3,Read Holding Registers,2560,0,46628,0.034
2026-09-13 06:39:01.816,1,3,Read Holding Registers,1260,12,2693,0.475
2026-09-13 06:39:01.867,1,3,Read Holding Registers,6183,3840,64275,0.051
2026-09-13 06:39:03.885,1,3,Read Holding Registers,1200,5,7813,0.061
2026-09-13 06:39:03.918,1,3,Read Holding Registers,2560,0,46628,0.033
2026-09-13 06:39:05.316,1,3,Read Holding Registers,1260,12,2693,0.475
2026-09-13 06:39:05.367,1,3,Read Holding Registers,6183,3840,64275,0.051
2026-09-13 06:39:07.385,1,3,Read Holding Registers,1200,5,7813,0.06
2026-09-13 06:39:07.419,1,3,Read Holding Registers,2560,0,46628,0.034
2026-09-13 06:39:08.817,1,3,Read Holding Registers,1260,12,2693,0.476
2026-09-13 06:39:08.867,1,3,Read Holding Registers,6183,3840,15314,0.05
2026-09-13 06:39:10.885,1,3,Read Holding Registers,1200,5,7813,0.06
2026-09-13 06:39:10.919,1,3,Read Holding Registers,2560,0,46628,0.034
2026-09-13 06:39:12.317,1,3,Read Holding Registers,1260,12,2693,0.476
2026-09-13 06:39:12.367,1,3,Read Holding Registers,6183,3840,15314,0.05
2026-09-13 06:39:14.385,1,3,Read Holding Registers,1200,5,7813,0.06
2026-09-13 06:39:14.419,1,3,Read Holding Registers,2560,0,46628,0.034
2026-09-13 06:39:15.817,1,3,Read Holding Registers,1260,12,2693,0.476
2026-09-13 06:39:15.867,1,3,Read Holding Registers,6183,3840,15314,0.05
2026-09-13 06:39:17.885,1,3,Read Holding Registers,1200,5,7813,0.06
2026-09-13 06:39:17.919,1,3,Read Holding Registers,2560,0,46628,0.034
2026-09-13 06:39:19.317,1,3,Read Holding Registers,1260,12,2693,0.476
2026-09-13 06:39:19.368,1,3,Read Holding Registers,6183,3840,15314,0.051
2026-09-13 06:39:21.385,1,3,Read Holding Registers,1200,5,7813,0.06
2026-09-13 06:39:21.419,1,3,Read Holding Registers,2560,0,46628,0.034
2026-09-13 06:39:22.817,1,3,Read Holding Registers,1260,12,2693,0.475
2026-09-13 06:39:22.868,1,3,Read Holding Registers,6183,3840,15314,0.051
2026-09-13 06:39:24.885,1,3,Read Holding Registers,1200,5,7813,0.06
2026-09-13 06:39:24.919,1,3,Read Holding Registers,2560,0,46628,0.034
2026-09-13 06:39:26.317,1,3,Read Holding Registers,1260,12,2693,0.475
2026-09-13 06:39:26.368,1,3,Read Holding Registers,6183,3840,52002,0.051
2026-09-13 06:39:28.385,1,3,Read Holding Registers,1200,5,7813,0.06
2026-09-13 06:39:28.419,1,3,Read Holding Registers,2560,0,46628,0.034
2026-09-13 06:39:29.817,1,3,Read Holding Registers,1260,12,2693,0.475
2026-09-13 06:39:29.868,1,3,Read Holding Registers,6183,3840,52002,0.051
2026-09-13 06:39:31.885,1,3,Read Holding Registers,1200,5,7813,0.06
2026-09-13 06:39:31.919,1,3,Read Holding Registers,2560,0,46628,0.034
2026-09-13 06:39:33.317,1,3,Read Holding Registers,1260,12,2693,0.475
2026-09-13 06:39:33.368,1,3,Read Holding Registers,6183,3840,52002,0.051
2026-09-13 06:39:35.385,1,3,Read Holding Registers,1200,5,7813,0.06
2026-09-13 06:39:35.419,1,3,Read Holding Registers,2560,0,46628,0.034
2026-09-13 06:39:36.817,1,3,Read Holding Registers,1260,12,2693,0.475
2026-09-13 06:39:36.868,1,3,Read Holding Registers,6183,3840,52002,0.051
2026-09-13 06:39:38.885,1,3,Read Holding Registers,1200,5,7813,0.06
2026-09-13 06:39:38.919,1,3,Read Holding Registers,2560,0,46628,0.034
2026-09-13 06:39:40.317,1,3,Read Holding Registers,1260,12,2693,0.475
2026-09-13 06:39:40.368,1,3,Read Holding Registers,6183,3840,52002,0.051
2026-09-13 06:39:42.385,1,3,Read Holding Registers,1200,5,7813,0.06
2026-09-13 06:39:42.419,1,3,Read Holding Registers,2560,0,46628,0.034
2026-09-13 06:39:43.817,1,3,Read Holding Registers,1260,12,2693,0.475
2026-09-13 06:39:43.868,1,3,Read Holding Registers,6183,3840,52002,0.051
2026-09-13 06:39:45.885,1,3,Read Holding Registers,1200,5,7813,0.06
2026-09-13 06:39:45.919,1,3,Read Holding Registers,2560,0,46628,0.034
2026-09-13 06:39:47.317,1,3,Read Holding Registers,1260,12,2693,0.475
2026-09-13 06:39:47.368,1,3,Read Holding Registers,6183,3840,52002,0.051
2026-09-13 06:39:49.386,1,3,Read Holding Registers,1200,5,7813,0.061
2026-09-13 06:39:49.419,1,3,Read Holding Registers,2560,0,46628,0.033
2026-09-13 06:39:50.817,1,3,Read Holding Registers,1260,12,2693,0.475
2026-09-13 06:39:50.868,1,3,Read Holding Registers,6183,3840,3027,0.051
2026-09-13 06:39:52.886,1,3,Read Holding Registers,1200,5,7813,0.061
2026-09-13 06:39:52.919,1,3,Read Holding Registers,2560,0,46628,0.033
2026-09-13 06:39:54.317,1,3,Read Holding Registers,1260,12,2693,0.475
2026-09-13 06:39:54.368,1,3,Read Holding Registers,6183,3840,3027,0.051
2026-09-13 06:39:56.386,1,3,Read Holding Registers,1200,5,7813,0.06
2026-09-13 06:39:56.419,1,3,Read Holding Registers,2560,0,46628,0.033
2026-09-13 06:39:57.818,1,3,Read Holding Registers,1260,12,2693,0.476
2026-09-13 06:39:57.868,1,3,Read Holding Registers,6183,3840,3027,0.05
2026-09-13 06:39:59.886,1,3,Read Holding Registers,1200,5,7813,0.06
2026-09-13 06:39:59.920,1,3,Read Holding Registers,2560,0,46628,0.034
2026-09-13 06:40:01.318,1,3,Read Holding Registers,1260,12,2693,0.476
2026-09-13 06:40:01.368,1,3,Read Holding Registers,6183,3840,3027,0.05
2026-09-13 06:40:03.386,1,3,Read Holding Registers,1200,5,7813,0.06
2026-09-13 06:40:03.420,1,3,Read Holding Registers,2560,0,46628,0.034
2026-09-13 06:40:04.818,1,3,Read Holding Registers,1260,12,2693,0.476
2026-09-13 06:40:04.868,1,3,Read Holding Registers,6183,3840,3027,0.05
2026-09-13 06:40:06.886,1,3,Read Holding Registers,1200,5,7813,0.06
2026-09-13 06:40:06.920,1,3,Read Holding Registers,2560,0,46628,0.034
2026-09-13 06:40:08.318,1,3,Read Holding Registers,1260,12,2693,0.476
2026-09-13 06:40:08.369,1,3,Read Holding Registers,6183,3840,3027,0.051
2026-09-13 06:40:10.386,1,3,Read Holding Registers,1200,5,7813,0.06
2026-09-13 06:40:10.420,1,3,Read Holding Registers,2560,0,46628,0.034
2026-09-13 06:40:11.818,1,3,Read Holding Registers,1260,12,2693,0.475
2026-09-13 06:40:11.869,1,3,Read Holding Registers,6183,3840,3027,0.051
2026-09-13 06:40:13.886,1,3,Read Holding Registers,1200,5,7813,0.06
2026-09-13 06:40:13.920,1,3,Read Holding Registers,2560,0,46628,0.034
2026-09-13 06:40:15.318,1,3,Read Holding Registers,1260,12,2693,0.475
2026-09-13 06:40:15.369,1,3,Read Holding Registers,6183,3840,3027,0.051
2026-09-13 06:40:17.386,1,3,Read Holding Registers,1200,5,7813,0.06
2026-09-13 06:40:17.420,1,3,Read Holding Registers,2560,0,46628,0.034
2026-09-13 06:40:18.818,1,3,Read Holding Registers,1260,12,2693,0.475
2026-09-13 06:40:18.869,1,3,Read Holding Registers,6183,3840,3027,0.051
2026-09-13 06:40:20.886,1,3,Read Holding Registers,1200,5,7813,0.06
2026-09-13 06:40:20.920,1,3,Read Holding Registers,2560,0,46628,0.034
2026-09-13 06:40:22.318,1,3,Read Holding Registers,1260,12,2693,0.475
2026-09-13 06:40:22.369,1,3,Read Holding Registers,6183,3840,3027,0.051
2026-09-13 06:40:24.386,1,3,Read Holding Registers,1200,5,7813,0.06
2026-09-13 06:40:24.420,1,3,Read Holding Registers,2560,0,46628,0.034
2026-09-13 06:40:25.818,1,3,Read Holding Registers,1260,12,2693,0.475
2026-09-13 06:40:25.869,1,3,Read Holding Registers,6183,3840,3027,0.051
2026-09-13 06:40:27.886,1,3,Read Holding Registers,1200,5,7813,0.06
2026-09-13 06:40:27.920,1,3,Read Holding Registers,2560,0,46628,0.034
2026-09-13 06:40:29.318,1,3,Read Holding Registers,1260,12,2693,0.475
2026-09-13 06:40:29.369,1,3,Read Holding Registers,6183,3840,3027,0.051
2026-09-13 06:40:31.386,1,3,Read Holding Registers,1200,5,7813,0.06
2026-09-13 06:40:31.420,1,3,Read Holding Registers,2560,0,46628,0.034
2026-09-13 06:40:32.818,1,3,Read Holding Registers,1260,12,2693,0.475
2026-09-13 06:40:32.869,1,3,Read Holding Registers,6183,3840,3027,0.051
2026-09-13 06:40:34.886,1,3,Read Holding Registers,1200,5,7813,0.06
2026-09-13 06:40:34.920,1,3,Read Holding Registers,2560,0,46628,0.034
2026-09-13 06:40:36.318,1,3,Read Holding Registers,1260,12,2693,0.475
2026-09-13 06:40:36.369,1,3,Read Holding Registers,6183,3840,3027,0.051
2026-09-13 06:40:38.386,1,3,Read Holding Registers,1200,5,7813,0.06
2026-09-13 06:40:38.420,1,3,Read Holding Registers,2560,0,46628,0.034
2026-09-13 06:40:39.818,1,3,Read Holding Registers,1260,12,2693,0.475
2026-09-13 06:40:39.869,1,3,Read Holding Registers,6183,3840,3027,0.051
2026-09-13 06:40:41.887,1,3,Read Holding Registers,1200,5,7813,0.061
2026-09-13 06:40:41.920,1,3,Read Holding Registers,2560,0,46628,0.033
2026-09-13 06:40:43.318,1,3,Read Holding Registers,1260,12,2693,0.475
2026-09-13 06:40:43.369,1,3,Read Holding Registers,6183,3840,3027,0.051
2026-09-13 06:40:45.387,1,3,Read Holding Registers,1200,5,7813,0.06
2026-09-13 06:40:45.420,1,3,Read Holding Registers,2560,0,46628,0.033
2026-09-13 06:40:46.818,1,3,Read Holding Registers,1260,12,2693,0.475
2026-09-13 06:40:46.869,1,3,Read Holding Registers,6183,3840,3027,0.051
2026-09-13 06:40:48.887,1,3,Read Holding Registers,1200,5,7813,0.06
2026-09-13 06:40:48.920,1,3,Read Holding Registers,2560,0,46628,0.033
2026-09-13 06:40:50.319,1,3,Read Holding Registers,1260,12,2693,0.476
2026-09-13 06:40:50.369,1,3,Read Holding Registers,6183,3840,3027,0.05
2026-09-13 06:40:52.387,1,3,Read Holding Registers,1200,5,7813,0.06
2026-09-13 06:40:52.421,1,3,Read Holding Registers,2560,0,46628,0.034
2026-09-13 06:40:53.819,1,3,Read Holding Registers,1260,12,2693,0.476
2026-09-13 06:40:53.869,1,3,Read Holding Registers,6183,3840,3027,0.05
2026-09-13 06:40:55.887,1,3,Read Holding Registers,1200,5,7813,0.06
2026-09-13 06:40:55.921,1,3,Read Holding Registers,2560,0,46628,0.034
2026-09-13 06:40:57.319,1,3,Read Holding Registers,1260,12,2693,0.475
2026-09-13 06:40:57.370,1,3,Read Holding Registers,6183,3840,3027,0.051
2026-09-13 06:40:59.387,1,3,Read Holding Registers,1200,5,7813,0.06
2026-09-13 06:40:59.421,1,3,Read Holding Registers,2560,0,46628,0.034
2026-09-13 06:41:00.819,1,3,Read Holding Registers,1260,12,2693,0.476
2026-09-13 06:41:00.870,1,3,Read Holding Registers,6183,3840,2937,0.051
2026-09-13 06:41:02.887,1,3,Read Holding Registers,1200,5,7813,0.06
2026-09-13 06:41:02.921,1,3,Read Holding Registers,2560,0,46628,0.034
2026-09-13 06:41:04.319,1,3,Read Holding Registers,1260,12,2693,0.475
2026-09-13 06:41:04.370,1,3,Read Holding Registers,6183,3840,2937,0.051
2026-09-13 06:41:06.387,1,3,Read Holding Registers,1200,5,7813,0.06
2026-09-13 06:41:06.421,1,3,Read Holding Registers,2560,0,46628,0.034
2026-09-13 06:41:07.819,1,3,Read Holding Registers,1260,12,2693,0.475
2026-09-13 06:41:07.870,1,3,Read Holding Registers,6183,3840,2937,0.051
2026-09-13 06:41:09.887,1,3,Read Holding Registers,1200,5,7813,0.06
2026-09-13 06:41:09.921,1,3,Read Holding Registers,2560,0,46628,0.034
2026-09-13 06:41:11.319,1,3,Read Holding Registers,1260,12,2693,0.475
2026-09-13 06:41:11.370,1,3,Read Holding Registers,6183,3840,2937,0.051
2026-09-13 06:41:13.387,1,3,Read Holding Registers,1200,5,7813,0.06
2026-09-13 06:41:13.421,1,3,Read Holding Registers,2560,0,46628,0.034
2026-09-13 06:41:14.819,1,3,Read Holding Registers,1260,12,2693,0.475
2026-09-13 06:41:14.870,1,3,Read Holding Registers,6183,3840,2937,0.051
2026-09-13 06:41:16.887,1,3,Read Holding Registers,1200,5,7813,0.06
2026-09-13 06:41:16.921,1,3,Read Holding Registers,2560,0,46628,0.034
2026-09-13 06:41:18.319,1,3,Read Holding Registers,1260,12,2693,0.475
2026-09-13 06:41:18.370,1,3,Read Holding Registers,6183,3840,2937,0.051
2026-09-13 06:41:20.387,1,3,Read Holding Registers,1200,5,7813,0.06
2026-09-13 06:41:20.421,1,3,Read Holding Registers,2560,0,46628,0.034
2026-09-13 06:41:21.819,1,3,Read Holding Registers,1260,12,2693,0.475
2026-09-13 06:41:21.870,1,3,Read Holding Registers,6183,3840,2937,0.051
2026-09-13 06:41:23.887,1,3,Read Holding Registers,1200,5,7813,0.06
2026-09-13 06:41:23.921,1,3,Read Holding Registers,2560,0,46628,0.034
2026-09-13 06:41:25.319,1,3,Read Holding Registers,1260,12,2693,0.475
2026-09-13 06:41:25.370,1,3,Read Holding Registers,6183,3840,2937,0.051
2026-09-13 06:41:27.387,1,3,Read Holding Registers,1200,5,7813,0.06
2026-09-13 06:41:27.421,1,3,Read Holding Registers,2560,0,46628,0.034
2026-09-13 06:41:28.819,1,3,Read Holding Registers,1260,12,2693,0.475
2026-09-13 06:41:28.870,1,3,Read Holding Registers,6183,3840,2937,0.051
2026-09-13 06:41:30.887,1,3,Read Holding Registers,1200,5,7813,0.06
2026-09-13 06:41:30.921,1,3,Read Holding Registers,2560,0,46628,0.034
2026-09-13 06:41:32.319,1,3,Read Holding Registers,1260,12,2693,0.475
2026-09-13 06:41:32.370,1,3,Read Holding Registers,6183,3840,2937,0.051
2026-09-13 06:41:34.388,1,3,Read Holding Registers,1200,5,7813,0.06
2026-09-13 06:41:34.421,1,3,Read Holding Registers,2560,0,46628,0.033
2026-09-13 06:41:35.819,1,3,Read Holding Registers,1260,12,2693,0.475
2026-09-13 06:41:35.870,1,3,Read Holding Registers,6183,3840,2937,0.051
2026-09-13 06:41:37.888,1,3,Read Holding Registers,1200,5,7813,0.06
2026-09-13 06:41:37.922,1,3,Read Holding Registers,2560,0,46628,0.034
2026-09-13 06:41:39.320,1,3,Read Holding Registers,1260,12,2693,0.476
2026-09-13 06:41:39.370,1,3,Read Holding Registers,6183,3840,2937,0.05
2026-09-13 06:41:41.388,1,3,Read Holding Registers,1200,5,7813,0.06
2026-09-13 06:41:41.422,1,3,Read Holding Registers,2560,0,46628,0.034
2026-09-13 06:41:43.461,1,3,Read Holding Registers,1260,12,2693,1.117
2026-09-13 06:41:43.511,1,3,Read Holding Registers,6183,3840,2937,0.05
2026-09-13 06:41:45.130,1,3,Read Holding Registers,1200,5,7813,0.06
2026-09-13 06:41:45.164,1,3,Read Holding Registers,2560,0,46628,0.034
2026-09-13 06:41:46.562,1,3,Read Holding Registers,1260,12,2693,0.475
2026-09-13 06:41:46.613,1,3,Read Holding Registers,6183,3840,2937,0.051
2026-09-13 06:41:48.630,1,3,Read Holding Registers,1200,5,7813,0.06
2026-09-13 06:41:48.664,1,3,Read Holding Registers,2560,0,46628,0.034
2026-09-13 06:41:50.062,1,3,Read Holding Registers,1260,12,2693,0.475
2026-09-13 06:41:50.113,1,3,Read Holding Registers,6183,3840,2937,0.051
2026-09-13 06:41:52.130,1,3,Read Holding Registers,1200,5,7813,0.06
2026-09-13 06:41:52.164,1,3,Read Holding Registers,2560,0,46628,0.034
2026-09-13 06:41:53.562,1,3,Read Holding Registers,1260,12,2693,0.475
2026-09-13 06:41:53.613,1,3,Read Holding Registers,6183,3840,2937,0.051
2026-09-13 06:41:55.630,1,3,Read Holding Registers,1200,5,7813,0.06
2026-09-13 06:41:55.664,1,3,Read Holding Registers,2560,0,46628,0.034
2026-09-13 06:41:57.062,1,3,Read Holding Registers,1260,12,2693,0.475
2026-09-13 06:41:57.113,1,3,Read Holding Registers,6183,3840,2937,0.051
2026-09-13 06:41:59.130,1,3,Read Holding Registers,1200,5,7813,0.06
2026-09-13 06:41:59.164,1,3,Read Holding Registers,2560,0,46628,0.034
2026-09-13 06:42:00.562,1,3,Read Holding Registers,1260,12,2693,0.475
2026-09-13 06:42:00.613,1,3,Read Holding Registers,6183,3840,2937,0.051
2026-09-13 06:42:02.630,1,3,Read Holding Registers,1200,5,7813,0.06
2026-09-13 06:42:02.664,1,3,Read Holding Registers,2560,0,46628,0.034
2026-09-13 06:42:04.062,1,3,Read Holding Registers,1260,12,2693,0.117
2026-09-13 06:42:04.112,1,3,Read Holding Registers,6183,3840,2937,0.05
2026-09-13 06:42:06.130,1,3,Read Holding Registers,1200,5,7813,0.06
2026-09-13 06:42:06.164,1,3,Read Holding Registers,2560,0,46628,0.034
2026-09-13 06:42:07.562,1,3,Read Holding Registers,1260,12,2693,0.475
2026-09-13 06:42:07.613,1,3,Read Holding Registers,6183,3840,2937,0.051
2026-09-13 06:42:09.630,1,3,Read Holding Registers,1200,5,7813,0.06
2026-09-13 06:42:09.664,1,3,Read Holding Registers,2560,0,46628,0.034
2026-09-13 06:42:11.062,1,3,Read Holding Registers,1260,12,2693,0.475
2026-09-13 06:42:11.113,1,3,Read Holding Registers,6183,3840,2937,0.051
2026-09-13 06:42:13.130,1,3,Read Holding Registers,1200,5,7813,0.06
2026-09-13 06:42:13.164,1,3,Read Holding Registers,2560,0,46628,0.034
2026-09-13 06:42:14.562,1,3,Read Holding Registers,1260,12,2693,0.475
2026-09-13 06:42:14.613,1,3,Read Holding Registers,6183,3840,2937,0.051
2026-09-13 06:42:16.630,1,3,Read Holding Registers,1200,5,7813,0.06
2026-09-13 06:42:16.664,1,3,Read Holding Registers,2560,0,46628,0.034
2026-09-13 06:42:18.062,1,3,Read Holding Registers,1260,12,2693,0.475
2026-09-13 06:42:18.113,1,3,Read Holding Registers,6183,3840,2937,0.051
2026-09-13 06:42:20.131,1,3,Read Holding Registers,1200,5,7813,0.061
2026-09-13 06:42:20.164,1,3,Read Holding Registers,2560,0,46628,0.033
2026-09-13 06:42:21.562,1,3,Read Holding Registers,1260,12,2693,0.475
2026-09-13 06:42:21.613,1,3,Read Holding Registers,6183,3840,2665,0.051
2026-09-13 06:42:23.631,1,3,Read Holding Registers,1200,5,7813,0.06
2026-09-13 06:42:23.664,1,3,Read Holding Registers,2560,0,46628,0.033
2026-09-13 06:42:25.063,1,3,Read Holding Registers,1260,12,2693,0.476
2026-09-13 06:42:25.113,1,3,Read Holding Registers,6183,3840,2665,0.05
2026-09-13 06:42:27.131,1,3,Read Holding Registers,1200,5,7813,0.06
2026-09-13 06:42:27.165,1,3,Read Holding Registers,2560,0,46628,0.034
2026-09-13 06:42:28.563,1,3,Read Holding Registers,1260,12,2693,0.476
2026-09-13 06:42:28.613,1,3,Read Holding Registers,6183,3840,2665,0.05
2026-09-13 06:42:30.631,1,3,Read Holding Registers,1200,5,7813,0.06
2026-09-13 06:42:30.665,1,3,Read Holding Registers,2560,0,46628,0.034
2026-09-13 06:42:32.063,1,3,Read Holding Registers,1260,12,2693,0.476
2026-09-13 06:42:32.113,1,3,Read Holding Registers,6183,3840,2665,0.05
2026-09-13 06:42:34.131,1,3,Read Holding Registers,1200,5,7813,0.06
2026-09-13 06:42:34.165,1,3,Read Holding Registers,2560,0,46628,0.034
2026-09-13 06:42:35.563,1,3,Read Holding Registers,1260,12,2693,0.476
2026-09-13 06:42:35.614,1,3,Read Holding Registers,6183,3840,2665,0.051
2026-09-13 06:42:37.631,1,3,Read Holding Registers,1200,5,7813,0.06
2026-09-13 06:42:37.665,1,3,Read Holding Registers,2560,0,46628,0.034
2026-09-13 06:42:39.063,1,3,Read Holding Registers,1260,12,2693,0.475
2026-09-13 06:42:39.114,1,3,Read Holding Registers,6183,3840,2665,0.051
2026-09-13 06:42:41.131,1,3,Read Holding Registers,1200,5,7813,0.06
2026-09-13 06:42:41.165,1,3,Read Holding Registers,2560,0,46628,0.034
2026-09-13 06:42:42.563,1,3,Read Holding Registers,1260,12,2693,0.475
2026-09-13 06:42:42.614,1,3,Read Holding Registers,6183,3840,2665,0.051
2026-09-13 06:42:44.631,1,3,Read Holding Registers,1200,5,7813,0.06
2026-09-13 06:42:44.665,1,3,Read Holding Registers,2560,0,46628,0.034
2026-09-13 06:42:46.063,1,3,Read Holding Registers,1260,12,2693,0.475
2026-09-13 06:42:46.114,1,3,Read Holding Registers,6183,3840,2665,0.051
2026-09-13 06:42:48.131,1,3,Read Holding Registers,1200,5,7813,0.06
2026-09-13 06:42:48.165,1,3,Read Holding Registers,2560,0,46628,0.034
2026-09-13 06:42:49.563,1,3,Read Holding Registers,1260,12,2693,0.475
2026-09-13 06:42:49.614,1,3,Read Holding Registers,6183,3840,2665,0.051
2026-09-13 06:42:51.631,1,3,Read Holding Registers,1200,5,7813,0.06
2026-09-13 06:42:51.665,1,3,Read Holding Registers,2560,0,46628,0.034
2026-09-13 06:42:53.063,1,3,Read Holding Registers,1260,12,2693,0.475
2026-09-13 06:42:53.114,1,3,Read Holding Registers,6183,3840,2665,0.051
2026-09-13 06:42:55.131,1,3,Read Holding Registers,1200,5,7813,0.06
2026-09-13 06:42:55.165,1,3,Read Holding Registers,2560,0,46628,0.034
2026-09-13 06:42:56.563,1,3,Read Holding Registers,1260,12,2693,0.475
2026-09-13 06:42:56.614,1,3,Read Holding Registers,6183,3840,2665,0.051
2026-09-13 06:42:58.631,1,3,Read Holding Registers,1200,5,7813,0.06
2026-09-13 06:42:58.665,1,3,Read Holding Registers,2560,0,46628,0.034
2026-09-13 06:43:00.063,1,3,Read Holding Registers,1260,12,2693,0.475
2026-09-13 06:43:00.114,1,3,Read Holding Registers,6183,3840,2665,0.051
2026-09-13 06:43:02.131,1,3,Read Holding Registers,1200,5,7813,0.06
2026-09-13 06:43:02.165,1,3,Read Holding Registers,2560,0,46628,0.034
2026-09-13 06:43:03.563,1,3,Read Holding Registers,1260,12,2693,0.475
2026-09-13 06:43:03.614,1,3,Read Holding Registers,6183,3840,2665,0.051
2026-09-13 06:43:05.631,1,3,Read Holding Registers,1200,5,7813,0.06
2026-09-13 06:43:05.665,1,3,Read Holding Registers,2560,0,46628,0.034
2026-09-13 06:43:07.063,1,3,Read Holding Registers,1260,12,2693,0.475
2026-09-13 06:43:07.114,1,3,Read Holding Registers,6183,3840,2665,0.051
2026-09-13 06:43:09.132,1,3,Read Holding Registers,1200,5,7813,0.061
2026-09-13 06:43:09.165,1,3,Read Holding Registers,2560,0,46628,0.033
2026-09-13 06:43:10.563,1,3,Read Holding Registers,1260,12,2693,0.475
2026-09-13 06:43:10.614,1,3,Read Holding Registers,6183,3840,2665,0.051
2026-09-13 06:43:12.632,1,3,Read Holding Registers,1200,5,7813,0.06
2026-09-13 06:43:12.666,1,3,Read Holding Registers,2560,0,46628,0.034
2026-09-13 06:43:14.064,1,3,Read Holding Registers,1260,12,2693,0.476
2026-09-13 06:43:14.114,1,3,Read Holding Registers,6183,3840,2665,0.05
2026-09-13 06:43:16.132,1,3,Read Holding Registers,1200,5,7813,0.06
2026-09-13 06:43:16.166,1,3,Read Holding Registers,2560,0,46628,0.034
2026-09-13 06:43:17.564,1,3,Read Holding Registers,1260,12,2693,0.476
2026-09-13 06:43:17.615,1,3,Read Holding Registers,6183,3840,2473,0.051
2026-09-13 06:43:19.632,1,3,Read Holding Registers,1200,5,7813,0.06
2026-09-13 06:43:19.666,1,3,Read Holding Registers,2560,0,46628,0.034
2026-09-13 06:43:21.064,1,3,Read Holding Registers,1260,12,2693,0.476
2026-09-13 06:43:21.115,1,3,Read Holding Registers,6183,3840,2473,0.051
2026-09-13 06:43:23.132,1,3,Read Holding Registers,1200,5,7813,0.06
2026-09-13 06:43:23.166,1,3,Read Holding Registers,2560,0,46628,0.034
2026-09-13 06:43:24.564,1,3,Read Holding Registers,1260,12,2693,0.476
2026-09-13 06:43:24.615,1,3,Read Holding Registers,6183,3840,2473,0.051
2026-09-13 06:43:26.632,1,3,Read Holding Registers,1200,5,7813,0.06
2026-09-13 06:43:26.666,1,3,Read Holding Registers,2560,0,46628,0.034
2026-09-13 06:43:28.064,1,3,Read Holding Registers,1260,12,2693,0.475
2026-09-13 06:43:28.115,1,3,Read Holding Registers,6183,3840,2473,0.051
2026-09-13 06:43:30.132,1,3,Read Holding Registers,1200,5,7813,0.06
2026-09-13 06:43:30.166,1,3,Read Holding Registers,2560,0,46628,0.034
2026-09-13 06:43:31.564,1,3,Read Holding Registers,1260,12,2693,0.475
2026-09-13 06:43:31.615,1,3,Read Holding Registers,6183,3840,2473,0.051
2026-09-13 06:43:33.632,1,3,Read Holding Registers,1200,5,7813,0.06
2026-09-13 06:43:33.666,1,3,Read Holding Registers,2560,0,46628,0.034
2026-09-13 06:43:35.064,1,3,Read Holding Registers,1260,12,2693,0.475
2026-09-13 06:43:35.115,1,3,Read Holding Registers,6183,3840,2473,0.051
2026-09-13 06:43:37.132,1,3,Read Holding Registers,1200,5,7813,0.06
2026-09-13 06:43:37.166,1,3,Read Holding Registers,2560,0,46628,0.034
2026-09-13 06:43:38.564,1,3,Read Holding Registers,1260,12,2693,0.475
2026-09-13 06:43:38.615,1,3,Read Holding Registers,6183,3840,2473,0.051
2026-09-13 06:43:40.632,1,3,Read Holding Registers,1200,5,7813,0.06
2026-09-13 06:43:40.666,1,3,Read Holding Registers,2560,0,46628,0.034
2026-09-13 06:43:42.573,1,3,Read Holding Registers,1260,12,2693,0.475
2026-09-13 06:43:45.670,1,3,Read Holding Registers,1200,5,7813,0.06
2026-09-13 06:43:45.704,1,3,Read Holding Registers,2560,0,46628,0.034
2026-09-13 06:43:47.102,1,3,Read Holding Registers,1260,12,2693,0.475
2026-09-13 06:43:47.153,1,3,Read Holding Registers,6183,3840,2473,0.051
2026-09-13 06:43:49.170,1,3,Read Holding Registers,1200,5,7813,0.06
2026-09-13 06:43:49.204,1,3,Read Holding Registers,2560,0,46628,0.034
2026-09-13 06:43:50.602,1,3,Read Holding Registers,1260,12,2693,0.475
2026-09-13 06:43:50.653,1,3,Read Holding Registers,6183,3840,2473,0.051
2026-09-13 06:43:53.180,1,3,Read Holding Registers,1200,5,7813,0.06
2026-09-13 06:43:53.214,1,3,Read Holding Registers,2560,0,46628,0.034
2026-09-13 06:43:55.122,1,3,Read Holding Registers,1260,12,2693,0.985
2026-09-13 06:43:58.729,1,3,Read Holding Registers,1200,5,7813,0.061
2026-09-13 06:44:00.737,1,3,Read Holding Registers,1260,12,2693,0.474
2026-09-13 06:44:00.789,1,3,Read Holding Registers,6183,3840,2473,0.052
2026-09-13 06:44:04.264,1,3,Read Holding Registers,1200,5,7813,1.009
2026-09-13 06:44:07.293,1,3,Read Holding Registers,1260,12,2693,1.01
2026-09-13 06:44:11.339,1,3,Read Holding Registers,1200,5,7813,1.009
2026-09-13 06:44:11.374,1,3,Read Holding Registers,2560,0,46628,0.035
2026-09-13 06:44:12.408,1,3,Read Holding Registers,1260,12,2693,0.475
2026-09-13 06:44:12.459,1,3,Read Holding Registers,6183,3840,2473,0.051
2026-09-13 06:44:14.476,1,3,Read Holding Registers,1200,5,7813,0.06
2026-09-13 06:44:14.510,1,3,Read Holding Registers,2560,0,46628,0.034
2026-09-13 06:44:15.908,1,3,Read Holding Registers,1260,12,2693,0.475
2026-09-13 06:44:15.959,1,3,Read Holding Registers,6183,3840,2473,0.051
2026-09-13 06:44:17.976,1,3,Read Holding Registers,1200,5,7813,0.06
2026-09-13 06:44:18.010,1,3,Read Holding Registers,2560,0,46628,0.034
2026-09-13 06:44:19.408,1,3,Read Holding Registers,1260,12,2693,0.475
2026-09-13 06:44:19.459,1,3,Read Holding Registers,6183,3840,2473,0.051
2026-09-13 06:44:21.476,1,3,Read Holding Registers,1200,5,7813,0.06
2026-09-13 06:44:21.510,1,3,Read Holding Registers,2560,0,46628,0.034
2026-09-13 06:44:22.908,1,3,Read Holding Registers,1260,12,2693,0.475
2026-09-13 06:44:22.959,1,3,Read Holding Registers,6183,3840,2473,0.051
2026-09-13 06:44:24.976,1,3,Read Holding Registers,1200,5,7813,0.06
2026-09-13 06:44:25.010,1,3,Read Holding Registers,2560,0,46628,0.034
2026-09-13 06:44:26.408,1,3,Read Holding Registers,1260,12,2693,0.475
2026-09-13 06:44:26.459,1,3,Read Holding Registers,6183,3840,2473,0.051
2026-09-13 06:44:28.476,1,3,Read Holding Registers,1200,5,7813,0.06
2026-09-13 06:44:28.510,1,3,Read Holding Registers,2560,0,46628,0.034
2026-09-13 06:44:29.908,1,3,Read Holding Registers,1260,12,2693,0.475
2026-09-13 06:44:29.959,1,3,Read Holding Registers,6183,3840,2473,0.051
2026-09-13 06:44:31.976,1,3,Read Holding Registers,1200,5,7813,0.06
2026-09-13 06:44:32.010,1,3,Read Holding Registers,2560,0,46628,0.034
2026-09-13 06:44:33.918,1,3,Read Holding Registers,1260,12,2693,1.01
2026-09-13 06:44:33.968,1,3,Read Holding Registers,6183,3840,2473,0.05
2026-09-13 06:44:37.445,1,3,Read Holding Registers,1200,5,7813,1.01
2026-09-13 06:44:37.480,1,3,Read Holding Registers,2560,0,46628,0.035
2026-09-13 06:44:39.964,1,3,Read Holding Registers,1260,12,2693,1.01
2026-09-13 06:44:45.061,1,3,Read Holding Registers,1200,5,7813,1.01
2026-09-13 06:44:48.090,1,3,Read Holding Registers,1260,12,2693,1.01
2026-09-13 06:44:53.166,1,3,Read Holding Registers,1200,5,7813,1.009
2026-09-13 06:44:56.195,1,3,Read Holding Registers,1260,12,2693,1.01
2026-09-13 06:45:00.241,1,3,Read Holding Registers,1200,5,7813,1.009
2026-09-13 06:45:04.290,1,3,Read Holding Registers,1260,12,2693,1.01
2026-09-13 06:45:08.336,1,3,Read Holding Registers,1200,5,7813,1.009
2026-09-13 06:45:11.365,1,3,Read Holding Registers,1260,12,2693,1.01
2026-09-13 06:45:11.415,1,3,Read Holding Registers,6183,3840,2473,0.05
2026-09-13 06:45:15.921,1,3,Read Holding Registers,1200,5,7813,1.009
2026-09-13 06:45:18.950,1,3,Read Holding Registers,1260,12,2693,0.985
2026-09-13 06:45:22.997,1,3,Read Holding Registers,1200,5,7813,1.01
2026-09-13 06:45:23.031,1,3,Read Holding Registers,2560,0,46628,0.034
2026-09-13 06:45:24.575,1,3,Read Holding Registers,1260,12,2693,1.01
2026-09-13 06:45:24.625,1,3,Read Holding Registers,6183,3840,2473,0.05
2026-09-13 06:45:28.692,1,3,Read Holding Registers,1200,5,7813,0.061
2026-09-13 06:45:28.726,1,3,Read Holding Registers,2560,0,46628,0.034
2026-09-13 06:45:30.632,1,3,Read Holding Registers,1260,12,2693,0.474
2026-09-13 06:45:30.684,1,3,Read Holding Registers,6183,3840,2473,0.052
2026-09-13 06:45:33.209,1,3,Read Holding Registers,1200,5,7813,0.06
2026-09-13 06:45:33.243,1,3,Read Holding Registers,2560,0,46628,0.034
2026-09-13 06:45:34.641,1,3,Read Holding Registers,1260,12,2693,0.475
2026-09-13 06:45:34.692,1,3,Read Holding Registers,6183,3840,2473,0.051
2026-09-13 06:45:37.739,1,3,Read Holding Registers,1200,5,7813,0.06
2026-09-13 06:45:37.773,1,3,Read Holding Registers,2560,0,46628,0.034
2026-09-13 06:45:39.170,1,3,Read Holding Registers,1260,12,2693,0.475
2026-09-13 06:45:39.221,1,3,Read Holding Registers,6183,3840,2473,0.051
2026-09-13 06:45:41.239,1,3,Read Holding Registers,1200,5,7813,0.06
2026-09-13 06:45:41.273,1,3,Read Holding Registers,2560,0,46628,0.034
2026-09-13 06:45:42.671,1,3,Read Holding Registers,1260,12,2693,0.476
2026-09-13 06:45:42.721,1,3,Read Holding Registers,6183,3840,2473,0.05
2026-09-13 06:45:44.739,1,3,Read Holding Registers,1200,5,7813,0.06
2026-09-13 06:45:44.773,1,3,Read Holding Registers,2560,0,46628,0.034
2026-09-13 06:45:46.171,1,3,Read Holding Registers,1260,12,2693,0.476
2026-09-13 06:45:46.221,1,3,Read Holding Registers,6183,3840,2473,0.05
2026-09-13 06:45:48.239,1,3,Read Holding Registers,1200,5,7813,0.06
2026-09-13 06:45:48.273,1,3,Read Holding Registers,2560,0,46628,0.034
2026-09-13 06:45:49.671,1,3,Read Holding Registers,1260,12,2693,0.475
2026-09-13 06:45:49.722,1,3,Read Holding Registers,6183,3840,3054,0.051
2026-09-13 06:45:51.739,1,3,Read Holding Registers,1200,5,7813,0.06
2026-09-13 06:45:51.773,1,3,Read Holding Registers,2560,0,46628,0.034
2026-09-13 06:45:53.171,1,3,Read Holding Registers,1260,12,2693,0.475
2026-09-13 06:45:53.222,1,3,Read Holding Registers,6183,3840,3054,0.051
2026-09-13 06:45:55.239,1,3,Read Holding Registers,1200,5,7813,0.06
2026-09-13 06:45:55.273,1,3,Read Holding Registers,2560,0,46628,0.034
2026-09-13 06:45:56.671,1,3,Read Holding Registers,1260,12,2693,0.475
2026-09-13 06:45:56.722,1,3,Read Holding Registers,6183,3840,3054,0.051
2026-09-13 06:45:58.739,1,3,Read Holding Registers,1200,5,7813,0.06
2026-09-13 06:45:58.773,1,3,Read Holding Registers,2560,0,46628,0.034
2026-09-13 06:46:00.171,1,3,Read Holding Registers,1260,12,2693,0.475
2026-09-13 06:46:00.222,1,3,Read Holding Registers,6183,3840,3054,0.051
2026-09-13 06:46:02.239,1,3,Read Holding Registers,1200,5,7813,0.06
2026-09-13 06:46:02.273,1,3,Read Holding Registers,2560,0,46628,0.034
2026-09-13 06:46:03.671,1,3,Read Holding Registers,1260,12,2693,0.475
2026-09-13 06:46:03.722,1,3,Read Holding Registers,6183,3840,3054,0.051
2026-09-13 06:46:05.739,1,3,Read Holding Registers,1200,5,7813,0.06
2026-09-13 06:46:05.773,1,3,Read Holding Registers,2560,0,46628,0.034
2026-09-13 06:46:07.171,1,3,Read Holding Registers,1260,12,2693,0.475
2026-09-13 06:46:07.222,1,3,Read Holding Registers,6183,3840,3054,0.051
2026-09-13 06:46:09.239,1,3,Read Holding Registers,1200,5,7813,0.06
2026-09-13 06:46:09.273,1,3,Read Holding Registers,2560,0,46628,0.034
2026-09-13 06:46:10.671,1,3,Read Holding Registers,1260,12,2693,0.475
2026-09-13 06:46:10.722,1,3,Read Holding Registers,6183,3840,3054,0.051
2026-09-13 06:46:12.739,1,3,Read Holding Registers,1200,5,7813,0.06
2026-09-13 06:46:12.773,1,3,Read Holding Registers,2560,0,46628,0.034
2026-09-13 06:46:14.171,1,3,Read Holding Registers,1260,12,2693,0.475
2026-09-13 06:46:14.222,1,3,Read Holding Registers,6183,3840,3054,0.051
2026-09-13 06:46:16.239,1,3,Read Holding Registers,1200,5,7813,0.06
2026-09-13 06:46:16.273,1,3,Read Holding Registers,2560,0,46628,0.034
2026-09-13 06:46:17.671,1,3,Read Holding Registers,1260,12,2693,0.475
2026-09-13 06:46:17.722,1,3,Read Holding Registers,6183,3840,3054,0.051
2026-09-13 06:46:19.739,1,3,Read Holding Registers,1200,5,7813,0.06
2026-09-13 06:46:19.773,1,3,Read Holding Registers,2560,0,46628,0.034
2026-09-13 06:46:21.171,1,3,Read Holding Registers,1260,12,2693,0.475
2026-09-13 06:46:21.222,1,3,Read Holding Registers,6183,3840,3054,0.051
2026-09-13 06:46:23.240,1,3,Read Holding Registers,1200,5,7813,0.061
2026-09-13 06:46:23.273,1,3,Read Holding Registers,2560,0,46628,0.033
2026-09-13 06:46:24.671,1,3,Read Holding Registers,1260,12,2693,0.475
2026-09-13 06:46:24.722,1,3,Read Holding Registers,6183,3840,3054,0.051
2026-09-13 06:46:26.740,1,3,Read Holding Registers,1200,5,7813,0.06
2026-09-13 06:46:26.773,1,3,Read Holding Registers,2560,0,46628,0.033
2026-09-13 06:46:28.171,1,3,Read Holding Registers,1260,12,2693,0.475
2026-09-13 06:46:28.222,1,3,Read Holding Registers,6183,3840,3054,0.051
2026-09-13 06:46:30.240,1,3,Read Holding Registers,1200,5,7813,0.06
2026-09-13 06:46:30.274,1,3,Read Holding Registers,2560,0,46628,0.034
2026-09-13 06:46:31.672,1,3,Read Holding Registers,1260,12,2693,0.476
2026-09-13 06:46:31.722,1,3,Read Holding Registers,6183,3840,3054,0.05
2026-09-13 06:46:33.740,1,3,Read Holding Registers,1200,5,7813,0.06
2026-09-13 06:46:33.774,1,3,Read Holding Registers,2560,0,46628,0.034
2026-09-13 06:46:35.172,1,3,Read Holding Registers,1260,12,2693,0.476
2026-09-13 06:46:35.223,1,3,Read Holding Registers,6183,3840,3054,0.051
2026-09-13 06:46:37.240,1,3,Read Holding Registers,1200,5,7813,0.06
2026-09-13 06:46:37.274,1,3,Read Holding Registers,2560,0,46628,0.034
2026-09-13 06:46:38.672,1,3,Read Holding Registers,1260,12,2693,0.476
2026-09-13 06:46:38.723,1,3,Read Holding Registers,6183,3840,3054,0.051
2026-09-13 06:46:40.740,1,3,Read Holding Registers,1200,5,7813,0.06
2026-09-13 06:46:40.774,1,3,Read Holding Registers,2560,0,46628,0.034
2026-09-13 06:46:42.172,1,3,Read Holding Registers,1260,12,2693,0.475
2026-09-13 06:46:42.223,1,3,Read Holding Registers,6183,3840,3054,0.051
2026-09-13 06:46:44.240,1,3,Read Holding Registers,1200,5,7813,0.06
2026-09-13 06:46:44.274,1,3,Read Holding Registers,2560,0,46628,0.034
2026-09-13 06:46:45.672,1,3,Read Holding Registers,1260,12,2693,0.475
2026-09-13 06:46:45.723,1,3,Read Holding Registers,6183,3840,3054,0.051
2026-09-13 06:46:47.740,1,3,Read Holding Registers,1200,5,7813,0.06
2026-09-13 06:46:47.774,1,3,Read Holding Registers,2560,0,46628,0.034
2026-09-13 06:46:49.172,1,3,Read Holding Registers,1260,12,2693,0.475
2026-09-13 06:46:49.223,1,3,Read Holding Registers,6183,3840,3054,0.051
2026-09-13 06:46:51.240,1,3,Read Holding Registers,1200,5,7813,0.06
2026-09-13 06:46:51.274,1,3,Read Holding Registers,2560,0,46628,0.034
2026-09-13 06:46:52.672,1,3,Read Holding Registers,1260,12,2693,0.475
2026-09-13 06:46:52.723,1,3,Read Holding Registers,6183,3840,3054,0.051
2026-09-13 06:46:55.039,1,3,Read Holding Registers,1200,5,7813,0.06
2026-09-13 06:46:55.073,1,3,Read Holding Registers,2560,0,46628,0.034
2026-09-13 06:46:56.471,1,3,Read Holding Registers,1260,12,2693,0.475
2026-09-13 06:46:56.522,1,3,Read Holding Registers,6183,3840,3054,0.051
2026-09-13 06:46:58.539,1,3,Read Holding Registers,1200,5,7813,0.06
2026-09-13 06:46:58.573,1,3,Read Holding Registers,2560,0,46628,0.034
2026-09-13 06:46:59.971,1,3,Read Holding Registers,1260,12,2693,0.475
2026-09-13 06:47:00.022,1,3,Read Holding Registers,6183,3840,3054,0.051
2026-09-13 06:47:02.039,1,3,Read Holding Registers,1200,5,7813,0.06
2026-09-13 06:47:02.073,1,3,Read Holding Registers,2560,0,46628,0.034
2026-09-13 06:47:03.471,1,3,Read Holding Registers,1260,12,2693,0.475
2026-09-13 06:47:03.522,1,3,Read Holding Registers,6183,3840,3054,0.051
2026-09-13 06:47:05.539,1,3,Read Holding Registers,1200,5,7813,0.06
2026-09-13 06:47:05.573,1,3,Read Holding Registers,2560,0,46628,0.034
2026-09-13 06:47:06.971,1,3,Read Holding Registers,1260,12,2693,0.475
2026-09-13 06:47:07.022,1,3,Read Holding Registers,6183,3840,3054,0.051
2026-09-13 06:47:09.040,1,3,Read Holding Registers,1200,5,7813,0.061
2026-09-13 06:47:09.073,1,3,Read Holding Registers,2560,0,46628,0.033
2026-09-13 06:47:10.471,1,3,Read Holding Registers,1260,12,2693,0.475
2026-09-13 06:47:10.522,1,3,Read Holding Registers,6183,3840,3054,0.051
2026-09-13 06:47:12.540,1,3,Read Holding Registers,1200,5,7813,0.061
2026-09-13 06:47:12.573,1,3,Read Holding Registers,2560,0,46628,0.033
2026-09-13 06:47:13.971,1,3,Read Holding Registers,1260,12,2693,0.475
2026-09-13 06:47:14.022,1,3,Read Holding Registers,6183,3840,3054,0.051
2026-09-13 06:47:16.040,1,3,Read Holding Registers,1200,5,7813,0.06
2026-09-13 06:47:16.073,1,3,Read Holding Registers,2560,0,46628,0.033
2026-09-13 06:47:17.472,1,3,Read Holding Registers,1260,12,2693,0.476
2026-09-13 06:47:17.522,1,3,Read Holding Registers,6183,3840,3054,0.05
2026-09-13 06:47:19.540,1,3,Read Holding Registers,1200,5,7813,0.06
2026-09-13 06:47:19.574,1,3,Read Holding Registers,2560,0,46628,0.034
2026-09-13 06:47:20.972,1,3,Read Holding Registers,1260,12,2693,0.476
2026-09-13 06:47:21.022,1,3,Read Holding Registers,6183,3840,3054,0.05
2026-09-13 06:47:23.040,1,3,Read Holding Registers,1200,5,7813,0.06
2026-09-13 06:47:23.074,1,3,Read Holding Registers,2560,0,46628,0.034
2026-09-13 06:47:24.472,1,3,Read Holding Registers,1260,12,2693,0.476
2026-09-13 06:47:24.523,1,3,Read Holding Registers,6183,3840,3054,0.051
2026-09-13 06:47:26.540,1,3,Read Holding Registers,1200,5,7813,0.06
2026-09-13 06:47:26.574,1,3,Read Holding Registers,2560,0,46628,0.034
2026-09-13 06:47:27.972,1,3,Read Holding Registers,1260,12,2693,0.476
2026-09-13 06:47:28.023,1,3,Read Holding Registers,6183,3840,3054,0.051
2026-09-13 06:47:30.040,1,3,Read Holding Registers,1200,5,7813,0.06
2026-09-13 06:47:30.074,1,3,Read Holding Registers,2560,0,46628,0.034
2026-09-13 06:47:31.472,1,3,Read Holding Registers,1260,12,2693,0.475
2026-09-13 06:47:31.523,1,3,Read Holding Registers,6183,3840,3054,0.051
2026-09-13 06:47:33.540,1,3,Read Holding Registers,1200,5,7813,0.06
2026-09-13 06:47:33.574,1,3,Read Holding Registers,2560,0,46628,0.034
2026-09-13 06:47:34.972,1,3,Read Holding Registers,1260,12,2693,0.475
2026-09-13 06:47:35.023,1,3,Read Holding Registers,6183,3840,3054,0.051
2026-09-13 06:47:37.051,1,3,Read Holding Registers,1200,5,7813,0.06
2026-09-13 06:47:37.085,1,3,Read Holding Registers,2560,0,46628,0.034
2026-09-13 06:47:38.483,1,3,Read Holding Registers,1260,12,2693,0.475
2026-09-13 06:47:38.534,1,3,Read Holding Registers,6183,3840,18173,0.051
2026-09-13 06:47:40.551,1,3,Read Holding Registers,1200,5,7813,0.06
2026-09-13 06:47:40.585,1,3,Read Holding Registers,2560,0,46628,0.034
2026-09-13 06:47:41.983,1,3,Read Holding Registers,1260,12,2693,0.475
2026-09-13 06:47:42.034,1,3,Read Holding Registers,6183,3840,18173,0.051
2026-09-13 06:47:44.051,1,3,Read Holding Registers,1200,5,7813,0.06
2026-09-13 06:47:44.085,1,3,Read Holding Registers,2560,0,46628,0.034
2026-09-13 06:47:45.483,1,3,Read Holding Registers,1260,12,2693,0.475
2026-09-13 06:47:45.534,1,3,Read Holding Registers,6183,3840,18173,0.051
2026-09-13 06:47:47.551,1,3,Read Holding Registers,1200,5,7813,0.06
2026-09-13 06:47:47.585,1,3,Read Holding Registers,2560,0,46628,0.034
2026-09-13 06:47:48.983,1,3,Read Holding Registers,1260,12,2693,0.475
2026-09-13 06:47:49.034,1,3,Read Holding Registers,6183,3840,18173,0.051
2026-09-13 06:47:51.051,1,3,Read Holding Registers,1200,5,7813,0.06
2026-09-13 06:47:51.085,1,3,Read Holding Registers,2560,0,46628,0.034
2026-09-13 06:47:52.483,1,3,Read Holding Registers,1260,12,2693,0.475
2026-09-13 06:47:52.534,1,3,Read Holding Registers,6183,3840,18173,0.051
2026-09-13 06:47:54.552,1,3,Read Holding Registers,1200,5,7813,0.061
2026-09-13 06:47:54.585,1,3,Read Holding Registers,2560,0,46628,0.033
2026-09-13 06:47:55.983,1,3,Read Holding Registers,1260,12,2693,0.475
2026-09-13 06:47:56.034,1,3,Read Holding Registers,6183,3840,18173,0.051
2026-09-13 06:47:58.052,1,3,Read Holding Registers,1200,5,7813,0.061
2026-09-13 06:47:58.085,1,3,Read Holding Registers,2560,0,46628,0.033
2026-09-13 06:47:59.483,1,3,Read Holding Registers,1260,12,2693,0.092
2026-09-13 06:47:59.533,1,3,Read Holding Registers,6183,3840,18105,0.05
2026-09-13 06:48:01.552,1,3,Read Holding Registers,1200,5,7813,0.061
2026-09-13 06:48:01.585,1,3,Read Holding Registers,2560,0,46628,0.033
2026-09-13 06:48:02.983,1,3,Read Holding Registers,1260,12,2693,0.475
2026-09-13 06:48:03.034,1,3,Read Holding Registers,6183,3840,18105,0.051
2026-09-13 06:48:05.052,1,3,Read Holding Registers,1200,5,7813,0.06
2026-09-13 06:48:05.086,1,3,Read Holding Registers,2560,0,46628,0.034
2026-09-13 06:48:06.484,1,3,Read Holding Registers,1260,12,2693,0.476
2026-09-13 06:48:06.534,1,3,Read Holding Registers,6183,3840,18105,0.05
2026-09-13 06:48:08.552,1,3,Read Holding Registers,1200,5,7813,0.06
2026-09-13 06:48:08.586,1,3,Read Holding Registers,2560,0,46628,0.034
2026-09-13 06:48:09.984,1,3,Read Holding Registers,1260,12,2693,0.476
2026-09-13 06:48:10.035,1,3,Read Holding Registers,6183,3840,18105,0.051
2026-09-13 06:48:12.052,1,3,Read Holding Registers,1200,5,7813,0.06
2026-09-13 06:48:12.086,1,3,Read Holding Registers,2560,0,46628,0.034
2026-09-13 06:48:13.484,1,3,Read Holding Registers,1260,12,2693,0.475
2026-09-13 06:48:13.535,1,3,Read Holding Registers,6183,3840,18105,0.051
2026-09-13 06:48:15.552,1,3,Read Holding Registers,1200,5,7813,0.06
2026-09-13 06:48:15.586,1,3,Read Holding Registers,2560,0,46628,0.034
2026-09-13 06:48:16.984,1,3,Read Holding Registers,1260,12,2693,0.475
2026-09-13 06:48:17.035,1,3,Read Holding Registers,6183,3840,18105,0.051
2026-09-13 06:48:19.052,1,3,Read Holding Registers,1200,5,7813,0.06
2026-09-13 06:48:19.086,1,3,Read Holding Registers,2560,0,46628,0.034
2026-09-13 06:48:20.484,1,3,Read Holding Registers,1260,12,2693,0.475
2026-09-13 06:48:20.535,1,3,Read Holding Registers,6183,3840,18105,0.051
2026-09-13 06:48:22.552,1,3,Read Holding Registers,1200,5,7813,0.06
2026-09-13 06:48:22.586,1,3,Read Holding Registers,2560,0,46628,0.034
2026-09-13 06:48:23.984,1,3,Read Holding Registers,1260,12,2693,0.395
2026-09-13 06:48:24.034,1,3,Read Holding Registers,6183,3840,12812,0.05
2026-09-13 06:48:26.052,1,3,Read Holding Registers,1200,5,7813,0.06
2026-09-13 06:48:26.086,1,3,Read Holding Registers,2560,0,46628,0.034
2026-09-13 06:48:27.484,1,3,Read Holding Registers,1260,12,2693,0.475
2026-09-13 06:48:27.535,1,3,Read Holding Registers,6183,3840,12812,0.051
2026-09-13 06:48:29.552,1,3,Read Holding Registers,1200,5,7813,0.06
2026-09-13 06:48:29.586,1,3,Read Holding Registers,2560,0,46628,0.034
2026-09-13 06:48:30.984,1,3,Read Holding Registers,1260,12,2693,0.475
2026-09-13 06:48:31.035,1,3,Read Holding Registers,6183,3840,12812,0.051
2026-09-13 06:48:33.052,1,3,Read Holding Registers,1200,5,7813,0.06
2026-09-13 06:48:33.086,1,3,Read Holding Registers,2560,0,46628,0.034
2026-09-13 06:48:34.484,1,3,Read Holding Registers,1260,12,2693,0.475
2026-09-13 06:48:34.535,1,3,Read Holding Registers,6183,3840,12812,0.051
2026-09-13 06:48:36.552,1,3,Read Holding Registers,1200,5,7813,0.06
2026-09-13 06:48:36.586,1,3,Read Holding Registers,2560,0,46628,0.034
2026-09-13 06:48:37.984,1,3,Read Holding Registers,1260,12,2693,0.475
2026-09-13 06:48:38.035,1,3,Read Holding Registers,6183,3840,12812,0.051
2026-09-13 06:48:40.052,1,3,Read Holding Registers,1200,5,7813,0.06
2026-09-13 06:48:40.086,1,3,Read Holding Registers,2560,0,46628,0.034
2026-09-13 06:48:41.484,1,3,Read Holding Registers,1260,12,2693,0.299
2026-09-13 06:48:41.534,1,3,Read Holding Registers,6183,3840,12812,0.05
2026-09-13 06:48:43.552,1,3,Read Holding Registers,1200,5,7813,0.06
2026-09-13 06:48:43.586,1,3,Read Holding Registers,2560,0,46628,0.034
2026-09-13 06:48:44.984,1,3,Read Holding Registers,1260,12,2693,0.475
2026-09-13 06:48:45.035,1,3,Read Holding Registers,6183,3840,12812,0.051
2026-09-13 06:48:47.053,1,3,Read Holding Registers,1200,5,7813,0.061
2026-09-13 06:48:47.086,1,3,Read Holding Registers,2560,0,46628,0.033
2026-09-13 06:48:48.484,1,3,Read Holding Registers,1260,12,2693,0.475
2026-09-13 06:48:48.535,1,3,Read Holding Registers,6183,3840,12812,0.051
2026-09-13 06:48:50.553,1,3,Read Holding Registers,1200,5,7813,0.06
2026-09-13 06:48:50.586,1,3,Read Holding Registers,2560,0,46628,0.033
2026-09-13 06:48:51.984,1,3,Read Holding Registers,1260,12,2693,0.475
2026-09-13 06:48:52.035,1,3,Read Holding Registers,6183,3840,12812,0.051
2026-09-13 06:48:54.053,1,3,Read Holding Registers,1200,5,7813,0.06
2026-09-13 06:48:54.086,1,3,Read Holding Registers,2560,0,46628,0.033
2026-09-13 06:48:55.485,1,3,Read Holding Registers,1260,12,2693,0.476
2026-09-13 06:48:55.535,1,3,Read Holding Registers,6183,3840,12812,0.05
2026-09-13 06:48:57.553,1,3,Read Holding Registers,1200,5,7813,0.06
2026-09-13 06:48:57.587,1,3,Read Holding Registers,2560,0,46628,0.034
2026-09-13 06:48:58.985,1,3,Read Holding Registers,1260,12,2693,0.476
2026-09-13 06:48:59.035,1,3,Read Holding Registers,6183,3840,12812,0.05
2026-09-13 06:49:01.053,1,3,Read Holding Registers,1200,5,7813,0.06
2026-09-13 06:49:01.087,1,3,Read Holding Registers,2560,0,46628,0.034
2026-09-13 06:49:02.485,1,3,Read Holding Registers,1260,12,2693,0.476
2026-09-13 06:49:02.536,1,3,Read Holding Registers,6183,3840,12812,0.051
2026-09-13 06:49:04.553,1,3,Read Holding Registers,1200,5,7813,0.06
2026-09-13 06:49:04.587,1,3,Read Holding Registers,2560,0,46628,0.034
2026-09-13 06:49:05.993,1,3,Read Holding Registers,1260,12,2693,0.026
2026-09-13 06:49:06.043,1,3,Read Holding Registers,6183,3840,12812,0.05
2026-09-13 06:49:08.060,1,3,Read Holding Registers,1200,5,7813,0.06
2026-09-13 06:49:08.094,1,3,Read Holding Registers,2560,0,46628,0.034
2026-09-13 06:49:09.492,1,3,Read Holding Registers,1260,12,2693,0.475
2026-09-13 06:49:09.543,1,3,Read Holding Registers,6183,3840,12812,0.051
2026-09-13 06:49:11.560,1,3,Read Holding Registers,1200,5,7813,0.06
2026-09-13 06:49:11.594,1,3,Read Holding Registers,2560,0,46628,0.034
2026-09-13 06:49:12.992,1,3,Read Holding Registers,1260,12,2693,0.475
2026-09-13 06:49:13.043,1,3,Read Holding Registers,6183,3840,12812,0.051
2026-09-13 06:49:15.060,1,3,Read Holding Registers,1200,5,7813,0.06
2026-09-13 06:49:15.094,1,3,Read Holding Registers,2560,0,46628,0.034
2026-09-13 06:49:16.492,1,3,Read Holding Registers,1260,12,2693,0.475
2026-09-13 06:49:16.543,1,3,Read Holding Registers,6183,3840,12812,0.051
2026-09-13 06:49:18.560,1,3,Read Holding Registers,1200,5,7813,0.06
2026-09-13 06:49:18.594,1,3,Read Holding Registers,2560,0,46628,0.034
2026-09-13 06:49:19.992,1,3,Read Holding Registers,1260,12,2693,0.475
2026-09-13 06:49:20.043,1,3,Read Holding Registers,6183,3840,12812,0.051
2026-09-13 06:49:22.060,1,3,Read Holding Registers,1200,5,7813,0.06
2026-09-13 06:49:22.094,1,3,Read Holding Registers,2560,0,46628,0.034
2026-09-13 06:49:23.492,1,3,Read Holding Registers,1260,12,2693,0.475
2026-09-13 06:49:23.543,1,3,Read Holding Registers,6183,3840,12812,0.051
2026-09-13 06:49:25.560,1,3,Read Holding Registers,1200,5,7813,0.06
2026-09-13 06:49:25.594,1,3,Read Holding Registers,2560,0,46628,0.034
2026-09-13 06:49:26.992,1,3,Read Holding Registers,1260,12,2693,0.475
2026-09-13 06:49:27.043,1,3,Read Holding Registers,6183,3840,12812,0.051
2026-09-13 06:49:29.060,1,3,Read Holding Registers,1200,5,7813,0.06
2026-09-13 06:49:29.094,1,3,Read Holding Registers,2560,0,46628,0.034
2026-09-13 06:49:30.492,1,3,Read Holding Registers,1260,12,2693,0.475
2026-09-13 06:49:30.543,1,3,Read Holding Registers,6183,3840,61517,0.051
2026-09-13 06:49:32.560,1,3,Read Holding Registers,1200,5,7813,0.06
2026-09-13 06:49:32.594,1,3,Read Holding Registers,2560,0,46628,0.034
2026-09-13 06:49:33.992,1,3,Read Holding Registers,1260,12,2693,0.475
2026-09-13 06:49:34.043,1,3,Read Holding Registers,6183,3840,61517,0.051
2026-09-13 06:49:36.061,1,3,Read Holding Registers,1200,5,7813,0.061
2026-09-13 06:49:36.094,1,3,Read Holding Registers,2560,0,46628,0.033
2026-09-13 06:49:37.492,1,3,Read Holding Registers,1260,12,2693,0.475
2026-09-13 06:49:37.543,1,3,Read Holding Registers,6183,3840,61517,0.051
2026-09-13 06:49:39.561,1,3,Read Holding Registers,1200,5,7813,0.06
2026-09-13 06:49:39.594,1,3,Read Holding Registers,2560,0,46628,0.033
2026-09-13 06:49:40.993,1,3,Read Holding Registers,1260,12,2693,0.476
2026-09-13 06:49:41.043,1,3,Read Holding Registers,6183,3840,61517,0.05
2026-09-13 06:49:43.061,1,3,Read Holding Registers,1200,5,7813,0.06
2026-09-13 06:49:43.095,1,3,Read Holding Registers,2560,0,46628,0.034
2026-09-13 06:49:44.493,1,3,Read Holding Registers,1260,12,2693,0.476
2026-09-13 06:49:44.543,1,3,Read Holding Registers,6183,3840,61517,0.05
2026-09-13 06:49:46.561,1,3,Read Holding Registers,1200,5,7813,0.06
2026-09-13 06:49:46.595,1,3,Read Holding Registers,2560,0,46628,0.034
2026-09-13 06:49:47.993,1,3,Read Holding Registers,1260,12,2693,0.425
2026-09-13 06:49:48.043,1,3,Read Holding Registers,6183,3840,59922,0.05
2026-09-13 06:49:50.061,1,3,Read Holding Registers,1200,5,7813,0.06
2026-09-13 06:49:50.095,1,3,Read Holding Registers,2560,0,46628,0.034
2026-09-13 06:49:51.493,1,3,Read Holding Registers,1260,12,2693,0.476
2026-09-13 06:49:51.544,1,3,Read Holding Registers,6183,3840,59922,0.051
2026-09-13 06:49:53.561,1,3,Read Holding Registers,1200,5,7813,0.06
2026-09-13 06:49:53.595,1,3,Read Holding Registers,2560,0,46628,0.034
2026-09-13 06:49:54.993,1,3,Read Holding Registers,1260,12,2693,0.475
2026-09-13 06:49:55.044,1,3,Read Holding Registers,6183,3840,59922,0.051
2026-09-13 06:49:57.061,1,3,Read Holding Registers,1200,5,7813,0.06
2026-09-13 06:49:57.095,1,3,Read Holding Registers,2560,0,46628,0.034
2026-09-13 06:49:58.493,1,3,Read Holding Registers,1260,12,2693,0.475
2026-09-13 06:49:58.544,1,3,Read Holding Registers,6183,3840,59922,0.051
2026-09-13 06:50:00.561,1,3,Read Holding Registers,1200,5,7813,0.06
2026-09-13 06:50:00.595,1,3,Read Holding Registers,2560,0,46628,0.034
2026-09-13 06:50:01.993,1,3,Read Holding Registers,1260,12,2693,0.475
2026-09-13 06:50:02.044,1,3,Read Holding Registers,6183,3840,59922,0.051
2026-09-13 06:50:04.061,1,3,Read Holding Registers,1200,5,7813,0.06
2026-09-13 06:50:04.095,1,3,Read Holding Registers,2560,0,46628,0.034
2026-09-13 06:50:05.493,1,3,Read Holding Registers,1260,12,2693,0.475
2026-09-13 06:50:05.544,1,3,Read Holding Registers,6183,3840,59922,0.051
2026-09-13 06:50:07.561,1,3,Read Holding Registers,1200,5,7813,0.06
2026-09-13 06:50:07.595,1,3,Read Holding Registers,2560,0,46628,0.034
2026-09-13 06:50:08.993,1,3,Read Holding Registers,1260,12,2693,0.475
2026-09-13 06:50:09.044,1,3,Read Holding Registers,6183,3840,59922,0.051
2026-09-13 06:50:11.061,1,3,Read Holding Registers,1200,5,7813,0.06
2026-09-13 06:50:11.095,1,3,Read Holding Registers,2560,0,46628,0.034
2026-09-13 06:50:12.493,1,3,Read Holding Registers,1260,12,2693,0.475
2026-09-13 06:50:12.544,1,3,Read Holding Registers,6183,3840,59922,0.051
2026-09-13 06:50:14.561,1,3,Read Holding Registers,1200,5,7813,0.06
2026-09-13 06:50:14.595,1,3,Read Holding Registers,2560,0,46628,0.034
2026-09-13 06:50:15.993,1,3,Read Holding Registers,1260,12,2693,0.475
2026-09-13 06:50:16.044,1,3,Read Holding Registers,6183,3840,59922,0.051
2026-09-13 06:50:18.061,1,3,Read Holding Registers,1200,5,7813,0.06
2026-09-13 06:50:18.095,1,3,Read Holding Registers,2560,0,46628,0.034
2026-09-13 06:50:19.493,1,3,Read Holding Registers,1260,12,2693,0.475
2026-09-13 06:50:19.544,1,3,Read Holding Registers,6183,3840,59922,0.051
2026-09-13 06:50:21.562,1,3,Read Holding Registers,1200,5,7813,0.061
2026-09-13 06:50:21.595,1,3,Read Holding Registers,2560,0,46628,0.033
2026-09-13 06:50:22.993,1,3,Read Holding Registers,1260,12,2693,0.475
2026-09-13 06:50:23.044,1,3,Read Holding Registers,6183,3840,59922,0.051
2026-09-13 06:50:25.062,1,3,Read Holding Registers,1200,5,7813,0.06
2026-09-13 06:50:25.096,1,3,Read Holding Registers,2560,0,46628,0.034
2026-09-13 06:50:26.493,1,3,Read Holding Registers,1260,12,2693,0.475
2026-09-13 06:50:26.544,1,3,Read Holding Registers,6183,3840,59922,0.051
2026-09-13 06:50:28.562,1,3,Read Holding Registers,1200,5,7813,0.06
2026-09-13 06:50:28.596,1,3,Read Holding Registers,2560,0,46628,0.034
2026-09-13 06:50:29.994,1,3,Read Holding Registers,1260,12,2693,0.476
2026-09-13 06:50:30.044,1,3,Read Holding Registers,6183,3840,59922,0.05
2026-09-13 06:50:32.062,1,3,Read Holding Registers,1200,5,7813,0.06
2026-09-13 06:50:32.096,1,3,Read Holding Registers,2560,0,46628,0.034
2026-09-13 06:50:33.494,1,3,Read Holding Registers,1260,12,2693,0.476
2026-09-13 06:50:33.545,1,3,Read Holding Registers,6183,3840,59922,0.051
2026-09-13 06:50:35.562,1,3,Read Holding Registers,1200,5,7813,0.06
2026-09-13 06:50:35.596,1,3,Read Holding Registers,2560,0,46628,0.034
2026-09-13 06:50:36.994,1,3,Read Holding Registers,1260,12,2693,0.476
2026-09-13 06:50:37.045,1,3,Read Holding Registers,6183,3840,59922,0.051
2026-09-13 06:50:39.062,1,3,Read Holding Registers,1200,5,7813,0.06
2026-09-13 06:50:39.096,1,3,Read Holding Registers,2560,0,46628,0.034
2026-09-13 06:50:40.494,1,3,Read Holding Registers,1260,12,2693,0.476
2026-09-13 06:50:40.545,1,3,Read Holding Registers,6183,3840,59922,0.051
2026-09-13 06:50:42.562,1,3,Read Holding Registers,1200,5,7813,0.06
2026-09-13 06:50:42.596,1,3,Read Holding Registers,2560,0,46628,0.034
2026-09-13 06:50:43.994,1,3,Read Holding Registers,1260,12,2693,0.475
2026-09-13 06:50:44.045,1,3,Read Holding Registers,6183,3840,59922,0.051
2026-09-13 06:50:46.062,1,3,Read Holding Registers,1200,5,7813,0.06
2026-09-13 06:50:46.096,1,3,Read Holding Registers,2560,0,46628,0.034
2026-09-13 06:50:47.494,1,3,Read Holding Registers,1260,12,2693,0.475
2026-09-13 06:50:47.545,1,3,Read Holding Registers,6183,3840,59922,0.051
2026-09-13 06:50:49.562,1,3,Read Holding Registers,1200,5,7813,0.06
2026-09-13 06:50:49.596,1,3,Read Holding Registers,2560,0,46628,0.034
2026-09-13 06:50:50.994,1,3,Read Holding Registers,1260,12,2693,0.475
2026-09-13 06:50:51.045,1,3,Read Holding Registers,6183,3840,59922,0.051
2026-09-13 06:50:53.062,1,3,Read Holding Registers,1200,5,7813,0.06
2026-09-13 06:50:53.096,1,3,Read Holding Registers,2560,0,46628,0.034
2026-09-13 06:50:54.494,1,3,Read Holding Registers,1260,12,2693,0.475
2026-09-13 06:50:54.545,1,3,Read Holding Registers,6183,3840,59922,0.051
2026-09-13 06:50:56.562,1,3,Read Holding Registers,1200,5,7813,0.06
2026-09-13 06:50:56.596,1,3,Read Holding Registers,2560,0,46628,0.034
2026-09-13 06:50:57.994,1,3,Read Holding Registers,1260,12,2693,0.475
2026-09-13 06:50:58.045,1,3,Read Holding Registers,6183,3840,59922,0.051
2026-09-13 06:51:00.062,1,3,Read Holding Registers,1200,5,7813,0.06
2026-09-13 06:51:00.096,1,3,Read Holding Registers,2560,0,46628,0.034
2026-09-13 06:51:01.494,1,3,Read Holding Registers,1260,12,2693,0.475
2026-09-13 06:51:01.545,1,3,Read Holding Registers,6183,3840,59922,0.051
2026-09-13 06:51:03.562,1,3,Read Holding Registers,1200,5,7813,0.06
2026-09-13 06:51:03.596,1,3,Read Holding Registers,2560,0,46628,0.034
2026-09-13 06:51:04.994,1,3,Read Holding Registers,1260,12,2693,0.475
2026-09-13 06:51:05.045,1,3,Read Holding Registers,6183,3840,59922,0.051
2026-09-13 06:51:07.062,1,3,Read Holding Registers,1200,5,7813,0.06
2026-09-13 06:51:07.096,1,3,Read Holding Registers,2560,0,46628,0.034
2026-09-13 06:51:08.494,1,3,Read Holding Registers,1260,12,2693,0.475
2026-09-13 06:51:08.545,1,3,Read Holding Registers,6183,3840,59922,0.051
2026-09-13 06:51:10.562,1,3,Read Holding Registers,1200,5,7813,0.06
2026-09-13 06:51:10.596,1,3,Read Holding Registers,2560,0,46628,0.034
2026-09-13 06:51:11.994,1,3,Read Holding Registers,1260,12,2693,0.475
2026-09-13 06:51:12.045,1,3,Read Holding Registers,6183,3840,10920,0.051
2026-09-13 06:51:14.063,1,3,Read Holding Registers,1200,5,7813,0.06
2026-09-13 06:51:14.096,1,3,Read Holding Registers,2560,0,46628,0.033
2026-09-13 06:51:15.495,1,3,Read Holding Registers,1260,12,2693,0.476
2026-09-13 06:51:15.546,1,3,Read Holding Registers,6183,3840,10920,0.051
2026-09-13 06:51:17.563,1,3,Read Holding Registers,1200,5,7813,0.06
2026-09-13 06:51:17.597,1,3,Read Holding Registers,2560,0,46628,0.034
2026-09-13 06:51:18.995,1,3,Read Holding Registers,1260,12,2693,0.476
2026-09-13 06:51:19.045,1,3,Read Holding Registers,6183,3840,10920,0.05
2026-09-13 06:51:21.063,1,3,Read Holding Registers,1200,5,7813,0.06
2026-09-13 06:51:21.097,1,3,Read Holding Registers,2560,0,46628,0.034
2026-09-13 06:51:22.495,1,3,Read Holding Registers,1260,12,2693,0.476
2026-09-13 06:51:22.545,1,3,Read Holding Registers,6183,3840,10920,0.05
2026-09-13 06:51:24.563,1,3,Read Holding Registers,1200,5,7813,0.06
2026-09-13 06:51:24.597,1,3,Read Holding Registers,2560,0,46628,0.034
2026-09-13 06:51:25.995,1,3,Read Holding Registers,1260,12,2693,0.475
2026-09-13 06:51:26.046,1,3,Read Holding Registers,6183,3840,10920,0.051
2026-09-13 06:51:28.063,1,3,Read Holding Registers,1200,5,7813,0.06
2026-09-13 06:51:28.097,1,3,Read Holding Registers,2560,0,46628,0.034
2026-09-13 06:51:29.495,1,3,Read Holding Registers,1260,12,2693,0.475
2026-09-13 06:51:29.546,1,3,Read Holding Registers,6183,3840,10920,0.051
2026-09-13 06:51:31.563,1,3,Read Holding Registers,1200,5,7813,0.06
2026-09-13 06:51:31.597,1,3,Read Holding Registers,2560,0,46628,0.034
2026-09-13 06:51:32.995,1,3,Read Holding Registers,1260,12,2693,0.475
2026-09-13 06:51:33.046,1,3,Read Holding Registers,6183,3840,47865,0.051
2026-09-13 06:51:35.063,1,3,Read Holding Registers,1200,5,7813,0.06
2026-09-13 06:51:35.097,1,3,Read Holding Registers,2560,0,46628,0.034
2026-09-13 06:51:36.495,1,3,Read Holding Registers,1260,12,2693,0.475
2026-09-13 06:51:36.546,1,3,Read Holding Registers,6183,3840,47865,0.051
2026-09-13 06:51:38.563,1,3,Read Holding Registers,1200,5,7813,0.06
2026-09-13 06:51:38.597,1,3,Read Holding Registers,2560,0,46628,0.034
2026-09-13 06:51:39.995,1,3,Read Holding Registers,1260,12,2693,0.475
2026-09-13 06:51:40.046,1,3,Read Holding Registers,6183,3840,47865,0.051
2026-09-13 06:51:42.063,1,3,Read Holding Registers,1200,5,7813,0.06
2026-09-13 06:51:42.097,1,3,Read Holding Registers,2560,0,46628,0.034
2026-09-13 06:51:43.495,1,3,Read Holding Registers,1260,12,2693,0.475
2026-09-13 06:51:43.546,1,3,Read Holding Registers,6183,3840,47865,0.051
2026-09-13 06:51:45.563,1,3,Read Holding Registers,1200,5,7813,0.06
2026-09-13 06:51:45.597,1,3,Read Holding Registers,2560,0,46628,0.034
2026-09-13 06:51:46.995,1,3,Read Holding Registers,1260,12,2693,0.475
2026-09-13 06:51:47.046,1,3,Read Holding Registers,6183,3840,47865,0.051
2026-09-13 06:51:49.063,1,3,Read Holding Registers,1200,5,7813,0.06
2026-09-13 06:51:49.097,1,3,Read Holding Registers,2560,0,46628,0.034
2026-09-13 06:51:50.495,1,3,Read Holding Registers,1260,12,2693,0.475
2026-09-13 06:51:50.546,1,3,Read Holding Registers,6183,3840,47865,0.051
2026-09-13 06:51:52.563,1,3,Read Holding Registers,1200,5,7813,0.06
2026-09-13 06:51:52.597,1,3,Read Holding Registers,2560,0,46628,0.034
2026-09-13 06:51:53.995,1,3,Read Holding Registers,1260,12,2693,0.475
2026-09-13 06:51:54.046,1,3,Read Holding Registers,6183,3840,47865,0.051
2026-09-13 06:51:56.064,1,3,Read Holding Registers,1200,5,7813,0.061
2026-09-13 06:51:56.097,1,3,Read Holding Registers,2560,0,46628,0.033
2026-09-13 06:51:57.495,1,3,Read Holding Registers,1260,12,2693,0.475
2026-09-13 06:51:57.546,1,3,Read Holding Registers,6183,3840,48030,0.051
2026-09-13 06:51:59.564,1,3,Read Holding Registers,1200,5,7813,0.061
2026-09-13 06:51:59.597,1,3,Read Holding Registers,2560,0,46628,0.033
2026-09-13 06:52:00.995,1,3,Read Holding Registers,1260,12,2693,0.475
2026-09-13 06:52:01.046,1,3,Read Holding Registers,6183,3840,48030,0.051
2026-09-13 06:52:03.064,1,3,Read Holding Registers,1200,5,7813,0.06
2026-09-13 06:52:03.098,1,3,Read Holding Registers,2560,0,46628,0.034
2026-09-13 06:52:04.496,1,3,Read Holding Registers,1260,12,2693,0.476
2026-09-13 06:52:04.546,1,3,Read Holding Registers,6183,3840,48030,0.05
2026-09-13 06:52:06.564,1,3,Read Holding Registers,1200,5,7813,0.06
2026-09-13 06:52:06.598,1,3,Read Holding Registers,2560,0,46628,0.034
2026-09-13 06:52:07.996,1,3,Read Holding Registers,1260,12,2693,0.476
2026-09-13 06:52:08.046,1,3,Read Holding Registers,6183,3840,48030,0.05
2026-09-13 06:52:10.064,1,3,Read Holding Registers,1200,5,7813,0.06
2026-09-13 06:52:10.098,1,3,Read Holding Registers,2560,0,46628,0.034
2026-09-13 06:52:11.496,1,3,Read Holding Registers,1260,12,2693,0.476
2026-09-13 06:52:11.547,1,3,Read Holding Registers,6183,3840,48030,0.051
2026-09-13 06:52:13.564,1,3,Read Holding Registers,1200,5,7813,0.06
2026-09-13 06:52:13.598,1,3,Read Holding Registers,2560,0,46628,0.034
2026-09-13 06:52:14.996,1,3,Read Holding Registers,1260,12,2693,0.475
2026-09-13 06:52:15.047,1,3,Read Holding Registers,6183,3840,48030,0.051
2026-09-13 06:52:17.064,1,3,Read Holding Registers,1200,5,7813,0.06
2026-09-13 06:52:17.098,1,3,Read Holding Registers,2560,0,46628,0.034
2026-09-13 06:52:18.496,1,3,Read Holding Registers,1260,12,2693,0.475
2026-09-13 06:52:18.547,1,3,Read Holding Registers,6183,3840,48030,0.051
2026-09-13 06:52:20.564,1,3,Read Holding Registers,1200,5,7813,0.06
2026-09-13 06:52:20.598,1,3,Read Holding Registers,2560,0,46628,0.034
2026-09-13 06:52:21.996,1,3,Read Holding Registers,1260,12,2693,0.475
2026-09-13 06:52:22.047,1,3,Read Holding Registers,6183,3840,48030,0.051
2026-09-13 06:52:24.064,1,3,Read Holding Registers,1200,5,7813,0.06
2026-09-13 06:52:24.098,1,3,Read Holding Registers,2560,0,46628,0.034
2026-09-13 06:52:25.496,1,3,Read Holding Registers,1260,12,2693,0.475
2026-09-13 06:52:25.547,1,3,Read Holding Registers,6183,3840,48030,0.051
2026-09-13 06:52:27.564,1,3,Read Holding Registers,1200,5,7813,0.06
2026-09-13 06:52:27.598,1,3,Read Holding Registers,2560,0,46628,0.034
2026-09-13 06:52:28.996,1,3,Read Holding Registers,1260,12,2693,0.475
2026-09-13 06:52:29.047,1,3,Read Holding Registers,6183,3840,48030,0.051
2026-09-13 06:52:31.064,1,3,Read Holding Registers,1200,5,7813,0.06
2026-09-13 06:52:31.098,1,3,Read Holding Registers,2560,0,46628,0.034
2026-09-13 06:52:32.496,1,3,Read Holding Registers,1260,12,2693,0.475
2026-09-13 06:52:32.547,1,3,Read Holding Registers,6183,3840,48030,0.051
2026-09-13 06:52:34.564,1,3,Read Holding Registers,1200,5,7813,0.06
2026-09-13 06:52:34.598,1,3,Read Holding Registers,2560,0,46628,0.034
2026-09-13 06:52:35.996,1,3,Read Holding Registers,1260,12,2693,0.475
2026-09-13 06:52:36.047,1,3,Read Holding Registers,6183,3840,31279,0.051
2026-09-13 06:52:38.064,1,3,Read Holding Registers,1200,5,7813,0.06
2026-09-13 06:52:38.098,1,3,Read Holding Registers,2560,0,46628,0.034
2026-09-13 06:52:39.496,1,3,Read Holding Registers,1260,12,2693,0.475
2026-09-13 06:52:39.547,1,3,Read Holding Registers,6183,3840,31279,0.051
2026-09-13 06:52:41.564,1,3,Read Holding Registers,1200,5,7813,0.06
2026-09-13 06:52:41.598,1,3,Read Holding Registers,2560,0,46628,0.034
2026-09-13 06:52:42.996,1,3,Read Holding Registers,1260,12,2693,0.475
2026-09-13 06:52:43.047,1,3,Read Holding Registers,6183,3840,31279,0.051
2026-09-13 06:52:45.065,1,3,Read Holding Registers,1200,5,7813,0.061
2026-09-13 06:52:45.099,1,3,Read Holding Registers,2560,0,46628,0.034
2026-09-13 06:52:46.496,1,3,Read Holding Registers,1260,12,2693,0.475
2026-09-13 06:52:46.547,1,3,Read Holding Registers,6183,3840,31279,0.051
2026-09-13 06:52:48.565,1,3,Read Holding Registers,1200,5,7813,0.06
2026-09-13 06:52:48.598,1,3,Read Holding Registers,2560,0,46628,0.033
2026-09-13 06:52:49.996,1,3,Read Holding Registers,1260,12,2693,0.475
2026-09-13 06:52:50.047,1,3,Read Holding Registers,6183,3840,31279,0.051
2026-09-13 06:52:52.065,1,3,Read Holding Registers,1200,5,7813,0.06
2026-09-13 06:52:52.099,1,3,Read Holding Registers,2560,0,46628,0.034
2026-09-13 06:52:53.497,1,3,Read Holding Registers,1260,12,2693,0.476
2026-09-13 06:52:53.547,1,3,Read Holding Registers,6183,3840,31279,0.05
2026-09-13 06:52:55.565,1,3,Read Holding Registers,1200,5,7813,0.06
2026-09-13 06:52:55.599,1,3,Read Holding Registers,2560,0,46628,0.034
2026-09-13 06:52:56.997,1,3,Read Holding Registers,1260,12,2693,0.476
2026-09-13 06:52:57.048,1,3,Read Holding Registers,6183,3840,31279,0.051
2026-09-13 06:52:59.065,1,3,Read Holding Registers,1200,5,7813,0.06
2026-09-13 06:52:59.099,1,3,Read Holding Registers,2560,0,46628,0.034
2026-09-13 06:53:00.497,1,3,Read Holding Registers,1260,12,2693,0.476
2026-09-13 06:53:00.548,1,3,Read Holding Registers,6183,3840,31279,0.051
2026-09-13 06:53:02.565,1,3,Read Holding Registers,1200,5,7813,0.06
2026-09-13 06:53:02.599,1,3,Read Holding Registers,2560,0,46628,0.034
2026-09-13 06:53:03.997,1,3,Read Holding Registers,1260,12,2693,0.475
2026-09-13 06:53:04.048,1,3,Read Holding Registers,6183,3840,31279,0.051
2026-09-13 06:53:06.065,1,3,Read Holding Registers,1200,5,7813,0.06
2026-09-13 06:53:06.099,1,3,Read Holding Registers,2560,0,46628,0.034
2026-09-13 06:53:07.497,1,3,Read Holding Registers,1260,12,2693,0.475
2026-09-13 06:53:07.548,1,3,Read Holding Registers,6183,3840,31279,0.051
2026-09-13 06:53:09.565,1,3,Read Holding Registers,1200,5,7813,0.06
2026-09-13 06:53:09.599,1,3,Read Holding Registers,2560,0,46628,0.034
2026-09-13 06:53:10.997,1,3,Read Holding Registers,1260,12,2693,0.475
2026-09-13 06:53:11.048,1,3,Read Holding Registers,6183,3840,31279,0.051
2026-09-13 06:53:13.065,1,3,Read Holding Registers,1200,5,7813,0.06
2026-09-13 06:53:13.099,1,3,Read Holding Registers,2560,0,46628,0.034
2026-09-13 06:53:14.497,1,3,Read Holding Registers,1260,12,2693,0.475
2026-09-13 06:53:14.548,1,3,Read Holding Registers,6183,3840,31279,0.051
2026-09-13 06:53:16.565,1,3,Read Holding Registers,1200,5,7813,0.06
2026-09-13 06:53:16.599,1,3,Read Holding Registers,2560,0,46628,0.034
2026-09-13 06:53:17.997,1,3,Read Holding Registers,1260,12,2693,0.475
2026-09-13 06:53:18.048,1,3,Read Holding Registers,6183,3840,31279,0.051
2026-09-13 06:53:20.065,1,3,Read Holding Registers,1200,5,7813,0.06
2026-09-13 06:53:20.099,1,3,Read Holding Registers,2560,0,46628,0.034
2026-09-13 06:53:21.497,1,3,Read Holding Registers,1260,12,2693,0.475
2026-09-13 06:53:21.548,1,3,Read Holding Registers,6183,3840,31279,0.051
2026-09-13 06:53:23.565,1,3,Read Holding Registers,1200,5,7813,0.06
2026-09-13 06:53:23.599,1,3,Read Holding Registers,2560,0,46628,0.034
2026-09-13 06:53:24.997,1,3,Read Holding Registers,1260,12,2693,0.475
2026-09-13 06:53:25.048,1,3,Read Holding Registers,6183,3840,31279,0.051
2026-09-13 06:53:27.065,1,3,Read Holding Registers,1200,5,7813,0.06
2026-09-13 06:53:27.099,1,3,Read Holding Registers,2560,0,46628,0.034
2026-09-13 06:53:28.497,1,3,Read Holding Registers,1260,12,2693,0.475
2026-09-13 06:53:28.548,1,3,Read Holding Registers,6183,3840,31279,0.051
2026-09-13 06:53:30.566,1,3,Read Holding Registers,1200,5,7813,0.061
2026-09-13 06:53:30.599,1,3,Read Holding Registers,2560,0,46628,0.033
2026-09-13 06:53:31.997,1,3,Read Holding Registers,1260,12,2693,0.475
2026-09-13 06:53:32.048,1,3,Read Holding Registers,6183,3840,31279,0.051
2026-09-13 06:53:34.066,1,3,Read Holding Registers,1200,5,7813,0.061
2026-09-13 06:53:34.100,1,3,Read Holding Registers,2560,0,46628,0.034
2026-09-13 06:53:35.497,1,3,Read Holding Registers,1260,12,2693,0.475
2026-09-13 06:53:35.548,1,3,Read Holding Registers,6183,3840,31279,0.051
2026-09-13 06:53:37.566,1,3,Read Holding Registers,1200,5,7813,0.06
2026-09-13 06:53:37.600,1,3,Read Holding Registers,2560,0,46628,0.034
2026-09-13 06:53:38.998,1,3,Read Holding Registers,1260,12,2693,0.476
2026-09-13 06:53:39.048,1,3,Read Holding Registers,6183,3840,31279,0.05
2026-09-13 06:53:41.066,1,3,Read Holding Registers,1200,5,7813,0.06
2026-09-13 06:53:41.100,1,3,Read Holding Registers,2560,0,46628,0.034
2026-09-13 06:53:42.498,1,3,Read Holding Registers,1260,12,2693,0.476
2026-09-13 06:53:42.549,1,3,Read Holding Registers,6183,3840,31279,0.051
2026-09-13 06:53:44.566,1,3,Read Holding Registers,1200,5,7813,0.06
2026-09-13 06:53:44.600,1,3,Read Holding Registers,2560,0,46628,0.034
2026-09-13 06:53:45.998,1,3,Read Holding Registers,1260,12,2693,0.476
2026-09-13 06:53:46.049,1,3,Read Holding Registers,6183,3840,31279,0.051
2026-09-13 06:53:48.066,1,3,Read Holding Registers,1200,5,7813,0.06
2026-09-13 06:53:48.100,1,3,Read Holding Registers,2560,0,46628,0.034
2026-09-13 06:53:49.498,1,3,Read Holding Registers,1260,12,2693,0.476
2026-09-13 06:53:49.549,1,3,Read Holding Registers,6183,3840,31279,0.051
2026-09-13 06:53:51.566,1,3,Read Holding Registers,1200,5,7813,0.06
2026-09-13 06:53:51.600,1,3,Read Holding Registers,2560,0,46628,0.034
2026-09-13 06:53:52.998,1,3,Read Holding Registers,1260,12,2693,0.475
2026-09-13 06:53:53.049,1,3,Read Holding Registers,6183,3840,31279,0.051
2026-09-13 06:53:55.066,1,3,Read Holding Registers,1200,5,7813,0.06
2026-09-13 06:53:55.100,1,3,Read Holding Registers,2560,0,46628,0.034
2026-09-13 06:53:56.498,1,3,Read Holding Registers,1260,12,2693,0.475
2026-09-13 06:53:56.549,1,3,Read Holding Registers,6183,3840,31279,0.051
2026-09-13 06:53:58.566,1,3,Read Holding Registers,1200,5,7813,0.06
2026-09-13 06:53:58.600,1,3,Read Holding Registers,2560,0,46628,0.034
2026-09-13 06:53:59.998,1,3,Read Holding Registers,1260,12,2693,0.475
2026-09-13 06:54:00.049,1,3,Read Holding Registers,6183,3840,31279,0.051
2026-09-13 06:54:02.066,1,3,Read Holding Registers,1200,5,7813,0.06
2026-09-13 06:54:02.100,1,3,Read Holding Registers,2560,0,46628,0.034
2026-09-13 06:54:03.498,1,3,Read Holding Registers,1260,12,2693,0.104
2026-09-13 06:54:03.548,1,3,Read Holding Registers,6183,3840,31279,0.05
2026-09-13 06:54:05.566,1,3,Read Holding Registers,1200,5,7813,0.06
2026-09-13 06:54:05.600,1,3,Read Holding Registers,2560,0,46628,0.034
2026-09-13 06:54:06.998,1,3,Read Holding Registers,1260,12,2693,0.475
2026-09-13 06:54:07.049,1,3,Read Holding Registers,6183,3840,31279,0.051
2026-09-13 06:54:09.066,1,3,Read Holding Registers,1200,5,7813,0.06
2026-09-13 06:54:09.100,1,3,Read Holding Registers,2560,0,46628,0.034
2026-09-13 06:54:10.498,1,3,Read Holding Registers,1260,12,2693,0.475
2026-09-13 06:54:10.549,1,3,Read Holding Registers,6183,3840,31279,0.051
2026-09-13 06:54:12.566,1,3,Read Holding Registers,1200,5,7813,0.06
2026-09-13 06:54:12.600,1,3,Read Holding Registers,2560,0,46628,0.034
2026-09-13 06:54:13.998,1,3,Read Holding Registers,1260,12,2693,0.475
2026-09-13 06:54:14.049,1,3,Read Holding Registers,6183,3840,31279,0.051
2026-09-13 06:54:16.066,1,3,Read Holding Registers,1200,5,7813,0.06
2026-09-13 06:54:16.100,1,3,Read Holding Registers,2560,0,46628,0.034
2026-09-13 06:54:17.498,1,3,Read Holding Registers,1260,12,2693,0.475
2026-09-13 06:54:17.549,1,3,Read Holding Registers,6183,3840,31279,0.051
2026-09-13 06:54:19.567,1,3,Read Holding Registers,1200,5,7813,0.061
2026-09-13 06:54:19.600,1,3,Read Holding Registers,2560,0,46628,0.033
2026-09-13 06:54:20.998,1,3,Read Holding Registers,1260,12,2693,0.475
2026-09-13 06:54:21.049,1,3,Read Holding Registers,6183,3840,31279,0.051
2026-09-13 06:54:23.067,1,3,Read Holding Registers,1200,5,7813,0.06
2026-09-13 06:54:23.101,1,3,Read Holding Registers,2560,0,46628,0.034
2026-09-13 06:54:24.498,1,3,Read Holding Registers,1260,12,2693,0.475
2026-09-13 06:54:24.549,1,3,Read Holding Registers,6183,3840,31279,0.051
2026-09-13 06:54:26.567,1,3,Read Holding Registers,1200,5,7813,0.06
2026-09-13 06:54:26.601,1,3,Read Holding Registers,2560,0,46628,0.034
2026-09-13 06:54:27.999,1,3,Read Holding Registers,1260,12,2693,0.476
2026-09-13 06:54:28.049,1,3,Read Holding Registers,6183,3840,45874,0.05
2026-09-13 06:54:30.067,1,3,Read Holding Registers,1200,5,7813,0.06
2026-09-13 06:54:30.101,1,3,Read Holding Registers,2560,0,46628,0.034
2026-09-13 06:54:31.499,1,3,Read Holding Registers,1260,12,2693,0.476
2026-09-13 06:54:31.550,1,3,Read Holding Registers,6183,3840,45874,0.051
2026-09-13 06:54:33.567,1,3,Read Holding Registers,1200,5,7813,0.06
2026-09-13 06:54:33.601,1,3,Read Holding Registers,2560,0,46628,0.034
2026-09-13 06:54:34.999,1,3,Read Holding Registers,1260,12,2693,0.475
2026-09-13 06:54:35.050,1,3,Read Holding Registers,6183,3840,45874,0.051
2026-09-13 06:54:37.067,1,3,Read Holding Registers,1200,5,7813,0.06
2026-09-13 06:54:37.101,1,3,Read Holding Registers,2560,0,46628,0.034
2026-09-13 06:54:38.499,1,3,Read Holding Registers,1260,12,2693,0.475
2026-09-13 06:54:38.550,1,3,Read Holding Registers,6183,3840,45874,0.051
2026-09-13 06:54:40.567,1,3,Read Holding Registers,1200,5,7813,0.06
2026-09-13 06:54:40.601,1,3,Read Holding Registers,2560,0,46628,0.034
2026-09-13 06:54:41.999,1,3,Read Holding Registers,1260,12,2693,0.475
2026-09-13 06:54:42.050,1,3,Read Holding Registers,6183,3840,45874,0.051
2026-09-13 06:54:44.067,1,3,Read Holding Registers,1200,5,7813,0.06
2026-09-13 06:54:44.101,1,3,Read Holding Registers,2560,0,46628,0.034
2026-09-13 06:54:45.499,1,3,Read Holding Registers,1260,12,2693,0.475
2026-09-13 06:54:45.550,1,3,Read Holding Registers,6183,3840,45874,0.051
2026-09-13 06:54:47.567,1,3,Read Holding Registers,1200,5,7813,0.06
2026-09-13 06:54:47.601,1,3,Read Holding Registers,2560,0,46628,0.034
2026-09-13 06:54:48.999,1,3,Read Holding Registers,1260,12,2693,0.475
2026-09-13 06:54:49.050,1,3,Read Holding Registers,6183,3840,60713,0.051
2026-09-13 06:54:51.067,1,3,Read Holding Registers,1200,5,7813,0.06
2026-09-13 06:54:51.101,1,3,Read Holding Registers,2560,0,46628,0.034
2026-09-13 06:54:52.499,1,3,Read Holding Registers,1260,12,2693,0.475
2026-09-13 06:54:52.550,1,3,Read Holding Registers,6183,3840,60713,0.051
2026-09-13 06:54:54.567,1,3,Read Holding Registers,1200,5,7813,0.06
2026-09-13 06:54:54.601,1,3,Read Holding Registers,2560,0,46628,0.034
2026-09-13 06:54:55.999,1,3,Read Holding Registers,1260,12,2693,0.475
2026-09-13 06:54:56.050,1,3,Read Holding Registers,6183,3840,60713,0.051
2026-09-13 06:54:58.067,1,3,Read Holding Registers,1200,5,7813,0.06
2026-09-13 06:54:58.101,1,3,Read Holding Registers,2560,0,46628,0.034
2026-09-13 06:54:59.499,1,3,Read Holding Registers,1260,12,2693,0.475
2026-09-13 06:54:59.550,1,3,Read Holding Registers,6183,3840,60713,0.051
2026-09-13 06:55:01.568,1,3,Read Holding Registers,1200,5,7813,0.061
2026-09-13 06:55:01.602,1,3,Read Holding Registers,2560,0,46628,0.034
2026-09-13 06:55:02.999,1,3,Read Holding Registers,1260,12,2693,0.475
2026-09-13 06:55:03.050,1,3,Read Holding Registers,6183,3840,60713,0.051
2026-09-13 06:55:05.068,1,3,Read Holding Registers,1200,5,7813,0.061
2026-09-13 06:55:05.101,1,3,Read Holding Registers,2560,0,46628,0.033
2026-09-13 06:55:06.500,1,3,Read Holding Registers,1260,12,2693,0.474
2026-09-13 06:55:06.552,1,3,Read Holding Registers,6183,3840,60546,0.052
2026-09-13 06:55:08.569,1,3,Read Holding Registers,1200,5,7813,0.061
2026-09-13 06:55:08.602,1,3,Read Holding Registers,2560,0,46628,0.033
2026-09-13 06:55:10.000,1,3,Read Holding Registers,1260,12,2693,0.475
2026-09-13 06:55:10.051,1,3,Read Holding Registers,6183,3840,60546,0.051
2026-09-13 06:55:12.069,1,3,Read Holding Registers,1200,5,7813,0.06
2026-09-13 06:55:12.103,1,3,Read Holding Registers,2560,0,46628,0.034
2026-09-13 06:55:13.501,1,3,Read Holding Registers,1260,12,2693,0.476
2026-09-13 06:55:13.551,1,3,Read Holding Registers,6183,3840,60546,0.05
2026-09-13 06:55:15.569,1,3,Read Holding Registers,1200,5,7813,0.06
2026-09-13 06:55:15.603,1,3,Read Holding Registers,2560,0,46628,0.034
2026-09-13 06:55:17.001,1,3,Read Holding Registers,1260,12,2693,0.476
2026-09-13 06:55:17.051,1,3,Read Holding Registers,6183,3840,60546,0.05
2026-09-13 06:55:19.069,1,3,Read Holding Registers,1200,5,7813,0.06
2026-09-13 06:55:19.103,1,3,Read Holding Registers,2560,0,46628,0.034
2026-09-13 06:55:20.501,1,3,Read Holding Registers,1260,12,2693,0.475
2026-09-13 06:55:20.552,1,3,Read Holding Registers,6183,3840,60546,0.051
2026-09-13 06:55:22.569,1,3,Read Holding Registers,1200,5,7813,0.06
2026-09-13 06:55:22.603,1,3,Read Holding Registers,2560,0,46628,0.034
2026-09-13 06:55:24.001,1,3,Read Holding Registers,1260,12,2693,0.475
2026-09-13 06:55:24.052,1,3,Read Holding Registers,6183,3840,60546,0.051
2026-09-13 06:55:26.069,1,3,Read Holding Registers,1200,5,7813,0.06
2026-09-13 06:55:26.103,1,3,Read Holding Registers,2560,0,46628,0.034
2026-09-13 06:55:27.501,1,3,Read Holding Registers,1260,12,2693,0.077
2026-09-13 06:55:27.551,1,3,Read Holding Registers,6183,3840,60930,0.05
2026-09-13 06:55:29.569,1,3,Read Holding Registers,1200,5,7813,0.06
2026-09-13 06:55:29.603,1,3,Read Holding Registers,2560,0,46628,0.034
