timestamp,slave_address,function_code,function_name,address_unit_1,quantity_unit_1,crc_calculated,delta_t
2026-09-13 05:28:16.069,1,2,Read Discrete Inputs,4,12,52793,0.477
2026-09-13 05:28:16.094,1,2,Read Discrete Inputs,512,185,47289,0.025
2026-09-13 05:28:19.569,1,2,Read Discrete Inputs,4,12,52793,0.476
2026-09-13 05:28:19.594,1,2,Read Discrete Inputs,513,184,10424,0.025
2026-09-13 05:28:23.069,1,2,Read Discrete Inputs,4,12,52793,0.476
2026-09-13 05:28:23.094,1,2,Read Discrete Inputs,513,184,10424,0.025
2026-09-13 05:28:26.569,1,2,Read Discrete Inputs,4,12,52793,0.476
2026-09-13 05:28:26.594,1,2,Read Discrete Inputs,512,185,47289,0.025
2026-09-13 05:28:30.069,1,2,Read Discrete Inputs,4,12,52793,0.476
2026-09-13 05:28:30.094,1,2,Read Discrete Inputs,512,185,47289,0.025
2026-09-13 05:28:33.569,1,2,Read Discrete Inputs,4,12,52793,0.476
2026-09-13 05:28:33.594,1,2,Read Discrete Inputs,513,184,10424,0.025
2026-09-13 05:28:37.080,1,2,Read Discrete Inputs,4,12,52793,0.476
2026-09-13 05:28:37.105,1,2,Read Discrete Inputs,513,184,10424,0.025
2026-09-13 05:28:40.580,1,2,Read Discrete Inputs,4,12,52793,0.476
2026-09-13 05:28:40.605,1,2,Read Discrete Inputs,512,185,47289,0.025
2026-09-13 05:28:44.080,1,2,Read Discrete Inputs,4,12,52793,0.476
2026-09-13 05:28:44.105,1,2,Read Discrete Inputs,513,184,10424,0.025
2026-09-13 05:28:47.580,1,2,Read Discrete Inputs,4,12,52793,0.476
2026-09-13 05:28:47.605,1,2,Read Discrete Inputs,513,184,10424,0.025
2026-09-13 05:28:51.081,1,2,Read Discrete Inputs,4,12,52793,0.477
2026-09-13 05:28:51.105,1,2,Read Discrete Inputs,513,184,10424,0.024
2026-09-13 05:28:54.581,1,2,Read Discrete Inputs,4,12,52793,0.352
2026-09-13 05:28:54.605,1,2,Read Discrete Inputs,512,185,47289,0.024
2026-09-13 05:28:58.081,1,2,Read Discrete Inputs,4,12,52793,0.477
2026-09-13 05:28:58.105,1,2,Read Discrete Inputs,513,184,10424,0.024
2026-09-13 05:29:01.581,1,2,Read Discrete Inputs,4,12,52793,0.477
2026-09-13 05:29:01.605,1,2,Read Discrete Inputs,513,184,10424,0.024
2026-09-13 05:29:05.081,1,2,Read Discrete Inputs,4,12,52793,0.477
2026-09-13 05:29:05.106,1,2,Read Discrete Inputs,512,185,47289,0.025
2026-09-13 05:29:08.581,1,2,Read Discrete Inputs,4,12,52793,0.477
2026-09-13 05:29:08.606,1,2,Read Discrete Inputs,512,185,47289,0.025
2026-09-13 05:29:12.124,1,2,Read Discrete Inputs,4,12,52793,0.026
2026-09-13 05:29:12.148,1,2,Read Discrete Inputs,513,184,10424,0.024
2026-09-13 05:29:15.623,1,2,Read Discrete Inputs,4,12,52793,0.476
2026-09-13 05:29:15.648,1,2,Read Discrete Inputs,513,184,10424,0.025
2026-09-13 05:29:19.123,1,2,Read Discrete Inputs,4,12,52793,0.476
2026-09-13 05:29:19.148,1,2,Read Discrete Inputs,512,185,47289,0.025
2026-09-13 05:29:22.623,1,2,Read Discrete Inputs,4,12,52793,0.476
2026-09-13 05:29:22.648,1,2,Read Discrete Inputs,513,184,10424,0.025
2026-09-13 05:29:26.123,1,2,Read Discrete Inputs,4,12,52793,0.476
2026-09-13 05:29:26.148,1,2,Read Discrete Inputs,512,185,47289,0.025
2026-09-13 05:29:29.623,1,2,Read Discrete Inputs,4,12,52793,0.427
2026-09-13 05:29:29.648,1,2,Read Discrete Inputs,513,184,10424,0.025
2026-09-13 05:29:33.123,1,2,Read Discrete Inputs,4,12,52793,0.476
2026-09-13 05:29:33.148,1,2,Read Discrete Inputs,513,184,10424,0.025
2026-09-13 05:29:36.623,1,2,Read Discrete Inputs,4,12,52793,0.476
2026-09-13 05:29:36.648,1,2,Read Discrete Inputs,513,184,10424,0.025
2026-09-13 05:29:40.123,1,2,Read Discrete Inputs,4,12,52793,0.476
2026-09-13 05:29:40.148,1,2,Read Discrete Inputs,512,185,47289,0.025
2026-09-13 05:29:43.623,1,2,Read Discrete Inputs,4,12,52793,0.476
2026-09-13 05:29:43.648,1,2,Read Discrete Inputs,512,185,47289,0.025
2026-09-13 05:29:47.123,1,2,Read Discrete Inputs,4,12,52793,0.476
2026-09-13 05:29:47.148,1,2,Read Discrete Inputs,513,184,10424,0.025
2026-09-13 05:29:50.624,1,2,Read Discrete Inputs,4,12,52793,0.477
2026-09-13 05:29:50.648,1,2,Read Discrete Inputs,512,185,47289,0.024
2026-09-13 05:29:54.124,1,2,Read Discrete Inputs,4,12,52793,0.477
2026-09-13 05:29:54.148,1,2,Read Discrete Inputs,513,184,10424,0.024
2026-09-13 05:29:57.624,1,2,Read Discrete Inputs,4,12,52793,0.477
2026-09-13 05:29:57.648,1,2,Read Discrete Inputs,512,185,47289,0.024
2026-09-13 05:30:01.124,1,2,Read Discrete Inputs,4,12,52793,0.477
2026-09-13 05:30:01.148,1,2,Read Discrete Inputs,513,184,10424,0.024
2026-09-13 05:30:04.624,1,2,Read Discrete Inputs,4,12,52793,0.477
2026-09-13 05:30:04.648,1,2,Read Discrete Inputs,512,185,47289,0.024
2026-09-13 05:30:08.124,1,2,Read Discrete Inputs,4,12,52793,0.477
2026-09-13 05:30:08.149,1,2,Read Discrete Inputs,512,185,47289,0.025
2026-09-13 05:30:11.624,1,2,Read Discrete Inputs,4,12,52793,0.476
2026-09-13 05:30:11.649,1,2,Read Discrete Inputs,512,185,47289,0.025
2026-09-13 05:30:15.124,1,2,Read Discrete Inputs,4,12,52793,0.477
2026-09-13 05:30:15.149,1,2,Read Discrete Inputs,513,184,10424,0.025
2026-09-13 05:30:18.624,1,2,Read Discrete Inputs,4,12,52793,0.476
2026-09-13 05:30:18.649,1,2,Read Discrete Inputs,513,184,10424,0.025
2026-09-13 05:30:22.124,1,2,Read Discrete Inputs,4,12,52793,0.476
2026-09-13 05:30:22.149,1,2,Read Discrete Inputs,513,184,10424,0.025
2026-09-13 05:30:25.624,1,2,Read Discrete Inputs,4,12,52793,0.476
2026-09-13 05:30:25.649,1,2,Read Discrete Inputs,513,184,10424,0.025
2026-09-13 05:30:29.124,1,2,Read Discrete Inputs,4,12,52793,0.476
2026-09-13 05:30:29.149,1,2,Read Discrete Inputs,513,184,10424,0.025
2026-09-13 05:30:32.624,1,2,Read Discrete Inputs,4,12,52793,0.474
2026-09-13 05:30:32.650,1,2,Read Discrete Inputs,512,185,47289,0.026
2026-09-13 05:30:36.124,1,2,Read Discrete Inputs,4,12,52793,0.476
2026-09-13 05:30:36.149,1,2,Read Discrete Inputs,513,184,10424,0.025
2026-09-13 05:30:39.624,1,2,Read Discrete Inputs,4,12,52793,0.476
2026-09-13 05:30:39.649,1,2,Read Discrete Inputs,513,184,10424,0.025
2026-09-13 05:30:43.124,1,2,Read Discrete Inputs,4,12,52793,0.476
2026-09-13 05:30:43.149,1,2,Read Discrete Inputs,513,184,10424,0.025
2026-09-13 05:30:46.625,1,2,Read Discrete Inputs,4,12,52793,0.477
2026-09-13 05:30:46.649,1,2,Read Discrete Inputs,512,185,47289,0.024
2026-09-13 05:30:50.125,1,2,Read Discrete Inputs,4,12,52793,0.477
2026-09-13 05:30:50.149,1,2,Read Discrete Inputs,512,185,47289,0.024
2026-09-13 05:30:53.625,1,2,Read Discrete Inputs,4,12,52793,0.477
2026-09-13 05:30:53.649,1,2,Read Discrete Inputs,512,185,47289,0.024
2026-09-13 05:30:57.125,1,2,Read Discrete Inputs,4,12,52793,0.477
2026-09-13 05:30:57.150,1,2,Read Discrete Inputs,512,185,47289,0.025
2026-09-13 05:31:00.625,1,2,Read Discrete Inputs,4,12,52793,0.477
2026-09-13 05:31:00.650,1,2,Read Discrete Inputs,513,184,10424,0.025
2026-09-13 05:31:04.125,1,2,Read Discrete Inputs,4,12,52793,0.477
2026-09-13 05:31:04.150,1,2,Read Discrete Inputs,512,185,47289,0.025
2026-09-13 05:31:07.625,1,2,Read Discrete Inputs,4,12,52793,0.477
2026-09-13 05:31:07.650,1,2,Read Discrete Inputs,512,185,47289,0.025
2026-09-13 05:31:11.125,1,2,Read Discrete Inputs,4,12,52793,0.477
2026-09-13 05:31:11.150,1,2,Read Discrete Inputs,513,184,10424,0.025
2026-09-13 05:31:14.637,1,2,Read Discrete Inputs,4,12,52793,0.476
2026-09-13 05:31:14.662,1,2,Read Discrete Inputs,513,184,10424,0.025
2026-09-13 05:31:18.137,1,2,Read Discrete Inputs,4,12,52793,0.476
2026-09-13 05:31:18.162,1,2,Read Discrete Inputs,513,184,10424,0.025
2026-09-13 05:31:21.637,1,2,Read Discrete Inputs,4,12,52793,0.476
2026-09-13 05:31:21.662,1,2,Read Discrete Inputs,513,184,10424,0.025
2026-09-13 05:31:25.137,1,2,Read Discrete Inputs,4,12,52793,0.476
2026-09-13 05:31:25.162,1,2,Read Discrete Inputs,513,184,10424,0.025
2026-09-13 05:31:28.637,1,2,Read Discrete Inputs,4,12,52793,0.476
2026-09-13 05:31:28.662,1,2,Read Discrete Inputs,512,185,47289,0.025
2026-09-13 05:31:32.137,1,2,Read Discrete Inputs,4,12,52793,0.427
2026-09-13 05:31:32.162,1,2,Read Discrete Inputs,513,184,10424,0.025
2026-09-13 05:31:35.637,1,2,Read Discrete Inputs,4,12,52793,0.476
2026-09-13 05:31:35.663,1,2,Read Discrete Inputs,513,184,10424,0.026
2026-09-13 05:31:39.137,1,2,Read Discrete Inputs,4,12,52793,0.476
2026-09-13 05:31:39.162,1,2,Read Discrete Inputs,512,185,47289,0.025
2026-09-13 05:31:42.637,1,2,Read Discrete Inputs,4,12,52793,0.476
2026-09-13 05:31:42.662,1,2,Read Discrete Inputs,512,185,47289,0.025
2026-09-13 05:31:46.138,1,2,Read Discrete Inputs,4,12,52793,0.477
2026-09-13 05:31:46.162,1,2,Read Discrete Inputs,513,184,10424,0.024
2026-09-13 05:31:49.638,1,2,Read Discrete Inputs,4,12,52793,0.477
2026-09-13 05:31:49.662,1,2,Read Discrete Inputs,513,184,10424,0.024
2026-09-13 05:31:53.138,1,2,Read Discrete Inputs,4,12,52793,0.477
2026-09-13 05:31:53.162,1,2,Read Discrete Inputs,512,185,47289,0.024
2026-09-13 05:31:56.638,1,2,Read Discrete Inputs,4,12,52793,0.477
2026-09-13 05:31:56.662,1,2,Read Discrete Inputs,513,184,10424,0.024
2026-09-13 05:32:00.138,1,2,Read Discrete Inputs,4,12,52793,0.477
2026-09-13 05:32:00.163,1,2,Read Discrete Inputs,512,185,47289,0.025
2026-09-13 05:32:03.638,1,2,Read Discrete Inputs,4,12,52793,0.477
2026-09-13 05:32:03.663,1,2,Read Discrete Inputs,513,184,10424,0.025
2026-09-13 05:32:07.138,1,2,Read Discrete Inputs,4,12,52793,0.477
2026-09-13 05:32:07.163,1,2,Read Discrete Inputs,512,185,47289,0.025
2026-09-13 05:32:10.638,1,2,Read Discrete Inputs,4,12,52793,0.476
2026-09-13 05:32:10.663,1,2,Read Discrete Inputs,513,184,10424,0.025
2026-09-13 05:32:14.138,1,2,Read Discrete Inputs,4,12,52793,0.476
2026-09-13 05:32:14.163,1,2,Read Discrete Inputs,513,184,10424,0.025
2026-09-13 05:32:17.638,1,2,Read Discrete Inputs,4,12,52793,0.476
2026-09-13 05:32:17.663,1,2,Read Discrete Inputs,512,185,47289,0.025
2026-09-13 05:32:21.138,1,2,Read Discrete Inputs,4,12,52793,0.476
2026-09-13 05:32:21.163,1,2,Read Discrete Inputs,513,184,10424,0.025
2026-09-13 05:32:24.638,1,2,Read Discrete Inputs,4,12,52793,0.476
2026-09-13 05:32:24.663,1,2,Read Discrete Inputs,513,184,10424,0.025
2026-09-13 05:32:28.138,1,2,Read Discrete Inputs,4,12,52793,0.476
2026-09-13 05:32:28.163,1,2,Read Discrete Inputs,512,185,47289,0.025
2026-09-13 05:32:31.638,1,2,Read Discrete Inputs,4,12,52793,0.476
2026-09-13 05:32:31.663,1,2,Read Discrete Inputs,512,185,47289,0.025
2026-09-13 05:32:35.541,1,2,Read Discrete Inputs,4,12,52793,0.476
2026-09-13 05:32:35.566,1,2,Read Discrete Inputs,513,184,10424,0.025
2026-09-13 05:32:39.041,1,2,Read Discrete Inputs,4,12,52793,0.476
2026-09-13 05:32:39.066,1,2,Read Discrete Inputs,513,184,10424,0.025
2026-09-13 05:32:42.542,1,2,Read Discrete Inputs,4,12,52793,0.477
2026-09-13 05:32:42.566,1,2,Read Discrete Inputs,512,185,47289,0.024
2026-09-13 05:32:46.042,1,2,Read Discrete Inputs,4,12,52793,0.477
2026-09-13 05:32:46.066,1,2,Read Discrete Inputs,513,184,10424,0.024
2026-09-13 05:32:49.542,1,2,Read Discrete Inputs,4,12,52793,0.477
2026-09-13 05:32:49.566,1,2,Read Discrete Inputs,513,184,10424,0.024
2026-09-13 05:32:53.042,1,2,Read Discrete Inputs,4,12,52793,0.477
2026-09-13 05:32:53.067,1,2,Read Discrete Inputs,513,184,10424,0.025
2026-09-13 05:32:56.542,1,2,Read Discrete Inputs,4,12,52793,0.477
2026-09-13 05:32:56.567,1,2,Read Discrete Inputs,512,185,47289,0.025
2026-09-13 05:33:00.042,1,2,Read Discrete Inputs,4,12,52793,0.477
2026-09-13 05:33:00.067,1,2,Read Discrete Inputs,512,185,47289,0.025
2026-09-13 05:33:03.542,1,2,Read Discrete Inputs,4,12,52793,0.476
2026-09-13 05:33:03.567,1,2,Read Discrete Inputs,512,185,47289,0.025
2026-09-13 05:33:07.042,1,2,Read Discrete Inputs,4,12,52793,0.476
2026-09-13 05:33:07.067,1,2,Read Discrete Inputs,513,184,10424,0.025
2026-09-13 05:33:10.542,1,2,Read Discrete Inputs,4,12,52793,0.476
2026-09-13 05:33:10.567,1,2,Read Discrete Inputs,512,185,47289,0.025
2026-09-13 05:33:14.042,1,2,Read Discrete Inputs,4,12,52793,0.476
2026-09-13 05:33:14.067,1,2,Read Discrete Inputs,513,184,10424,0.025
2026-09-13 05:33:17.542,1,2,Read Discrete Inputs,4,12,52793,0.476
2026-09-13 05:33:17.567,1,2,Read Discrete Inputs,513,184,10424,0.025
2026-09-13 05:33:21.042,1,2,Read Discrete Inputs,4,12,52793,0.476
2026-09-13 05:33:21.067,1,2,Read Discrete Inputs,512,185,47289,0.025
2026-09-13 05:33:24.542,1,2,Read Discrete Inputs,4,12,52793,0.476
2026-09-13 05:33:24.567,1,2,Read Discrete Inputs,512,185,47289,0.025
2026-09-13 05:33:28.042,1,2,Read Discrete Inputs,4,12,52793,0.476
2026-09-13 05:33:28.067,1,2,Read Discrete Inputs,513,184,10424,0.025
2026-09-13 05:33:31.542,1,2,Read Discrete Inputs,4,12,52793,0.476
2026-09-13 05:33:31.567,1,2,Read Discrete Inputs,513,184,10424,0.025
2026-09-13 05:33:35.042,1,2,Read Discrete Inputs,4,12,52793,0.476
2026-09-13 05:33:35.067,1,2,Read Discrete Inputs,512,185,47289,0.025
2026-09-13 05:33:38.543,1,2,Read Discrete Inputs,4,12,52793,0.477
2026-09-13 05:33:38.567,1,2,Read Discrete Inputs,512,185,47289,0.024
2026-09-13 05:33:42.057,1,2,Read Discrete Inputs,4,12,52793,0.477
2026-09-13 05:33:42.081,1,2,Read Discrete Inputs,513,184,10424,0.024
2026-09-13 05:33:45.557,1,2,Read Discrete Inputs,4,12,52793,0.477
2026-09-13 05:33:45.581,1,2,Read Discrete Inputs,512,185,47289,0.024
2026-09-13 05:33:49.057,1,2,Read Discrete Inputs,4,12,52793,0.477
2026-09-13 05:33:49.082,1,2,Read Discrete Inputs,512,185,47289,0.025
2026-09-13 05:33:52.557,1,2,Read Discrete Inputs,4,12,52793,0.477
2026-09-13 05:33:52.582,1,2,Read Discrete Inputs,512,185,47289,0.025
2026-09-13 05:33:56.057,1,2,Read Discrete Inputs,4,12,52793,0.477
2026-09-13 05:33:56.082,1,2,Read Discrete Inputs,513,184,10424,0.025
2026-09-13 05:33:59.557,1,2,Read Discrete Inputs,4,12,52793,0.476
2026-09-13 05:33:59.582,1,2,Read Discrete Inputs,513,184,10424,0.025
2026-09-13 05:34:03.057,1,2,Read Discrete Inputs,4,12,52793,0.476
2026-09-13 05:34:03.082,1,2,Read Discrete Inputs,513,184,10424,0.025
2026-09-13 05:34:06.557,1,2,Read Discrete Inputs,4,12,52793,0.476
2026-09-13 05:34:06.582,1,2,Read Discrete Inputs,513,184,10424,0.025
2026-09-13 05:34:10.057,1,2,Read Discrete Inputs,4,12,52793,0.476
2026-09-13 05:34:10.082,1,2,Read Discrete Inputs,513,184,10424,0.025
2026-09-13 05:34:13.557,1,2,Read Discrete Inputs,4,12,52793,0.476
2026-09-13 05:34:13.582,1,2,Read Discrete Inputs,512,185,47289,0.025
2026-09-13 05:34:17.057,1,2,Read Discrete Inputs,4,12,52793,0.476
2026-09-13 05:34:17.082,1,2,Read Discrete Inputs,513,184,10424,0.025
2026-09-13 05:34:20.557,1,2,Read Discrete Inputs,4,12,52793,0.476
2026-09-13 05:34:20.582,1,2,Read Discrete Inputs,513,184,10424,0.025
2026-09-13 05:34:24.057,1,2,Read Discrete Inputs,4,12,52793,0.476
2026-09-13 05:34:24.082,1,2,Read Discrete Inputs,513,184,10424,0.025
2026-09-13 05:34:27.557,1,2,Read Discrete Inputs,4,12,52793,0.476
2026-09-13 05:34:27.582,1,2,Read Discrete Inputs,512,185,47289,0.025
2026-09-13 05:34:31.057,1,2,Read Discrete Inputs,4,12,52793,0.476
2026-09-13 05:34:31.082,1,2,Read Discrete Inputs,512,185,47289,0.025
2026-09-13 05:34:34.558,1,2,Read Discrete Inputs,4,12,52793,0.477
2026-09-13 05:34:34.582,1,2,Read Discrete Inputs,512,185,47289,0.024
2026-09-13 05:34:38.058,1,2,Read Discrete Inputs,4,12,52793,0.477
2026-09-13 05:34:38.082,1,2,Read Discrete Inputs,512,185,47289,0.024
2026-09-13 05:34:41.558,1,2,Read Discrete Inputs,4,12,52793,0.477
2026-09-13 05:34:41.582,1,2,Read Discrete Inputs,512,185,47289,0.024
2026-09-13 05:34:45.058,1,2,Read Discrete Inputs,4,12,52793,0.477
2026-09-13 05:34:45.083,1,2,Read Discrete Inputs,512,185,47289,0.025
2026-09-13 05:34:48.558,1,2,Read Discrete Inputs,4,12,52793,0.477
2026-09-13 05:34:48.583,1,2,Read Discrete Inputs,513,184,10424,0.025
2026-09-13 05:34:52.058,1,2,Read Discrete Inputs,4,12,52793,0.477
2026-09-13 05:34:52.083,1,2,Read Discrete Inputs,512,185,47289,0.025
2026-09-13 05:34:55.558,1,2,Read Discrete Inputs,4,12,52793,0.477
2026-09-13 05:34:55.583,1,2,Read Discrete Inputs,513,184,10424,0.025
2026-09-13 05:34:59.058,1,2,Read Discrete Inputs,4,12,52793,0.476
2026-09-13 05:34:59.083,1,2,Read Discrete Inputs,513,184,10424,0.025
2026-09-13 05:35:02.558,1,2,Read Discrete Inputs,4,12,52793,0.476
2026-09-13 05:35:02.583,1,2,Read Discrete Inputs,512,185,47289,0.025
2026-09-13 05:35:06.058,1,2,Read Discrete Inputs,4,12,52793,0.476
2026-09-13 05:35:06.083,1,2,Read Discrete Inputs,512,185,47289,0.025
2026-09-13 05:35:09.558,1,2,Read Discrete Inputs,4,12,52793,0.476
2026-09-13 05:35:09.583,1,2,Read Discrete Inputs,512,185,47289,0.025
2026-09-13 05:35:13.058,1,2,Read Discrete Inputs,4,12,52793,0.476
2026-09-13 05:35:13.083,1,2,Read Discrete Inputs,513,184,10424,0.025
2026-09-13 05:35:16.558,1,2,Read Discrete Inputs,4,12,52793,0.476
2026-09-13 05:35:16.583,1,2,Read Discrete Inputs,513,184,10424,0.025
2026-09-13 05:35:20.058,1,2,Read Discrete Inputs,4,12,52793,0.476
2026-09-13 05:35:20.083,1,2,Read Discrete Inputs,512,185,47289,0.025
2026-09-13 05:35:23.558,1,2,Read Discrete Inputs,4,12,52793,0.476
2026-09-13 05:35:23.583,1,2,Read Discrete Inputs,512,185,47289,0.025
2026-09-13 05:35:27.059,1,2,Read Discrete Inputs,4,12,52793,0.477
2026-09-13 05:35:27.083,1,2,Read Discrete Inputs,512,185,47289,0.024
2026-09-13 05:35:30.559,1,2,Read Discrete Inputs,4,12,52793,0.477
2026-09-13 05:35:30.583,1,2,Read Discrete Inputs,513,184,10424,0.024
2026-09-13 05:35:34.059,1,2,Read Discrete Inputs,4,12,52793,0.477
2026-09-13 05:35:34.083,1,2,Read Discrete Inputs,512,185,47289,0.024
2026-09-13 05:35:37.559,1,2,Read Discrete Inputs,4,12,52793,0.477
2026-09-13 05:35:37.583,1,2,Read Discrete Inputs,512,185,47289,0.024
2026-09-13 05:35:41.059,1,2,Read Discrete Inputs,4,12,52793,0.477
2026-09-13 05:35:41.084,1,2,Read Discrete Inputs,512,185,47289,0.025
2026-09-13 05:35:44.559,1,2,Read Discrete Inputs,4,12,52793,0.477
2026-09-13 05:35:44.584,1,2,Read Discrete Inputs,512,185,47289,0.025
2026-09-13 05:35:48.059,1,2,Read Discrete Inputs,4,12,52793,0.476
2026-09-13 05:35:48.084,1,2,Read Discrete Inputs,512,185,47289,0.025
2026-09-13 05:35:51.559,1,2,Read Discrete Inputs,4,12,52793,0.476
2026-09-13 05:35:51.584,1,2,Read Discrete Inputs,513,184,10424,0.025
2026-09-13 05:35:55.059,1,2,Read Discrete Inputs,4,12,52793,0.476
2026-09-13 05:35:55.084,1,2,Read Discrete Inputs,513,184,10424,0.025
2026-09-13 05:35:58.559,1,2,Read Discrete Inputs,4,12,52793,0.476
2026-09-13 05:35:58.584,1,2,Read Discrete Inputs,513,184,10424,0.025
2026-09-13 05:36:02.059,1,2,Read Discrete Inputs,4,12,52793,0.476
2026-09-13 05:36:02.084,1,2,Read Discrete Inputs,512,185,47289,0.025
2026-09-13 05:36:05.559,1,2,Read Discrete Inputs,4,12,52793,0.476
2026-09-13 05:36:05.584,1,2,Read Discrete Inputs,512,185,47289,0.025
2026-09-13 05:36:09.059,1,2,Read Discrete Inputs,4,12,52793,0.476
2026-09-13 05:36:09.084,1,2,Read Discrete Inputs,512,185,47289,0.025
2026-09-13 05:36:12.559,1,2,Read Discrete Inputs,4,12,52793,0.476
2026-09-13 05:36:12.584,1,2,Read Discrete Inputs,513,184,10424,0.025
2026-09-13 05:36:16.059,1,2,Read Discrete Inputs,4,12,52793,0.426
2026-09-13 05:36:16.084,1,2,Read Discrete Inputs,513,184,10424,0.025
2026-09-13 05:36:19.559,1,2,Read Discrete Inputs,4,12,52793,0.476
2026-09-13 05:36:19.584,1,2,Read Discrete Inputs,513,184,10424,0.025
2026-09-13 05:36:23.060,1,2,Read Discrete Inputs,4,12,52793,0.477
2026-09-13 05:36:23.084,1,2,Read Discrete Inputs,512,185,47289,0.024
2026-09-13 05:36:26.560,1,2,Read Discrete Inputs,4,12,52793,0.477
2026-09-13 05:36:26.584,1,2,Read Discrete Inputs,512,185,47289,0.024
2026-09-13 05:36:30.060,1,2,Read Discrete Inputs,4,12,52793,0.477
2026-09-13 05:36:30.084,1,2,Read Discrete Inputs,513,184,10424,0.024
2026-09-13 05:36:33.560,1,2,Read Discrete Inputs,4,12,52793,0.477
2026-09-13 05:36:33.584,1,2,Read Discrete Inputs,512,185,47289,0.024
2026-09-13 05:36:37.060,1,2,Read Discrete Inputs,4,12,52793,0.477
2026-09-13 05:36:37.085,1,2,Read Discrete Inputs,513,184,10424,0.025
2026-09-13 05:36:40.560,1,2,Read Discrete Inputs,4,12,52793,0.477
2026-09-13 05:36:40.585,1,2,Read Discrete Inputs,513,184,10424,0.025
2026-09-13 05:36:44.060,1,2,Read Discrete Inputs,4,12,52793,0.477
2026-09-13 05:36:44.085,1,2,Read Discrete Inputs,512,185,47289,0.025
2026-09-13 05:36:47.560,1,2,Read Discrete Inputs,4,12,52793,0.476
2026-09-13 05:36:47.585,1,2,Read Discrete Inputs,513,184,10424,0.025
2026-09-13 05:36:51.060,1,2,Read Discrete Inputs,4,12,52793,0.476
2026-09-13 05:36:51.085,1,2,Read Discrete Inputs,512,185,47289,0.025
2026-09-13 05:36:55.648,1,2,Read Discrete Inputs,4,12,52793,2.08
2026-09-13 05:36:55.672,1,2,Read Discrete Inputs,513,184,10424,0.024
2026-09-13 05:36:59.147,1,2,Read Discrete Inputs,4,12,52793,0.476
2026-09-13 05:36:59.172,1,2,Read Discrete Inputs,513,184,10424,0.025
2026-09-13 05:37:02.647,1,2,Read Discrete Inputs,4,12,52793,0.476
2026-09-13 05:37:02.672,1,2,Read Discrete Inputs,512,185,47289,0.025
2026-09-13 05:37:06.147,1,2,Read Discrete Inputs,4,12,52793,0.476
2026-09-13 05:37:06.172,1,2,Read Discrete Inputs,513,184,10424,0.025
2026-09-13 05:37:09.647,1,2,Read Discrete Inputs,4,12,52793,0.476
2026-09-13 05:37:09.672,1,2,Read Discrete Inputs,513,184,10424,0.025
2026-09-13 05:37:13.147,1,2,Read Discrete Inputs,4,12,52793,0.476
2026-09-13 05:37:13.172,1,2,Read Discrete Inputs,513,184,10424,0.025
2026-09-13 05:37:16.648,1,2,Read Discrete Inputs,4,12,52793,0.477
2026-09-13 05:37:16.672,1,2,Read Discrete Inputs,513,184,10424,0.024
2026-09-13 05:37:20.148,1,2,Read Discrete Inputs,4,12,52793,0.477
2026-09-13 05:37:20.172,1,2,Read Discrete Inputs,513,184,10424,0.024
2026-09-13 05:37:23.648,1,2,Read Discrete Inputs,4,12,52793,0.477
2026-09-13 05:37:23.672,1,2,Read Discrete Inputs,513,184,10424,0.024
2026-09-13 05:37:27.148,1,2,Read Discrete Inputs,4,12,52793,0.477
2026-09-13 05:37:27.172,1,2,Read Discrete Inputs,513,184,10424,0.024
2026-09-13 05:37:30.648,1,2,Read Discrete Inputs,4,12,52793,0.477
2026-09-13 05:37:30.673,1,2,Read Discrete Inputs,512,185,47289,0.025
2026-09-13 05:37:34.148,1,2,Read Discrete Inputs,4,12,52793,0.477
2026-09-13 05:37:34.173,1,2,Read Discrete Inputs,513,184,10424,0.025
2026-09-13 05:37:37.648,1,2,Read Discrete Inputs,4,12,52793,0.477
2026-09-13 05:37:37.673,1,2,Read Discrete Inputs,513,184,10424,0.025
2026-09-13 05:37:41.148,1,2,Read Discrete Inputs,4,12,52793,0.476
2026-09-13 05:37:41.173,1,2,Read Discrete Inputs,513,184,10424,0.025
2026-09-13 05:37:44.648,1,2,Read Discrete Inputs,4,12,52793,0.476
2026-09-13 05:37:44.673,1,2,Read Discrete Inputs,512,185,47289,0.025
2026-09-13 05:37:48.148,1,2,Read Discrete Inputs,4,12,52793,0.476
2026-09-13 05:37:48.173,1,2,Read Discrete Inputs,513,184,10424,0.025
2026-09-13 05:37:51.648,1,2,Read Discrete Inputs,4,12,52793,0.476
2026-09-13 05:37:51.673,1,2,Read Discrete Inputs,513,184,10424,0.025
2026-09-13 05:37:55.148,1,2,Read Discrete Inputs,4,12,52793,0.476
2026-09-13 05:37:55.173,1,2,Read Discrete Inputs,512,185,47289,0.025
2026-09-13 05:37:58.648,1,2,Read Discrete Inputs,4,12,52793,0.476
2026-09-13 05:37:58.673,1,2,Read Discrete Inputs,513,184,10424,0.025
2026-09-13 05:38:02.148,1,2,Read Discrete Inputs,4,12,52793,0.476
2026-09-13 05:38:02.173,1,2,Read Discrete Inputs,513,184,10424,0.025
2026-09-13 05:38:05.680,1,2,Read Discrete Inputs,4,12,52793,0.476
2026-09-13 05:38:05.705,1,2,Read Discrete Inputs,512,185,47289,0.025
2026-09-13 05:38:09.180,1,2,Read Discrete Inputs,4,12,52793,0.476
2026-09-13 05:38:09.205,1,2,Read Discrete Inputs,513,184,10424,0.025
2026-09-13 05:38:12.681,1,2,Read Discrete Inputs,4,12,52793,0.477
2026-09-13 05:38:12.705,1,2,Read Discrete Inputs,513,184,10424,0.024
2026-09-13 05:38:16.181,1,2,Read Discrete Inputs,4,12,52793,0.477
2026-09-13 05:38:16.205,1,2,Read Discrete Inputs,513,184,10424,0.024
2026-09-13 05:38:19.681,1,2,Read Discrete Inputs,4,12,52793,0.477
2026-09-13 05:38:19.705,1,2,Read Discrete Inputs,513,184,10424,0.024
2026-09-13 05:38:23.199,1,2,Read Discrete Inputs,4,12,52793,0.477
2026-09-13 05:38:23.224,1,2,Read Discrete Inputs,512,185,47289,0.025
2026-09-13 05:38:26.699,1,2,Read Discrete Inputs,4,12,52793,0.477
2026-09-13 05:38:26.724,1,2,Read Discrete Inputs,512,185,47289,0.025
2026-09-13 05:38:30.199,1,2,Read Discrete Inputs,4,12,52793,0.476
2026-09-13 05:38:30.224,1,2,Read Discrete Inputs,513,184,10424,0.025
2026-09-13 05:38:33.699,1,2,Read Discrete Inputs,4,12,52793,0.476
2026-09-13 05:38:33.724,1,2,Read Discrete Inputs,512,185,47289,0.025
2026-09-13 05:38:37.199,1,2,Read Discrete Inputs,4,12,52793,0.476
2026-09-13 05:38:37.224,1,2,Read Discrete Inputs,512,185,47289,0.025
2026-09-13 05:38:40.699,1,2,Read Discrete Inputs,4,12,52793,0.476
2026-09-13 05:38:40.724,1,2,Read Discrete Inputs,513,184,10424,0.025
2026-09-13 05:38:44.199,1,2,Read Discrete Inputs,4,12,52793,0.224
2026-09-13 05:38:44.224,1,2,Read Discrete Inputs,512,185,47289,0.025
2026-09-13 05:38:47.699,1,2,Read Discrete Inputs,4,12,52793,0.476
2026-09-13 05:38:47.724,1,2,Read Discrete Inputs,512,185,47289,0.025
2026-09-13 05:38:51.199,1,2,Read Discrete Inputs,4,12,52793,0.476
2026-09-13 05:38:51.224,1,2,Read Discrete Inputs,513,184,10424,0.025
2026-09-13 05:38:54.699,1,2,Read Discrete Inputs,4,12,52793,0.476
2026-09-13 05:38:54.724,1,2,Read Discrete Inputs,512,185,47289,0.025
2026-09-13 05:38:58.199,1,2,Read Discrete Inputs,4,12,52793,0.476
2026-09-13 05:38:58.224,1,2,Read Discrete Inputs,512,185,47289,0.025
2026-09-13 05:39:01.742,1,2,Read Discrete Inputs,4,12,52793,0.476
2026-09-13 05:39:01.767,1,2,Read Discrete Inputs,513,184,10424,0.025
2026-09-13 05:39:05.243,1,2,Read Discrete Inputs,4,12,52793,0.477
2026-09-13 05:39:05.267,1,2,Read Discrete Inputs,512,185,47289,0.024
2026-09-13 05:39:08.743,1,2,Read Discrete Inputs,4,12,52793,0.477
2026-09-13 05:39:08.767,1,2,Read Discrete Inputs,512,185,47289,0.024
2026-09-13 05:39:12.243,1,2,Read Discrete Inputs,4,12,52793,0.477
2026-09-13 05:39:12.267,1,2,Read Discrete Inputs,512,185,47289,0.024
2026-09-13 05:39:15.743,1,2,Read Discrete Inputs,4,12,52793,0.058
2026-09-13 05:39:15.768,1,2,Read Discrete Inputs,512,185,47289,0.025
2026-09-13 05:39:19.243,1,2,Read Discrete Inputs,4,12,52793,0.477
2026-09-13 05:39:19.268,1,2,Read Discrete Inputs,513,184,10424,0.025
2026-09-13 05:39:22.743,1,2,Read Discrete Inputs,4,12,52793,0.477
2026-09-13 05:39:22.768,1,2,Read Discrete Inputs,513,184,10424,0.025
2026-09-13 05:39:26.243,1,2,Read Discrete Inputs,4,12,52793,0.476
2026-09-13 05:39:26.268,1,2,Read Discrete Inputs,513,184,10424,0.025
2026-09-13 05:39:29.743,1,2,Read Discrete Inputs,4,12,52793,0.476
2026-09-13 05:39:29.768,1,2,Read Discrete Inputs,513,184,10424,0.025
2026-09-13 05:39:33.243,1,2,Read Discrete Inputs,4,12,52793,0.476
2026-09-13 05:39:33.268,1,2,Read Discrete Inputs,512,185,47289,0.025
2026-09-13 05:39:36.743,1,2,Read Discrete Inputs,4,12,52793,0.476
2026-09-13 05:39:36.768,1,2,Read Discrete Inputs,513,184,10424,0.025
2026-09-13 05:39:40.243,1,2,Read Discrete Inputs,4,12,52793,0.476
2026-09-13 05:39:40.268,1,2,Read Discrete Inputs,513,184,10424,0.025
2026-09-13 05:39:43.743,1,2,Read Discrete Inputs,4,12,52793,0.476
2026-09-13 05:39:43.768,1,2,Read Discrete Inputs,512,185,47289,0.025
2026-09-13 05:39:47.243,1,2,Read Discrete Inputs,4,12,52793,0.476
2026-09-13 05:39:47.268,1,2,Read Discrete Inputs,512,185,47289,0.025
2026-09-13 05:39:50.743,1,2,Read Discrete Inputs,4,12,52793,0.476
2026-09-13 05:39:50.768,1,2,Read Discrete Inputs,512,185,47289,0.025
2026-09-13 05:39:54.243,1,2,Read Discrete Inputs,4,12,52793,0.476
2026-09-13 05:39:54.268,1,2,Read Discrete Inputs,513,184,10424,0.025
2026-09-13 05:39:57.744,1,2,Read Discrete Inputs,4,12,52793,0.477
2026-09-13 05:39:57.768,1,2,Read Discrete Inputs,512,185,47289,0.024
2026-09-13 05:40:01.244,1,2,Read Discrete Inputs,4,12,52793,0.477
2026-09-13 05:40:01.268,1,2,Read Discrete Inputs,513,184,10424,0.024
2026-09-13 05:40:04.744,1,2,Read Discrete Inputs,4,12,52793,0.477
2026-09-13 05:40:04.768,1,2,Read Discrete Inputs,513,184,10424,0.024
2026-09-13 05:40:08.244,1,2,Read Discrete Inputs,4,12,52793,0.477
2026-09-13 05:40:08.268,1,2,Read Discrete Inputs,513,184,10424,0.024
2026-09-13 05:40:11.744,1,2,Read Discrete Inputs,4,12,52793,0.477
2026-09-13 05:40:11.769,1,2,Read Discrete Inputs,512,185,47289,0.025
2026-09-13 05:40:15.244,1,2,Read Discrete Inputs,4,12,52793,0.476
2026-09-13 05:40:15.269,1,2,Read Discrete Inputs,513,184,10424,0.025
2026-09-13 05:40:18.744,1,2,Read Discrete Inputs,4,12,52793,0.476
2026-09-13 05:40:18.769,1,2,Read Discrete Inputs,513,184,10424,0.025
2026-09-13 05:40:22.244,1,2,Read Discrete Inputs,4,12,52793,0.476
2026-09-13 05:40:22.269,1,2,Read Discrete Inputs,512,185,47289,0.025
2026-09-13 05:40:25.744,1,2,Read Discrete Inputs,4,12,52793,0.476
2026-09-13 05:40:25.769,1,2,Read Discrete Inputs,512,185,47289,0.025
2026-09-13 05:40:29.244,1,2,Read Discrete Inputs,4,12,52793,0.476
2026-09-13 05:40:29.269,1,2,Read Discrete Inputs,513,184,10424,0.025
2026-09-13 05:40:32.744,1,2,Read Discrete Inputs,4,12,52793,0.476
2026-09-13 05:40:32.769,1,2,Read Discrete Inputs,513,184,10424,0.025
2026-09-13 05:40:36.244,1,2,Read Discrete Inputs,4,12,52793,0.476
2026-09-13 05:40:36.269,1,2,Read Discrete Inputs,513,184,10424,0.025
2026-09-13 05:40:39.744,1,2,Read Discrete Inputs,4,12,52793,0.476
2026-09-13 05:40:39.769,1,2,Read Discrete Inputs,513,184,10424,0.025
2026-09-13 05:40:43.244,1,2,Read Discrete Inputs,4,12,52793,0.476
2026-09-13 05:40:43.269,1,2,Read Discrete Inputs,513,184,10424,0.025
2026-09-13 05:40:46.744,1,2,Read Discrete Inputs,4,12,52793,0.474
2026-09-13 05:40:46.771,1,2,Read Discrete Inputs,512,185,47289,0.027
2026-09-13 05:40:50.245,1,2,Read Discrete Inputs,4,12,52793,0.477
2026-09-13 05:40:50.269,1,2,Read Discrete Inputs,513,184,10424,0.024
2026-09-13 05:40:53.745,1,2,Read Discrete Inputs,4,12,52793,0.477
2026-09-13 05:40:53.769,1,2,Read Discrete Inputs,512,185,47289,0.024
2026-09-13 05:40:57.245,1,2,Read Discrete Inputs,4,12,52793,0.477
2026-09-13 05:40:57.269,1,2,Read Discrete Inputs,513,184,10424,0.024
2026-09-13 05:41:00.745,1,2,Read Discrete Inputs,4,12,52793,0.477
2026-09-13 05:41:00.770,1,2,Read Discrete Inputs,512,185,47289,0.025
2026-09-13 05:41:04.245,1,2,Read Discrete Inputs,4,12,52793,0.477
2026-09-13 05:41:04.270,1,2,Read Discrete Inputs,512,185,47289,0.025
2026-09-13 05:41:07.745,1,2,Read Discrete Inputs,4,12,52793,0.477
2026-09-13 05:41:07.770,1,2,Read Discrete Inputs,513,184,10424,0.025
2026-09-13 05:41:11.552,1,2,Read Discrete Inputs,4,12,52793,0.024
2026-09-13 05:41:11.577,1,2,Read Discrete Inputs,512,185,47289,0.025
2026-09-13 05:41:15.052,1,2,Read Discrete Inputs,4,12,52793,0.476
2026-09-13 05:41:15.077,1,2,Read Discrete Inputs,512,185,47289,0.025
2026-09-13 05:41:18.552,1,2,Read Discrete Inputs,4,12,52793,0.476
2026-09-13 05:41:18.577,1,2,Read Discrete Inputs,512,185,47289,0.025
2026-09-13 05:41:22.052,1,2,Read Discrete Inputs,4,12,52793,0.476
2026-09-13 05:41:22.077,1,2,Read Discrete Inputs,513,184,10424,0.025
2026-09-13 05:41:25.552,1,2,Read Discrete Inputs,4,12,52793,0.476
2026-09-13 05:41:25.577,1,2,Read Discrete Inputs,512,185,47289,0.025
2026-09-13 05:41:29.052,1,2,Read Discrete Inputs,4,12,52793,0.476
2026-09-13 05:41:29.077,1,2,Read Discrete Inputs,513,184,10424,0.025
2026-09-13 05:41:32.552,1,2,Read Discrete Inputs,4,12,52793,0.255
2026-09-13 05:41:32.577,1,2,Read Discrete Inputs,513,184,10424,0.025
2026-09-13 05:41:36.052,1,2,Read Discrete Inputs,4,12,52793,0.476
2026-09-13 05:41:36.077,1,2,Read Discrete Inputs,512,185,47289,0.025
2026-09-13 05:41:39.552,1,2,Read Discrete Inputs,4,12,52793,0.476
2026-09-13 05:41:39.577,1,2,Read Discrete Inputs,512,185,47289,0.025
2026-09-13 05:41:43.053,1,2,Read Discrete Inputs,4,12,52793,0.477
2026-09-13 05:41:43.077,1,2,Read Discrete Inputs,512,185,47289,0.024
2026-09-13 05:41:46.553,1,2,Read Discrete Inputs,4,12,52793,0.477
2026-09-13 05:41:46.577,1,2,Read Discrete Inputs,512,185,47289,0.024
2026-09-13 05:41:50.053,1,2,Read Discrete Inputs,4,12,52793,0.477
2026-09-13 05:41:50.077,1,2,Read Discrete Inputs,513,184,10424,0.024
2026-09-13 05:41:53.600,1,2,Read Discrete Inputs,4,12,52793,0.477
2026-09-13 05:41:53.624,1,2,Read Discrete Inputs,512,185,47289,0.024
2026-09-13 05:41:57.100,1,2,Read Discrete Inputs,4,12,52793,0.477
2026-09-13 05:41:57.125,1,2,Read Discrete Inputs,513,184,10424,0.025
2026-09-13 05:42:00.600,1,2,Read Discrete Inputs,4,12,52793,0.477
2026-09-13 05:42:00.625,1,2,Read Discrete Inputs,512,185,47289,0.025
2026-09-13 05:42:04.100,1,2,Read Discrete Inputs,4,12,52793,0.477
2026-09-13 05:42:04.125,1,2,Read Discrete Inputs,512,185,47289,0.025
2026-09-13 05:42:07.600,1,2,Read Discrete Inputs,4,12,52793,0.476
2026-09-13 05:42:07.625,1,2,Read Discrete Inputs,512,185,47289,0.025
2026-09-13 05:42:11.100,1,2,Read Discrete Inputs,4,12,52793,0.476
2026-09-13 05:42:11.125,1,2,Read Discrete Inputs,513,184,10424,0.025
2026-09-13 05:42:14.600,1,2,Read Discrete Inputs,4,12,52793,0.476
2026-09-13 05:42:14.625,1,2,Read Discrete Inputs,513,184,10424,0.025
2026-09-13 05:42:18.100,1,2,Read Discrete Inputs,4,12,52793,0.476
2026-09-13 05:42:18.125,1,2,Read Discrete Inputs,513,184,10424,0.025
2026-09-13 05:42:21.600,1,2,Read Discrete Inputs,4,12,52793,0.476
2026-09-13 05:42:21.625,1,2,Read Discrete Inputs,512,185,47289,0.025
2026-09-13 05:42:25.100,1,2,Read Discrete Inputs,4,12,52793,0.476
2026-09-13 05:42:25.125,1,2,Read Discrete Inputs,512,185,47289,0.025
2026-09-13 05:42:28.600,1,2,Read Discrete Inputs,4,12,52793,0.476
2026-09-13 05:42:28.625,1,2,Read Discrete Inputs,512,185,47289,0.025
2026-09-13 05:42:32.100,1,2,Read Discrete Inputs,4,12,52793,0.476
2026-09-13 05:42:32.125,1,2,Read Discrete Inputs,513,184,10424,0.025
2026-09-13 05:42:35.601,1,2,Read Discrete Inputs,4,12,52793,0.324
2026-09-13 05:42:35.625,1,2,Read Discrete Inputs,513,184,10424,0.024
2026-09-13 05:42:39.101,1,2,Read Discrete Inputs,4,12,52793,0.477
2026-09-13 05:42:39.125,1,2,Read Discrete Inputs,513,184,10424,0.024
2026-09-13 05:42:42.601,1,2,Read Discrete Inputs,4,12,52793,0.477
2026-09-13 05:42:42.625,1,2,Read Discrete Inputs,513,184,10424,0.024
2026-09-13 05:42:46.101,1,2,Read Discrete Inputs,4,12,52793,0.477
2026-09-13 05:42:46.125,1,2,Read Discrete Inputs,512,185,47289,0.024
2026-09-13 05:42:49.601,1,2,Read Discrete Inputs,4,12,52793,0.477
2026-09-13 05:42:49.625,1,2,Read Discrete Inputs,512,185,47289,0.024
2026-09-13 05:42:53.101,1,2,Read Discrete Inputs,4,12,52793,0.477
2026-09-13 05:42:53.126,1,2,Read Discrete Inputs,512,185,47289,0.025
2026-09-13 05:42:56.601,1,2,Read Discrete Inputs,4,12,52793,0.476
2026-09-13 05:42:56.626,1,2,Read Discrete Inputs,512,185,47289,0.025
2026-09-13 05:43:00.101,1,2,Read Discrete Inputs,4,12,52793,0.477
2026-09-13 05:43:00.126,1,2,Read Discrete Inputs,512,185,47289,0.025
2026-09-13 05:43:03.601,1,2,Read Discrete Inputs,4,12,52793,0.476
2026-09-13 05:43:03.626,1,2,Read Discrete Inputs,512,185,47289,0.025
2026-09-13 05:43:07.101,1,2,Read Discrete Inputs,4,12,52793,0.476
2026-09-13 05:43:07.126,1,2,Read Discrete Inputs,513,184,10424,0.025
2026-09-13 05:43:10.601,1,2,Read Discrete Inputs,4,12,52793,0.476
2026-09-13 05:43:10.626,1,2,Read Discrete Inputs,513,184,10424,0.025
2026-09-13 05:43:14.101,1,2,Read Discrete Inputs,4,12,52793,0.476
2026-09-13 05:43:14.126,1,2,Read Discrete Inputs,513,184,10424,0.025
2026-09-13 05:43:17.601,1,2,Read Discrete Inputs,4,12,52793,0.476
2026-09-13 05:43:17.626,1,2,Read Discrete Inputs,513,184,10424,0.025
2026-09-13 05:43:21.129,1,2,Read Discrete Inputs,4,12,52793,0.476
2026-09-13 05:43:21.154,1,2,Read Discrete Inputs,512,185,47289,0.025
2026-09-13 05:43:24.629,1,2,Read Discrete Inputs,4,12,52793,0.476
2026-09-13 05:43:24.654,1,2,Read Discrete Inputs,513,184,10424,0.025
2026-09-13 05:43:28.130,1,2,Read Discrete Inputs,4,12,52793,0.477
2026-09-13 05:43:28.154,1,2,Read Discrete Inputs,513,184,10424,0.024
2026-09-13 05:43:31.630,1,2,Read Discrete Inputs,4,12,52793,0.477
2026-09-13 05:43:31.654,1,2,Read Discrete Inputs,513,184,10424,0.024
2026-09-13 05:43:35.130,1,2,Read Discrete Inputs,4,12,52793,0.477
2026-09-13 05:43:35.154,1,2,Read Discrete Inputs,512,185,47289,0.024
2026-09-13 05:43:38.630,1,2,Read Discrete Inputs,4,12,52793,0.328
2026-09-13 05:43:38.654,1,2,Read Discrete Inputs,512,185,47289,0.024
2026-09-13 05:43:42.130,1,2,Read Discrete Inputs,4,12,52793,0.477
2026-09-13 05:43:42.155,1,2,Read Discrete Inputs,513,184,10424,0.025
2026-09-13 05:43:45.630,1,2,Read Discrete Inputs,4,12,52793,0.477
2026-09-13 05:43:45.655,1,2,Read Discrete Inputs,512,185,47289,0.025
2026-09-13 05:43:49.130,1,2,Read Discrete Inputs,4,12,52793,0.476
2026-09-13 05:43:49.155,1,2,Read Discrete Inputs,513,184,10424,0.025
2026-09-13 05:43:52.630,1,2,Read Discrete Inputs,4,12,52793,0.476
2026-09-13 05:43:52.655,1,2,Read Discrete Inputs,512,185,47289,0.025
2026-09-13 05:43:56.130,1,2,Read Discrete Inputs,4,12,52793,0.476
2026-09-13 05:43:56.155,1,2,Read Discrete Inputs,513,184,10424,0.025
2026-09-13 05:43:59.630,1,2,Read Discrete Inputs,4,12,52793,0.476
2026-09-13 05:43:59.655,1,2,Read Discrete Inputs,512,185,47289,0.025
2026-09-13 05:44:03.130,1,2,Read Discrete Inputs,4,12,52793,0.476
2026-09-13 05:44:03.155,1,2,Read Discrete Inputs,513,184,10424,0.025
2026-09-13 05:44:06.630,1,2,Read Discrete Inputs,4,12,52793,0.476
2026-09-13 05:44:06.655,1,2,Read Discrete Inputs,512,185,47289,0.025
2026-09-13 05:44:10.130,1,2,Read Discrete Inputs,4,12,52793,0.476
2026-09-13 05:44:10.155,1,2,Read Discrete Inputs,512,185,47289,0.025
2026-09-13 05:44:13.630,1,2,Read Discrete Inputs,4,12,52793,0.476
2026-09-13 05:44:13.655,1,2,Read Discrete Inputs,512,185,47289,0.025
2026-09-13 05:44:17.130,1,2,Read Discrete Inputs,4,12,52793,0.476
2026-09-13 05:44:17.155,1,2,Read Discrete Inputs,512,185,47289,0.025
2026-09-13 05:44:20.630,1,2,Read Discrete Inputs,4,12,52793,0.476
2026-09-13 05:44:20.655,1,2,Read Discrete Inputs,513,184,10424,0.025
2026-09-13 05:44:24.131,1,2,Read Discrete Inputs,4,12,52793,0.477
2026-09-13 05:44:24.155,1,2,Read Discrete Inputs,512,185,47289,0.024
2026-09-13 05:44:27.631,1,2,Read Discrete Inputs,4,12,52793,0.477
2026-09-13 05:44:27.655,1,2,Read Discrete Inputs,513,184,10424,0.024
2026-09-13 05:44:31.131,1,2,Read Discrete Inputs,4,12,52793,0.477
2026-09-13 05:44:31.155,1,2,Read Discrete Inputs,513,184,10424,0.024
2026-09-13 05:44:34.631,1,2,Read Discrete Inputs,4,12,52793,0.477
2026-09-13 05:44:34.656,1,2,Read Discrete Inputs,513,184,10424,0.025
2026-09-13 05:44:38.131,1,2,Read Discrete Inputs,4,12,52793,0.477
2026-09-13 05:44:38.156,1,2,Read Discrete Inputs,513,184,10424,0.025
2026-09-13 05:44:41.631,1,2,Read Discrete Inputs,4,12,52793,0.476
2026-09-13 05:44:41.656,1,2,Read Discrete Inputs,512,185,47289,0.025
2026-09-13 05:44:45.131,1,2,Read Discrete Inputs,4,12,52793,0.476
2026-09-13 05:44:45.156,1,2,Read Discrete Inputs,513,184,10424,0.025
2026-09-13 05:44:48.631,1,2,Read Discrete Inputs,4,12,52793,0.476
2026-09-13 05:44:48.656,1,2,Read Discrete Inputs,513,184,10424,0.025
2026-09-13 05:44:52.131,1,2,Read Discrete Inputs,4,12,52793,0.476
2026-09-13 05:44:52.156,1,2,Read Discrete Inputs,512,185,47289,0.025
2026-09-13 05:44:55.631,1,2,Read Discrete Inputs,4,12,52793,0.476
2026-09-13 05:44:55.656,1,2,Read Discrete Inputs,512,185,47289,0.025
2026-09-13 05:44:59.131,1,2,Read Discrete Inputs,4,12,52793,0.476
2026-09-13 05:44:59.156,1,2,Read Discrete Inputs,513,184,10424,0.025
2026-09-13 05:45:02.631,1,2,Read Discrete Inputs,4,12,52793,0.476
2026-09-13 05:45:02.656,1,2,Read Discrete Inputs,513,184,10424,0.025
2026-09-13 05:45:06.131,1,2,Read Discrete Inputs,4,12,52793,0.476
2026-09-13 05:45:06.156,1,2,Read Discrete Inputs,513,184,10424,0.025
2026-09-13 05:45:09.631,1,2,Read Discrete Inputs,4,12,52793,0.476
2026-09-13 05:45:09.656,1,2,Read Discrete Inputs,512,185,47289,0.025
2026-09-13 05:45:13.132,1,2,Read Discrete Inputs,4,12,52793,0.477
2026-09-13 05:45:13.156,1,2,Read Discrete Inputs,513,184,10424,0.024
2026-09-13 05:45:16.632,1,2,Read Discrete Inputs,4,12,52793,0.477
2026-09-13 05:45:16.656,1,2,Read Discrete Inputs,513,184,10424,0.024
2026-09-13 05:45:20.132,1,2,Read Discrete Inputs,4,12,52793,0.477
2026-09-13 05:45:20.156,1,2,Read Discrete Inputs,512,185,47289,0.024
2026-09-13 05:45:23.632,1,2,Read Discrete Inputs,4,12,52793,0.477
2026-09-13 05:45:23.657,1,2,Read Discrete Inputs,513,184,10424,0.025
2026-09-13 05:45:27.132,1,2,Read Discrete Inputs,4,12,52793,0.477
2026-09-13 05:45:27.157,1,2,Read Discrete Inputs,513,184,10424,0.025
2026-09-13 05:45:30.632,1,2,Read Discrete Inputs,4,12,52793,0.477
2026-09-13 05:45:30.657,1,2,Read Discrete Inputs,513,184,10424,0.025
2026-09-13 05:45:35.219,1,2,Read Discrete Inputs,4,12,52793,2.079
2026-09-13 05:45:35.245,1,2,Read Discrete Inputs,512,185,47289,0.026
2026-09-13 05:45:38.719,1,2,Read Discrete Inputs,4,12,52793,0.476
2026-09-13 05:45:38.744,1,2,Read Discrete Inputs,513,184,10424,0.025
2026-09-13 05:45:42.219,1,2,Read Discrete Inputs,4,12,52793,0.476
2026-09-13 05:45:42.244,1,2,Read Discrete Inputs,513,184,10424,0.025
2026-09-13 05:45:45.719,1,2,Read Discrete Inputs,4,12,52793,0.476
2026-09-13 05:45:45.744,1,2,Read Discrete Inputs,512,185,47289,0.025
2026-09-13 05:45:49.219,1,2,Read Discrete Inputs,4,12,52793,0.476
2026-09-13 05:45:49.244,1,2,Read Discrete Inputs,513,184,10424,0.025
2026-09-13 05:45:52.719,1,2,Read Discrete Inputs,4,12,52793,0.476
2026-09-13 05:45:52.744,1,2,Read Discrete Inputs,512,185,47289,0.025
2026-09-13 05:45:56.219,1,2,Read Discrete Inputs,4,12,52793,0.476
2026-09-13 05:45:56.244,1,2,Read Discrete Inputs,513,184,10424,0.025
2026-09-13 05:45:59.719,1,2,Read Discrete Inputs,4,12,52793,0.476
2026-09-13 05:45:59.744,1,2,Read Discrete Inputs,513,184,10424,0.025
2026-09-13 05:46:03.219,1,2,Read Discrete Inputs,4,12,52793,0.476
2026-09-13 05:46:03.244,1,2,Read Discrete Inputs,513,184,10424,0.025
2026-09-13 05:46:06.720,1,2,Read Discrete Inputs,4,12,52793,0.477
2026-09-13 05:46:06.744,1,2,Read Discrete Inputs,512,185,47289,0.024
2026-09-13 05:46:10.220,1,2,Read Discrete Inputs,4,12,52793,0.477
2026-09-13 05:46:10.244,1,2,Read Discrete Inputs,513,184,10424,0.024
2026-09-13 05:46:13.720,1,2,Read Discrete Inputs,4,12,52793,0.477
2026-09-13 05:46:13.744,1,2,Read Discrete Inputs,513,184,10424,0.024
2026-09-13 05:46:17.220,1,2,Read Discrete Inputs,4,12,52793,0.477
2026-09-13 05:46:17.245,1,2,Read Discrete Inputs,512,185,47289,0.025
2026-09-13 05:46:20.720,1,2,Read Discrete Inputs,4,12,52793,0.477
2026-09-13 05:46:20.745,1,2,Read Discrete Inputs,513,184,10424,0.025
2026-09-13 05:46:24.220,1,2,Read Discrete Inputs,4,12,52793,0.476
2026-09-13 05:46:24.245,1,2,Read Discrete Inputs,512,185,47289,0.025
2026-09-13 05:46:27.720,1,2,Read Discrete Inputs,4,12,52793,0.476
2026-09-13 05:46:27.745,1,2,Read Discrete Inputs,513,184,10424,0.025
2026-09-13 05:46:31.220,1,2,Read Discrete Inputs,4,12,52793,0.476
2026-09-13 05:46:31.245,1,2,Read Discrete Inputs,513,184,10424,0.025
2026-09-13 05:46:34.720,1,2,Read Discrete Inputs,4,12,52793,0.476
2026-09-13 05:46:34.745,1,2,Read Discrete Inputs,513,184,10424,0.025
2026-09-13 05:46:38.220,1,2,Read Discrete Inputs,4,12,52793,0.476
2026-09-13 05:46:38.245,1,2,Read Discrete Inputs,512,185,47289,0.025
2026-09-13 05:46:41.720,1,2,Read Discrete Inputs,4,12,52793,0.476
2026-09-13 05:46:41.745,1,2,Read Discrete Inputs,513,184,10424,0.025
2026-09-13 05:46:45.220,1,2,Read Discrete Inputs,4,12,52793,0.476
2026-09-13 05:46:45.245,1,2,Read Discrete Inputs,513,184,10424,0.025
2026-09-13 05:46:48.720,1,2,Read Discrete Inputs,4,12,52793,0.476
2026-09-13 05:46:48.745,1,2,Read Discrete Inputs,513,184,10424,0.025
2026-09-13 05:46:52.220,1,2,Read Discrete Inputs,4,12,52793,0.476
2026-09-13 05:46:52.245,1,2,Read Discrete Inputs,513,184,10424,0.025
2026-09-13 05:46:55.721,1,2,Read Discrete Inputs,4,12,52793,0.477
2026-09-13 05:46:55.745,1,2,Read Discrete Inputs,513,184,10424,0.024
2026-09-13 05:46:59.221,1,2,Read Discrete Inputs,4,12,52793,0.477
2026-09-13 05:46:59.245,1,2,Read Discrete Inputs,512,185,47289,0.024
2026-09-13 05:47:02.721,1,2,Read Discrete Inputs,4,12,52793,0.477
2026-09-13 05:47:02.745,1,2,Read Discrete Inputs,512,185,47289,0.024
2026-09-13 05:47:06.221,1,2,Read Discrete Inputs,4,12,52793,0.477
2026-09-13 05:47:06.245,1,2,Read Discrete Inputs,512,185,47289,0.024
2026-09-13 05:47:09.721,1,2,Read Discrete Inputs,4,12,52793,0.477
2026-09-13 05:47:09.746,1,2,Read Discrete Inputs,513,184,10424,0.025
2026-09-13 05:47:13.221,1,2,Read Discrete Inputs,4,12,52793,0.477
2026-09-13 05:47:13.246,1,2,Read Discrete Inputs,512,185,47289,0.025
2026-09-13 05:47:16.721,1,2,Read Discrete Inputs,4,12,52793,0.477
2026-09-13 05:47:16.746,1,2,Read Discrete Inputs,513,184,10424,0.025
2026-09-13 05:47:20.221,1,2,Read Discrete Inputs,4,12,52793,0.476
2026-09-13 05:47:20.246,1,2,Read Discrete Inputs,512,185,47289,0.025
2026-09-13 05:47:23.721,1,2,Read Discrete Inputs,4,12,52793,0.476
2026-09-13 05:47:23.746,1,2,Read Discrete Inputs,512,185,47289,0.025
2026-09-13 05:47:27.221,1,2,Read Discrete Inputs,4,12,52793,0.476
2026-09-13 05:47:27.246,1,2,Read Discrete Inputs,513,184,10424,0.025
2026-09-13 05:47:30.721,1,2,Read Discrete Inputs,4,12,52793,0.476
2026-09-13 05:47:30.746,1,2,Read Discrete Inputs,512,185,47289,0.025
2026-09-13 05:47:34.221,1,2,Read Discrete Inputs,4,12,52793,0.476
2026-09-13 05:47:34.246,1,2,Read Discrete Inputs,513,184,10424,0.025
2026-09-13 05:47:37.721,1,2,Read Discrete Inputs,4,12,52793,0.476
2026-09-13 05:47:37.746,1,2,Read Discrete Inputs,513,184,10424,0.025
2026-09-13 05:47:41.221,1,2,Read Discrete Inputs,4,12,52793,0.476
2026-09-13 05:47:41.246,1,2,Read Discrete Inputs,512,185,47289,0.025
2026-09-13 05:47:44.721,1,2,Read Discrete Inputs,4,12,52793,0.476
2026-09-13 05:47:44.746,1,2,Read Discrete Inputs,513,184,10424,0.025
2026-09-13 05:47:48.222,1,2,Read Discrete Inputs,4,12,52793,0.477
2026-09-13 05:47:48.246,1,2,Read Discrete Inputs,512,185,47289,0.024
2026-09-13 05:47:51.722,1,2,Read Discrete Inputs,4,12,52793,0.477
2026-09-13 05:47:51.746,1,2,Read Discrete Inputs,512,185,47289,0.024
2026-09-13 05:47:55.222,1,2,Read Discrete Inputs,4,12,52793,0.477
2026-09-13 05:47:55.246,1,2,Read Discrete Inputs,512,185,47289,0.024
2026-09-13 05:47:58.722,1,2,Read Discrete Inputs,4,12,52793,0.477
2026-09-13 05:47:58.747,1,2,Read Discrete Inputs,512,185,47289,0.025
2026-09-13 05:48:02.222,1,2,Read Discrete Inputs,4,12,52793,0.477
2026-09-13 05:48:02.247,1,2,Read Discrete Inputs,512,185,47289,0.025
2026-09-13 05:48:05.722,1,2,Read Discrete Inputs,4,12,52793,0.477
2026-09-13 05:48:05.747,1,2,Read Discrete Inputs,512,185,47289,0.025
2026-09-13 05:48:09.222,1,2,Read Discrete Inputs,4,12,52793,0.476
2026-09-13 05:48:09.247,1,2,Read Discrete Inputs,513,184,10424,0.025
2026-09-13 05:48:12.722,1,2,Read Discrete Inputs,4,12,52793,0.476
2026-09-13 05:48:12.747,1,2,Read Discrete Inputs,512,185,47289,0.025
2026-09-13 05:48:16.222,1,2,Read Discrete Inputs,4,12,52793,0.476
2026-09-13 05:48:16.247,1,2,Read Discrete Inputs,513,184,10424,0.025
2026-09-13 05:48:19.722,1,2,Read Discrete Inputs,4,12,52793,0.476
2026-09-13 05:48:19.747,1,2,Read Discrete Inputs,512,185,47289,0.025
2026-09-13 05:48:23.222,1,2,Read Discrete Inputs,4,12,52793,0.476
2026-09-13 05:48:23.247,1,2,Read Discrete Inputs,512,185,47289,0.025
2026-09-13 05:48:26.722,1,2,Read Discrete Inputs,4,12,52793,0.476
2026-09-13 05:48:26.747,1,2,Read Discrete Inputs,512,185,47289,0.025
2026-09-13 05:48:30.222,1,2,Read Discrete Inputs,4,12,52793,0.476
2026-09-13 05:48:30.247,1,2,Read Discrete Inputs,513,184,10424,0.025
2026-09-13 05:48:33.722,1,2,Read Discrete Inputs,4,12,52793,0.476
2026-09-13 05:48:33.747,1,2,Read Discrete Inputs,513,184,10424,0.025
2026-09-13 05:48:37.222,1,2,Read Discrete Inputs,4,12,52793,0.476
2026-09-13 05:48:37.247,1,2,Read Discrete Inputs,513,184,10424,0.025
2026-09-13 05:48:40.723,1,2,Read Discrete Inputs,4,12,52793,0.477
2026-09-13 05:48:40.747,1,2,Read Discrete Inputs,512,185,47289,0.024
2026-09-13 05:48:44.223,1,2,Read Discrete Inputs,4,12,52793,0.477
2026-09-13 05:48:44.247,1,2,Read Discrete Inputs,513,184,10424,0.024
2026-09-13 05:48:47.723,1,2,Read Discrete Inputs,4,12,52793,0.477
2026-09-13 05:48:47.747,1,2,Read Discrete Inputs,512,185,47289,0.024
2026-09-13 05:48:51.223,1,2,Read Discrete Inputs,4,12,52793,0.477
2026-09-13 05:48:51.248,1,2,Read Discrete Inputs,512,185,47289,0.025
2026-09-13 05:48:54.723,1,2,Read Discrete Inputs,4,12,52793,0.477
2026-09-13 05:48:54.748,1,2,Read Discrete Inputs,513,184,10424,0.025
2026-09-13 05:48:58.223,1,2,Read Discrete Inputs,4,12,52793,0.477
2026-09-13 05:48:58.248,1,2,Read Discrete Inputs,513,184,10424,0.025
2026-09-13 05:49:01.723,1,2,Read Discrete Inputs,4,12,52793,0.477
2026-09-13 05:49:01.748,1,2,Read Discrete Inputs,513,184,10424,0.025
2026-09-13 05:49:05.223,1,2,Read Discrete Inputs,4,12,52793,0.476
2026-09-13 05:49:05.248,1,2,Read Discrete Inputs,512,185,47289,0.025
2026-09-13 05:49:08.723,1,2,Read Discrete Inputs,4,12,52793,0.476
2026-09-13 05:49:08.748,1,2,Read Discrete Inputs,513,184,10424,0.025
2026-09-13 05:49:12.223,1,2,Read Discrete Inputs,4,12,52793,0.476
2026-09-13 05:49:12.248,1,2,Read Discrete Inputs,513,184,10424,0.025
2026-09-13 05:49:15.723,1,2,Read Discrete Inputs,4,12,52793,0.476
2026-09-13 05:49:15.748,1,2,Read Discrete Inputs,512,185,47289,0.025
2026-09-13 05:49:19.223,1,2,Read Discrete Inputs,4,12,52793,0.476
2026-09-13 05:49:19.248,1,2,Read Discrete Inputs,513,184,10424,0.025
2026-09-13 05:49:22.723,1,2,Read Discrete Inputs,4,12,52793,0.476
2026-09-13 05:49:22.748,1,2,Read Discrete Inputs,513,184,10424,0.025
2026-09-13 05:49:26.223,1,2,Read Discrete Inputs,4,12,52793,0.476
2026-09-13 05:49:26.248,1,2,Read Discrete Inputs,512,185,47289,0.025
2026-09-13 05:49:29.723,1,2,Read Discrete Inputs,4,12,52793,0.476
2026-09-13 05:49:29.748,1,2,Read Discrete Inputs,512,185,47289,0.025
2026-09-13 05:49:33.224,1,2,Read Discrete Inputs,4,12,52793,0.477
2026-09-13 05:49:33.248,1,2,Read Discrete Inputs,513,184,10424,0.024
2026-09-13 05:49:36.724,1,2,Read Discrete Inputs,4,12,52793,0.477
2026-09-13 05:49:36.748,1,2,Read Discrete Inputs,512,185,47289,0.024
2026-09-13 05:49:40.224,1,2,Read Discrete Inputs,4,12,52793,0.477
2026-09-13 05:49:40.248,1,2,Read Discrete Inputs,512,185,47289,0.024
2026-09-13 05:49:43.724,1,2,Read Discrete Inputs,4,12,52793,0.227
2026-09-13 05:49:43.748,1,2,Read Discrete Inputs,513,184,10424,0.024
2026-09-13 05:49:47.224,1,2,Read Discrete Inputs,4,12,52793,0.477
2026-09-13 05:49:47.249,1,2,Read Discrete Inputs,512,185,47289,0.025
2026-09-13 05:49:50.724,1,2,Read Discrete Inputs,4,12,52793,0.477
2026-09-13 05:49:50.749,1,2,Read Discrete Inputs,512,185,47289,0.025
2026-09-13 05:49:54.224,1,2,Read Discrete Inputs,4,12,52793,0.476
2026-09-13 05:49:54.249,1,2,Read Discrete Inputs,512,185,47289,0.025
2026-09-13 05:49:57.994,1,2,Read Discrete Inputs,4,12,52793,0.024
2026-09-13 05:49:58.019,1,2,Read Discrete Inputs,513,184,10424,0.025
2026-09-13 05:50:01.493,1,2,Read Discrete Inputs,4,12,52793,0.476
2026-09-13 05:50:01.518,1,2,Read Discrete Inputs,512,185,47289,0.025
2026-09-13 05:50:04.993,1,2,Read Discrete Inputs,4,12,52793,0.476
2026-09-13 05:50:05.018,1,2,Read Discrete Inputs,512,185,47289,0.025
2026-09-13 05:50:08.493,1,2,Read Discrete Inputs,4,12,52793,0.476
2026-09-13 05:50:08.518,1,2,Read Discrete Inputs,513,184,10424,0.025
2026-09-13 05:50:11.993,1,2,Read Discrete Inputs,4,12,52793,0.476
2026-09-13 05:50:12.018,1,2,Read Discrete Inputs,513,184,10424,0.025
2026-09-13 05:50:15.493,1,2,Read Discrete Inputs,4,12,52793,0.476
2026-09-13 05:50:15.518,1,2,Read Discrete Inputs,513,184,10424,0.025
2026-09-13 05:50:18.993,1,2,Read Discrete Inputs,4,12,52793,0.476
2026-09-13 05:50:19.018,1,2,Read Discrete Inputs,512,185,47289,0.025
2026-09-13 05:50:22.493,1,2,Read Discrete Inputs,4,12,52793,0.476
2026-09-13 05:50:22.518,1,2,Read Discrete Inputs,513,184,10424,0.025
2026-09-13 05:50:25.994,1,2,Read Discrete Inputs,4,12,52793,0.477
2026-09-13 05:50:26.018,1,2,Read Discrete Inputs,512,185,47289,0.024
2026-09-13 05:50:29.494,1,2,Read Discrete Inputs,4,12,52793,0.477
2026-09-13 05:50:29.518,1,2,Read Discrete Inputs,512,185,47289,0.024
2026-09-13 05:50:32.994,1,2,Read Discrete Inputs,4,12,52793,0.477
2026-09-13 05:50:33.018,1,2,Read Discrete Inputs,513,184,10424,0.024
2026-09-13 05:50:36.494,1,2,Read Discrete Inputs,4,12,52793,0.477
2026-09-13 05:50:36.519,1,2,Read Discrete Inputs,513,184,10424,0.025
2026-09-13 05:50:39.994,1,2,Read Discrete Inputs,4,12,52793,0.477
2026-09-13 05:50:40.019,1,2,Read Discrete Inputs,512,185,47289,0.025
2026-09-13 05:50:43.494,1,2,Read Discrete Inputs,4,12,52793,0.476
2026-09-13 05:50:43.519,1,2,Read Discrete Inputs,513,184,10424,0.025
2026-09-13 05:50:46.994,1,2,Read Discrete Inputs,4,12,52793,0.476
2026-09-13 05:50:47.019,1,2,Read Discrete Inputs,513,184,10424,0.025
2026-09-13 05:50:50.494,1,2,Read Discrete Inputs,4,12,52793,0.476
2026-09-13 05:50:50.519,1,2,Read Discrete Inputs,513,184,10424,0.025
2026-09-13 05:50:53.994,1,2,Read Discrete Inputs,4,12,52793,0.476
2026-09-13 05:50:54.019,1,2,Read Discrete Inputs,513,184,10424,0.025
2026-09-13 05:50:57.494,1,2,Read Discrete Inputs,4,12,52793,0.476
2026-09-13 05:50:57.519,1,2,Read Discrete Inputs,513,184,10424,0.025
2026-09-13 05:51:00.994,1,2,Read Discrete Inputs,4,12,52793,0.476
2026-09-13 05:51:01.019,1,2,Read Discrete Inputs,512,185,47289,0.025
2026-09-13 05:51:04.494,1,2,Read Discrete Inputs,4,12,52793,0.476
2026-09-13 05:51:04.519,1,2,Read Discrete Inputs,512,185,47289,0.025
2026-09-13 05:51:07.994,1,2,Read Discrete Inputs,4,12,52793,0.476
2026-09-13 05:51:08.019,1,2,Read Discrete Inputs,512,185,47289,0.025
2026-09-13 05:51:11.494,1,2,Read Discrete Inputs,4,12,52793,0.476
2026-09-13 05:51:11.519,1,2,Read Discrete Inputs,513,184,10424,0.025
2026-09-13 05:51:14.995,1,2,Read Discrete Inputs,4,12,52793,0.383
2026-09-13 05:51:15.020,1,2,Read Discrete Inputs,513,184,10424,0.025
2026-09-13 05:51:18.495,1,2,Read Discrete Inputs,4,12,52793,0.477
2026-09-13 05:51:18.519,1,2,Read Discrete Inputs,513,184,10424,0.024
2026-09-13 05:51:21.995,1,2,Read Discrete Inputs,4,12,52793,0.477
2026-09-13 05:51:22.019,1,2,Read Discrete Inputs,513,184,10424,0.024
2026-09-13 05:51:25.495,1,2,Read Discrete Inputs,4,12,52793,0.477
2026-09-13 05:51:25.519,1,2,Read Discrete Inputs,513,184,10424,0.024
2026-09-13 05:51:28.995,1,2,Read Discrete Inputs,4,12,52793,0.477
2026-09-13 05:51:29.020,1,2,Read Discrete Inputs,513,184,10424,0.025
2026-09-13 05:51:32.495,1,2,Read Discrete Inputs,4,12,52793,0.477
2026-09-13 05:51:32.520,1,2,Read Discrete Inputs,513,184,10424,0.025
2026-09-13 05:51:35.995,1,2,Read Discrete Inputs,4,12,52793,0.476
2026-09-13 05:51:36.020,1,2,Read Discrete Inputs,513,184,10424,0.025
2026-09-13 05:51:39.495,1,2,Read Discrete Inputs,4,12,52793,0.476
2026-09-13 05:51:39.520,1,2,Read Discrete Inputs,512,185,47289,0.025
2026-09-13 05:51:42.995,1,2,Read Discrete Inputs,4,12,52793,0.476
2026-09-13 05:51:43.020,1,2,Read Discrete Inputs,512,185,47289,0.025
2026-09-13 05:51:46.495,1,2,Read Discrete Inputs,4,12,52793,0.476
2026-09-13 05:51:46.520,1,2,Read Discrete Inputs,512,185,47289,0.025
2026-09-13 05:51:49.995,1,2,Read Discrete Inputs,4,12,52793,0.476
2026-09-13 05:51:50.020,1,2,Read Discrete Inputs,512,185,47289,0.025
2026-09-13 05:51:53.495,1,2,Read Discrete Inputs,4,12,52793,0.476
2026-09-13 05:51:53.520,1,2,Read Discrete Inputs,513,184,10424,0.025
2026-09-13 05:51:56.995,1,2,Read Discrete Inputs,4,12,52793,0.476
2026-09-13 05:51:57.020,1,2,Read Discrete Inputs,512,185,47289,0.025
2026-09-13 05:52:00.495,1,2,Read Discrete Inputs,4,12,52793,0.476
2026-09-13 05:52:00.520,1,2,Read Discrete Inputs,512,185,47289,0.025
2026-09-13 05:52:03.995,1,2,Read Discrete Inputs,4,12,52793,0.476
2026-09-13 05:52:04.020,1,2,Read Discrete Inputs,513,184,10424,0.025
2026-09-13 05:52:07.496,1,2,Read Discrete Inputs,4,12,52793,0.477
2026-09-13 05:52:07.520,1,2,Read Discrete Inputs,512,185,47289,0.024
2026-09-13 05:52:10.996,1,2,Read Discrete Inputs,4,12,52793,0.477
2026-09-13 05:52:11.020,1,2,Read Discrete Inputs,513,184,10424,0.024
2026-09-13 05:52:14.496,1,2,Read Discrete Inputs,4,12,52793,0.477
2026-09-13 05:52:14.520,1,2,Read Discrete Inputs,512,185,47289,0.024
2026-09-13 05:52:17.996,1,2,Read Discrete Inputs,4,12,52793,0.477
2026-09-13 05:52:18.020,1,2,Read Discrete Inputs,512,185,47289,0.024
2026-09-13 05:52:21.496,1,2,Read Discrete Inputs,4,12,52793,0.477
2026-09-13 05:52:21.521,1,2,Read Discrete Inputs,512,185,47289,0.025
2026-09-13 05:52:24.996,1,2,Read Discrete Inputs,4,12,52793,0.477
2026-09-13 05:52:25.021,1,2,Read Discrete Inputs,513,184,10424,0.025
2026-09-13 05:52:28.496,1,2,Read Discrete Inputs,4,12,52793,0.477
2026-09-13 05:52:28.521,1,2,Read Discrete Inputs,512,185,47289,0.025
2026-09-13 05:52:31.996,1,2,Read Discrete Inputs,4,12,52793,0.477
2026-09-13 05:52:32.021,1,2,Read Discrete Inputs,512,185,47289,0.025
2026-09-13 05:52:35.496,1,2,Read Discrete Inputs,4,12,52793,0.476
2026-09-13 05:52:35.521,1,2,Read Discrete Inputs,513,184,10424,0.025
2026-09-13 05:52:38.996,1,2,Read Discrete Inputs,4,12,52793,0.476
2026-09-13 05:52:39.021,1,2,Read Discrete Inputs,513,184,10424,0.025
2026-09-13 05:52:42.496,1,2,Read Discrete Inputs,4,12,52793,0.476
2026-09-13 05:52:42.521,1,2,Read Discrete Inputs,512,185,47289,0.025
2026-09-13 05:52:45.996,1,2,Read Discrete Inputs,4,12,52793,0.476
2026-09-13 05:52:46.021,1,2,Read Discrete Inputs,513,184,10424,0.025
2026-09-13 05:52:49.496,1,2,Read Discrete Inputs,4,12,52793,0.476
2026-09-13 05:52:49.521,1,2,Read Discrete Inputs,512,185,47289,0.025
2026-09-13 05:52:52.996,1,2,Read Discrete Inputs,4,12,52793,0.476
2026-09-13 05:52:53.021,1,2,Read Discrete Inputs,512,185,47289,0.025
2026-09-13 05:52:56.497,1,2,Read Discrete Inputs,4,12,52793,0.477
2026-09-13 05:52:56.521,1,2,Read Discrete Inputs,513,184,10424,0.024
2026-09-13 05:52:59.997,1,2,Read Discrete Inputs,4,12,52793,0.477
2026-09-13 05:53:00.021,1,2,Read Discrete Inputs,513,184,10424,0.024
2026-09-13 05:53:03.497,1,2,Read Discrete Inputs,4,12,52793,0.477
2026-09-13 05:53:03.521,1,2,Read Discrete Inputs,513,184,10424,0.024
2026-09-13 05:53:06.997,1,2,Read Discrete Inputs,4,12,52793,0.19
2026-09-13 05:53:07.021,1,2,Read Discrete Inputs,513,184,10424,0.024
2026-09-13 05:53:10.497,1,2,Read Discrete Inputs,4,12,52793,0.477
2026-09-13 05:53:10.522,1,2,Read Discrete Inputs,513,184,10424,0.025
2026-09-13 05:53:13.997,1,2,Read Discrete Inputs,4,12,52793,0.477
2026-09-13 05:53:14.022,1,2,Read Discrete Inputs,513,184,10424,0.025
2026-09-13 05:53:17.497,1,2,Read Discrete Inputs,4,12,52793,0.477
2026-09-13 05:53:17.522,1,2,Read Discrete Inputs,512,185,47289,0.025
2026-09-13 05:53:20.997,1,2,Read Discrete Inputs,4,12,52793,0.476
2026-09-13 05:53:21.022,1,2,Read Discrete Inputs,512,185,47289,0.025
2026-09-13 05:53:24.497,1,2,Read Discrete Inputs,4,12,52793,0.476
2026-09-13 05:53:24.522,1,2,Read Discrete Inputs,512,185,47289,0.025
2026-09-13 05:53:27.997,1,2,Read Discrete Inputs,4,12,52793,0.476
2026-09-13 05:53:28.022,1,2,Read Discrete Inputs,512,185,47289,0.025
2026-09-13 05:53:31.497,1,2,Read Discrete Inputs,4,12,52793,0.476
2026-09-13 05:53:31.522,1,2,Read Discrete Inputs,513,184,10424,0.025
2026-09-13 05:53:34.997,1,2,Read Discrete Inputs,4,12,52793,0.476
2026-09-13 05:53:35.022,1,2,Read Discrete Inputs,513,184,10424,0.025
2026-09-13 05:53:38.497,1,2,Read Discrete Inputs,4,12,52793,0.476
2026-09-13 05:53:38.522,1,2,Read Discrete Inputs,512,185,47289,0.025
2026-09-13 05:53:41.997,1,2,Read Discrete Inputs,4,12,52793,0.426
2026-09-13 05:53:42.022,1,2,Read Discrete Inputs,512,185,47289,0.025
2026-09-13 05:53:45.497,1,2,Read Discrete Inputs,4,12,52793,0.476
2026-09-13 05:53:45.522,1,2,Read Discrete Inputs,513,184,10424,0.025
2026-09-13 05:53:48.998,1,2,Read Discrete Inputs,4,12,52793,0.477
2026-09-13 05:53:49.022,1,2,Read Discrete Inputs,512,185,47289,0.024
2026-09-13 05:53:52.498,1,2,Read Discrete Inputs,4,12,52793,0.477
2026-09-13 05:53:52.522,1,2,Read Discrete Inputs,512,185,47289,0.024
2026-09-13 05:53:55.998,1,2,Read Discrete Inputs,4,12,52793,0.477
2026-09-13 05:53:56.022,1,2,Read Discrete Inputs,513,184,10424,0.024
2026-09-13 05:53:59.498,1,2,Read Discrete Inputs,4,12,52793,0.477
2026-09-13 05:53:59.523,1,2,Read Discrete Inputs,512,185,47289,0.025
2026-09-13 05:54:02.998,1,2,Read Discrete Inputs,4,12,52793,0.477
2026-09-13 05:54:03.023,1,2,Read Discrete Inputs,513,184,10424,0.025
2026-09-13 05:54:06.498,1,2,Read Discrete Inputs,4,12,52793,0.477
2026-09-13 05:54:06.523,1,2,Read Discrete Inputs,513,184,10424,0.025
2026-09-13 05:54:09.998,1,2,Read Discrete Inputs,4,12,52793,0.477
2026-09-13 05:54:10.023,1,2,Read Discrete Inputs,513,184,10424,0.025
2026-09-13 05:54:13.498,1,2,Read Discrete Inputs,4,12,52793,0.476
2026-09-13 05:54:13.523,1,2,Read Discrete Inputs,512,185,47289,0.025
2026-09-13 05:54:17.316,1,2,Read Discrete Inputs,4,12,52793,0.023
2026-09-13 05:54:17.341,1,2,Read Discrete Inputs,512,185,47289,0.025
2026-09-13 05:54:20.816,1,2,Read Discrete Inputs,4,12,52793,0.476
2026-09-13 05:54:20.841,1,2,Read Discrete Inputs,512,185,47289,0.025
2026-09-13 05:54:24.316,1,2,Read Discrete Inputs,4,12,52793,0.476
2026-09-13 05:54:24.341,1,2,Read Discrete Inputs,513,184,10424,0.025
2026-09-13 05:54:27.816,1,2,Read Discrete Inputs,4,12,52793,0.476
2026-09-13 05:54:27.841,1,2,Read Discrete Inputs,512,185,47289,0.025
2026-09-13 05:54:31.316,1,2,Read Discrete Inputs,4,12,52793,0.476
2026-09-13 05:54:31.341,1,2,Read Discrete Inputs,512,185,47289,0.025
2026-09-13 05:54:34.816,1,2,Read Discrete Inputs,4,12,52793,0.476
2026-09-13 05:54:34.841,1,2,Read Discrete Inputs,513,184,10424,0.025
2026-09-13 05:54:38.316,1,2,Read Discrete Inputs,4,12,52793,0.476
2026-09-13 05:54:38.341,1,2,Read Discrete Inputs,512,185,47289,0.025
2026-09-13 05:54:41.817,1,2,Read Discrete Inputs,4,12,52793,0.477
2026-09-13 05:54:41.841,1,2,Read Discrete Inputs,512,185,47289,0.024
2026-09-13 05:54:45.317,1,2,Read Discrete Inputs,4,12,52793,0.477
2026-09-13 05:54:45.341,1,2,Read Discrete Inputs,512,185,47289,0.024
2026-09-13 05:54:48.817,1,2,Read Discrete Inputs,4,12,52793,0.477
2026-09-13 05:54:48.841,1,2,Read Discrete Inputs,513,184,10424,0.024
2026-09-13 05:54:52.317,1,2,Read Discrete Inputs,4,12,52793,0.477
2026-09-13 05:54:52.341,1,2,Read Discrete Inputs,513,184,10424,0.024
2026-09-13 05:54:55.817,1,2,Read Discrete Inputs,4,12,52793,0.477
2026-09-13 05:54:55.842,1,2,Read Discrete Inputs,513,184,10424,0.025
2026-09-13 05:54:59.317,1,2,Read Discrete Inputs,4,12,52793,0.477
2026-09-13 05:54:59.342,1,2,Read Discrete Inputs,512,185,47289,0.025
2026-09-13 05:55:02.817,1,2,Read Discrete Inputs,4,12,52793,0.476
2026-09-13 05:55:02.842,1,2,Read Discrete Inputs,512,185,47289,0.025
2026-09-13 05:55:06.317,1,2,Read Discrete Inputs,4,12,52793,0.476
2026-09-13 05:55:06.342,1,2,Read Discrete Inputs,512,185,47289,0.025
2026-09-13 05:55:09.817,1,2,Read Discrete Inputs,4,12,52793,0.476
2026-09-13 05:55:09.842,1,2,Read Discrete Inputs,512,185,47289,0.025
2026-09-13 05:55:13.317,1,2,Read Discrete Inputs,4,12,52793,0.476
2026-09-13 05:55:13.342,1,2,Read Discrete Inputs,513,184,10424,0.025
2026-09-13 05:55:16.817,1,2,Read Discrete Inputs,4,12,52793,0.476
2026-09-13 05:55:16.842,1,2,Read Discrete Inputs,512,185,47289,0.025
2026-09-13 05:55:20.317,1,2,Read Discrete Inputs,4,12,52793,0.476
2026-09-13 05:55:20.342,1,2,Read Discrete Inputs,512,185,47289,0.025
2026-09-13 05:55:23.817,1,2,Read Discrete Inputs,4,12,52793,0.476
2026-09-13 05:55:23.842,1,2,Read Discrete Inputs,512,185,47289,0.025
2026-09-13 05:55:27.317,1,2,Read Discrete Inputs,4,12,52793,0.476
2026-09-13 05:55:27.342,1,2,Read Discrete Inputs,513,184,10424,0.025
2026-09-13 05:55:30.817,1,2,Read Discrete Inputs,4,12,52793,0.476
2026-09-13 05:55:30.842,1,2,Read Discrete Inputs,513,184,10424,0.025
2026-09-13 05:55:34.318,1,2,Read Discrete Inputs,4,12,52793,0.477
2026-09-13 05:55:34.342,1,2,Read Discrete Inputs,513,184,10424,0.024
2026-09-13 05:55:37.818,1,2,Read Discrete Inputs,4,12,52793,0.477
2026-09-13 05:55:37.842,1,2,Read Discrete Inputs,513,184,10424,0.024
2026-09-13 05:55:41.318,1,2,Read Discrete Inputs,4,12,52793,0.053
2026-09-13 05:55:41.342,1,2,Read Discrete Inputs,512,185,47289,0.024
2026-09-13 05:55:44.818,1,2,Read Discrete Inputs,4,12,52793,0.477
2026-09-13 05:55:44.843,1,2,Read Discrete Inputs,512,185,47289,0.025
2026-09-13 05:55:48.318,1,2,Read Discrete Inputs,4,12,52793,0.477
2026-09-13 05:55:48.343,1,2,Read Discrete Inputs,513,184,10424,0.025
2026-09-13 05:55:51.818,1,2,Read Discrete Inputs,4,12,52793,0.477
2026-09-13 05:55:51.843,1,2,Read Discrete Inputs,513,184,10424,0.025
2026-09-13 05:55:55.318,1,2,Read Discrete Inputs,4,12,52793,0.476
2026-09-13 05:55:55.343,1,2,Read Discrete Inputs,512,185,47289,0.025
2026-09-13 05:55:58.818,1,2,Read Discrete Inputs,4,12,52793,0.476
2026-09-13 05:55:58.843,1,2,Read Discrete Inputs,512,185,47289,0.025
2026-09-13 05:56:02.318,1,2,Read Discrete Inputs,4,12,52793,0.476
2026-09-13 05:56:02.343,1,2,Read Discrete Inputs,512,185,47289,0.025
2026-09-13 05:56:05.818,1,2,Read Discrete Inputs,4,12,52793,0.476
2026-09-13 05:56:05.843,1,2,Read Discrete Inputs,513,184,10424,0.025
2026-09-13 05:56:09.318,1,2,Read Discrete Inputs,4,12,52793,0.476
2026-09-13 05:56:09.343,1,2,Read Discrete Inputs,512,185,47289,0.025
2026-09-13 05:56:12.818,1,2,Read Discrete Inputs,4,12,52793,0.476
2026-09-13 05:56:12.843,1,2,Read Discrete Inputs,512,185,47289,0.025
2026-09-13 05:56:16.318,1,2,Read Discrete Inputs,4,12,52793,0.476
2026-09-13 05:56:16.343,1,2,Read Discrete Inputs,512,185,47289,0.025
2026-09-13 05:56:19.818,1,2,Read Discrete Inputs,4,12,52793,0.476
2026-09-13 05:56:19.843,1,2,Read Discrete Inputs,513,184,10424,0.025
2026-09-13 05:56:23.319,1,2,Read Discrete Inputs,4,12,52793,0.477
2026-09-13 05:56:23.343,1,2,Read Discrete Inputs,513,184,10424,0.024
2026-09-13 05:56:26.819,1,2,Read Discrete Inputs,4,12,52793,0.477
2026-09-13 05:56:26.843,1,2,Read Discrete Inputs,513,184,10424,0.024
2026-09-13 05:56:30.319,1,2,Read Discrete Inputs,4,12,52793,0.477
2026-09-13 05:56:30.343,1,2,Read Discrete Inputs,513,184,10424,0.024
2026-09-13 05:56:33.819,1,2,Read Discrete Inputs,4,12,52793,0.477
2026-09-13 05:56:33.843,1,2,Read Discrete Inputs,512,185,47289,0.024
2026-09-13 05:56:37.319,1,2,Read Discrete Inputs,4,12,52793,0.477
2026-09-13 05:56:37.344,1,2,Read Discrete Inputs,512,185,47289,0.025
2026-09-13 05:56:40.819,1,2,Read Discrete Inputs,4,12,52793,0.477
2026-09-13 05:56:40.844,1,2,Read Discrete Inputs,512,185,47289,0.025
2026-09-13 05:56:44.319,1,2,Read Discrete Inputs,4,12,52793,0.476
2026-09-13 05:56:44.344,1,2,Read Discrete Inputs,513,184,10424,0.025
2026-09-13 05:56:47.819,1,2,Read Discrete Inputs,4,12,52793,0.476
2026-09-13 05:56:47.844,1,2,Read Discrete Inputs,512,185,47289,0.025
2026-09-13 05:56:51.319,1,2,Read Discrete Inputs,4,12,52793,0.476
2026-09-13 05:56:51.344,1,2,Read Discrete Inputs,512,185,47289,0.025
2026-09-13 05:56:54.819,1,2,Read Discrete Inputs,4,12,52793,0.476
2026-09-13 05:56:54.844,1,2,Read Discrete Inputs,512,185,47289,0.025
2026-09-13 05:56:58.319,1,2,Read Discrete Inputs,4,12,52793,0.476
2026-09-13 05:56:58.344,1,2,Read Discrete Inputs,512,185,47289,0.025
2026-09-13 05:57:01.819,1,2,Read Discrete Inputs,4,12,52793,0.476
2026-09-13 05:57:01.844,1,2,Read Discrete Inputs,513,184,10424,0.025
2026-09-13 05:57:05.319,1,2,Read Discrete Inputs,4,12,52793,0.476
2026-09-13 05:57:05.344,1,2,Read Discrete Inputs,512,185,47289,0.025
2026-09-13 05:57:08.819,1,2,Read Discrete Inputs,4,12,52793,0.366
2026-09-13 05:57:08.844,1,2,Read Discrete Inputs,512,185,47289,0.025
2026-09-13 05:57:12.319,1,2,Read Discrete Inputs,4,12,52793,0.476
2026-09-13 05:57:12.344,1,2,Read Discrete Inputs,512,185,47289,0.025
2026-09-13 05:57:15.820,1,2,Read Discrete Inputs,4,12,52793,0.477
2026-09-13 05:57:15.844,1,2,Read Discrete Inputs,512,185,47289,0.024
2026-09-13 05:57:19.320,1,2,Read Discrete Inputs,4,12,52793,0.477
2026-09-13 05:57:19.344,1,2,Read Discrete Inputs,512,185,47289,0.024
2026-09-13 05:57:22.820,1,2,Read Discrete Inputs,4,12,52793,0.477
2026-09-13 05:57:22.844,1,2,Read Discrete Inputs,512,185,47289,0.024
2026-09-13 05:57:26.320,1,2,Read Discrete Inputs,4,12,52793,0.477
2026-09-13 05:57:26.345,1,2,Read Discrete Inputs,512,185,47289,0.025
2026-09-13 05:57:29.820,1,2,Read Discrete Inputs,4,12,52793,0.477
2026-09-13 05:57:29.845,1,2,Read Discrete Inputs,513,184,10424,0.025
2026-09-13 05:57:33.320,1,2,Read Discrete Inputs,4,12,52793,0.476
2026-09-13 05:57:33.345,1,2,Read Discrete Inputs,513,184,10424,0.025
2026-09-13 05:57:36.820,1,2,Read Discrete Inputs,4,12,52793,0.476
2026-09-13 05:57:36.845,1,2,Read Discrete Inputs,512,185,47289,0.025
2026-09-13 05:57:40.320,1,2,Read Discrete Inputs,4,12,52793,0.476
2026-09-13 05:57:40.345,1,2,Read Discrete Inputs,512,185,47289,0.025
2026-09-13 05:57:43.820,1,2,Read Discrete Inputs,4,12,52793,0.476
2026-09-13 05:57:43.845,1,2,Read Discrete Inputs,512,185,47289,0.025
2026-09-13 05:57:47.320,1,2,Read Discrete Inputs,4,12,52793,0.476
2026-09-13 05:57:47.345,1,2,Read Discrete Inputs,512,185,47289,0.025
2026-09-13 05:57:50.820,1,2,Read Discrete Inputs,4,12,52793,0.476
2026-09-13 05:57:50.845,1,2,Read Discrete Inputs,513,184,10424,0.025
2026-09-13 05:57:54.320,1,2,Read Discrete Inputs,4,12,52793,0.476
2026-09-13 05:57:54.345,1,2,Read Discrete Inputs,513,184,10424,0.025
2026-09-13 05:57:57.820,1,2,Read Discrete Inputs,4,12,52793,0.476
2026-09-13 05:57:57.845,1,2,Read Discrete Inputs,512,185,47289,0.025
2026-09-13 05:58:01.320,1,2,Read Discrete Inputs,4,12,52793,0.476
2026-09-13 05:58:01.345,1,2,Read Discrete Inputs,513,184,10424,0.025
2026-09-13 05:58:04.821,1,2,Read Discrete Inputs,4,12,52793,0.477
2026-09-13 05:58:04.845,1,2,Read Discrete Inputs,512,185,47289,0.024
2026-09-13 05:58:08.321,1,2,Read Discrete Inputs,4,12,52793,0.477
2026-09-13 05:58:08.345,1,2,Read Discrete Inputs,512,185,47289,0.024
2026-09-13 05:58:11.821,1,2,Read Discrete Inputs,4,12,52793,0.477
2026-09-13 05:58:11.845,1,2,Read Discrete Inputs,513,184,10424,0.024
2026-09-13 05:58:15.321,1,2,Read Discrete Inputs,4,12,52793,0.477
2026-09-13 05:58:15.345,1,2,Read Discrete Inputs,512,185,47289,0.024
2026-09-13 05:58:18.821,1,2,Read Discrete Inputs,4,12,52793,0.477
2026-09-13 05:58:18.846,1,2,Read Discrete Inputs,513,184,10424,0.025
2026-09-13 05:58:22.321,1,2,Read Discrete Inputs,4,12,52793,0.476
2026-09-13 05:58:22.346,1,2,Read Discrete Inputs,513,184,10424,0.025
2026-09-13 05:58:25.821,1,2,Read Discrete Inputs,4,12,52793,0.476
2026-09-13 05:58:25.846,1,2,Read Discrete Inputs,512,185,47289,0.025
2026-09-13 05:58:29.321,1,2,Read Discrete Inputs,4,12,52793,0.476
2026-09-13 05:58:29.346,1,2,Read Discrete Inputs,512,185,47289,0.025
2026-09-13 05:58:32.870,1,2,Read Discrete Inputs,4,12,52793,0.476
2026-09-13 05:58:32.895,1,2,Read Discrete Inputs,512,185,47289,0.025
2026-09-13 05:58:36.370,1,2,Read Discrete Inputs,4,12,52793,0.476
2026-09-13 05:58:36.395,1,2,Read Discrete Inputs,513,184,10424,0.025
2026-09-13 05:58:39.870,1,2,Read Discrete Inputs,4,12,52793,0.476
2026-09-13 05:58:39.895,1,2,Read Discrete Inputs,513,184,10424,0.025
2026-09-13 05:58:43.370,1,2,Read Discrete Inputs,4,12,52793,0.476
2026-09-13 05:58:43.395,1,2,Read Discrete Inputs,513,184,10424,0.025
2026-09-13 05:58:46.870,1,2,Read Discrete Inputs,4,12,52793,0.476
2026-09-13 05:58:46.895,1,2,Read Discrete Inputs,513,184,10424,0.025
2026-09-13 05:58:50.371,1,2,Read Discrete Inputs,4,12,52793,0.477
2026-09-13 05:58:50.395,1,2,Read Discrete Inputs,513,184,10424,0.024
2026-09-13 05:58:53.871,1,2,Read Discrete Inputs,4,12,52793,0.477
2026-09-13 05:58:53.895,1,2,Read Discrete Inputs,513,184,10424,0.024
2026-09-13 05:58:57.371,1,2,Read Discrete Inputs,4,12,52793,0.477
2026-09-13 05:58:57.396,1,2,Read Discrete Inputs,512,185,47289,0.025
2026-09-13 05:59:00.871,1,2,Read Discrete Inputs,4,12,52793,0.477
2026-09-13 05:59:00.896,1,2,Read Discrete Inputs,512,185,47289,0.025
2026-09-13 05:59:04.371,1,2,Read Discrete Inputs,4,12,52793,0.476
2026-09-13 05:59:04.396,1,2,Read Discrete Inputs,512,185,47289,0.025
2026-09-13 05:59:07.871,1,2,Read Discrete Inputs,4,12,52793,0.476
2026-09-13 05:59:07.896,1,2,Read Discrete Inputs,512,185,47289,0.025
2026-09-13 05:59:11.371,1,2,Read Discrete Inputs,4,12,52793,0.476
2026-09-13 05:59:11.396,1,2,Read Discrete Inputs,513,184,10424,0.025
2026-09-13 05:59:14.871,1,2,Read Discrete Inputs,4,12,52793,0.476
2026-09-13 05:59:14.896,1,2,Read Discrete Inputs,512,185,47289,0.025
2026-09-13 05:59:18.371,1,2,Read Discrete Inputs,4,12,52793,0.476
2026-09-13 05:59:18.396,1,2,Read Discrete Inputs,512,185,47289,0.025
2026-09-13 05:59:21.872,1,2,Read Discrete Inputs,4,12,52793,0.477
2026-09-13 05:59:21.896,1,2,Read Discrete Inputs,513,184,10424,0.024
2026-09-13 05:59:25.372,1,2,Read Discrete Inputs,4,12,52793,0.477
2026-09-13 05:59:25.396,1,2,Read Discrete Inputs,512,185,47289,0.024
2026-09-13 05:59:28.872,1,2,Read Discrete Inputs,4,12,52793,0.477
2026-09-13 05:59:28.896,1,2,Read Discrete Inputs,513,184,10424,0.024
2026-09-13 05:59:32.372,1,2,Read Discrete Inputs,4,12,52793,0.477
2026-09-13 05:59:32.397,1,2,Read Discrete Inputs,513,184,10424,0.025
2026-09-13 05:59:35.872,1,2,Read Discrete Inputs,4,12,52793,0.476
2026-09-13 05:59:35.897,1,2,Read Discrete Inputs,513,184,10424,0.025
2026-09-13 05:59:39.372,1,2,Read Discrete Inputs,4,12,52793,0.476
2026-09-13 05:59:39.397,1,2,Read Discrete Inputs,513,184,10424,0.025
2026-09-13 05:59:42.872,1,2,Read Discrete Inputs,4,12,52793,0.476
2026-09-13 05:59:42.897,1,2,Read Discrete Inputs,512,185,47289,0.025
2026-09-13 05:59:46.372,1,2,Read Discrete Inputs,4,12,52793,0.476
2026-09-13 05:59:46.397,1,2,Read Discrete Inputs,512,185,47289,0.025
2026-09-13 05:59:49.872,1,2,Read Discrete Inputs,4,12,52793,0.476
2026-09-13 05:59:49.897,1,2,Read Discrete Inputs,513,184,10424,0.025
2026-09-13 05:59:53.373,1,2,Read Discrete Inputs,4,12,52793,0.477
2026-09-13 05:59:53.397,1,2,Read Discrete Inputs,513,184,10424,0.024
2026-09-13 05:59:56.873,1,2,Read Discrete Inputs,4,12,52793,0.477
2026-09-13 05:59:56.897,1,2,Read Discrete Inputs,513,184,10424,0.024
2026-09-13 06:00:00.373,1,2,Read Discrete Inputs,4,12,52793,0.477
2026-09-13 06:00:00.398,1,2,Read Discrete Inputs,512,185,47289,0.025
2026-09-13 06:00:03.873,1,2,Read Discrete Inputs,4,12,52793,0.476
2026-09-13 06:00:03.898,1,2,Read Discrete Inputs,512,185,47289,0.025
2026-09-13 06:00:07.373,1,2,Read Discrete Inputs,4,12,52793,0.477
2026-09-13 06:00:07.398,1,2,Read Discrete Inputs,513,184,10424,0.025
2026-09-13 06:00:10.873,1,2,Read Discrete Inputs,4,12,52793,0.476
2026-09-13 06:00:10.898,1,2,Read Discrete Inputs,512,185,47289,0.025
2026-09-13 06:00:14.373,1,2,Read Discrete Inputs,4,12,52793,0.476
2026-09-13 06:00:14.398,1,2,Read Discrete Inputs,512,185,47289,0.025
2026-09-13 06:00:17.873,1,2,Read Discrete Inputs,4,12,52793,0.476
2026-09-13 06:00:17.898,1,2,Read Discrete Inputs,512,185,47289,0.025
2026-09-13 06:00:21.373,1,2,Read Discrete Inputs,4,12,52793,0.476
2026-09-13 06:00:21.398,1,2,Read Discrete Inputs,512,185,47289,0.025
2026-09-13 06:00:24.874,1,2,Read Discrete Inputs,4,12,52793,0.477
2026-09-13 06:00:24.898,1,2,Read Discrete Inputs,512,185,47289,0.024
2026-09-13 06:00:28.374,1,2,Read Discrete Inputs,4,12,52793,0.477
2026-09-13 06:00:28.398,1,2,Read Discrete Inputs,512,185,47289,0.024
2026-09-13 06:00:31.874,1,2,Read Discrete Inputs,4,12,52793,0.477
2026-09-13 06:00:31.898,1,2,Read Discrete Inputs,512,185,47289,0.024
2026-09-13 06:00:35.374,1,2,Read Discrete Inputs,4,12,52793,0.477
2026-09-13 06:00:35.399,1,2,Read Discrete Inputs,513,184,10424,0.025
2026-09-13 06:00:38.874,1,2,Read Discrete Inputs,4,12,52793,0.477
2026-09-13 06:00:38.899,1,2,Read Discrete Inputs,513,184,10424,0.025
2026-09-13 06:00:42.374,1,2,Read Discrete Inputs,4,12,52793,0.476
2026-09-13 06:00:42.399,1,2,Read Discrete Inputs,513,184,10424,0.025
2026-09-13 06:00:45.874,1,2,Read Discrete Inputs,4,12,52793,0.476
2026-09-13 06:00:45.899,1,2,Read Discrete Inputs,512,185,47289,0.025
2026-09-13 06:00:49.374,1,2,Read Discrete Inputs,4,12,52793,0.476
2026-09-13 06:00:49.399,1,2,Read Discrete Inputs,513,184,10424,0.025
2026-09-13 06:00:52.874,1,2,Read Discrete Inputs,4,12,52793,0.476
2026-09-13 06:00:52.899,1,2,Read Discrete Inputs,513,184,10424,0.025
2026-09-13 06:00:56.374,1,2,Read Discrete Inputs,4,12,52793,0.476
2026-09-13 06:00:56.399,1,2,Read Discrete Inputs,513,184,10424,0.025
2026-09-13 06:00:59.875,1,2,Read Discrete Inputs,4,12,52793,0.475
2026-09-13 06:00:59.900,1,2,Read Discrete Inputs,512,185,47289,0.025
2026-09-13 06:01:03.375,1,2,Read Discrete Inputs,4,12,52793,0.477
2026-09-13 06:01:03.399,1,2,Read Discrete Inputs,513,184,10424,0.024
2026-09-13 06:01:06.875,1,2,Read Discrete Inputs,4,12,52793,0.477
2026-09-13 06:01:06.900,1,2,Read Discrete Inputs,513,184,10424,0.025
2026-09-13 06:01:10.375,1,2,Read Discrete Inputs,4,12,52793,0.477
2026-09-13 06:01:10.400,1,2,Read Discrete Inputs,513,184,10424,0.025
2026-09-13 06:01:13.875,1,2,Read Discrete Inputs,4,12,52793,0.477
2026-09-13 06:01:13.900,1,2,Read Discrete Inputs,513,184,10424,0.025
2026-09-13 06:01:17.375,1,2,Read Discrete Inputs,4,12,52793,0.476
2026-09-13 06:01:17.400,1,2,Read Discrete Inputs,513,184,10424,0.025
2026-09-13 06:01:20.875,1,2,Read Discrete Inputs,4,12,52793,0.476
2026-09-13 06:01:20.900,1,2,Read Discrete Inputs,513,184,10424,0.025
2026-09-13 06:01:24.375,1,2,Read Discrete Inputs,4,12,52793,0.476
2026-09-13 06:01:24.400,1,2,Read Discrete Inputs,513,184,10424,0.025
2026-09-13 06:01:27.875,1,2,Read Discrete Inputs,4,12,52793,0.476
2026-09-13 06:01:27.900,1,2,Read Discrete Inputs,512,185,47289,0.025
2026-09-13 06:01:31.376,1,2,Read Discrete Inputs,4,12,52793,0.477
2026-09-13 06:01:31.400,1,2,Read Discrete Inputs,513,184,10424,0.024
2026-09-13 06:01:34.876,1,2,Read Discrete Inputs,4,12,52793,0.477
2026-09-13 06:01:34.900,1,2,Read Discrete Inputs,513,184,10424,0.024
2026-09-13 06:01:38.376,1,2,Read Discrete Inputs,4,12,52793,0.477
2026-09-13 06:01:38.400,1,2,Read Discrete Inputs,512,185,47289,0.024
2026-09-13 06:01:41.876,1,2,Read Discrete Inputs,4,12,52793,0.477
2026-09-13 06:01:41.901,1,2,Read Discrete Inputs,513,184,10424,0.025
2026-09-13 06:01:45.376,1,2,Read Discrete Inputs,4,12,52793,0.476
2026-09-13 06:01:45.401,1,2,Read Discrete Inputs,513,184,10424,0.025
2026-09-13 06:01:48.876,1,2,Read Discrete Inputs,4,12,52793,0.476
2026-09-13 06:01:48.901,1,2,Read Discrete Inputs,513,184,10424,0.025
2026-09-13 06:01:52.376,1,2,Read Discrete Inputs,4,12,52793,0.476
2026-09-13 06:01:52.401,1,2,Read Discrete Inputs,512,185,47289,0.025
2026-09-13 06:01:55.876,1,2,Read Discrete Inputs,4,12,52793,0.476
2026-09-13 06:01:55.901,1,2,Read Discrete Inputs,513,184,10424,0.025
2026-09-13 06:01:59.376,1,2,Read Discrete Inputs,4,12,52793,0.476
2026-09-13 06:01:59.401,1,2,Read Discrete Inputs,513,184,10424,0.025
2026-09-13 06:02:02.876,1,2,Read Discrete Inputs,4,12,52793,0.476
2026-09-13 06:02:02.901,1,2,Read Discrete Inputs,513,184,10424,0.025
2026-09-13 06:02:06.377,1,2,Read Discrete Inputs,4,12,52793,0.477
2026-09-13 06:02:06.401,1,2,Read Discrete Inputs,513,184,10424,0.024
2026-09-13 06:02:09.877,1,2,Read Discrete Inputs,4,12,52793,0.477
2026-09-13 06:02:09.901,1,2,Read Discrete Inputs,513,184,10424,0.024
2026-09-13 06:02:13.377,1,2,Read Discrete Inputs,4,12,52793,0.477
2026-09-13 06:02:13.402,1,2,Read Discrete Inputs,513,184,10424,0.025
2026-09-13 06:02:16.877,1,2,Read Discrete Inputs,4,12,52793,0.477
2026-09-13 06:02:16.902,1,2,Read Discrete Inputs,513,184,10424,0.025
2026-09-13 06:02:20.377,1,2,Read Discrete Inputs,4,12,52793,0.477
2026-09-13 06:02:20.402,1,2,Read Discrete Inputs,512,185,47289,0.025
2026-09-13 06:02:23.877,1,2,Read Discrete Inputs,4,12,52793,0.476
2026-09-13 06:02:23.902,1,2,Read Discrete Inputs,512,185,47289,0.025
2026-09-13 06:02:27.377,1,2,Read Discrete Inputs,4,12,52793,0.476
2026-09-13 06:02:27.402,1,2,Read Discrete Inputs,513,184,10424,0.025
2026-09-13 06:02:30.877,1,2,Read Discrete Inputs,4,12,52793,0.476
2026-09-13 06:02:30.902,1,2,Read Discrete Inputs,513,184,10424,0.025
2026-09-13 06:02:34.377,1,2,Read Discrete Inputs,4,12,52793,0.476
2026-09-13 06:02:34.402,1,2,Read Discrete Inputs,512,185,47289,0.025
2026-09-13 06:02:37.877,1,2,Read Discrete Inputs,4,12,52793,0.476
2026-09-13 06:02:37.902,1,2,Read Discrete Inputs,513,184,10424,0.025
2026-09-13 06:02:41.378,1,2,Read Discrete Inputs,4,12,52793,0.477
2026-09-13 06:02:41.402,1,2,Read Discrete Inputs,513,184,10424,0.024
2026-09-13 06:02:44.878,1,2,Read Discrete Inputs,4,12,52793,0.477
2026-09-13 06:02:44.902,1,2,Read Discrete Inputs,513,184,10424,0.024
2026-09-13 06:02:48.378,1,2,Read Discrete Inputs,4,12,52793,0.477
2026-09-13 06:02:48.403,1,2,Read Discrete Inputs,513,184,10424,0.025
2026-09-13 06:02:51.878,1,2,Read Discrete Inputs,4,12,52793,0.477
2026-09-13 06:02:51.903,1,2,Read Discrete Inputs,513,184,10424,0.025
2026-09-13 06:02:55.378,1,2,Read Discrete Inputs,4,12,52793,0.477
2026-09-13 06:02:55.403,1,2,Read Discrete Inputs,513,184,10424,0.025
2026-09-13 06:02:59.151,1,2,Read Discrete Inputs,4,12,52793,0.024
2026-09-13 06:02:59.175,1,2,Read Discrete Inputs,513,184,10424,0.024
2026-09-13 06:03:02.650,1,2,Read Discrete Inputs,4,12,52793,0.476
2026-09-13 06:03:02.675,1,2,Read Discrete Inputs,512,185,47289,0.025
2026-09-13 06:03:06.150,1,2,Read Discrete Inputs,4,12,52793,0.476
2026-09-13 06:03:06.175,1,2,Read Discrete Inputs,512,185,47289,0.025
2026-09-13 06:03:09.650,1,2,Read Discrete Inputs,4,12,52793,0.476
2026-09-13 06:03:09.675,1,2,Read Discrete Inputs,513,184,10424,0.025
2026-09-13 06:03:13.150,1,2,Read Discrete Inputs,4,12,52793,0.476
2026-09-13 06:03:13.175,1,2,Read Discrete Inputs,513,184,10424,0.025
2026-09-13 06:03:16.651,1,2,Read Discrete Inputs,4,12,52793,0.477
2026-09-13 06:03:16.675,1,2,Read Discrete Inputs,512,185,47289,0.024
2026-09-13 06:03:20.151,1,2,Read Discrete Inputs,4,12,52793,0.477
2026-09-13 06:03:20.176,1,2,Read Discrete Inputs,513,184,10424,0.025
2026-09-13 06:03:24.160,1,2,Read Discrete Inputs,4,12,52793,1.407
2026-09-13 06:03:24.187,1,2,Read Discrete Inputs,513,184,10424,0.027
2026-09-13 06:03:27.660,1,2,Read Discrete Inputs,4,12,52793,0.476
2026-09-13 06:03:27.685,1,2,Read Discrete Inputs,513,184,10424,0.025
2026-09-13 06:03:31.160,1,2,Read Discrete Inputs,4,12,52793,0.476
2026-09-13 06:03:31.185,1,2,Read Discrete Inputs,513,184,10424,0.025
2026-09-13 06:03:34.660,1,2,Read Discrete Inputs,4,12,52793,0.476
2026-09-13 06:03:34.685,1,2,Read Discrete Inputs,513,184,10424,0.025
2026-09-13 06:03:38.160,1,2,Read Discrete Inputs,4,12,52793,0.476
2026-09-13 06:03:38.185,1,2,Read Discrete Inputs,512,185,47289,0.025
2026-09-13 06:03:41.660,1,2,Read Discrete Inputs,4,12,52793,0.476
2026-09-13 06:03:41.685,1,2,Read Discrete Inputs,512,185,47289,0.025
2026-09-13 06:03:45.160,1,2,Read Discrete Inputs,4,12,52793,0.476
2026-09-13 06:03:45.185,1,2,Read Discrete Inputs,513,184,10424,0.025
2026-09-13 06:03:48.660,1,2,Read Discrete Inputs,4,12,52793,0.476
2026-09-13 06:03:48.685,1,2,Read Discrete Inputs,513,184,10424,0.025
2026-09-13 06:03:52.161,1,2,Read Discrete Inputs,4,12,52793,0.477
2026-09-13 06:03:52.185,1,2,Read Discrete Inputs,513,184,10424,0.024
2026-09-13 06:03:55.661,1,2,Read Discrete Inputs,4,12,52793,0.477
2026-09-13 06:03:55.685,1,2,Read Discrete Inputs,513,184,10424,0.024
2026-09-13 06:03:59.161,1,2,Read Discrete Inputs,4,12,52793,0.477
2026-09-13 06:03:59.186,1,2,Read Discrete Inputs,513,184,10424,0.025
2026-09-13 06:04:02.661,1,2,Read Discrete Inputs,4,12,52793,0.477
2026-09-13 06:04:02.686,1,2,Read Discrete Inputs,513,184,10424,0.025
2026-09-13 06:04:06.161,1,2,Read Discrete Inputs,4,12,52793,0.477
2026-09-13 06:04:06.186,1,2,Read Discrete Inputs,513,184,10424,0.025
2026-09-13 06:04:09.661,1,2,Read Discrete Inputs,4,12,52793,0.476
2026-09-13 06:04:09.686,1,2,Read Discrete Inputs,512,185,47289,0.025
2026-09-13 06:04:13.161,1,2,Read Discrete Inputs,4,12,52793,0.476
2026-09-13 06:04:13.186,1,2,Read Discrete Inputs,512,185,47289,0.025
2026-09-13 06:04:16.661,1,2,Read Discrete Inputs,4,12,52793,0.476
2026-09-13 06:04:16.686,1,2,Read Discrete Inputs,513,184,10424,0.025
2026-09-13 06:04:20.161,1,2,Read Discrete Inputs,4,12,52793,0.476
2026-09-13 06:04:20.186,1,2,Read Discrete Inputs,512,185,47289,0.025
2026-09-13 06:04:23.661,1,2,Read Discrete Inputs,4,12,52793,0.476
2026-09-13 06:04:23.686,1,2,Read Discrete Inputs,513,184,10424,0.025
2026-09-13 06:04:27.162,1,2,Read Discrete Inputs,4,12,52793,0.477
2026-09-13 06:04:27.186,1,2,Read Discrete Inputs,513,184,10424,0.024
2026-09-13 06:04:30.662,1,2,Read Discrete Inputs,4,12,52793,0.477
2026-09-13 06:04:30.686,1,2,Read Discrete Inputs,512,185,47289,0.024
2026-09-13 06:04:34.162,1,2,Read Discrete Inputs,4,12,52793,0.477
2026-09-13 06:04:34.187,1,2,Read Discrete Inputs,513,184,10424,0.025
2026-09-13 06:04:37.662,1,2,Read Discrete Inputs,4,12,52793,0.477
2026-09-13 06:04:37.686,1,2,Read Discrete Inputs,513,184,10424,0.024
2026-09-13 06:04:41.162,1,2,Read Discrete Inputs,4,12,52793,0.203
2026-09-13 06:04:41.187,1,2,Read Discrete Inputs,513,184,10424,0.025
2026-09-13 06:04:44.662,1,2,Read Discrete Inputs,4,12,52793,0.476
2026-09-13 06:04:44.687,1,2,Read Discrete Inputs,513,184,10424,0.025
2026-09-13 06:04:48.162,1,2,Read Discrete Inputs,4,12,52793,0.476
2026-09-13 06:04:48.187,1,2,Read Discrete Inputs,513,184,10424,0.025
2026-09-13 06:04:51.662,1,2,Read Discrete Inputs,4,12,52793,0.476
2026-09-13 06:04:51.687,1,2,Read Discrete Inputs,513,184,10424,0.025
2026-09-13 06:04:55.162,1,2,Read Discrete Inputs,4,12,52793,0.476
2026-09-13 06:04:55.187,1,2,Read Discrete Inputs,512,185,47289,0.025
2026-09-13 06:04:58.662,1,2,Read Discrete Inputs,4,12,52793,0.476
2026-09-13 06:04:58.687,1,2,Read Discrete Inputs,513,184,10424,0.025
2026-09-13 06:05:02.162,1,2,Read Discrete Inputs,4,12,52793,0.476
2026-09-13 06:05:02.187,1,2,Read Discrete Inputs,512,185,47289,0.025
2026-09-13 06:05:05.663,1,2,Read Discrete Inputs,4,12,52793,0.477
2026-09-13 06:05:05.687,1,2,Read Discrete Inputs,513,184,10424,0.024
2026-09-13 06:05:09.163,1,2,Read Discrete Inputs,4,12,52793,0.477
2026-09-13 06:05:09.188,1,2,Read Discrete Inputs,512,185,47289,0.025
2026-09-13 06:05:12.663,1,2,Read Discrete Inputs,4,12,52793,0.477
2026-09-13 06:05:12.688,1,2,Read Discrete Inputs,512,185,47289,0.025
2026-09-13 06:05:16.163,1,2,Read Discrete Inputs,4,12,52793,0.477
2026-09-13 06:05:16.188,1,2,Read Discrete Inputs,512,185,47289,0.025
2026-09-13 06:05:19.663,1,2,Read Discrete Inputs,4,12,52793,0.475
2026-09-13 06:05:19.689,1,2,Read Discrete Inputs,513,184,10424,0.026
2026-09-13 06:05:23.163,1,2,Read Discrete Inputs,4,12,52793,0.476
2026-09-13 06:05:23.188,1,2,Read Discrete Inputs,512,185,47289,0.025
2026-09-13 06:05:26.663,1,2,Read Discrete Inputs,4,12,52793,0.476
2026-09-13 06:05:26.688,1,2,Read Discrete Inputs,512,185,47289,0.025
2026-09-13 06:05:30.163,1,2,Read Discrete Inputs,4,12,52793,0.476
2026-09-13 06:05:30.188,1,2,Read Discrete Inputs,512,185,47289,0.025
2026-09-13 06:05:33.663,1,2,Read Discrete Inputs,4,12,52793,0.476
2026-09-13 06:05:33.688,1,2,Read Discrete Inputs,513,184,10424,0.025
2026-09-13 06:05:37.163,1,2,Read Discrete Inputs,4,12,52793,0.476
2026-09-13 06:05:37.188,1,2,Read Discrete Inputs,512,185,47289,0.025
2026-09-13 06:05:40.663,1,2,Read Discrete Inputs,4,12,52793,0.476
2026-09-13 06:05:40.688,1,2,Read Discrete Inputs,512,185,47289,0.025
2026-09-13 06:05:44.164,1,2,Read Discrete Inputs,4,12,52793,0.477
2026-09-13 06:05:44.188,1,2,Read Discrete Inputs,513,184,10424,0.024
2026-09-13 06:05:47.664,1,2,Read Discrete Inputs,4,12,52793,0.477
2026-09-13 06:05:47.688,1,2,Read Discrete Inputs,513,184,10424,0.024
2026-09-13 06:05:51.164,1,2,Read Discrete Inputs,4,12,52793,0.477
2026-09-13 06:05:51.189,1,2,Read Discrete Inputs,513,184,10424,0.025
2026-09-13 06:05:54.664,1,2,Read Discrete Inputs,4,12,52793,0.477
2026-09-13 06:05:54.689,1,2,Read Discrete Inputs,513,184,10424,0.025
2026-09-13 06:05:58.164,1,2,Read Discrete Inputs,4,12,52793,0.477
2026-09-13 06:05:58.189,1,2,Read Discrete Inputs,513,184,10424,0.025
2026-09-13 06:06:01.664,1,2,Read Discrete Inputs,4,12,52793,0.476
2026-09-13 06:06:01.689,1,2,Read Discrete Inputs,512,185,47289,0.025
2026-09-13 06:06:05.164,1,2,Read Discrete Inputs,4,12,52793,0.476
2026-09-13 06:06:05.189,1,2,Read Discrete Inputs,512,185,47289,0.025
2026-09-13 06:06:08.664,1,2,Read Discrete Inputs,4,12,52793,0.476
2026-09-13 06:06:08.689,1,2,Read Discrete Inputs,512,185,47289,0.025
2026-09-13 06:06:12.164,1,2,Read Discrete Inputs,4,12,52793,0.476
2026-09-13 06:06:12.189,1,2,Read Discrete Inputs,513,184,10424,0.025
2026-09-13 06:06:15.664,1,2,Read Discrete Inputs,4,12,52793,0.476
2026-09-13 06:06:15.689,1,2,Read Discrete Inputs,513,184,10424,0.025
2026-09-13 06:06:19.165,1,2,Read Discrete Inputs,4,12,52793,0.477
2026-09-13 06:06:19.189,1,2,Read Discrete Inputs,512,185,47289,0.024
2026-09-13 06:06:22.665,1,2,Read Discrete Inputs,4,12,52793,0.477
2026-09-13 06:06:22.689,1,2,Read Discrete Inputs,512,185,47289,0.024
2026-09-13 06:06:26.165,1,2,Read Discrete Inputs,4,12,52793,0.477
2026-09-13 06:06:26.189,1,2,Read Discrete Inputs,512,185,47289,0.024
2026-09-13 06:06:29.665,1,2,Read Discrete Inputs,4,12,52793,0.477
2026-09-13 06:06:29.690,1,2,Read Discrete Inputs,512,185,47289,0.025
2026-09-13 06:06:33.165,1,2,Read Discrete Inputs,4,12,52793,0.476
2026-09-13 06:06:33.190,1,2,Read Discrete Inputs,513,184,10424,0.025
2026-09-13 06:06:36.688,1,2,Read Discrete Inputs,4,12,52793,0.476
2026-09-13 06:06:36.713,1,2,Read Discrete Inputs,512,185,47289,0.025
2026-09-13 06:06:40.188,1,2,Read Discrete Inputs,4,12,52793,0.476
2026-09-13 06:06:40.213,1,2,Read Discrete Inputs,513,184,10424,0.025
2026-09-13 06:06:43.688,1,2,Read Discrete Inputs,4,12,52793,0.476
2026-09-13 06:06:43.713,1,2,Read Discrete Inputs,513,184,10424,0.025
2026-09-13 06:06:47.188,1,2,Read Discrete Inputs,4,12,52793,0.476
2026-09-13 06:06:47.213,1,2,Read Discrete Inputs,512,185,47289,0.025
2026-09-13 06:06:50.688,1,2,Read Discrete Inputs,4,12,52793,0.476
2026-09-13 06:06:50.713,1,2,Read Discrete Inputs,512,185,47289,0.025
2026-09-13 06:06:54.188,1,2,Read Discrete Inputs,4,12,52793,0.476
2026-09-13 06:06:54.213,1,2,Read Discrete Inputs,512,185,47289,0.025
2026-09-13 06:06:57.689,1,2,Read Discrete Inputs,4,12,52793,0.477
2026-09-13 06:06:57.713,1,2,Read Discrete Inputs,513,184,10424,0.024
2026-09-13 06:07:01.189,1,2,Read Discrete Inputs,4,12,52793,0.477
2026-09-13 06:07:01.213,1,2,Read Discrete Inputs,513,184,10424,0.024
2026-09-13 06:07:04.689,1,2,Read Discrete Inputs,4,12,52793,0.477
2026-09-13 06:07:04.713,1,2,Read Discrete Inputs,512,185,47289,0.024
2026-09-13 06:07:08.189,1,2,Read Discrete Inputs,4,12,52793,0.477
2026-09-13 06:07:08.214,1,2,Read Discrete Inputs,512,185,47289,0.025
2026-09-13 06:07:11.689,1,2,Read Discrete Inputs,4,12,52793,0.476
2026-09-13 06:07:11.714,1,2,Read Discrete Inputs,513,184,10424,0.025
2026-09-13 06:07:16.328,1,2,Read Discrete Inputs,4,12,52793,0.026
2026-09-13 06:07:16.353,1,2,Read Discrete Inputs,513,184,10424,0.025
2026-09-13 06:07:19.776,1,2,Read Discrete Inputs,4,12,52793,0.476
2026-09-13 06:07:19.801,1,2,Read Discrete Inputs,512,185,47289,0.025
2026-09-13 06:07:23.276,1,2,Read Discrete Inputs,4,12,52793,0.476
2026-09-13 06:07:23.301,1,2,Read Discrete Inputs,512,185,47289,0.025
2026-09-13 06:07:26.776,1,2,Read Discrete Inputs,4,12,52793,0.476
2026-09-13 06:07:26.801,1,2,Read Discrete Inputs,513,184,10424,0.025
2026-09-13 06:07:30.276,1,2,Read Discrete Inputs,4,12,52793,0.476
2026-09-13 06:07:30.301,1,2,Read Discrete Inputs,512,185,47289,0.025
2026-09-13 06:07:33.802,1,2,Read Discrete Inputs,4,12,52793,0.476
2026-09-13 06:07:33.827,1,2,Read Discrete Inputs,512,185,47289,0.025
2026-09-13 06:07:37.303,1,2,Read Discrete Inputs,4,12,52793,0.477
2026-09-13 06:07:37.327,1,2,Read Discrete Inputs,513,184,10424,0.024
2026-09-13 06:07:40.803,1,2,Read Discrete Inputs,4,12,52793,0.477
2026-09-13 06:07:40.827,1,2,Read Discrete Inputs,513,184,10424,0.024
2026-09-13 06:07:44.303,1,2,Read Discrete Inputs,4,12,52793,0.477
2026-09-13 06:07:44.328,1,2,Read Discrete Inputs,512,185,47289,0.025
2026-09-13 06:07:47.803,1,2,Read Discrete Inputs,4,12,52793,0.477
2026-09-13 06:07:47.828,1,2,Read Discrete Inputs,513,184,10424,0.025
2026-09-13 06:07:51.303,1,2,Read Discrete Inputs,4,12,52793,0.477
2026-09-13 06:07:51.328,1,2,Read Discrete Inputs,512,185,47289,0.025
2026-09-13 06:07:54.803,1,2,Read Discrete Inputs,4,12,52793,0.476
2026-09-13 06:07:54.828,1,2,Read Discrete Inputs,513,184,10424,0.025
2026-09-13 06:07:58.309,1,2,Read Discrete Inputs,4,12,52793,0.476
2026-09-13 06:07:58.334,1,2,Read Discrete Inputs,513,184,10424,0.025
2026-09-13 06:08:01.809,1,2,Read Discrete Inputs,4,12,52793,0.476
2026-09-13 06:08:01.834,1,2,Read Discrete Inputs,512,185,47289,0.025
2026-09-13 06:08:05.309,1,2,Read Discrete Inputs,4,12,52793,0.476
2026-09-13 06:08:05.334,1,2,Read Discrete Inputs,513,184,10424,0.025
2026-09-13 06:08:08.809,1,2,Read Discrete Inputs,4,12,52793,0.476
2026-09-13 06:08:08.834,1,2,Read Discrete Inputs,512,185,47289,0.025
2026-09-13 06:08:12.309,1,2,Read Discrete Inputs,4,12,52793,0.476
2026-09-13 06:08:12.334,1,2,Read Discrete Inputs,513,184,10424,0.025
2026-09-13 06:08:15.809,1,2,Read Discrete Inputs,4,12,52793,0.476
2026-09-13 06:08:15.834,1,2,Read Discrete Inputs,513,184,10424,0.025
2026-09-13 06:08:19.310,1,2,Read Discrete Inputs,4,12,52793,0.477
2026-09-13 06:08:19.334,1,2,Read Discrete Inputs,513,184,10424,0.024
2026-09-13 06:08:22.810,1,2,Read Discrete Inputs,4,12,52793,0.477
2026-09-13 06:08:22.835,1,2,Read Discrete Inputs,512,185,47289,0.025
2026-09-13 06:08:26.310,1,2,Read Discrete Inputs,4,12,52793,0.477
2026-09-13 06:08:26.335,1,2,Read Discrete Inputs,512,185,47289,0.025
2026-09-13 06:08:29.810,1,2,Read Discrete Inputs,4,12,52793,0.477
2026-09-13 06:08:29.835,1,2,Read Discrete Inputs,512,185,47289,0.025
2026-09-13 06:08:33.310,1,2,Read Discrete Inputs,4,12,52793,0.477
2026-09-13 06:08:33.335,1,2,Read Discrete Inputs,513,184,10424,0.025
2026-09-13 06:08:36.810,1,2,Read Discrete Inputs,4,12,52793,0.476
2026-09-13 06:08:36.835,1,2,Read Discrete Inputs,512,185,47289,0.025
2026-09-13 06:08:40.310,1,2,Read Discrete Inputs,4,12,52793,0.476
2026-09-13 06:08:40.335,1,2,Read Discrete Inputs,512,185,47289,0.025
2026-09-13 06:08:43.810,1,2,Read Discrete Inputs,4,12,52793,0.476
2026-09-13 06:08:43.835,1,2,Read Discrete Inputs,513,184,10424,0.025
2026-09-13 06:08:47.324,1,2,Read Discrete Inputs,4,12,52793,0.476
2026-09-13 06:08:47.349,1,2,Read Discrete Inputs,513,184,10424,0.025
2026-09-13 06:08:50.824,1,2,Read Discrete Inputs,4,12,52793,0.476
2026-09-13 06:08:50.849,1,2,Read Discrete Inputs,512,185,47289,0.025
2026-09-13 06:08:54.324,1,2,Read Discrete Inputs,4,12,52793,0.476
2026-09-13 06:08:54.349,1,2,Read Discrete Inputs,513,184,10424,0.025
2026-09-13 06:08:57.825,1,2,Read Discrete Inputs,4,12,52793,0.477
2026-09-13 06:08:57.849,1,2,Read Discrete Inputs,512,185,47289,0.024
2026-09-13 06:09:01.325,1,2,Read Discrete Inputs,4,12,52793,0.477
2026-09-13 06:09:01.350,1,2,Read Discrete Inputs,512,185,47289,0.025
2026-09-13 06:09:04.825,1,2,Read Discrete Inputs,4,12,52793,0.477
2026-09-13 06:09:04.849,1,2,Read Discrete Inputs,512,185,47289,0.024
2026-09-13 06:09:08.330,1,2,Read Discrete Inputs,4,12,52793,0.476
2026-09-13 06:09:08.355,1,2,Read Discrete Inputs,513,184,10424,0.025
2026-09-13 06:09:11.830,1,2,Read Discrete Inputs,4,12,52793,0.477
2026-09-13 06:09:11.855,1,2,Read Discrete Inputs,513,184,10424,0.025
2026-09-13 06:09:15.330,1,2,Read Discrete Inputs,4,12,52793,0.476
2026-09-13 06:09:15.355,1,2,Read Discrete Inputs,513,184,10424,0.025
2026-09-13 06:09:18.830,1,2,Read Discrete Inputs,4,12,52793,0.476
2026-09-13 06:09:18.855,1,2,Read Discrete Inputs,513,184,10424,0.025
2026-09-13 06:09:22.330,1,2,Read Discrete Inputs,4,12,52793,0.476
2026-09-13 06:09:22.355,1,2,Read Discrete Inputs,512,185,47289,0.025
2026-09-13 06:09:25.830,1,2,Read Discrete Inputs,4,12,52793,0.476
2026-09-13 06:09:25.855,1,2,Read Discrete Inputs,512,185,47289,0.025
2026-09-13 06:09:29.330,1,2,Read Discrete Inputs,4,12,52793,0.476
2026-09-13 06:09:29.355,1,2,Read Discrete Inputs,513,184,10424,0.025
2026-09-13 06:09:32.830,1,2,Read Discrete Inputs,4,12,52793,0.476
2026-09-13 06:09:32.855,1,2,Read Discrete Inputs,512,185,47289,0.025
2026-09-13 06:09:36.331,1,2,Read Discrete Inputs,4,12,52793,0.477
2026-09-13 06:09:36.355,1,2,Read Discrete Inputs,513,184,10424,0.024
2026-09-13 06:09:39.831,1,2,Read Discrete Inputs,4,12,52793,0.477
2026-09-13 06:09:39.855,1,2,Read Discrete Inputs,513,184,10424,0.024
2026-09-13 06:09:43.331,1,2,Read Discrete Inputs,4,12,52793,0.477
2026-09-13 06:09:43.355,1,2,Read Discrete Inputs,513,184,10424,0.024
2026-09-13 06:09:46.831,1,2,Read Discrete Inputs,4,12,52793,0.477
2026-09-13 06:09:46.856,1,2,Read Discrete Inputs,512,185,47289,0.025
2026-09-13 06:09:50.331,1,2,Read Discrete Inputs,4,12,52793,0.477
2026-09-13 06:09:50.356,1,2,Read Discrete Inputs,512,185,47289,0.025
2026-09-13 06:09:53.831,1,2,Read Discrete Inputs,4,12,52793,0.476
2026-09-13 06:09:53.856,1,2,Read Discrete Inputs,512,185,47289,0.025
2026-09-13 06:09:57.331,1,2,Read Discrete Inputs,4,12,52793,0.476
2026-09-13 06:09:57.356,1,2,Read Discrete Inputs,512,185,47289,0.025
2026-09-13 06:10:00.831,1,2,Read Discrete Inputs,4,12,52793,0.476
2026-09-13 06:10:00.856,1,2,Read Discrete Inputs,512,185,47289,0.025
2026-09-13 06:10:04.331,1,2,Read Discrete Inputs,4,12,52793,0.476
2026-09-13 06:10:04.356,1,2,Read Discrete Inputs,513,184,10424,0.025
2026-09-13 06:10:07.831,1,2,Read Discrete Inputs,4,12,52793,0.476
2026-09-13 06:10:07.856,1,2,Read Discrete Inputs,512,185,47289,0.025
2026-09-13 06:10:11.331,1,2,Read Discrete Inputs,4,12,52793,0.476
2026-09-13 06:10:11.356,1,2,Read Discrete Inputs,512,185,47289,0.025
2026-09-13 06:10:14.831,1,2,Read Discrete Inputs,4,12,52793,0.476
2026-09-13 06:10:14.856,1,2,Read Discrete Inputs,512,185,47289,0.025
2026-09-13 06:10:18.332,1,2,Read Discrete Inputs,4,12,52793,0.477
2026-09-13 06:10:18.356,1,2,Read Discrete Inputs,513,184,10424,0.024
2026-09-13 06:10:21.832,1,2,Read Discrete Inputs,4,12,52793,0.477
2026-09-13 06:10:21.856,1,2,Read Discrete Inputs,513,184,10424,0.024
2026-09-13 06:10:25.332,1,2,Read Discrete Inputs,4,12,52793,0.477
2026-09-13 06:10:25.357,1,2,Read Discrete Inputs,512,185,47289,0.025
2026-09-13 06:10:28.832,1,2,Read Discrete Inputs,4,12,52793,0.477
2026-09-13 06:10:28.857,1,2,Read Discrete Inputs,512,185,47289,0.025
2026-09-13 06:10:32.332,1,2,Read Discrete Inputs,4,12,52793,0.476
2026-09-13 06:10:32.357,1,2,Read Discrete Inputs,513,184,10424,0.025
2026-09-13 06:10:35.832,1,2,Read Discrete Inputs,4,12,52793,0.213
2026-09-13 06:10:35.857,1,2,Read Discrete Inputs,513,184,10424,0.025
2026-09-13 06:10:39.332,1,2,Read Discrete Inputs,4,12,52793,0.476
2026-09-13 06:10:39.357,1,2,Read Discrete Inputs,512,185,47289,0.025
2026-09-13 06:10:42.832,1,2,Read Discrete Inputs,4,12,52793,0.476
2026-09-13 06:10:42.857,1,2,Read Discrete Inputs,513,184,10424,0.025
2026-09-13 06:10:46.332,1,2,Read Discrete Inputs,4,12,52793,0.476
2026-09-13 06:10:46.357,1,2,Read Discrete Inputs,513,184,10424,0.025
2026-09-13 06:10:49.832,1,2,Read Discrete Inputs,4,12,52793,0.476
2026-09-13 06:10:49.857,1,2,Read Discrete Inputs,513,184,10424,0.025
2026-09-13 06:10:53.332,1,2,Read Discrete Inputs,4,12,52793,0.476
2026-09-13 06:10:53.357,1,2,Read Discrete Inputs,512,185,47289,0.025
2026-09-13 06:10:56.832,1,2,Read Discrete Inputs,4,12,52793,0.476
2026-09-13 06:10:56.857,1,2,Read Discrete Inputs,512,185,47289,0.025
2026-09-13 06:11:00.333,1,2,Read Discrete Inputs,4,12,52793,0.477
2026-09-13 06:11:00.357,1,2,Read Discrete Inputs,512,185,47289,0.024
2026-09-13 06:11:03.833,1,2,Read Discrete Inputs,4,12,52793,0.477
2026-09-13 06:11:03.857,1,2,Read Discrete Inputs,513,184,10424,0.024
2026-09-13 06:11:07.333,1,2,Read Discrete Inputs,4,12,52793,0.477
2026-09-13 06:11:07.358,1,2,Read Discrete Inputs,513,184,10424,0.025
2026-09-13 06:11:10.833,1,2,Read Discrete Inputs,4,12,52793,0.477
2026-09-13 06:11:10.858,1,2,Read Discrete Inputs,513,184,10424,0.025
2026-09-13 06:11:14.333,1,2,Read Discrete Inputs,4,12,52793,0.477
2026-09-13 06:11:14.358,1,2,Read Discrete Inputs,513,184,10424,0.025
2026-09-13 06:11:17.833,1,2,Read Discrete Inputs,4,12,52793,0.476
2026-09-13 06:11:17.858,1,2,Read Discrete Inputs,512,185,47289,0.025
2026-09-13 06:11:21.333,1,2,Read Discrete Inputs,4,12,52793,0.476
2026-09-13 06:11:21.358,1,2,Read Discrete Inputs,512,185,47289,0.025
2026-09-13 06:11:24.833,1,2,Read Discrete Inputs,4,12,52793,0.476
2026-09-13 06:11:24.858,1,2,Read Discrete Inputs,512,185,47289,0.025
2026-09-13 06:11:28.333,1,2,Read Discrete Inputs,4,12,52793,0.476
2026-09-13 06:11:28.358,1,2,Read Discrete Inputs,513,184,10424,0.025
2026-09-13 06:11:32.091,1,2,Read Discrete Inputs,4,12,52793,0.476
2026-09-13 06:11:32.116,1,2,Read Discrete Inputs,513,184,10424,0.025
2026-09-13 06:11:35.591,1,2,Read Discrete Inputs,4,12,52793,0.476
2026-09-13 06:11:35.616,1,2,Read Discrete Inputs,513,184,10424,0.025
2026-09-13 06:11:39.092,1,2,Read Discrete Inputs,4,12,52793,0.477
2026-09-13 06:11:39.116,1,2,Read Discrete Inputs,513,184,10424,0.024
2026-09-13 06:11:42.592,1,2,Read Discrete Inputs,4,12,52793,0.477
2026-09-13 06:11:42.616,1,2,Read Discrete Inputs,512,185,47289,0.024
2026-09-13 06:11:46.092,1,2,Read Discrete Inputs,4,12,52793,0.477
2026-09-13 06:11:46.116,1,2,Read Discrete Inputs,513,184,10424,0.024
2026-09-13 06:11:49.592,1,2,Read Discrete Inputs,4,12,52793,0.477
2026-09-13 06:11:49.617,1,2,Read Discrete Inputs,513,184,10424,0.025
2026-09-13 06:11:53.092,1,2,Read Discrete Inputs,4,12,52793,0.477
2026-09-13 06:11:53.117,1,2,Read Discrete Inputs,513,184,10424,0.025
2026-09-13 06:11:56.592,1,2,Read Discrete Inputs,4,12,52793,0.476
2026-09-13 06:11:56.617,1,2,Read Discrete Inputs,512,185,47289,0.025
2026-09-13 06:12:00.092,1,2,Read Discrete Inputs,4,12,52793,0.476
2026-09-13 06:12:00.117,1,2,Read Discrete Inputs,512,185,47289,0.025
2026-09-13 06:12:03.592,1,2,Read Discrete Inputs,4,12,52793,0.476
2026-09-13 06:12:03.617,1,2,Read Discrete Inputs,513,184,10424,0.025
2026-09-13 06:12:07.092,1,2,Read Discrete Inputs,4,12,52793,0.476
2026-09-13 06:12:07.117,1,2,Read Discrete Inputs,513,184,10424,0.025
2026-09-13 06:12:10.592,1,2,Read Discrete Inputs,4,12,52793,0.476
2026-09-13 06:12:10.617,1,2,Read Discrete Inputs,512,185,47289,0.025
2026-09-13 06:12:14.092,1,2,Read Discrete Inputs,4,12,52793,0.476
2026-09-13 06:12:14.117,1,2,Read Discrete Inputs,512,185,47289,0.025
2026-09-13 06:12:17.592,1,2,Read Discrete Inputs,4,12,52793,0.476
2026-09-13 06:12:17.617,1,2,Read Discrete Inputs,513,184,10424,0.025
2026-09-13 06:12:21.093,1,2,Read Discrete Inputs,4,12,52793,0.477
2026-09-13 06:12:21.117,1,2,Read Discrete Inputs,513,184,10424,0.024
2026-09-13 06:12:24.593,1,2,Read Discrete Inputs,4,12,52793,0.477
2026-09-13 06:12:24.617,1,2,Read Discrete Inputs,513,184,10424,0.024
2026-09-13 06:12:28.093,1,2,Read Discrete Inputs,4,12,52793,0.477
2026-09-13 06:12:28.117,1,2,Read Discrete Inputs,513,184,10424,0.024
2026-09-13 06:12:31.593,1,2,Read Discrete Inputs,4,12,52793,0.477
2026-09-13 06:12:31.618,1,2,Read Discrete Inputs,512,185,47289,0.025
2026-09-13 06:12:35.093,1,2,Read Discrete Inputs,4,12,52793,0.477
2026-09-13 06:12:35.118,1,2,Read Discrete Inputs,512,185,47289,0.025
2026-09-13 06:12:38.593,1,2,Read Discrete Inputs,4,12,52793,0.477
2026-09-13 06:12:38.618,1,2,Read Discrete Inputs,513,184,10424,0.025
2026-09-13 06:12:42.093,1,2,Read Discrete Inputs,4,12,52793,0.476
2026-09-13 06:12:42.118,1,2,Read Discrete Inputs,513,184,10424,0.025
2026-09-13 06:12:45.593,1,2,Read Discrete Inputs,4,12,52793,0.476
2026-09-13 06:12:45.618,1,2,Read Discrete Inputs,512,185,47289,0.025
2026-09-13 06:12:49.093,1,2,Read Discrete Inputs,4,12,52793,0.476
2026-09-13 06:12:49.118,1,2,Read Discrete Inputs,513,184,10424,0.025
2026-09-13 06:12:52.593,1,2,Read Discrete Inputs,4,12,52793,0.476
2026-09-13 06:12:52.618,1,2,Read Discrete Inputs,513,184,10424,0.025
2026-09-13 06:12:56.093,1,2,Read Discrete Inputs,4,12,52793,0.476
2026-09-13 06:12:56.118,1,2,Read Discrete Inputs,513,184,10424,0.025
2026-09-13 06:12:59.593,1,2,Read Discrete Inputs,4,12,52793,0.476
2026-09-13 06:12:59.618,1,2,Read Discrete Inputs,512,185,47289,0.025
2026-09-13 06:13:03.094,1,2,Read Discrete Inputs,4,12,52793,0.477
2026-09-13 06:13:03.118,1,2,Read Discrete Inputs,512,185,47289,0.024
2026-09-13 06:13:06.594,1,2,Read Discrete Inputs,4,12,52793,0.477
2026-09-13 06:13:06.618,1,2,Read Discrete Inputs,512,185,47289,0.024
2026-09-13 06:13:10.094,1,2,Read Discrete Inputs,4,12,52793,0.477
2026-09-13 06:13:10.118,1,2,Read Discrete Inputs,512,185,47289,0.024
2026-09-13 06:13:13.594,1,2,Read Discrete Inputs,4,12,52793,0.477
2026-09-13 06:13:13.619,1,2,Read Discrete Inputs,512,185,47289,0.025
2026-09-13 06:13:17.094,1,2,Read Discrete Inputs,4,12,52793,0.477
2026-09-13 06:13:17.119,1,2,Read Discrete Inputs,512,185,47289,0.025
2026-09-13 06:13:20.594,1,2,Read Discrete Inputs,4,12,52793,0.476
2026-09-13 06:13:20.619,1,2,Read Discrete Inputs,512,185,47289,0.025
2026-09-13 06:13:24.094,1,2,Read Discrete Inputs,4,12,52793,0.476
2026-09-13 06:13:24.119,1,2,Read Discrete Inputs,513,184,10424,0.025
2026-09-13 06:13:27.594,1,2,Read Discrete Inputs,4,12,52793,0.476
2026-09-13 06:13:27.619,1,2,Read Discrete Inputs,512,185,47289,0.025
2026-09-13 06:13:31.094,1,2,Read Discrete Inputs,4,12,52793,0.476
2026-09-13 06:13:31.119,1,2,Read Discrete Inputs,512,185,47289,0.025
2026-09-13 06:13:34.594,1,2,Read Discrete Inputs,4,12,52793,0.476
2026-09-13 06:13:34.619,1,2,Read Discrete Inputs,512,185,47289,0.025
2026-09-13 06:13:38.094,1,2,Read Discrete Inputs,4,12,52793,0.476
2026-09-13 06:13:38.119,1,2,Read Discrete Inputs,512,185,47289,0.025
2026-09-13 06:13:41.594,1,2,Read Discrete Inputs,4,12,52793,0.476
2026-09-13 06:13:41.619,1,2,Read Discrete Inputs,513,184,10424,0.025
2026-09-13 06:13:45.095,1,2,Read Discrete Inputs,4,12,52793,0.477
2026-09-13 06:13:45.119,1,2,Read Discrete Inputs,513,184,10424,0.024
2026-09-13 06:13:48.595,1,2,Read Discrete Inputs,4,12,52793,0.477
2026-09-13 06:13:48.619,1,2,Read Discrete Inputs,513,184,10424,0.024
2026-09-13 06:13:52.095,1,2,Read Discrete Inputs,4,12,52793,0.477
2026-09-13 06:13:52.119,1,2,Read Discrete Inputs,512,185,47289,0.024
2026-09-13 06:13:55.595,1,2,Read Discrete Inputs,4,12,52793,0.477
2026-09-13 06:13:55.619,1,2,Read Discrete Inputs,513,184,10424,0.024
2026-09-13 06:13:59.095,1,2,Read Discrete Inputs,4,12,52793,0.477
2026-09-13 06:13:59.120,1,2,Read Discrete Inputs,512,185,47289,0.025
2026-09-13 06:14:02.595,1,2,Read Discrete Inputs,4,12,52793,0.476
2026-09-13 06:14:02.620,1,2,Read Discrete Inputs,513,184,10424,0.025
2026-09-13 06:14:06.095,1,2,Read Discrete Inputs,4,12,52793,0.476
2026-09-13 06:14:06.120,1,2,Read Discrete Inputs,512,185,47289,0.025
2026-09-13 06:14:09.595,1,2,Read Discrete Inputs,4,12,52793,0.476
2026-09-13 06:14:09.620,1,2,Read Discrete Inputs,512,185,47289,0.025
2026-09-13 06:14:13.095,1,2,Read Discrete Inputs,4,12,52793,0.476
2026-09-13 06:14:13.120,1,2,Read Discrete Inputs,512,185,47289,0.025
2026-09-13 06:14:16.595,1,2,Read Discrete Inputs,4,12,52793,0.476
2026-09-13 06:14:16.620,1,2,Read Discrete Inputs,512,185,47289,0.025
2026-09-13 06:14:20.095,1,2,Read Discrete Inputs,4,12,52793,0.476
2026-09-13 06:14:20.120,1,2,Read Discrete Inputs,513,184,10424,0.025
2026-09-13 06:14:23.595,1,2,Read Discrete Inputs,4,12,52793,0.476
2026-09-13 06:14:23.620,1,2,Read Discrete Inputs,512,185,47289,0.025
2026-09-13 06:14:27.096,1,2,Read Discrete Inputs,4,12,52793,0.477
2026-09-13 06:14:27.120,1,2,Read Discrete Inputs,512,185,47289,0.024
2026-09-13 06:14:30.596,1,2,Read Discrete Inputs,4,12,52793,0.477
2026-09-13 06:14:30.620,1,2,Read Discrete Inputs,512,185,47289,0.024
2026-09-13 06:14:34.096,1,2,Read Discrete Inputs,4,12,52793,0.477
2026-09-13 06:14:34.120,1,2,Read Discrete Inputs,513,184,10424,0.024
2026-09-13 06:14:37.596,1,2,Read Discrete Inputs,4,12,52793,0.477
2026-09-13 06:14:37.621,1,2,Read Discrete Inputs,513,184,10424,0.025
2026-09-13 06:14:41.096,1,2,Read Discrete Inputs,4,12,52793,0.477
2026-09-13 06:14:41.121,1,2,Read Discrete Inputs,513,184,10424,0.025
2026-09-13 06:14:44.596,1,2,Read Discrete Inputs,4,12,52793,0.476
2026-09-13 06:14:44.621,1,2,Read Discrete Inputs,513,184,10424,0.025
2026-09-13 06:14:48.096,1,2,Read Discrete Inputs,4,12,52793,0.476
2026-09-13 06:14:48.121,1,2,Read Discrete Inputs,512,185,47289,0.025
2026-09-13 06:14:51.596,1,2,Read Discrete Inputs,4,12,52793,0.476
2026-09-13 06:14:51.621,1,2,Read Discrete Inputs,512,185,47289,0.025
2026-09-13 06:14:55.096,1,2,Read Discrete Inputs,4,12,52793,0.476
2026-09-13 06:14:55.121,1,2,Read Discrete Inputs,513,184,10424,0.025
2026-09-13 06:14:58.596,1,2,Read Discrete Inputs,4,12,52793,0.476
2026-09-13 06:14:58.621,1,2,Read Discrete Inputs,512,185,47289,0.025
2026-09-13 06:15:02.096,1,2,Read Discrete Inputs,4,12,52793,0.476
2026-09-13 06:15:02.121,1,2,Read Discrete Inputs,513,184,10424,0.025
2026-09-13 06:15:05.596,1,2,Read Discrete Inputs,4,12,52793,0.088
2026-09-13 06:15:05.621,1,2,Read Discrete Inputs,512,185,47289,0.025
2026-09-13 06:15:09.096,1,2,Read Discrete Inputs,4,12,52793,0.476
2026-09-13 06:15:09.121,1,2,Read Discrete Inputs,512,185,47289,0.025
2026-09-13 06:15:12.597,1,2,Read Discrete Inputs,4,12,52793,0.477
2026-09-13 06:15:12.621,1,2,Read Discrete Inputs,512,185,47289,0.024
2026-09-13 06:15:16.097,1,2,Read Discrete Inputs,4,12,52793,0.477
2026-09-13 06:15:16.121,1,2,Read Discrete Inputs,513,184,10424,0.024
2026-09-13 06:15:19.597,1,2,Read Discrete Inputs,4,12,52793,0.477
2026-09-13 06:15:19.622,1,2,Read Discrete Inputs,512,185,47289,0.025
2026-09-13 06:15:23.097,1,2,Read Discrete Inputs,4,12,52793,0.477
2026-09-13 06:15:23.122,1,2,Read Discrete Inputs,512,185,47289,0.025
2026-09-13 06:15:26.597,1,2,Read Discrete Inputs,4,12,52793,0.477
2026-09-13 06:15:26.622,1,2,Read Discrete Inputs,513,184,10424,0.025
2026-09-13 06:15:30.097,1,2,Read Discrete Inputs,4,12,52793,0.476
2026-09-13 06:15:30.122,1,2,Read Discrete Inputs,513,184,10424,0.025
2026-09-13 06:15:33.597,1,2,Read Discrete Inputs,4,12,52793,0.476
2026-09-13 06:15:33.622,1,2,Read Discrete Inputs,513,184,10424,0.025
2026-09-13 06:15:37.097,1,2,Read Discrete Inputs,4,12,52793,0.476
2026-09-13 06:15:37.122,1,2,Read Discrete Inputs,513,184,10424,0.025
2026-09-13 06:15:40.597,1,2,Read Discrete Inputs,4,12,52793,0.476
2026-09-13 06:15:40.622,1,2,Read Discrete Inputs,513,184,10424,0.025
2026-09-13 06:15:44.097,1,2,Read Discrete Inputs,4,12,52793,0.476
2026-09-13 06:15:44.122,1,2,Read Discrete Inputs,512,185,47289,0.025
2026-09-13 06:15:47.790,1,2,Read Discrete Inputs,4,12,52793,0.13
2026-09-13 06:15:47.815,1,2,Read Discrete Inputs,513,184,10424,0.025
2026-09-13 06:15:51.290,1,2,Read Discrete Inputs,4,12,52793,0.476
2026-09-13 06:15:51.315,1,2,Read Discrete Inputs,512,185,47289,0.025
2026-09-13 06:15:54.791,1,2,Read Discrete Inputs,4,12,52793,0.477
2026-09-13 06:15:54.815,1,2,Read Discrete Inputs,512,185,47289,0.024
2026-09-13 06:15:58.291,1,2,Read Discrete Inputs,4,12,52793,0.477
2026-09-13 06:15:58.315,1,2,Read Discrete Inputs,512,185,47289,0.024
2026-09-13 06:16:01.791,1,2,Read Discrete Inputs,4,12,52793,0.477
2026-09-13 06:16:01.816,1,2,Read Discrete Inputs,513,184,10424,0.025
2026-09-13 06:16:05.291,1,2,Read Discrete Inputs,4,12,52793,0.476
2026-09-13 06:16:05.316,1,2,Read Discrete Inputs,512,185,47289,0.025
2026-09-13 06:16:08.791,1,2,Read Discrete Inputs,4,12,52793,0.477
2026-09-13 06:16:08.816,1,2,Read Discrete Inputs,513,184,10424,0.025
2026-09-13 06:16:12.291,1,2,Read Discrete Inputs,4,12,52793,0.476
2026-09-13 06:16:12.316,1,2,Read Discrete Inputs,512,185,47289,0.025
2026-09-13 06:16:15.791,1,2,Read Discrete Inputs,4,12,52793,0.476
2026-09-13 06:16:15.816,1,2,Read Discrete Inputs,513,184,10424,0.025
2026-09-13 06:16:19.291,1,2,Read Discrete Inputs,4,12,52793,0.476
2026-09-13 06:16:19.316,1,2,Read Discrete Inputs,513,184,10424,0.025
2026-09-13 06:16:22.791,1,2,Read Discrete Inputs,4,12,52793,0.476
2026-09-13 06:16:22.816,1,2,Read Discrete Inputs,513,184,10424,0.025
2026-09-13 06:16:26.291,1,2,Read Discrete Inputs,4,12,52793,0.476
2026-09-13 06:16:26.316,1,2,Read Discrete Inputs,513,184,10424,0.025
2026-09-13 06:16:29.791,1,2,Read Discrete Inputs,4,12,52793,0.476
2026-09-13 06:16:29.816,1,2,Read Discrete Inputs,512,185,47289,0.025
2026-09-13 06:16:33.291,1,2,Read Discrete Inputs,4,12,52793,0.475
2026-09-13 06:16:33.316,1,2,Read Discrete Inputs,512,185,47289,0.025
2026-09-13 06:16:36.792,1,2,Read Discrete Inputs,4,12,52793,0.477
2026-09-13 06:16:36.816,1,2,Read Discrete Inputs,513,184,10424,0.024
2026-09-13 06:16:40.292,1,2,Read Discrete Inputs,4,12,52793,0.477
2026-09-13 06:16:40.316,1,2,Read Discrete Inputs,513,184,10424,0.024
2026-09-13 06:16:43.792,1,2,Read Discrete Inputs,4,12,52793,0.477
2026-09-13 06:16:43.816,1,2,Read Discrete Inputs,513,184,10424,0.024
2026-09-13 06:16:47.292,1,2,Read Discrete Inputs,4,12,52793,0.477
2026-09-13 06:16:47.317,1,2,Read Discrete Inputs,513,184,10424,0.025
2026-09-13 06:16:50.792,1,2,Read Discrete Inputs,4,12,52793,0.477
2026-09-13 06:16:50.817,1,2,Read Discrete Inputs,513,184,10424,0.025
2026-09-13 06:16:54.292,1,2,Read Discrete Inputs,4,12,52793,0.476
2026-09-13 06:16:54.317,1,2,Read Discrete Inputs,512,185,47289,0.025
2026-09-13 06:16:57.792,1,2,Read Discrete Inputs,4,12,52793,0.476
2026-09-13 06:16:57.817,1,2,Read Discrete Inputs,513,184,10424,0.025
2026-09-13 06:17:01.292,1,2,Read Discrete Inputs,4,12,52793,0.476
2026-09-13 06:17:01.317,1,2,Read Discrete Inputs,513,184,10424,0.025
2026-09-13 06:17:04.792,1,2,Read Discrete Inputs,4,12,52793,0.476
2026-09-13 06:17:04.817,1,2,Read Discrete Inputs,513,184,10424,0.025
2026-09-13 06:17:08.292,1,2,Read Discrete Inputs,4,12,52793,0.476
2026-09-13 06:17:08.317,1,2,Read Discrete Inputs,513,184,10424,0.025
2026-09-13 06:17:11.792,1,2,Read Discrete Inputs,4,12,52793,0.476
2026-09-13 06:17:11.817,1,2,Read Discrete Inputs,512,185,47289,0.025
2026-09-13 06:17:15.292,1,2,Read Discrete Inputs,4,12,52793,0.476
2026-09-13 06:17:15.317,1,2,Read Discrete Inputs,512,185,47289,0.025
2026-09-13 06:17:18.792,1,2,Read Discrete Inputs,4,12,52793,0.476
2026-09-13 06:17:18.817,1,2,Read Discrete Inputs,513,184,10424,0.025
2026-09-13 06:17:22.293,1,2,Read Discrete Inputs,4,12,52793,0.477
2026-09-13 06:17:22.317,1,2,Read Discrete Inputs,513,184,10424,0.024
2026-09-13 06:17:25.793,1,2,Read Discrete Inputs,4,12,52793,0.477
2026-09-13 06:17:25.817,1,2,Read Discrete Inputs,513,184,10424,0.024
2026-09-13 06:17:29.293,1,2,Read Discrete Inputs,4,12,52793,0.477
2026-09-13 06:17:29.318,1,2,Read Discrete Inputs,513,184,10424,0.025
2026-09-13 06:17:32.793,1,2,Read Discrete Inputs,4,12,52793,0.477
2026-09-13 06:17:32.818,1,2,Read Discrete Inputs,512,185,47289,0.025
2026-09-13 06:17:36.293,1,2,Read Discrete Inputs,4,12,52793,0.476
2026-09-13 06:17:36.318,1,2,Read Discrete Inputs,513,184,10424,0.025
2026-09-13 06:17:39.835,1,2,Read Discrete Inputs,4,12,52793,0.026
2026-09-13 06:17:39.860,1,2,Read Discrete Inputs,513,184,10424,0.025
2026-09-13 06:17:43.335,1,2,Read Discrete Inputs,4,12,52793,0.476
2026-09-13 06:17:43.360,1,2,Read Discrete Inputs,513,184,10424,0.025
2026-09-13 06:17:46.835,1,2,Read Discrete Inputs,4,12,52793,0.476
2026-09-13 06:17:46.860,1,2,Read Discrete Inputs,512,185,47289,0.025
2026-09-13 06:17:50.335,1,2,Read Discrete Inputs,4,12,52793,0.476
2026-09-13 06:17:50.360,1,2,Read Discrete Inputs,512,185,47289,0.025
2026-09-13 06:17:53.835,1,2,Read Discrete Inputs,4,12,52793,0.476
2026-09-13 06:17:53.860,1,2,Read Discrete Inputs,512,185,47289,0.025
2026-09-13 06:17:57.335,1,2,Read Discrete Inputs,4,12,52793,0.476
2026-09-13 06:17:57.360,1,2,Read Discrete Inputs,513,184,10424,0.025
2026-09-13 06:18:00.835,1,2,Read Discrete Inputs,4,12,52793,0.476
2026-09-13 06:18:00.860,1,2,Read Discrete Inputs,513,184,10424,0.025
2026-09-13 06:18:04.336,1,2,Read Discrete Inputs,4,12,52793,0.477
2026-09-13 06:18:04.360,1,2,Read Discrete Inputs,512,185,47289,0.024
2026-09-13 06:18:07.836,1,2,Read Discrete Inputs,4,12,52793,0.477
2026-09-13 06:18:07.860,1,2,Read Discrete Inputs,513,184,10424,0.024
2026-09-13 06:18:11.336,1,2,Read Discrete Inputs,4,12,52793,0.477
2026-09-13 06:18:11.360,1,2,Read Discrete Inputs,512,185,47289,0.024
2026-09-13 06:18:14.836,1,2,Read Discrete Inputs,4,12,52793,0.477
2026-09-13 06:18:14.861,1,2,Read Discrete Inputs,512,185,47289,0.025
2026-09-13 06:18:18.336,1,2,Read Discrete Inputs,4,12,52793,0.477
2026-09-13 06:18:18.361,1,2,Read Discrete Inputs,513,184,10424,0.025
2026-09-13 06:18:21.836,1,2,Read Discrete Inputs,4,12,52793,0.337
2026-09-13 06:18:21.861,1,2,Read Discrete Inputs,512,185,47289,0.025
2026-09-13 06:18:25.336,1,2,Read Discrete Inputs,4,12,52793,0.476
2026-09-13 06:18:25.361,1,2,Read Discrete Inputs,512,185,47289,0.025
2026-09-13 06:18:28.836,1,2,Read Discrete Inputs,4,12,52793,0.476
2026-09-13 06:18:28.861,1,2,Read Discrete Inputs,513,184,10424,0.025
2026-09-13 06:18:32.336,1,2,Read Discrete Inputs,4,12,52793,0.476
2026-09-13 06:18:32.361,1,2,Read Discrete Inputs,513,184,10424,0.025
2026-09-13 06:18:35.836,1,2,Read Discrete Inputs,4,12,52793,0.476
2026-09-13 06:18:35.861,1,2,Read Discrete Inputs,512,185,47289,0.025
2026-09-13 06:18:39.336,1,2,Read Discrete Inputs,4,12,52793,0.476
2026-09-13 06:18:39.361,1,2,Read Discrete Inputs,513,184,10424,0.025
2026-09-13 06:18:42.836,1,2,Read Discrete Inputs,4,12,52793,0.476
2026-09-13 06:18:42.861,1,2,Read Discrete Inputs,512,185,47289,0.025
2026-09-13 06:18:46.337,1,2,Read Discrete Inputs,4,12,52793,0.477
2026-09-13 06:18:46.361,1,2,Read Discrete Inputs,513,184,10424,0.024
2026-09-13 06:18:49.837,1,2,Read Discrete Inputs,4,12,52793,0.477
2026-09-13 06:18:49.861,1,2,Read Discrete Inputs,512,185,47289,0.024
2026-09-13 06:18:53.337,1,2,Read Discrete Inputs,4,12,52793,0.477
2026-09-13 06:18:53.361,1,2,Read Discrete Inputs,513,184,10424,0.024
2026-09-13 06:18:56.837,1,2,Read Discrete Inputs,4,12,52793,0.477
2026-09-13 06:18:56.862,1,2,Read Discrete Inputs,512,185,47289,0.025
2026-09-13 06:19:00.337,1,2,Read Discrete Inputs,4,12,52793,0.316
2026-09-13 06:19:00.362,1,2,Read Discrete Inputs,513,184,10424,0.025
2026-09-13 06:19:03.837,1,2,Read Discrete Inputs,4,12,52793,0.477
2026-09-13 06:19:03.862,1,2,Read Discrete Inputs,512,185,47289,0.025
2026-09-13 06:19:07.337,1,2,Read Discrete Inputs,4,12,52793,0.476
2026-09-13 06:19:07.362,1,2,Read Discrete Inputs,513,184,10424,0.025
2026-09-13 06:19:10.837,1,2,Read Discrete Inputs,4,12,52793,0.476
2026-09-13 06:19:10.862,1,2,Read Discrete Inputs,512,185,47289,0.025
2026-09-13 06:19:14.337,1,2,Read Discrete Inputs,4,12,52793,0.476
2026-09-13 06:19:14.362,1,2,Read Discrete Inputs,512,185,47289,0.025
2026-09-13 06:19:17.837,1,2,Read Discrete Inputs,4,12,52793,0.476
2026-09-13 06:19:17.862,1,2,Read Discrete Inputs,513,184,10424,0.025
2026-09-13 06:19:21.337,1,2,Read Discrete Inputs,4,12,52793,0.476
2026-09-13 06:19:21.362,1,2,Read Discrete Inputs,512,185,47289,0.025
2026-09-13 06:19:24.837,1,2,Read Discrete Inputs,4,12,52793,0.476
2026-09-13 06:19:24.862,1,2,Read Discrete Inputs,513,184,10424,0.025
2026-09-13 06:19:28.337,1,2,Read Discrete Inputs,4,12,52793,0.476
2026-09-13 06:19:28.362,1,2,Read Discrete Inputs,512,185,47289,0.025
2026-09-13 06:19:31.838,1,2,Read Discrete Inputs,4,12,52793,0.477
2026-09-13 06:19:31.862,1,2,Read Discrete Inputs,512,185,47289,0.024
2026-09-13 06:19:35.338,1,2,Read Discrete Inputs,4,12,52793,0.477
2026-09-13 06:19:35.362,1,2,Read Discrete Inputs,513,184,10424,0.024
2026-09-13 06:19:38.843,1,2,Read Discrete Inputs,4,12,52793,0.477
2026-09-13 06:19:38.867,1,2,Read Discrete Inputs,512,185,47289,0.024
2026-09-13 06:19:42.343,1,2,Read Discrete Inputs,4,12,52793,0.477
2026-09-13 06:19:42.368,1,2,Read Discrete Inputs,512,185,47289,0.025
2026-09-13 06:19:45.843,1,2,Read Discrete Inputs,4,12,52793,0.477
2026-09-13 06:19:45.868,1,2,Read Discrete Inputs,512,185,47289,0.025
2026-09-13 06:19:49.343,1,2,Read Discrete Inputs,4,12,52793,0.476
2026-09-13 06:19:49.368,1,2,Read Discrete Inputs,513,184,10424,0.025
2026-09-13 06:19:52.843,1,2,Read Discrete Inputs,4,12,52793,0.476
2026-09-13 06:19:52.868,1,2,Read Discrete Inputs,512,185,47289,0.025
2026-09-13 06:19:56.343,1,2,Read Discrete Inputs,4,12,52793,0.476
2026-09-13 06:19:56.368,1,2,Read Discrete Inputs,512,185,47289,0.025
2026-09-13 06:19:59.843,1,2,Read Discrete Inputs,4,12,52793,0.476
2026-09-13 06:19:59.868,1,2,Read Discrete Inputs,513,184,10424,0.025
2026-09-13 06:20:04.431,1,2,Read Discrete Inputs,4,12,52793,2.08
2026-09-13 06:20:04.455,1,2,Read Discrete Inputs,513,184,10424,0.024
2026-09-13 06:20:07.930,1,2,Read Discrete Inputs,4,12,52793,0.476
2026-09-13 06:20:07.955,1,2,Read Discrete Inputs,512,185,47289,0.025
2026-09-13 06:20:11.430,1,2,Read Discrete Inputs,4,12,52793,0.476
2026-09-13 06:20:11.455,1,2,Read Discrete Inputs,513,184,10424,0.025
2026-09-13 06:20:14.931,1,2,Read Discrete Inputs,4,12,52793,0.477
2026-09-13 06:20:14.955,1,2,Read Discrete Inputs,512,185,47289,0.024
2026-09-13 06:20:18.431,1,2,Read Discrete Inputs,4,12,52793,0.477
2026-09-13 06:20:18.455,1,2,Read Discrete Inputs,513,184,10424,0.024
2026-09-13 06:20:21.931,1,2,Read Discrete Inputs,4,12,52793,0.477
2026-09-13 06:20:21.955,1,2,Read Discrete Inputs,512,185,47289,0.024
2026-09-13 06:20:25.431,1,2,Read Discrete Inputs,4,12,52793,0.477
2026-09-13 06:20:25.455,1,2,Read Discrete Inputs,513,184,10424,0.024
2026-09-13 06:20:28.931,1,2,Read Discrete Inputs,4,12,52793,0.477
2026-09-13 06:20:28.956,1,2,Read Discrete Inputs,513,184,10424,0.025
2026-09-13 06:20:32.431,1,2,Read Discrete Inputs,4,12,52793,0.477
2026-09-13 06:20:32.456,1,2,Read Discrete Inputs,513,184,10424,0.025
2026-09-13 06:20:35.931,1,2,Read Discrete Inputs,4,12,52793,0.476
2026-09-13 06:20:35.956,1,2,Read Discrete Inputs,512,185,47289,0.025
2026-09-13 06:20:39.431,1,2,Read Discrete Inputs,4,12,52793,0.476
2026-09-13 06:20:39.456,1,2,Read Discrete Inputs,513,184,10424,0.025
2026-09-13 06:20:42.931,1,2,Read Discrete Inputs,4,12,52793,0.476
2026-09-13 06:20:42.956,1,2,Read Discrete Inputs,513,184,10424,0.025
2026-09-13 06:20:46.431,1,2,Read Discrete Inputs,4,12,52793,0.476
2026-09-13 06:20:46.456,1,2,Read Discrete Inputs,513,184,10424,0.025
2026-09-13 06:20:49.931,1,2,Read Discrete Inputs,4,12,52793,0.476
2026-09-13 06:20:49.956,1,2,Read Discrete Inputs,512,185,47289,0.025
2026-09-13 06:20:53.431,1,2,Read Discrete Inputs,4,12,52793,0.476
2026-09-13 06:20:53.456,1,2,Read Discrete Inputs,512,185,47289,0.025
2026-09-13 06:20:56.931,1,2,Read Discrete Inputs,4,12,52793,0.476
2026-09-13 06:20:56.956,1,2,Read Discrete Inputs,512,185,47289,0.025
2026-09-13 06:21:00.432,1,2,Read Discrete Inputs,4,12,52793,0.477
2026-09-13 06:21:00.456,1,2,Read Discrete Inputs,512,185,47289,0.024
2026-09-13 06:21:03.932,1,2,Read Discrete Inputs,4,12,52793,0.477
2026-09-13 06:21:03.956,1,2,Read Discrete Inputs,513,184,10424,0.024
2026-09-13 06:21:07.432,1,2,Read Discrete Inputs,4,12,52793,0.477
2026-09-13 06:21:07.456,1,2,Read Discrete Inputs,513,184,10424,0.024
2026-09-13 06:21:10.932,1,2,Read Discrete Inputs,4,12,52793,0.477
2026-09-13 06:21:10.956,1,2,Read Discrete Inputs,513,184,10424,0.024
2026-09-13 06:21:14.432,1,2,Read Discrete Inputs,4,12,52793,0.477
2026-09-13 06:21:14.457,1,2,Read Discrete Inputs,512,185,47289,0.025
2026-09-13 06:21:17.932,1,2,Read Discrete Inputs,4,12,52793,0.476
2026-09-13 06:21:17.957,1,2,Read Discrete Inputs,513,184,10424,0.025
2026-09-13 06:21:21.432,1,2,Read Discrete Inputs,4,12,52793,0.475
2026-09-13 06:21:21.458,1,2,Read Discrete Inputs,512,185,47289,0.026
2026-09-13 06:21:24.932,1,2,Read Discrete Inputs,4,12,52793,0.476
2026-09-13 06:21:24.957,1,2,Read Discrete Inputs,512,185,47289,0.025
2026-09-13 06:21:28.432,1,2,Read Discrete Inputs,4,12,52793,0.476
2026-09-13 06:21:28.457,1,2,Read Discrete Inputs,513,184,10424,0.025
2026-09-13 06:21:31.932,1,2,Read Discrete Inputs,4,12,52793,0.476
2026-09-13 06:21:31.957,1,2,Read Discrete Inputs,513,184,10424,0.025
2026-09-13 06:21:35.432,1,2,Read Discrete Inputs,4,12,52793,0.476
2026-09-13 06:21:35.457,1,2,Read Discrete Inputs,513,184,10424,0.025
2026-09-13 06:21:38.932,1,2,Read Discrete Inputs,4,12,52793,0.476
2026-09-13 06:21:38.957,1,2,Read Discrete Inputs,512,185,47289,0.025
2026-09-13 06:21:42.432,1,2,Read Discrete Inputs,4,12,52793,0.476
2026-09-13 06:21:42.457,1,2,Read Discrete Inputs,512,185,47289,0.025
2026-09-13 06:21:45.933,1,2,Read Discrete Inputs,4,12,52793,0.477
2026-09-13 06:21:45.957,1,2,Read Discrete Inputs,513,184,10424,0.024
2026-09-13 06:21:49.433,1,2,Read Discrete Inputs,4,12,52793,0.477
2026-09-13 06:21:49.457,1,2,Read Discrete Inputs,513,184,10424,0.024
2026-09-13 06:21:52.933,1,2,Read Discrete Inputs,4,12,52793,0.477
2026-09-13 06:21:52.957,1,2,Read Discrete Inputs,512,185,47289,0.024
2026-09-13 06:21:56.433,1,2,Read Discrete Inputs,4,12,52793,0.477
2026-09-13 06:21:56.458,1,2,Read Discrete Inputs,513,184,10424,0.025
2026-09-13 06:21:59.933,1,2,Read Discrete Inputs,4,12,52793,0.477
2026-09-13 06:21:59.958,1,2,Read Discrete Inputs,513,184,10424,0.025
2026-09-13 06:22:03.433,1,2,Read Discrete Inputs,4,12,52793,0.476
2026-09-13 06:22:03.458,1,2,Read Discrete Inputs,512,185,47289,0.025
2026-09-13 06:22:06.933,1,2,Read Discrete Inputs,4,12,52793,0.476
2026-09-13 06:22:06.958,1,2,Read Discrete Inputs,512,185,47289,0.025
2026-09-13 06:22:10.433,1,2,Read Discrete Inputs,4,12,52793,0.476
2026-09-13 06:22:10.458,1,2,Read Discrete Inputs,513,184,10424,0.025
2026-09-13 06:22:13.933,1,2,Read Discrete Inputs,4,12,52793,0.476
2026-09-13 06:22:13.958,1,2,Read Discrete Inputs,513,184,10424,0.025
2026-09-13 06:22:17.433,1,2,Read Discrete Inputs,4,12,52793,0.476
2026-09-13 06:22:17.458,1,2,Read Discrete Inputs,512,185,47289,0.025
2026-09-13 06:22:20.933,1,2,Read Discrete Inputs,4,12,52793,0.476
2026-09-13 06:22:20.958,1,2,Read Discrete Inputs,513,184,10424,0.025
2026-09-13 06:22:24.433,1,2,Read Discrete Inputs,4,12,52793,0.476
2026-09-13 06:22:24.458,1,2,Read Discrete Inputs,513,184,10424,0.025
2026-09-13 06:22:27.933,1,2,Read Discrete Inputs,4,12,52793,0.476
2026-09-13 06:22:27.958,1,2,Read Discrete Inputs,513,184,10424,0.025
2026-09-13 06:22:31.434,1,2,Read Discrete Inputs,4,12,52793,0.477
2026-09-13 06:22:31.458,1,2,Read Discrete Inputs,512,185,47289,0.024
2026-09-13 06:22:34.934,1,2,Read Discrete Inputs,4,12,52793,0.477
2026-09-13 06:22:34.958,1,2,Read Discrete Inputs,512,185,47289,0.024
2026-09-13 06:22:38.434,1,2,Read Discrete Inputs,4,12,52793,0.477
2026-09-13 06:22:38.459,1,2,Read Discrete Inputs,513,184,10424,0.025
2026-09-13 06:22:41.934,1,2,Read Discrete Inputs,4,12,52793,0.477
2026-09-13 06:22:41.959,1,2,Read Discrete Inputs,512,185,47289,0.025
2026-09-13 06:22:45.434,1,2,Read Discrete Inputs,4,12,52793,0.477
2026-09-13 06:22:45.459,1,2,Read Discrete Inputs,512,185,47289,0.025
2026-09-13 06:22:48.934,1,2,Read Discrete Inputs,4,12,52793,0.476
2026-09-13 06:22:48.959,1,2,Read Discrete Inputs,513,184,10424,0.025
2026-09-13 06:22:52.434,1,2,Read Discrete Inputs,4,12,52793,0.476
2026-09-13 06:22:52.459,1,2,Read Discrete Inputs,513,184,10424,0.025
2026-09-13 06:22:55.934,1,2,Read Discrete Inputs,4,12,52793,0.476
2026-09-13 06:22:55.959,1,2,Read Discrete Inputs,513,184,10424,0.025
2026-09-13 06:22:59.434,1,2,Read Discrete Inputs,4,12,52793,0.476
2026-09-13 06:22:59.459,1,2,Read Discrete Inputs,512,185,47289,0.025
2026-09-13 06:23:02.934,1,2,Read Discrete Inputs,4,12,52793,0.476
2026-09-13 06:23:02.959,1,2,Read Discrete Inputs,513,184,10424,0.025
2026-09-13 06:23:06.444,1,2,Read Discrete Inputs,4,12,52793,0.026
2026-09-13 06:23:06.469,1,2,Read Discrete Inputs,512,185,47289,0.025
2026-09-13 06:23:09.943,1,2,Read Discrete Inputs,4,12,52793,0.476
2026-09-13 06:23:09.968,1,2,Read Discrete Inputs,513,184,10424,0.025
2026-09-13 06:23:13.444,1,2,Read Discrete Inputs,4,12,52793,0.477
2026-09-13 06:23:13.468,1,2,Read Discrete Inputs,513,184,10424,0.024
2026-09-13 06:23:16.944,1,2,Read Discrete Inputs,4,12,52793,0.477
2026-09-13 06:23:16.968,1,2,Read Discrete Inputs,512,185,47289,0.024
2026-09-13 06:23:20.444,1,2,Read Discrete Inputs,4,12,52793,0.477
2026-09-13 06:23:20.468,1,2,Read Discrete Inputs,513,184,10424,0.024
2026-09-13 06:23:23.944,1,2,Read Discrete Inputs,4,12,52793,0.477
2026-09-13 06:23:23.969,1,2,Read Discrete Inputs,512,185,47289,0.025
2026-09-13 06:23:27.444,1,2,Read Discrete Inputs,4,12,52793,0.476
2026-09-13 06:23:27.469,1,2,Read Discrete Inputs,512,185,47289,0.025
2026-09-13 06:23:30.944,1,2,Read Discrete Inputs,4,12,52793,0.476
2026-09-13 06:23:30.969,1,2,Read Discrete Inputs,512,185,47289,0.025
2026-09-13 06:23:34.444,1,2,Read Discrete Inputs,4,12,52793,0.476
2026-09-13 06:23:34.469,1,2,Read Discrete Inputs,512,185,47289,0.025
2026-09-13 06:23:37.944,1,2,Read Discrete Inputs,4,12,52793,0.476
2026-09-13 06:23:37.969,1,2,Read Discrete Inputs,512,185,47289,0.025
2026-09-13 06:23:41.444,1,2,Read Discrete Inputs,4,12,52793,0.476
2026-09-13 06:23:41.469,1,2,Read Discrete Inputs,512,185,47289,0.025
2026-09-13 06:23:44.944,1,2,Read Discrete Inputs,4,12,52793,0.476
2026-09-13 06:23:44.969,1,2,Read Discrete Inputs,513,184,10424,0.025
2026-09-13 06:23:48.444,1,2,Read Discrete Inputs,4,12,52793,0.476
2026-09-13 06:23:48.469,1,2,Read Discrete Inputs,512,185,47289,0.025
2026-09-13 06:23:51.944,1,2,Read Discrete Inputs,4,12,52793,0.476
2026-09-13 06:23:51.969,1,2,Read Discrete Inputs,513,184,10424,0.025
2026-09-13 06:23:55.444,1,2,Read Discrete Inputs,4,12,52793,0.476
2026-09-13 06:23:55.469,1,2,Read Discrete Inputs,512,185,47289,0.025
2026-09-13 06:23:58.945,1,2,Read Discrete Inputs,4,12,52793,0.477
2026-09-13 06:23:58.969,1,2,Read Discrete Inputs,512,185,47289,0.024
2026-09-13 06:24:02.445,1,2,Read Discrete Inputs,4,12,52793,0.477
2026-09-13 06:24:02.469,1,2,Read Discrete Inputs,513,184,10424,0.024
2026-09-13 06:24:05.945,1,2,Read Discrete Inputs,4,12,52793,0.477
2026-09-13 06:24:05.969,1,2,Read Discrete Inputs,513,184,10424,0.024
2026-09-13 06:24:09.445,1,2,Read Discrete Inputs,4,12,52793,0.477
2026-09-13 06:24:09.469,1,2,Read Discrete Inputs,513,184,10424,0.024
2026-09-13 06:24:12.945,1,2,Read Discrete Inputs,4,12,52793,0.477
2026-09-13 06:24:12.970,1,2,Read Discrete Inputs,513,184,10424,0.025
2026-09-13 06:24:16.445,1,2,Read Discrete Inputs,4,12,52793,0.476
2026-09-13 06:24:16.470,1,2,Read Discrete Inputs,512,185,47289,0.025
2026-09-13 06:24:19.945,1,2,Read Discrete Inputs,4,12,52793,0.476
2026-09-13 06:24:19.970,1,2,Read Discrete Inputs,512,185,47289,0.025
2026-09-13 06:24:23.445,1,2,Read Discrete Inputs,4,12,52793,0.476
2026-09-13 06:24:23.470,1,2,Read Discrete Inputs,512,185,47289,0.025
2026-09-13 06:24:27.272,1,2,Read Discrete Inputs,4,12,52793,0.476
2026-09-13 06:24:27.297,1,2,Read Discrete Inputs,512,185,47289,0.025
2026-09-13 06:24:30.772,1,2,Read Discrete Inputs,4,12,52793,0.476
2026-09-13 06:24:30.797,1,2,Read Discrete Inputs,512,185,47289,0.025
2026-09-13 06:24:34.272,1,2,Read Discrete Inputs,4,12,52793,0.476
2026-09-13 06:24:34.297,1,2,Read Discrete Inputs,512,185,47289,0.025
2026-09-13 06:24:37.772,1,2,Read Discrete Inputs,4,12,52793,0.476
2026-09-13 06:24:37.797,1,2,Read Discrete Inputs,512,185,47289,0.025
2026-09-13 06:24:41.272,1,2,Read Discrete Inputs,4,12,52793,0.476
2026-09-13 06:24:41.297,1,2,Read Discrete Inputs,512,185,47289,0.025
2026-09-13 06:24:44.773,1,2,Read Discrete Inputs,4,12,52793,0.477
2026-09-13 06:24:44.797,1,2,Read Discrete Inputs,512,185,47289,0.024
2026-09-13 06:24:48.273,1,2,Read Discrete Inputs,4,12,52793,0.477
2026-09-13 06:24:48.297,1,2,Read Discrete Inputs,512,185,47289,0.024
2026-09-13 06:24:51.773,1,2,Read Discrete Inputs,4,12,52793,0.477
2026-09-13 06:24:51.797,1,2,Read Discrete Inputs,512,185,47289,0.024
2026-09-13 06:24:55.273,1,2,Read Discrete Inputs,4,12,52793,0.477
2026-09-13 06:24:55.297,1,2,Read Discrete Inputs,513,184,10424,0.024
2026-09-13 06:24:58.773,1,2,Read Discrete Inputs,4,12,52793,0.477
2026-09-13 06:24:58.798,1,2,Read Discrete Inputs,513,184,10424,0.025
2026-09-13 06:25:02.273,1,2,Read Discrete Inputs,4,12,52793,0.477
2026-09-13 06:25:02.298,1,2,Read Discrete Inputs,513,184,10424,0.025
2026-09-13 06:25:05.773,1,2,Read Discrete Inputs,4,12,52793,0.234
2026-09-13 06:25:05.798,1,2,Read Discrete Inputs,513,184,10424,0.025
2026-09-13 06:25:09.273,1,2,Read Discrete Inputs,4,12,52793,0.476
2026-09-13 06:25:09.298,1,2,Read Discrete Inputs,512,185,47289,0.025
2026-09-13 06:25:12.773,1,2,Read Discrete Inputs,4,12,52793,0.476
2026-09-13 06:25:12.798,1,2,Read Discrete Inputs,512,185,47289,0.025
2026-09-13 06:25:16.273,1,2,Read Discrete Inputs,4,12,52793,0.476
2026-09-13 06:25:16.298,1,2,Read Discrete Inputs,512,185,47289,0.025
2026-09-13 06:25:19.773,1,2,Read Discrete Inputs,4,12,52793,0.476
2026-09-13 06:25:19.798,1,2,Read Discrete Inputs,513,184,10424,0.025
2026-09-13 06:25:23.273,1,2,Read Discrete Inputs,4,12,52793,0.476
2026-09-13 06:25:23.298,1,2,Read Discrete Inputs,513,184,10424,0.025
2026-09-13 06:25:26.773,1,2,Read Discrete Inputs,4,12,52793,0.375
2026-09-13 06:25:26.798,1,2,Read Discrete Inputs,513,184,10424,0.025
2026-09-13 06:25:30.274,1,2,Read Discrete Inputs,4,12,52793,0.477
2026-09-13 06:25:30.298,1,2,Read Discrete Inputs,512,185,47289,0.024
2026-09-13 06:25:33.774,1,2,Read Discrete Inputs,4,12,52793,0.477
2026-09-13 06:25:33.798,1,2,Read Discrete Inputs,513,184,10424,0.024
2026-09-13 06:25:37.274,1,2,Read Discrete Inputs,4,12,52793,0.477
2026-09-13 06:25:37.299,1,2,Read Discrete Inputs,513,184,10424,0.025
2026-09-13 06:25:40.774,1,2,Read Discrete Inputs,4,12,52793,0.477
2026-09-13 06:25:40.799,1,2,Read Discrete Inputs,512,185,47289,0.025
2026-09-13 06:25:44.274,1,2,Read Discrete Inputs,4,12,52793,0.476
2026-09-13 06:25:44.299,1,2,Read Discrete Inputs,513,184,10424,0.025
2026-09-13 06:25:47.774,1,2,Read Discrete Inputs,4,12,52793,0.476
2026-09-13 06:25:47.799,1,2,Read Discrete Inputs,512,185,47289,0.025
2026-09-13 06:25:51.274,1,2,Read Discrete Inputs,4,12,52793,0.476
2026-09-13 06:25:51.299,1,2,Read Discrete Inputs,513,184,10424,0.025
2026-09-13 06:25:54.774,1,2,Read Discrete Inputs,4,12,52793,0.476
2026-09-13 06:25:54.799,1,2,Read Discrete Inputs,512,185,47289,0.025
2026-09-13 06:25:58.274,1,2,Read Discrete Inputs,4,12,52793,0.476
2026-09-13 06:25:58.299,1,2,Read Discrete Inputs,513,184,10424,0.025
2026-09-13 06:26:01.774,1,2,Read Discrete Inputs,4,12,52793,0.476
2026-09-13 06:26:01.799,1,2,Read Discrete Inputs,512,185,47289,0.025
2026-09-13 06:26:05.274,1,2,Read Discrete Inputs,4,12,52793,0.476
2026-09-13 06:26:05.299,1,2,Read Discrete Inputs,513,184,10424,0.025
2026-09-13 06:26:08.774,1,2,Read Discrete Inputs,4,12,52793,0.476
2026-09-13 06:26:08.799,1,2,Read Discrete Inputs,512,185,47289,0.025
2026-09-13 06:26:12.274,1,2,Read Discrete Inputs,4,12,52793,0.476
2026-09-13 06:26:12.299,1,2,Read Discrete Inputs,513,184,10424,0.025
2026-09-13 06:26:15.775,1,2,Read Discrete Inputs,4,12,52793,0.477
2026-09-13 06:26:15.799,1,2,Read Discrete Inputs,512,185,47289,0.024
2026-09-13 06:26:19.275,1,2,Read Discrete Inputs,4,12,52793,0.477
2026-09-13 06:26:19.299,1,2,Read Discrete Inputs,513,184,10424,0.024
2026-09-13 06:26:22.775,1,2,Read Discrete Inputs,4,12,52793,0.477
2026-09-13 06:26:22.800,1,2,Read Discrete Inputs,512,185,47289,0.025
2026-09-13 06:26:26.275,1,2,Read Discrete Inputs,4,12,52793,0.477
2026-09-13 06:26:26.300,1,2,Read Discrete Inputs,512,185,47289,0.025
2026-09-13 06:26:29.775,1,2,Read Discrete Inputs,4,12,52793,0.476
2026-09-13 06:26:29.800,1,2,Read Discrete Inputs,512,185,47289,0.025
2026-09-13 06:26:33.275,1,2,Read Discrete Inputs,4,12,52793,0.476
2026-09-13 06:26:33.300,1,2,Read Discrete Inputs,513,184,10424,0.025
2026-09-13 06:26:36.775,1,2,Read Discrete Inputs,4,12,52793,0.476
2026-09-13 06:26:36.800,1,2,Read Discrete Inputs,512,185,47289,0.025
2026-09-13 06:26:40.275,1,2,Read Discrete Inputs,4,12,52793,0.476
2026-09-13 06:26:40.300,1,2,Read Discrete Inputs,513,184,10424,0.025
2026-09-13 06:26:43.775,1,2,Read Discrete Inputs,4,12,52793,0.305
2026-09-13 06:26:43.800,1,2,Read Discrete Inputs,512,185,47289,0.025
2026-09-13 06:26:47.275,1,2,Read Discrete Inputs,4,12,52793,0.476
2026-09-13 06:26:47.300,1,2,Read Discrete Inputs,512,185,47289,0.025
2026-09-13 06:26:50.775,1,2,Read Discrete Inputs,4,12,52793,0.476
2026-09-13 06:26:50.800,1,2,Read Discrete Inputs,512,185,47289,0.025
2026-09-13 06:26:54.275,1,2,Read Discrete Inputs,4,12,52793,0.476
2026-09-13 06:26:54.300,1,2,Read Discrete Inputs,513,184,10424,0.025
2026-09-13 06:26:57.775,1,2,Read Discrete Inputs,4,12,52793,0.476
2026-09-13 06:26:57.800,1,2,Read Discrete Inputs,512,185,47289,0.025
2026-09-13 06:27:01.276,1,2,Read Discrete Inputs,4,12,52793,0.477
2026-09-13 06:27:01.300,1,2,Read Discrete Inputs,513,184,10424,0.024
2026-09-13 06:27:04.776,1,2,Read Discrete Inputs,4,12,52793,0.477
2026-09-13 06:27:04.800,1,2,Read Discrete Inputs,513,184,10424,0.024
2026-09-13 06:27:08.276,1,2,Read Discrete Inputs,4,12,52793,0.477
2026-09-13 06:27:08.300,1,2,Read Discrete Inputs,512,185,47289,0.024
2026-09-13 06:27:11.776,1,2,Read Discrete Inputs,4,12,52793,0.477
2026-09-13 06:27:11.801,1,2,Read Discrete Inputs,512,185,47289,0.025
2026-09-13 06:27:15.276,1,2,Read Discrete Inputs,4,12,52793,0.476
2026-09-13 06:27:15.301,1,2,Read Discrete Inputs,513,184,10424,0.025
2026-09-13 06:27:18.776,1,2,Read Discrete Inputs,4,12,52793,0.476
2026-09-13 06:27:18.801,1,2,Read Discrete Inputs,512,185,47289,0.025
2026-09-13 06:27:22.276,1,2,Read Discrete Inputs,4,12,52793,0.476
2026-09-13 06:27:22.301,1,2,Read Discrete Inputs,513,184,10424,0.025
2026-09-13 06:27:25.776,1,2,Read Discrete Inputs,4,12,52793,0.476
2026-09-13 06:27:25.801,1,2,Read Discrete Inputs,512,185,47289,0.025
2026-09-13 06:27:29.276,1,2,Read Discrete Inputs,4,12,52793,0.476
2026-09-13 06:27:29.301,1,2,Read Discrete Inputs,512,185,47289,0.025
2026-09-13 06:27:32.776,1,2,Read Discrete Inputs,4,12,52793,0.476
2026-09-13 06:27:32.801,1,2,Read Discrete Inputs,513,184,10424,0.025
2026-09-13 06:27:36.276,1,2,Read Discrete Inputs,4,12,52793,0.476
2026-09-13 06:27:36.301,1,2,Read Discrete Inputs,513,184,10424,0.025
2026-09-13 06:27:39.776,1,2,Read Discrete Inputs,4,12,52793,0.476
2026-09-13 06:27:39.801,1,2,Read Discrete Inputs,513,184,10424,0.025
2026-09-13 06:27:43.276,1,2,Read Discrete Inputs,4,12,52793,0.476
2026-09-13 06:27:43.301,1,2,Read Discrete Inputs,513,184,10424,0.025
2026-09-13 06:27:46.777,1,2,Read Discrete Inputs,4,12,52793,0.477
2026-09-13 06:27:46.801,1,2,Read Discrete Inputs,512,185,47289,0.024
2026-09-13 06:27:50.277,1,2,Read Discrete Inputs,4,12,52793,0.477
2026-09-13 06:27:50.301,1,2,Read Discrete Inputs,513,184,10424,0.024
2026-09-13 06:27:53.777,1,2,Read Discrete Inputs,4,12,52793,0.477
2026-09-13 06:27:53.801,1,2,Read Discrete Inputs,513,184,10424,0.024
2026-09-13 06:27:57.277,1,2,Read Discrete Inputs,4,12,52793,0.477
2026-09-13 06:27:57.302,1,2,Read Discrete Inputs,513,184,10424,0.025
2026-09-13 06:28:00.777,1,2,Read Discrete Inputs,4,12,52793,0.477
2026-09-13 06:28:00.802,1,2,Read Discrete Inputs,513,184,10424,0.025
2026-09-13 06:28:04.277,1,2,Read Discrete Inputs,4,12,52793,0.476
2026-09-13 06:28:04.302,1,2,Read Discrete Inputs,513,184,10424,0.025
2026-09-13 06:28:07.777,1,2,Read Discrete Inputs,4,12,52793,0.476
2026-09-13 06:28:07.802,1,2,Read Discrete Inputs,512,185,47289,0.025
2026-09-13 06:28:11.277,1,2,Read Discrete Inputs,4,12,52793,0.476
2026-09-13 06:28:11.302,1,2,Read Discrete Inputs,513,184,10424,0.025
2026-09-13 06:28:14.777,1,2,Read Discrete Inputs,4,12,52793,0.476
2026-09-13 06:28:14.802,1,2,Read Discrete Inputs,513,184,10424,0.025
2026-09-13 06:28:18.277,1,2,Read Discrete Inputs,4,12,52793,0.476
2026-09-13 06:28:18.302,1,2,Read Discrete Inputs,513,184,10424,0.025
2026-09-13 06:28:21.777,1,2,Read Discrete Inputs,4,12,52793,0.476
2026-09-13 06:28:21.802,1,2,Read Discrete Inputs,513,184,10424,0.025
2026-09-13 06:28:25.277,1,2,Read Discrete Inputs,4,12,52793,0.476
2026-09-13 06:28:25.302,1,2,Read Discrete Inputs,512,185,47289,0.025
2026-09-13 06:28:28.777,1,2,Read Discrete Inputs,4,12,52793,0.476
2026-09-13 06:28:28.802,1,2,Read Discrete Inputs,513,184,10424,0.025
2026-09-13 06:28:32.278,1,2,Read Discrete Inputs,4,12,52793,0.477
2026-09-13 06:28:32.302,1,2,Read Discrete Inputs,513,184,10424,0.024
2026-09-13 06:28:35.778,1,2,Read Discrete Inputs,4,12,52793,0.477
2026-09-13 06:28:35.802,1,2,Read Discrete Inputs,513,184,10424,0.024
2026-09-13 06:28:39.278,1,2,Read Discrete Inputs,4,12,52793,0.477
2026-09-13 06:28:39.302,1,2,Read Discrete Inputs,512,185,47289,0.024
2026-09-13 06:28:43.865,1,2,Read Discrete Inputs,4,12,52793,2.079
2026-09-13 06:28:43.892,1,2,Read Discrete Inputs,512,185,47289,0.027
2026-09-13 06:28:47.365,1,2,Read Discrete Inputs,4,12,52793,0.476
2026-09-13 06:28:47.390,1,2,Read Discrete Inputs,512,185,47289,0.025
2026-09-13 06:28:50.865,1,2,Read Discrete Inputs,4,12,52793,0.476
2026-09-13 06:28:50.890,1,2,Read Discrete Inputs,513,184,10424,0.025
2026-09-13 06:28:54.365,1,2,Read Discrete Inputs,4,12,52793,0.476
2026-09-13 06:28:54.390,1,2,Read Discrete Inputs,513,184,10424,0.025
2026-09-13 06:28:57.865,1,2,Read Discrete Inputs,4,12,52793,0.476
2026-09-13 06:28:57.890,1,2,Read Discrete Inputs,513,184,10424,0.025
2026-09-13 06:29:01.365,1,2,Read Discrete Inputs,4,12,52793,0.476
2026-09-13 06:29:01.390,1,2,Read Discrete Inputs,512,185,47289,0.025
2026-09-13 06:29:04.865,1,2,Read Discrete Inputs,4,12,52793,0.476
2026-09-13 06:29:04.890,1,2,Read Discrete Inputs,513,184,10424,0.025
2026-09-13 06:29:08.365,1,2,Read Discrete Inputs,4,12,52793,0.476
2026-09-13 06:29:08.390,1,2,Read Discrete Inputs,512,185,47289,0.025
2026-09-13 06:29:11.865,1,2,Read Discrete Inputs,4,12,52793,0.476
2026-09-13 06:29:11.890,1,2,Read Discrete Inputs,512,185,47289,0.025
2026-09-13 06:29:15.366,1,2,Read Discrete Inputs,4,12,52793,0.477
2026-09-13 06:29:15.390,1,2,Read Discrete Inputs,513,184,10424,0.024
2026-09-13 06:29:18.866,1,2,Read Discrete Inputs,4,12,52793,0.477
2026-09-13 06:29:18.890,1,2,Read Discrete Inputs,512,185,47289,0.024
2026-09-13 06:29:22.366,1,2,Read Discrete Inputs,4,12,52793,0.477
2026-09-13 06:29:22.390,1,2,Read Discrete Inputs,512,185,47289,0.024
2026-09-13 06:29:25.866,1,2,Read Discrete Inputs,4,12,52793,0.477
2026-09-13 06:29:25.891,1,2,Read Discrete Inputs,512,185,47289,0.025
2026-09-13 06:29:29.366,1,2,Read Discrete Inputs,4,12,52793,0.477
2026-09-13 06:29:29.391,1,2,Read Discrete Inputs,512,185,47289,0.025
2026-09-13 06:29:32.866,1,2,Read Discrete Inputs,4,12,52793,0.476
2026-09-13 06:29:32.891,1,2,Read Discrete Inputs,513,184,10424,0.025
2026-09-13 06:29:36.366,1,2,Read Discrete Inputs,4,12,52793,0.476
2026-09-13 06:29:36.391,1,2,Read Discrete Inputs,512,185,47289,0.025
2026-09-13 06:29:39.866,1,2,Read Discrete Inputs,4,12,52793,0.476
2026-09-13 06:29:39.891,1,2,Read Discrete Inputs,512,185,47289,0.025
2026-09-13 06:29:43.366,1,2,Read Discrete Inputs,4,12,52793,0.476
2026-09-13 06:29:43.391,1,2,Read Discrete Inputs,512,185,47289,0.025
2026-09-13 06:29:46.866,1,2,Read Discrete Inputs,4,12,52793,0.476
2026-09-13 06:29:46.891,1,2,Read Discrete Inputs,512,185,47289,0.025
2026-09-13 06:29:50.366,1,2,Read Discrete Inputs,4,12,52793,0.476
2026-09-13 06:29:50.391,1,2,Read Discrete Inputs,513,184,10424,0.025
2026-09-13 06:29:53.866,1,2,Read Discrete Inputs,4,12,52793,0.476
2026-09-13 06:29:53.891,1,2,Read Discrete Inputs,513,184,10424,0.025
2026-09-13 06:29:57.366,1,2,Read Discrete Inputs,4,12,52793,0.476
2026-09-13 06:29:57.391,1,2,Read Discrete Inputs,513,184,10424,0.025
2026-09-13 06:30:00.867,1,2,Read Discrete Inputs,4,12,52793,0.477
2026-09-13 06:30:00.891,1,2,Read Discrete Inputs,513,184,10424,0.024
2026-09-13 06:30:04.367,1,2,Read Discrete Inputs,4,12,52793,0.477
2026-09-13 06:30:04.391,1,2,Read Discrete Inputs,512,185,47289,0.024
2026-09-13 06:30:07.867,1,2,Read Discrete Inputs,4,12,52793,0.477
2026-09-13 06:30:07.891,1,2,Read Discrete Inputs,512,185,47289,0.024
2026-09-13 06:30:11.367,1,2,Read Discrete Inputs,4,12,52793,0.477
2026-09-13 06:30:11.392,1,2,Read Discrete Inputs,513,184,10424,0.025
2026-09-13 06:30:14.867,1,2,Read Discrete Inputs,4,12,52793,0.477
2026-09-13 06:30:14.892,1,2,Read Discrete Inputs,512,185,47289,0.025
2026-09-13 06:30:18.367,1,2,Read Discrete Inputs,4,12,52793,0.477
2026-09-13 06:30:18.392,1,2,Read Discrete Inputs,512,185,47289,0.025
2026-09-13 06:30:21.867,1,2,Read Discrete Inputs,4,12,52793,0.476
2026-09-13 06:30:21.892,1,2,Read Discrete Inputs,513,184,10424,0.025
2026-09-13 06:30:25.367,1,2,Read Discrete Inputs,4,12,52793,0.476
2026-09-13 06:30:25.392,1,2,Read Discrete Inputs,512,185,47289,0.025
2026-09-13 06:30:28.867,1,2,Read Discrete Inputs,4,12,52793,0.476
2026-09-13 06:30:28.892,1,2,Read Discrete Inputs,513,184,10424,0.025
2026-09-13 06:30:32.367,1,2,Read Discrete Inputs,4,12,52793,0.476
2026-09-13 06:30:32.392,1,2,Read Discrete Inputs,513,184,10424,0.025
2026-09-13 06:30:35.867,1,2,Read Discrete Inputs,4,12,52793,0.476
2026-09-13 06:30:35.892,1,2,Read Discrete Inputs,513,184,10424,0.025
2026-09-13 06:30:39.367,1,2,Read Discrete Inputs,4,12,52793,0.213
2026-09-13 06:30:39.392,1,2,Read Discrete Inputs,513,184,10424,0.025
2026-09-13 06:30:42.867,1,2,Read Discrete Inputs,4,12,52793,0.476
2026-09-13 06:30:42.892,1,2,Read Discrete Inputs,513,184,10424,0.025
2026-09-13 06:30:46.368,1,2,Read Discrete Inputs,4,12,52793,0.477
2026-09-13 06:30:46.392,1,2,Read Discrete Inputs,513,184,10424,0.024
2026-09-13 06:30:49.868,1,2,Read Discrete Inputs,4,12,52793,0.477
2026-09-13 06:30:49.892,1,2,Read Discrete Inputs,513,184,10424,0.024
2026-09-13 06:30:53.368,1,2,Read Discrete Inputs,4,12,52793,0.477
2026-09-13 06:30:53.393,1,2,Read Discrete Inputs,513,184,10424,0.025
2026-09-13 06:30:56.868,1,2,Read Discrete Inputs,4,12,52793,0.477
2026-09-13 06:30:56.893,1,2,Read Discrete Inputs,513,184,10424,0.025
2026-09-13 06:31:00.368,1,2,Read Discrete Inputs,4,12,52793,0.477
2026-09-13 06:31:00.393,1,2,Read Discrete Inputs,512,185,47289,0.025
2026-09-13 06:31:03.868,1,2,Read Discrete Inputs,4,12,52793,0.477
2026-09-13 06:31:03.893,1,2,Read Discrete Inputs,513,184,10424,0.025
2026-09-13 06:31:07.368,1,2,Read Discrete Inputs,4,12,52793,0.476
2026-09-13 06:31:07.393,1,2,Read Discrete Inputs,512,185,47289,0.025
2026-09-13 06:31:10.868,1,2,Read Discrete Inputs,4,12,52793,0.476
2026-09-13 06:31:10.893,1,2,Read Discrete Inputs,512,185,47289,0.025
2026-09-13 06:31:14.368,1,2,Read Discrete Inputs,4,12,52793,0.476
2026-09-13 06:31:14.393,1,2,Read Discrete Inputs,512,185,47289,0.025
2026-09-13 06:31:17.868,1,2,Read Discrete Inputs,4,12,52793,0.476
2026-09-13 06:31:17.893,1,2,Read Discrete Inputs,513,184,10424,0.025
2026-09-13 06:31:21.368,1,2,Read Discrete Inputs,4,12,52793,0.476
2026-09-13 06:31:21.393,1,2,Read Discrete Inputs,512,185,47289,0.025
2026-09-13 06:31:24.868,1,2,Read Discrete Inputs,4,12,52793,0.476
2026-09-13 06:31:24.893,1,2,Read Discrete Inputs,512,185,47289,0.025
2026-09-13 06:31:28.368,1,2,Read Discrete Inputs,4,12,52793,0.476
2026-09-13 06:31:28.393,1,2,Read Discrete Inputs,512,185,47289,0.025
2026-09-13 06:31:31.868,1,2,Read Discrete Inputs,4,12,52793,0.476
2026-09-13 06:31:31.893,1,2,Read Discrete Inputs,512,185,47289,0.025
2026-09-13 06:31:35.369,1,2,Read Discrete Inputs,4,12,52793,0.477
2026-09-13 06:31:35.393,1,2,Read Discrete Inputs,513,184,10424,0.024
2026-09-13 06:31:38.869,1,2,Read Discrete Inputs,4,12,52793,0.477
2026-09-13 06:31:38.893,1,2,Read Discrete Inputs,513,184,10424,0.024
2026-09-13 06:31:42.369,1,2,Read Discrete Inputs,4,12,52793,0.477
2026-09-13 06:31:42.394,1,2,Read Discrete Inputs,513,184,10424,0.025
2026-09-13 06:31:45.869,1,2,Read Discrete Inputs,4,12,52793,0.477
2026-09-13 06:31:45.894,1,2,Read Discrete Inputs,513,184,10424,0.025
2026-09-13 06:31:49.369,1,2,Read Discrete Inputs,4,12,52793,0.476
2026-09-13 06:31:49.394,1,2,Read Discrete Inputs,512,185,47289,0.025
2026-09-13 06:31:52.869,1,2,Read Discrete Inputs,4,12,52793,0.476
2026-09-13 06:31:52.894,1,2,Read Discrete Inputs,513,184,10424,0.025
2026-09-13 06:31:56.369,1,2,Read Discrete Inputs,4,12,52793,0.476
2026-09-13 06:31:56.394,1,2,Read Discrete Inputs,512,185,47289,0.025
2026-09-13 06:31:59.869,1,2,Read Discrete Inputs,4,12,52793,0.476
2026-09-13 06:31:59.894,1,2,Read Discrete Inputs,513,184,10424,0.025
2026-09-13 06:32:03.369,1,2,Read Discrete Inputs,4,12,52793,0.476
2026-09-13 06:32:03.394,1,2,Read Discrete Inputs,513,184,10424,0.025
2026-09-13 06:32:06.869,1,2,Read Discrete Inputs,4,12,52793,0.476
2026-09-13 06:32:06.894,1,2,Read Discrete Inputs,513,184,10424,0.025
2026-09-13 06:32:10.369,1,2,Read Discrete Inputs,4,12,52793,0.476
2026-09-13 06:32:10.394,1,2,Read Discrete Inputs,513,184,10424,0.025
2026-09-13 06:32:13.869,1,2,Read Discrete Inputs,4,12,52793,0.476
2026-09-13 06:32:13.894,1,2,Read Discrete Inputs,513,184,10424,0.025
2026-09-13 06:32:17.370,1,2,Read Discrete Inputs,4,12,52793,0.477
2026-09-13 06:32:17.394,1,2,Read Discrete Inputs,512,185,47289,0.024
2026-09-13 06:32:20.870,1,2,Read Discrete Inputs,4,12,52793,0.477
2026-09-13 06:32:20.894,1,2,Read Discrete Inputs,512,185,47289,0.024
2026-09-13 06:32:24.370,1,2,Read Discrete Inputs,4,12,52793,0.477
2026-09-13 06:32:24.394,1,2,Read Discrete Inputs,513,184,10424,0.024
2026-09-13 06:32:27.870,1,2,Read Discrete Inputs,4,12,52793,0.477
2026-09-13 06:32:27.894,1,2,Read Discrete Inputs,512,185,47289,0.024
2026-09-13 06:32:31.370,1,2,Read Discrete Inputs,4,12,52793,0.477
2026-09-13 06:32:31.395,1,2,Read Discrete Inputs,512,185,47289,0.025
2026-09-13 06:32:34.870,1,2,Read Discrete Inputs,4,12,52793,0.477
2026-09-13 06:32:34.895,1,2,Read Discrete Inputs,513,184,10424,0.025
2026-09-13 06:32:38.370,1,2,Read Discrete Inputs,4,12,52793,0.476
2026-09-13 06:32:38.395,1,2,Read Discrete Inputs,512,185,47289,0.025
2026-09-13 06:32:41.870,1,2,Read Discrete Inputs,4,12,52793,0.476
2026-09-13 06:32:41.895,1,2,Read Discrete Inputs,513,184,10424,0.025
2026-09-13 06:32:45.370,1,2,Read Discrete Inputs,4,12,52793,0.476
2026-09-13 06:32:45.395,1,2,Read Discrete Inputs,513,184,10424,0.025
2026-09-13 06:32:48.870,1,2,Read Discrete Inputs,4,12,52793,0.476
2026-09-13 06:32:48.895,1,2,Read Discrete Inputs,512,185,47289,0.025
2026-09-13 06:32:52.370,1,2,Read Discrete Inputs,4,12,52793,0.476
2026-09-13 06:32:52.395,1,2,Read Discrete Inputs,512,185,47289,0.025
2026-09-13 06:32:55.870,1,2,Read Discrete Inputs,4,12,52793,0.476
2026-09-13 06:32:55.895,1,2,Read Discrete Inputs,513,184,10424,0.025
2026-09-13 06:32:59.370,1,2,Read Discrete Inputs,4,12,52793,0.476
2026-09-13 06:32:59.395,1,2,Read Discrete Inputs,512,185,47289,0.025
2026-09-13 06:33:03.167,1,2,Read Discrete Inputs,4,12,52793,0.476
2026-09-13 06:33:03.192,1,2,Read Discrete Inputs,512,185,47289,0.025
2026-09-13 06:33:06.667,1,2,Read Discrete Inputs,4,12,52793,0.476
2026-09-13 06:33:06.692,1,2,Read Discrete Inputs,512,185,47289,0.025
2026-09-13 06:33:10.168,1,2,Read Discrete Inputs,4,12,52793,0.477
2026-09-13 06:33:10.192,1,2,Read Discrete Inputs,512,185,47289,0.024
2026-09-13 06:33:13.668,1,2,Read Discrete Inputs,4,12,52793,0.477
2026-09-13 06:33:13.692,1,2,Read Discrete Inputs,513,184,10424,0.024
2026-09-13 06:33:17.168,1,2,Read Discrete Inputs,4,12,52793,0.477
2026-09-13 06:33:17.192,1,2,Read Discrete Inputs,513,184,10424,0.024
2026-09-13 06:33:20.668,1,2,Read Discrete Inputs,4,12,52793,0.477
2026-09-13 06:33:20.693,1,2,Read Discrete Inputs,513,184,10424,0.025
2026-09-13 06:33:24.168,1,2,Read Discrete Inputs,4,12,52793,0.477
2026-09-13 06:33:24.193,1,2,Read Discrete Inputs,512,185,47289,0.025
2026-09-13 06:33:27.668,1,2,Read Discrete Inputs,4,12,52793,0.476
2026-09-13 06:33:27.693,1,2,Read Discrete Inputs,512,185,47289,0.025
2026-09-13 06:33:31.168,1,2,Read Discrete Inputs,4,12,52793,0.476
2026-09-13 06:33:31.193,1,2,Read Discrete Inputs,513,184,10424,0.025
2026-09-13 06:33:34.668,1,2,Read Discrete Inputs,4,12,52793,0.476
2026-09-13 06:33:34.693,1,2,Read Discrete Inputs,512,185,47289,0.025
2026-09-13 06:33:38.168,1,2,Read Discrete Inputs,4,12,52793,0.476
2026-09-13 06:33:38.193,1,2,Read Discrete Inputs,513,184,10424,0.025
2026-09-13 06:33:41.668,1,2,Read Discrete Inputs,4,12,52793,0.476
2026-09-13 06:33:41.693,1,2,Read Discrete Inputs,513,184,10424,0.025
2026-09-13 06:33:45.168,1,2,Read Discrete Inputs,4,12,52793,0.476
2026-09-13 06:33:45.193,1,2,Read Discrete Inputs,513,184,10424,0.025
2026-09-13 06:33:48.668,1,2,Read Discrete Inputs,4,12,52793,0.476
2026-09-13 06:33:48.693,1,2,Read Discrete Inputs,512,185,47289,0.025
2026-09-13 06:33:52.168,1,2,Read Discrete Inputs,4,12,52793,0.476
2026-09-13 06:33:52.193,1,2,Read Discrete Inputs,513,184,10424,0.025
2026-09-13 06:33:55.668,1,2,Read Discrete Inputs,4,12,52793,0.476
2026-09-13 06:33:55.693,1,2,Read Discrete Inputs,512,185,47289,0.025
2026-09-13 06:33:59.168,1,2,Read Discrete Inputs,4,12,52793,0.476
2026-09-13 06:33:59.193,1,2,Read Discrete Inputs,512,185,47289,0.025
2026-09-13 06:34:02.669,1,2,Read Discrete Inputs,4,12,52793,0.477
2026-09-13 06:34:02.693,1,2,Read Discrete Inputs,513,184,10424,0.024
2026-09-13 06:34:06.169,1,2,Read Discrete Inputs,4,12,52793,0.477
2026-09-13 06:34:06.193,1,2,Read Discrete Inputs,512,185,47289,0.024
2026-09-13 06:34:09.669,1,2,Read Discrete Inputs,4,12,52793,0.477
2026-09-13 06:34:09.693,1,2,Read Discrete Inputs,513,184,10424,0.024
2026-09-13 06:34:13.169,1,2,Read Discrete Inputs,4,12,52793,0.477
2026-09-13 06:34:13.194,1,2,Read Discrete Inputs,513,184,10424,0.025
2026-09-13 06:34:16.669,1,2,Read Discrete Inputs,4,12,52793,0.477
2026-09-13 06:34:16.694,1,2,Read Discrete Inputs,512,185,47289,0.025
2026-09-13 06:34:20.169,1,2,Read Discrete Inputs,4,12,52793,0.477
2026-09-13 06:34:20.194,1,2,Read Discrete Inputs,512,185,47289,0.025
2026-09-13 06:34:23.669,1,2,Read Discrete Inputs,4,12,52793,0.476
2026-09-13 06:34:23.694,1,2,Read Discrete Inputs,513,184,10424,0.025
2026-09-13 06:34:27.169,1,2,Read Discrete Inputs,4,12,52793,0.476
2026-09-13 06:34:27.194,1,2,Read Discrete Inputs,513,184,10424,0.025
2026-09-13 06:34:30.669,1,2,Read Discrete Inputs,4,12,52793,0.476
2026-09-13 06:34:30.694,1,2,Read Discrete Inputs,512,185,47289,0.025
2026-09-13 06:34:34.169,1,2,Read Discrete Inputs,4,12,52793,0.476
2026-09-13 06:34:34.194,1,2,Read Discrete Inputs,512,185,47289,0.025
2026-09-13 06:34:37.669,1,2,Read Discrete Inputs,4,12,52793,0.476
2026-09-13 06:34:37.694,1,2,Read Discrete Inputs,513,184,10424,0.025
2026-09-13 06:34:41.169,1,2,Read Discrete Inputs,4,12,52793,0.476
2026-09-13 06:34:41.194,1,2,Read Discrete Inputs,513,184,10424,0.025
2026-09-13 06:34:44.669,1,2,Read Discrete Inputs,4,12,52793,0.476
2026-09-13 06:34:44.694,1,2,Read Discrete Inputs,513,184,10424,0.025
2026-09-13 06:34:48.169,1,2,Read Discrete Inputs,4,12,52793,0.476
2026-09-13 06:34:48.194,1,2,Read Discrete Inputs,512,185,47289,0.025
2026-09-13 06:34:51.669,1,2,Read Discrete Inputs,4,12,52793,0.476
2026-09-13 06:34:51.694,1,2,Read Discrete Inputs,512,185,47289,0.025
2026-09-13 06:34:55.170,1,2,Read Discrete Inputs,4,12,52793,0.477
2026-09-13 06:34:55.194,1,2,Read Discrete Inputs,513,184,10424,0.024
2026-09-13 06:34:58.670,1,2,Read Discrete Inputs,4,12,52793,0.477
2026-09-13 06:34:58.694,1,2,Read Discrete Inputs,512,185,47289,0.024
2026-09-13 06:35:02.170,1,2,Read Discrete Inputs,4,12,52793,0.477
2026-09-13 06:35:02.195,1,2,Read Discrete Inputs,512,185,47289,0.025
2026-09-13 06:35:05.670,1,2,Read Discrete Inputs,4,12,52793,0.477
2026-09-13 06:35:05.695,1,2,Read Discrete Inputs,512,185,47289,0.025
2026-09-13 06:35:09.170,1,2,Read Discrete Inputs,4,12,52793,0.477
2026-09-13 06:35:09.195,1,2,Read Discrete Inputs,512,185,47289,0.025
2026-09-13 06:35:12.670,1,2,Read Discrete Inputs,4,12,52793,0.476
2026-09-13 06:35:12.695,1,2,Read Discrete Inputs,512,185,47289,0.025
2026-09-13 06:35:16.170,1,2,Read Discrete Inputs,4,12,52793,0.476
2026-09-13 06:35:16.195,1,2,Read Discrete Inputs,512,185,47289,0.025
2026-09-13 06:35:19.670,1,2,Read Discrete Inputs,4,12,52793,0.476
2026-09-13 06:35:19.695,1,2,Read Discrete Inputs,512,185,47289,0.025
2026-09-13 06:35:23.170,1,2,Read Discrete Inputs,4,12,52793,0.476
2026-09-13 06:35:23.195,1,2,Read Discrete Inputs,512,185,47289,0.025
2026-09-13 06:35:26.670,1,2,Read Discrete Inputs,4,12,52793,0.476
2026-09-13 06:35:26.695,1,2,Read Discrete Inputs,513,184,10424,0.025
2026-09-13 06:35:30.170,1,2,Read Discrete Inputs,4,12,52793,0.476
2026-09-13 06:35:30.195,1,2,Read Discrete Inputs,512,185,47289,0.025
2026-09-13 06:35:33.670,1,2,Read Discrete Inputs,4,12,52793,0.476
2026-09-13 06:35:33.695,1,2,Read Discrete Inputs,513,184,10424,0.025
2026-09-13 06:35:37.170,1,2,Read Discrete Inputs,4,12,52793,0.476
2026-09-13 06:35:37.195,1,2,Read Discrete Inputs,512,185,47289,0.025
2026-09-13 06:35:40.670,1,2,Read Discrete Inputs,4,12,52793,0.476
2026-09-13 06:35:40.695,1,2,Read Discrete Inputs,512,185,47289,0.025
2026-09-13 06:35:44.171,1,2,Read Discrete Inputs,4,12,52793,0.477
2026-09-13 06:35:44.195,1,2,Read Discrete Inputs,512,185,47289,0.024
2026-09-13 06:35:47.671,1,2,Read Discrete Inputs,4,12,52793,0.477
2026-09-13 06:35:47.695,1,2,Read Discrete Inputs,512,185,47289,0.024
2026-09-13 06:35:51.171,1,2,Read Discrete Inputs,4,12,52793,0.477
2026-09-13 06:35:51.195,1,2,Read Discrete Inputs,513,184,10424,0.024
2026-09-13 06:35:54.671,1,2,Read Discrete Inputs,4,12,52793,0.227
2026-09-13 06:35:54.695,1,2,Read Discrete Inputs,512,185,47289,0.024
2026-09-13 06:35:58.171,1,2,Read Discrete Inputs,4,12,52793,0.477
2026-09-13 06:35:58.196,1,2,Read Discrete Inputs,513,184,10424,0.025
2026-09-13 06:36:01.671,1,2,Read Discrete Inputs,4,12,52793,0.477
2026-09-13 06:36:01.696,1,2,Read Discrete Inputs,512,185,47289,0.025
2026-09-13 06:36:05.171,1,2,Read Discrete Inputs,4,12,52793,0.476
2026-09-13 06:36:05.196,1,2,Read Discrete Inputs,512,185,47289,0.025
2026-09-13 06:36:08.671,1,2,Read Discrete Inputs,4,12,52793,0.476
2026-09-13 06:36:08.696,1,2,Read Discrete Inputs,513,184,10424,0.025
2026-09-13 06:36:12.171,1,2,Read Discrete Inputs,4,12,52793,0.476
2026-09-13 06:36:12.196,1,2,Read Discrete Inputs,512,185,47289,0.025
2026-09-13 06:36:15.671,1,2,Read Discrete Inputs,4,12,52793,0.476
2026-09-13 06:36:15.696,1,2,Read Discrete Inputs,512,185,47289,0.025
2026-09-13 06:36:19.186,1,2,Read Discrete Inputs,4,12,52793,0.476
2026-09-13 06:36:19.211,1,2,Read Discrete Inputs,512,185,47289,0.025
2026-09-13 06:36:22.686,1,2,Read Discrete Inputs,4,12,52793,0.476
2026-09-13 06:36:22.711,1,2,Read Discrete Inputs,512,185,47289,0.025
2026-09-13 06:36:26.186,1,2,Read Discrete Inputs,4,12,52793,0.476
2026-09-13 06:36:26.211,1,2,Read Discrete Inputs,512,185,47289,0.025
2026-09-13 06:36:29.686,1,2,Read Discrete Inputs,4,12,52793,0.476
2026-09-13 06:36:29.711,1,2,Read Discrete Inputs,512,185,47289,0.025
2026-09-13 06:36:33.186,1,2,Read Discrete Inputs,4,12,52793,0.476
2026-09-13 06:36:33.211,1,2,Read Discrete Inputs,512,185,47289,0.025
2026-09-13 06:36:36.686,1,2,Read Discrete Inputs,4,12,52793,0.476
2026-09-13 06:36:36.711,1,2,Read Discrete Inputs,513,184,10424,0.025
2026-09-13 06:36:40.187,1,2,Read Discrete Inputs,4,12,52793,0.477
2026-09-13 06:36:40.211,1,2,Read Discrete Inputs,512,185,47289,0.024
2026-09-13 06:36:43.687,1,2,Read Discrete Inputs,4,12,52793,0.477
2026-09-13 06:36:43.711,1,2,Read Discrete Inputs,512,185,47289,0.024
2026-09-13 06:36:47.187,1,2,Read Discrete Inputs,4,12,52793,0.477
2026-09-13 06:36:47.212,1,2,Read Discrete Inputs,512,185,47289,0.025
2026-09-13 06:36:50.687,1,2,Read Discrete Inputs,4,12,52793,0.477
2026-09-13 06:36:50.712,1,2,Read Discrete Inputs,512,185,47289,0.025
2026-09-13 06:36:54.187,1,2,Read Discrete Inputs,4,12,52793,0.477
2026-09-13 06:36:54.212,1,2,Read Discrete Inputs,512,185,47289,0.025
2026-09-13 06:36:57.687,1,2,Read Discrete Inputs,4,12,52793,0.175
2026-09-13 06:36:57.712,1,2,Read Discrete Inputs,513,184,10424,0.025
2026-09-13 06:37:01.187,1,2,Read Discrete Inputs,4,12,52793,0.476
2026-09-13 06:37:01.212,1,2,Read Discrete Inputs,513,184,10424,0.025
2026-09-13 06:37:04.687,1,2,Read Discrete Inputs,4,12,52793,0.476
2026-09-13 06:37:04.712,1,2,Read Discrete Inputs,513,184,10424,0.025
2026-09-13 06:37:08.187,1,2,Read Discrete Inputs,4,12,52793,0.476
2026-09-13 06:37:08.212,1,2,Read Discrete Inputs,513,184,10424,0.025
2026-09-13 06:37:11.687,1,2,Read Discrete Inputs,4,12,52793,0.476
2026-09-13 06:37:11.712,1,2,Read Discrete Inputs,513,184,10424,0.025
2026-09-13 06:37:15.187,1,2,Read Discrete Inputs,4,12,52793,0.476
2026-09-13 06:37:15.212,1,2,Read Discrete Inputs,513,184,10424,0.025
2026-09-13 06:37:18.687,1,2,Read Discrete Inputs,4,12,52793,0.476
2026-09-13 06:37:18.712,1,2,Read Discrete Inputs,512,185,47289,0.025
2026-09-13 06:37:22.187,1,2,Read Discrete Inputs,4,12,52793,0.136
2026-09-13 06:37:22.212,1,2,Read Discrete Inputs,512,185,47289,0.025
2026-09-13 06:37:26.775,1,2,Read Discrete Inputs,4,12,52793,2.079
2026-09-13 06:37:26.800,1,2,Read Discrete Inputs,513,184,10424,0.025
2026-09-13 06:37:30.275,1,2,Read Discrete Inputs,4,12,52793,0.477
2026-09-13 06:37:30.299,1,2,Read Discrete Inputs,513,184,10424,0.024
2026-09-13 06:37:33.775,1,2,Read Discrete Inputs,4,12,52793,0.477
2026-09-13 06:37:33.799,1,2,Read Discrete Inputs,513,184,10424,0.024
2026-09-13 06:37:37.275,1,2,Read Discrete Inputs,4,12,52793,0.477
2026-09-13 06:37:37.300,1,2,Read Discrete Inputs,513,184,10424,0.025
2026-09-13 06:37:40.775,1,2,Read Discrete Inputs,4,12,52793,0.477
2026-09-13 06:37:40.800,1,2,Read Discrete Inputs,513,184,10424,0.025
2026-09-13 06:37:44.296,1,2,Read Discrete Inputs,4,12,52793,0.477
2026-09-13 06:37:44.321,1,2,Read Discrete Inputs,513,184,10424,0.025
2026-09-13 06:37:47.796,1,2,Read Discrete Inputs,4,12,52793,0.477
2026-09-13 06:37:47.821,1,2,Read Discrete Inputs,512,185,47289,0.025
2026-09-13 06:37:51.296,1,2,Read Discrete Inputs,4,12,52793,0.476
2026-09-13 06:37:51.321,1,2,Read Discrete Inputs,513,184,10424,0.025
2026-09-13 06:37:54.796,1,2,Read Discrete Inputs,4,12,52793,0.476
2026-09-13 06:37:54.821,1,2,Read Discrete Inputs,512,185,47289,0.025
2026-09-13 06:37:58.296,1,2,Read Discrete Inputs,4,12,52793,0.476
2026-09-13 06:37:58.321,1,2,Read Discrete Inputs,513,184,10424,0.025
2026-09-13 06:38:01.796,1,2,Read Discrete Inputs,4,12,52793,0.476
2026-09-13 06:38:01.821,1,2,Read Discrete Inputs,512,185,47289,0.025
2026-09-13 06:38:05.315,1,2,Read Discrete Inputs,4,12,52793,0.476
2026-09-13 06:38:05.340,1,2,Read Discrete Inputs,512,185,47289,0.025
2026-09-13 06:38:08.815,1,2,Read Discrete Inputs,4,12,52793,0.476
2026-09-13 06:38:08.840,1,2,Read Discrete Inputs,513,184,10424,0.025
2026-09-13 06:38:12.315,1,2,Read Discrete Inputs,4,12,52793,0.476
2026-09-13 06:38:12.340,1,2,Read Discrete Inputs,512,185,47289,0.025
2026-09-13 06:38:15.815,1,2,Read Discrete Inputs,4,12,52793,0.476
2026-09-13 06:38:15.840,1,2,Read Discrete Inputs,513,184,10424,0.025
2026-09-13 06:38:19.316,1,2,Read Discrete Inputs,4,12,52793,0.477
2026-09-13 06:38:19.340,1,2,Read Discrete Inputs,512,185,47289,0.024
2026-09-13 06:38:22.816,1,2,Read Discrete Inputs,4,12,52793,0.477
2026-09-13 06:38:22.840,1,2,Read Discrete Inputs,512,185,47289,0.024
2026-09-13 06:38:26.316,1,2,Read Discrete Inputs,4,12,52793,0.477
2026-09-13 06:38:26.341,1,2,Read Discrete Inputs,513,184,10424,0.025
2026-09-13 06:38:29.816,1,2,Read Discrete Inputs,4,12,52793,0.477
2026-09-13 06:38:29.841,1,2,Read Discrete Inputs,513,184,10424,0.025
2026-09-13 06:38:33.316,1,2,Read Discrete Inputs,4,12,52793,0.477
2026-09-13 06:38:33.341,1,2,Read Discrete Inputs,512,185,47289,0.025
2026-09-13 06:38:36.816,1,2,Read Discrete Inputs,4,12,52793,0.477
2026-09-13 06:38:36.841,1,2,Read Discrete Inputs,512,185,47289,0.025
2026-09-13 06:38:40.316,1,2,Read Discrete Inputs,4,12,52793,0.477
2026-09-13 06:38:40.341,1,2,Read Discrete Inputs,512,185,47289,0.025
2026-09-13 06:38:43.816,1,2,Read Discrete Inputs,4,12,52793,0.349
2026-09-13 06:38:43.841,1,2,Read Discrete Inputs,513,184,10424,0.025
2026-09-13 06:38:47.316,1,2,Read Discrete Inputs,4,12,52793,0.476
2026-09-13 06:38:47.341,1,2,Read Discrete Inputs,513,184,10424,0.025
2026-09-13 06:38:50.816,1,2,Read Discrete Inputs,4,12,52793,0.476
2026-09-13 06:38:50.841,1,2,Read Discrete Inputs,512,185,47289,0.025
2026-09-13 06:38:54.316,1,2,Read Discrete Inputs,4,12,52793,0.476
2026-09-13 06:38:54.341,1,2,Read Discrete Inputs,513,184,10424,0.025
2026-09-13 06:38:57.816,1,2,Read Discrete Inputs,4,12,52793,0.476
2026-09-13 06:38:57.841,1,2,Read Discrete Inputs,512,185,47289,0.025
2026-09-13 06:39:01.316,1,2,Read Discrete Inputs,4,12,52793,0.476
2026-09-13 06:39:01.341,1,2,Read Discrete Inputs,513,184,10424,0.025
2026-09-13 06:39:04.816,1,2,Read Discrete Inputs,4,12,52793,0.476
2026-09-13 06:39:04.841,1,2,Read Discrete Inputs,512,185,47289,0.025
2026-09-13 06:39:08.317,1,2,Read Discrete Inputs,4,12,52793,0.477
2026-09-13 06:39:08.341,1,2,Read Discrete Inputs,512,185,47289,0.024
2026-09-13 06:39:11.817,1,2,Read Discrete Inputs,4,12,52793,0.477
2026-09-13 06:39:11.841,1,2,Read Discrete Inputs,512,185,47289,0.024
2026-09-13 06:39:15.317,1,2,Read Discrete Inputs,4,12,52793,0.477
2026-09-13 06:39:15.341,1,2,Read Discrete Inputs,513,184,10424,0.024
2026-09-13 06:39:18.817,1,2,Read Discrete Inputs,4,12,52793,0.477
2026-09-13 06:39:18.841,1,2,Read Discrete Inputs,513,184,10424,0.024
2026-09-13 06:39:22.317,1,2,Read Discrete Inputs,4,12,52793,0.477
2026-09-13 06:39:22.342,1,2,Read Discrete Inputs,513,184,10424,0.025
2026-09-13 06:39:25.817,1,2,Read Discrete Inputs,4,12,52793,0.477
2026-09-13 06:39:25.842,1,2,Read Discrete Inputs,512,185,47289,0.025
2026-09-13 06:39:29.317,1,2,Read Discrete Inputs,4,12,52793,0.477
2026-09-13 06:39:29.342,1,2,Read Discrete Inputs,512,185,47289,0.025
2026-09-13 06:39:32.817,1,2,Read Discrete Inputs,4,12,52793,0.476
2026-09-13 06:39:32.842,1,2,Read Discrete Inputs,512,185,47289,0.025
2026-09-13 06:39:36.317,1,2,Read Discrete Inputs,4,12,52793,0.476
2026-09-13 06:39:36.342,1,2,Read Discrete Inputs,513,184,10424,0.025
2026-09-13 06:39:39.817,1,2,Read Discrete Inputs,4,12,52793,0.476
2026-09-13 06:39:39.842,1,2,Read Discrete Inputs,513,184,10424,0.025
2026-09-13 06:39:43.317,1,2,Read Discrete Inputs,4,12,52793,0.476
2026-09-13 06:39:43.342,1,2,Read Discrete Inputs,512,185,47289,0.025
2026-09-13 06:39:46.817,1,2,Read Discrete Inputs,4,12,52793,0.476
2026-09-13 06:39:46.842,1,2,Read Discrete Inputs,512,185,47289,0.025
2026-09-13 06:39:50.317,1,2,Read Discrete Inputs,4,12,52793,0.476
2026-09-13 06:39:50.342,1,2,Read Discrete Inputs,513,184,10424,0.025
2026-09-13 06:39:53.817,1,2,Read Discrete Inputs,4,12,52793,0.476
2026-09-13 06:39:53.842,1,2,Read Discrete Inputs,512,185,47289,0.025
2026-09-13 06:39:57.317,1,2,Read Discrete Inputs,4,12,52793,0.476
2026-09-13 06:39:57.342,1,2,Read Discrete Inputs,512,185,47289,0.025
2026-09-13 06:40:00.818,1,2,Read Discrete Inputs,4,12,52793,0.477
2026-09-13 06:40:00.842,1,2,Read Discrete Inputs,512,185,47289,0.024
2026-09-13 06:40:04.318,1,2,Read Discrete Inputs,4,12,52793,0.477
2026-09-13 06:40:04.342,1,2,Read Discrete Inputs,512,185,47289,0.024
2026-09-13 06:40:07.818,1,2,Read Discrete Inputs,4,12,52793,0.477
2026-09-13 06:40:07.842,1,2,Read Discrete Inputs,512,185,47289,0.024
2026-09-13 06:40:11.318,1,2,Read Discrete Inputs,4,12,52793,0.477
2026-09-13 06:40:11.343,1,2,Read Discrete Inputs,513,184,10424,0.025
2026-09-13 06:40:14.818,1,2,Read Discrete Inputs,4,12,52793,0.477
2026-09-13 06:40:14.843,1,2,Read Discrete Inputs,513,184,10424,0.025
2026-09-13 06:40:18.318,1,2,Read Discrete Inputs,4,12,52793,0.477
2026-09-13 06:40:18.343,1,2,Read Discrete Inputs,513,184,10424,0.025
2026-09-13 06:40:21.818,1,2,Read Discrete Inputs,4,12,52793,0.427
2026-09-13 06:40:21.843,1,2,Read Discrete Inputs,513,184,10424,0.025
2026-09-13 06:40:25.318,1,2,Read Discrete Inputs,4,12,52793,0.476
2026-09-13 06:40:25.343,1,2,Read Discrete Inputs,512,185,47289,0.025
2026-09-13 06:40:28.818,1,2,Read Discrete Inputs,4,12,52793,0.476
2026-09-13 06:40:28.843,1,2,Read Discrete Inputs,513,184,10424,0.025
2026-09-13 06:40:32.318,1,2,Read Discrete Inputs,4,12,52793,0.476
2026-09-13 06:40:32.343,1,2,Read Discrete Inputs,513,184,10424,0.025
2026-09-13 06:40:35.818,1,2,Read Discrete Inputs,4,12,52793,0.476
2026-09-13 06:40:35.843,1,2,Read Discrete Inputs,512,185,47289,0.025
2026-09-13 06:40:39.318,1,2,Read Discrete Inputs,4,12,52793,0.476
2026-09-13 06:40:39.343,1,2,Read Discrete Inputs,512,185,47289,0.025
2026-09-13 06:40:42.818,1,2,Read Discrete Inputs,4,12,52793,0.476
2026-09-13 06:40:42.843,1,2,Read Discrete Inputs,513,184,10424,0.025
2026-09-13 06:40:46.319,1,2,Read Discrete Inputs,4,12,52793,0.477
2026-09-13 06:40:46.343,1,2,Read Discrete Inputs,512,185,47289,0.024
2026-09-13 06:40:49.819,1,2,Read Discrete Inputs,4,12,52793,0.477
2026-09-13 06:40:49.843,1,2,Read Discrete Inputs,513,184,10424,0.024
2026-09-13 06:40:53.319,1,2,Read Discrete Inputs,4,12,52793,0.477
2026-09-13 06:40:53.343,1,2,Read Discrete Inputs,513,184,10424,0.024
2026-09-13 06:40:56.819,1,2,Read Discrete Inputs,4,12,52793,0.477
2026-09-13 06:40:56.844,1,2,Read Discrete Inputs,512,185,47289,0.025
2026-09-13 06:41:00.319,1,2,Read Discrete Inputs,4,12,52793,0.477
2026-09-13 06:41:00.343,1,2,Read Discrete Inputs,513,184,10424,0.024
2026-09-13 06:41:03.819,1,2,Read Discrete Inputs,4,12,52793,0.477
2026-09-13 06:41:03.844,1,2,Read Discrete Inputs,512,185,47289,0.025
2026-09-13 06:41:07.319,1,2,Read Discrete Inputs,4,12,52793,0.476
2026-09-13 06:41:07.344,1,2,Read Discrete Inputs,513,184,10424,0.025
2026-09-13 06:41:10.819,1,2,Read Discrete Inputs,4,12,52793,0.476
2026-09-13 06:41:10.844,1,2,Read Discrete Inputs,512,185,47289,0.025
2026-09-13 06:41:14.319,1,2,Read Discrete Inputs,4,12,52793,0.476
2026-09-13 06:41:14.344,1,2,Read Discrete Inputs,513,184,10424,0.025
2026-09-13 06:41:17.819,1,2,Read Discrete Inputs,4,12,52793,0.476
2026-09-13 06:41:17.844,1,2,Read Discrete Inputs,513,184,10424,0.025
2026-09-13 06:41:21.319,1,2,Read Discrete Inputs,4,12,52793,0.476
2026-09-13 06:41:21.344,1,2,Read Discrete Inputs,512,185,47289,0.025
2026-09-13 06:41:24.819,1,2,Read Discrete Inputs,4,12,52793,0.476
2026-09-13 06:41:24.844,1,2,Read Discrete Inputs,513,184,10424,0.025
2026-09-13 06:41:28.319,1,2,Read Discrete Inputs,4,12,52793,0.476
2026-09-13 06:41:28.344,1,2,Read Discrete Inputs,512,185,47289,0.025
2026-09-13 06:41:31.819,1,2,Read Discrete Inputs,4,12,52793,0.476
2026-09-13 06:41:31.844,1,2,Read Discrete Inputs,513,184,10424,0.025
2026-09-13 06:41:35.319,1,2,Read Discrete Inputs,4,12,52793,0.476
2026-09-13 06:41:35.344,1,2,Read Discrete Inputs,513,184,10424,0.025
2026-09-13 06:41:38.820,1,2,Read Discrete Inputs,4,12,52793,0.477
2026-09-13 06:41:38.844,1,2,Read Discrete Inputs,513,184,10424,0.024
2026-09-13 06:41:42.320,1,2,Read Discrete Inputs,4,12,52793,0.477
2026-09-13 06:41:42.344,1,2,Read Discrete Inputs,513,184,10424,0.024
2026-09-13 06:41:46.062,1,2,Read Discrete Inputs,4,12,52793,0.477
2026-09-13 06:41:46.087,1,2,Read Discrete Inputs,512,185,47289,0.025
2026-09-13 06:41:49.562,1,2,Read Discrete Inputs,4,12,52793,0.477
2026-09-13 06:41:49.587,1,2,Read Discrete Inputs,512,185,47289,0.025
2026-09-13 06:41:53.062,1,2,Read Discrete Inputs,4,12,52793,0.477
2026-09-13 06:41:53.087,1,2,Read Discrete Inputs,512,185,47289,0.025
2026-09-13 06:41:56.562,1,2,Read Discrete Inputs,4,12,52793,0.476
2026-09-13 06:41:56.587,1,2,Read Discrete Inputs,512,185,47289,0.025
2026-09-13 06:42:00.062,1,2,Read Discrete Inputs,4,12,52793,0.476
2026-09-13 06:42:00.087,1,2,Read Discrete Inputs,512,185,47289,0.025
2026-09-13 06:42:03.562,1,2,Read Discrete Inputs,4,12,52793,0.476
2026-09-13 06:42:03.587,1,2,Read Discrete Inputs,512,185,47289,0.025
2026-09-13 06:42:07.062,1,2,Read Discrete Inputs,4,12,52793,0.476
2026-09-13 06:42:07.087,1,2,Read Discrete Inputs,512,185,47289,0.025
2026-09-13 06:42:10.562,1,2,Read Discrete Inputs,4,12,52793,0.476
2026-09-13 06:42:10.587,1,2,Read Discrete Inputs,512,185,47289,0.025
2026-09-13 06:42:14.062,1,2,Read Discrete Inputs,4,12,52793,0.476
2026-09-13 06:42:14.087,1,2,Read Discrete Inputs,512,185,47289,0.025
2026-09-13 06:42:17.562,1,2,Read Discrete Inputs,4,12,52793,0.476
2026-09-13 06:42:17.587,1,2,Read Discrete Inputs,512,185,47289,0.025
2026-09-13 06:42:21.062,1,2,Read Discrete Inputs,4,12,52793,0.476
2026-09-13 06:42:21.087,1,2,Read Discrete Inputs,512,185,47289,0.025
2026-09-13 06:42:24.562,1,2,Read Discrete Inputs,4,12,52793,0.476
2026-09-13 06:42:24.587,1,2,Read Discrete Inputs,512,185,47289,0.025
2026-09-13 06:42:28.063,1,2,Read Discrete Inputs,4,12,52793,0.477
2026-09-13 06:42:28.087,1,2,Read Discrete Inputs,513,184,10424,0.024
2026-09-13 06:42:31.563,1,2,Read Discrete Inputs,4,12,52793,0.477
2026-09-13 06:42:31.587,1,2,Read Discrete Inputs,513,184,10424,0.024
2026-09-13 06:42:35.063,1,2,Read Discrete Inputs,4,12,52793,0.477
2026-09-13 06:42:35.087,1,2,Read Discrete Inputs,512,185,47289,0.024
2026-09-13 06:42:38.563,1,2,Read Discrete Inputs,4,12,52793,0.477
2026-09-13 06:42:38.588,1,2,Read Discrete Inputs,513,184,10424,0.025
2026-09-13 06:42:42.063,1,2,Read Discrete Inputs,4,12,52793,0.476
2026-09-13 06:42:42.088,1,2,Read Discrete Inputs,512,185,47289,0.025
2026-09-13 06:42:45.563,1,2,Read Discrete Inputs,4,12,52793,0.476
2026-09-13 06:42:45.588,1,2,Read Discrete Inputs,512,185,47289,0.025
2026-09-13 06:42:49.063,1,2,Read Discrete Inputs,4,12,52793,0.476
2026-09-13 06:42:49.088,1,2,Read Discrete Inputs,512,185,47289,0.025
2026-09-13 06:42:52.563,1,2,Read Discrete Inputs,4,12,52793,0.476
2026-09-13 06:42:52.588,1,2,Read Discrete Inputs,512,185,47289,0.025
2026-09-13 06:42:56.063,1,2,Read Discrete Inputs,4,12,52793,0.476
2026-09-13 06:42:56.088,1,2,Read Discrete Inputs,512,185,47289,0.025
2026-09-13 06:42:59.563,1,2,Read Discrete Inputs,4,12,52793,0.476
2026-09-13 06:42:59.588,1,2,Read Discrete Inputs,513,184,10424,0.025
2026-09-13 06:43:03.063,1,2,Read Discrete Inputs,4,12,52793,0.476
2026-09-13 06:43:03.088,1,2,Read Discrete Inputs,513,184,10424,0.025
2026-09-13 06:43:06.563,1,2,Read Discrete Inputs,4,12,52793,0.476
2026-09-13 06:43:06.588,1,2,Read Discrete Inputs,513,184,10424,0.025
2026-09-13 06:43:10.063,1,2,Read Discrete Inputs,4,12,52793,0.476
2026-09-13 06:43:10.088,1,2,Read Discrete Inputs,513,184,10424,0.025
2026-09-13 06:43:13.563,1,2,Read Discrete Inputs,4,12,52793,0.476
2026-09-13 06:43:13.588,1,2,Read Discrete Inputs,512,185,47289,0.025
2026-09-13 06:43:17.064,1,2,Read Discrete Inputs,4,12,52793,0.477
2026-09-13 06:43:17.088,1,2,Read Discrete Inputs,513,184,10424,0.024
2026-09-13 06:43:20.564,1,2,Read Discrete Inputs,4,12,52793,0.477
2026-09-13 06:43:20.588,1,2,Read Discrete Inputs,513,184,10424,0.024
2026-09-13 06:43:24.064,1,2,Read Discrete Inputs,4,12,52793,0.477
2026-09-13 06:43:24.088,1,2,Read Discrete Inputs,513,184,10424,0.024
2026-09-13 06:43:27.564,1,2,Read Discrete Inputs,4,12,52793,0.477
2026-09-13 06:43:27.589,1,2,Read Discrete Inputs,512,185,47289,0.025
2026-09-13 06:43:31.064,1,2,Read Discrete Inputs,4,12,52793,0.477
2026-09-13 06:43:31.089,1,2,Read Discrete Inputs,513,184,10424,0.025
2026-09-13 06:43:34.564,1,2,Read Discrete Inputs,4,12,52793,0.477
2026-09-13 06:43:34.589,1,2,Read Discrete Inputs,513,184,10424,0.025
2026-09-13 06:43:38.064,1,2,Read Discrete Inputs,4,12,52793,0.12
2026-09-13 06:43:38.089,1,2,Read Discrete Inputs,512,185,47289,0.025
2026-09-13 06:43:42.074,1,2,Read Discrete Inputs,4,12,52793,0.986
2026-09-13 06:43:42.098,1,2,Read Discrete Inputs,512,185,47289,0.024
2026-09-13 06:43:46.602,1,2,Read Discrete Inputs,4,12,52793,0.476
2026-09-13 06:43:46.627,1,2,Read Discrete Inputs,513,184,10424,0.025
2026-09-13 06:43:50.102,1,2,Read Discrete Inputs,4,12,52793,0.476
2026-09-13 06:43:50.127,1,2,Read Discrete Inputs,512,185,47289,0.025
2026-09-13 06:43:54.112,1,2,Read Discrete Inputs,4,12,52793,0.476
2026-09-13 06:43:54.137,1,2,Read Discrete Inputs,513,184,10424,0.025
2026-09-13 06:44:00.237,1,2,Read Discrete Inputs,4,12,52793,0.475
2026-09-13 06:44:00.263,1,2,Read Discrete Inputs,512,185,47289,0.026
2026-09-13 06:44:06.283,1,2,Read Discrete Inputs,4,12,52793,1.009
2026-09-13 06:44:11.908,1,2,Read Discrete Inputs,4,12,52793,0.476
2026-09-13 06:44:11.933,1,2,Read Discrete Inputs,513,184,10424,0.025
2026-09-13 06:44:15.408,1,2,Read Discrete Inputs,4,12,52793,0.477
2026-09-13 06:44:15.433,1,2,Read Discrete Inputs,513,184,10424,0.025
2026-09-13 06:44:18.908,1,2,Read Discrete Inputs,4,12,52793,0.407
2026-09-13 06:44:18.933,1,2,Read Discrete Inputs,513,184,10424,0.025
2026-09-13 06:44:22.408,1,2,Read Discrete Inputs,4,12,52793,0.477
2026-09-13 06:44:22.433,1,2,Read Discrete Inputs,512,185,47289,0.025
2026-09-13 06:44:25.908,1,2,Read Discrete Inputs,4,12,52793,0.476
2026-09-13 06:44:25.933,1,2,Read Discrete Inputs,513,184,10424,0.025
2026-09-13 06:44:29.408,1,2,Read Discrete Inputs,4,12,52793,0.476
2026-09-13 06:44:29.433,1,2,Read Discrete Inputs,513,184,10424,0.025
2026-09-13 06:44:32.908,1,2,Read Discrete Inputs,4,12,52793,0.476
2026-09-13 06:44:38.954,1,2,Read Discrete Inputs,4,12,52793,0.476
2026-09-13 06:44:47.080,1,2,Read Discrete Inputs,4,12,52793,1.01
2026-09-13 06:44:55.185,1,2,Read Discrete Inputs,4,12,52793,1.009
2026-09-13 06:45:03.280,1,2,Read Discrete Inputs,4,12,52793,1.01
2026-09-13 06:45:10.355,1,2,Read Discrete Inputs,4,12,52793,1.009
2026-09-13 06:45:17.941,1,2,Read Discrete Inputs,4,12,52793,1.01
2026-09-13 06:45:17.965,1,2,Read Discrete Inputs,513,184,10424,0.024
2026-09-13 06:45:23.565,1,2,Read Discrete Inputs,4,12,52793,0.476
2026-09-13 06:45:30.133,1,2,Read Discrete Inputs,4,12,52793,0.986
2026-09-13 06:45:30.158,1,2,Read Discrete Inputs,512,185,47289,0.025
2026-09-13 06:45:34.141,1,2,Read Discrete Inputs,4,12,52793,0.476
2026-09-13 06:45:34.166,1,2,Read Discrete Inputs,512,185,47289,0.025
2026-09-13 06:45:38.670,1,2,Read Discrete Inputs,4,12,52793,0.476
2026-09-13 06:45:38.695,1,2,Read Discrete Inputs,513,184,10424,0.025
2026-09-13 06:45:42.171,1,2,Read Discrete Inputs,4,12,52793,0.477
2026-09-13 06:45:42.195,1,2,Read Discrete Inputs,512,185,47289,0.024
2026-09-13 06:45:45.671,1,2,Read Discrete Inputs,4,12,52793,0.477
2026-09-13 06:45:45.695,1,2,Read Discrete Inputs,512,185,47289,0.024
2026-09-13 06:45:49.171,1,2,Read Discrete Inputs,4,12,52793,0.477
2026-09-13 06:45:49.196,1,2,Read Discrete Inputs,512,185,47289,0.025
2026-09-13 06:45:52.671,1,2,Read Discrete Inputs,4,12,52793,0.477
2026-09-13 06:45:52.696,1,2,Read Discrete Inputs,513,184,10424,0.025
2026-09-13 06:45:56.171,1,2,Read Discrete Inputs,4,12,52793,0.477
2026-09-13 06:45:56.196,1,2,Read Discrete Inputs,512,185,47289,0.025
2026-09-13 06:45:59.671,1,2,Read Discrete Inputs,4,12,52793,0.476
2026-09-13 06:45:59.696,1,2,Read Discrete Inputs,512,185,47289,0.025
2026-09-13 06:46:03.171,1,2,Read Discrete Inputs,4,12,52793,0.476
2026-09-13 06:46:03.196,1,2,Read Discrete Inputs,512,185,47289,0.025
2026-09-13 06:46:06.671,1,2,Read Discrete Inputs,4,12,52793,0.476
2026-09-13 06:46:06.696,1,2,Read Discrete Inputs,512,185,47289,0.025
2026-09-13 06:46:10.171,1,2,Read Discrete Inputs,4,12,52793,0.476
2026-09-13 06:46:10.196,1,2,Read Discrete Inputs,513,184,10424,0.025
2026-09-13 06:46:13.671,1,2,Read Discrete Inputs,4,12,52793,0.476
2026-09-13 06:46:13.696,1,2,Read Discrete Inputs,512,185,47289,0.025
2026-09-13 06:46:17.171,1,2,Read Discrete Inputs,4,12,52793,0.476
2026-09-13 06:46:17.196,1,2,Read Discrete Inputs,512,185,47289,0.025
2026-09-13 06:46:20.671,1,2,Read Discrete Inputs,4,12,52793,0.476
2026-09-13 06:46:20.696,1,2,Read Discrete Inputs,513,184,10424,0.025
2026-09-13 06:46:24.171,1,2,Read Discrete Inputs,4,12,52793,0.476
2026-09-13 06:46:24.196,1,2,Read Discrete Inputs,512,185,47289,0.025
2026-09-13 06:46:27.672,1,2,Read Discrete Inputs,4,12,52793,0.477
2026-09-13 06:46:27.696,1,2,Read Discrete Inputs,512,185,47289,0.024
2026-09-13 06:46:31.172,1,2,Read Discrete Inputs,4,12,52793,0.477
2026-09-13 06:46:31.196,1,2,Read Discrete Inputs,512,185,47289,0.024
2026-09-13 06:46:34.672,1,2,Read Discrete Inputs,4,12,52793,0.477
2026-09-13 06:46:34.696,1,2,Read Discrete Inputs,513,184,10424,0.024
2026-09-13 06:46:38.172,1,2,Read Discrete Inputs,4,12,52793,0.477
2026-09-13 06:46:38.196,1,2,Read Discrete Inputs,512,185,47289,0.024
2026-09-13 06:46:41.672,1,2,Read Discrete Inputs,4,12,52793,0.477
2026-09-13 06:46:41.697,1,2,Read Discrete Inputs,513,184,10424,0.025
2026-09-13 06:46:45.172,1,2,Read Discrete Inputs,4,12,52793,0.477
2026-09-13 06:46:45.197,1,2,Read Discrete Inputs,512,185,47289,0.025
2026-09-13 06:46:48.672,1,2,Read Discrete Inputs,4,12,52793,0.476
2026-09-13 06:46:48.697,1,2,Read Discrete Inputs,512,185,47289,0.025
2026-09-13 06:46:52.172,1,2,Read Discrete Inputs,4,12,52793,0.476
2026-09-13 06:46:52.197,1,2,Read Discrete Inputs,512,185,47289,0.025
2026-09-13 06:46:55.971,1,2,Read Discrete Inputs,4,12,52793,0.476
2026-09-13 06:46:55.996,1,2,Read Discrete Inputs,512,185,47289,0.025
2026-09-13 06:46:59.471,1,2,Read Discrete Inputs,4,12,52793,0.476
2026-09-13 06:46:59.496,1,2,Read Discrete Inputs,512,185,47289,0.025
2026-09-13 06:47:02.971,1,2,Read Discrete Inputs,4,12,52793,0.476
2026-09-13 06:47:02.996,1,2,Read Discrete Inputs,512,185,47289,0.025
2026-09-13 06:47:06.471,1,2,Read Discrete Inputs,4,12,52793,0.476
2026-09-13 06:47:06.496,1,2,Read Discrete Inputs,512,185,47289,0.025
2026-09-13 06:47:09.971,1,2,Read Discrete Inputs,4,12,52793,0.476
2026-09-13 06:47:09.996,1,2,Read Discrete Inputs,512,185,47289,0.025
2026-09-13 06:47:13.471,1,2,Read Discrete Inputs,4,12,52793,0.476
2026-09-13 06:47:13.496,1,2,Read Discrete Inputs,512,185,47289,0.025
2026-09-13 06:47:16.972,1,2,Read Discrete Inputs,4,12,52793,0.477
2026-09-13 06:47:16.996,1,2,Read Discrete Inputs,512,185,47289,0.024
2026-09-13 06:47:20.472,1,2,Read Discrete Inputs,4,12,52793,0.477
2026-09-13 06:47:20.496,1,2,Read Discrete Inputs,513,184,10424,0.024
2026-09-13 06:47:23.972,1,2,Read Discrete Inputs,4,12,52793,0.477
2026-09-13 06:47:23.996,1,2,Read Discrete Inputs,512,185,47289,0.024
2026-09-13 06:47:27.472,1,2,Read Discrete Inputs,4,12,52793,0.477
2026-09-13 06:47:27.496,1,2,Read Discrete Inputs,513,184,10424,0.024
2026-09-13 06:47:30.972,1,2,Read Discrete Inputs,4,12,52793,0.477
2026-09-13 06:47:30.997,1,2,Read Discrete Inputs,513,184,10424,0.025
2026-09-13 06:47:34.472,1,2,Read Discrete Inputs,4,12,52793,0.477
2026-09-13 06:47:34.497,1,2,Read Discrete Inputs,513,184,10424,0.025
2026-09-13 06:47:37.983,1,2,Read Discrete Inputs,4,12,52793,0.477
2026-09-13 06:47:38.008,1,2,Read Discrete Inputs,512,185,47289,0.025
2026-09-13 06:47:41.483,1,2,Read Discrete Inputs,4,12,52793,0.476
2026-09-13 06:47:41.508,1,2,Read Discrete Inputs,512,185,47289,0.025
2026-09-13 06:47:44.983,1,2,Read Discrete Inputs,4,12,52793,0.476
2026-09-13 06:47:45.008,1,2,Read Discrete Inputs,512,185,47289,0.025
2026-09-13 06:47:48.483,1,2,Read Discrete Inputs,4,12,52793,0.476
2026-09-13 06:47:48.508,1,2,Read Discrete Inputs,512,185,47289,0.025
2026-09-13 06:47:51.983,1,2,Read Discrete Inputs,4,12,52793,0.476
2026-09-13 06:47:52.008,1,2,Read Discrete Inputs,513,184,10424,0.025
2026-09-13 06:47:55.483,1,2,Read Discrete Inputs,4,12,52793,0.476
2026-09-13 06:47:55.508,1,2,Read Discrete Inputs,512,185,47289,0.025
2026-09-13 06:47:58.983,1,2,Read Discrete Inputs,4,12,52793,0.476
2026-09-13 06:47:59.008,1,2,Read Discrete Inputs,512,185,47289,0.025
2026-09-13 06:48:02.483,1,2,Read Discrete Inputs,4,12,52793,0.476
2026-09-13 06:48:02.508,1,2,Read Discrete Inputs,512,185,47289,0.025
2026-09-13 06:48:05.984,1,2,Read Discrete Inputs,4,12,52793,0.477
2026-09-13 06:48:06.008,1,2,Read Discrete Inputs,513,184,10424,0.024
2026-09-13 06:48:09.484,1,2,Read Discrete Inputs,4,12,52793,0.477
2026-09-13 06:48:09.508,1,2,Read Discrete Inputs,512,185,47289,0.024
2026-09-13 06:48:12.984,1,2,Read Discrete Inputs,4,12,52793,0.477
2026-09-13 06:48:13.009,1,2,Read Discrete Inputs,512,185,47289,0.025
2026-09-13 06:48:16.484,1,2,Read Discrete Inputs,4,12,52793,0.477
2026-09-13 06:48:16.509,1,2,Read Discrete Inputs,513,184,10424,0.025
2026-09-13 06:48:19.984,1,2,Read Discrete Inputs,4,12,52793,0.477
2026-09-13 06:48:20.009,1,2,Read Discrete Inputs,512,185,47289,0.025
2026-09-13 06:48:23.484,1,2,Read Discrete Inputs,4,12,52793,0.477
2026-09-13 06:48:23.509,1,2,Read Discrete Inputs,512,185,47289,0.025
2026-09-13 06:48:26.984,1,2,Read Discrete Inputs,4,12,52793,0.476
2026-09-13 06:48:27.009,1,2,Read Discrete Inputs,512,185,47289,0.025
2026-09-13 06:48:30.484,1,2,Read Discrete Inputs,4,12,52793,0.476
2026-09-13 06:48:30.509,1,2,Read Discrete Inputs,512,185,47289,0.025
2026-09-13 06:48:33.984,1,2,Read Discrete Inputs,4,12,52793,0.476
2026-09-13 06:48:34.009,1,2,Read Discrete Inputs,512,185,47289,0.025
2026-09-13 06:48:37.484,1,2,Read Discrete Inputs,4,12,52793,0.476
2026-09-13 06:48:37.509,1,2,Read Discrete Inputs,512,185,47289,0.025
2026-09-13 06:48:40.984,1,2,Read Discrete Inputs,4,12,52793,0.476
2026-09-13 06:48:41.009,1,2,Read Discrete Inputs,512,185,47289,0.025
2026-09-13 06:48:44.484,1,2,Read Discrete Inputs,4,12,52793,0.476
2026-09-13 06:48:44.509,1,2,Read Discrete Inputs,512,185,47289,0.025
2026-09-13 06:48:47.984,1,2,Read Discrete Inputs,4,12,52793,0.476
2026-09-13 06:48:48.009,1,2,Read Discrete Inputs,512,185,47289,0.025
2026-09-13 06:48:51.484,1,2,Read Discrete Inputs,4,12,52793,0.476
2026-09-13 06:48:51.509,1,2,Read Discrete Inputs,512,185,47289,0.025
2026-09-13 06:48:54.985,1,2,Read Discrete Inputs,4,12,52793,0.477
2026-09-13 06:48:55.009,1,2,Read Discrete Inputs,513,184,10424,0.024
2026-09-13 06:48:58.485,1,2,Read Discrete Inputs,4,12,52793,0.477
2026-09-13 06:48:58.509,1,2,Read Discrete Inputs,513,184,10424,0.024
2026-09-13 06:49:01.985,1,2,Read Discrete Inputs,4,12,52793,0.477
2026-09-13 06:49:02.009,1,2,Read Discrete Inputs,513,184,10424,0.024
2026-09-13 06:49:05.485,1,2,Read Discrete Inputs,4,12,52793,0.477
2026-09-13 06:49:05.510,1,2,Read Discrete Inputs,512,185,47289,0.025
2026-09-13 06:49:08.992,1,2,Read Discrete Inputs,4,12,52793,0.477
2026-09-13 06:49:09.017,1,2,Read Discrete Inputs,512,185,47289,0.025
2026-09-13 06:49:12.492,1,2,Read Discrete Inputs,4,12,52793,0.476
2026-09-13 06:49:12.517,1,2,Read Discrete Inputs,513,184,10424,0.025
2026-09-13 06:49:15.992,1,2,Read Discrete Inputs,4,12,52793,0.476
2026-09-13 06:49:16.017,1,2,Read Discrete Inputs,512,185,47289,0.025
2026-09-13 06:49:19.492,1,2,Read Discrete Inputs,4,12,52793,0.476
2026-09-13 06:49:19.517,1,2,Read Discrete Inputs,513,184,10424,0.025
2026-09-13 06:49:22.992,1,2,Read Discrete Inputs,4,12,52793,0.476
2026-09-13 06:49:23.017,1,2,Read Discrete Inputs,513,184,10424,0.025
2026-09-13 06:49:26.492,1,2,Read Discrete Inputs,4,12,52793,0.476
2026-09-13 06:49:26.517,1,2,Read Discrete Inputs,512,185,47289,0.025
2026-09-13 06:49:29.992,1,2,Read Discrete Inputs,4,12,52793,0.476
2026-09-13 06:49:30.017,1,2,Read Discrete Inputs,513,184,10424,0.025
2026-09-13 06:49:33.492,1,2,Read Discrete Inputs,4,12,52793,0.476
2026-09-13 06:49:33.517,1,2,Read Discrete Inputs,513,184,10424,0.025
2026-09-13 06:49:36.992,1,2,Read Discrete Inputs,4,12,52793,0.476
2026-09-13 06:49:37.017,1,2,Read Discrete Inputs,513,184,10424,0.025
2026-09-13 06:49:40.493,1,2,Read Discrete Inputs,4,12,52793,0.477
2026-09-13 06:49:40.517,1,2,Read Discrete Inputs,513,184,10424,0.024
2026-09-13 06:49:43.993,1,2,Read Discrete Inputs,4,12,52793,0.477
2026-09-13 06:49:44.017,1,2,Read Discrete Inputs,513,184,10424,0.024
2026-09-13 06:49:47.493,1,2,Read Discrete Inputs,4,12,52793,0.477
2026-09-13 06:49:47.517,1,2,Read Discrete Inputs,513,184,10424,0.024
2026-09-13 06:49:50.993,1,2,Read Discrete Inputs,4,12,52793,0.477
2026-09-13 06:49:51.017,1,2,Read Discrete Inputs,512,185,47289,0.024
2026-09-13 06:49:54.493,1,2,Read Discrete Inputs,4,12,52793,0.477
2026-09-13 06:49:54.518,1,2,Read Discrete Inputs,512,185,47289,0.025
2026-09-13 06:49:57.993,1,2,Read Discrete Inputs,4,12,52793,0.476
2026-09-13 06:49:58.018,1,2,Read Discrete Inputs,513,184,10424,0.025
2026-09-13 06:50:01.493,1,2,Read Discrete Inputs,4,12,52793,0.476
2026-09-13 06:50:01.518,1,2,Read Discrete Inputs,512,185,47289,0.025
2026-09-13 06:50:04.993,1,2,Read Discrete Inputs,4,12,52793,0.476
2026-09-13 06:50:05.018,1,2,Read Discrete Inputs,512,185,47289,0.025
2026-09-13 06:50:08.493,1,2,Read Discrete Inputs,4,12,52793,0.476
2026-09-13 06:50:08.518,1,2,Read Discrete Inputs,512,185,47289,0.025
2026-09-13 06:50:11.993,1,2,Read Discrete Inputs,4,12,52793,0.476
2026-09-13 06:50:12.018,1,2,Read Discrete Inputs,513,184,10424,0.025
2026-09-13 06:50:15.493,1,2,Read Discrete Inputs,4,12,52793,0.476
2026-09-13 06:50:15.518,1,2,Read Discrete Inputs,513,184,10424,0.025
2026-09-13 06:50:18.993,1,2,Read Discrete Inputs,4,12,52793,0.476
2026-09-13 06:50:19.018,1,2,Read Discrete Inputs,513,184,10424,0.025
2026-09-13 06:50:22.493,1,2,Read Discrete Inputs,4,12,52793,0.476
2026-09-13 06:50:22.518,1,2,Read Discrete Inputs,512,185,47289,0.025
2026-09-13 06:50:25.993,1,2,Read Discrete Inputs,4,12,52793,0.476
2026-09-13 06:50:26.018,1,2,Read Discrete Inputs,512,185,47289,0.025
2026-09-13 06:50:29.494,1,2,Read Discrete Inputs,4,12,52793,0.477
2026-09-13 06:50:29.518,1,2,Read Discrete Inputs,513,184,10424,0.024
2026-09-13 06:50:32.994,1,2,Read Discrete Inputs,4,12,52793,0.477
2026-09-13 06:50:33.018,1,2,Read Discrete Inputs,513,184,10424,0.024
2026-09-13 06:50:36.494,1,2,Read Discrete Inputs,4,12,52793,0.477
2026-09-13 06:50:36.518,1,2,Read Discrete Inputs,512,185,47289,0.024
2026-09-13 06:50:39.994,1,2,Read Discrete Inputs,4,12,52793,0.477
2026-09-13 06:50:40.018,1,2,Read Discrete Inputs,513,184,10424,0.024
2026-09-13 06:50:43.494,1,2,Read Discrete Inputs,4,12,52793,0.477
2026-09-13 06:50:43.519,1,2,Read Discrete Inputs,513,184,10424,0.025
2026-09-13 06:50:46.994,1,2,Read Discrete Inputs,4,12,52793,0.477
2026-09-13 06:50:47.019,1,2,Read Discrete Inputs,512,185,47289,0.025
2026-09-13 06:50:50.494,1,2,Read Discrete Inputs,4,12,52793,0.198
2026-09-13 06:50:50.519,1,2,Read Discrete Inputs,513,184,10424,0.025
2026-09-13 06:50:53.994,1,2,Read Discrete Inputs,4,12,52793,0.476
2026-09-13 06:50:54.019,1,2,Read Discrete Inputs,513,184,10424,0.025
2026-09-13 06:50:57.494,1,2,Read Discrete Inputs,4,12,52793,0.476
2026-09-13 06:50:57.519,1,2,Read Discrete Inputs,512,185,47289,0.025
2026-09-13 06:51:00.994,1,2,Read Discrete Inputs,4,12,52793,0.476
2026-09-13 06:51:01.019,1,2,Read Discrete Inputs,512,185,47289,0.025
2026-09-13 06:51:04.494,1,2,Read Discrete Inputs,4,12,52793,0.476
2026-09-13 06:51:04.519,1,2,Read Discrete Inputs,513,184,10424,0.025
2026-09-13 06:51:07.994,1,2,Read Discrete Inputs,4,12,52793,0.476
2026-09-13 06:51:08.019,1,2,Read Discrete Inputs,512,185,47289,0.025
2026-09-13 06:51:11.494,1,2,Read Discrete Inputs,4,12,52793,0.476
2026-09-13 06:51:11.519,1,2,Read Discrete Inputs,513,184,10424,0.025
2026-09-13 06:51:14.994,1,2,Read Discrete Inputs,4,12,52793,0.476
2026-09-13 06:51:15.019,1,2,Read Discrete Inputs,512,185,47289,0.025
2026-09-13 06:51:18.495,1,2,Read Discrete Inputs,4,12,52793,0.477
2026-09-13 06:51:18.519,1,2,Read Discrete Inputs,512,185,47289,0.024
2026-09-13 06:51:21.995,1,2,Read Discrete Inputs,4,12,52793,0.477
2026-09-13 06:51:22.019,1,2,Read Discrete Inputs,512,185,47289,0.024
2026-09-13 06:51:25.495,1,2,Read Discrete Inputs,4,12,52793,0.477
2026-09-13 06:51:25.520,1,2,Read Discrete Inputs,513,184,10424,0.025
2026-09-13 06:51:28.995,1,2,Read Discrete Inputs,4,12,52793,0.477
2026-09-13 06:51:29.020,1,2,Read Discrete Inputs,512,185,47289,0.025
2026-09-13 06:51:32.495,1,2,Read Discrete Inputs,4,12,52793,0.476
2026-09-13 06:51:32.520,1,2,Read Discrete Inputs,513,184,10424,0.025
2026-09-13 06:51:35.995,1,2,Read Discrete Inputs,4,12,52793,0.476
2026-09-13 06:51:36.020,1,2,Read Discrete Inputs,513,184,10424,0.025
2026-09-13 06:51:39.495,1,2,Read Discrete Inputs,4,12,52793,0.476
2026-09-13 06:51:39.520,1,2,Read Discrete Inputs,513,184,10424,0.025
2026-09-13 06:51:42.995,1,2,Read Discrete Inputs,4,12,52793,0.476
2026-09-13 06:51:43.020,1,2,Read Discrete Inputs,512,185,47289,0.025
2026-09-13 06:51:46.495,1,2,Read Discrete Inputs,4,12,52793,0.476
2026-09-13 06:51:46.520,1,2,Read Discrete Inputs,512,185,47289,0.025
2026-09-13 06:51:49.995,1,2,Read Discrete Inputs,4,12,52793,0.476
2026-09-13 06:51:50.020,1,2,Read Discrete Inputs,512,185,47289,0.025
2026-09-13 06:51:53.495,1,2,Read Discrete Inputs,4,12,52793,0.476
2026-09-13 06:51:53.520,1,2,Read Discrete Inputs,513,184,10424,0.025
2026-09-13 06:51:56.995,1,2,Read Discrete Inputs,4,12,52793,0.476
2026-09-13 06:51:57.020,1,2,Read Discrete Inputs,512,185,47289,0.025
2026-09-13 06:52:00.495,1,2,Read Discrete Inputs,4,12,52793,0.476
2026-09-13 06:52:00.520,1,2,Read Discrete Inputs,512,185,47289,0.025
2026-09-13 06:52:03.996,1,2,Read Discrete Inputs,4,12,52793,0.477
2026-09-13 06:52:04.020,1,2,Read Discrete Inputs,513,184,10424,0.024
2026-09-13 06:52:07.496,1,2,Read Discrete Inputs,4,12,52793,0.477
2026-09-13 06:52:07.520,1,2,Read Discrete Inputs,512,185,47289,0.024
2026-09-13 06:52:10.996,1,2,Read Discrete Inputs,4,12,52793,0.477
2026-09-13 06:52:11.020,1,2,Read Discrete Inputs,512,185,47289,0.024
2026-09-13 06:52:14.496,1,2,Read Discrete Inputs,4,12,52793,0.477
2026-09-13 06:52:14.521,1,2,Read Discrete Inputs,512,185,47289,0.025
2026-09-13 06:52:17.996,1,2,Read Discrete Inputs,4,12,52793,0.477
2026-09-13 06:52:18.021,1,2,Read Discrete Inputs,512,185,47289,0.025
2026-09-13 06:52:21.496,1,2,Read Discrete Inputs,4,12,52793,0.476
2026-09-13 06:52:21.521,1,2,Read Discrete Inputs,513,184,10424,0.025
2026-09-13 06:52:24.996,1,2,Read Discrete Inputs,4,12,52793,0.476
2026-09-13 06:52:25.021,1,2,Read Discrete Inputs,512,185,47289,0.025
2026-09-13 06:52:28.496,1,2,Read Discrete Inputs,4,12,52793,0.476
2026-09-13 06:52:28.521,1,2,Read Discrete Inputs,512,185,47289,0.025
2026-09-13 06:52:31.996,1,2,Read Discrete Inputs,4,12,52793,0.476
2026-09-13 06:52:32.021,1,2,Read Discrete Inputs,513,184,10424,0.025
2026-09-13 06:52:35.496,1,2,Read Discrete Inputs,4,12,52793,0.476
2026-09-13 06:52:35.521,1,2,Read Discrete Inputs,513,184,10424,0.025
2026-09-13 06:52:38.996,1,2,Read Discrete Inputs,4,12,52793,0.476
2026-09-13 06:52:39.021,1,2,Read Discrete Inputs,512,185,47289,0.025
2026-09-13 06:52:42.496,1,2,Read Discrete Inputs,4,12,52793,0.476
2026-09-13 06:52:42.521,1,2,Read Discrete Inputs,512,185,47289,0.025
2026-09-13 06:52:45.996,1,2,Read Discrete Inputs,4,12,52793,0.476
2026-09-13 06:52:46.021,1,2,Read Discrete Inputs,512,185,47289,0.025
2026-09-13 06:52:49.496,1,2,Read Discrete Inputs,4,12,52793,0.476
2026-09-13 06:52:49.521,1,2,Read Discrete Inputs,512,185,47289,0.025
2026-09-13 06:52:52.997,1,2,Read Discrete Inputs,4,12,52793,0.477
2026-09-13 06:52:53.021,1,2,Read Discrete Inputs,513,184,10424,0.024
2026-09-13 06:52:56.497,1,2,Read Discrete Inputs,4,12,52793,0.477
2026-09-13 06:52:56.521,1,2,Read Discrete Inputs,512,185,47289,0.024
2026-09-13 06:52:59.997,1,2,Read Discrete Inputs,4,12,52793,0.477
2026-09-13 06:53:00.021,1,2,Read Discrete Inputs,513,184,10424,0.024
2026-09-13 06:53:03.497,1,2,Read Discrete Inputs,4,12,52793,0.477
2026-09-13 06:53:03.522,1,2,Read Discrete Inputs,512,185,47289,0.025
2026-09-13 06:53:06.997,1,2,Read Discrete Inputs,4,12,52793,0.477
2026-09-13 06:53:07.022,1,2,Read Discrete Inputs,513,184,10424,0.025
2026-09-13 06:53:10.497,1,2,Read Discrete Inputs,4,12,52793,0.477
2026-09-13 06:53:10.522,1,2,Read Discrete Inputs,512,185,47289,0.025
2026-09-13 06:53:13.997,1,2,Read Discrete Inputs,4,12,52793,0.476
2026-09-13 06:53:14.022,1,2,Read Discrete Inputs,512,185,47289,0.025
2026-09-13 06:53:17.497,1,2,Read Discrete Inputs,4,12,52793,0.476
2026-09-13 06:53:17.522,1,2,Read Discrete Inputs,512,185,47289,0.025
2026-09-13 06:53:20.997,1,2,Read Discrete Inputs,4,12,52793,0.476
2026-09-13 06:53:21.022,1,2,Read Discrete Inputs,512,185,47289,0.025
2026-09-13 06:53:24.497,1,2,Read Discrete Inputs,4,12,52793,0.476
2026-09-13 06:53:24.522,1,2,Read Discrete Inputs,513,184,10424,0.025
2026-09-13 06:53:27.997,1,2,Read Discrete Inputs,4,12,52793,0.476
2026-09-13 06:53:28.022,1,2,Read Discrete Inputs,513,184,10424,0.025
2026-09-13 06:53:31.497,1,2,Read Discrete Inputs,4,12,52793,0.476
2026-09-13 06:53:31.522,1,2,Read Discrete Inputs,512,185,47289,0.025
2026-09-13 06:53:34.997,1,2,Read Discrete Inputs,4,12,52793,0.476
2026-09-13 06:53:35.022,1,2,Read Discrete Inputs,512,185,47289,0.025
2026-09-13 06:53:38.498,1,2,Read Discrete Inputs,4,12,52793,0.477
2026-09-13 06:53:38.522,1,2,Read Discrete Inputs,513,184,10424,0.024
2026-09-13 06:53:41.998,1,2,Read Discrete Inputs,4,12,52793,0.477
2026-09-13 06:53:42.022,1,2,Read Discrete Inputs,513,184,10424,0.024
2026-09-13 06:53:45.498,1,2,Read Discrete Inputs,4,12,52793,0.477
2026-09-13 06:53:45.522,1,2,Read Discrete Inputs,512,185,47289,0.024
2026-09-13 06:53:48.998,1,2,Read Discrete Inputs,4,12,52793,0.477
2026-09-13 06:53:49.022,1,2,Read Discrete Inputs,513,184,10424,0.024
2026-09-13 06:53:52.498,1,2,Read Discrete Inputs,4,12,52793,0.477
2026-09-13 06:53:52.523,1,2,Read Discrete Inputs,513,184,10424,0.025
2026-09-13 06:53:55.998,1,2,Read Discrete Inputs,4,12,52793,0.477
2026-09-13 06:53:56.023,1,2,Read Discrete Inputs,513,184,10424,0.025
2026-09-13 06:53:59.498,1,2,Read Discrete Inputs,4,12,52793,0.476
2026-09-13 06:53:59.523,1,2,Read Discrete Inputs,512,185,47289,0.025
2026-09-13 06:54:02.998,1,2,Read Discrete Inputs,4,12,52793,0.476
2026-09-13 06:54:03.023,1,2,Read Discrete Inputs,512,185,47289,0.025
2026-09-13 06:54:06.498,1,2,Read Discrete Inputs,4,12,52793,0.476
2026-09-13 06:54:06.523,1,2,Read Discrete Inputs,513,184,10424,0.025
2026-09-13 06:54:09.998,1,2,Read Discrete Inputs,4,12,52793,0.476
2026-09-13 06:54:10.023,1,2,Read Discrete Inputs,513,184,10424,0.025
2026-09-13 06:54:13.498,1,2,Read Discrete Inputs,4,12,52793,0.476
2026-09-13 06:54:13.523,1,2,Read Discrete Inputs,513,184,10424,0.025
2026-09-13 06:54:16.998,1,2,Read Discrete Inputs,4,12,52793,0.476
2026-09-13 06:54:17.023,1,2,Read Discrete Inputs,513,184,10424,0.025
2026-09-13 06:54:20.498,1,2,Read Discrete Inputs,4,12,52793,0.476
2026-09-13 06:54:20.523,1,2,Read Discrete Inputs,513,184,10424,0.025
2026-09-13 06:54:23.998,1,2,Read Discrete Inputs,4,12,52793,0.476
2026-09-13 06:54:24.023,1,2,Read Discrete Inputs,512,185,47289,0.025
2026-09-13 06:54:27.499,1,2,Read Discrete Inputs,4,12,52793,0.477
2026-09-13 06:54:27.523,1,2,Read Discrete Inputs,513,184,10424,0.024
2026-09-13 06:54:30.999,1,2,Read Discrete Inputs,4,12,52793,0.477
2026-09-13 06:54:31.023,1,2,Read Discrete Inputs,512,185,47289,0.024
2026-09-13 06:54:34.499,1,2,Read Discrete Inputs,4,12,52793,0.477
2026-09-13 06:54:34.524,1,2,Read Discrete Inputs,513,184,10424,0.025
2026-09-13 06:54:37.999,1,2,Read Discrete Inputs,4,12,52793,0.477
2026-09-13 06:54:38.024,1,2,Read Discrete Inputs,513,184,10424,0.025
2026-09-13 06:54:41.499,1,2,Read Discrete Inputs,4,12,52793,0.477
2026-09-13 06:54:41.524,1,2,Read Discrete Inputs,512,185,47289,0.025
2026-09-13 06:54:44.999,1,2,Read Discrete Inputs,4,12,52793,0.476
2026-09-13 06:54:45.024,1,2,Read Discrete Inputs,512,185,47289,0.025
2026-09-13 06:54:48.499,1,2,Read Discrete Inputs,4,12,52793,0.476
2026-09-13 06:54:48.524,1,2,Read Discrete Inputs,512,185,47289,0.025
2026-09-13 06:54:51.999,1,2,Read Discrete Inputs,4,12,52793,0.476
2026-09-13 06:54:52.024,1,2,Read Discrete Inputs,513,184,10424,0.025
2026-09-13 06:54:55.499,1,2,Read Discrete Inputs,4,12,52793,0.476
2026-09-13 06:54:55.524,1,2,Read Discrete Inputs,512,185,47289,0.025
2026-09-13 06:54:58.999,1,2,Read Discrete Inputs,4,12,52793,0.476
2026-09-13 06:54:59.024,1,2,Read Discrete Inputs,513,184,10424,0.025
2026-09-13 06:55:02.499,1,2,Read Discrete Inputs,4,12,52793,0.476
2026-09-13 06:55:02.524,1,2,Read Discrete Inputs,513,184,10424,0.025
2026-09-13 06:55:06.000,1,2,Read Discrete Inputs,4,12,52793,0.475
2026-09-13 06:55:06.026,1,2,Read Discrete Inputs,512,185,47289,0.026
2026-09-13 06:55:09.500,1,2,Read Discrete Inputs,4,12,52793,0.476
2026-09-13 06:55:09.525,1,2,Read Discrete Inputs,512,185,47289,0.025
2026-09-13 06:55:13.001,1,2,Read Discrete Inputs,4,12,52793,0.477
2026-09-13 06:55:13.025,1,2,Read Discrete Inputs,513,184,10424,0.024
2026-09-13 06:55:16.501,1,2,Read Discrete Inputs,4,12,52793,0.477
2026-09-13 06:55:16.525,1,2,Read Discrete Inputs,513,184,10424,0.024
2026-09-13 06:55:20.001,1,2,Read Discrete Inputs,4,12,52793,0.477
2026-09-13 06:55:20.026,1,2,Read Discrete Inputs,512,185,47289,0.025
2026-09-13 06:55:23.501,1,2,Read Discrete Inputs,4,12,52793,0.477
2026-09-13 06:55:23.526,1,2,Read Discrete Inputs,513,184,10424,0.025
2026-09-13 06:55:27.001,1,2,Read Discrete Inputs,4,12,52793,0.477
2026-09-13 06:55:27.026,1,2,Read Discrete Inputs,513,184,10424,0.025
